graph_idx,node_type,node_idx,method,sparsity_target,mask_baseline_mode,ig_baseline_mode,pred_orig,pred_drop,pred_keep,target,error_orig,error_drop,error_keep,fid_plus_model,fid_minus_model,fid_plus_error_delta,fid_minus_error_delta,n_features,k_features,actual_sparsity_feat,n_features_target,k_features_target
50,H,0,gnnexplainer,0.6,zero,scientific,-0.18866461515426636,-0.07014411687850952,-0.2719387114048004,-0.18572446703910828,0.002940148115158081,0.11558035016059875,0.08621424436569214,0.11852049827575684,0.08327409625053406,0.11264020204544067,0.08327409625053406,498,208,0.5823293172690763,33,14
50,H,0,integrated_gradients,0.6,zero,scientific,-0.18866461515426636,-0.11809543520212173,-0.19011643528938293,-0.18572446703910828,0.002940148115158081,0.06762903183698654,0.004391968250274658,0.07056917995214462,0.0014518201351165771,0.06468888372182846,0.0014518201351165771,498,208,0.5823293172690763,33,14
50,H,1,gnnexplainer,0.6,zero,scientific,-0.19408667087554932,-0.06495334208011627,-0.2852506935596466,-0.1745053380727768,0.019581332802772522,0.10955199599266052,0.11074535548686981,0.12913332879543304,0.09116402268409729,0.089970663189888,0.09116402268409729,498,208,0.5823293172690763,33,14
50,H,1,integrated_gradients,0.6,zero,scientific,-0.19408667087554932,-0.11557522416114807,-0.18807798624038696,-0.1745053380727768,0.019581332802772522,0.05893011391162872,0.013572648167610168,0.07851144671440125,0.0060086846351623535,0.0393487811088562,-0.0060086846351623535,498,208,0.5823293172690763,33,14
50,H,2,gnnexplainer,0.6,zero,scientific,-0.13721123337745667,-0.05816672742366791,-0.26080960035324097,-0.1240059956908226,0.013205237686634064,0.0658392682671547,0.13680360466241837,0.07904450595378876,0.1235983669757843,0.05263403058052063,0.1235983669757843,498,208,0.5823293172690763,33,14
50,H,2,integrated_gradients,0.6,zero,scientific,-0.13721123337745667,-0.13369131088256836,-0.16162782907485962,-0.1240059956908226,0.013205237686634064,0.009685315191745758,0.03762183338403702,0.0035199224948883057,0.024416595697402954,-0.0035199224948883057,0.024416595697402954,498,208,0.5823293172690763,33,14
50,H,3,gnnexplainer,0.6,zero,scientific,-0.06269896030426025,-0.19463586807250977,0.0008938014507293701,-0.029461706057190895,0.03323725424706936,0.16517416201531887,0.030355507507920265,0.1319369077682495,0.06359276175498962,0.1319369077682495,-0.0028817467391490936,498,208,0.5823293172690763,33,14
50,H,3,integrated_gradients,0.6,zero,scientific,-0.06269896030426025,-0.0997677594423294,-0.0720069631934166,-0.029461706057190895,0.03323725424706936,0.07030605338513851,0.0425452571362257,0.03706879913806915,0.009308002889156342,0.03706879913806915,0.009308002889156342,498,208,0.5823293172690763,33,14
50,H,4,gnnexplainer,0.6,zero,scientific,-0.05592544749379158,-0.03318999707698822,-0.16699513792991638,-0.08866342157125473,0.03273797407746315,0.05547342449426651,0.07833171635866165,0.02273545041680336,0.1110696904361248,0.02273545041680336,0.0455937422811985,498,208,0.5823293172690763,33,14
50,H,4,integrated_gradients,0.6,zero,scientific,-0.05592544749379158,-0.09588450938463211,-0.06677636504173279,-0.08866342157125473,0.03273797407746315,0.00722108781337738,0.021887056529521942,0.03995906189084053,0.010850917547941208,-0.02551688626408577,-0.010850917547941208,498,208,0.5823293172690763,33,14
50,H,5,gnnexplainer,0.6,zero,scientific,-0.08462868630886078,-0.24523553252220154,-0.029205866158008575,-0.06410186737775803,0.020526818931102753,0.1811336651444435,0.03489600121974945,0.16060684621334076,0.0554228201508522,0.16060684621334076,0.014369182288646698,498,208,0.5823293172690763,33,14
50,H,5,integrated_gradients,0.6,zero,scientific,-0.08462868630886078,-0.12092307209968567,-0.09995609521865845,-0.06410186737775803,0.020526818931102753,0.05682120472192764,0.03585422784090042,0.03629438579082489,0.015327408909797668,0.03629438579082489,0.015327408909797668,498,208,0.5823293172690763,33,14
50,H,6,gnnexplainer,0.6,zero,scientific,-0.33054494857788086,-0.07559287548065186,-0.4866326153278351,-0.3011716902256012,0.029373258352279663,0.22557881474494934,0.1854609251022339,0.254952073097229,0.15608766674995422,0.19620555639266968,0.15608766674995422,498,208,0.5823293172690763,33,14
50,H,6,integrated_gradients,0.6,zero,scientific,-0.33054494857788086,-0.12204606831073761,-0.3188019096851349,-0.3011716902256012,0.029373258352279663,0.1791256219148636,0.01763021945953369,0.20849888026714325,0.011743038892745972,0.14975236356258392,-0.011743038892745972,498,208,0.5823293172690763,33,14
50,H,7,gnnexplainer,0.6,zero,scientific,-0.3257949948310852,-0.07786092162132263,-0.6023097038269043,-0.362988144159317,0.03719314932823181,0.2851272225379944,0.23932155966758728,0.24793407320976257,0.2765147089958191,0.24793407320976257,0.20212841033935547,498,208,0.5823293172690763,33,14
50,H,7,integrated_gradients,0.6,zero,scientific,-0.3257949948310852,-0.09883520752191544,-0.31024640798568726,-0.362988144159317,0.03719314932823181,0.2641529366374016,0.05274173617362976,0.22695978730916977,0.01554858684539795,0.22695978730916977,0.01554858684539795,498,208,0.5823293172690763,33,14
50,C,0,gnnexplainer,0.6,zero,scientific,-3.4731967449188232,-2.487849235534668,-5.906346797943115,-3.638505220413208,0.16530847549438477,1.15065598487854,2.2678415775299072,0.9853475093841553,2.433150053024292,0.9853475093841553,2.1025331020355225,498,208,0.5823293172690763,39,16
50,C,0,integrated_gradients,0.6,zero,scientific,-3.4731967449188232,-5.238209247589111,-3.0058436393737793,-3.638505220413208,0.16530847549438477,1.5997040271759033,0.6326615810394287,1.765012502670288,0.46735310554504395,1.4343955516815186,0.46735310554504395,498,208,0.5823293172690763,39,16
50,C,1,gnnexplainer,0.6,zero,scientific,-2.626781463623047,-5.7738165855407715,-2.0439341068267822,-2.7032065391540527,0.07642507553100586,3.0706100463867188,0.6592724323272705,3.1470351219177246,0.5828473567962646,2.994184970855713,0.5828473567962646,498,208,0.5823293172690763,39,16
50,C,1,integrated_gradients,0.6,zero,scientific,-2.626781463623047,-5.591049671173096,-2.4912171363830566,-2.7032065391540527,0.07642507553100586,2.887843132019043,0.2119894027709961,2.964268207550049,0.13556432723999023,2.811418056488037,0.13556432723999023,498,208,0.5823293172690763,39,16
50,C,2,gnnexplainer,0.6,zero,scientific,-2.6187326908111572,-1.1252448558807373,-6.388293266296387,-3.0836172103881836,0.46488451957702637,1.9583723545074463,3.304676055908203,1.49348783493042,3.7695605754852295,1.49348783493042,2.8397915363311768,498,208,0.5823293172690763,39,16
50,C,2,integrated_gradients,0.6,zero,scientific,-2.6187326908111572,-4.892291069030762,-2.1408746242523193,-3.0836172103881836,0.46488451957702637,1.8086738586425781,0.9427425861358643,2.2735583782196045,0.4778580665588379,1.3437893390655518,0.4778580665588379,498,208,0.5823293172690763,39,16
50,C,3,gnnexplainer,0.6,zero,scientific,-12.352452278137207,-3.983275890350342,-17.60750961303711,-11.829119682312012,0.5233325958251953,7.84584379196167,5.778389930725098,8.369176387786865,5.255057334899902,7.322511196136475,5.255057334899902,498,208,0.5823293172690763,39,16
50,C,3,integrated_gradients,0.6,zero,scientific,-12.352452278137207,-5.3590569496154785,-11.588234901428223,-11.829119682312012,0.5233325958251953,6.470062732696533,0.24088478088378906,6.9933953285217285,0.7642173767089844,5.946730136871338,-0.28244781494140625,498,208,0.5823293172690763,39,16
50,C,4,gnnexplainer,0.6,zero,scientific,-12.56570053100586,-4.821058750152588,-16.314775466918945,-12.671215057373047,0.1055145263671875,7.850156307220459,3.6435604095458984,7.7446417808532715,3.749074935913086,7.7446417808532715,3.538045883178711,498,208,0.5823293172690763,39,16
50,C,4,integrated_gradients,0.6,zero,scientific,-12.56570053100586,-4.947406768798828,-12.556907653808594,-12.671215057373047,0.1055145263671875,7.723808288574219,0.11430740356445312,7.618293762207031,0.008792877197265625,7.618293762207031,0.008792877197265625,498,208,0.5823293172690763,39,16
50,C,5,gnnexplainer,0.6,zero,scientific,-1.2540905475616455,-6.025889873504639,-0.4590070843696594,-1.9315294027328491,0.6774388551712036,4.0943604707717896,1.4725223183631897,4.771799325942993,0.7950834631919861,3.416921615600586,0.7950834631919861,498,208,0.5823293172690763,39,16
50,C,5,integrated_gradients,0.6,zero,scientific,-1.2540905475616455,-4.817061424255371,-1.1555159091949463,-1.9315294027328491,0.6774388551712036,2.885532021522522,0.7760134935379028,3.5629708766937256,0.09857463836669922,2.2080931663513184,0.09857463836669922,498,208,0.5823293172690763,39,16
170,H,0,gnnexplainer,0.6,zero,scientific,-0.08065252006053925,-0.13199776411056519,-0.032692790031433105,-0.026961499825119972,0.05369102023541927,0.10503626428544521,0.005731290206313133,0.05134524405002594,0.04795973002910614,0.05134524405002594,-0.04795973002910614,662,278,0.5800604229607251,33,14
170,H,0,integrated_gradients,0.6,zero,scientific,-0.08065252006053925,-0.06320174038410187,-0.0826004147529602,-0.026961499825119972,0.05369102023541927,0.036240240558981895,0.05563891492784023,0.017450779676437378,0.0019478946924209595,-0.017450779676437378,0.0019478946924209595,662,278,0.5800604229607251,33,14
170,H,1,gnnexplainer,0.6,zero,scientific,-0.08064423501491547,-0.13139468431472778,-0.03035832941532135,-0.027961499989032745,0.05268273502588272,0.10343318432569504,0.0023968294262886047,0.05075044929981232,0.050285905599594116,0.05075044929981232,-0.050285905599594116,662,278,0.5800604229607251,33,14
170,H,1,integrated_gradients,0.6,zero,scientific,-0.08064423501491547,-0.06320182979106903,-0.08259434998035431,-0.027961499989032745,0.05268273502588272,0.035240329802036285,0.054632849991321564,0.017442405223846436,0.0019501149654388428,-0.017442405223846436,0.0019501149654388428,662,278,0.5800604229607251,33,14
170,H,2,gnnexplainer,0.6,zero,scientific,-0.08063553273677826,-0.13990247249603271,-0.04339563846588135,-0.027961499989032745,0.052674032747745514,0.11194097250699997,0.015434138476848602,0.059266939759254456,0.03723989427089691,0.059266939759254456,-0.03723989427089691,662,278,0.5800604229607251,33,14
170,H,2,integrated_gradients,0.6,zero,scientific,-0.08063553273677826,-0.06319312751293182,-0.08259269595146179,-0.027961499989032745,0.052674032747745514,0.03523162752389908,0.05463119596242905,0.017442405223846436,0.0019571632146835327,-0.017442405223846436,0.0019571632146835327,662,278,0.5800604229607251,33,14
170,H,3,gnnexplainer,0.6,zero,scientific,-0.08062697947025299,-0.106838658452034,-0.03058711439371109,-0.026961499825119972,0.05366547964513302,0.07987715862691402,0.003625614568591118,0.026211678981781006,0.0500398650765419,0.026211678981781006,-0.0500398650765419,662,278,0.5800604229607251,33,14
170,H,3,integrated_gradients,0.6,zero,scientific,-0.08062697947025299,-0.06319325417280197,-0.08258649706840515,-0.026961499825119972,0.05366547964513302,0.036231754347682,0.05562499724328518,0.01743372529745102,0.0019595175981521606,-0.01743372529745102,0.0019595175981521606,662,278,0.5800604229607251,33,14
170,H,4,gnnexplainer,0.6,zero,scientific,-0.07791470736265182,-0.13262242078781128,-0.027673199772834778,-0.027961499989032745,0.04995320737361908,0.10466092079877853,0.00028830021619796753,0.054707713425159454,0.05024150758981705,0.054707713425159454,-0.04966490715742111,662,278,0.5800604229607251,33,14
170,H,4,integrated_gradients,0.6,zero,scientific,-0.07791470736265182,-0.060122549533843994,-0.08146362006664276,-0.027961499989032745,0.04995320737361908,0.03216104954481125,0.053502120077610016,0.01779215782880783,0.0035489127039909363,-0.01779215782880783,0.0035489127039909363,662,278,0.5800604229607251,33,14
170,H,5,gnnexplainer,0.6,zero,scientific,-0.07790467888116837,-0.13645422458648682,-0.042244113981723785,-0.026961499825119972,0.05094317905604839,0.10949272476136684,0.015282614156603813,0.05854954570531845,0.03566056489944458,0.05854954570531845,-0.03566056489944458,662,278,0.5800604229607251,33,14
170,H,5,integrated_gradients,0.6,zero,scientific,-0.07790467888116837,-0.06012257561087608,-0.08145131915807724,-0.026961499825119972,0.05094317905604839,0.03316107578575611,0.05448981933295727,0.017782103270292282,0.0035466402769088745,-0.017782103270292282,0.0035466402769088745,662,278,0.5800604229607251,33,14
170,H,6,gnnexplainer,0.6,zero,scientific,-0.07790350168943405,-0.12967686355113983,-0.04641168564558029,-0.026961499825119972,0.05094200186431408,0.10271536372601986,0.01945018582046032,0.05177336186170578,0.03149181604385376,0.05177336186170578,-0.03149181604385376,662,278,0.5800604229607251,33,14
170,H,6,integrated_gradients,0.6,zero,scientific,-0.07790350168943405,-0.060132160782814026,-0.08145278692245483,-0.026961499825119972,0.05094200186431408,0.033170660957694054,0.05449128709733486,0.017771340906620026,0.0035492852330207825,-0.017771340906620026,0.0035492852330207825,662,278,0.5800604229607251,33,14
170,H,7,gnnexplainer,0.6,zero,scientific,-0.07790827751159668,-0.12410181760787964,-0.04099081829190254,-0.02896150015294552,0.04894677735865116,0.09514031745493412,0.012029318138957024,0.04619354009628296,0.03691745921969414,0.04619354009628296,-0.03691745921969414,662,278,0.5800604229607251,33,14
170,H,7,integrated_gradients,0.6,zero,scientific,-0.07790827751159668,-0.06013263761997223,-0.08146286755800247,-0.02896150015294552,0.04894677735865116,0.03117113746702671,0.05250136740505695,0.01777563989162445,0.0035545900464057922,-0.01777563989162445,0.0035545900464057922,662,278,0.5800604229607251,33,14
170,H,8,gnnexplainer,0.6,zero,scientific,-0.07964935898780823,-0.14774951338768005,-0.04812318831682205,-0.02691764011979103,0.0527317188680172,0.12083187326788902,0.02120554819703102,0.06810015439987183,0.031526170670986176,0.06810015439987183,-0.031526170670986176,662,278,0.5800604229607251,33,14
170,H,8,integrated_gradients,0.6,zero,scientific,-0.07964935898780823,-0.06723657250404358,-0.08430691808462143,-0.02691764011979103,0.0527317188680172,0.04031893238425255,0.0573892779648304,0.012412786483764648,0.004657559096813202,-0.012412786483764648,0.004657559096813202,662,278,0.5800604229607251,33,14
170,H,9,gnnexplainer,0.6,zero,scientific,-0.0796414166688919,-0.14627757668495178,-0.04788931459188461,-0.025917639955878258,0.05372377671301365,0.12035993672907352,0.021971674636006355,0.06663616001605988,0.031752102077007294,0.06663616001605988,-0.031752102077007294,662,278,0.5800604229607251,33,14
170,H,9,integrated_gradients,0.6,zero,scientific,-0.0796414166688919,-0.06723647564649582,-0.08430168777704239,-0.025917639955878258,0.05372377671301365,0.04131883569061756,0.05838404782116413,0.012404941022396088,0.004660271108150482,-0.012404941022396088,0.004660271108150482,662,278,0.5800604229607251,33,14
170,H,10,gnnexplainer,0.6,zero,scientific,-0.07964157313108444,-0.12671926617622375,-0.03698991984128952,-0.025917639955878258,0.053723933175206184,0.1008016262203455,0.011072279885411263,0.04707769304513931,0.04265165328979492,0.04707769304513931,-0.04265165328979492,662,278,0.5800604229607251,33,14
170,H,10,integrated_gradients,0.6,zero,scientific,-0.07964157313108444,-0.06722570955753326,-0.08430180698633194,-0.025917639955878258,0.053723933175206184,0.041308069601655006,0.05838416703045368,0.012415863573551178,0.0046602338552474976,-0.012415863573551178,0.0046602338552474976,662,278,0.5800604229607251,33,14
170,H,11,gnnexplainer,0.6,zero,scientific,-0.07965811342000961,-0.1525178700685501,-0.02276182547211647,-0.02896150015294552,0.050696613267064095,0.12355636991560459,0.006199674680829048,0.0728597566485405,0.05689628794789314,0.0728597566485405,-0.044496938586235046,662,278,0.5800604229607251,33,14
170,H,11,integrated_gradients,0.6,zero,scientific,-0.07965811342000961,-0.06722571700811386,-0.08431579917669296,-0.02896150015294552,0.050696613267064095,0.03826421685516834,0.055354299023747444,0.012432396411895752,0.00465768575668335,-0.012432396411895752,0.00465768575668335,662,278,0.5800604229607251,33,14
170,C,0,gnnexplainer,0.6,zero,scientific,-2.0284276008605957,-5.550595760345459,-0.9425374269485474,-2.175614595413208,0.1471869945526123,3.374981164932251,1.2330771684646606,3.5221681594848633,1.0858901739120483,3.2277941703796387,1.0858901739120483,662,278,0.5800604229607251,39,16
170,C,0,integrated_gradients,0.6,zero,scientific,-2.0284276008605957,-4.100940704345703,-1.342913031578064,-2.175614595413208,0.1471869945526123,1.9253261089324951,0.832701563835144,2.0725131034851074,0.6855145692825317,1.7781391143798828,0.6855145692825317,662,278,0.5800604229607251,39,16
170,C,1,gnnexplainer,0.6,zero,scientific,-2.0285582542419434,-4.469438552856445,-0.8430918455123901,-2.1761586666107178,0.14760041236877441,2.2932798862457275,1.3330668210983276,2.440880298614502,1.1854664087295532,2.145679473876953,1.1854664087295532,662,278,0.5800604229607251,39,16
170,C,1,integrated_gradients,0.6,zero,scientific,-2.0285582542419434,-4.100766181945801,-1.3430304527282715,-2.1761586666107178,0.14760041236877441,1.924607515335083,0.8331282138824463,2.0722079277038574,0.6855278015136719,1.7770071029663086,0.6855278015136719,662,278,0.5800604229607251,39,16
170,C,2,gnnexplainer,0.6,zero,scientific,-2.1927924156188965,-5.315703868865967,-1.2650831937789917,-2.1926145553588867,0.00017786026000976562,3.12308931350708,0.927531361579895,3.1229114532470703,0.9277092218399048,3.1229114532470703,0.9273535013198853,662,278,0.5800604229607251,39,16
170,C,2,integrated_gradients,0.6,zero,scientific,-2.1927924156188965,-4.199492931365967,-1.5936787128448486,-2.1926145553588867,0.00017786026000976562,2.00687837600708,0.5989358425140381,2.0067005157470703,0.5991137027740479,2.0067005157470703,0.5987579822540283,662,278,0.5800604229607251,39,16
170,C,3,gnnexplainer,0.6,zero,scientific,-2.1926939487457275,-4.403921604156494,-1.025192141532898,-2.179614543914795,0.013079404830932617,2.224307060241699,1.154422402381897,2.2112276554107666,1.1675018072128296,2.2112276554107666,1.1413429975509644,662,278,0.5800604229607251,39,16
170,C,3,integrated_gradients,0.6,zero,scientific,-2.1926939487457275,-4.130817413330078,-1.616320013999939,-2.179614543914795,0.013079404830932617,1.9512028694152832,0.563294529914856,1.9381234645843506,0.5763739347457886,1.9381234645843506,0.5502151250839233,662,278,0.5800604229607251,39,16
170,C,4,gnnexplainer,0.6,zero,scientific,-2.0527212619781494,-4.325057506561279,-0.9172629714012146,-2.1881580352783203,0.1354367733001709,2.136899471282959,1.2708950638771057,2.27233624458313,1.1354582905769348,2.001462697982788,1.1354582905769348,662,278,0.5800604229607251,39,16
170,C,4,integrated_gradients,0.6,zero,scientific,-2.0527212619781494,-4.18048620223999,-1.2938880920410156,-2.1881580352783203,0.1354367733001709,1.99232816696167,0.8942699432373047,2.127764940261841,0.7588331699371338,1.856891393661499,0.7588331699371338,662,278,0.5800604229607251,39,16
170,C,5,gnnexplainer,0.6,zero,scientific,-2.0526702404022217,-4.373154640197754,-0.46485477685928345,-2.174614429473877,0.12194418907165527,2.198540210723877,1.7097596526145935,2.3204843997955322,1.5878154635429382,2.0765960216522217,1.5878154635429382,662,278,0.5800604229607251,39,16
170,C,5,integrated_gradients,0.6,zero,scientific,-2.0526702404022217,-4.180217266082764,-1.2939132452011108,-2.174614429473877,0.12194418907165527,2.0056028366088867,0.8807011842727661,2.127547025680542,0.7587569952011108,1.8836586475372314,0.7587569952011108,662,278,0.5800604229607251,39,16
270,H,0,gnnexplainer,0.6,zero,scientific,-0.06326740980148315,-0.3050881028175354,-0.0064057037234306335,-0.04426804184913635,0.018999367952346802,0.26082006096839905,0.03786233812570572,0.24182069301605225,0.05686170607805252,0.24182069301605225,0.018862970173358917,370,155,0.5810810810810811,33,14
270,H,0,integrated_gradients,0.6,zero,scientific,-0.06326740980148315,-0.095670185983181,-0.07329535484313965,-0.04426804184913635,0.018999367952346802,0.05140214413404465,0.029027312994003296,0.032402776181697845,0.010027945041656494,0.032402776181697845,0.010027945041656494,370,155,0.5810810810810811,33,14
270,H,1,gnnexplainer,0.6,zero,scientific,-0.06325238198041916,-0.35721561312675476,-0.018998682498931885,-0.04426804184913635,0.018984340131282806,0.3129475712776184,0.025269359350204468,0.2939632311463356,0.044253699481487274,0.2939632311463356,0.006285019218921661,370,155,0.5810810810810811,33,14
270,H,1,integrated_gradients,0.6,zero,scientific,-0.06325238198041916,-0.09567181766033173,-0.07329224050045013,-0.04426804184913635,0.018984340131282806,0.051403775811195374,0.029024198651313782,0.03241943567991257,0.010039858520030975,0.03241943567991257,0.010039858520030975,370,155,0.5810810810810811,33,14
270,H,2,gnnexplainer,0.6,zero,scientific,-0.11182482540607452,-0.06305418163537979,-0.2912314534187317,-0.1254609227180481,0.013636097311973572,0.062406741082668304,0.1657705307006836,0.04877064377069473,0.17940662801265717,0.04877064377069473,0.15213443338871002,370,155,0.5810810810810811,33,14
270,H,2,integrated_gradients,0.6,zero,scientific,-0.11182482540607452,-0.08094626665115356,-0.1444406509399414,-0.1254609227180481,0.013636097311973572,0.04451465606689453,0.01897972822189331,0.03087855875492096,0.03261582553386688,0.03087855875492096,0.005343630909919739,370,155,0.5810810810810811,33,14
270,H,3,gnnexplainer,0.6,zero,scientific,-0.11181138455867767,-0.05449768155813217,-0.25904422998428345,-0.12491703033447266,0.013105645775794983,0.07041934877634048,0.1341271996498108,0.0573137030005455,0.14723284542560577,0.0573137030005455,0.12102155387401581,370,155,0.5810810810810811,33,14
270,H,3,integrated_gradients,0.6,zero,scientific,-0.11181138455867767,-0.08094269037246704,-0.1445627510547638,-0.12491703033447266,0.013105645775794983,0.043974339962005615,0.019645720720291138,0.030868694186210632,0.03275136649608612,0.030868694186210632,0.006540074944496155,370,155,0.5810810810810811,33,14
270,H,4,gnnexplainer,0.6,zero,scientific,-0.11182227730751038,-0.08673200011253357,-0.23444053530693054,-0.12646092474460602,0.014638647437095642,0.03972892463207245,0.10797961056232452,0.025090277194976807,0.12261825799942017,0.025090277194976807,0.09334096312522888,370,155,0.5810810810810811,33,14
270,H,4,integrated_gradients,0.6,zero,scientific,-0.11182227730751038,-0.08094649016857147,-0.14443911612033844,-0.12646092474460602,0.014638647437095642,0.045514434576034546,0.017978191375732422,0.030875787138938904,0.032616838812828064,0.030875787138938904,0.00333954393863678,370,155,0.5810810810810811,33,14
270,H,5,gnnexplainer,0.6,zero,scientific,-0.11181676387786865,-0.06981367617845535,-0.21310853958129883,-0.12591703236103058,0.014100268483161926,0.056103356182575226,0.08719150722026825,0.0420030876994133,0.10129177570343018,0.0420030876994133,0.07309123873710632,370,155,0.5810810810810811,33,14
270,H,5,integrated_gradients,0.6,zero,scientific,-0.11181676387786865,-0.08094270527362823,-0.1444230079650879,-0.12591703236103058,0.014100268483161926,0.044974327087402344,0.018505975604057312,0.030874058604240417,0.03260624408721924,0.030874058604240417,0.004405707120895386,370,155,0.5810810810810811,33,14
270,C,0,gnnexplainer,0.6,zero,scientific,-0.8327508568763733,-5.524205684661865,-0.37730175256729126,-0.4850490391254425,0.3477018177509308,5.039156645536423,0.10774728655815125,4.691454827785492,0.45544910430908203,4.691454827785492,-0.23995453119277954,370,155,0.5810810810810811,39,16
270,C,0,integrated_gradients,0.6,zero,scientific,-0.8327508568763733,-4.7296905517578125,-0.44060999155044556,-0.4850490391254425,0.3477018177509308,4.24464151263237,0.04443904757499695,3.896939694881439,0.39214086532592773,3.896939694881439,-0.30326277017593384,370,155,0.5810810810810811,39,16
270,C,1,gnnexplainer,0.6,zero,scientific,-3.084488868713379,-6.487114429473877,-1.8243343830108643,-2.464503288269043,0.6199855804443359,4.022611141204834,0.6401689052581787,3.402625560760498,1.2601544857025146,3.402625560760498,0.020183324813842773,370,155,0.5810810810810811,39,16
270,C,1,integrated_gradients,0.6,zero,scientific,-3.084488868713379,-4.606339931488037,-2.7572479248046875,-2.464503288269043,0.6199855804443359,2.141836643218994,0.29274463653564453,1.5218510627746582,0.3272409439086914,1.5218510627746582,-0.3272409439086914,370,155,0.5810810810810811,39,16
270,C,2,gnnexplainer,0.6,zero,scientific,-14.785540580749512,-3.891402244567871,-21.95854949951172,-16.523923873901367,1.7383832931518555,12.632521629333496,5.434625625610352,10.89413833618164,7.173008918762207,10.89413833618164,3.696242332458496,370,155,0.5810810810810811,39,16
270,C,2,integrated_gradients,0.6,zero,scientific,-14.785540580749512,-5.643678188323975,-15.103106498718262,-16.523923873901367,1.7383832931518555,10.880245685577393,1.4208173751831055,9.141862392425537,0.31756591796875,9.141862392425537,-0.31756591796875,370,155,0.5810810810810811,39,16
270,C,3,gnnexplainer,0.6,zero,scientific,-3.084531784057617,-5.30656099319458,-1.1090773344039917,-2.4825034141540527,0.6020283699035645,2.8240575790405273,1.373426079750061,2.222029209136963,1.9754544496536255,2.222029209136963,0.7713977098464966,370,155,0.5810810810810811,39,16
270,C,3,integrated_gradients,0.6,zero,scientific,-3.084531784057617,-4.606342315673828,-2.7572784423828125,-2.4825034141540527,0.6020283699035645,2.1238389015197754,0.27477502822875977,1.521810531616211,0.3272533416748047,1.521810531616211,-0.3272533416748047,370,155,0.5810810810810811,39,16
330,H,0,gnnexplainer,0.6,zero,scientific,-0.05332114174962044,-0.1700471043586731,-0.02457709237933159,-0.03665326535701752,0.01666787639260292,0.13339383900165558,0.012076172977685928,0.11672596260905266,0.02874404937028885,0.11672596260905266,-0.004591703414916992,380,160,0.5789473684210527,33,14
330,H,0,integrated_gradients,0.6,zero,scientific,-0.05332114174962044,-0.060085855424404144,-0.07458016276359558,-0.03665326535701752,0.01666787639260292,0.023432590067386627,0.037926897406578064,0.006764713674783707,0.021259021013975143,0.006764713674783707,0.021259021013975143,380,160,0.5789473684210527,33,14
330,H,1,gnnexplainer,0.6,zero,scientific,-0.04627763852477074,-0.1444743573665619,-0.007209464907646179,-0.05347871407866478,0.007201075553894043,0.09099564328789711,0.0462692491710186,0.09819671884179115,0.03906817361712456,0.08379456773400307,0.03906817361712456,380,160,0.5789473684210527,33,14
330,H,1,integrated_gradients,0.6,zero,scientific,-0.04627763852477074,-0.061518531292676926,-0.07690244913101196,-0.05347871407866478,0.007201075553894043,0.008039817214012146,0.023423735052347183,0.015240892767906189,0.030624810606241226,0.000838741660118103,0.01622265949845314,380,160,0.5789473684210527,33,14
330,H,2,gnnexplainer,0.6,zero,scientific,-0.04633069783449173,-0.1397727131843567,-0.004845485091209412,-0.052478715777397156,0.006148017942905426,0.08729399740695953,0.047633230686187744,0.09344201534986496,0.04148521274328232,0.08114597946405411,0.04148521274328232,380,160,0.5789473684210527,33,14
330,H,2,integrated_gradients,0.6,zero,scientific,-0.04633069783449173,-0.06645940989255905,-0.07684613019227982,-0.052478715777397156,0.006148017942905426,0.013980694115161896,0.02436741441488266,0.020128712058067322,0.030515432357788086,0.00783267617225647,0.018219396471977234,380,160,0.5789473684210527,33,14
330,H,3,gnnexplainer,0.6,zero,scientific,-0.018737804144620895,-0.17246395349502563,-0.023111548274755478,-0.028382685035467148,0.009644880890846252,0.1440812684595585,0.00527113676071167,0.15372614935040474,0.0043737441301345825,0.13443638756871223,-0.0043737441301345825,380,160,0.5789473684210527,33,14
330,H,3,integrated_gradients,0.6,zero,scientific,-0.018737804144620895,-0.06383373588323593,-0.04516245052218437,-0.028382685035467148,0.009644880890846252,0.035451050847768784,0.016779765486717224,0.045095931738615036,0.026424646377563477,0.02580616995692253,0.007134884595870972,380,160,0.5789473684210527,33,14
330,H,4,gnnexplainer,0.6,zero,scientific,-0.01875194162130356,-0.12937577068805695,-0.007868118584156036,-0.02938268519937992,0.010630743578076363,0.09999308548867702,0.021514566615223885,0.11062382906675339,0.010883823037147522,0.08936234191060066,0.010883823037147522,380,160,0.5789473684210527,33,14
330,H,4,integrated_gradients,0.6,zero,scientific,-0.01875194162130356,-0.05916072055697441,-0.048821259289979935,-0.02938268519937992,0.010630743578076363,0.02977803535759449,0.019438574090600014,0.04040877893567085,0.030069317668676376,0.019147291779518127,0.008807830512523651,380,160,0.5789473684210527,33,14
330,H,5,gnnexplainer,0.6,zero,scientific,-0.08483874797821045,-0.1712011992931366,-0.04610653966665268,-0.05086393281817436,0.03397481516003609,0.12033726647496223,0.004757393151521683,0.08636245131492615,0.03873220831155777,0.08636245131492615,-0.029217422008514404,380,160,0.5789473684210527,33,14
330,H,5,integrated_gradients,0.6,zero,scientific,-0.08483874797821045,-0.07003714144229889,-0.10174985229969025,-0.05086393281817436,0.03397481516003609,0.019173208624124527,0.050885919481515884,0.01480160653591156,0.016911104321479797,-0.01480160653591156,0.016911104321479797,380,160,0.5789473684210527,33,14
330,H,6,gnnexplainer,0.6,zero,scientific,-0.14934495091438293,-0.07171358168125153,-0.3121977150440216,-0.19063477218151093,0.04128982126712799,0.1189211905002594,0.12156294286251068,0.07763136923313141,0.16285276412963867,0.07763136923313141,0.08027312159538269,380,160,0.5789473684210527,33,14
330,H,6,integrated_gradients,0.6,zero,scientific,-0.14934495091438293,-0.08334363996982574,-0.19611606001853943,-0.19063477218151093,0.04128982126712799,0.10729113221168518,0.005481287837028503,0.06600131094455719,0.046771109104156494,0.06600131094455719,-0.03580853343009949,380,160,0.5789473684210527,33,14
330,C,0,gnnexplainer,0.6,zero,scientific,-1.6009703874588013,-5.33450984954834,-0.859898030757904,-1.5042518377304077,0.09671854972839355,3.830258011817932,0.6443538069725037,3.7335394620895386,0.7410723567008972,3.7335394620895386,0.5476352572441101,380,160,0.5789473684210527,39,16
330,C,0,integrated_gradients,0.6,zero,scientific,-1.6009703874588013,-3.6768600940704346,-1.4083635807037354,-1.5042518377304077,0.09671854972839355,2.172608256340027,0.09588825702667236,2.0758897066116333,0.19260680675506592,2.0758897066116333,-0.0008302927017211914,380,160,0.5789473684210527,39,16
330,C,1,gnnexplainer,0.6,zero,scientific,-1.3574010133743286,-5.856832981109619,-0.30317699909210205,-1.1874029636383057,0.16999804973602295,4.6694300174713135,0.8842259645462036,4.4994319677352905,1.0542240142822266,4.4994319677352905,0.7142279148101807,380,160,0.5789473684210527,39,16
330,C,1,integrated_gradients,0.6,zero,scientific,-1.3574010133743286,-3.5762641429901123,-1.0926151275634766,-1.1874029636383057,0.16999804973602295,2.3888611793518066,0.0947878360748291,2.2188631296157837,0.26478588581085205,2.2188631296157837,-0.07521021366119385,380,160,0.5789473684210527,39,16
330,C,2,gnnexplainer,0.6,zero,scientific,-6.480936527252197,-2.2827184200286865,-13.966191291809082,-7.547578811645508,1.0666422843933105,5.264860391616821,6.418612480163574,4.198218107223511,7.485254764556885,4.198218107223511,5.351970195770264,380,160,0.5789473684210527,39,16
330,C,2,integrated_gradients,0.6,zero,scientific,-6.480936527252197,-3.8398327827453613,-8.13805866241455,-7.547578811645508,1.0666422843933105,3.7077460289001465,0.590479850769043,2.641103744506836,1.6571221351623535,2.641103744506836,-0.4761624336242676,380,160,0.5789473684210527,39,16
360,H,0,gnnexplainer,0.6,zero,scientific,-0.33236026763916016,-0.07056678086519241,-0.41433554887771606,-0.3191285729408264,0.01323169469833374,0.248561792075634,0.09520697593688965,0.26179348677396774,0.08197528123855591,0.23533009737730026,0.08197528123855591,436,183,0.5802752293577982,33,14
360,H,0,integrated_gradients,0.6,zero,scientific,-0.33236026763916016,-0.11437799781560898,-0.3410009741783142,-0.3191285729408264,0.01323169469833374,0.20475057512521744,0.021872401237487793,0.21798226982355118,0.008640706539154053,0.1915188804268837,0.008640706539154053,436,183,0.5802752293577982,33,14
360,H,1,gnnexplainer,0.6,zero,scientific,-0.342712938785553,-0.07880258560180664,-0.35563820600509644,-0.26153138279914856,0.08118155598640442,0.18272879719734192,0.09410682320594788,0.26391035318374634,0.012925267219543457,0.1015472412109375,0.012925267219543457,436,183,0.5802752293577982,33,14
360,H,1,integrated_gradients,0.6,zero,scientific,-0.342712938785553,-0.1066148430109024,-0.3377595543861389,-0.26153138279914856,0.08118155598640442,0.15491653978824615,0.07622817158699036,0.23609809577465057,0.0049533843994140625,0.07373498380184174,-0.0049533843994140625,436,183,0.5802752293577982,33,14
360,H,2,gnnexplainer,0.6,zero,scientific,-0.14684848487377167,-0.029402446001768112,-0.22845453023910522,-0.1154087483882904,0.03143973648548126,0.0860063023865223,0.11304578185081482,0.11744603887200356,0.08160604536533356,0.05456656590104103,0.08160604536533356,436,183,0.5802752293577982,33,14
360,H,2,integrated_gradients,0.6,zero,scientific,-0.14684848487377167,-0.08574841916561127,-0.15199115872383118,-0.1154087483882904,0.03143973648548126,0.029660329222679138,0.03658241033554077,0.0611000657081604,0.005142673850059509,-0.001779407262802124,0.005142673850059509,436,183,0.5802752293577982,33,14
360,H,3,gnnexplainer,0.6,zero,scientific,-0.14511096477508545,-0.07579921185970306,-0.22040697932243347,-0.14733904600143433,0.002228081226348877,0.07153983414173126,0.07306793332099915,0.06931175291538239,0.07529601454734802,0.06931175291538239,0.07083985209465027,436,183,0.5802752293577982,33,14
360,H,3,integrated_gradients,0.6,zero,scientific,-0.14511096477508545,-0.08199702203273773,-0.1666431874036789,-0.14733904600143433,0.002228081226348877,0.0653420239686966,0.019304141402244568,0.06311394274234772,0.021532222628593445,0.06311394274234772,0.01707606017589569,436,183,0.5802752293577982,33,14
360,H,4,gnnexplainer,0.6,zero,scientific,-0.13666847348213196,-0.04726517200469971,-0.23469963669776917,-0.11875949054956436,0.017908982932567596,0.07149431854486465,0.1159401461482048,0.08940330147743225,0.09803116321563721,0.05358533561229706,0.09803116321563721,436,183,0.5802752293577982,33,14
360,H,4,integrated_gradients,0.6,zero,scientific,-0.13666847348213196,-0.11463458836078644,-0.14419890940189362,-0.11875949054956436,0.017908982932567596,0.004124902188777924,0.025439418852329254,0.02203388512134552,0.007530435919761658,-0.013784080743789673,0.007530435919761658,436,183,0.5802752293577982,33,14
360,H,5,gnnexplainer,0.6,zero,scientific,-0.1832352876663208,-0.05867117643356323,-0.2973422706127167,-0.16926804184913635,0.013967245817184448,0.11059686541557312,0.12807422876358032,0.12456411123275757,0.11410698294639587,0.09662961959838867,0.11410698294639587,436,183,0.5802752293577982,33,14
360,H,5,integrated_gradients,0.6,zero,scientific,-0.1832352876663208,-0.08908815681934357,-0.18030226230621338,-0.16926804184913635,0.013967245817184448,0.08017988502979279,0.011034220457077026,0.09414713084697723,0.002933025360107422,0.06621263921260834,-0.002933025360107422,436,183,0.5802752293577982,33,14
360,H,6,gnnexplainer,0.6,zero,scientific,-0.17076992988586426,-0.08545864373445511,-0.2725408673286438,-0.20832136273384094,0.037551432847976685,0.12286271899938583,0.06421950459480286,0.08531128615140915,0.10177093744277954,0.08531128615140915,0.026668071746826172,436,183,0.5802752293577982,33,14
360,H,6,integrated_gradients,0.6,zero,scientific,-0.17076992988586426,-0.09221091866493225,-0.18168076872825623,-0.20832136273384094,0.037551432847976685,0.11611044406890869,0.026640594005584717,0.078559011220932,0.010910838842391968,0.078559011220932,-0.010910838842391968,436,183,0.5802752293577982,33,14
360,C,0,gnnexplainer,0.6,zero,scientific,-3.523756980895996,-2.180739402770996,-6.4489030838012695,-4.043220043182373,0.519463062286377,1.862480640411377,2.4056830406188965,1.343017578125,2.9251461029052734,1.343017578125,1.8862199783325195,436,183,0.5802752293577982,39,16
360,C,0,integrated_gradients,0.6,zero,scientific,-3.523756980895996,-3.6005406379699707,-3.2055134773254395,-4.043220043182373,0.519463062286377,0.44267940521240234,0.8377065658569336,0.07678365707397461,0.31824350357055664,-0.07678365707397461,0.31824350357055664,436,183,0.5802752293577982,39,16
360,C,1,gnnexplainer,0.6,zero,scientific,-14.09076976776123,-3.671947717666626,-20.51696014404297,-14.111479759216309,0.020709991455078125,10.439532041549683,6.40548038482666,10.418822050094604,6.426190376281738,10.418822050094604,6.384770393371582,436,183,0.5802752293577982,39,16
360,C,1,integrated_gradients,0.6,zero,scientific,-14.09076976776123,-5.241026878356934,-13.903468132019043,-14.111479759216309,0.020709991455078125,8.870452880859375,0.20801162719726562,8.849742889404297,0.1873016357421875,8.849742889404297,0.1873016357421875,436,183,0.5802752293577982,39,16
360,C,2,gnnexplainer,0.6,zero,scientific,-11.013855934143066,-3.6849944591522217,-13.513611793518066,-9.470762252807617,1.5430936813354492,5.7857677936553955,4.042849540710449,7.328861474990845,2.499755859375,4.242674112319946,2.499755859375,436,183,0.5802752293577982,39,16
360,C,2,integrated_gradients,0.6,zero,scientific,-11.013855934143066,-4.475324630737305,-11.329821586608887,-9.470762252807617,1.5430936813354492,4.9954376220703125,1.8590593338012695,6.538531303405762,0.3159656524658203,3.4523439407348633,0.3159656524658203,436,183,0.5802752293577982,39,16
360,C,3,gnnexplainer,0.6,zero,scientific,-1.671934723854065,-7.286038398742676,-0.2799142599105835,-1.504056692123413,0.16787803173065186,5.781981706619263,1.2241424322128296,5.614103674888611,1.3920204639434814,5.614103674888611,1.0562644004821777,436,183,0.5802752293577982,39,16
360,C,3,integrated_gradients,0.6,zero,scientific,-1.671934723854065,-4.226881504058838,-1.5694962739944458,-1.504056692123413,0.16787803173065186,2.722824811935425,0.06543958187103271,2.554946780204773,0.10243844985961914,2.554946780204773,-0.10243844985961914,436,183,0.5802752293577982,39,16
380,H,0,gnnexplainer,0.6,zero,scientific,-0.13993945717811584,-0.04621156305074692,-0.2861195504665375,-0.11915438622236252,0.020785070955753326,0.0729428231716156,0.16696516424417496,0.09372789412736893,0.14618009328842163,0.052157752215862274,0.14618009328842163,436,183,0.5802752293577982,33,14
380,H,0,integrated_gradients,0.6,zero,scientific,-0.13993945717811584,-0.08560018241405487,-0.1849738359451294,-0.11915438622236252,0.020785070955753326,0.03355420380830765,0.06581944972276688,0.054339274764060974,0.04503437876701355,0.012769132852554321,0.04503437876701355,436,183,0.5802752293577982,33,14
380,H,1,gnnexplainer,0.6,zero,scientific,-0.13264447450637817,-0.02972567081451416,-0.257475882768631,-0.1529437154531479,0.020299240946769714,0.12321804463863373,0.1045321673154831,0.10291880369186401,0.12483140826225281,0.10291880369186401,0.08423292636871338,436,183,0.5802752293577982,33,14
380,H,1,integrated_gradients,0.6,zero,scientific,-0.13264447450637817,-0.058649223297834396,-0.14707791805267334,-0.1529437154531479,0.020299240946769714,0.09429449215531349,0.005865797400474548,0.07399525120854378,0.014433443546295166,0.07399525120854378,-0.014433443546295166,436,183,0.5802752293577982,33,14
380,H,2,gnnexplainer,0.6,zero,scientific,-0.13482002913951874,-0.02962515875697136,-0.22128614783287048,-0.11749634146690369,0.01732368767261505,0.08787118270993233,0.1037898063659668,0.10519487038254738,0.08646611869335175,0.07054749503731728,0.08646611869335175,436,183,0.5802752293577982,33,14
380,H,2,integrated_gradients,0.6,zero,scientific,-0.13482002913951874,-0.06596040725708008,-0.19246017932891846,-0.11749634146690369,0.01732368767261505,0.05153593420982361,0.07496383786201477,0.06885962188243866,0.05764015018939972,0.03421224653720856,0.05764015018939972,436,183,0.5802752293577982,33,14
380,H,3,gnnexplainer,0.6,zero,scientific,-0.1763220578432083,-0.053550850600004196,-0.2766900062561035,-0.2253120243549347,0.04898996651172638,0.1717611737549305,0.05137798190116882,0.12277120724320412,0.1003679484128952,0.12277120724320412,0.002388015389442444,436,183,0.5802752293577982,33,14
380,H,3,integrated_gradients,0.6,zero,scientific,-0.1763220578432083,-0.08186538517475128,-0.20716041326522827,-0.2253120243549347,0.04898996651172638,0.1434466391801834,0.01815161108970642,0.09445667266845703,0.03083835542201996,0.09445667266845703,-0.03083835542201996,436,183,0.5802752293577982,33,14
380,H,4,gnnexplainer,0.6,zero,scientific,-0.17767122387886047,-0.058399491012096405,-0.2312861979007721,-0.19009250402450562,0.012421280145645142,0.1316930130124092,0.04119369387626648,0.11927173286676407,0.05361497402191162,0.11927173286676407,0.028772413730621338,436,183,0.5802752293577982,33,14
380,H,4,integrated_gradients,0.6,zero,scientific,-0.17767122387886047,-0.08203987777233124,-0.20797213912010193,-0.19009250402450562,0.012421280145645142,0.10805262625217438,0.017879635095596313,0.09563134610652924,0.030300915241241455,0.09563134610652924,0.005458354949951172,436,183,0.5802752293577982,33,14
380,H,5,gnnexplainer,0.6,zero,scientific,-0.019281115382909775,-0.169266939163208,0.016993872821331024,0.054915860295295715,0.07419697567820549,0.22418279945850372,0.03792198747396469,0.14998582378029823,0.0362749882042408,0.14998582378029823,-0.0362749882042408,436,183,0.5802752293577982,33,14
380,H,5,integrated_gradients,0.6,zero,scientific,-0.019281115382909775,-0.08964751660823822,-0.033616527915000916,0.054915860295295715,0.07419697567820549,0.14456337690353394,0.08853238821029663,0.07036640122532845,0.01433541253209114,0.07036640122532845,0.01433541253209114,436,183,0.5802752293577982,33,14
380,H,6,gnnexplainer,0.6,zero,scientific,-0.02779546007514,-0.23471367359161377,0.005302019417285919,-0.026584316045045853,0.0012111440300941467,0.20812935754656792,0.03188633546233177,0.20691821351647377,0.03309747949242592,0.20691821351647377,0.030675191432237625,436,183,0.5802752293577982,33,14
380,H,6,integrated_gradients,0.6,zero,scientific,-0.02779546007514,-0.08596333861351013,-0.04050959646701813,-0.026584316045045853,0.0012111440300941467,0.05937902256846428,0.013925280421972275,0.05816787853837013,0.012714136391878128,0.05816787853837013,0.012714136391878128,436,183,0.5802752293577982,33,14
380,H,7,gnnexplainer,0.6,zero,scientific,-0.025298241525888443,-0.22234433889389038,0.013542532920837402,-0.0037771498318761587,0.021521091694012284,0.21856718906201422,0.01731968275271356,0.19704609736800194,0.038840774446725845,0.19704609736800194,-0.004201408941298723,436,183,0.5802752293577982,33,14
380,H,7,integrated_gradients,0.6,zero,scientific,-0.025298241525888443,-0.08901458233594894,-0.03819527477025986,-0.0037771498318761587,0.021521091694012284,0.08523743250407279,0.0344181249383837,0.0637163408100605,0.012897033244371414,0.0637163408100605,0.012897033244371414,436,183,0.5802752293577982,33,14
380,C,0,gnnexplainer,0.6,zero,scientific,-0.011481314897537231,-5.79417085647583,0.6864994168281555,0.17328409850597382,0.18476541340351105,5.967454954981804,0.5132153183221817,5.782689541578293,0.6979807317256927,5.782689541578293,0.32844990491867065,436,183,0.5802752293577982,39,16
380,C,0,integrated_gradients,0.6,zero,scientific,-0.011481314897537231,-4.093960285186768,0.006074145436286926,0.17328409850597382,0.18476541340351105,4.267244383692741,0.1672099530696869,4.08247897028923,0.017555460333824158,4.08247897028923,-0.017555460333824158,436,183,0.5802752293577982,39,16
380,C,1,gnnexplainer,0.6,zero,scientific,-2.963667631149292,-1.1485978364944458,-6.308959007263184,-2.9316675662994385,0.032000064849853516,1.7830697298049927,3.377291440963745,1.8150697946548462,3.3452913761138916,1.7510696649551392,3.3452913761138916,436,183,0.5802752293577982,39,16
380,C,1,integrated_gradients,0.6,zero,scientific,-2.963667631149292,-4.6834492683410645,-2.294768810272217,-2.9316675662994385,0.032000064849853516,1.751781702041626,0.6368987560272217,1.7197816371917725,0.6688988208770752,1.7197816371917725,0.6048986911773682,436,183,0.5802752293577982,39,16
380,C,2,gnnexplainer,0.6,zero,scientific,-15.949727058410645,-3.5870583057403564,-24.025432586669922,-16.425132751464844,0.4754056930541992,12.838074445724487,7.600299835205078,12.362668752670288,8.075705528259277,12.362668752670288,7.124894142150879,436,183,0.5802752293577982,39,16
380,C,2,integrated_gradients,0.6,zero,scientific,-15.949727058410645,-5.301114559173584,-15.867901802062988,-16.425132751464844,0.4754056930541992,11.12401819229126,0.5572309494018555,10.64861249923706,0.08182525634765625,10.64861249923706,0.08182525634765625,436,183,0.5802752293577982,39,16
380,C,3,gnnexplainer,0.6,zero,scientific,-1.695212483406067,-5.766883373260498,-0.32093387842178345,-1.3898565769195557,0.30535590648651123,4.377026796340942,1.0689226984977722,4.071670889854431,1.3742786049842834,4.071670889854431,0.763566792011261,436,183,0.5802752293577982,39,16
380,C,3,integrated_gradients,0.6,zero,scientific,-1.695212483406067,-3.8113057613372803,-1.7747853994369507,-1.3898565769195557,0.30535590648651123,2.4214491844177246,0.384928822517395,2.1160932779312134,0.07957291603088379,2.1160932779312134,0.07957291603088379,436,183,0.5802752293577982,39,16
450,H,0,gnnexplainer,0.6,zero,scientific,-0.04355114698410034,-0.1841309517621994,0.0012943893671035767,0.03275012969970703,0.07630127668380737,0.21688108146190643,0.031455740332603455,0.14057980477809906,0.04484553635120392,0.14057980477809906,-0.04484553635120392,457,192,0.5798687089715536,33,14
450,H,0,integrated_gradients,0.6,zero,scientific,-0.04355114698410034,-0.10502130538225174,-0.06533672660589218,0.03275012969970703,0.07630127668380737,0.13777143508195877,0.09808685630559921,0.0614701583981514,0.02178557962179184,0.0614701583981514,0.02178557962179184,457,192,0.5798687089715536,33,14
450,H,1,gnnexplainer,0.6,zero,scientific,-0.06927318125963211,-0.09193676710128784,-0.11855608969926834,-0.0715140700340271,0.002240888774394989,0.020422697067260742,0.04704201966524124,0.02266358584165573,0.04928290843963623,0.018181808292865753,0.04480113089084625,457,192,0.5798687089715536,33,14
450,H,1,integrated_gradients,0.6,zero,scientific,-0.06927318125963211,-0.09579549729824066,-0.09338883310556412,-0.0715140700340271,0.002240888774394989,0.024281427264213562,0.021874763071537018,0.02652231603860855,0.024115651845932007,0.022040538489818573,0.01963387429714203,457,192,0.5798687089715536,33,14
450,H,2,gnnexplainer,0.6,zero,scientific,-0.06935058534145355,-0.049310602247714996,-0.1738668978214264,-0.07355805486440659,0.0042074695229530334,0.02424745261669159,0.1003088429570198,0.020039983093738556,0.10451631247997284,0.020039983093738556,0.09610137343406677,457,192,0.5798687089715536,33,14
450,H,2,integrated_gradients,0.6,zero,scientific,-0.06935058534145355,-0.09602730721235275,-0.09456056356430054,-0.07355805486440659,0.0042074695229530334,0.022469252347946167,0.02100250869989395,0.0266767218708992,0.025209978222846985,0.018261782824993134,0.016795039176940918,457,192,0.5798687089715536,33,14
450,H,3,gnnexplainer,0.6,zero,scientific,-0.14339891076087952,-0.04261046275496483,-0.25412338972091675,-0.23171529173851013,0.08831638097763062,0.1891048289835453,0.022408097982406616,0.10078844800591469,0.11072447896003723,0.10078844800591469,-0.065908282995224,457,192,0.5798687089715536,33,14
450,H,3,integrated_gradients,0.6,zero,scientific,-0.14339891076087952,-0.0868397131562233,-0.2146001160144806,-0.23171529173851013,0.08831638097763062,0.14487557858228683,0.01711517572402954,0.05655919760465622,0.07120120525360107,0.05655919760465622,-0.07120120525360107,457,192,0.5798687089715536,33,14
450,C,0,gnnexplainer,0.6,zero,scientific,-5.920004844665527,-4.003449440002441,-12.709940910339355,-7.761427879333496,1.8414230346679688,3.7579784393310547,4.948513031005859,1.916555404663086,6.789936065673828,1.916555404663086,3.1070899963378906,457,192,0.5798687089715536,39,16
450,C,0,integrated_gradients,0.6,zero,scientific,-5.920004844665527,-4.70086669921875,-5.951240062713623,-7.761427879333496,1.8414230346679688,3.060561180114746,1.810187816619873,1.2191381454467773,0.031235218048095703,1.2191381454467773,-0.031235218048095703,457,192,0.5798687089715536,39,16
450,C,1,gnnexplainer,0.6,zero,scientific,-8.008285522460938,-2.7872140407562256,-13.241911888122559,-9.08093547821045,1.0726499557495117,6.293721437454224,4.160976409912109,5.221071481704712,5.233626365661621,5.221071481704712,3.0883264541625977,457,192,0.5798687089715536,39,16
450,C,1,integrated_gradients,0.6,zero,scientific,-8.008285522460938,-4.0108561515808105,-8.07725715637207,-9.08093547821045,1.0726499557495117,5.070079326629639,1.003678321838379,3.997429370880127,0.06897163391113281,3.997429370880127,-0.06897163391113281,457,192,0.5798687089715536,39,16
450,C,2,gnnexplainer,0.6,zero,scientific,-0.7208598256111145,-6.6699113845825195,0.3970930576324463,-0.7991183996200562,0.07825857400894165,5.870792984962463,1.1962114572525024,5.949051558971405,1.1179528832435608,5.792534410953522,1.1179528832435608,457,192,0.5798687089715536,39,16
450,C,2,integrated_gradients,0.6,zero,scientific,-0.7208598256111145,-4.2853474617004395,-0.65052330493927,-0.7991183996200562,0.07825857400894165,3.4862290620803833,0.14859509468078613,3.564487636089325,0.07033652067184448,3.4079704880714417,0.07033652067184448,457,192,0.5798687089715536,39,16
450,C,3,gnnexplainer,0.6,zero,scientific,-5.4790120124816895,-3.0138678550720215,-8.822148323059082,-5.140366077423096,0.33864593505859375,2.126498222351074,3.6817822456359863,2.465144157409668,3.3431363105773926,1.7878522872924805,3.3431363105773926,457,192,0.5798687089715536,39,16
450,C,3,integrated_gradients,0.6,zero,scientific,-5.4790120124816895,-4.226478099822998,-6.207228183746338,-5.140366077423096,0.33864593505859375,0.9138879776000977,1.0668621063232422,1.2525339126586914,0.7282161712646484,0.5752420425415039,0.7282161712646484,457,192,0.5798687089715536,39,16
450,C,4,gnnexplainer,0.6,zero,scientific,-3.9353888034820557,-2.994291067123413,-7.70061731338501,-3.6308069229125977,0.304581880569458,0.6365158557891846,4.069810390472412,0.9410977363586426,3.765228509902954,0.33193397521972656,3.765228509902954,457,192,0.5798687089715536,39,16
450,C,4,integrated_gradients,0.6,zero,scientific,-3.9353888034820557,-3.82769775390625,-4.158697605133057,-3.6308069229125977,0.304581880569458,0.19689083099365234,0.527890682220459,0.10769104957580566,0.22330880165100098,-0.10769104957580566,0.22330880165100098,457,192,0.5798687089715536,39,16
490,H,0,gnnexplainer,0.6,zero,scientific,-0.17315952479839325,-0.08106770366430283,-0.30641722679138184,-0.23058383166790009,0.057424306869506836,0.14951612800359726,0.07583339512348175,0.09209182113409042,0.1332577019929886,0.09209182113409042,0.018409088253974915,484,204,0.578512396694215,33,14
490,H,0,integrated_gradients,0.6,zero,scientific,-0.17315952479839325,-0.07238394021987915,-0.18395793437957764,-0.23058383166790009,0.057424306869506836,0.15819989144802094,0.04662589728832245,0.1007755845785141,0.010798409581184387,0.1007755845785141,-0.010798409581184387,484,204,0.578512396694215,33,14
490,H,1,gnnexplainer,0.6,zero,scientific,-0.15685632824897766,-0.08528922498226166,-0.2868403196334839,-0.249619260430336,0.09276293218135834,0.16433003544807434,0.03722105920314789,0.071567103266716,0.12998399138450623,0.071567103266716,-0.05554187297821045,484,204,0.578512396694215,33,14
490,H,1,integrated_gradients,0.6,zero,scientific,-0.15685632824897766,-0.08069519698619843,-0.18047061562538147,-0.249619260430336,0.09276293218135834,0.16892406344413757,0.06914864480495453,0.07616113126277924,0.02361428737640381,0.07616113126277924,-0.02361428737640381,484,204,0.578512396694215,33,14
490,H,2,gnnexplainer,0.6,zero,scientific,-0.18034976720809937,-0.07810330390930176,-0.2576241195201874,-0.26599687337875366,0.0856471061706543,0.1878935694694519,0.008372753858566284,0.10224646329879761,0.07727435231208801,0.10224646329879761,-0.07727435231208801,484,204,0.578512396694215,33,14
490,H,2,integrated_gradients,0.6,zero,scientific,-0.18034976720809937,-0.07418137788772583,-0.19920304417610168,-0.26599687337875366,0.0856471061706543,0.19181549549102783,0.06679382920265198,0.10616838932037354,0.01885327696800232,0.10616838932037354,-0.01885327696800232,484,204,0.578512396694215,33,14
490,H,5,gnnexplainer,0.6,zero,scientific,-0.12873896956443787,-0.04424891248345375,-0.26539331674575806,-0.1509436070919037,0.02220463752746582,0.10669469460844994,0.11444970965385437,0.08449005708098412,0.1366543471813202,0.08449005708098412,0.09224507212638855,484,204,0.578512396694215,33,14
490,H,5,integrated_gradients,0.6,zero,scientific,-0.12873896956443787,-0.0705740824341774,-0.12624990940093994,-0.1509436070919037,0.02220463752746582,0.08036952465772629,0.024693697690963745,0.05816488713026047,0.002489060163497925,0.05816488713026047,0.002489060163497925,484,204,0.578512396694215,33,14
490,H,6,gnnexplainer,0.6,zero,scientific,-0.12632957100868225,-0.044299498200416565,-0.2497180700302124,-0.1284528225660324,0.0021232515573501587,0.08415332436561584,0.12126524746417999,0.08203007280826569,0.12338849902153015,0.08203007280826569,0.11914199590682983,484,204,0.578512396694215,33,14
490,H,6,integrated_gradients,0.6,zero,scientific,-0.12632957100868225,-0.08379078656435013,-0.13495999574661255,-0.1284528225660324,0.0021232515573501587,0.04466203600168228,0.006507173180580139,0.04253878444433212,0.008630424737930298,0.04253878444433212,0.0043839216232299805,484,204,0.578512396694215,33,14
490,C,0,gnnexplainer,0.6,zero,scientific,-3.129530668258667,-1.1907531023025513,-6.152744770050049,-4.111388683319092,0.9818580150604248,2.9206355810165405,2.041356086730957,1.9387775659561157,3.023214101791382,1.9387775659561157,1.0594980716705322,484,204,0.578512396694215,39,16
490,C,0,integrated_gradients,0.6,zero,scientific,-3.129530668258667,-4.007298469543457,-2.8220582008361816,-4.111388683319092,0.9818580150604248,0.10409021377563477,1.2893304824829102,0.87776780128479,0.30747246742248535,-0.87776780128479,0.30747246742248535,484,204,0.578512396694215,39,16
490,C,1,gnnexplainer,0.6,zero,scientific,-15.582393646240234,-3.3759994506835938,-26.088062286376953,-16.991817474365234,1.409423828125,13.61581802368164,9.096244812011719,12.20639419555664,10.505668640136719,12.20639419555664,7.686820983886719,484,204,0.578512396694215,39,16
490,C,1,integrated_gradients,0.6,zero,scientific,-15.582393646240234,-4.698981761932373,-16.392911911010742,-16.991817474365234,1.409423828125,12.292835712432861,0.5989055633544922,10.883411884307861,0.8105182647705078,10.883411884307861,-0.8105182647705078,484,204,0.578512396694215,39,16
490,C,2,gnnexplainer,0.6,zero,scientific,-3.881084442138672,-4.5734734535217285,-4.836894989013672,-4.111124038696289,0.2300395965576172,0.46234941482543945,0.7257709503173828,0.6923890113830566,0.955810546875,0.23230981826782227,0.4957313537597656,484,204,0.578512396694215,39,16
490,C,2,integrated_gradients,0.6,zero,scientific,-3.881084442138672,-4.597688674926758,-3.611682891845703,-4.111124038696289,0.2300395965576172,0.48656463623046875,0.49944114685058594,0.7166042327880859,0.26940155029296875,0.25652503967285156,0.26940155029296875,484,204,0.578512396694215,39,16
490,C,3,gnnexplainer,0.6,zero,scientific,-2.2796802520751953,-2.1241652965545654,-5.38921594619751,-3.4353280067443848,1.1556477546691895,1.3111627101898193,1.953887939453125,0.15551495552062988,3.1095356941223145,0.15551495552062988,0.7982401847839355,484,204,0.578512396694215,39,16
490,C,3,integrated_gradients,0.6,zero,scientific,-2.2796802520751953,-3.0510458946228027,-3.0722992420196533,-3.4353280067443848,1.1556477546691895,0.38428211212158203,0.36302876472473145,0.7713656425476074,0.792618989944458,-0.7713656425476074,-0.792618989944458,484,204,0.578512396694215,39,16
510,H,0,gnnexplainer,0.6,zero,scientific,-0.0641452819108963,-0.1321990191936493,-0.03400815278291702,-0.06858395785093307,0.004438675940036774,0.06361506134271622,0.03457580506801605,0.06805373728275299,0.03013712912797928,0.05917638540267944,0.03013712912797928,596,250,0.5805369127516778,33,14
510,H,0,integrated_gradients,0.6,zero,scientific,-0.0641452819108963,-0.07553010433912277,-0.06643799692392349,-0.06858395785093307,0.004438675940036774,0.006946146488189697,0.0021459609270095825,0.011384822428226471,0.002292715013027191,0.0025074705481529236,-0.002292715013027191,596,250,0.5805369127516778,33,14
510,H,1,gnnexplainer,0.6,zero,scientific,-0.07207746058702469,-0.05832536518573761,-0.15839776396751404,-0.10737372934818268,0.03529626876115799,0.04904836416244507,0.05102403461933136,0.013752095401287079,0.08632030338048935,0.013752095401287079,0.01572776585817337,596,250,0.5805369127516778,33,14
510,H,1,integrated_gradients,0.6,zero,scientific,-0.07207746058702469,-0.06795087456703186,-0.07298118621110916,-0.10737372934818268,0.03529626876115799,0.03942285478115082,0.03439254313707352,0.004126586019992828,0.0009037256240844727,0.004126586019992828,-0.0009037256240844727,596,250,0.5805369127516778,33,14
510,H,2,gnnexplainer,0.6,zero,scientific,-0.054743897169828415,-0.16441720724105835,-0.0452093631029129,-0.030469827353954315,0.0242740698158741,0.13394737988710403,0.014739535748958588,0.10967331007122993,0.009534534066915512,0.10967331007122993,-0.009534534066915512,596,250,0.5805369127516778,33,14
510,H,2,integrated_gradients,0.6,zero,scientific,-0.054743897169828415,-0.07383321970701218,-0.06525841355323792,-0.030469827353954315,0.0242740698158741,0.04336339235305786,0.0347885861992836,0.01908932253718376,0.0105145163834095,0.01908932253718376,0.0105145163834095,596,250,0.5805369127516778,33,14
510,H,3,gnnexplainer,0.6,zero,scientific,-0.0725153461098671,-0.04747050255537033,-0.17800939083099365,-0.1194084882736206,0.04689314216375351,0.07193798571825027,0.05860090255737305,0.025044843554496765,0.10549404472112656,0.025044843554496765,0.011707760393619537,596,250,0.5805369127516778,33,14
510,H,3,integrated_gradients,0.6,zero,scientific,-0.0725153461098671,-0.07774174213409424,-0.07946999371051788,-0.1194084882736206,0.04689314216375351,0.04166674613952637,0.03993849456310272,0.005226396024227142,0.006954647600650787,-0.005226396024227142,-0.006954647600650787,596,250,0.5805369127516778,33,14
510,H,4,gnnexplainer,0.6,zero,scientific,-0.06956268846988678,-0.22919681668281555,-0.00960061326622963,-0.058769065886735916,0.010793622583150864,0.17042775079607964,0.04916845262050629,0.15963412821292877,0.05996207520365715,0.15963412821292877,0.03837483003735542,596,250,0.5805369127516778,33,14
510,H,4,integrated_gradients,0.6,zero,scientific,-0.06956268846988678,-0.09585954993963242,-0.07086735218763351,-0.058769065886735916,0.010793622583150864,0.0370904840528965,0.012098286300897598,0.026296861469745636,0.0013046637177467346,0.026296861469745636,0.0013046637177467346,596,250,0.5805369127516778,33,14
510,H,5,gnnexplainer,0.6,zero,scientific,-0.06805552542209625,-0.17539289593696594,-0.014202967286109924,-0.07969000190496445,0.011634476482868195,0.0957028940320015,0.06548703461885452,0.10733737051486969,0.05385255813598633,0.0840684175491333,0.05385255813598633,596,250,0.5805369127516778,33,14
510,H,5,integrated_gradients,0.6,zero,scientific,-0.06805552542209625,-0.09892162680625916,-0.06850965321063995,-0.07969000190496445,0.011634476482868195,0.019231624901294708,0.011180348694324493,0.030866101384162903,0.00045412778854370117,0.007597148418426514,-0.00045412778854370117,596,250,0.5805369127516778,33,14
510,H,6,gnnexplainer,0.6,zero,scientific,-0.040923863649368286,-0.17788097262382507,-0.016656428575515747,-0.04133903980255127,0.0004151761531829834,0.1365419328212738,0.024682611227035522,0.1369571089744568,0.02426743507385254,0.13612675666809082,0.02426743507385254,596,250,0.5805369127516778,33,14
510,H,6,integrated_gradients,0.6,zero,scientific,-0.040923863649368286,-0.11705644428730011,-0.05733100697398186,-0.04133903980255127,0.0004151761531829834,0.07571740448474884,0.015991967171430588,0.07613258063793182,0.01640714332461357,0.07530222833156586,0.015576791018247604,596,250,0.5805369127516778,33,14
510,H,7,gnnexplainer,0.6,zero,scientific,-0.02234116941690445,-0.2656540870666504,-0.01943488046526909,-0.03561985865235329,0.013278689235448837,0.2300342284142971,0.016184978187084198,0.24331291764974594,0.0029062889516353607,0.21675553917884827,0.0029062889516353607,596,250,0.5805369127516778,33,14
510,H,7,integrated_gradients,0.6,zero,scientific,-0.02234116941690445,-0.11618760973215103,-0.03655727952718735,-0.03561985865235329,0.013278689235448837,0.08056775107979774,0.0009374208748340607,0.09384644031524658,0.014216110110282898,0.06728906184434891,-0.012341268360614777,596,250,0.5805369127516778,33,14
510,H,8,gnnexplainer,0.6,zero,scientific,-0.057253893464803696,-0.20079278945922852,0.009165488183498383,-0.0713830441236496,0.014129150658845901,0.12940974533557892,0.08054853230714798,0.14353889599442482,0.06641938164830208,0.11528059467673302,0.06641938164830208,596,250,0.5805369127516778,33,14
510,H,8,integrated_gradients,0.6,zero,scientific,-0.057253893464803696,-0.09655440598726273,-0.06041909381747246,-0.0713830441236496,0.014129150658845901,0.02517136186361313,0.01096395030617714,0.03930051252245903,0.003165200352668762,0.011042211204767227,-0.003165200352668762,596,250,0.5805369127516778,33,14
510,H,9,gnnexplainer,0.6,zero,scientific,-0.06739038974046707,-0.1743757426738739,-0.032895028591156006,-0.08068999648094177,0.013299606740474701,0.09368574619293213,0.04779496788978577,0.10698535293340683,0.034495361149311066,0.08038613945245743,0.034495361149311066,596,250,0.5805369127516778,33,14
510,H,9,integrated_gradients,0.6,zero,scientific,-0.06739038974046707,-0.10312938690185547,-0.06969783455133438,-0.08068999648094177,0.013299606740474701,0.022439390420913696,0.010992161929607391,0.0357389971613884,0.0023074448108673096,0.009139783680438995,-0.0023074448108673096,596,250,0.5805369127516778,33,14
510,C,0,gnnexplainer,0.6,zero,scientific,-3.183384895324707,-5.159959316253662,-1.7864075899124146,-2.6794397830963135,0.5039451122283936,2.4805195331573486,0.8930321931838989,1.976574420928955,1.3969773054122925,1.976574420928955,0.38908708095550537,596,250,0.5805369127516778,39,16
510,C,0,integrated_gradients,0.6,zero,scientific,-3.183384895324707,-3.862262725830078,-3.0455892086029053,-2.6794397830963135,0.5039451122283936,1.1828229427337646,0.3661494255065918,0.6788778305053711,0.13779568672180176,0.6788778305053711,-0.13779568672180176,596,250,0.5805369127516778,39,16
510,C,1,gnnexplainer,0.6,zero,scientific,-2.929103136062622,-6.117769241333008,-1.9433082342147827,-2.8548877239227295,0.07421541213989258,3.2628815174102783,0.9115794897079468,3.1886661052703857,0.9857949018478394,3.1886661052703857,0.8373640775680542,596,250,0.5805369127516778,39,16
510,C,1,integrated_gradients,0.6,zero,scientific,-2.929103136062622,-3.547463893890381,-2.3942651748657227,-2.8548877239227295,0.07421541213989258,0.6925761699676514,0.46062254905700684,0.6183607578277588,0.5348379611968994,0.6183607578277588,0.38640713691711426,596,250,0.5805369127516778,39,16
510,C,2,gnnexplainer,0.6,zero,scientific,-4.82141637802124,-4.687194347381592,-7.662381649017334,-4.148713111877441,0.6727032661437988,0.5384812355041504,3.5136685371398926,0.13422203063964844,2.8409652709960938,-0.13422203063964844,2.8409652709960938,596,250,0.5805369127516778,39,16
510,C,2,integrated_gradients,0.6,zero,scientific,-4.82141637802124,-4.915665149688721,-4.7956156730651855,-4.148713111877441,0.6727032661437988,0.7669520378112793,0.6469025611877441,0.09424877166748047,0.025800704956054688,0.09424877166748047,-0.025800704956054688,596,250,0.5805369127516778,39,16
510,C,3,gnnexplainer,0.6,zero,scientific,-1.93549382686615,-5.394821643829346,-0.8518536686897278,-0.3196980357170105,1.6157957911491394,5.075123608112335,0.5321556329727173,3.459327816963196,1.0836401581764221,3.459327816963196,-1.0836401581764221,596,250,0.5805369127516778,39,16
510,C,3,integrated_gradients,0.6,zero,scientific,-1.93549382686615,-4.545736312866211,-1.222058653831482,-0.3196980357170105,1.6157957911491394,4.2260382771492,0.9023606181144714,2.610242486000061,0.713435173034668,2.610242486000061,-0.713435173034668,596,250,0.5805369127516778,39,16
510,C,4,gnnexplainer,0.6,zero,scientific,-0.8245482444763184,-6.116962432861328,0.08812355995178223,-0.5578681230545044,0.26668012142181396,5.559094309806824,0.6459916830062866,5.29241418838501,0.9126718044281006,5.29241418838501,0.37931156158447266,596,250,0.5805369127516778,39,16
510,C,4,integrated_gradients,0.6,zero,scientific,-0.8245482444763184,-4.338862895965576,-0.8137925267219543,-0.5578681230545044,0.26668012142181396,3.7809947729110718,0.25592440366744995,3.514314651489258,0.010755717754364014,3.514314651489258,-0.010755717754364014,596,250,0.5805369127516778,39,16
510,C,5,gnnexplainer,0.6,zero,scientific,-1.521938443183899,-5.100337028503418,-0.7533462047576904,-0.3343559503555298,1.1875824928283691,4.765981078147888,0.41899025440216064,3.578398585319519,0.7685922384262085,3.578398585319519,-0.7685922384262085,596,250,0.5805369127516778,39,16
510,C,5,integrated_gradients,0.6,zero,scientific,-1.521938443183899,-4.6151838302612305,-1.167179822921753,-0.3343559503555298,1.1875824928283691,4.280827879905701,0.8328238725662231,3.0932453870773315,0.354758620262146,3.0932453870773315,-0.354758620262146,596,250,0.5805369127516778,39,16
530,H,0,gnnexplainer,0.6,zero,scientific,-0.08534625172615051,-0.05569930374622345,-0.29368457198143005,-0.16678637266159058,0.08144012093544006,0.11108706891536713,0.12689819931983948,0.029646947979927063,0.20833832025527954,0.029646947979927063,0.045458078384399414,314,132,0.5796178343949044,33,14
530,H,1,gnnexplainer,0.6,zero,scientific,-0.09019753336906433,-0.07537961006164551,-0.22622722387313843,-0.13316234946250916,0.042964816093444824,0.05778273940086365,0.09306487441062927,0.014817923307418823,0.1360296905040741,0.014817923307418823,0.05010005831718445,314,132,0.5796178343949044,33,14
530,H,2,gnnexplainer,0.6,zero,scientific,-0.030807171016931534,-0.13161501288414001,-0.024150919169187546,-0.0575319267809391,0.02672475576400757,0.07408308610320091,0.033381007611751556,0.10080784186720848,0.006656251847743988,0.047358330339193344,0.006656251847743988,314,132,0.5796178343949044,33,14
530,H,3,gnnexplainer,0.6,zero,scientific,-0.04008097946643829,-0.1377013921737671,-0.034811001271009445,-0.04089127480983734,0.0008102953433990479,0.09681011736392975,0.006080273538827896,0.0976204127073288,0.005269978195428848,0.0959998220205307,0.005269978195428848,314,132,0.5796178343949044,33,14
530,H,4,gnnexplainer,0.6,zero,scientific,-0.03763440251350403,-0.14756685495376587,-0.03231669217348099,-0.06429433822631836,0.02665993571281433,0.08327251672744751,0.03197764605283737,0.10993245244026184,0.005317710340023041,0.05661258101463318,0.005317710340023041,314,132,0.5796178343949044,33,14
530,C,0,gnnexplainer,0.6,zero,scientific,-2.6694869995117188,-6.019583702087402,-1.507627010345459,-2.8974430561065674,0.22795605659484863,3.122140645980835,1.3898160457611084,3.3500967025756836,1.1618599891662598,2.8941845893859863,1.1618599891662598,314,132,0.5796178343949044,39,16
530,C,1,gnnexplainer,0.6,zero,scientific,-3.2187187671661377,-6.089691638946533,-1.6679714918136597,-2.7582390308380127,0.460479736328125,3.3314526081085205,1.090267539024353,2.8709728717803955,1.550747275352478,2.8709728717803955,0.629787802696228,314,132,0.5796178343949044,39,16
530,C,2,gnnexplainer,0.6,zero,scientific,-4.761256694793701,-2.988971710205078,-5.612130165100098,-4.5724406242370605,0.18881607055664062,1.5834689140319824,1.039689540863037,1.772284984588623,0.8508734703063965,1.3946528434753418,0.8508734703063965,314,132,0.5796178343949044,39,16
610,H,0,gnnexplainer,0.6,zero,scientific,-0.44238173961639404,-0.11419013887643814,-0.5532528758049011,-0.615548849105835,0.17316710948944092,0.5013587102293968,0.06229597330093384,0.3281916007399559,0.11087113618850708,0.3281916007399559,-0.11087113618850708,452,190,0.5796460176991151,33,14
610,H,0,integrated_gradients,0.6,zero,scientific,-0.44238173961639404,-0.10287424921989441,-0.4331578016281128,-0.615548849105835,0.17316710948944092,0.5126745998859406,0.18239104747772217,0.33950749039649963,0.00922393798828125,0.33950749039649963,0.00922393798828125,452,190,0.5796460176991151,33,14
610,H,1,gnnexplainer,0.6,zero,scientific,-0.1651545912027359,-0.03281763195991516,-0.2966640889644623,-0.12229462713003159,0.042859964072704315,0.08947699517011642,0.1743694618344307,0.13233695924282074,0.13150949776172638,0.04661703109741211,0.13150949776172638,452,190,0.5796460176991151,33,14
610,H,1,integrated_gradients,0.6,zero,scientific,-0.1651545912027359,-0.06482855975627899,-0.1931944191455841,-0.12229462713003159,0.042859964072704315,0.057466067373752594,0.07089979201555252,0.10032603144645691,0.028039827942848206,0.014606103301048279,0.028039827942848206,452,190,0.5796460176991151,33,14
610,H,2,gnnexplainer,0.6,zero,scientific,-0.13610506057739258,-0.04101424664258957,-0.25597381591796875,-0.1601894050836563,0.024084344506263733,0.11917515844106674,0.09578441083431244,0.09509081393480301,0.11986875534057617,0.09509081393480301,0.0717000663280487,452,190,0.5796460176991151,33,14
610,H,2,integrated_gradients,0.6,zero,scientific,-0.13610506057739258,-0.07207657396793365,-0.15479618310928345,-0.1601894050836563,0.024084344506263733,0.08811283111572266,0.005393221974372864,0.06402848660945892,0.01869112253189087,0.06402848660945892,-0.01869112253189087,452,190,0.5796460176991151,33,14
610,H,3,gnnexplainer,0.6,zero,scientific,-0.1795758754014969,-0.0569467693567276,-0.25252148509025574,-0.18318936228752136,0.003613486886024475,0.12624259293079376,0.06933212280273438,0.12262910604476929,0.07294560968875885,0.12262910604476929,0.0657186359167099,452,190,0.5796460176991151,33,14
610,H,3,integrated_gradients,0.6,zero,scientific,-0.1795758754014969,-0.0631924495100975,-0.20516762137413025,-0.18318936228752136,0.003613486886024475,0.11999691277742386,0.021978259086608887,0.11638342589139938,0.025591745972633362,0.11638342589139938,0.01836477220058441,452,190,0.5796460176991151,33,14
610,H,4,gnnexplainer,0.6,zero,scientific,-0.500056803226471,-0.10044807195663452,-0.7635776996612549,-0.6312503814697266,0.13119357824325562,0.530802309513092,0.13232731819152832,0.3996087312698364,0.26352089643478394,0.3996087312698364,0.001133739948272705,452,190,0.5796460176991151,33,14
610,H,4,integrated_gradients,0.6,zero,scientific,-0.500056803226471,-0.09014559537172318,-0.45823127031326294,-0.6312503814697266,0.13119357824325562,0.5411047860980034,0.17301911115646362,0.40991120785474777,0.04182553291320801,0.40991120785474777,0.04182553291320801,452,190,0.5796460176991151,33,14
610,H,5,gnnexplainer,0.6,zero,scientific,-0.14004060626029968,-0.042958859354257584,-0.24893683195114136,-0.12377718091011047,0.01626342535018921,0.08081832155585289,0.12515965104103088,0.0970817469060421,0.10889622569084167,0.06455489620566368,0.10889622569084167,452,190,0.5796460176991151,33,14
610,H,5,integrated_gradients,0.6,zero,scientific,-0.14004060626029968,-0.06140142306685448,-0.1680198609828949,-0.12377718091011047,0.01626342535018921,0.062375757843256,0.044242680072784424,0.0786391831934452,0.027979254722595215,0.04611233249306679,0.027979254722595215,452,190,0.5796460176991151,33,14
610,H,6,gnnexplainer,0.6,zero,scientific,-0.12860378623008728,-0.0074131786823272705,-0.276970237493515,-0.14696994423866272,0.01836615800857544,0.13955676555633545,0.1300002932548523,0.12119060754776001,0.14836645126342773,0.12119060754776001,0.11163413524627686,452,190,0.5796460176991151,33,14
610,H,6,integrated_gradients,0.6,zero,scientific,-0.12860378623008728,-0.07066508382558823,-0.15039098262786865,-0.14696994423866272,0.01836615800857544,0.0763048604130745,0.0034210383892059326,0.057938702404499054,0.021787196397781372,0.057938702404499054,-0.014945119619369507,452,190,0.5796460176991151,33,14
610,H,7,gnnexplainer,0.6,zero,scientific,-0.16811057925224304,-0.04279452562332153,-0.29672959446907043,-0.19154877960681915,0.02343820035457611,0.14875425398349762,0.10518081486225128,0.1253160536289215,0.1286190152168274,0.1253160536289215,0.08174261450767517,452,190,0.5796460176991151,33,14
610,H,7,integrated_gradients,0.6,zero,scientific,-0.16811057925224304,-0.063569575548172,-0.18841224908828735,-0.19154877960681915,0.02343820035457611,0.12797920405864716,0.0031365305185317993,0.10454100370407104,0.02030166983604431,0.10454100370407104,-0.02030166983604431,452,190,0.5796460176991151,33,14
610,C,0,gnnexplainer,0.6,zero,scientific,-16.07822036743164,-3.27945613861084,-25.175458908081055,-18.057586669921875,1.9793663024902344,14.778130531311035,7.11787223815918,12.7987642288208,9.097238540649414,12.7987642288208,5.138505935668945,452,190,0.5796460176991151,39,16
610,C,0,integrated_gradients,0.6,zero,scientific,-16.07822036743164,-5.082730770111084,-16.36141586303711,-18.057586669921875,1.9793663024902344,12.974855899810791,1.6961708068847656,10.995489597320557,0.28319549560546875,10.995489597320557,-0.28319549560546875,452,190,0.5796460176991151,39,16
610,C,1,gnnexplainer,0.6,zero,scientific,-16.779712677001953,-3.0700860023498535,-22.4486083984375,-17.75385856628418,0.9741458892822266,14.683772563934326,4.69474983215332,13.7096266746521,5.668895721435547,13.7096266746521,3.7206039428710938,452,190,0.5796460176991151,39,16
610,C,1,integrated_gradients,0.6,zero,scientific,-16.779712677001953,-4.743332862854004,-15.605860710144043,-17.75385856628418,0.9741458892822266,13.010525703430176,2.1479978561401367,12.03637981414795,1.1738519668579102,12.03637981414795,1.1738519668579102,452,190,0.5796460176991151,39,16
610,C,2,gnnexplainer,0.6,zero,scientific,-1.856040596961975,-1.9028563499450684,-3.5188865661621094,-2.5053277015686035,0.6492871046066284,0.6024713516235352,1.0135588645935059,0.04681575298309326,1.6628459692001343,-0.04681575298309326,0.36427175998687744,452,190,0.5796460176991151,39,16
610,C,2,integrated_gradients,0.6,zero,scientific,-1.856040596961975,-4.375064373016357,-1.7135573625564575,-2.5053277015686035,0.6492871046066284,1.869736671447754,0.791770339012146,2.5190237760543823,0.14248323440551758,1.2204495668411255,0.14248323440551758,452,190,0.5796460176991151,39,16
610,C,3,gnnexplainer,0.6,zero,scientific,-1.9090392589569092,-0.23867195844650269,-5.999830722808838,-2.3740406036376953,0.46500134468078613,2.1353686451911926,3.6257901191711426,1.6703673005104065,4.090791463851929,1.6703673005104065,3.1607887744903564,452,190,0.5796460176991151,39,16
610,C,3,integrated_gradients,0.6,zero,scientific,-1.9090392589569092,-4.0312700271606445,-1.7169586420059204,-2.3740406036376953,0.46500134468078613,1.6572294235229492,0.6570819616317749,2.1222307682037354,0.19208061695098877,1.192228078842163,0.19208061695098877,452,190,0.5796460176991151,39,16
620,H,0,gnnexplainer,0.6,zero,scientific,-0.22838380932807922,-0.09000654518604279,-0.4465065598487854,-0.2509962022304535,0.022612392902374268,0.1609896570444107,0.1955103576183319,0.13837726414203644,0.21812275052070618,0.13837726414203644,0.17289796471595764,603,252,0.582089552238806,33,14
620,H,0,integrated_gradients,0.6,zero,scientific,-0.22838380932807922,-0.12268650531768799,-0.22436004877090454,-0.2509962022304535,0.022612392902374268,0.1283096969127655,0.02663615345954895,0.10569730401039124,0.004023760557174683,0.10569730401039124,0.004023760557174683,603,252,0.582089552238806,33,14
620,H,1,gnnexplainer,0.6,zero,scientific,-0.228367418050766,-0.06656362116336823,-0.35635119676589966,-0.24986469745635986,0.021497279405593872,0.18330107629299164,0.1064864993095398,0.16180379688739777,0.12798377871513367,0.16180379688739777,0.08498921990394592,603,252,0.582089552238806,33,14
620,H,1,integrated_gradients,0.6,zero,scientific,-0.228367418050766,-0.12265105545520782,-0.22465240955352783,-0.24986469745635986,0.021497279405593872,0.12721364200115204,0.02521228790283203,0.10571636259555817,0.003715008497238159,0.10571636259555817,0.003715008497238159,603,252,0.582089552238806,33,14
620,H,2,gnnexplainer,0.6,zero,scientific,-0.2283584177494049,-0.09737911820411682,-0.34568047523498535,-0.2488207370042801,0.020462319254875183,0.15144161880016327,0.09685973823070526,0.13097929954528809,0.11732205748558044,0.13097929954528809,0.07639741897583008,603,252,0.582089552238806,33,14
620,H,2,integrated_gradients,0.6,zero,scientific,-0.2283584177494049,-0.12264961004257202,-0.22462895512580872,-0.2488207370042801,0.020462319254875183,0.12617112696170807,0.024191781878471375,0.10570880770683289,0.0037294626235961914,0.10570880770683289,0.0037294626235961914,603,252,0.582089552238806,33,14
620,H,3,gnnexplainer,0.6,zero,scientific,-0.22839093208312988,-0.07380212843418121,-0.373338907957077,-0.25204017758369446,0.023649245500564575,0.17823804914951324,0.12129873037338257,0.15458880364894867,0.14494797587394714,0.15458880364894867,0.097649484872818,603,252,0.582089552238806,33,14
620,H,3,integrated_gradients,0.6,zero,scientific,-0.22839093208312988,-0.1219957247376442,-0.2250063717365265,-0.25204017758369446,0.023649245500564575,0.13004445284605026,0.02703380584716797,0.10639520734548569,0.0033845603466033936,0.10639520734548569,0.0033845603466033936,603,252,0.582089552238806,33,14
620,H,4,gnnexplainer,0.6,zero,scientific,-0.22839006781578064,-0.06798407435417175,-0.3846358060836792,-0.251996248960495,0.023606181144714355,0.18401217460632324,0.1326395571231842,0.1604059934616089,0.15624573826789856,0.1604059934616089,0.10903337597846985,603,252,0.582089552238806,33,14
620,H,4,integrated_gradients,0.6,zero,scientific,-0.22839006781578064,-0.12199994921684265,-0.2250131368637085,-0.251996248960495,0.023606181144714355,0.12999629974365234,0.0269831120967865,0.10639011859893799,0.0033769309520721436,0.10639011859893799,0.0033769309520721436,603,252,0.582089552238806,33,14
620,H,5,gnnexplainer,0.6,zero,scientific,-0.22836831212043762,-0.06292461603879929,-0.3896876573562622,-0.24986469745635986,0.02149638533592224,0.18694008141756058,0.13982295989990234,0.16544369608163834,0.16131934523582458,0.16544369608163834,0.1183265745639801,603,252,0.582089552238806,33,14
620,H,5,integrated_gradients,0.6,zero,scientific,-0.22836831212043762,-0.12264926731586456,-0.22461721301078796,-0.24986469745635986,0.02149638533592224,0.1272154301404953,0.0252474844455719,0.10571904480457306,0.003751099109649658,0.10571904480457306,0.003751099109649658,603,252,0.582089552238806,33,14
620,H,6,gnnexplainer,0.6,zero,scientific,-0.00035447627305984497,-0.09997092187404633,0.013154454529285431,0.08161692321300507,0.08197139948606491,0.1815878450870514,0.06846246868371964,0.09961644560098648,0.013508930802345276,0.09961644560098648,-0.013508930802345276,603,252,0.582089552238806,33,14
620,H,6,integrated_gradients,0.6,zero,scientific,-0.00035447627305984497,-0.050462618470191956,-0.014107249677181244,0.08161692321300507,0.08197139948606491,0.13207954168319702,0.09572417289018631,0.05010814219713211,0.013752773404121399,0.05010814219713211,0.013752773404121399,603,252,0.582089552238806,33,14
620,H,7,gnnexplainer,0.6,zero,scientific,-0.0003616511821746826,-0.15779587626457214,0.041892148554325104,0.0810290277004242,0.08139067888259888,0.23882490396499634,0.03913687914609909,0.15743422508239746,0.042253799736499786,0.15743422508239746,-0.042253799736499786,603,252,0.582089552238806,33,14
620,H,7,integrated_gradients,0.6,zero,scientific,-0.0003616511821746826,-0.05641860142350197,-0.012849308550357819,0.0810290277004242,0.08139067888259888,0.13744762912392616,0.09387833625078201,0.056056950241327286,0.012487657368183136,0.056056950241327286,0.012487657368183136,603,252,0.582089552238806,33,14
620,H,8,gnnexplainer,0.6,zero,scientific,-0.00035750120878219604,-0.13246332108974457,0.026144765317440033,0.08161692321300507,0.08197442442178726,0.21408024430274963,0.05547215789556503,0.13210581988096237,0.02650226652622223,0.13210581988096237,-0.02650226652622223,603,252,0.582089552238806,33,14
620,H,8,integrated_gradients,0.6,zero,scientific,-0.00035750120878219604,-0.05378718674182892,-0.014422781765460968,0.08161692321300507,0.08197442442178726,0.13540410995483398,0.09603970497846603,0.05342968553304672,0.014065280556678772,0.05342968553304672,0.014065280556678772,603,252,0.582089552238806,33,14
620,H,9,gnnexplainer,0.6,zero,scientific,-0.01004878431558609,-0.13777413964271545,0.01866859197616577,0.17055636644363403,0.18060515075922012,0.3083305060863495,0.15188777446746826,0.12772535532712936,0.02871737629175186,0.12772535532712936,-0.02871737629175186,603,252,0.582089552238806,33,14
620,H,9,integrated_gradients,0.6,zero,scientific,-0.01004878431558609,-0.05118631199002266,-0.01976092904806137,0.17055636644363403,0.18060515075922012,0.2217426784336567,0.1903172954916954,0.04113752767443657,0.00971214473247528,0.04113752767443657,0.00971214473247528,603,252,0.582089552238806,33,14
620,C,0,gnnexplainer,0.6,zero,scientific,-8.43395709991455,-4.41064453125,-12.632170677185059,-8.185676574707031,0.24828052520751953,3.7750320434570312,4.446494102478027,4.023312568664551,4.198213577270508,3.5267515182495117,4.198213577270508,603,252,0.582089552238806,39,16
620,C,0,integrated_gradients,0.6,zero,scientific,-8.43395709991455,-4.8048176765441895,-8.248945236206055,-8.185676574707031,0.24828052520751953,3.380858898162842,0.06326866149902344,3.6291394233703613,0.1850118637084961,3.1325783729553223,-0.1850118637084961,603,252,0.582089552238806,39,16
620,C,1,gnnexplainer,0.6,zero,scientific,-8.439017295837402,-3.742506265640259,-13.06421184539795,-8.185914039611816,0.25310325622558594,4.443407773971558,4.878297805786133,4.6965110301971436,4.625194549560547,4.190304517745972,4.625194549560547,603,252,0.582089552238806,39,16
620,C,1,integrated_gradients,0.6,zero,scientific,-8.439017295837402,-4.798810958862305,-8.252640724182129,-8.185914039611816,0.25310325622558594,3.3871030807495117,0.0667266845703125,3.6402063369750977,0.18637657165527344,3.133999824523926,-0.18637657165527344,603,252,0.582089552238806,39,16
620,C,2,gnnexplainer,0.6,zero,scientific,-8.438666343688965,-3.969247579574585,-11.602992057800293,-8.188501358032227,0.2501649856567383,4.219253778457642,3.4144906997680664,4.46941876411438,3.164325714111328,3.9690887928009033,3.164325714111328,603,252,0.582089552238806,39,16
620,C,2,integrated_gradients,0.6,zero,scientific,-8.438666343688965,-4.798818111419678,-8.25186824798584,-8.188501358032227,0.2501649856567383,3.389683246612549,0.06336688995361328,3.639848232269287,0.186798095703125,3.1395182609558105,-0.186798095703125,603,252,0.582089552238806,39,16
620,C,3,gnnexplainer,0.6,zero,scientific,-8.43066120147705,-3.554826498031616,-11.481103897094727,-8.189264297485352,0.24139690399169922,4.634437799453735,3.291839599609375,4.875834703445435,3.050442695617676,4.393040895462036,3.050442695617676,603,252,0.582089552238806,39,16
620,C,3,integrated_gradients,0.6,zero,scientific,-8.43066120147705,-4.80515718460083,-8.24695110321045,-8.189264297485352,0.24139690399169922,3.3841071128845215,0.057686805725097656,3.6255040168762207,0.18371009826660156,3.1427102088928223,-0.18371009826660156,603,252,0.582089552238806,39,16
620,C,4,gnnexplainer,0.6,zero,scientific,-8.43023681640625,-3.7431082725524902,-10.506240844726562,-8.187677383422852,0.24255943298339844,4.444569110870361,2.318563461303711,4.68712854385376,2.0760040283203125,4.202009677886963,2.0760040283203125,603,252,0.582089552238806,39,16
620,C,4,integrated_gradients,0.6,zero,scientific,-8.43023681640625,-4.805088996887207,-8.247183799743652,-8.187677383422852,0.24255943298339844,3.3825883865356445,0.05950641632080078,3.625147819519043,0.18305301666259766,3.140028953552246,-0.18305301666259766,603,252,0.582089552238806,39,16
620,C,5,gnnexplainer,0.6,zero,scientific,-8.442373275756836,-4.147552013397217,-11.464493751525879,-8.186501502990723,0.2558717727661133,4.038949489593506,3.2779922485351562,4.294821262359619,3.022120475769043,3.7830777168273926,3.022120475769043,603,252,0.582089552238806,39,16
620,C,5,integrated_gradients,0.6,zero,scientific,-8.442373275756836,-4.798442840576172,-8.254137992858887,-8.186501502990723,0.2558717727661133,3.388058662414551,0.06763648986816406,3.643930435180664,0.18823528289794922,3.1321868896484375,-0.18823528289794922,603,252,0.582089552238806,39,16
620,C,6,gnnexplainer,0.6,zero,scientific,0.4642379879951477,-5.46366548538208,1.059416651725769,1.20413076877594,0.7398927807807922,6.66779625415802,0.1447141170501709,5.927903473377228,0.5951786637306213,5.927903473377228,-0.5951786637306213,603,252,0.582089552238806,39,16
620,C,6,integrated_gradients,0.6,zero,scientific,0.4642379879951477,-4.247556209564209,0.4857044816017151,1.20413076877594,0.7398927807807922,5.451686978340149,0.7184262871742249,4.711794197559357,0.021466493606567383,4.711794197559357,-0.021466493606567383,603,252,0.582089552238806,39,16
640,H,0,gnnexplainer,0.6,zero,scientific,-0.21126306056976318,-0.2592073082923889,-0.06548535823822021,0.13790667057037354,0.3491697311401367,0.39711397886276245,0.20339202880859375,0.04794424772262573,0.14577770233154297,0.04794424772262573,-0.14577770233154297,735,308,0.5809523809523809,33,14
640,H,0,integrated_gradients,0.6,zero,scientific,-0.21126306056976318,-0.12784922122955322,-0.27139905095100403,0.13790667057037354,0.3491697311401367,0.26575589179992676,0.40930572152137756,0.08341383934020996,0.060135990381240845,-0.08341383934020996,0.060135990381240845,735,308,0.5809523809523809,33,14
640,H,1,gnnexplainer,0.6,zero,scientific,-0.21125224232673645,-0.24512910842895508,-0.037406690418720245,0.13790667057037354,0.34915891289711,0.3830357789993286,0.17531336098909378,0.03387686610221863,0.1738455519080162,0.03387686610221863,-0.1738455519080162,735,308,0.5809523809523809,33,14
640,H,1,integrated_gradients,0.6,zero,scientific,-0.21125224232673645,-0.12784874439239502,-0.27140212059020996,0.13790667057037354,0.34915891289711,0.26575541496276855,0.4093087911605835,0.08340349793434143,0.06014987826347351,-0.08340349793434143,0.06014987826347351,735,308,0.5809523809523809,33,14
640,H,2,gnnexplainer,0.6,zero,scientific,-0.04018162190914154,-0.17277055978775024,-0.002957720309495926,-0.010049479082226753,0.030132142826914787,0.1627210807055235,0.007091758772730827,0.1325889378786087,0.037223901599645615,0.1325889378786087,-0.02304038405418396,735,308,0.5809523809523809,33,14
640,H,2,integrated_gradients,0.6,zero,scientific,-0.04018162190914154,-0.07029566913843155,-0.05350511893630028,-0.010049479082226753,0.030132142826914787,0.060246190056204796,0.043455639854073524,0.03011404722929001,0.013323497027158737,0.03011404722929001,0.013323497027158737,735,308,0.5809523809523809,33,14
640,H,3,gnnexplainer,0.6,zero,scientific,-0.02698579430580139,-0.1647510528564453,-0.007005214691162109,-0.030795302242040634,0.0038095079362392426,0.13395575061440468,0.023790087550878525,0.13776525855064392,0.019980579614639282,0.13014624267816544,0.019980579614639282,735,308,0.5809523809523809,33,14
640,H,3,integrated_gradients,0.6,zero,scientific,-0.02698579430580139,-0.06433561444282532,-0.04447518289089203,-0.030795302242040634,0.0038095079362392426,0.03354031220078468,0.013679880648851395,0.037349820137023926,0.017489388585090637,0.02973080426454544,0.009870372712612152,735,308,0.5809523809523809,33,14
640,H,4,gnnexplainer,0.6,zero,scientific,-0.029253706336021423,-0.1975906491279602,0.0092385932803154,-0.03988323733210564,0.010629530996084213,0.15770741179585457,0.049121830612421036,0.16833694279193878,0.03849229961633682,0.14707788079977036,0.03849229961633682,735,308,0.5809523809523809,33,14
640,H,4,integrated_gradients,0.6,zero,scientific,-0.029253706336021423,-0.06231490150094032,-0.05027332156896591,-0.03988323733210564,0.010629530996084213,0.022431664168834686,0.010390084236860275,0.0330611951649189,0.02101961523294449,0.011802133172750473,-0.000239446759223938,735,308,0.5809523809523809,33,14
640,H,5,gnnexplainer,0.6,zero,scientific,-0.07945401221513748,-0.14483574032783508,-0.016024567186832428,-0.08353185653686523,0.004077844321727753,0.06130388379096985,0.0675072893500328,0.0653817281126976,0.06342944502830505,0.057226039469242096,0.06342944502830505,735,308,0.5809523809523809,33,14
640,H,5,integrated_gradients,0.6,zero,scientific,-0.07945401221513748,-0.11247874051332474,-0.09247904270887375,-0.08353185653686523,0.004077844321727753,0.028946883976459503,0.008947186172008514,0.033024728298187256,0.013025030493736267,0.02486903965473175,0.004869341850280762,735,308,0.5809523809523809,33,14
640,H,6,gnnexplainer,0.6,zero,scientific,-0.11835552006959915,-0.12176094204187393,-0.18469032645225525,-0.10661061108112335,0.0117449089884758,0.01515033096075058,0.0780797153711319,0.0034054219722747803,0.0663348063826561,0.0034054219722747803,0.0663348063826561,735,308,0.5809523809523809,33,14
640,H,6,integrated_gradients,0.6,zero,scientific,-0.11835552006959915,-0.11249803006649017,-0.12830784916877747,-0.10661061108112335,0.0117449089884758,0.005887418985366821,0.021697238087654114,0.005857490003108978,0.009952329099178314,-0.005857490003108978,0.009952329099178314,735,308,0.5809523809523809,33,14
640,H,7,gnnexplainer,0.6,zero,scientific,-0.06900552660226822,-0.2595350742340088,-0.012371554970741272,-0.07117222994565964,0.0021667033433914185,0.18836284428834915,0.058800674974918365,0.19052954763174057,0.05663397163152695,0.18619614094495773,0.05663397163152695,735,308,0.5809523809523809,33,14
640,H,7,integrated_gradients,0.6,zero,scientific,-0.06900552660226822,-0.11259490251541138,-0.08384296298027039,-0.07117222994565964,0.0021667033433914185,0.04142267256975174,0.012670733034610748,0.04358937591314316,0.014837436378002167,0.03925596922636032,0.01050402969121933,735,308,0.5809523809523809,33,14
640,H,8,gnnexplainer,0.6,zero,scientific,-0.10110029578208923,-0.04214347153902054,-0.22365307807922363,-0.12511934340000153,0.024019047617912292,0.08297587186098099,0.0985337346792221,0.058956824243068695,0.1225527822971344,0.058956824243068695,0.07451468706130981,735,308,0.5809523809523809,33,14
640,H,8,integrated_gradients,0.6,zero,scientific,-0.10110029578208923,-0.11129444092512131,-0.11653155088424683,-0.12511934340000153,0.024019047617912292,0.013824902474880219,0.0085877925157547,0.010194145143032074,0.015431255102157593,-0.010194145143032074,-0.015431255102157593,735,308,0.5809523809523809,33,14
640,H,9,gnnexplainer,0.6,zero,scientific,-0.07945292443037033,-0.1621040403842926,-0.02705521136522293,-0.08353185653686523,0.0040789321064949036,0.07857218384742737,0.0564766451716423,0.08265111595392227,0.0523977130651474,0.07449325174093246,0.0523977130651474,735,308,0.5809523809523809,33,14
640,H,9,integrated_gradients,0.6,zero,scientific,-0.07945292443037033,-0.1124788224697113,-0.09247833490371704,-0.08353185653686523,0.0040789321064949036,0.02894696593284607,0.008946478366851807,0.03302589803934097,0.01302541047334671,0.024868033826351166,0.004867546260356903,735,308,0.5809523809523809,33,14
640,H,10,gnnexplainer,0.6,zero,scientific,-0.11835354566574097,-0.10760875791311264,-0.1189241111278534,-0.10661061108112335,0.011742934584617615,0.0009981468319892883,0.012313500046730042,0.010744787752628326,0.0005705654621124268,-0.010744787752628326,0.0005705654621124268,735,308,0.5809523809523809,33,14
640,H,10,integrated_gradients,0.6,zero,scientific,-0.11835354566574097,-0.11249800026416779,-0.12830480933189392,-0.10661061108112335,0.011742934584617615,0.005887389183044434,0.02169419825077057,0.005855545401573181,0.009951263666152954,-0.005855545401573181,0.009951263666152954,735,308,0.5809523809523809,33,14
640,H,11,gnnexplainer,0.6,zero,scientific,-0.04018741473555565,-0.1757887899875641,-0.014041699469089508,-0.010049479082226753,0.030137935653328896,0.16573931090533733,0.003992220386862755,0.13560137525200844,0.02614571526646614,0.13560137525200844,-0.02614571526646614,735,308,0.5809523809523809,33,14
640,H,11,integrated_gradients,0.6,zero,scientific,-0.04018741473555565,-0.07029576599597931,-0.0535096637904644,-0.010049479082226753,0.030137935653328896,0.060246286913752556,0.04346018470823765,0.03010835126042366,0.013322249054908752,0.03010835126042366,0.013322249054908752,735,308,0.5809523809523809,33,14
640,H,12,gnnexplainer,0.6,zero,scientific,-0.029250383377075195,-0.18512403964996338,0.020313285291194916,-0.04088323935866356,0.011632855981588364,0.14424080029129982,0.061196524649858475,0.15587365627288818,0.04956366866827011,0.13260794430971146,0.04956366866827011,735,308,0.5809523809523809,33,14
640,H,12,integrated_gradients,0.6,zero,scientific,-0.029250383377075195,-0.06306822597980499,-0.04880213364958763,-0.04088323935866356,0.011632855981588364,0.022184986621141434,0.007918894290924072,0.0338178426027298,0.019551750272512436,0.01055213063955307,-0.0037139616906642914,735,308,0.5809523809523809,33,14
640,H,13,gnnexplainer,0.6,zero,scientific,-0.026982992887496948,-0.16875126957893372,0.0234917551279068,-0.030795302242040634,0.003812309354543686,0.13795596733689308,0.054287057369947433,0.14176827669143677,0.05047474801540375,0.1341436579823494,0.05047474801540375,735,308,0.5809523809523809,33,14
640,H,13,integrated_gradients,0.6,zero,scientific,-0.026982992887496948,-0.06433575600385666,-0.044469356536865234,-0.030795302242040634,0.003812309354543686,0.033540453761816025,0.0136740542948246,0.03735276311635971,0.017486363649368286,0.02972814440727234,0.009861744940280914,735,308,0.5809523809523809,33,14
640,C,0,gnnexplainer,0.6,zero,scientific,-7.860611915588379,-2.676363229751587,-13.069863319396973,-8.271045684814453,0.4104337692260742,5.594682455062866,4.7988176345825195,5.184248685836792,5.209251403808594,5.184248685836792,4.388383865356445,735,308,0.5809523809523809,39,16
640,C,0,integrated_gradients,0.6,zero,scientific,-7.860611915588379,-4.706840515136719,-8.617952346801758,-8.271045684814453,0.4104337692260742,3.5642051696777344,0.3469066619873047,3.15377140045166,0.7573404312133789,3.15377140045166,-0.06352710723876953,735,308,0.5809523809523809,39,16
640,C,1,gnnexplainer,0.6,zero,scientific,-7.8596673011779785,-3.5209193229675293,-15.898219108581543,-8.270045280456543,0.41037797927856445,4.749125957489014,7.628173828125,4.338747978210449,8.038551807403564,4.338747978210449,7.2177958488464355,735,308,0.5809523809523809,39,16
640,C,1,integrated_gradients,0.6,zero,scientific,-7.8596673011779785,-4.707250595092773,-8.617281913757324,-8.270045280456543,0.41037797927856445,3.5627946853637695,0.34723663330078125,3.152416706085205,0.7576146125793457,3.152416706085205,-0.0631413459777832,735,308,0.5809523809523809,39,16
640,C,2,gnnexplainer,0.6,zero,scientific,-0.4793398380279541,-5.513681888580322,0.34465259313583374,-0.608948290348053,0.12960845232009888,4.904733598232269,0.9536008834838867,5.034342050552368,0.8239924311637878,4.77512514591217,0.8239924311637878,735,308,0.5809523809523809,39,16
640,C,2,integrated_gradients,0.6,zero,scientific,-0.4793398380279541,-4.664402484893799,-0.6428751945495605,-0.608948290348053,0.12960845232009888,4.055454194545746,0.03392690420150757,4.185062646865845,0.16353535652160645,3.925845742225647,-0.09568154811859131,735,308,0.5809523809523809,39,16
640,C,3,gnnexplainer,0.6,zero,scientific,-1.0577682256698608,-5.6702046394348145,-0.7647088766098022,-1.4114946126937866,0.3537263870239258,4.258710026741028,0.6467857360839844,4.612436413764954,0.2930593490600586,3.904983639717102,0.2930593490600586,735,308,0.5809523809523809,39,16
640,C,3,integrated_gradients,0.6,zero,scientific,-1.0577682256698608,-4.904938697814941,-1.079024076461792,-1.4114946126937866,0.3537263870239258,3.493444085121155,0.33247053623199463,3.8471704721450806,0.021255850791931152,3.139717698097229,-0.021255850791931152,735,308,0.5809523809523809,39,16
640,C,4,gnnexplainer,0.6,zero,scientific,-1.6062666177749634,-6.906988620758057,-0.8134607672691345,-2.1460978984832764,0.539831280708313,4.76089072227478,1.3326371312141418,5.300722002983093,0.7928058505058289,4.221059441566467,0.7928058505058289,735,308,0.5809523809523809,39,16
640,C,4,integrated_gradients,0.6,zero,scientific,-1.6062666177749634,-5.021890163421631,-1.2679723501205444,-2.1460978984832764,0.539831280708313,2.8757922649383545,0.8781255483627319,3.4156235456466675,0.33829426765441895,2.3359609842300415,0.33829426765441895,735,308,0.5809523809523809,39,16
640,C,5,gnnexplainer,0.6,zero,scientific,-1.0578246116638184,-5.769059181213379,-0.7406353950500488,-1.4114511013031006,0.3536264896392822,4.357608079910278,0.6708157062530518,4.7112345695495605,0.31718921661376953,4.003981590270996,0.31718921661376953,735,308,0.5809523809523809,39,16
640,C,5,integrated_gradients,0.6,zero,scientific,-1.0578246116638184,-4.904932022094727,-1.0790865421295166,-1.4114511013031006,0.3536264896392822,3.493480920791626,0.332364559173584,3.847107410430908,0.021261930465698242,3.1398544311523438,-0.021261930465698242,735,308,0.5809523809523809,39,16
640,C,6,gnnexplainer,0.6,zero,scientific,-0.47932881116867065,-6.1332292556762695,0.14456616342067719,-0.6109034419059753,0.1315746307373047,5.522325813770294,0.7554696053266525,5.653900444507599,0.6238949745893478,5.3907511830329895,0.6238949745893478,735,308,0.5809523809523809,39,16
640,C,6,integrated_gradients,0.6,zero,scientific,-0.47932881116867065,-4.6168131828308105,-0.5802735090255737,-0.6109034419059753,0.1315746307373047,4.005909740924835,0.03062993288040161,4.13748437166214,0.10094469785690308,3.8743351101875305,-0.10094469785690308,735,308,0.5809523809523809,39,16
650,H,0,gnnexplainer,0.6,zero,scientific,-0.034940771758556366,-0.20440471172332764,-0.0005297437310218811,-0.047470711171627045,0.012529939413070679,0.1569340005517006,0.046940967440605164,0.16946393996477127,0.034411028027534485,0.1444040611386299,0.034411028027534485,762,320,0.5800524934383202,33,14
650,H,0,integrated_gradients,0.6,zero,scientific,-0.034940771758556366,-0.06636109203100204,-0.045180365443229675,-0.047470711171627045,0.012529939413070679,0.018890380859375,0.0022903457283973694,0.03142032027244568,0.01023959368467331,0.006360441446304321,-0.01023959368467331,762,320,0.5800524934383202,33,14
650,H,1,gnnexplainer,0.6,zero,scientific,-0.06100916862487793,-0.1543290615081787,-0.003837648779153824,-0.0373387411236763,0.02367042750120163,0.11699032038450241,0.033501092344522476,0.09331989288330078,0.057171519845724106,0.09331989288330078,0.009830664843320847,762,320,0.5800524934383202,33,14
650,H,1,integrated_gradients,0.6,zero,scientific,-0.06100916862487793,-0.06537164747714996,-0.07337012887001038,-0.0373387411236763,0.02367042750120163,0.028032906353473663,0.036031387746334076,0.004362478852272034,0.012360960245132446,0.004362478852272034,0.012360960245132446,762,320,0.5800524934383202,33,14
650,H,2,gnnexplainer,0.6,zero,scientific,-0.024738125503063202,-0.20288801193237305,0.0016563460230827332,-0.021102281287312508,0.0036358442157506943,0.18178573064506054,0.02275862731039524,0.17814988642930984,0.026394471526145935,0.17814988642930984,0.019122783094644547,762,320,0.5800524934383202,33,14
650,H,2,integrated_gradients,0.6,zero,scientific,-0.024738125503063202,-0.0745062381029129,-0.04129154607653618,-0.021102281287312508,0.0036358442157506943,0.053403956815600395,0.02018926478922367,0.0497681125998497,0.016553420573472977,0.0497681125998497,0.016553420573472977,762,320,0.5800524934383202,33,14
650,H,3,gnnexplainer,0.6,zero,scientific,-0.10827633738517761,-0.03655437380075455,-0.15462687611579895,-0.09628623723983765,0.011990100145339966,0.0597318634390831,0.058340638875961304,0.07172196358442307,0.04635053873062134,0.047741763293743134,0.04635053873062134,762,320,0.5800524934383202,33,14
650,H,3,integrated_gradients,0.6,zero,scientific,-0.10827633738517761,-0.091069296002388,-0.11560507863759995,-0.09628623723983765,0.011990100145339966,0.005216941237449646,0.0193188413977623,0.017207041382789612,0.007328741252422333,-0.00677315890789032,0.007328741252422333,762,320,0.5800524934383202,33,14
650,H,4,gnnexplainer,0.6,zero,scientific,-0.05421527847647667,-0.04725198447704315,-0.1310083270072937,-0.1060146912932396,0.051799412816762924,0.05876270681619644,0.024993635714054108,0.0069632939994335175,0.07679304853081703,0.0069632939994335175,-0.026805777102708817,762,320,0.5800524934383202,33,14
650,H,4,integrated_gradients,0.6,zero,scientific,-0.05421527847647667,-0.09110294282436371,-0.0700298547744751,-0.1060146912932396,0.051799412816762924,0.014911748468875885,0.035984836518764496,0.03688766434788704,0.01581457629799843,-0.03688766434788704,-0.01581457629799843,762,320,0.5800524934383202,33,14
650,H,5,gnnexplainer,0.6,zero,scientific,-0.0340970978140831,-0.1811302900314331,0.014867015182971954,-0.045926790684461594,0.011829692870378494,0.1352034993469715,0.06079380586743355,0.14703319221735,0.048964112997055054,0.12337380647659302,0.048964112997055054,762,320,0.5800524934383202,33,14
650,H,5,integrated_gradients,0.6,zero,scientific,-0.0340970978140831,-0.06572373956441879,-0.04185761883854866,-0.045926790684461594,0.011829692870378494,0.0197969488799572,0.004069171845912933,0.03162664175033569,0.007760521024465561,0.007967256009578705,-0.007760521024465561,762,320,0.5800524934383202,33,14
650,H,6,gnnexplainer,0.6,zero,scientific,-0.023676138371229172,-0.20796728134155273,-0.01615714654326439,-0.01910228095948696,0.00457385741174221,0.18886500038206577,0.0029451344162225723,0.18429114297032356,0.007518991827964783,0.18429114297032356,-0.001628722995519638,762,320,0.5800524934383202,33,14
650,H,6,integrated_gradients,0.6,zero,scientific,-0.023676138371229172,-0.07308248430490494,-0.03445129096508026,-0.01910228095948696,0.00457385741174221,0.053980203345417976,0.0153490100055933,0.049406345933675766,0.01077515259385109,0.049406345933675766,0.01077515259385109,762,320,0.5800524934383202,33,14
650,H,7,gnnexplainer,0.6,zero,scientific,-0.05934511870145798,-0.15971054136753082,-0.00789600983262062,-0.03475097194314003,0.024594146758317947,0.12495956942439079,0.02685496211051941,0.10036542266607285,0.05144910886883736,0.10036542266607285,0.002260815352201462,762,320,0.5800524934383202,33,14
650,H,7,integrated_gradients,0.6,zero,scientific,-0.05934511870145798,-0.06640387326478958,-0.06863486766815186,-0.03475097194314003,0.024594146758317947,0.03165290132164955,0.033883895725011826,0.007058754563331604,0.009289748966693878,0.007058754563331604,0.009289748966693878,762,320,0.5800524934383202,33,14
650,H,8,gnnexplainer,0.6,zero,scientific,-0.03394071012735367,-0.17492927610874176,0.01859959214925766,-0.04692678898572922,0.01298607885837555,0.12800248712301254,0.06552638113498688,0.1409885659813881,0.05254030227661133,0.115016408264637,0.05254030227661133,762,320,0.5800524934383202,33,14
650,H,8,integrated_gradients,0.6,zero,scientific,-0.03394071012735367,-0.06686960905790329,-0.042605720460414886,-0.04692678898572922,0.01298607885837555,0.019942820072174072,0.004321068525314331,0.03292889893054962,0.008665010333061218,0.006956741213798523,-0.008665010333061218,762,320,0.5800524934383202,33,14
650,H,9,gnnexplainer,0.6,zero,scientific,-0.05895303934812546,-0.15210536122322083,-0.006648659706115723,-0.03479496389627457,0.02415807545185089,0.11731039732694626,0.028146304190158844,0.09315232187509537,0.052304379642009735,0.09315232187509537,0.003988228738307953,762,320,0.5800524934383202,33,14
650,H,9,integrated_gradients,0.6,zero,scientific,-0.05895303934812546,-0.0661785826086998,-0.06863010674715042,-0.03479496389627457,0.02415807545185089,0.03138361871242523,0.033835142850875854,0.007225543260574341,0.009677067399024963,0.007225543260574341,0.009677067399024963,762,320,0.5800524934383202,33,14
650,H,10,gnnexplainer,0.6,zero,scientific,-0.023587524890899658,-0.13813862204551697,-0.01367371529340744,-0.020102281123399734,0.0034852437674999237,0.11803634092211723,0.006428565829992294,0.11455109715461731,0.009913809597492218,0.11455109715461731,0.0029433220624923706,762,320,0.5800524934383202,33,14
650,H,10,integrated_gradients,0.6,zero,scientific,-0.023587524890899658,-0.07511685788631439,-0.039808325469493866,-0.020102281123399734,0.0034852437674999237,0.05501457676291466,0.01970604434609413,0.051529332995414734,0.016220800578594208,0.051529332995414734,0.016220800578594208,762,320,0.5800524934383202,33,14
650,H,11,gnnexplainer,0.6,zero,scientific,-0.10841157287359238,-0.06485598534345627,-0.11651133000850677,-0.09524228423833847,0.013169288635253906,0.030386298894882202,0.021269045770168304,0.04355558753013611,0.008099757134914398,0.017217010259628296,0.008099757134914398,762,320,0.5800524934383202,33,14
650,H,11,integrated_gradients,0.6,zero,scientific,-0.10841157287359238,-0.08264830708503723,-0.12037871032953262,-0.09524228423833847,0.013169288635253906,0.012593977153301239,0.025136426091194153,0.025763265788555145,0.011967137455940247,-0.0005753114819526672,0.011967137455940247,762,320,0.5800524934383202,33,14
650,H,12,gnnexplainer,0.6,zero,scientific,-0.05435436591506004,-0.016863182187080383,-0.1963081657886505,-0.10497073829174042,0.050616372376680374,0.08810755610466003,0.0913374274969101,0.03749118372797966,0.14195379987359047,0.03749118372797966,0.04072105512022972,762,320,0.5800524934383202,33,14
650,H,12,integrated_gradients,0.6,zero,scientific,-0.05435436591506004,-0.07925821840763092,-0.07209400087594986,-0.10497073829174042,0.050616372376680374,0.025712519884109497,0.03287673741579056,0.024903852492570877,0.017739634960889816,-0.024903852492570877,-0.017739634960889816,762,320,0.5800524934383202,33,14
650,H,13,gnnexplainer,0.6,zero,scientific,-0.06090754270553589,-0.18500551581382751,0.0016132369637489319,-0.03579496219754219,0.025112580507993698,0.14921055361628532,0.03740819916129112,0.12409797310829163,0.06252077966928482,0.12409797310829163,0.012295618653297424,762,320,0.5800524934383202,33,14
650,H,13,integrated_gradients,0.6,zero,scientific,-0.06090754270553589,-0.06606319546699524,-0.07216155529022217,-0.03579496219754219,0.025112580507993698,0.03026823326945305,0.03636659309267998,0.005155652761459351,0.01125401258468628,0.005155652761459351,0.01125401258468628,762,320,0.5800524934383202,33,14
650,H,14,gnnexplainer,0.6,zero,scientific,-0.03507107496261597,-0.18355867266654968,0.0053778961300849915,-0.04792679101228714,0.012855716049671173,0.13563188165426254,0.05330468714237213,0.14848759770393372,0.04044897109270096,0.12277616560459137,0.04044897109270096,762,320,0.5800524934383202,33,14
650,H,14,integrated_gradients,0.6,zero,scientific,-0.03507107496261597,-0.06734379380941391,-0.0449354387819767,-0.04792679101228714,0.012855716049671173,0.01941700279712677,0.00299135223031044,0.03227271884679794,0.009864363819360733,0.006561286747455597,-0.009864363819360733,762,320,0.5800524934383202,33,14
650,H,15,gnnexplainer,0.6,zero,scientific,-0.024672776460647583,-0.18480144441127777,0.019346214830875397,-0.01910228095948696,0.005570495501160622,0.1656991634517908,0.03844849579036236,0.1601286679506302,0.04401899129152298,0.1601286679506302,0.032878000289201736,762,320,0.5800524934383202,33,14
650,H,15,integrated_gradients,0.6,zero,scientific,-0.024672776460647583,-0.07502994686365128,-0.035930048674345016,-0.01910228095948696,0.005570495501160622,0.055927665904164314,0.016827767714858055,0.05035717040300369,0.011257272213697433,0.05035717040300369,0.011257272213697433,762,320,0.5800524934383202,33,14
650,C,0,gnnexplainer,0.6,zero,scientific,-0.6039972305297852,-6.2426838874816895,0.41183310747146606,-0.7945148944854736,0.19051766395568848,5.448168992996216,1.2063480019569397,5.638686656951904,1.0158303380012512,5.257651329040527,1.0158303380012512,762,320,0.5800524934383202,39,16
650,C,0,integrated_gradients,0.6,zero,scientific,-0.6039972305297852,-4.484758377075195,-0.6707636117935181,-0.7945148944854736,0.19051766395568848,3.6902434825897217,0.12375128269195557,3.88076114654541,0.06676638126373291,3.499725818634033,-0.06676638126373291,762,320,0.5800524934383202,39,16
650,C,1,gnnexplainer,0.6,zero,scientific,-0.9427768588066101,-6.154004096984863,-0.010874882340431213,-1.2854688167572021,0.34269195795059204,4.868535280227661,1.274593934416771,5.211227238178253,0.9319019764661789,4.525843322277069,0.9319019764661789,762,320,0.5800524934383202,39,16
650,C,1,integrated_gradients,0.6,zero,scientific,-0.9427768588066101,-4.599685192108154,-1.1584101915359497,-1.2854688167572021,0.34269195795059204,3.314216375350952,0.12705862522125244,3.656908333301544,0.2156333327293396,2.97152441740036,-0.2156333327293396,762,320,0.5800524934383202,39,16
650,C,2,gnnexplainer,0.6,zero,scientific,-0.6430948376655579,-6.826381206512451,0.3118564486503601,-0.7869271636009216,0.14383232593536377,6.0394540429115295,1.0987836122512817,6.183286368846893,0.954951286315918,5.895621716976166,0.954951286315918,762,320,0.5800524934383202,39,16
650,C,2,integrated_gradients,0.6,zero,scientific,-0.6430948376655579,-4.365458011627197,-0.6764048933982849,-0.7869271636009216,0.14383232593536377,3.5785308480262756,0.11052227020263672,3.7223631739616394,0.03331005573272705,3.434698522090912,-0.03331005573272705,762,320,0.5800524934383202,39,16
650,C,3,gnnexplainer,0.6,zero,scientific,-0.6416166424751282,-5.322893142700195,0.2626550793647766,-0.7869707942008972,0.14535415172576904,4.535922348499298,1.0496258735656738,4.681276500225067,0.9042717218399048,4.390568196773529,0.9042717218399048,762,320,0.5800524934383202,39,16
650,C,3,integrated_gradients,0.6,zero,scientific,-0.6416166424751282,-4.366049289703369,-0.6805995106697083,-0.7869707942008972,0.14535415172576904,3.579078495502472,0.10637128353118896,3.724432647228241,0.03898286819458008,3.433724343776703,-0.03898286819458008,762,320,0.5800524934383202,39,16
650,C,4,gnnexplainer,0.6,zero,scientific,-0.942050039768219,-5.870818614959717,-0.145249143242836,-1.282924771308899,0.34087473154067993,4.587893843650818,1.137675628066063,4.928768575191498,0.796800896525383,4.247019112110138,0.796800896525383,762,320,0.5800524934383202,39,16
650,C,4,integrated_gradients,0.6,zero,scientific,-0.942050039768219,-4.599748134613037,-1.1572341918945312,-1.282924771308899,0.34087473154067993,3.316823363304138,0.12569057941436768,3.657698094844818,0.21518415212631226,2.9759486317634583,-0.21518415212631226,762,320,0.5800524934383202,39,16
650,C,5,gnnexplainer,0.6,zero,scientific,-0.60410076379776,-6.267341613769531,0.17668919265270233,-0.7939702272415161,0.1898694634437561,5.473371386528015,0.9706594198942184,5.663240849971771,0.7807899564504623,5.283501923084259,0.7807899564504623,762,320,0.5800524934383202,39,16
650,C,5,integrated_gradients,0.6,zero,scientific,-0.60410076379776,-4.4882097244262695,-0.6693735718727112,-0.7939702272415161,0.1898694634437561,3.6942394971847534,0.12459665536880493,3.8841089606285095,0.06527280807495117,3.5043700337409973,-0.06527280807495117,762,320,0.5800524934383202,39,16
740,H,1,gnnexplainer,0.6,zero,scientific,-0.026137936860322952,-0.19192880392074585,0.05532168596982956,0.03481113538146019,0.06094907224178314,0.22673993930220604,0.02051055058836937,0.1657908670604229,0.08145962283015251,0.1657908670604229,-0.04043852165341377,561,237,0.5775401069518716,33,14
740,H,2,gnnexplainer,0.6,zero,scientific,-0.04452488198876381,-0.20567095279693604,-0.026660297065973282,-0.0694003626704216,0.02487548068165779,0.13627059012651443,0.04274006560444832,0.16114607080817223,0.017864584922790527,0.11139510944485664,0.017864584922790527,561,237,0.5775401069518716,33,14
740,H,3,gnnexplainer,0.6,zero,scientific,-0.04864649474620819,-0.19215330481529236,0.03307688981294632,-0.03524171933531761,0.01340477541089058,0.15691158547997475,0.06831860914826393,0.14350681006908417,0.08172338455915451,0.14350681006908417,0.05491383373737335,561,237,0.5775401069518716,33,14
740,H,4,gnnexplainer,0.6,zero,scientific,-0.044288262724876404,-0.20742028951644897,0.02310992032289505,-0.06663717329502106,0.022348910570144653,0.14078311622142792,0.08974709361791611,0.16313202679157257,0.06739818304777145,0.11843420565128326,0.06739818304777145,561,237,0.5775401069518716,33,14
740,H,5,gnnexplainer,0.6,zero,scientific,-0.02385552227497101,-0.13252058625221252,0.022180527448654175,0.03422334045171738,0.058078862726688385,0.1667439267039299,0.012042813003063202,0.10866506397724152,0.04603604972362518,0.10866506397724152,-0.04603604972362518,561,237,0.5775401069518716,33,14
740,H,6,gnnexplainer,0.6,zero,scientific,-0.046978406608104706,-0.20469370484352112,0.04041481018066406,-0.03061004728078842,0.016368359327316284,0.1740836575627327,0.07102485746145248,0.1577152982354164,0.08739321678876877,0.1577152982354164,0.0546564981341362,561,237,0.5775401069518716,33,14
740,H,9,gnnexplainer,0.6,zero,scientific,-0.04696982726454735,-0.01173035055398941,-0.1651221215724945,-0.11217248439788818,0.06520265713334084,0.10044213384389877,0.05294963717460632,0.03523947671055794,0.11815229430794716,0.03523947671055794,-0.012253019958734512,561,237,0.5775401069518716,33,14
740,H,10,gnnexplainer,0.6,zero,scientific,-0.046655893325805664,-0.018947966396808624,-0.18211737275123596,-0.10799708962440491,0.06134119629859924,0.08904912322759628,0.07412028312683105,0.02770792692899704,0.1354614794254303,0.02770792692899704,0.012779086828231812,561,237,0.5775401069518716,33,14
740,H,11,gnnexplainer,0.6,zero,scientific,-0.03764323145151138,-0.19148242473602295,0.013619102537631989,0.028855061158537865,0.06649829261004925,0.22033748589456081,0.015235958620905876,0.15383919328451157,0.05126233398914337,0.15383919328451157,-0.05126233398914337,561,237,0.5775401069518716,33,14
740,C,0,gnnexplainer,0.6,zero,scientific,0.018430694937705994,-7.296844482421875,0.41489481925964355,0.41184088587760925,0.39341019093990326,7.708685368299484,0.0030539333820343018,7.315275177359581,0.39646412432193756,7.315275177359581,-0.39035625755786896,561,237,0.5775401069518716,39,16
740,C,1,gnnexplainer,0.6,zero,scientific,0.007801875472068787,-6.925631523132324,0.6554370522499084,0.3751834034919739,0.3673815280199051,7.300814926624298,0.28025364875793457,6.933433398604393,0.6476351767778397,6.933433398604393,-0.08712787926197052,561,237,0.5775401069518716,39,16
740,C,2,gnnexplainer,0.6,zero,scientific,-0.3508378267288208,-8.458684921264648,0.5872132182121277,0.5169197916984558,0.8677576184272766,8.975604712963104,0.07029342651367188,8.107847094535828,0.9380510449409485,8.107847094535828,-0.7974641919136047,561,237,0.5775401069518716,39,16
