graph_idx,node_type,node_idx,method,sparsity_target,mask_baseline_mode,ig_baseline_mode,pred_orig,pred_drop,pred_keep,target,error_orig,error_drop,error_keep,fid_plus_model,fid_minus_model,fid_plus_error_delta,fid_minus_error_delta,n_features,k_features,actual_sparsity_feat,n_features_target,k_features_target
50,H,0,gnnexplainer,0.8,match_ig_baseline,scientific,-0.18866461515426636,-0.06481444835662842,-0.24321013689041138,-0.18572446703910828,0.002940148115158081,0.12091001868247986,0.0574856698513031,0.12385016679763794,0.05454552173614502,0.11796987056732178,0.05454552173614502,498,104,0.7911646586345382,33,7
50,H,0,integrated_gradients,0.8,match_ig_baseline,scientific,-0.18866461515426636,-0.1031264066696167,-0.17429065704345703,-0.18572446703910828,0.002940148115158081,0.08259806036949158,0.011433809995651245,0.08553820848464966,0.014373958110809326,0.0796579122543335,0.008493661880493164,498,104,0.7911646586345382,33,7
50,H,1,gnnexplainer,0.8,match_ig_baseline,scientific,-0.19408667087554932,-0.07089035212993622,-0.2068270444869995,-0.1745053380727768,0.019581332802772522,0.10361498594284058,0.03232170641422272,0.1231963187456131,0.012740373611450195,0.08403365314006805,0.012740373611450195,498,104,0.7911646586345382,33,7
50,H,1,integrated_gradients,0.8,match_ig_baseline,scientific,-0.19408667087554932,-0.11197397112846375,-0.17876514792442322,-0.1745053380727768,0.019581332802772522,0.06253136694431305,0.004259809851646423,0.08211269974708557,0.015321522951126099,0.04295003414154053,-0.015321522951126099,498,104,0.7911646586345382,33,7
50,H,2,gnnexplainer,0.8,match_ig_baseline,scientific,-0.13721123337745667,-0.06923802196979523,-0.1511409878730774,-0.1240059956908226,0.013205237686634064,0.054767973721027374,0.02713499218225479,0.06797321140766144,0.013929754495620728,0.04156273603439331,0.013929754495620728,498,104,0.7911646586345382,33,7
50,H,2,integrated_gradients,0.8,match_ig_baseline,scientific,-0.13721123337745667,-0.11353378742933273,-0.11573476344347,-0.1240059956908226,0.013205237686634064,0.010472208261489868,0.0082712322473526,0.023677445948123932,0.021476469933986664,-0.0027330294251441956,-0.004934005439281464,498,104,0.7911646586345382,33,7
50,H,3,gnnexplainer,0.8,match_ig_baseline,scientific,-0.06269896030426025,-0.1005440205335617,-0.05573830381035805,-0.029461706057190895,0.03323725424706936,0.07108231447637081,0.026276597753167152,0.03784506022930145,0.006960656493902206,0.03784506022930145,-0.006960656493902206,498,104,0.7911646586345382,33,7
50,H,3,integrated_gradients,0.8,match_ig_baseline,scientific,-0.06269896030426025,-0.07473906874656677,-0.064674973487854,-0.029461706057190895,0.03323725424706936,0.04527736268937588,0.03521326743066311,0.012040108442306519,0.00197601318359375,0.012040108442306519,0.00197601318359375,498,104,0.7911646586345382,33,7
50,H,4,gnnexplainer,0.8,match_ig_baseline,scientific,-0.05592544749379158,-0.02627129852771759,-0.17041513323783875,-0.08866342157125473,0.03273797407746315,0.06239212304353714,0.08175171166658401,0.02965414896607399,0.11448968574404716,0.02965414896607399,0.049013737589120865,498,104,0.7911646586345382,33,7
50,H,4,integrated_gradients,0.8,match_ig_baseline,scientific,-0.05592544749379158,-0.08563512563705444,-0.062742680311203,-0.08866342157125473,0.03273797407746315,0.003028295934200287,0.025920741260051727,0.029709678143262863,0.006817232817411423,-0.029709678143262863,-0.006817232817411423,498,104,0.7911646586345382,33,7
50,H,5,gnnexplainer,0.8,match_ig_baseline,scientific,-0.08462868630886078,-0.19938373565673828,-0.029241465032100677,-0.06410186737775803,0.020526818931102753,0.13528186827898026,0.03486040234565735,0.1147550493478775,0.0553872212767601,0.1147550493478775,0.014333583414554596,498,104,0.7911646586345382,33,7
50,H,5,integrated_gradients,0.8,match_ig_baseline,scientific,-0.08462868630886078,-0.09728505462408066,-0.07545213401317596,-0.06410186737775803,0.020526818931102753,0.03318318724632263,0.011350266635417938,0.01265636831521988,0.009176552295684814,0.01265636831521988,-0.009176552295684814,498,104,0.7911646586345382,33,7
50,H,6,gnnexplainer,0.8,match_ig_baseline,scientific,-0.33054494857788086,-0.13204629719257355,-0.3001148998737335,-0.3011716902256012,0.029373258352279663,0.16912539303302765,0.0010567903518676758,0.1984986513853073,0.03043004870414734,0.13975213468074799,-0.028316468000411987,498,104,0.7911646586345382,33,7
50,H,6,integrated_gradients,0.8,match_ig_baseline,scientific,-0.33054494857788086,-0.12276427447795868,-0.30589792132377625,-0.3011716902256012,0.029373258352279663,0.17840741574764252,0.004726231098175049,0.20778067409992218,0.024647027254104614,0.14903415739536285,-0.024647027254104614,498,104,0.7911646586345382,33,7
50,H,7,gnnexplainer,0.8,match_ig_baseline,scientific,-0.3257949948310852,-0.15103471279144287,-0.29892000555992126,-0.362988144159317,0.03719314932823181,0.21195343136787415,0.06406813859939575,0.17476028203964233,0.02687498927116394,0.17476028203964233,0.02687498927116394,498,104,0.7911646586345382,33,7
50,H,7,integrated_gradients,0.8,match_ig_baseline,scientific,-0.3257949948310852,-0.0967620462179184,-0.3016894459724426,-0.362988144159317,0.03719314932823181,0.2662260979413986,0.06129869818687439,0.2290329486131668,0.024105548858642578,0.2290329486131668,0.024105548858642578,498,104,0.7911646586345382,33,7
50,C,0,gnnexplainer,0.8,match_ig_baseline,scientific,-3.4731967449188232,-2.561241626739502,-6.2975239753723145,-3.638505220413208,0.16530847549438477,1.077263593673706,2.6590187549591064,0.9119551181793213,2.824327230453491,0.9119551181793213,2.4937102794647217,498,104,0.7911646586345382,39,8
50,C,0,integrated_gradients,0.8,match_ig_baseline,scientific,-3.4731967449188232,-4.68946647644043,-3.1172804832458496,-3.638505220413208,0.16530847549438477,1.0509612560272217,0.5212247371673584,1.2162697315216064,0.35591626167297363,0.8856527805328369,0.35591626167297363,498,104,0.7911646586345382,39,8
50,C,1,gnnexplainer,0.8,match_ig_baseline,scientific,-2.626781463623047,-5.579675197601318,-2.7458724975585938,-2.7032065391540527,0.07642507553100586,2.8764686584472656,0.042665958404541016,2.9528937339782715,0.11909103393554688,2.8000435829162598,-0.033759117126464844,498,104,0.7911646586345382,39,8
50,C,1,integrated_gradients,0.8,match_ig_baseline,scientific,-2.626781463623047,-4.963115215301514,-2.2319369316101074,-2.7032065391540527,0.07642507553100586,2.259908676147461,0.4712696075439453,2.336333751678467,0.39484453201293945,2.183483600616455,0.39484453201293945,498,104,0.7911646586345382,39,8
50,C,2,gnnexplainer,0.8,match_ig_baseline,scientific,-2.6187326908111572,-1.4314128160476685,-4.887857913970947,-3.0836172103881836,0.46488451957702637,1.6522043943405151,1.8042407035827637,1.1873198747634888,2.26912522315979,1.1873198747634888,1.3393561840057373,498,104,0.7911646586345382,39,8
50,C,2,integrated_gradients,0.8,match_ig_baseline,scientific,-2.6187326908111572,-4.4750142097473145,-2.4539427757263184,-3.0836172103881836,0.46488451957702637,1.3913969993591309,0.6296744346618652,1.8562815189361572,0.16478991508483887,0.9265124797821045,0.16478991508483887,498,104,0.7911646586345382,39,8
50,C,3,gnnexplainer,0.8,match_ig_baseline,scientific,-12.352452278137207,-6.936491966247559,-8.287215232849121,-11.829119682312012,0.5233325958251953,4.892627716064453,3.5419044494628906,5.415960311889648,4.065237045288086,4.369295120239258,3.0185718536376953,498,104,0.7911646586345382,39,8
50,C,3,integrated_gradients,0.8,match_ig_baseline,scientific,-12.352452278137207,-4.761012554168701,-10.124432563781738,-11.829119682312012,0.5233325958251953,7.0681071281433105,1.7046871185302734,7.591439723968506,2.2280197143554688,6.544774532318115,1.1813545227050781,498,104,0.7911646586345382,39,8
50,C,4,gnnexplainer,0.8,match_ig_baseline,scientific,-12.56570053100586,-7.020498752593994,-9.227396011352539,-12.671215057373047,0.1055145263671875,5.650716304779053,3.443819046020508,5.545201778411865,3.3383045196533203,5.545201778411865,3.3383045196533203,498,104,0.7911646586345382,39,8
50,C,4,integrated_gradients,0.8,match_ig_baseline,scientific,-12.56570053100586,-4.876320838928223,-11.555146217346191,-12.671215057373047,0.1055145263671875,7.794894218444824,1.1160688400268555,7.689379692077637,1.010554313659668,7.689379692077637,1.010554313659668,498,104,0.7911646586345382,39,8
50,C,5,gnnexplainer,0.8,match_ig_baseline,scientific,-1.2540905475616455,-6.25132417678833,-0.9653167128562927,-1.9315294027328491,0.6774388551712036,4.319794774055481,0.9662126898765564,4.997233629226685,0.2887738347053528,3.6423559188842773,0.2887738347053528,498,104,0.7911646586345382,39,8
50,C,5,integrated_gradients,0.8,match_ig_baseline,scientific,-1.2540905475616455,-4.449497699737549,-1.2744375467300415,-1.9315294027328491,0.6774388551712036,2.5179682970046997,0.6570918560028076,3.1954071521759033,0.020346999168395996,1.840529441833496,-0.020346999168395996,498,104,0.7911646586345382,39,8
170,H,0,gnnexplainer,0.8,match_ig_baseline,scientific,-0.08065252006053925,-0.10673587769269943,-0.032153692096471786,-0.026961499825119972,0.05369102023541927,0.07977437786757946,0.005192192271351814,0.026083357632160187,0.04849882796406746,0.026083357632160187,-0.04849882796406746,662,140,0.7885196374622356,33,7
170,H,0,integrated_gradients,0.8,match_ig_baseline,scientific,-0.08065252006053925,-0.04784676805138588,-0.0817045196890831,-0.026961499825119972,0.05369102023541927,0.020885268226265907,0.05474301986396313,0.032805752009153366,0.0010519996285438538,-0.032805752009153366,0.0010519996285438538,662,140,0.7885196374622356,33,7
170,H,1,gnnexplainer,0.8,match_ig_baseline,scientific,-0.08064423501491547,-0.11370190978050232,-0.03499455377459526,-0.027961499989032745,0.05268273502588272,0.08574040979146957,0.007033053785562515,0.03305767476558685,0.045649681240320206,0.03305767476558685,-0.045649681240320206,662,140,0.7885196374622356,33,7
170,H,1,integrated_gradients,0.8,match_ig_baseline,scientific,-0.08064423501491547,-0.047845955938100815,-0.08169921487569809,-0.027961499989032745,0.05268273502588272,0.01988445594906807,0.053737714886665344,0.03279827907681465,0.0010549798607826233,-0.03279827907681465,0.0010549798607826233,662,140,0.7885196374622356,33,7
170,H,2,gnnexplainer,0.8,match_ig_baseline,scientific,-0.08063553273677826,-0.10249759256839752,-0.0411626361310482,-0.027961499989032745,0.052674032747745514,0.07453609257936478,0.013201136142015457,0.021862059831619263,0.03947289660573006,0.021862059831619263,-0.03947289660573006,662,140,0.7885196374622356,33,7
170,H,2,integrated_gradients,0.8,match_ig_baseline,scientific,-0.08063553273677826,-0.04784475266933441,-0.08169984817504883,-0.027961499989032745,0.052674032747745514,0.019883252680301666,0.05373834818601608,0.03279078006744385,0.0010643154382705688,-0.03279078006744385,0.0010643154382705688,662,140,0.7885196374622356,33,7
170,H,3,gnnexplainer,0.8,match_ig_baseline,scientific,-0.08062697947025299,-0.09439274668693542,-0.025730833411216736,-0.026961499825119972,0.05366547964513302,0.06743124686181545,0.0012306664139032364,0.013765767216682434,0.054896146059036255,0.013765767216682434,-0.05243481323122978,662,140,0.7885196374622356,33,7
170,H,3,integrated_gradients,0.8,match_ig_baseline,scientific,-0.08062697947025299,-0.047844089567661285,-0.0816943347454071,-0.026961499825119972,0.05366547964513302,0.020882589742541313,0.05473283492028713,0.032782889902591705,0.0010673552751541138,-0.032782889902591705,0.0010673552751541138,662,140,0.7885196374622356,33,7
170,H,4,gnnexplainer,0.8,match_ig_baseline,scientific,-0.07791470736265182,-0.09634937345981598,-0.039400529116392136,-0.027961499989032745,0.04995320737361908,0.06838787347078323,0.01143902912735939,0.018434666097164154,0.03851417824625969,0.018434666097164154,-0.03851417824625969,662,140,0.7885196374622356,33,7
170,H,4,integrated_gradients,0.8,match_ig_baseline,scientific,-0.07791470736265182,-0.050760574638843536,-0.07768754661083221,-0.027961499989032745,0.04995320737361908,0.02279907464981079,0.04972604662179947,0.02715413272380829,0.0002271607518196106,-0.02715413272380829,-0.0002271607518196106,662,140,0.7885196374622356,33,7
170,H,5,gnnexplainer,0.8,match_ig_baseline,scientific,-0.07790467888116837,-0.07400353252887726,-0.023637857288122177,-0.026961499825119972,0.05094317905604839,0.047042032703757286,0.003323642536997795,0.003901146352291107,0.05426682159304619,-0.003901146352291107,-0.0476195365190506,662,140,0.7885196374622356,33,7
170,H,5,integrated_gradients,0.8,match_ig_baseline,scientific,-0.07790467888116837,-0.05075959861278534,-0.07767918705940247,-0.026961499825119972,0.05094317905604839,0.023798098787665367,0.050717687234282494,0.027145080268383026,0.00022549182176589966,-0.027145080268383026,-0.00022549182176589966,662,140,0.7885196374622356,33,7
170,H,6,gnnexplainer,0.8,match_ig_baseline,scientific,-0.07790350168943405,-0.11323495954275131,-0.03463274985551834,-0.026961499825119972,0.05094200186431408,0.08627345971763134,0.007671250030398369,0.03533145785331726,0.04327075183391571,0.03533145785331726,-0.04327075183391571,662,140,0.7885196374622356,33,7
170,H,6,integrated_gradients,0.8,match_ig_baseline,scientific,-0.07790350168943405,-0.05076400563120842,-0.07768737524747849,-0.026961499825119972,0.05094200186431408,0.023802505806088448,0.05072587542235851,0.02713949605822563,0.0002161264419555664,-0.02713949605822563,-0.0002161264419555664,662,140,0.7885196374622356,33,7
170,H,7,gnnexplainer,0.8,match_ig_baseline,scientific,-0.07790827751159668,-0.09101291745901108,-0.0353749543428421,-0.02896150015294552,0.04894677735865116,0.06205141730606556,0.0064134541898965836,0.013104639947414398,0.04253332316875458,0.013104639947414398,-0.04253332316875458,662,140,0.7885196374622356,33,7
170,H,7,integrated_gradients,0.8,match_ig_baseline,scientific,-0.07790827751159668,-0.05076444149017334,-0.0776921734213829,-0.02896150015294552,0.04894677735865116,0.02180294133722782,0.048730673268437386,0.02714383602142334,0.00021610409021377563,-0.02714383602142334,-0.00021610409021377563,662,140,0.7885196374622356,33,7
170,H,8,gnnexplainer,0.8,match_ig_baseline,scientific,-0.07964935898780823,-0.07677419483661652,-0.038198452442884445,-0.02691764011979103,0.0527317188680172,0.049856554716825485,0.011280812323093414,0.0028751641511917114,0.04145090654492378,-0.0028751641511917114,-0.04145090654492378,662,140,0.7885196374622356,33,7
170,H,8,integrated_gradients,0.8,match_ig_baseline,scientific,-0.07964935898780823,-0.046287041157484055,-0.08134272694587708,-0.02691764011979103,0.0527317188680172,0.019369401037693024,0.054425086826086044,0.03336231783032417,0.0016933679580688477,-0.03336231783032417,0.0016933679580688477,662,140,0.7885196374622356,33,7
170,H,9,gnnexplainer,0.8,match_ig_baseline,scientific,-0.0796414166688919,-0.10025850683450699,-0.030290324240922928,-0.025917639955878258,0.05372377671301365,0.07434086687862873,0.00437268428504467,0.020617090165615082,0.04935109242796898,0.020617090165615082,-0.04935109242796898,662,140,0.7885196374622356,33,7
170,H,9,integrated_gradients,0.8,match_ig_baseline,scientific,-0.0796414166688919,-0.04628739133477211,-0.08133472502231598,-0.025917639955878258,0.05372377671301365,0.020369751378893852,0.05541708506643772,0.0333540253341198,0.0016933083534240723,-0.0333540253341198,0.0016933083534240723,662,140,0.7885196374622356,33,7
170,H,10,gnnexplainer,0.8,match_ig_baseline,scientific,-0.07964157313108444,-0.09059260040521622,-0.04457028955221176,-0.025917639955878258,0.053723933175206184,0.06467496044933796,0.018652649596333504,0.010951027274131775,0.03507128357887268,0.010951027274131775,-0.03507128357887268,662,140,0.7885196374622356,33,7
170,H,10,integrated_gradients,0.8,match_ig_baseline,scientific,-0.07964157313108444,-0.046280719339847565,-0.08133908361196518,-0.025917639955878258,0.053723933175206184,0.020363079383969307,0.05542144365608692,0.03336085379123688,0.0016975104808807373,-0.03336085379123688,0.0016975104808807373,662,140,0.7885196374622356,33,7
170,H,11,gnnexplainer,0.8,match_ig_baseline,scientific,-0.07965811342000961,-0.08858759701251984,-0.03708530217409134,-0.02896150015294552,0.050696613267064095,0.05962609685957432,0.00812380202114582,0.008929483592510223,0.042572811245918274,0.008929483592510223,-0.042572811245918274,662,140,0.7885196374622356,33,7
170,H,11,integrated_gradients,0.8,match_ig_baseline,scientific,-0.07965811342000961,-0.046281829476356506,-0.0813543051481247,-0.02896150015294552,0.050696613267064095,0.017320329323410988,0.052392804995179176,0.03337628394365311,0.0016961917281150818,-0.03337628394365311,0.0016961917281150818,662,140,0.7885196374622356,33,7
170,C,0,gnnexplainer,0.8,match_ig_baseline,scientific,-2.0284276008605957,-3.2506136894226074,-2.2902722358703613,-2.175614595413208,0.1471869945526123,1.0749990940093994,0.11465764045715332,1.2221860885620117,0.2618446350097656,0.9278120994567871,-0.032529354095458984,662,140,0.7885196374622356,39,8
170,C,0,integrated_gradients,0.8,match_ig_baseline,scientific,-2.0284276008605957,-3.305851459503174,-1.9872703552246094,-2.175614595413208,0.1471869945526123,1.1302368640899658,0.18834424018859863,1.2774238586425781,0.04115724563598633,0.9830498695373535,0.04115724563598633,662,140,0.7885196374622356,39,8
170,C,1,gnnexplainer,0.8,match_ig_baseline,scientific,-2.0285582542419434,-3.46256422996521,-1.5757036209106445,-2.1761586666107178,0.14760041236877441,1.2864055633544922,0.6004550457000732,1.4340059757232666,0.45285463333129883,1.1388051509857178,0.45285463333129883,662,140,0.7885196374622356,39,8
170,C,1,integrated_gradients,0.8,match_ig_baseline,scientific,-2.0285582542419434,-3.3063344955444336,-1.9890708923339844,-2.1761586666107178,0.14760041236877441,1.1301758289337158,0.1870877742767334,1.2777762413024902,0.039487361907958984,0.9825754165649414,0.039487361907958984,662,140,0.7885196374622356,39,8
170,C,2,gnnexplainer,0.8,match_ig_baseline,scientific,-2.1927924156188965,-3.517909526824951,-1.8675779104232788,-2.1926145553588867,0.00017786026000976562,1.3252949714660645,0.3250366449356079,1.3251171112060547,0.3252145051956177,1.3251171112060547,0.32485878467559814,662,140,0.7885196374622356,39,8
170,C,2,integrated_gradients,0.8,match_ig_baseline,scientific,-2.1927924156188965,-3.5461301803588867,-1.9700008630752563,-2.1926145553588867,0.00017786026000976562,1.353515625,0.22261369228363037,1.3533377647399902,0.22279155254364014,1.3533377647399902,0.2224358320236206,662,140,0.7885196374622356,39,8
170,C,3,gnnexplainer,0.8,match_ig_baseline,scientific,-2.1926939487457275,-3.2723264694213867,-1.8451004028320312,-2.179614543914795,0.013079404830932617,1.0927119255065918,0.33451414108276367,1.0796325206756592,0.3475935459136963,1.0796325206756592,0.32143473625183105,662,140,0.7885196374622356,39,8
170,C,3,integrated_gradients,0.8,match_ig_baseline,scientific,-2.1926939487457275,-3.535372257232666,-1.9972327947616577,-2.179614543914795,0.013079404830932617,1.355757713317871,0.1823817491531372,1.3426783084869385,0.19546115398406982,1.3426783084869385,0.1693023443222046,662,140,0.7885196374622356,39,8
170,C,4,gnnexplainer,0.8,match_ig_baseline,scientific,-2.0527212619781494,-2.554314613342285,-2.3703601360321045,-2.1881580352783203,0.1354367733001709,0.36615657806396484,0.18220210075378418,0.5015933513641357,0.3176388740539551,0.23071980476379395,0.04676532745361328,662,140,0.7885196374622356,39,8
170,C,4,integrated_gradients,0.8,match_ig_baseline,scientific,-2.0527212619781494,-3.299605131149292,-1.9868510961532593,-2.1881580352783203,0.1354367733001709,1.1114470958709717,0.20130693912506104,1.2468838691711426,0.06587016582489014,0.9760103225708008,0.06587016582489014,662,140,0.7885196374622356,39,8
170,C,5,gnnexplainer,0.8,match_ig_baseline,scientific,-2.0526702404022217,-4.113711833953857,-1.8180655241012573,-2.174614429473877,0.12194418907165527,1.9390974044799805,0.35654890537261963,2.0610415935516357,0.23460471630096436,1.8171532154083252,0.23460471630096436,662,140,0.7885196374622356,39,8
170,C,5,integrated_gradients,0.8,match_ig_baseline,scientific,-2.0526702404022217,-3.29929780960083,-1.9869221448898315,-2.174614429473877,0.12194418907165527,1.1246833801269531,0.1876922845840454,1.2466275691986084,0.06574809551239014,1.0027391910552979,0.06574809551239014,662,140,0.7885196374622356,39,8
270,H,0,gnnexplainer,0.8,match_ig_baseline,scientific,-0.06326740980148315,-0.18561872839927673,-0.02850019931793213,-0.04426804184913635,0.018999367952346802,0.14135068655014038,0.015767842531204224,0.12235131859779358,0.034767210483551025,0.12235131859779358,-0.003231525421142578,370,78,0.7891891891891891,33,7
270,H,0,integrated_gradients,0.8,match_ig_baseline,scientific,-0.06326740980148315,-0.09703262895345688,-0.07403233647346497,-0.04426804184913635,0.018999367952346802,0.052764587104320526,0.029764294624328613,0.033765219151973724,0.010764926671981812,0.033765219151973724,0.010764926671981812,370,78,0.7891891891891891,33,7
270,H,1,gnnexplainer,0.8,match_ig_baseline,scientific,-0.06325238198041916,-0.1955549120903015,-0.025695644319057465,-0.04426804184913635,0.018984340131282806,0.15128687024116516,0.018572397530078888,0.13230253010988235,0.037556737661361694,0.13230253010988235,-0.00041194260120391846,370,78,0.7891891891891891,33,7
270,H,1,integrated_gradients,0.8,match_ig_baseline,scientific,-0.06325238198041916,-0.09702707082033157,-0.07403001189231873,-0.04426804184913635,0.018984340131282806,0.05275902897119522,0.029761970043182373,0.033774688839912415,0.010777629911899567,0.033774688839912415,0.010777629911899567,370,78,0.7891891891891891,33,7
270,H,2,gnnexplainer,0.8,match_ig_baseline,scientific,-0.11182482540607452,-0.028872400522232056,-0.19740036129951477,-0.1254609227180481,0.013636097311973572,0.09658852219581604,0.07193943858146667,0.08295242488384247,0.08557553589344025,0.08295242488384247,0.0583033412694931,370,78,0.7891891891891891,33,7
270,H,2,integrated_gradients,0.8,match_ig_baseline,scientific,-0.11182482540607452,-0.056338582187891006,-0.13045042753219604,-0.1254609227180481,0.013636097311973572,0.06912234053015709,0.004989504814147949,0.05548624321818352,0.01862560212612152,0.05548624321818352,-0.008646592497825623,370,78,0.7891891891891891,33,7
270,H,3,gnnexplainer,0.8,match_ig_baseline,scientific,-0.11181138455867767,-0.026401840150356293,-0.18082889914512634,-0.12491703033447266,0.013105645775794983,0.09851519018411636,0.055911868810653687,0.08540954440832138,0.06901751458644867,0.08540954440832138,0.042806223034858704,370,78,0.7891891891891891,33,7
270,H,3,integrated_gradients,0.8,match_ig_baseline,scientific,-0.11181138455867767,-0.054758504033088684,-0.12981554865837097,-0.12491703033447266,0.013105645775794983,0.07015852630138397,0.004898518323898315,0.05705288052558899,0.0180041640996933,0.05705288052558899,-0.008207127451896667,370,78,0.7891891891891891,33,7
270,H,4,gnnexplainer,0.8,match_ig_baseline,scientific,-0.11182227730751038,-0.03930585831403732,-0.17939984798431396,-0.12646092474460602,0.014638647437095642,0.0871550664305687,0.05293892323970795,0.07251641899347305,0.06757757067680359,0.07251641899347305,0.038300275802612305,370,78,0.7891891891891891,33,7
270,H,4,integrated_gradients,0.8,match_ig_baseline,scientific,-0.11182227730751038,-0.05633832514286041,-0.13045021891593933,-0.12646092474460602,0.014638647437095642,0.0701225996017456,0.003989294171333313,0.05548395216464996,0.018627941608428955,0.05548395216464996,-0.010649353265762329,370,78,0.7891891891891891,33,7
270,H,5,gnnexplainer,0.8,match_ig_baseline,scientific,-0.11181676387786865,-0.010651346296072006,-0.17347940802574158,-0.12591703236103058,0.014100268483161926,0.11526568606495857,0.047562375664711,0.10116541758179665,0.061662644147872925,0.10116541758179665,0.03346210718154907,370,78,0.7891891891891891,33,7
270,H,5,integrated_gradients,0.8,match_ig_baseline,scientific,-0.11181676387786865,-0.05637402459979057,-0.13042443990707397,-0.12591703236103058,0.014100268483161926,0.06954300776124,0.004507407546043396,0.05544273927807808,0.018607676029205322,0.05544273927807808,-0.00959286093711853,370,78,0.7891891891891891,33,7
270,C,0,gnnexplainer,0.8,match_ig_baseline,scientific,-0.8327508568763733,-4.767037868499756,-1.4283515214920044,-0.4850490391254425,0.3477018177509308,4.281988829374313,0.9433024823665619,3.9342870116233826,0.5956006646156311,3.9342870116233826,0.5956006646156311,370,78,0.7891891891891891,39,8
270,C,0,integrated_gradients,0.8,match_ig_baseline,scientific,-0.8327508568763733,-3.887699842453003,-1.0513780117034912,-0.4850490391254425,0.3477018177509308,3.4026508033275604,0.5663289725780487,3.0549489855766296,0.21862715482711792,3.0549489855766296,0.21862715482711792,370,78,0.7891891891891891,39,8
270,C,1,gnnexplainer,0.8,match_ig_baseline,scientific,-3.084488868713379,-5.573969841003418,-2.4978811740875244,-2.464503288269043,0.6199855804443359,3.109466552734375,0.033377885818481445,2.489480972290039,0.5866076946258545,2.489480972290039,-0.5866076946258545,370,78,0.7891891891891891,39,8
270,C,1,integrated_gradients,0.8,match_ig_baseline,scientific,-3.084488868713379,-4.00562047958374,-3.2423453330993652,-2.464503288269043,0.6199855804443359,1.5411171913146973,0.7778420448303223,0.9211316108703613,0.15785646438598633,0.9211316108703613,0.15785646438598633,370,78,0.7891891891891891,39,8
270,C,2,gnnexplainer,0.8,match_ig_baseline,scientific,-14.785540580749512,-8.355973243713379,-12.106912612915039,-16.523923873901367,1.7383832931518555,8.167950630187988,4.417011260986328,6.429567337036133,2.6786279678344727,6.429567337036133,2.6786279678344727,370,78,0.7891891891891891,39,8
270,C,2,integrated_gradients,0.8,match_ig_baseline,scientific,-14.785540580749512,-4.711883544921875,-15.959428787231445,-16.523923873901367,1.7383832931518555,11.812040328979492,0.5644950866699219,10.073657035827637,1.1738882064819336,10.073657035827637,-1.1738882064819336,370,78,0.7891891891891891,39,8
270,C,3,gnnexplainer,0.8,match_ig_baseline,scientific,-3.084531784057617,-4.142760276794434,-2.6302943229675293,-2.4825034141540527,0.6020283699035645,1.6602568626403809,0.14779090881347656,1.0582284927368164,0.4542374610900879,1.0582284927368164,-0.4542374610900879,370,78,0.7891891891891891,39,8
270,C,3,integrated_gradients,0.8,match_ig_baseline,scientific,-3.084531784057617,-4.0056562423706055,-3.242403030395508,-2.4825034141540527,0.6020283699035645,1.5231528282165527,0.7598996162414551,0.9211244583129883,0.15787124633789062,0.9211244583129883,0.15787124633789062,370,78,0.7891891891891891,39,8
330,H,0,gnnexplainer,0.8,match_ig_baseline,scientific,-0.05332114174962044,-0.08567005395889282,-0.04645407572388649,-0.03665326535701752,0.01666787639260292,0.049016788601875305,0.009800810366868973,0.032348912209272385,0.006867066025733948,0.032348912209272385,-0.006867066025733948,380,81,0.7868421052631579,33,7
330,H,0,integrated_gradients,0.8,match_ig_baseline,scientific,-0.05332114174962044,-0.053113412111997604,-0.051613617688417435,-0.03665326535701752,0.01666787639260292,0.016460146754980087,0.014960352331399918,0.00020772963762283325,0.001707524061203003,-0.00020772963762283325,-0.001707524061203003,380,81,0.7868421052631579,33,7
330,H,1,gnnexplainer,0.8,match_ig_baseline,scientific,-0.04627763852477074,-0.07225936651229858,-0.028281748294830322,-0.05347871407866478,0.007201075553894043,0.018780652433633804,0.025196965783834457,0.025981727987527847,0.017995890229940414,0.011579576879739761,0.017995890229940414,380,81,0.7868421052631579,33,7
330,H,1,integrated_gradients,0.8,match_ig_baseline,scientific,-0.04627763852477074,-0.05463487654924393,-0.04209695756435394,-0.05347871407866478,0.007201075553894043,0.0011561624705791473,0.011381756514310837,0.00835723802447319,0.004180680960416794,-0.006044913083314896,0.004180680960416794,380,81,0.7868421052631579,33,7
330,H,2,gnnexplainer,0.8,match_ig_baseline,scientific,-0.04633069783449173,-0.07279267907142639,-0.03954637050628662,-0.052478715777397156,0.006148017942905426,0.020313963294029236,0.012932345271110535,0.026461981236934662,0.006784327328205109,0.01416594535112381,0.006784327328205109,380,81,0.7868421052631579,33,7
330,H,2,integrated_gradients,0.8,match_ig_baseline,scientific,-0.04633069783449173,-0.05341029912233353,-0.03719504177570343,-0.052478715777397156,0.006148017942905426,0.0009315833449363708,0.015283674001693726,0.007079601287841797,0.0091356560587883,-0.005216434597969055,0.0091356560587883,380,81,0.7868421052631579,33,7
330,H,3,gnnexplainer,0.8,match_ig_baseline,scientific,-0.018737804144620895,-0.0646282285451889,0.006774254143238068,-0.028382685035467148,0.009644880890846252,0.036245543509721756,0.035156939178705215,0.04589042440056801,0.025512058287858963,0.026600662618875504,0.025512058287858963,380,81,0.7868421052631579,33,7
330,H,3,integrated_gradients,0.8,match_ig_baseline,scientific,-0.018737804144620895,-0.059089917689561844,-0.020825348794460297,-0.028382685035467148,0.009644880890846252,0.030707232654094696,0.007557336241006851,0.04035211354494095,0.0020875446498394012,0.021062351763248444,-0.0020875446498394012,380,81,0.7868421052631579,33,7
330,H,4,gnnexplainer,0.8,match_ig_baseline,scientific,-0.01875194162130356,-0.057787008583545685,-0.004489779472351074,-0.02938268519937992,0.010630743578076363,0.028404323384165764,0.024892905727028847,0.039035066962242126,0.014262162148952484,0.0177735798060894,0.014262162148952484,380,81,0.7868421052631579,33,7
330,H,4,integrated_gradients,0.8,match_ig_baseline,scientific,-0.01875194162130356,-0.043711040169000626,-0.02404756098985672,-0.02938268519937992,0.010630743578076363,0.014328354969620705,0.005335124209523201,0.024959098547697067,0.005295619368553162,0.003697611391544342,-0.005295619368553162,380,81,0.7868421052631579,33,7
330,H,5,gnnexplainer,0.8,match_ig_baseline,scientific,-0.08483874797821045,-0.14958420395851135,-0.03398057445883751,-0.05086393281817436,0.03397481516003609,0.09872027114033699,0.016883358359336853,0.0647454559803009,0.05085817351937294,0.0647454559803009,-0.017091456800699234,380,81,0.7868421052631579,33,7
330,H,5,integrated_gradients,0.8,match_ig_baseline,scientific,-0.08483874797821045,-0.06875000894069672,-0.08386634290218353,-0.05086393281817436,0.03397481516003609,0.017886076122522354,0.03300241008400917,0.016088739037513733,0.0009724050760269165,-0.016088739037513733,-0.0009724050760269165,380,81,0.7868421052631579,33,7
330,H,6,gnnexplainer,0.8,match_ig_baseline,scientific,-0.14934495091438293,-0.014492504298686981,-0.36007067561149597,-0.19063477218151093,0.04128982126712799,0.17614226788282394,0.16943590342998505,0.13485244661569595,0.21072572469711304,0.13485244661569595,0.12814608216285706,380,81,0.7868421052631579,33,7
330,H,6,integrated_gradients,0.8,match_ig_baseline,scientific,-0.14934495091438293,-0.05961686000227928,-0.2397424876689911,-0.19063477218151093,0.04128982126712799,0.13101791217923164,0.049107715487480164,0.08972809091210365,0.09039753675460815,0.08972809091210365,0.007817894220352173,380,81,0.7868421052631579,33,7
330,C,0,gnnexplainer,0.8,match_ig_baseline,scientific,-1.6009703874588013,-4.801123142242432,-0.5808284282684326,-1.5042518377304077,0.09671854972839355,3.296871304512024,0.9234234094619751,3.2001527547836304,1.0201419591903687,3.2001527547836304,0.8267048597335815,380,81,0.7868421052631579,39,8
330,C,0,integrated_gradients,0.8,match_ig_baseline,scientific,-1.6009703874588013,-3.1194992065429688,-1.6768205165863037,-1.5042518377304077,0.09671854972839355,1.615247368812561,0.172568678855896,1.5185288190841675,0.07585012912750244,1.5185288190841675,0.07585012912750244,380,81,0.7868421052631579,39,8
330,C,1,gnnexplainer,0.8,match_ig_baseline,scientific,-1.3574010133743286,-4.265012741088867,-0.6655281186103821,-1.1874029636383057,0.16999804973602295,3.0776097774505615,0.5218748450279236,2.9076117277145386,0.6918728947639465,2.9076117277145386,0.35187679529190063,380,81,0.7868421052631579,39,8
330,C,1,integrated_gradients,0.8,match_ig_baseline,scientific,-1.3574010133743286,-3.16528058052063,-1.2856708765029907,-1.1874029636383057,0.16999804973602295,1.9778776168823242,0.09826791286468506,1.8078795671463013,0.07173013687133789,1.8078795671463013,-0.07173013687133789,380,81,0.7868421052631579,39,8
330,C,2,gnnexplainer,0.8,match_ig_baseline,scientific,-6.480936527252197,-1.8999732732772827,-12.487133979797363,-7.547578811645508,1.0666422843933105,5.647605538368225,4.9395551681518555,4.5809632539749146,6.006197452545166,4.5809632539749146,3.872912883758545,380,81,0.7868421052631579,39,8
330,C,2,integrated_gradients,0.8,match_ig_baseline,scientific,-6.480936527252197,-3.272045373916626,-8.00915813446045,-7.547578811645508,1.0666422843933105,4.275533437728882,0.4615793228149414,3.2088911533355713,1.528221607208252,3.2088911533355713,-0.6050629615783691,380,81,0.7868421052631579,39,8
360,H,0,gnnexplainer,0.8,match_ig_baseline,scientific,-0.33236026763916016,-0.16776466369628906,-0.30349600315093994,-0.3191285729408264,0.01323169469833374,0.15136390924453735,0.015632569789886475,0.1645956039428711,0.028864264488220215,0.1381322145462036,0.0024008750915527344,436,92,0.7889908256880733,33,7
360,H,0,integrated_gradients,0.8,match_ig_baseline,scientific,-0.33236026763916016,-0.13583362102508545,-0.2897067964076996,-0.3191285729408264,0.01323169469833374,0.18329495191574097,0.02942177653312683,0.1965266466140747,0.04265347123146057,0.17006325721740723,0.01619008183479309,436,92,0.7889908256880733,33,7
360,H,1,gnnexplainer,0.8,match_ig_baseline,scientific,-0.342712938785553,-0.2519628703594208,-0.2328377366065979,-0.26153138279914856,0.08118155598640442,0.009568512439727783,0.02869364619255066,0.0907500684261322,0.10987520217895508,-0.07161304354667664,-0.05248790979385376,436,92,0.7889908256880733,33,7
360,H,1,integrated_gradients,0.8,match_ig_baseline,scientific,-0.342712938785553,-0.14087128639221191,-0.31441354751586914,-0.26153138279914856,0.08118155598640442,0.12066009640693665,0.05288216471672058,0.20184165239334106,0.028299391269683838,0.03947854042053223,-0.028299391269683838,436,92,0.7889908256880733,33,7
360,H,2,gnnexplainer,0.8,match_ig_baseline,scientific,-0.14684848487377167,-0.04189345985651016,-0.18082761764526367,-0.1154087483882904,0.03143973648548126,0.07351528853178024,0.06541886925697327,0.1049550250172615,0.033979132771492004,0.04207555204629898,0.033979132771492004,436,92,0.7889908256880733,33,7
360,H,2,integrated_gradients,0.8,match_ig_baseline,scientific,-0.14684848487377167,-0.08685916662216187,-0.118540458381176,-0.1154087483882904,0.03143973648548126,0.02854958176612854,0.0031317099928855896,0.0599893182516098,0.028308026492595673,-0.002890154719352722,-0.028308026492595673,436,92,0.7889908256880733,33,7
360,H,3,gnnexplainer,0.8,match_ig_baseline,scientific,-0.14511096477508545,-0.047173939645290375,-0.18654362857341766,-0.14733904600143433,0.002228081226348877,0.10016510635614395,0.03920458257198334,0.09793702512979507,0.041432663798332214,0.09793702512979507,0.03697650134563446,436,92,0.7889908256880733,33,7
360,H,3,integrated_gradients,0.8,match_ig_baseline,scientific,-0.14511096477508545,-0.08235963433980942,-0.14518484473228455,-0.14733904600143433,0.002228081226348877,0.06497941166162491,0.0021542012691497803,0.06275133043527603,7.387995719909668e-05,0.06275133043527603,-7.387995719909668e-05,436,92,0.7889908256880733,33,7
360,H,4,gnnexplainer,0.8,match_ig_baseline,scientific,-0.13666847348213196,-0.05278480052947998,-0.17583313584327698,-0.11875949054956436,0.017908982932567596,0.06597469002008438,0.057073645293712616,0.08388367295265198,0.03916466236114502,0.048065707087516785,0.03916466236114502,436,92,0.7889908256880733,33,7
360,H,4,integrated_gradients,0.8,match_ig_baseline,scientific,-0.13666847348213196,-0.12698781490325928,-0.10238104313611984,-0.11875949054956436,0.017908982932567596,0.008228324353694916,0.01637844741344452,0.00968065857887268,0.034287430346012115,-0.00968065857887268,-0.0015305355191230774,436,92,0.7889908256880733,33,7
360,H,5,gnnexplainer,0.8,match_ig_baseline,scientific,-0.1832352876663208,-0.06906022876501083,-0.2827301323413849,-0.16926804184913635,0.013967245817184448,0.10020781308412552,0.11346209049224854,0.11417505890130997,0.09949484467506409,0.08624056726694107,0.09949484467506409,436,92,0.7889908256880733,33,7
360,H,5,integrated_gradients,0.8,match_ig_baseline,scientific,-0.1832352876663208,-0.11257664859294891,-0.1812102198600769,-0.16926804184913635,0.013967245817184448,0.05669139325618744,0.011942178010940552,0.07065863907337189,0.0020250678062438965,0.04272414743900299,-0.0020250678062438965,436,92,0.7889908256880733,33,7
360,H,6,gnnexplainer,0.8,match_ig_baseline,scientific,-0.17076992988586426,-0.08126652985811234,-0.27517613768577576,-0.20832136273384094,0.037551432847976685,0.1270548328757286,0.06685477495193481,0.08950340002775192,0.1044062077999115,0.08950340002775192,0.02930334210395813,436,92,0.7889908256880733,33,7
360,H,6,integrated_gradients,0.8,match_ig_baseline,scientific,-0.17076992988586426,-0.11401490867137909,-0.17359450459480286,-0.20832136273384094,0.037551432847976685,0.09430645406246185,0.034726858139038086,0.05675502121448517,0.0028245747089385986,0.05675502121448517,-0.0028245747089385986,436,92,0.7889908256880733,33,7
360,C,0,gnnexplainer,0.8,match_ig_baseline,scientific,-3.523756980895996,-1.967280387878418,-5.713319301605225,-4.043220043182373,0.519463062286377,2.075939655303955,1.6700992584228516,1.5564765930175781,2.1895623207092285,1.5564765930175781,1.1506361961364746,436,92,0.7889908256880733,39,8
360,C,0,integrated_gradients,0.8,match_ig_baseline,scientific,-3.523756980895996,-3.584665060043335,-3.9848415851593018,-4.043220043182373,0.519463062286377,0.4585549831390381,0.05837845802307129,0.06090807914733887,0.46108460426330566,-0.06090807914733887,-0.46108460426330566,436,92,0.7889908256880733,39,8
360,C,1,gnnexplainer,0.8,match_ig_baseline,scientific,-14.09076976776123,-7.860275745391846,-11.033126831054688,-14.111479759216309,0.020709991455078125,6.251204013824463,3.078352928161621,6.230494022369385,3.057642936706543,6.230494022369385,3.057642936706543,436,92,0.7889908256880733,39,8
360,C,1,integrated_gradients,0.8,match_ig_baseline,scientific,-14.09076976776123,-4.689136981964111,-12.461525917053223,-14.111479759216309,0.020709991455078125,9.422342777252197,1.649953842163086,9.40163278579712,1.6292438507080078,9.40163278579712,1.6292438507080078,436,92,0.7889908256880733,39,8
360,C,2,gnnexplainer,0.8,match_ig_baseline,scientific,-11.013855934143066,-6.088506698608398,-10.469062805175781,-9.470762252807617,1.5430936813354492,3.3822555541992188,0.9983005523681641,4.925349235534668,0.5447931289672852,1.8391618728637695,-0.5447931289672852,436,92,0.7889908256880733,39,8
360,C,2,integrated_gradients,0.8,match_ig_baseline,scientific,-11.013855934143066,-4.052701473236084,-9.666125297546387,-9.470762252807617,1.5430936813354492,5.418060779571533,0.19536304473876953,6.961154460906982,1.3477306365966797,3.874967098236084,-1.3477306365966797,436,92,0.7889908256880733,39,8
360,C,3,gnnexplainer,0.8,match_ig_baseline,scientific,-1.671934723854065,-4.030952453613281,-0.3668336570262909,-1.504056692123413,0.16787803173065186,2.526895761489868,1.1372230350971222,2.3590177297592163,1.305101066827774,2.3590177297592163,0.9693450033664703,436,92,0.7889908256880733,39,8
360,C,3,integrated_gradients,0.8,match_ig_baseline,scientific,-1.671934723854065,-3.9879865646362305,-1.5702295303344727,-1.504056692123413,0.16787803173065186,2.4839298725128174,0.06617283821105957,2.3160518407821655,0.10170519351959229,2.3160518407821655,-0.10170519351959229,436,92,0.7889908256880733,39,8
380,H,0,gnnexplainer,0.8,match_ig_baseline,scientific,-0.13993945717811584,-0.006322756409645081,-0.21746784448623657,-0.11915438622236252,0.020785070955753326,0.11283162981271744,0.09831345826387405,0.13361670076847076,0.07752838730812073,0.09204655885696411,0.07752838730812073,436,92,0.7889908256880733,33,7
380,H,0,integrated_gradients,0.8,match_ig_baseline,scientific,-0.13993945717811584,-0.05348973721265793,-0.14683929085731506,-0.11915438622236252,0.020785070955753326,0.06566464900970459,0.027684904634952545,0.08644971996545792,0.006899833679199219,0.04487957805395126,0.006899833679199219,436,92,0.7889908256880733,33,7
380,H,1,gnnexplainer,0.8,match_ig_baseline,scientific,-0.13264447450637817,-0.02745826542377472,-0.21080267429351807,-0.1529437154531479,0.020299240946769714,0.12548545002937317,0.05785895884037018,0.10518620908260345,0.07815819978713989,0.10518620908260345,0.037559717893600464,436,92,0.7889908256880733,33,7
380,H,1,integrated_gradients,0.8,match_ig_baseline,scientific,-0.13264447450637817,-0.043909985572099686,-0.15177011489868164,-0.1529437154531479,0.020299240946769714,0.1090337298810482,0.0011736005544662476,0.08873448893427849,0.019125640392303467,0.08873448893427849,-0.019125640392303467,436,92,0.7889908256880733,33,7
380,H,2,gnnexplainer,0.8,match_ig_baseline,scientific,-0.13482002913951874,-0.039567526429891586,-0.15810859203338623,-0.11749634146690369,0.01732368767261505,0.0779288150370121,0.040612250566482544,0.09525250270962715,0.023288562893867493,0.06060512736439705,0.023288562893867493,436,92,0.7889908256880733,33,7
380,H,2,integrated_gradients,0.8,match_ig_baseline,scientific,-0.13482002913951874,-0.05991230905056,-0.1343953013420105,-0.11749634146690369,0.01732368767261505,0.05758403241634369,0.01689895987510681,0.07490772008895874,0.00042472779750823975,0.04026034474372864,-0.00042472779750823975,436,92,0.7889908256880733,33,7
380,H,3,gnnexplainer,0.8,match_ig_baseline,scientific,-0.1763220578432083,-0.05033080279827118,-0.2639547288417816,-0.2253120243549347,0.04898996651172638,0.1749812215566635,0.038642704486846924,0.12599125504493713,0.0876326709985733,0.12599125504493713,-0.010347262024879456,436,92,0.7889908256880733,33,7
380,H,3,integrated_gradients,0.8,match_ig_baseline,scientific,-0.1763220578432083,-0.07648442685604095,-0.15711453557014465,-0.2253120243549347,0.04898996651172638,0.14882759749889374,0.06819748878479004,0.09983763098716736,0.01920752227306366,0.09983763098716736,0.01920752227306366,436,92,0.7889908256880733,33,7
380,H,4,gnnexplainer,0.8,match_ig_baseline,scientific,-0.17767122387886047,-0.06118820980191231,-0.26854458451271057,-0.19009250402450562,0.012421280145645142,0.1289042942225933,0.07845208048820496,0.11648301407694817,0.0908733606338501,0.11648301407694817,0.06603080034255981,436,92,0.7889908256880733,33,7
380,H,4,integrated_gradients,0.8,match_ig_baseline,scientific,-0.17767122387886047,-0.07236844301223755,-0.1673835813999176,-0.19009250402450562,0.012421280145645142,0.11772406101226807,0.022708922624588013,0.10530278086662292,0.010287642478942871,0.10530278086662292,0.010287642478942871,436,92,0.7889908256880733,33,7
380,H,5,gnnexplainer,0.8,match_ig_baseline,scientific,-0.019281115382909775,-0.08879046142101288,-0.05427035689353943,0.054915860295295715,0.07419697567820549,0.1437063217163086,0.10918621718883514,0.0695093460381031,0.034989241510629654,0.0695093460381031,0.034989241510629654,436,92,0.7889908256880733,33,7
380,H,5,integrated_gradients,0.8,match_ig_baseline,scientific,-0.019281115382909775,-0.07783207297325134,-0.01901349425315857,0.054915860295295715,0.07419697567820549,0.13274793326854706,0.07392935454845428,0.05855095759034157,0.00026762112975120544,0.05855095759034157,-0.00026762112975120544,436,92,0.7889908256880733,33,7
380,H,6,gnnexplainer,0.8,match_ig_baseline,scientific,-0.02779546007514,-0.10726118832826614,-0.03581172600388527,-0.026584316045045853,0.0012111440300941467,0.08067687228322029,0.009227409958839417,0.07946572825312614,0.00801626592874527,0.07946572825312614,0.00801626592874527,436,92,0.7889908256880733,33,7
380,H,6,integrated_gradients,0.8,match_ig_baseline,scientific,-0.02779546007514,-0.0809326171875,-0.03739086166024208,-0.026584316045045853,0.0012111440300941467,0.05434830114245415,0.010806545615196228,0.05313715711236,0.009595401585102081,0.05313715711236,0.009595401585102081,436,92,0.7889908256880733,33,7
380,H,7,gnnexplainer,0.8,match_ig_baseline,scientific,-0.025298241525888443,-0.11812669038772583,-0.014747239649295807,-0.0037771498318761587,0.021521091694012284,0.11434954055584967,0.010970089817419648,0.09282844886183739,0.010551001876592636,0.09282844886183739,-0.010551001876592636,436,92,0.7889908256880733,33,7
380,H,7,integrated_gradients,0.8,match_ig_baseline,scientific,-0.025298241525888443,-0.08329541981220245,-0.023137763142585754,-0.0037771498318761587,0.021521091694012284,0.0795182699803263,0.019360613310709596,0.05799717828631401,0.0021604783833026886,0.05799717828631401,-0.0021604783833026886,436,92,0.7889908256880733,33,7
380,C,0,gnnexplainer,0.8,match_ig_baseline,scientific,-0.011481314897537231,-3.8447039127349854,0.1889517456293106,0.17328409850597382,0.18476541340351105,4.017988011240959,0.015667647123336792,3.833222597837448,0.20043306052684784,3.833222597837448,-0.16909776628017426,436,92,0.7889908256880733,39,8
380,C,0,integrated_gradients,0.8,match_ig_baseline,scientific,-0.011481314897537231,-3.2386062145233154,-0.030398324131965637,0.17328409850597382,0.18476541340351105,3.4118903130292892,0.20368242263793945,3.227124899625778,0.018917009234428406,3.227124899625778,0.018917009234428406,436,92,0.7889908256880733,39,8
380,C,1,gnnexplainer,0.8,match_ig_baseline,scientific,-2.963667631149292,-1.8669350147247314,-4.181647300720215,-2.9316675662994385,0.032000064849853516,1.064732551574707,1.2499797344207764,1.0967326164245605,1.2179796695709229,1.0327324867248535,1.2179796695709229,436,92,0.7889908256880733,39,8
380,C,1,integrated_gradients,0.8,match_ig_baseline,scientific,-2.963667631149292,-3.7906010150909424,-3.0459325313568115,-2.9316675662994385,0.032000064849853516,0.8589334487915039,0.11426496505737305,0.8269333839416504,0.08226490020751953,0.8269333839416504,0.08226490020751953,436,92,0.7889908256880733,39,8
380,C,2,gnnexplainer,0.8,match_ig_baseline,scientific,-15.949727058410645,-3.877041816711426,-24.149734497070312,-16.425132751464844,0.4754056930541992,12.548090934753418,7.724601745605469,12.072685241699219,8.200007438659668,12.072685241699219,7.2491960525512695,436,92,0.7889908256880733,39,8
380,C,2,integrated_gradients,0.8,match_ig_baseline,scientific,-15.949727058410645,-4.2593302726745605,-17.100698471069336,-16.425132751464844,0.4754056930541992,12.165802478790283,0.6755657196044922,11.690396785736084,1.1509714126586914,11.690396785736084,0.20016002655029297,436,92,0.7889908256880733,39,8
380,C,3,gnnexplainer,0.8,match_ig_baseline,scientific,-1.695212483406067,-3.9687490463256836,-0.616683840751648,-1.3898565769195557,0.30535590648651123,2.578892469406128,0.7731727361679077,2.2735365629196167,1.078528642654419,2.2735365629196167,0.4678168296813965,436,92,0.7889908256880733,39,8
380,C,3,integrated_gradients,0.8,match_ig_baseline,scientific,-1.695212483406067,-3.896786689758301,-2.0414953231811523,-1.3898565769195557,0.30535590648651123,2.506930112838745,0.6516387462615967,2.201574206352234,0.34628283977508545,2.201574206352234,0.34628283977508545,436,92,0.7889908256880733,39,8
450,H,0,gnnexplainer,0.8,match_ig_baseline,scientific,-0.04355114698410034,-0.13228729367256165,-0.031608324497938156,0.03275012969970703,0.07630127668380737,0.16503742337226868,0.06435845419764519,0.0887361466884613,0.011942822486162186,0.0887361466884613,-0.011942822486162186,457,98,0.7855579868708972,33,7
450,H,0,integrated_gradients,0.8,match_ig_baseline,scientific,-0.04355114698410034,-0.09884980320930481,-0.07305067032575607,0.03275012969970703,0.07630127668380737,0.13159993290901184,0.1058008000254631,0.05529865622520447,0.02949952334165573,0.05529865622520447,0.02949952334165573,457,98,0.7855579868708972,33,7
450,H,1,gnnexplainer,0.8,match_ig_baseline,scientific,-0.06927318125963211,-0.03343186154961586,-0.1457958072423935,-0.0715140700340271,0.002240888774394989,0.03808220848441124,0.0742817372083664,0.03584131971001625,0.07652262598276138,0.03584131971001625,0.0720408484339714,457,98,0.7855579868708972,33,7
450,H,1,integrated_gradients,0.8,match_ig_baseline,scientific,-0.06927318125963211,-0.0895935595035553,-0.08842623233795166,-0.0715140700340271,0.002240888774394989,0.018079489469528198,0.01691216230392456,0.020320378243923187,0.01915305107831955,0.01583860069513321,0.014671273529529572,457,98,0.7855579868708972,33,7
450,H,2,gnnexplainer,0.8,match_ig_baseline,scientific,-0.06935058534145355,-0.04124686121940613,-0.15031489729881287,-0.07355805486440659,0.0042074695229530334,0.03231119364500046,0.07675684243440628,0.028103724122047424,0.08096431195735931,0.028103724122047424,0.07254937291145325,457,98,0.7855579868708972,33,7
450,H,2,integrated_gradients,0.8,match_ig_baseline,scientific,-0.06935058534145355,-0.0933215320110321,-0.07947631925344467,-0.07355805486440659,0.0042074695229530334,0.01976347714662552,0.005918264389038086,0.023970946669578552,0.01012573391199112,0.015556007623672485,0.0017107948660850525,457,98,0.7855579868708972,33,7
450,H,3,gnnexplainer,0.8,match_ig_baseline,scientific,-0.14339891076087952,-0.11309193074703217,-0.2509828805923462,-0.23171529173851013,0.08831638097763062,0.11862336099147797,0.01926758885383606,0.03030698001384735,0.10758396983146667,0.03030698001384735,-0.06904879212379456,457,98,0.7855579868708972,33,7
450,H,3,integrated_gradients,0.8,match_ig_baseline,scientific,-0.14339891076087952,-0.08606740832328796,-0.10881563276052475,-0.23171529173851013,0.08831638097763062,0.14564788341522217,0.12289965897798538,0.05733150243759155,0.03458327800035477,0.05733150243759155,0.03458327800035477,457,98,0.7855579868708972,33,7
450,C,0,gnnexplainer,0.8,match_ig_baseline,scientific,-5.920004844665527,-3.183089017868042,-11.827698707580566,-7.761427879333496,1.8414230346679688,4.578338861465454,4.06627082824707,2.7369158267974854,5.907693862915039,2.7369158267974854,2.2248477935791016,457,98,0.7855579868708972,39,8
450,C,0,integrated_gradients,0.8,match_ig_baseline,scientific,-5.920004844665527,-4.669186115264893,-6.158308506011963,-7.761427879333496,1.8414230346679688,3.0922417640686035,1.6031193733215332,1.2508187294006348,0.23830366134643555,1.2508187294006348,-0.23830366134643555,457,98,0.7855579868708972,39,8
450,C,1,gnnexplainer,0.8,match_ig_baseline,scientific,-8.008285522460938,-3.969834804534912,-10.639047622680664,-9.08093547821045,1.0726499557495117,5.111100673675537,1.5581121444702148,4.038450717926025,2.6307621002197266,4.038450717926025,0.4854621887207031,457,98,0.7855579868708972,39,8
450,C,1,integrated_gradients,0.8,match_ig_baseline,scientific,-8.008285522460938,-3.104923725128174,-8.042924880981445,-9.08093547821045,1.0726499557495117,5.976011753082275,1.038010597229004,4.903361797332764,0.03463935852050781,4.903361797332764,-0.03463935852050781,457,98,0.7855579868708972,39,8
450,C,2,gnnexplainer,0.8,match_ig_baseline,scientific,-0.7208598256111145,-2.23298978805542,-0.7962912321090698,-0.7991183996200562,0.07825857400894165,1.4338713884353638,0.002827167510986328,1.5121299624443054,0.07543140649795532,1.3556128144264221,-0.07543140649795532,457,98,0.7855579868708972,39,8
450,C,2,integrated_gradients,0.8,match_ig_baseline,scientific,-0.7208598256111145,-4.262735366821289,-0.686957061290741,-0.7991183996200562,0.07825857400894165,3.463616967201233,0.11216133832931519,3.5418755412101746,0.033902764320373535,3.3853583931922913,0.033902764320373535,457,98,0.7855579868708972,39,8
450,C,3,gnnexplainer,0.8,match_ig_baseline,scientific,-5.4790120124816895,-2.6191718578338623,-10.149052619934082,-5.140366077423096,0.33864593505859375,2.5211942195892334,5.008686542510986,2.859840154647827,4.670040607452393,2.1825482845306396,4.670040607452393,457,98,0.7855579868708972,39,8
450,C,3,integrated_gradients,0.8,match_ig_baseline,scientific,-5.4790120124816895,-4.738743782043457,-5.419111728668213,-5.140366077423096,0.33864593505859375,0.40162229537963867,0.2787456512451172,0.7402682304382324,0.05990028381347656,0.06297636032104492,-0.05990028381347656,457,98,0.7855579868708972,39,8
450,C,4,gnnexplainer,0.8,match_ig_baseline,scientific,-3.9353888034820557,-2.02117657661438,-8.475191116333008,-3.6308069229125977,0.304581880569458,1.6096303462982178,4.84438419342041,1.9142122268676758,4.539802312850952,1.3050484657287598,4.539802312850952,457,98,0.7855579868708972,39,8
450,C,4,integrated_gradients,0.8,match_ig_baseline,scientific,-3.9353888034820557,-3.8097262382507324,-4.652566432952881,-3.6308069229125977,0.304581880569458,0.17891931533813477,1.0217595100402832,0.12566256523132324,0.7171776294708252,-0.12566256523132324,0.7171776294708252,457,98,0.7855579868708972,39,8
490,H,0,gnnexplainer,0.8,match_ig_baseline,scientific,-0.17315952479839325,-0.0642968937754631,-0.23506459593772888,-0.23058383166790009,0.057424306869506836,0.16628693789243698,0.004480764269828796,0.10886263102293015,0.06190507113933563,0.10886263102293015,-0.05294354259967804,484,104,0.7851239669421488,33,7
490,H,0,integrated_gradients,0.8,match_ig_baseline,scientific,-0.17315952479839325,-0.07812574505805969,-0.15923747420310974,-0.23058383166790009,0.057424306869506836,0.1524580866098404,0.07134635746479034,0.09503377974033356,0.013922050595283508,0.09503377974033356,0.013922050595283508,484,104,0.7851239669421488,33,7
490,H,1,gnnexplainer,0.8,match_ig_baseline,scientific,-0.15685632824897766,-0.05714476481080055,-0.2666536569595337,-0.249619260430336,0.09276293218135834,0.19247449561953545,0.017034396529197693,0.09971156343817711,0.10979732871055603,0.09971156343817711,-0.07572853565216064,484,104,0.7851239669421488,33,7
490,H,1,integrated_gradients,0.8,match_ig_baseline,scientific,-0.15685632824897766,-0.08151526749134064,-0.16347122192382812,-0.249619260430336,0.09276293218135834,0.16810399293899536,0.08614803850650787,0.07534106075763702,0.006614893674850464,0.07534106075763702,-0.006614893674850464,484,104,0.7851239669421488,33,7
490,H,2,gnnexplainer,0.8,match_ig_baseline,scientific,-0.18034976720809937,-0.06465613842010498,-0.27095144987106323,-0.26599687337875366,0.0856471061706543,0.20134073495864868,0.00495457649230957,0.11569362878799438,0.09060168266296387,0.11569362878799438,-0.08069252967834473,484,104,0.7851239669421488,33,7
490,H,2,integrated_gradients,0.8,match_ig_baseline,scientific,-0.18034976720809937,-0.09317608177661896,-0.1923866868019104,-0.26599687337875366,0.0856471061706543,0.1728207916021347,0.07361018657684326,0.08717368543148041,0.012036919593811035,0.08717368543148041,-0.012036919593811035,484,104,0.7851239669421488,33,7
490,H,5,gnnexplainer,0.8,match_ig_baseline,scientific,-0.12873896956443787,-0.040342237800359726,-0.2561107873916626,-0.1509436070919037,0.02220463752746582,0.11060136929154396,0.10516718029975891,0.08839673176407814,0.12737181782722473,0.08839673176407814,0.08296254277229309,484,104,0.7851239669421488,33,7
490,H,5,integrated_gradients,0.8,match_ig_baseline,scientific,-0.12873896956443787,-0.07353486865758896,-0.14942851662635803,-0.1509436070919037,0.02220463752746582,0.07740873843431473,0.0015150904655456543,0.05520410090684891,0.020689547061920166,0.05520410090684891,-0.020689547061920166,484,104,0.7851239669421488,33,7
490,H,6,gnnexplainer,0.8,match_ig_baseline,scientific,-0.12632957100868225,-0.04636725038290024,-0.18603427708148956,-0.1284528225660324,0.0021232515573501587,0.08208557218313217,0.05758145451545715,0.07996232062578201,0.05970470607280731,0.07996232062578201,0.055458202958106995,484,104,0.7851239669421488,33,7
490,H,6,integrated_gradients,0.8,match_ig_baseline,scientific,-0.12632957100868225,-0.08059874176979065,-0.12896621227264404,-0.1284528225660324,0.0021232515573501587,0.04785408079624176,0.0005133897066116333,0.0457308292388916,0.002636641263961792,0.0457308292388916,-0.0016098618507385254,484,104,0.7851239669421488,33,7
490,C,0,gnnexplainer,0.8,match_ig_baseline,scientific,-3.129530668258667,-2.700773239135742,-5.339761734008789,-4.111388683319092,0.9818580150604248,1.4106154441833496,1.2283730506896973,0.4287574291229248,2.210231065750122,0.4287574291229248,0.24651503562927246,484,104,0.7851239669421488,39,8
490,C,0,integrated_gradients,0.8,match_ig_baseline,scientific,-3.129530668258667,-3.2292895317077637,-2.9693431854248047,-4.111388683319092,0.9818580150604248,0.8820991516113281,1.142045497894287,0.09975886344909668,0.1601874828338623,-0.09975886344909668,0.1601874828338623,484,104,0.7851239669421488,39,8
490,C,1,gnnexplainer,0.8,match_ig_baseline,scientific,-15.582393646240234,-3.16611385345459,-16.652517318725586,-16.991817474365234,1.409423828125,13.825703620910645,0.33930015563964844,12.416279792785645,1.0701236724853516,12.416279792785645,-1.0701236724853516,484,104,0.7851239669421488,39,8
490,C,1,integrated_gradients,0.8,match_ig_baseline,scientific,-15.582393646240234,-4.203339099884033,-17.336380004882812,-16.991817474365234,1.409423828125,12.788478374481201,0.3445625305175781,11.379054546356201,1.7539863586425781,11.379054546356201,-1.0648612976074219,484,104,0.7851239669421488,39,8
490,C,2,gnnexplainer,0.8,match_ig_baseline,scientific,-3.881084442138672,-3.5234439373016357,-5.9060139656066895,-4.111124038696289,0.2300395965576172,0.5876801013946533,1.7948899269104004,0.35764050483703613,2.0249295234680176,0.35764050483703613,1.5648503303527832,484,104,0.7851239669421488,39,8
490,C,2,integrated_gradients,0.8,match_ig_baseline,scientific,-3.881084442138672,-4.459952354431152,-3.290494918823242,-4.111124038696289,0.2300395965576172,0.3488283157348633,0.8206291198730469,0.5788679122924805,0.5905895233154297,0.1187887191772461,0.5905895233154297,484,104,0.7851239669421488,39,8
490,C,3,gnnexplainer,0.8,match_ig_baseline,scientific,-2.2796802520751953,-1.8822357654571533,-4.420699596405029,-3.4353280067443848,1.1556477546691895,1.5530922412872314,0.9853715896606445,0.397444486618042,2.141019344329834,0.397444486618042,-0.17027616500854492,484,104,0.7851239669421488,39,8
490,C,3,integrated_gradients,0.8,match_ig_baseline,scientific,-2.2796802520751953,-2.9987826347351074,-2.9600906372070312,-3.4353280067443848,1.1556477546691895,0.43654537200927734,0.4752373695373535,0.7191023826599121,0.6804103851318359,-0.7191023826599121,-0.6804103851318359,484,104,0.7851239669421488,39,8
510,H,0,gnnexplainer,0.8,match_ig_baseline,scientific,-0.0641452819108963,-0.07586883753538132,-0.05829514563083649,-0.06858395785093307,0.004438675940036774,0.007284879684448242,0.010288812220096588,0.011723555624485016,0.0058501362800598145,0.0028462037444114685,0.0058501362800598145,596,126,0.7885906040268457,33,7
510,H,0,integrated_gradients,0.8,match_ig_baseline,scientific,-0.0641452819108963,-0.06327159702777863,-0.06917263567447662,-0.06858395785093307,0.004438675940036774,0.0053123608231544495,0.0005886778235435486,0.0008736848831176758,0.005027353763580322,0.0008736848831176758,-0.003849998116493225,596,126,0.7885906040268457,33,7
510,H,1,gnnexplainer,0.8,match_ig_baseline,scientific,-0.07207746058702469,-0.04611419141292572,-0.18145346641540527,-0.10737372934818268,0.03529626876115799,0.06125953793525696,0.0740797370672226,0.02596326917409897,0.10937600582838058,0.02596326917409897,0.038783468306064606,596,126,0.7885906040268457,33,7
510,H,1,integrated_gradients,0.8,match_ig_baseline,scientific,-0.07207746058702469,-0.06180144473910332,-0.07978203892707825,-0.10737372934818268,0.03529626876115799,0.04557228460907936,0.02759169042110443,0.010276015847921371,0.007704578340053558,0.010276015847921371,-0.007704578340053558,596,126,0.7885906040268457,33,7
510,H,2,gnnexplainer,0.8,match_ig_baseline,scientific,-0.054743897169828415,-0.08744063973426819,-0.01916324347257614,-0.030469827353954315,0.0242740698158741,0.05697081238031387,0.011306583881378174,0.032696742564439774,0.035580653697252274,0.032696742564439774,-0.012967485934495926,596,126,0.7885906040268457,33,7
510,H,2,integrated_gradients,0.8,match_ig_baseline,scientific,-0.054743897169828415,-0.06571729481220245,-0.050906918942928314,-0.030469827353954315,0.0242740698158741,0.03524746745824814,0.020437091588974,0.010973397642374039,0.0038369782269001007,0.010973397642374039,-0.0038369782269001007,596,126,0.7885906040268457,33,7
510,H,3,gnnexplainer,0.8,match_ig_baseline,scientific,-0.0725153461098671,-0.05262891203165054,-0.16085737943649292,-0.1194084882736206,0.04689314216375351,0.06677957624197006,0.041448891162872314,0.019886434078216553,0.08834203332662582,0.019886434078216553,-0.005444251000881195,596,126,0.7885906040268457,33,7
510,H,3,integrated_gradients,0.8,match_ig_baseline,scientific,-0.0725153461098671,-0.0603763610124588,-0.08069393038749695,-0.1194084882736206,0.04689314216375351,0.059032127261161804,0.03871455788612366,0.012138985097408295,0.008178584277629852,0.012138985097408295,-0.008178584277629852,596,126,0.7885906040268457,33,7
510,H,4,gnnexplainer,0.8,match_ig_baseline,scientific,-0.06956268846988678,-0.135824054479599,-0.022754661738872528,-0.058769065886735916,0.010793622583150864,0.07705498859286308,0.03601440414786339,0.06626136600971222,0.04680802673101425,0.06626136600971222,0.025220781564712524,596,126,0.7885906040268457,33,7
510,H,4,integrated_gradients,0.8,match_ig_baseline,scientific,-0.06956268846988678,-0.07503703981637955,-0.05840430036187172,-0.058769065886735916,0.010793622583150864,0.01626797392964363,0.0003647655248641968,0.005474351346492767,0.01115838810801506,0.005474351346492767,-0.010428857058286667,596,126,0.7885906040268457,33,7
510,H,5,gnnexplainer,0.8,match_ig_baseline,scientific,-0.06805552542209625,-0.14775878190994263,-0.02029220014810562,-0.07969000190496445,0.011634476482868195,0.06806878000497818,0.059397801756858826,0.07970325648784637,0.04776332527399063,0.056434303522109985,0.04776332527399063,596,126,0.7885906040268457,33,7
510,H,5,integrated_gradients,0.8,match_ig_baseline,scientific,-0.06805552542209625,-0.07955122739076614,-0.06076773628592491,-0.07969000190496445,0.011634476482868195,0.00013877451419830322,0.018922265619039536,0.011495701968669891,0.007287789136171341,-0.011495701968669891,0.007287789136171341,596,126,0.7885906040268457,33,7
510,H,6,gnnexplainer,0.8,match_ig_baseline,scientific,-0.040923863649368286,-0.1461544930934906,-0.046978071331977844,-0.04133903980255127,0.0004151761531829834,0.10481545329093933,0.005639031529426575,0.10523062944412231,0.006054207682609558,0.10440027713775635,0.005223855376243591,596,126,0.7885906040268457,33,7
510,H,6,integrated_gradients,0.8,match_ig_baseline,scientific,-0.040923863649368286,-0.09322905540466309,-0.04400394856929779,-0.04133903980255127,0.0004151761531829834,0.051890015602111816,0.002664908766746521,0.0523051917552948,0.0030800849199295044,0.05147483944892883,0.0022497326135635376,596,126,0.7885906040268457,33,7
510,H,7,gnnexplainer,0.8,match_ig_baseline,scientific,-0.02234116941690445,-0.08564812690019608,-0.0847625583410263,-0.03561985865235329,0.013278689235448837,0.05002826824784279,0.04914269968867302,0.06330695748329163,0.06242138892412186,0.03674957901239395,0.03586401045322418,596,126,0.7885906040268457,33,7
510,H,7,integrated_gradients,0.8,match_ig_baseline,scientific,-0.02234116941690445,-0.09176129102706909,-0.022344741970300674,-0.03561985865235329,0.013278689235448837,0.056141432374715805,0.013275116682052612,0.06942012161016464,3.5725533962249756e-06,0.04286274313926697,-3.5725533962249756e-06,596,126,0.7885906040268457,33,7
510,H,8,gnnexplainer,0.8,match_ig_baseline,scientific,-0.057253893464803696,-0.10130898654460907,-0.025368742644786835,-0.0713830441236496,0.014129150658845901,0.029925942420959473,0.04601430147886276,0.044055093079805374,0.03188515082001686,0.01579679176211357,0.03188515082001686,596,126,0.7885906040268457,33,7
510,H,8,integrated_gradients,0.8,match_ig_baseline,scientific,-0.057253893464803696,-0.07309979200363159,-0.04759375751018524,-0.0713830441236496,0.014129150658845901,0.0017167478799819946,0.023789286613464355,0.015845898538827896,0.009660135954618454,-0.012412402778863907,0.009660135954618454,596,126,0.7885906040268457,33,7
510,H,9,gnnexplainer,0.8,match_ig_baseline,scientific,-0.06739038974046707,-0.09786014258861542,-0.041098929941654205,-0.08068999648094177,0.013299606740474701,0.017170146107673645,0.03959106653928757,0.030469752848148346,0.026291459798812866,0.003870539367198944,0.026291459798812866,596,126,0.7885906040268457,33,7
510,H,9,integrated_gradients,0.8,match_ig_baseline,scientific,-0.06739038974046707,-0.06644228845834732,-0.06327389180660248,-0.08068999648094177,0.013299606740474701,0.014247708022594452,0.017416104674339294,0.000948101282119751,0.0041164979338645935,0.000948101282119751,0.0041164979338645935,596,126,0.7885906040268457,33,7
510,C,0,gnnexplainer,0.8,match_ig_baseline,scientific,-3.183384895324707,-4.103242874145508,-2.5094804763793945,-2.6794397830963135,0.5039451122283936,1.4238030910491943,0.16995930671691895,0.9198579788208008,0.6739044189453125,0.9198579788208008,-0.3339858055114746,596,126,0.7885906040268457,39,8
510,C,0,integrated_gradients,0.8,match_ig_baseline,scientific,-3.183384895324707,-3.4381814002990723,-2.9192442893981934,-2.6794397830963135,0.5039451122283936,0.7587416172027588,0.23980450630187988,0.25479650497436523,0.26414060592651367,0.25479650497436523,-0.26414060592651367,596,126,0.7885906040268457,39,8
510,C,1,gnnexplainer,0.8,match_ig_baseline,scientific,-2.929103136062622,-4.415727615356445,-2.25553035736084,-2.8548877239227295,0.07421541213989258,1.5608398914337158,0.5993573665618896,1.4866244792938232,0.6735727787017822,1.4866244792938232,0.5251419544219971,596,126,0.7885906040268457,39,8
510,C,1,integrated_gradients,0.8,match_ig_baseline,scientific,-2.929103136062622,-3.199449300765991,-3.315913677215576,-2.8548877239227295,0.07421541213989258,0.3445615768432617,0.4610259532928467,0.27034616470336914,0.3868105411529541,0.27034616470336914,0.3868105411529541,596,126,0.7885906040268457,39,8
510,C,2,gnnexplainer,0.8,match_ig_baseline,scientific,-4.82141637802124,-3.723719835281372,-6.62764310836792,-4.148713111877441,0.6727032661437988,0.42499327659606934,2.4789299964904785,1.0976965427398682,1.8062267303466797,-0.2477099895477295,1.8062267303466797,596,126,0.7885906040268457,39,8
510,C,2,integrated_gradients,0.8,match_ig_baseline,scientific,-4.82141637802124,-4.343593120574951,-5.961520671844482,-4.148713111877441,0.6727032661437988,0.19488000869750977,1.812807559967041,0.47782325744628906,1.1401042938232422,-0.47782325744628906,1.1401042938232422,596,126,0.7885906040268457,39,8
510,C,3,gnnexplainer,0.8,match_ig_baseline,scientific,-1.93549382686615,-4.594397068023682,-1.3115288019180298,-0.3196980357170105,1.6157957911491394,4.274699032306671,0.9918307662010193,2.6589032411575317,0.6239650249481201,2.6589032411575317,-0.6239650249481201,596,126,0.7885906040268457,39,8
510,C,3,integrated_gradients,0.8,match_ig_baseline,scientific,-1.93549382686615,-4.7708916664123535,-1.8408548831939697,-0.3196980357170105,1.6157957911491394,4.451193630695343,1.5211568474769592,2.8353978395462036,0.09463894367218018,2.8353978395462036,-0.09463894367218018,596,126,0.7885906040268457,39,8
510,C,4,gnnexplainer,0.8,match_ig_baseline,scientific,-0.8245482444763184,-3.3647396564483643,-0.8222444653511047,-0.5578681230545044,0.26668012142181396,2.80687153339386,0.26437634229660034,2.540191411972046,0.002303779125213623,2.540191411972046,-0.002303779125213623,596,126,0.7885906040268457,39,8
510,C,4,integrated_gradients,0.8,match_ig_baseline,scientific,-0.8245482444763184,-3.56221079826355,-0.8420015573501587,-0.5578681230545044,0.26668012142181396,3.0043426752090454,0.2841334342956543,2.7376625537872314,0.017453312873840332,2.7376625537872314,0.017453312873840332,596,126,0.7885906040268457,39,8
510,C,5,gnnexplainer,0.8,match_ig_baseline,scientific,-1.521938443183899,-3.975778818130493,-0.8836389183998108,-0.3343559503555298,1.1875824928283691,3.6414228677749634,0.549282968044281,2.4538403749465942,0.6382995247840881,2.4538403749465942,-0.6382995247840881,596,126,0.7885906040268457,39,8
510,C,5,integrated_gradients,0.8,match_ig_baseline,scientific,-1.521938443183899,-3.9711010456085205,-1.590204119682312,-0.3343559503555298,1.1875824928283691,3.6367450952529907,1.2558481693267822,2.4491626024246216,0.06826567649841309,2.4491626024246216,0.06826567649841309,596,126,0.7885906040268457,39,8
530,H,0,gnnexplainer,0.8,match_ig_baseline,scientific,-0.08534625172615051,-0.07468310743570328,-0.2745177745819092,-0.16678637266159058,0.08144012093544006,0.0921032652258873,0.1077314019203186,0.010663144290447235,0.18917152285575867,0.010663144290447235,0.02629128098487854,314,67,0.786624203821656,33,7
530,H,1,gnnexplainer,0.8,match_ig_baseline,scientific,-0.09019753336906433,-0.06568600982427597,-0.24590429663658142,-0.13316234946250916,0.042964816093444824,0.06747633963823318,0.11274194717407227,0.02451152354478836,0.1557067632675171,0.02451152354478836,0.06977713108062744,314,67,0.786624203821656,33,7
530,H,2,gnnexplainer,0.8,match_ig_baseline,scientific,-0.030807171016931534,-0.027083680033683777,-0.05143055319786072,-0.0575319267809391,0.02672475576400757,0.030448246747255325,0.006101373583078384,0.003723490983247757,0.020623382180929184,0.003723490983247757,-0.020623382180929184,314,67,0.786624203821656,33,7
530,H,3,gnnexplainer,0.8,match_ig_baseline,scientific,-0.04008097946643829,-0.05689325928688049,-0.050574012100696564,-0.04089127480983734,0.0008102953433990479,0.016001984477043152,0.009682737290859222,0.0168122798204422,0.01049303263425827,0.015191689133644104,0.008872441947460175,314,67,0.786624203821656,33,7
530,H,4,gnnexplainer,0.8,match_ig_baseline,scientific,-0.03763440251350403,-0.08856704086065292,-0.03810763359069824,-0.06429433822631836,0.02665993571281433,0.024272702634334564,0.026186704635620117,0.050932638347148895,0.00047323107719421387,-0.002387233078479767,-0.00047323107719421387,314,67,0.786624203821656,33,7
530,C,0,gnnexplainer,0.8,match_ig_baseline,scientific,-2.6694869995117188,-2.676558494567871,-2.791102409362793,-2.8974430561065674,0.22795605659484863,0.2208845615386963,0.10634064674377441,0.007071495056152344,0.12161540985107422,-0.007071495056152344,-0.12161540985107422,314,67,0.786624203821656,39,8
530,C,1,gnnexplainer,0.8,match_ig_baseline,scientific,-3.2187187671661377,-4.313302516937256,-2.531365156173706,-2.7582390308380127,0.460479736328125,1.5550634860992432,0.22687387466430664,1.0945837497711182,0.6873536109924316,1.0945837497711182,-0.23360586166381836,314,67,0.786624203821656,39,8
530,C,2,gnnexplainer,0.8,match_ig_baseline,scientific,-4.761256694793701,-2.5563673973083496,-7.39004373550415,-4.5724406242370605,0.18881607055664062,2.016073226928711,2.81760311126709,2.2048892974853516,2.628787040710449,1.8272571563720703,2.628787040710449,314,67,0.786624203821656,39,8
610,H,0,gnnexplainer,0.8,match_ig_baseline,scientific,-0.44238173961639404,-0.05104626715183258,-0.6258561611175537,-0.615548849105835,0.17316710948944092,0.5645025819540024,0.01030731201171875,0.39133547246456146,0.18347442150115967,0.39133547246456146,-0.16285979747772217,452,96,0.7876106194690266,33,7
610,H,0,integrated_gradients,0.8,match_ig_baseline,scientific,-0.44238173961639404,-0.06760084629058838,-0.4382081627845764,-0.615548849105835,0.17316710948944092,0.5479480028152466,0.17734068632125854,0.37478089332580566,0.004173576831817627,0.37478089332580566,0.004173576831817627,452,96,0.7876106194690266,33,7
610,H,1,gnnexplainer,0.8,match_ig_baseline,scientific,-0.1651545912027359,-0.025798510760068893,-0.2955256402492523,-0.12229462713003159,0.042859964072704315,0.09649611636996269,0.17323101311922073,0.139356080442667,0.13037104904651642,0.05363615229725838,0.13037104904651642,452,96,0.7876106194690266,33,7
610,H,1,integrated_gradients,0.8,match_ig_baseline,scientific,-0.1651545912027359,-0.06520457565784454,-0.17914487421512604,-0.12229462713003159,0.042859964072704315,0.05709005147218704,0.05685024708509445,0.09995001554489136,0.013990283012390137,0.014230087399482727,0.013990283012390137,452,96,0.7876106194690266,33,7
610,H,2,gnnexplainer,0.8,match_ig_baseline,scientific,-0.13610506057739258,-0.02201971411705017,-0.23511195182800293,-0.1601894050836563,0.024084344506263733,0.13816969096660614,0.07492254674434662,0.11408534646034241,0.09900689125061035,0.11408534646034241,0.050838202238082886,452,96,0.7876106194690266,33,7
610,H,2,integrated_gradients,0.8,match_ig_baseline,scientific,-0.13610506057739258,-0.03501332551240921,-0.13747629523277283,-0.1601894050836563,0.024084344506263733,0.1251760795712471,0.022713109850883484,0.10109173506498337,0.001371234655380249,0.10109173506498337,-0.001371234655380249,452,96,0.7876106194690266,33,7
610,H,3,gnnexplainer,0.8,match_ig_baseline,scientific,-0.1795758754014969,-0.04503830894827843,-0.23525679111480713,-0.18318936228752136,0.003613486886024475,0.13815105333924294,0.05206742882728577,0.13453756645321846,0.05568091571331024,0.13453756645321846,0.04845394194126129,452,96,0.7876106194690266,33,7
610,H,3,integrated_gradients,0.8,match_ig_baseline,scientific,-0.1795758754014969,-0.04301911219954491,-0.20067375898361206,-0.18318936228752136,0.003613486886024475,0.14017025008797646,0.017484396696090698,0.13655676320195198,0.021097883582115173,0.13655676320195198,0.013870909810066223,452,96,0.7876106194690266,33,7
610,H,4,gnnexplainer,0.8,match_ig_baseline,scientific,-0.500056803226471,-0.06491822749376297,-0.5392580628395081,-0.6312503814697266,0.13119357824325562,0.5663321539759636,0.0919923186302185,0.435138575732708,0.03920125961303711,0.435138575732708,-0.03920125961303711,452,96,0.7876106194690266,33,7
610,H,4,integrated_gradients,0.8,match_ig_baseline,scientific,-0.500056803226471,-0.06198989599943161,-0.45400530099868774,-0.6312503814697266,0.13119357824325562,0.569260485470295,0.17724508047103882,0.43806690722703934,0.0460515022277832,0.43806690722703934,0.0460515022277832,452,96,0.7876106194690266,33,7
610,H,5,gnnexplainer,0.8,match_ig_baseline,scientific,-0.14004060626029968,-0.02010948210954666,-0.21532124280929565,-0.12377718091011047,0.01626342535018921,0.10366769880056381,0.09154406189918518,0.11993112415075302,0.07528063654899597,0.0874042734503746,0.07528063654899597,452,96,0.7876106194690266,33,7
610,H,5,integrated_gradients,0.8,match_ig_baseline,scientific,-0.14004060626029968,-0.034785717725753784,-0.15559206902980804,-0.12377718091011047,0.01626342535018921,0.08899146318435669,0.03181488811969757,0.1052548885345459,0.015551462769508362,0.07272803783416748,0.015551462769508362,452,96,0.7876106194690266,33,7
610,H,6,gnnexplainer,0.8,match_ig_baseline,scientific,-0.12860378623008728,-0.00751938670873642,-0.18657049536705017,-0.14696994423866272,0.01836615800857544,0.1394505575299263,0.03960055112838745,0.12108439952135086,0.05796670913696289,0.12108439952135086,0.02123439311981201,452,96,0.7876106194690266,33,7
610,H,6,integrated_gradients,0.8,match_ig_baseline,scientific,-0.12860378623008728,-0.035658903419971466,-0.14855605363845825,-0.14696994423866272,0.01836615800857544,0.11131104081869125,0.0015861093997955322,0.09294488281011581,0.01995226740837097,0.09294488281011581,-0.016780048608779907,452,96,0.7876106194690266,33,7
610,H,7,gnnexplainer,0.8,match_ig_baseline,scientific,-0.16811057925224304,-0.040568359196186066,-0.25749337673187256,-0.19154877960681915,0.02343820035457611,0.1509804204106331,0.0659445971250534,0.12754222005605698,0.08938279747962952,0.12754222005605698,0.042506396770477295,452,96,0.7876106194690266,33,7
610,H,7,integrated_gradients,0.8,match_ig_baseline,scientific,-0.16811057925224304,-0.04030660539865494,-0.1962723731994629,-0.19154877960681915,0.02343820035457611,0.15124217420816422,0.004723593592643738,0.1278039738535881,0.02816179394721985,0.1278039738535881,-0.018714606761932373,452,96,0.7876106194690266,33,7
610,C,0,gnnexplainer,0.8,match_ig_baseline,scientific,-16.07822036743164,-3.429044008255005,-18.846580505371094,-18.057586669921875,1.9793663024902344,14.62854266166687,0.7889938354492188,12.649176359176636,2.768360137939453,12.649176359176636,-1.1903724670410156,452,96,0.7876106194690266,39,8
610,C,0,integrated_gradients,0.8,match_ig_baseline,scientific,-16.07822036743164,-3.915712356567383,-17.50686264038086,-18.057586669921875,1.9793663024902344,14.141874313354492,0.5507240295410156,12.162508010864258,1.4286422729492188,12.162508010864258,-1.4286422729492188,452,96,0.7876106194690266,39,8
610,C,1,gnnexplainer,0.8,match_ig_baseline,scientific,-16.779712677001953,-5.333766460418701,-19.08181381225586,-17.75385856628418,0.9741458892822266,12.420092105865479,1.3279552459716797,11.445946216583252,2.3021011352539062,11.445946216583252,0.3538093566894531,452,96,0.7876106194690266,39,8
610,C,1,integrated_gradients,0.8,match_ig_baseline,scientific,-16.779712677001953,-3.2331299781799316,-18.026893615722656,-17.75385856628418,0.9741458892822266,14.520728588104248,0.27303504943847656,13.546582698822021,1.2471809387207031,13.546582698822021,-0.70111083984375,452,96,0.7876106194690266,39,8
610,C,2,gnnexplainer,0.8,match_ig_baseline,scientific,-1.856040596961975,-1.0495574474334717,-3.59061598777771,-2.5053277015686035,0.6492871046066284,1.4557702541351318,1.0852882862091064,0.8064831495285034,1.7345753908157349,0.8064831495285034,0.436001181602478,452,96,0.7876106194690266,39,8
610,C,2,integrated_gradients,0.8,match_ig_baseline,scientific,-1.856040596961975,-3.4920644760131836,-2.51818585395813,-2.5053277015686035,0.6492871046066284,0.9867367744445801,0.012858152389526367,1.6360238790512085,0.6621452569961548,0.33744966983795166,-0.636428952217102,452,96,0.7876106194690266,39,8
610,C,3,gnnexplainer,0.8,match_ig_baseline,scientific,-1.9090392589569092,-3.201991081237793,-2.2399959564208984,-2.3740406036376953,0.46500134468078613,0.8279504776000977,0.13404464721679688,1.2929518222808838,0.33095669746398926,0.3629491329193115,-0.33095669746398926,452,96,0.7876106194690266,39,8
610,C,3,integrated_gradients,0.8,match_ig_baseline,scientific,-1.9090392589569092,-3.4532718658447266,-2.2857162952423096,-2.3740406036376953,0.46500134468078613,1.0792312622070312,0.08832430839538574,1.5442326068878174,0.3766770362854004,0.6142299175262451,-0.3766770362854004,452,96,0.7876106194690266,39,8
620,H,0,gnnexplainer,0.8,match_ig_baseline,scientific,-0.22838380932807922,-0.1454314887523651,-0.36563175916671753,-0.2509962022304535,0.022612392902374268,0.10556471347808838,0.11463555693626404,0.08295232057571411,0.1372479498386383,0.08295232057571411,0.09202316403388977,603,126,0.791044776119403,33,7
620,H,0,integrated_gradients,0.8,match_ig_baseline,scientific,-0.22838380932807922,-0.13576161861419678,-0.2465326189994812,-0.2509962022304535,0.022612392902374268,0.11523458361625671,0.00446358323097229,0.09262219071388245,0.018148809671401978,0.09262219071388245,-0.018148809671401978,603,126,0.791044776119403,33,7
620,H,1,gnnexplainer,0.8,match_ig_baseline,scientific,-0.228367418050766,-0.1827276200056076,-0.32231706380844116,-0.24986469745635986,0.021497279405593872,0.06713707745075226,0.0724523663520813,0.045639798045158386,0.09394964575767517,0.045639798045158386,0.05095508694648743,603,126,0.791044776119403,33,7
620,H,1,integrated_gradients,0.8,match_ig_baseline,scientific,-0.228367418050766,-0.13306081295013428,-0.25587692856788635,-0.24986469745635986,0.021497279405593872,0.11680388450622559,0.006012231111526489,0.09530660510063171,0.02750951051712036,0.09530660510063171,-0.015485048294067383,603,126,0.791044776119403,33,7
620,H,2,gnnexplainer,0.8,match_ig_baseline,scientific,-0.2283584177494049,-0.1487644612789154,-0.3011977970600128,-0.2488207370042801,0.020462319254875183,0.10005627572536469,0.05237706005573273,0.0795939564704895,0.07283937931060791,0.0795939564704895,0.031914740800857544,603,126,0.791044776119403,33,7
620,H,2,integrated_gradients,0.8,match_ig_baseline,scientific,-0.2283584177494049,-0.13628464937210083,-0.24653097987174988,-0.2488207370042801,0.020462319254875183,0.11253608763217926,0.0022897571325302124,0.09207376837730408,0.01817256212234497,0.09207376837730408,-0.01817256212234497,603,126,0.791044776119403,33,7
620,H,3,gnnexplainer,0.8,match_ig_baseline,scientific,-0.22839093208312988,-0.2018081247806549,-0.2910335063934326,-0.25204017758369446,0.023649245500564575,0.05023205280303955,0.03899332880973816,0.026582807302474976,0.06264257431030273,0.026582807302474976,0.015344083309173584,603,126,0.791044776119403,33,7
620,H,3,integrated_gradients,0.8,match_ig_baseline,scientific,-0.22839093208312988,-0.1328442394733429,-0.25590723752975464,-0.25204017758369446,0.023649245500564575,0.11919593811035156,0.0038670599460601807,0.09554669260978699,0.027516305446624756,0.09554669260978699,-0.019782185554504395,603,126,0.791044776119403,33,7
620,H,4,gnnexplainer,0.8,match_ig_baseline,scientific,-0.22839006781578064,-0.21594175696372986,-0.20619210600852966,-0.251996248960495,0.023606181144714355,0.03605449199676514,0.04580414295196533,0.012448310852050781,0.022197961807250977,0.012448310852050781,0.022197961807250977,603,126,0.791044776119403,33,7
620,H,4,integrated_gradients,0.8,match_ig_baseline,scientific,-0.22839006781578064,-0.13282525539398193,-0.25592321157455444,-0.251996248960495,0.023606181144714355,0.11917099356651306,0.003926962614059448,0.0955648124217987,0.027533143758773804,0.0955648124217987,-0.019679218530654907,603,126,0.791044776119403,33,7
620,H,5,gnnexplainer,0.8,match_ig_baseline,scientific,-0.22836831212043762,-0.18878251314163208,-0.3126177191734314,-0.24986469745635986,0.02149638533592224,0.06108218431472778,0.06275302171707153,0.03958579897880554,0.08424940705299377,0.03958579897880554,0.04125663638114929,603,126,0.791044776119403,33,7
620,H,5,integrated_gradients,0.8,match_ig_baseline,scientific,-0.22836831212043762,-0.13593952357769012,-0.2465316355228424,-0.24986469745635986,0.02149638533592224,0.11392517387866974,0.003333061933517456,0.0924287885427475,0.018163323402404785,0.0924287885427475,-0.018163323402404785,603,126,0.791044776119403,33,7
620,H,6,gnnexplainer,0.8,match_ig_baseline,scientific,-0.00035447627305984497,-0.03444850072264671,0.03998011350631714,0.08161692321300507,0.08197139948606491,0.11606542393565178,0.04163680970668793,0.03409402444958687,0.040334589779376984,0.03409402444958687,-0.040334589779376984,603,126,0.791044776119403,33,7
620,H,6,integrated_gradients,0.8,match_ig_baseline,scientific,-0.00035447627305984497,-0.054568007588386536,-0.00028674304485321045,0.08161692321300507,0.08197139948606491,0.1361849308013916,0.08190366625785828,0.05421353131532669,6.773322820663452e-05,0.05421353131532669,-6.773322820663452e-05,603,126,0.791044776119403,33,7
620,H,7,gnnexplainer,0.8,match_ig_baseline,scientific,-0.0003616511821746826,-0.03024778515100479,-0.0050249360501766205,0.0810290277004242,0.08139067888259888,0.11127681285142899,0.08605396375060081,0.02988613396883011,0.004663284868001938,0.02988613396883011,0.004663284868001938,603,126,0.791044776119403,33,7
620,H,7,integrated_gradients,0.8,match_ig_baseline,scientific,-0.0003616511821746826,-0.05457122623920441,-0.000299207866191864,0.0810290277004242,0.08139067888259888,0.1356002539396286,0.08132823556661606,0.054209575057029724,6.24433159828186e-05,0.054209575057029724,-6.24433159828186e-05,603,126,0.791044776119403,33,7
620,H,8,gnnexplainer,0.8,match_ig_baseline,scientific,-0.00035750120878219604,-0.06095338612794876,0.018671125173568726,0.08161692321300507,0.08197442442178726,0.14257030934095383,0.06294579803943634,0.060595884919166565,0.01902862638235092,0.060595884919166565,-0.01902862638235092,603,126,0.791044776119403,33,7
620,H,8,integrated_gradients,0.8,match_ig_baseline,scientific,-0.00035750120878219604,-0.05456973612308502,-0.00029258430004119873,0.08161692321300507,0.08197442442178726,0.1361866593360901,0.08190950751304626,0.054212234914302826,6.491690874099731e-05,0.054212234914302826,-6.491690874099731e-05,603,126,0.791044776119403,33,7
620,H,9,gnnexplainer,0.8,match_ig_baseline,scientific,-0.01004878431558609,-0.04365294426679611,0.009459272027015686,0.17055636644363403,0.18060515075922012,0.21420931071043015,0.16109709441661835,0.03360415995121002,0.019508056342601776,0.03360415995121002,-0.019508056342601776,603,126,0.791044776119403,33,7
620,H,9,integrated_gradients,0.8,match_ig_baseline,scientific,-0.01004878431558609,-0.043754395097494125,-0.009647570550441742,0.17055636644363403,0.18060515075922012,0.21431076154112816,0.18020393699407578,0.033705610781908035,0.00040121376514434814,0.033705610781908035,-0.00040121376514434814,603,126,0.791044776119403,33,7
620,C,0,gnnexplainer,0.8,match_ig_baseline,scientific,-8.43395709991455,-3.790006160736084,-12.2298002243042,-8.185676574707031,0.24828052520751953,4.395670413970947,4.044123649597168,4.643950939178467,3.7958431243896484,4.147389888763428,3.7958431243896484,603,126,0.791044776119403,39,8
620,C,0,integrated_gradients,0.8,match_ig_baseline,scientific,-8.43395709991455,-5.049961566925049,-9.12018871307373,-8.185676574707031,0.24828052520751953,3.1357150077819824,0.9345121383666992,3.383995532989502,0.6862316131591797,2.887434482574463,0.6862316131591797,603,126,0.791044776119403,39,8
620,C,1,gnnexplainer,0.8,match_ig_baseline,scientific,-8.439017295837402,-5.055497646331787,-9.702584266662598,-8.185914039611816,0.25310325622558594,3.1304163932800293,1.5166702270507812,3.3835196495056152,1.2635669708251953,2.8773131370544434,1.2635669708251953,603,126,0.791044776119403,39,8
620,C,1,integrated_gradients,0.8,match_ig_baseline,scientific,-8.439017295837402,-5.05411958694458,-9.117722511291504,-8.185914039611816,0.25310325622558594,3.1317944526672363,0.9318084716796875,3.3848977088928223,0.6787052154541016,2.8786911964416504,0.6787052154541016,603,126,0.791044776119403,39,8
620,C,2,gnnexplainer,0.8,match_ig_baseline,scientific,-8.438666343688965,-4.451603889465332,-13.407327651977539,-8.188501358032227,0.2501649856567383,3.7368974685668945,5.2188262939453125,3.987062454223633,4.968661308288574,3.4867324829101562,4.968661308288574,603,126,0.791044776119403,39,8
620,C,2,integrated_gradients,0.8,match_ig_baseline,scientific,-8.438666343688965,-5.054152011871338,-9.117718696594238,-8.188501358032227,0.2501649856567383,3.1343493461608887,0.9292173385620117,3.384514331817627,0.6790523529052734,2.8841843605041504,0.6790523529052734,603,126,0.791044776119403,39,8
620,C,3,gnnexplainer,0.8,match_ig_baseline,scientific,-8.43066120147705,-3.840174436569214,-12.707255363464355,-8.189264297485352,0.24139690399169922,4.349089860916138,4.517991065979004,4.590486764907837,4.276594161987305,4.1076929569244385,4.276594161987305,603,126,0.791044776119403,39,8
620,C,3,integrated_gradients,0.8,match_ig_baseline,scientific,-8.43066120147705,-5.049623489379883,-9.120656967163086,-8.189264297485352,0.24139690399169922,3.1396408081054688,0.9313926696777344,3.381037712097168,0.6899957656860352,2.8982439041137695,0.6899957656860352,603,126,0.791044776119403,39,8
620,C,4,gnnexplainer,0.8,match_ig_baseline,scientific,-8.43023681640625,-4.479132652282715,-8.531401634216309,-8.187677383422852,0.24255943298339844,3.7085447311401367,0.34372425079345703,3.951104164123535,0.1011648178100586,3.4659852981567383,0.1011648178100586,603,126,0.791044776119403,39,8
620,C,4,integrated_gradients,0.8,match_ig_baseline,scientific,-8.43023681640625,-5.04951286315918,-9.120866775512695,-8.187677383422852,0.24255943298339844,3.138164520263672,0.9331893920898438,3.3807239532470703,0.6906299591064453,2.8956050872802734,0.6906299591064453,603,126,0.791044776119403,39,8
620,C,5,gnnexplainer,0.8,match_ig_baseline,scientific,-8.442373275756836,-3.7537119388580322,-10.622151374816895,-8.186501502990723,0.2558717727661133,4.43278956413269,2.435649871826172,4.688661336898804,2.1797780990600586,4.176917791366577,2.1797780990600586,603,126,0.791044776119403,39,8
620,C,5,integrated_gradients,0.8,match_ig_baseline,scientific,-8.442373275756836,-5.054442405700684,-9.116968154907227,-8.186501502990723,0.2558717727661133,3.132059097290039,0.9304666519165039,3.3879308700561523,0.6745948791503906,2.876187324523926,0.6745948791503906,603,126,0.791044776119403,39,8
620,C,6,gnnexplainer,0.8,match_ig_baseline,scientific,0.4642379879951477,-1.0014950037002563,0.049606770277023315,1.20413076877594,0.7398927807807922,2.2056257724761963,1.1545239984989166,1.465732991695404,0.4146312177181244,1.465732991695404,0.4146312177181244,603,126,0.791044776119403,39,8
620,C,6,integrated_gradients,0.8,match_ig_baseline,scientific,0.4642379879951477,-2.6365010738372803,0.4047326445579529,1.20413076877594,0.7398927807807922,3.84063184261322,0.7993981242179871,3.100739061832428,0.059505343437194824,3.100739061832428,0.059505343437194824,603,126,0.791044776119403,39,8
640,H,0,gnnexplainer,0.8,match_ig_baseline,scientific,-0.21126306056976318,-0.4517784118652344,-0.05161626636981964,0.13790667057037354,0.3491697311401367,0.5896850824356079,0.18952293694019318,0.2405153512954712,0.15964679419994354,0.2405153512954712,-0.15964679419994354,735,154,0.7904761904761904,33,7
640,H,0,integrated_gradients,0.8,match_ig_baseline,scientific,-0.21126306056976318,-0.18293720483779907,-0.18130916357040405,0.13790667057037354,0.3491697311401367,0.3208438754081726,0.3192158341407776,0.02832585573196411,0.02995389699935913,-0.02832585573196411,-0.02995389699935913,735,154,0.7904761904761904,33,7
640,H,1,gnnexplainer,0.8,match_ig_baseline,scientific,-0.21125224232673645,-0.44461750984191895,-0.05678427964448929,0.13790667057037354,0.34915891289711,0.5825241804122925,0.19469095021486282,0.2333652675151825,0.15446796268224716,0.2333652675151825,-0.15446796268224716,735,154,0.7904761904761904,33,7
640,H,1,integrated_gradients,0.8,match_ig_baseline,scientific,-0.21125224232673645,-0.1829114407300949,-0.18132272362709045,0.13790667057037354,0.34915891289711,0.32081811130046844,0.319229394197464,0.02834080159664154,0.029929518699645996,-0.02834080159664154,-0.029929518699645996,735,154,0.7904761904761904,33,7
640,H,2,gnnexplainer,0.8,match_ig_baseline,scientific,-0.04018162190914154,-0.0976337119936943,-0.018874406814575195,-0.010049479082226753,0.030132142826914787,0.08758423291146755,0.008824927732348442,0.057452090084552765,0.021307215094566345,0.057452090084552765,-0.021307215094566345,735,154,0.7904761904761904,33,7
640,H,2,integrated_gradients,0.8,match_ig_baseline,scientific,-0.04018162190914154,-0.0734110027551651,-0.04985840618610382,-0.010049479082226753,0.030132142826914787,0.06336152367293835,0.03980892710387707,0.03322938084602356,0.00967678427696228,0.03322938084602356,0.00967678427696228,735,154,0.7904761904761904,33,7
640,H,3,gnnexplainer,0.8,match_ig_baseline,scientific,-0.02698579430580139,-0.051891762763261795,-0.05152716487646103,-0.030795302242040634,0.0038095079362392426,0.02109646052122116,0.020731862634420395,0.024905968457460403,0.024541370570659637,0.01728695258498192,0.016922354698181152,735,154,0.7904761904761904,33,7
640,H,3,integrated_gradients,0.8,match_ig_baseline,scientific,-0.02698579430580139,-0.06096364185214043,-0.04385952278971672,-0.030795302242040634,0.0038095079362392426,0.030168339610099792,0.013064220547676086,0.033977847546339035,0.01687372848391533,0.02635883167386055,0.009254712611436844,735,154,0.7904761904761904,33,7
640,H,4,gnnexplainer,0.8,match_ig_baseline,scientific,-0.029253706336021423,-0.0867748111486435,-0.025006897747516632,-0.03988323733210564,0.010629530996084213,0.04689157381653786,0.014876339584589005,0.05752110481262207,0.004246808588504791,0.036262042820453644,0.004246808588504791,735,154,0.7904761904761904,33,7
640,H,4,integrated_gradients,0.8,match_ig_baseline,scientific,-0.029253706336021423,-0.04549919813871384,-0.05892214551568031,-0.03988323733210564,0.010629530996084213,0.0056159608066082,0.019038908183574677,0.016245491802692413,0.02966843917965889,-0.005013570189476013,0.008409377187490463,735,154,0.7904761904761904,33,7
640,H,5,gnnexplainer,0.8,match_ig_baseline,scientific,-0.07945401221513748,-0.14730799198150635,-0.05727779120206833,-0.08353185653686523,0.004077844321727753,0.06377613544464111,0.026254065334796906,0.06785397976636887,0.022176221013069153,0.05969829112291336,0.022176221013069153,735,154,0.7904761904761904,33,7
640,H,5,integrated_gradients,0.8,match_ig_baseline,scientific,-0.07945401221513748,-0.08069361001253128,-0.08989954739809036,-0.08353185653686523,0.004077844321727753,0.002838246524333954,0.006367690861225128,0.0012395977973937988,0.01044553518295288,-0.0012395977973937988,0.0022898465394973755,735,154,0.7904761904761904,33,7
640,H,6,gnnexplainer,0.8,match_ig_baseline,scientific,-0.11835552006959915,-0.12282176315784454,-0.08313880860805511,-0.10661061108112335,0.0117449089884758,0.01621115207672119,0.023471802473068237,0.004466243088245392,0.03521671146154404,0.004466243088245392,0.011726893484592438,735,154,0.7904761904761904,33,7
640,H,6,integrated_gradients,0.8,match_ig_baseline,scientific,-0.11835552006959915,-0.10390013456344604,-0.1150563508272171,-0.10661061108112335,0.0117449089884758,0.002710476517677307,0.00844573974609375,0.014455385506153107,0.0032991692423820496,-0.009034432470798492,-0.0032991692423820496,735,154,0.7904761904761904,33,7
640,H,7,gnnexplainer,0.8,match_ig_baseline,scientific,-0.06900552660226822,-0.15277701616287231,-0.02679218351840973,-0.07117222994565964,0.0021667033433914185,0.08160478621721268,0.04438004642724991,0.0837714895606041,0.04221334308385849,0.07943808287382126,0.04221334308385849,735,154,0.7904761904761904,33,7
640,H,7,integrated_gradients,0.8,match_ig_baseline,scientific,-0.06900552660226822,-0.09347628802061081,-0.07162284851074219,-0.07117222994565964,0.0021667033433914185,0.022304058074951172,0.00045061856508255005,0.02447076141834259,0.0026173219084739685,0.020137354731559753,-0.0017160847783088684,735,154,0.7904761904761904,33,7
640,H,8,gnnexplainer,0.8,match_ig_baseline,scientific,-0.10110029578208923,-0.02449001371860504,-0.1756439507007599,-0.12511934340000153,0.024019047617912292,0.10062932968139648,0.05052460730075836,0.07661028206348419,0.07454365491867065,0.07661028206348419,0.02650555968284607,735,154,0.7904761904761904,33,7
640,H,8,integrated_gradients,0.8,match_ig_baseline,scientific,-0.10110029578208923,-0.09574678540229797,-0.10027629882097244,-0.12511934340000153,0.024019047617912292,0.029372557997703552,0.024843044579029083,0.00535351037979126,0.0008239969611167908,0.00535351037979126,0.0008239969611167908,735,154,0.7904761904761904,33,7
640,H,9,gnnexplainer,0.8,match_ig_baseline,scientific,-0.07945292443037033,-0.15964853763580322,-0.02317338064312935,-0.08353185653686523,0.0040789321064949036,0.07611668109893799,0.060358475893735886,0.08019561320543289,0.05627954378724098,0.07203774899244308,0.05627954378724098,735,154,0.7904761904761904,33,7
640,H,9,integrated_gradients,0.8,match_ig_baseline,scientific,-0.07945292443037033,-0.08069849014282227,-0.0898989737033844,-0.08353185653686523,0.0040789321064949036,0.0028333663940429688,0.006367117166519165,0.0012455657124519348,0.010446049273014069,-0.0012455657124519348,0.0022881850600242615,735,154,0.7904761904761904,33,7
640,H,10,gnnexplainer,0.8,match_ig_baseline,scientific,-0.11835354566574097,-0.1296219825744629,-0.11063012480735779,-0.10661061108112335,0.011742934584617615,0.02301137149333954,0.004019513726234436,0.011268436908721924,0.007723420858383179,0.011268436908721924,-0.007723420858383179,735,154,0.7904761904761904,33,7
640,H,10,integrated_gradients,0.8,match_ig_baseline,scientific,-0.11835354566574097,-0.10390083491802216,-0.11505614221096039,-0.10661061108112335,0.011742934584617615,0.0027097761631011963,0.008445531129837036,0.014452710747718811,0.0032974034547805786,-0.009033158421516418,-0.0032974034547805786,735,154,0.7904761904761904,33,7
640,H,11,gnnexplainer,0.8,match_ig_baseline,scientific,-0.04018741473555565,-0.09061910212039948,-0.0238480307161808,-0.010049479082226753,0.030137935653328896,0.08056962303817272,0.013798551633954048,0.050431687384843826,0.016339384019374847,0.050431687384843826,-0.016339384019374847,735,154,0.7904761904761904,33,7
640,H,11,integrated_gradients,0.8,match_ig_baseline,scientific,-0.04018741473555565,-0.07341087609529495,-0.04986369609832764,-0.010049479082226753,0.030137935653328896,0.0633613970130682,0.039814217016100883,0.033223461359739304,0.009676281362771988,0.033223461359739304,0.009676281362771988,735,154,0.7904761904761904,33,7
640,H,12,gnnexplainer,0.8,match_ig_baseline,scientific,-0.029250383377075195,-0.07779188454151154,-0.011513251811265945,-0.04088323935866356,0.011632855981588364,0.03690864518284798,0.029369987547397614,0.04854150116443634,0.01773713156580925,0.025275789201259613,0.01773713156580925,735,154,0.7904761904761904,33,7
640,H,12,integrated_gradients,0.8,match_ig_baseline,scientific,-0.029250383377075195,-0.043038807809352875,-0.059434674680233,-0.04088323935866356,0.011632855981588364,0.002155568450689316,0.018551435321569443,0.01378842443227768,0.030184291303157806,-0.009477287530899048,0.006918579339981079,735,154,0.7904761904761904,33,7
640,H,13,gnnexplainer,0.8,match_ig_baseline,scientific,-0.026982992887496948,-0.07360570132732391,-0.03382287174463272,-0.030795302242040634,0.003812309354543686,0.04281039908528328,0.003027569502592087,0.046622708439826965,0.006839878857135773,0.038998089730739594,-0.0007847398519515991,735,154,0.7904761904761904,33,7
640,H,13,integrated_gradients,0.8,match_ig_baseline,scientific,-0.026982992887496948,-0.06096399575471878,-0.043853528797626495,-0.030795302242040634,0.003812309354543686,0.030168693512678146,0.013058226555585861,0.03398100286722183,0.016870535910129547,0.02635638415813446,0.009245917201042175,735,154,0.7904761904761904,33,7
640,C,0,gnnexplainer,0.8,match_ig_baseline,scientific,-7.860611915588379,-2.537844181060791,-9.766554832458496,-8.271045684814453,0.4104337692260742,5.733201503753662,1.495509147644043,5.322767734527588,1.9059429168701172,5.322767734527588,1.0850753784179688,735,154,0.7904761904761904,39,8
640,C,0,integrated_gradients,0.8,match_ig_baseline,scientific,-7.860611915588379,-3.906106472015381,-8.141268730163574,-8.271045684814453,0.4104337692260742,4.364939212799072,0.1297769546508789,3.954505443572998,0.2806568145751953,3.954505443572998,-0.2806568145751953,735,154,0.7904761904761904,39,8
640,C,1,gnnexplainer,0.8,match_ig_baseline,scientific,-7.8596673011779785,-2.6400651931762695,-8.875407218933105,-8.270045280456543,0.41037797927856445,5.629980087280273,0.6053619384765625,5.219602108001709,1.015739917755127,5.219602108001709,0.19498395919799805,735,154,0.7904761904761904,39,8
640,C,1,integrated_gradients,0.8,match_ig_baseline,scientific,-7.8596673011779785,-3.905959129333496,-8.140901565551758,-8.270045280456543,0.41037797927856445,4.364086151123047,0.12914371490478516,3.9537081718444824,0.2812342643737793,3.9537081718444824,-0.2812342643737793,735,154,0.7904761904761904,39,8
640,C,2,gnnexplainer,0.8,match_ig_baseline,scientific,-0.4793398380279541,-3.585925817489624,0.17096088826656342,-0.608948290348053,0.12960845232009888,2.976977527141571,0.7799091786146164,3.10658597946167,0.6503007262945175,2.847369074821472,0.6503007262945175,735,154,0.7904761904761904,39,8
640,C,2,integrated_gradients,0.8,match_ig_baseline,scientific,-0.4793398380279541,-3.953096389770508,-0.539101243019104,-0.608948290348053,0.12960845232009888,3.344148099422455,0.06984704732894897,3.4737565517425537,0.0597614049911499,3.214539647102356,-0.0597614049911499,735,154,0.7904761904761904,39,8
640,C,3,gnnexplainer,0.8,match_ig_baseline,scientific,-1.0577682256698608,-5.8278279304504395,-0.7213625311851501,-1.4114946126937866,0.3537263870239258,4.416333317756653,0.6901320815086365,4.770059704780579,0.3364056944847107,4.062606930732727,0.3364056944847107,735,154,0.7904761904761904,39,8
640,C,3,integrated_gradients,0.8,match_ig_baseline,scientific,-1.0577682256698608,-5.162275791168213,-1.1117676496505737,-1.4114946126937866,0.3537263870239258,3.7507811784744263,0.2997269630432129,4.104507565498352,0.05399942398071289,3.3970547914505005,-0.05399942398071289,735,154,0.7904761904761904,39,8
640,C,4,gnnexplainer,0.8,match_ig_baseline,scientific,-1.6062666177749634,-5.918152809143066,-1.516804575920105,-2.1460978984832764,0.539831280708313,3.77205491065979,0.6292933225631714,4.311886191368103,0.0894620418548584,3.232223629951477,0.0894620418548584,735,154,0.7904761904761904,39,8
640,C,4,integrated_gradients,0.8,match_ig_baseline,scientific,-1.6062666177749634,-4.857427597045898,-1.5955888032913208,-2.1460978984832764,0.539831280708313,2.711329698562622,0.5505090951919556,3.251160979270935,0.010677814483642578,2.171498417854309,0.010677814483642578,735,154,0.7904761904761904,39,8
640,C,5,gnnexplainer,0.8,match_ig_baseline,scientific,-1.0578246116638184,-4.616645336151123,-0.8717446327209473,-1.4114511013031006,0.3536264896392822,3.2051942348480225,0.5397064685821533,3.5588207244873047,0.1860799789428711,2.8515677452087402,0.1860799789428711,735,154,0.7904761904761904,39,8
640,C,5,integrated_gradients,0.8,match_ig_baseline,scientific,-1.0578246116638184,-5.162285804748535,-1.1117998361587524,-1.4114511013031006,0.3536264896392822,3.7508347034454346,0.29965126514434814,4.104461193084717,0.05397522449493408,3.3972082138061523,-0.05397522449493408,735,154,0.7904761904761904,39,8
640,C,6,gnnexplainer,0.8,match_ig_baseline,scientific,-0.47932881116867065,-2.610280990600586,-0.6099000573158264,-0.6109034419059753,0.1315746307373047,1.9993775486946106,0.0010033845901489258,2.1309521794319153,0.13057124614715576,1.867802917957306,-0.13057124614715576,735,154,0.7904761904761904,39,8
640,C,6,integrated_gradients,0.8,match_ig_baseline,scientific,-0.47932881116867065,-3.9531073570251465,-0.5390486717224121,-0.6109034419059753,0.1315746307373047,3.342203915119171,0.07185477018356323,3.473778545856476,0.059719860553741455,3.2106292843818665,-0.059719860553741455,735,154,0.7904761904761904,39,8
650,H,0,gnnexplainer,0.8,match_ig_baseline,scientific,-0.034940771758556366,-0.10967516899108887,0.028026513755321503,-0.047470711171627045,0.012529939413070679,0.06220445781946182,0.07549722492694855,0.0747343972325325,0.06296728551387787,0.049674518406391144,0.06296728551387787,762,160,0.7900262467191601,33,7
650,H,0,integrated_gradients,0.8,match_ig_baseline,scientific,-0.034940771758556366,-0.06702730804681778,-0.039577409625053406,-0.047470711171627045,0.012529939413070679,0.019556596875190735,0.007893301546573639,0.032086536288261414,0.00463663786649704,0.007026657462120056,-0.00463663786649704,762,160,0.7900262467191601,33,7
650,H,1,gnnexplainer,0.8,match_ig_baseline,scientific,-0.06100916862487793,-0.09854711592197418,-0.01723698154091835,-0.0373387411236763,0.02367042750120163,0.06120837479829788,0.02010175958275795,0.03753794729709625,0.04377218708395958,0.03753794729709625,-0.00356866791844368,762,160,0.7900262467191601,33,7
650,H,1,integrated_gradients,0.8,match_ig_baseline,scientific,-0.06100916862487793,-0.08275878429412842,-0.05881200730800629,-0.0373387411236763,0.02367042750120163,0.04542004317045212,0.021473266184329987,0.02174961566925049,0.002197161316871643,0.02174961566925049,-0.002197161316871643,762,160,0.7900262467191601,33,7
650,H,2,gnnexplainer,0.8,match_ig_baseline,scientific,-0.024738125503063202,-0.06115611642599106,-0.02324676141142845,-0.021102281287312508,0.0036358442157506943,0.04005383513867855,0.002144480124115944,0.036417990922927856,0.0014913640916347504,0.036417990922927856,-0.0014913640916347504,762,160,0.7900262467191601,33,7
650,H,2,integrated_gradients,0.8,match_ig_baseline,scientific,-0.024738125503063202,-0.06025960296392441,-0.03230947628617287,-0.021102281287312508,0.0036358442157506943,0.0391573216766119,0.01120719499886036,0.035521477460861206,0.007571350783109665,0.035521477460861206,0.007571350783109665,762,160,0.7900262467191601,33,7
650,H,3,gnnexplainer,0.8,match_ig_baseline,scientific,-0.10827633738517761,-0.09845028817653656,-0.11054717004299164,-0.09628623723983765,0.011990100145339966,0.0021640509366989136,0.014260932803153992,0.009826049208641052,0.002270832657814026,-0.009826049208641052,0.002270832657814026,762,160,0.7900262467191601,33,7
650,H,3,integrated_gradients,0.8,match_ig_baseline,scientific,-0.10827633738517761,-0.10447236895561218,-0.10530481487512589,-0.09628623723983765,0.011990100145339966,0.008186131715774536,0.009018577635288239,0.0038039684295654297,0.0029715225100517273,-0.0038039684295654297,-0.0029715225100517273,762,160,0.7900262467191601,33,7
650,H,4,gnnexplainer,0.8,match_ig_baseline,scientific,-0.05421527847647667,-0.033590734004974365,-0.14612747728824615,-0.1060146912932396,0.051799412816762924,0.07242395728826523,0.04011278599500656,0.020624544471502304,0.09191219881176949,0.020624544471502304,-0.011686626821756363,762,160,0.7900262467191601,33,7
650,H,4,integrated_gradients,0.8,match_ig_baseline,scientific,-0.05421527847647667,-0.0996222048997879,-0.04864279180765152,-0.1060146912932396,0.051799412816762924,0.006392486393451691,0.057371899485588074,0.045406926423311234,0.0055724866688251495,-0.045406926423311234,0.0055724866688251495,762,160,0.7900262467191601,33,7
650,H,5,gnnexplainer,0.8,match_ig_baseline,scientific,-0.0340970978140831,-0.07642770558595657,-0.0081552155315876,-0.045926790684461594,0.011829692870378494,0.03050091490149498,0.03777157515287399,0.042330607771873474,0.0259418822824955,0.018671222031116486,0.0259418822824955,762,160,0.7900262467191601,33,7
650,H,5,integrated_gradients,0.8,match_ig_baseline,scientific,-0.0340970978140831,-0.07820762693881989,-0.03352319449186325,-0.045926790684461594,0.011829692870378494,0.03228083625435829,0.012403596192598343,0.044110529124736786,0.0005739033222198486,0.020451143383979797,0.0005739033222198486,762,160,0.7900262467191601,33,7
650,H,6,gnnexplainer,0.8,match_ig_baseline,scientific,-0.023676138371229172,-0.05345609411597252,-0.030791781842708588,-0.01910228095948696,0.00457385741174221,0.03435381315648556,0.011689500883221626,0.029779955744743347,0.007115643471479416,0.029779955744743347,0.007115643471479416,762,160,0.7900262467191601,33,7
650,H,6,integrated_gradients,0.8,match_ig_baseline,scientific,-0.023676138371229172,-0.06155557185411453,-0.02081555873155594,-0.01910228095948696,0.00457385741174221,0.04245329089462757,0.0017132777720689774,0.03787943348288536,0.002860579639673233,0.03787943348288536,-0.002860579639673233,762,160,0.7900262467191601,33,7
650,H,7,gnnexplainer,0.8,match_ig_baseline,scientific,-0.05934511870145798,-0.11784417182207108,-0.032008130103349686,-0.03475097194314003,0.024594146758317947,0.08309319987893105,0.0027428418397903442,0.0584990531206131,0.02733698859810829,0.0584990531206131,-0.021851304918527603,762,160,0.7900262467191601,33,7
650,H,7,integrated_gradients,0.8,match_ig_baseline,scientific,-0.05934511870145798,-0.06387094408273697,-0.05613173544406891,-0.03475097194314003,0.024594146758317947,0.02911997213959694,0.02138076350092888,0.004525825381278992,0.0032133832573890686,0.004525825381278992,-0.0032133832573890686,762,160,0.7900262467191601,33,7
650,H,8,gnnexplainer,0.8,match_ig_baseline,scientific,-0.03394071012735367,-0.08001835644245148,0.011046774685382843,-0.04692678898572922,0.01298607885837555,0.03309156745672226,0.05797356367111206,0.04607764631509781,0.04498748481273651,0.02010548859834671,0.04498748481273651,762,160,0.7900262467191601,33,7
650,H,8,integrated_gradients,0.8,match_ig_baseline,scientific,-0.03394071012735367,-0.06636164337396622,-0.038784805685281754,-0.04692678898572922,0.01298607885837555,0.019434854388237,0.008141983300447464,0.03242093324661255,0.004844095557928085,0.00644877552986145,-0.004844095557928085,762,160,0.7900262467191601,33,7
650,H,9,gnnexplainer,0.8,match_ig_baseline,scientific,-0.05895303934812546,-0.10759462416172028,-0.024610895663499832,-0.03479496389627457,0.02415807545185089,0.07279966026544571,0.010184068232774734,0.04864158481359482,0.034342143684625626,0.04864158481359482,-0.013974007219076157,762,160,0.7900262467191601,33,7
650,H,9,integrated_gradients,0.8,match_ig_baseline,scientific,-0.05895303934812546,-0.08330363035202026,-0.05698409304022789,-0.03479496389627457,0.02415807545185089,0.0485086664557457,0.022189129143953323,0.024350591003894806,0.0019689463078975677,0.024350591003894806,-0.0019689463078975677,762,160,0.7900262467191601,33,7
650,H,10,gnnexplainer,0.8,match_ig_baseline,scientific,-0.023587524890899658,-0.04705286771059036,-0.009426817297935486,-0.020102281123399734,0.0034852437674999237,0.026950586587190628,0.010675463825464249,0.023465342819690704,0.014160707592964172,0.023465342819690704,0.007190220057964325,762,160,0.7900262467191601,33,7
650,H,10,integrated_gradients,0.8,match_ig_baseline,scientific,-0.023587524890899658,-0.060799285769462585,-0.02345169335603714,-0.020102281123399734,0.0034852437674999237,0.04069700464606285,0.0033494122326374054,0.03721176087856293,0.0001358315348625183,0.03721176087856293,-0.0001358315348625183,762,160,0.7900262467191601,33,7
650,H,11,gnnexplainer,0.8,match_ig_baseline,scientific,-0.10841157287359238,-0.08587223291397095,-0.08139578998088837,-0.09524228423833847,0.013169288635253906,0.009370051324367523,0.013846494257450104,0.02253933995962143,0.02701578289270401,-0.003799237310886383,0.0006772056221961975,762,160,0.7900262467191601,33,7
650,H,11,integrated_gradients,0.8,match_ig_baseline,scientific,-0.10841157287359238,-0.10601887106895447,-0.10978136956691742,-0.09524228423833847,0.013169288635253906,0.010776586830615997,0.014539085328578949,0.002392701804637909,0.0013697966933250427,-0.002392701804637909,0.0013697966933250427,762,160,0.7900262467191601,33,7
650,H,12,gnnexplainer,0.8,match_ig_baseline,scientific,-0.05435436591506004,-0.01327328011393547,-0.16051115095615387,-0.10497073829174042,0.050616372376680374,0.09169745817780495,0.05554041266441345,0.04108108580112457,0.10615678504109383,0.04108108580112457,0.004924040287733078,762,160,0.7900262467191601,33,7
650,H,12,integrated_gradients,0.8,match_ig_baseline,scientific,-0.05435436591506004,-0.10093031823635101,-0.05089087784290314,-0.10497073829174042,0.050616372376680374,0.004040420055389404,0.05407986044883728,0.04657595232129097,0.003463488072156906,-0.04657595232129097,0.003463488072156906,762,160,0.7900262467191601,33,7
650,H,13,gnnexplainer,0.8,match_ig_baseline,scientific,-0.06090754270553589,-0.10829994827508926,-7.621943950653076e-06,-0.03579496219754219,0.025112580507993698,0.07250498607754707,0.03578734025359154,0.047392405569553375,0.060899920761585236,0.047392405569553375,0.01067475974559784,762,160,0.7900262467191601,33,7
650,H,13,integrated_gradients,0.8,match_ig_baseline,scientific,-0.06090754270553589,-0.08263206481933594,-0.058720868080854416,-0.03579496219754219,0.025112580507993698,0.04683710262179375,0.022925905883312225,0.02172452211380005,0.0021866746246814728,0.02172452211380005,-0.0021866746246814728,762,160,0.7900262467191601,33,7
650,H,14,gnnexplainer,0.8,match_ig_baseline,scientific,-0.03507107496261597,-0.08427249640226364,-0.022557318210601807,-0.04792679101228714,0.012855716049671173,0.0363457053899765,0.025369472801685333,0.049201421439647675,0.01251375675201416,0.02348998934030533,0.01251375675201416,762,160,0.7900262467191601,33,7
650,H,14,integrated_gradients,0.8,match_ig_baseline,scientific,-0.03507107496261597,-0.06609811633825302,-0.039160266518592834,-0.04792679101228714,0.012855716049671173,0.01817132532596588,0.008766524493694305,0.031027041375637054,0.004089191555976868,0.005315609276294708,-0.004089191555976868,762,160,0.7900262467191601,33,7
650,H,15,gnnexplainer,0.8,match_ig_baseline,scientific,-0.024672776460647583,-0.0572015605866909,-0.0070932283997535706,-0.01910228095948696,0.005570495501160622,0.03809927962720394,0.01200905255973339,0.03252878412604332,0.017579548060894012,0.03252878412604332,0.006438557058572769,762,160,0.7900262467191601,33,7
650,H,15,integrated_gradients,0.8,match_ig_baseline,scientific,-0.024672776460647583,-0.060858167707920074,-0.032626211643218994,-0.01910228095948696,0.005570495501160622,0.04175588674843311,0.013523930683732033,0.03618539124727249,0.007953435182571411,0.03618539124727249,0.007953435182571411,762,160,0.7900262467191601,33,7
650,C,0,gnnexplainer,0.8,match_ig_baseline,scientific,-0.6039972305297852,-2.991408348083496,-0.38736259937286377,-0.7945148944854736,0.19051766395568848,2.1968934535980225,0.40715229511260986,2.387411117553711,0.2166346311569214,2.006375789642334,0.2166346311569214,762,160,0.7900262467191601,39,8
650,C,0,integrated_gradients,0.8,match_ig_baseline,scientific,-0.6039972305297852,-4.246881008148193,-0.6728475689888,-0.7945148944854736,0.19051766395568848,3.4523661136627197,0.12166732549667358,3.642883777618408,0.06885033845901489,3.2618484497070312,-0.06885033845901489,762,160,0.7900262467191601,39,8
650,C,1,gnnexplainer,0.8,match_ig_baseline,scientific,-0.9427768588066101,-4.646073341369629,-0.8393913507461548,-1.2854688167572021,0.34269195795059204,3.3606045246124268,0.44607746601104736,3.703296482563019,0.10338550806045532,3.0179125666618347,0.10338550806045532,762,160,0.7900262467191601,39,8
650,C,1,integrated_gradients,0.8,match_ig_baseline,scientific,-0.9427768588066101,-4.736623287200928,-0.9229364395141602,-1.2854688167572021,0.34269195795059204,3.4511544704437256,0.362532377243042,3.7938464283943176,0.01984041929244995,3.1084625124931335,0.01984041929244995,762,160,0.7900262467191601,39,8
650,C,2,gnnexplainer,0.8,match_ig_baseline,scientific,-0.6430948376655579,-3.043148994445801,-0.9011102318763733,-0.7869271636009216,0.14383232593536377,2.256221830844879,0.11418306827545166,2.400054156780243,0.25801539421081543,2.1123895049095154,-0.02964925765991211,762,160,0.7900262467191601,39,8
650,C,2,integrated_gradients,0.8,match_ig_baseline,scientific,-0.6430948376655579,-4.338710308074951,-0.6497138142585754,-0.7869271636009216,0.14383232593536377,3.5517831444740295,0.1372133493423462,3.6956154704093933,0.006618976593017578,3.4079508185386658,-0.006618976593017578,762,160,0.7900262467191601,39,8
650,C,3,gnnexplainer,0.8,match_ig_baseline,scientific,-0.6416166424751282,-3.0586636066436768,-0.48222970962524414,-0.7869707942008972,0.14535415172576904,2.2716928124427795,0.3047410845756531,2.4170469641685486,0.15938693284988403,2.1263386607170105,0.15938693284988403,762,160,0.7900262467191601,39,8
650,C,3,integrated_gradients,0.8,match_ig_baseline,scientific,-0.6416166424751282,-4.33083963394165,-0.6503405570983887,-0.7869707942008972,0.14535415172576904,3.543868839740753,0.13663023710250854,3.689222991466522,0.008723914623260498,3.398514688014984,-0.008723914623260498,762,160,0.7900262467191601,39,8
650,C,4,gnnexplainer,0.8,match_ig_baseline,scientific,-0.942050039768219,-3.948378562927246,-1.5769085884094238,-1.282924771308899,0.34087473154067993,2.665453791618347,0.2939838171005249,3.006328523159027,0.6348585486412048,2.3245790600776672,-0.04689091444015503,762,160,0.7900262467191601,39,8
650,C,4,integrated_gradients,0.8,match_ig_baseline,scientific,-0.942050039768219,-4.7455573081970215,-0.9196690917015076,-1.282924771308899,0.34087473154067993,3.4626325368881226,0.36325567960739136,3.8035072684288025,0.022380948066711426,3.1217578053474426,0.022380948066711426,762,160,0.7900262467191601,39,8
650,C,5,gnnexplainer,0.8,match_ig_baseline,scientific,-0.60410076379776,-3.3774166107177734,-0.36781948804855347,-0.7939702272415161,0.1898694634437561,2.5834463834762573,0.42615073919296265,2.7733158469200134,0.23628127574920654,2.393576920032501,0.23628127574920654,762,160,0.7900262467191601,39,8
650,C,5,integrated_gradients,0.8,match_ig_baseline,scientific,-0.60410076379776,-4.252438068389893,-0.6719902753829956,-0.7939702272415161,0.1898694634437561,3.4584678411483765,0.12197995185852051,3.6483373045921326,0.0678895115852356,3.2685983777046204,-0.0678895115852356,762,160,0.7900262467191601,39,8
740,H,1,gnnexplainer,0.8,match_ig_baseline,scientific,-0.026137936860322952,-0.08495569974184036,0.027091555297374725,0.03481113538146019,0.06094907224178314,0.11976683512330055,0.0077195800840854645,0.05881776288151741,0.05322949215769768,0.05881776288151741,-0.05322949215769768,561,120,0.786096256684492,33,7
740,H,2,gnnexplainer,0.8,match_ig_baseline,scientific,-0.04452488198876381,-0.11519832909107208,-0.00674273818731308,-0.0694003626704216,0.02487548068165779,0.04579796642065048,0.06265762448310852,0.07067344710230827,0.03778214380145073,0.02092248573899269,0.03778214380145073,561,120,0.786096256684492,33,7
740,H,3,gnnexplainer,0.8,match_ig_baseline,scientific,-0.04864649474620819,-0.09130688011646271,-0.0205511637032032,-0.03524171933531761,0.01340477541089058,0.056065160781145096,0.01469055563211441,0.04266038537025452,0.02809533104300499,0.04266038537025452,0.0012857802212238312,561,120,0.786096256684492,33,7
740,H,4,gnnexplainer,0.8,match_ig_baseline,scientific,-0.044288262724876404,-0.0766928642988205,-0.013190645724534988,-0.06663717329502106,0.022348910570144653,0.010055691003799438,0.05344652757048607,0.03240460157394409,0.031097617000341415,-0.012293219566345215,0.031097617000341415,561,120,0.786096256684492,33,7
740,H,5,gnnexplainer,0.8,match_ig_baseline,scientific,-0.02385552227497101,-0.056954361498355865,0.027966953814029694,0.03422334045171738,0.058078862726688385,0.09117770195007324,0.006256386637687683,0.03309883922338486,0.0518224760890007,0.03309883922338486,-0.0518224760890007,561,120,0.786096256684492,33,7
740,H,6,gnnexplainer,0.8,match_ig_baseline,scientific,-0.046978406608104706,-0.10646776109933853,-0.04116823896765709,-0.03061004728078842,0.016368359327316284,0.07585771381855011,0.010558191686868668,0.059489354491233826,0.005810167640447617,0.059489354491233826,-0.005810167640447617,561,120,0.786096256684492,33,7
740,H,9,gnnexplainer,0.8,match_ig_baseline,scientific,-0.04696982726454735,-0.00476691871881485,-0.13430115580558777,-0.11217248439788818,0.06520265713334084,0.10740556567907333,0.022128671407699585,0.0422029085457325,0.08733132854104042,0.0422029085457325,-0.04307398572564125,561,120,0.786096256684492,33,7
740,H,10,gnnexplainer,0.8,match_ig_baseline,scientific,-0.046655893325805664,-0.020045079290866852,-0.12780211865901947,-0.10799708962440491,0.06134119629859924,0.08795201033353806,0.019805029034614563,0.026610814034938812,0.0811462253332138,0.026610814034938812,-0.04153616726398468,561,120,0.786096256684492,33,7
740,H,11,gnnexplainer,0.8,match_ig_baseline,scientific,-0.03764323145151138,-0.09618601202964783,0.02957749366760254,0.028855061158537865,0.06649829261004925,0.1250410731881857,0.0007224325090646744,0.058542780578136444,0.06722072511911392,0.058542780578136444,-0.06577586010098457,561,120,0.786096256684492,33,7
740,C,0,gnnexplainer,0.8,match_ig_baseline,scientific,0.018430694937705994,-4.699712753295898,0.47235333919525146,0.41184088587760925,0.39341019093990326,5.111553639173508,0.06051245331764221,4.718143448233604,0.45392264425754547,4.718143448233604,-0.33289773762226105,561,120,0.786096256684492,39,8
740,C,1,gnnexplainer,0.8,match_ig_baseline,scientific,0.007801875472068787,-3.9274537563323975,0.21048803627490997,0.3751834034919739,0.3673815280199051,4.302637159824371,0.1646953672170639,3.9352556318044662,0.2026861608028412,3.9352556318044662,-0.2026861608028412,561,120,0.786096256684492,39,8
740,C,2,gnnexplainer,0.8,match_ig_baseline,scientific,-0.3508378267288208,-3.191103458404541,-0.028700463473796844,0.5169197916984558,0.8677576184272766,3.708023250102997,0.5456202551722527,2.84026563167572,0.32213736325502396,2.84026563167572,-0.32213736325502396,561,120,0.786096256684492,39,8
