graph_idx,node_type,node_idx,method,sparsity_target,mask_baseline_mode,ig_baseline_mode,pred_orig,pred_drop,pred_keep,target,error_orig,error_drop,error_keep,fid_plus_model,fid_minus_model,fid_plus_error_delta,fid_minus_error_delta,n_features,k_features,actual_sparsity_feat,n_features_target,k_features_target
50,H,0,gnnexplainer,0.6,match_ig_baseline,scientific,-0.18866461515426636,-0.04613542556762695,-0.2569462060928345,-0.18572446703910828,0.002940148115158081,0.13958904147148132,0.0712217390537262,0.1425291895866394,0.06828159093856812,0.13664889335632324,0.06828159093856812,498,208,0.5823293172690763,33,14
50,H,0,integrated_gradients,0.6,match_ig_baseline,scientific,-0.18866461515426636,-0.0852944478392601,-0.1870587170124054,-0.18572446703910828,0.002940148115158081,0.10043001919984818,0.0013342499732971191,0.10337016731500626,0.001605898141860962,0.0974898710846901,-0.001605898141860962,498,208,0.5823293172690763,33,14
50,H,1,gnnexplainer,0.6,match_ig_baseline,scientific,-0.19408667087554932,-0.07062152773141861,-0.23437604308128357,-0.1745053380727768,0.019581332802772522,0.10388381034135818,0.059870705008506775,0.1234651431441307,0.04028937220573425,0.08430247753858566,0.04028937220573425,498,208,0.5823293172690763,33,14
50,H,1,integrated_gradients,0.6,match_ig_baseline,scientific,-0.19408667087554932,-0.09138628840446472,-0.1932373344898224,-0.1745053380727768,0.019581332802772522,0.08311904966831207,0.018731996417045593,0.1027003824710846,0.0008493363857269287,0.06353771686553955,-0.0008493363857269287,498,208,0.5823293172690763,33,14
50,H,2,gnnexplainer,0.6,match_ig_baseline,scientific,-0.13721123337745667,-0.055473681539297104,-0.2285808026790619,-0.1240059956908226,0.013205237686634064,0.0685323141515255,0.10457480698823929,0.08173755183815956,0.09136956930160522,0.055327076464891434,0.09136956930160522,498,208,0.5823293172690763,33,14
50,H,2,integrated_gradients,0.6,match_ig_baseline,scientific,-0.13721123337745667,-0.09510018676519394,-0.13858452439308167,-0.1240059956908226,0.013205237686634064,0.028905808925628662,0.014578528702259064,0.042111046612262726,0.001373291015625,0.0157005712389946,0.001373291015625,498,208,0.5823293172690763,33,14
50,H,3,gnnexplainer,0.6,match_ig_baseline,scientific,-0.06269896030426025,-0.14473414421081543,-0.008455730974674225,-0.029461706057190895,0.03323725424706936,0.11527243815362453,0.02100597508251667,0.08203518390655518,0.05424322932958603,0.08203518390655518,-0.012231279164552689,498,208,0.5823293172690763,33,14
50,H,3,integrated_gradients,0.6,match_ig_baseline,scientific,-0.06269896030426025,-0.08746518194675446,-0.060937415808439255,-0.029461706057190895,0.03323725424706936,0.05800347588956356,0.03147570975124836,0.0247662216424942,0.0017615444958209991,0.0247662216424942,-0.0017615444958209991,498,208,0.5823293172690763,33,14
50,H,4,gnnexplainer,0.6,match_ig_baseline,scientific,-0.05592544749379158,-0.01465637981891632,-0.13068993389606476,-0.08866342157125473,0.03273797407746315,0.07400704175233841,0.04202651232481003,0.04126906767487526,0.07476448640227318,0.04126906767487526,0.009288538247346878,498,208,0.5823293172690763,33,14
50,H,4,integrated_gradients,0.6,match_ig_baseline,scientific,-0.05592544749379158,-0.08835288137197495,-0.055614814162254333,-0.08866342157125473,0.03273797407746315,0.00031054019927978516,0.0330486074090004,0.032427433878183365,0.0003106333315372467,-0.032427433878183365,0.0003106333315372467,498,208,0.5823293172690763,33,14
50,H,5,gnnexplainer,0.6,match_ig_baseline,scientific,-0.08462868630886078,-0.1736568957567215,-0.017951905727386475,-0.06410186737775803,0.020526818931102753,0.10955502837896347,0.04614996165037155,0.08902820944786072,0.0666767805814743,0.08902820944786072,0.0256231427192688,498,208,0.5823293172690763,33,14
50,H,5,integrated_gradients,0.6,match_ig_baseline,scientific,-0.08462868630886078,-0.08962632715702057,-0.08563902974128723,-0.06410186737775803,0.020526818931102753,0.025524459779262543,0.021537162363529205,0.00499764084815979,0.0010103434324264526,0.00499764084815979,0.0010103434324264526,498,208,0.5823293172690763,33,14
50,H,6,gnnexplainer,0.6,match_ig_baseline,scientific,-0.33054494857788086,-0.05878327041864395,-0.5627878904342651,-0.3011716902256012,0.029373258352279663,0.24238841980695724,0.26161620020866394,0.2717616781592369,0.23224294185638428,0.21301516145467758,0.23224294185638428,498,208,0.5823293172690763,33,14
50,H,6,integrated_gradients,0.6,match_ig_baseline,scientific,-0.33054494857788086,-0.09311438351869583,-0.33316150307655334,-0.3011716902256012,0.029373258352279663,0.20805730670690536,0.03198981285095215,0.23743056505918503,0.0026165544986724854,0.1786840483546257,0.0026165544986724854,498,208,0.5823293172690763,33,14
50,H,7,gnnexplainer,0.6,match_ig_baseline,scientific,-0.3257949948310852,-0.04903401434421539,-0.4514281749725342,-0.362988144159317,0.03719314932823181,0.3139541298151016,0.08844003081321716,0.2767609804868698,0.12563318014144897,0.2767609804868698,0.05124688148498535,498,208,0.5823293172690763,33,14
50,H,7,integrated_gradients,0.6,match_ig_baseline,scientific,-0.3257949948310852,-0.06850454956293106,-0.3076007068157196,-0.362988144159317,0.03719314932823181,0.29448359459638596,0.05538743734359741,0.25729044526815414,0.0181942880153656,0.25729044526815414,0.0181942880153656,498,208,0.5823293172690763,33,14
50,C,0,gnnexplainer,0.6,match_ig_baseline,scientific,-3.4731967449188232,-3.1489882469177246,-5.205728054046631,-3.638505220413208,0.16530847549438477,0.4895169734954834,1.5672228336334229,0.32420849800109863,1.7325313091278076,0.32420849800109863,1.401914358139038,498,208,0.5823293172690763,39,16
50,C,0,integrated_gradients,0.6,match_ig_baseline,scientific,-3.4731967449188232,-5.049614429473877,-3.3905205726623535,-3.638505220413208,0.16530847549438477,1.411109209060669,0.2479846477508545,1.5764176845550537,0.08267617225646973,1.2458007335662842,0.08267617225646973,498,208,0.5823293172690763,39,16
50,C,1,gnnexplainer,0.6,match_ig_baseline,scientific,-2.626781463623047,-7.033952236175537,-1.9956998825073242,-2.7032065391540527,0.07642507553100586,4.330745697021484,0.7075066566467285,4.40717077255249,0.6310815811157227,4.2543206214904785,0.6310815811157227,498,208,0.5823293172690763,39,16
50,C,1,integrated_gradients,0.6,match_ig_baseline,scientific,-2.626781463623047,-5.125668525695801,-2.4465606212615967,-2.7032065391540527,0.07642507553100586,2.422461986541748,0.25664591789245605,2.498887062072754,0.1802208423614502,2.346036911010742,0.1802208423614502,498,208,0.5823293172690763,39,16
50,C,2,gnnexplainer,0.6,match_ig_baseline,scientific,-2.6187326908111572,-1.81137216091156,-6.1371026039123535,-3.0836172103881836,0.46488451957702637,1.2722450494766235,3.05348539352417,0.8073605298995972,3.5183699131011963,0.8073605298995972,2.5886008739471436,498,208,0.5823293172690763,39,16
50,C,2,integrated_gradients,0.6,match_ig_baseline,scientific,-2.6187326908111572,-4.410829544067383,-2.551490545272827,-3.0836172103881836,0.46488451957702637,1.3272123336791992,0.5321266651153564,1.7920968532562256,0.06724214553833008,0.8623278141021729,0.06724214553833008,498,208,0.5823293172690763,39,16
50,C,3,gnnexplainer,0.6,match_ig_baseline,scientific,-12.352452278137207,-3.3396270275115967,-15.590227127075195,-11.829119682312012,0.5233325958251953,8.489492654800415,3.7611074447631836,9.01282525062561,3.2377748489379883,7.96616005897522,3.2377748489379883,498,208,0.5823293172690763,39,16
50,C,3,integrated_gradients,0.6,match_ig_baseline,scientific,-12.352452278137207,-4.364217281341553,-11.779422760009766,-11.829119682312012,0.5233325958251953,7.464902400970459,0.049696922302246094,7.988234996795654,0.5730295181274414,6.941569805145264,-0.4736356735229492,498,208,0.5823293172690763,39,16
50,C,4,gnnexplainer,0.6,match_ig_baseline,scientific,-12.56570053100586,-3.9035487174987793,-15.36929702758789,-12.671215057373047,0.1055145263671875,8.767666339874268,2.6980819702148438,8.66215181350708,2.8035964965820312,8.66215181350708,2.5925674438476562,498,208,0.5823293172690763,39,16
50,C,4,integrated_gradients,0.6,match_ig_baseline,scientific,-12.56570053100586,-4.316016674041748,-12.459868431091309,-12.671215057373047,0.1055145263671875,8.355198383331299,0.21134662628173828,8.249683856964111,0.10583209991455078,8.249683856964111,0.10583209991455078,498,208,0.5823293172690763,39,16
50,C,5,gnnexplainer,0.6,match_ig_baseline,scientific,-1.2540905475616455,-4.893950462341309,-0.5841671228408813,-1.9315294027328491,0.6774388551712036,2.9624210596084595,1.3473622798919678,3.639859914779663,0.6699234247207642,2.284982204437256,0.6699234247207642,498,208,0.5823293172690763,39,16
50,C,5,integrated_gradients,0.6,match_ig_baseline,scientific,-1.2540905475616455,-4.699427604675293,-1.2941502332687378,-1.9315294027328491,0.6774388551712036,2.767898201942444,0.6373791694641113,3.4453370571136475,0.040059685707092285,2.0904593467712402,-0.040059685707092285,498,208,0.5823293172690763,39,16
170,H,0,gnnexplainer,0.6,match_ig_baseline,scientific,-0.08065252006053925,-0.08752653002738953,-0.04290036857128143,-0.026961499825119972,0.05369102023541927,0.060565030202269554,0.01593886874616146,0.006874009966850281,0.03775215148925781,0.006874009966850281,-0.03775215148925781,662,278,0.5800604229607251,33,14
170,H,0,integrated_gradients,0.6,match_ig_baseline,scientific,-0.08065252006053925,-0.05249803513288498,-0.0816551148891449,-0.026961499825119972,0.05369102023541927,0.025536535307765007,0.054693615064024925,0.028154484927654266,0.0010025948286056519,-0.028154484927654266,0.0010025948286056519,662,278,0.5800604229607251,33,14
170,H,1,gnnexplainer,0.6,match_ig_baseline,scientific,-0.08064423501491547,-0.09105363488197327,-0.03801526874303818,-0.027961499989032745,0.05268273502588272,0.06309213489294052,0.010053768754005432,0.0104093998670578,0.04262896627187729,0.0104093998670578,-0.04262896627187729,662,278,0.5800604229607251,33,14
170,H,1,integrated_gradients,0.6,match_ig_baseline,scientific,-0.08064423501491547,-0.05249821022152901,-0.08164732158184052,-0.027961499989032745,0.05268273502588272,0.02453671023249626,0.05368582159280777,0.02814602479338646,0.0010030865669250488,-0.02814602479338646,0.0010030865669250488,662,278,0.5800604229607251,33,14
170,H,2,gnnexplainer,0.6,match_ig_baseline,scientific,-0.08063553273677826,-0.09559430181980133,-0.05500832945108414,-0.027961499989032745,0.052674032747745514,0.06763280183076859,0.02704682946205139,0.014958769083023071,0.025627203285694122,0.014958769083023071,-0.025627203285694122,662,278,0.5800604229607251,33,14
170,H,2,integrated_gradients,0.6,match_ig_baseline,scientific,-0.08063553273677826,-0.0524945892393589,-0.08164923638105392,-0.027961499989032745,0.052674032747745514,0.024533089250326157,0.05368773639202118,0.028140943497419357,0.0010137036442756653,-0.028140943497419357,0.0010137036442756653,662,278,0.5800604229607251,33,14
170,H,3,gnnexplainer,0.6,match_ig_baseline,scientific,-0.08062697947025299,-0.08786377310752869,-0.04816640913486481,-0.026961499825119972,0.05366547964513302,0.060902273282408714,0.021204909309744835,0.007236793637275696,0.032460570335388184,0.007236793637275696,-0.032460570335388184,662,278,0.5800604229607251,33,14
170,H,3,integrated_gradients,0.6,match_ig_baseline,scientific,-0.08062697947025299,-0.0524948313832283,-0.08164116740226746,-0.026961499825119972,0.05366547964513302,0.02553333155810833,0.054679667577147484,0.02813214808702469,0.0010141879320144653,-0.02813214808702469,0.0010141879320144653,662,278,0.5800604229607251,33,14
170,H,4,gnnexplainer,0.6,match_ig_baseline,scientific,-0.07791470736265182,-0.10952264070510864,-0.03025089204311371,-0.027961499989032745,0.04995320737361908,0.0815611407160759,0.002289392054080963,0.03160793334245682,0.047663815319538116,0.03160793334245682,-0.047663815319538116,662,278,0.5800604229607251,33,14
170,H,4,integrated_gradients,0.6,match_ig_baseline,scientific,-0.07791470736265182,-0.04711733013391495,-0.07861433178186417,-0.027961499989032745,0.04995320737361908,0.019155830144882202,0.05065283179283142,0.030797377228736877,0.0006996244192123413,-0.030797377228736877,0.0006996244192123413,662,278,0.5800604229607251,33,14
170,H,5,gnnexplainer,0.6,match_ig_baseline,scientific,-0.07790467888116837,-0.08384346961975098,-0.0486924946308136,-0.026961499825119972,0.05094317905604839,0.056881969794631004,0.021730994805693626,0.005938790738582611,0.029212184250354767,0.005938790738582611,-0.029212184250354767,662,278,0.5800604229607251,33,14
170,H,5,integrated_gradients,0.6,match_ig_baseline,scientific,-0.07790467888116837,-0.04711734503507614,-0.07860447466373444,-0.026961499825119972,0.05094317905604839,0.02015584520995617,0.051642974838614464,0.030787333846092224,0.0006997957825660706,-0.030787333846092224,0.0006997957825660706,662,278,0.5800604229607251,33,14
170,H,6,gnnexplainer,0.6,match_ig_baseline,scientific,-0.07790350168943405,-0.08990563452243805,-0.02921423688530922,-0.026961499825119972,0.05094200186431408,0.06294413469731808,0.002252737060189247,0.012002132833003998,0.04868926480412483,0.012002132833003998,-0.04868926480412483,662,278,0.5800604229607251,33,14
170,H,6,integrated_gradients,0.6,match_ig_baseline,scientific,-0.07790350168943405,-0.04712171107530594,-0.07861344516277313,-0.026961499825119972,0.05094200186431408,0.020160211250185966,0.05165194533765316,0.030781790614128113,0.0007099434733390808,-0.030781790614128113,0.0007099434733390808,662,278,0.5800604229607251,33,14
170,H,7,gnnexplainer,0.6,match_ig_baseline,scientific,-0.07790827751159668,-0.09217937290668488,-0.05073166638612747,-0.02896150015294552,0.04894677735865116,0.06321787275373936,0.021770166233181953,0.014271095395088196,0.027176611125469208,0.014271095395088196,-0.027176611125469208,662,278,0.5800604229607251,33,14
170,H,7,integrated_gradients,0.6,match_ig_baseline,scientific,-0.07790827751159668,-0.047121986746788025,-0.07861663401126862,-0.02896150015294552,0.04894677735865116,0.018160486593842506,0.0496551338583231,0.030786290764808655,0.000708356499671936,-0.030786290764808655,0.000708356499671936,662,278,0.5800604229607251,33,14
170,H,8,gnnexplainer,0.6,match_ig_baseline,scientific,-0.07964935898780823,-0.07882781326770782,-0.039644721895456314,-0.02691764011979103,0.0527317188680172,0.051910173147916794,0.012727081775665283,0.0008215457201004028,0.04000463709235191,-0.0008215457201004028,-0.04000463709235191,662,278,0.5800604229607251,33,14
170,H,8,integrated_gradients,0.6,match_ig_baseline,scientific,-0.07964935898780823,-0.054787252098321915,-0.08164981752634048,-0.02691764011979103,0.0527317188680172,0.027869611978530884,0.054732177406549454,0.024862106889486313,0.002000458538532257,-0.024862106889486313,0.002000458538532257,662,278,0.5800604229607251,33,14
170,H,9,gnnexplainer,0.6,match_ig_baseline,scientific,-0.0796414166688919,-0.08578803390264511,-0.06156539171934128,-0.025917639955878258,0.05372377671301365,0.05987039394676685,0.03564775176346302,0.006146617233753204,0.01807602494955063,0.006146617233753204,-0.01807602494955063,662,278,0.5800604229607251,33,14
170,H,9,integrated_gradients,0.6,match_ig_baseline,scientific,-0.0796414166688919,-0.05478718876838684,-0.08164165914058685,-0.025917639955878258,0.05372377671301365,0.028869548812508583,0.055724019184708595,0.024854227900505066,0.0020002424716949463,-0.024854227900505066,0.0020002424716949463,662,278,0.5800604229607251,33,14
170,H,10,gnnexplainer,0.6,match_ig_baseline,scientific,-0.07964157313108444,-0.10761022567749023,-0.04684494063258171,-0.025917639955878258,0.053723933175206184,0.08169258572161198,0.020927300676703453,0.027968652546405792,0.03279663249850273,0.027968652546405792,-0.03279663249850273,662,278,0.5800604229607251,33,14
170,H,10,integrated_gradients,0.6,match_ig_baseline,scientific,-0.07964157313108444,-0.05477997288107872,-0.08164450526237488,-0.025917639955878258,0.053723933175206184,0.028862332925200462,0.05572686530649662,0.024861600250005722,0.002002932131290436,-0.024861600250005722,0.002002932131290436,662,278,0.5800604229607251,33,14
170,H,11,gnnexplainer,0.6,match_ig_baseline,scientific,-0.07965811342000961,-0.094134122133255,-0.04783804714679718,-0.02896150015294552,0.050696613267064095,0.06517262198030949,0.01887654699385166,0.014476008713245392,0.03182006627321243,0.014476008713245392,-0.03182006627321243,662,278,0.5800604229607251,33,14
170,H,11,integrated_gradients,0.6,match_ig_baseline,scientific,-0.07965811342000961,-0.05477998033165932,-0.08166107535362244,-0.02896150015294552,0.050696613267064095,0.0258184801787138,0.05269957520067692,0.024878133088350296,0.0020029619336128235,-0.024878133088350296,0.0020029619336128235,662,278,0.5800604229607251,33,14
170,C,0,gnnexplainer,0.6,match_ig_baseline,scientific,-2.0284276008605957,-3.3600597381591797,-1.7936668395996094,-2.175614595413208,0.1471869945526123,1.1844451427459717,0.38194775581359863,1.331632137298584,0.23476076126098633,1.0372581481933594,0.23476076126098633,662,278,0.5800604229607251,39,16
170,C,0,integrated_gradients,0.6,match_ig_baseline,scientific,-2.0284276008605957,-3.515526294708252,-1.90950345993042,-2.175614595413208,0.1471869945526123,1.339911699295044,0.2661111354827881,1.4870986938476562,0.11892414093017578,1.1927247047424316,0.11892414093017578,662,278,0.5800604229607251,39,16
170,C,1,gnnexplainer,0.6,match_ig_baseline,scientific,-2.0285582542419434,-3.7172999382019043,-1.681247353553772,-2.1761586666107178,0.14760041236877441,1.5411412715911865,0.4949113130569458,1.688741683959961,0.3473109006881714,1.393540859222412,0.3473109006881714,662,278,0.5800604229607251,39,16
170,C,1,integrated_gradients,0.6,match_ig_baseline,scientific,-2.0285582542419434,-3.5155811309814453,-1.9097038507461548,-2.1761586666107178,0.14760041236877441,1.3394224643707275,0.266454815864563,1.487022876739502,0.11885440349578857,1.1918220520019531,0.11885440349578857,662,278,0.5800604229607251,39,16
170,C,2,gnnexplainer,0.6,match_ig_baseline,scientific,-2.1927924156188965,-3.9622955322265625,-1.6688233613967896,-2.1926145553588867,0.00017786026000976562,1.7696809768676758,0.5237911939620972,1.769503116607666,0.5239690542221069,1.769503116607666,0.5236133337020874,662,278,0.5800604229607251,39,16
170,C,2,integrated_gradients,0.6,match_ig_baseline,scientific,-2.1927924156188965,-3.516690731048584,-2.1294350624084473,-2.1926145553588867,0.00017786026000976562,1.3240761756896973,0.06317949295043945,1.3238983154296875,0.06335735321044922,1.3238983154296875,0.06300163269042969,662,278,0.5800604229607251,39,16
170,C,3,gnnexplainer,0.6,match_ig_baseline,scientific,-2.1926939487457275,-3.6035306453704834,-1.7404265403747559,-2.179614543914795,0.013079404830932617,1.4239161014556885,0.43918800354003906,1.4108366966247559,0.4522674083709717,1.4108366966247559,0.42610859870910645,662,278,0.5800604229607251,39,16
170,C,3,integrated_gradients,0.6,match_ig_baseline,scientific,-2.1926939487457275,-3.5165443420410156,-2.130730390548706,-2.179614543914795,0.013079404830932617,1.3369297981262207,0.04888415336608887,1.323850393295288,0.061963558197021484,1.323850393295288,0.03580474853515625,662,278,0.5800604229607251,39,16
170,C,4,gnnexplainer,0.6,match_ig_baseline,scientific,-2.0527212619781494,-3.4759037494659424,-2.1909432411193848,-2.1881580352783203,0.1354367733001709,1.287745714187622,0.002785205841064453,1.423182487487793,0.13822197914123535,1.1523089408874512,-0.13265156745910645,662,278,0.5800604229607251,39,16
170,C,4,integrated_gradients,0.6,match_ig_baseline,scientific,-2.0527212619781494,-3.510626792907715,-2.02939772605896,-2.1881580352783203,0.1354367733001709,1.3224687576293945,0.15876030921936035,1.4579055309295654,0.023323535919189453,1.1870319843292236,0.023323535919189453,662,278,0.5800604229607251,39,16
170,C,5,gnnexplainer,0.6,match_ig_baseline,scientific,-2.0526702404022217,-3.6248180866241455,-1.5686818361282349,-2.174614429473877,0.12194418907165527,1.4502036571502686,0.6059325933456421,1.5721478462219238,0.4839884042739868,1.3282594680786133,0.4839884042739868,662,278,0.5800604229607251,39,16
170,C,5,integrated_gradients,0.6,match_ig_baseline,scientific,-2.0526702404022217,-3.5102450847625732,-2.029500961303711,-2.174614429473877,0.12194418907165527,1.3356306552886963,0.14511346817016602,1.4575748443603516,0.023169279098510742,1.213686466217041,0.023169279098510742,662,278,0.5800604229607251,39,16
270,H,0,gnnexplainer,0.6,match_ig_baseline,scientific,-0.06326740980148315,-0.21236193180084229,-0.02552231401205063,-0.04426804184913635,0.018999367952346802,0.16809388995170593,0.018745727837085724,0.14909452199935913,0.037745095789432526,0.14909452199935913,-0.0002536401152610779,370,155,0.5810810810810811,33,14
270,H,0,integrated_gradients,0.6,match_ig_baseline,scientific,-0.06326740980148315,-0.07651253044605255,-0.07081771641969681,-0.04426804184913635,0.018999367952346802,0.0322444885969162,0.026549674570560455,0.013245120644569397,0.0075503066182136536,0.013245120644569397,0.0075503066182136536,370,155,0.5810810810810811,33,14
270,H,1,gnnexplainer,0.6,match_ig_baseline,scientific,-0.06325238198041916,-0.2631421983242035,-0.017851881682872772,-0.04426804184913635,0.018984340131282806,0.21887415647506714,0.02641616016626358,0.19988981634378433,0.04540050029754639,0.19988981634378433,0.007431820034980774,370,155,0.5810810810810811,33,14
270,H,1,integrated_gradients,0.6,match_ig_baseline,scientific,-0.06325238198041916,-0.07651330530643463,-0.07080501317977905,-0.04426804184913635,0.018984340131282806,0.03224526345729828,0.0265369713306427,0.013260923326015472,0.007552631199359894,0.013260923326015472,0.007552631199359894,370,155,0.5810810810810811,33,14
270,H,2,gnnexplainer,0.6,match_ig_baseline,scientific,-0.11182482540607452,-0.031247973442077637,-0.17658263444900513,-0.1254609227180481,0.013636097311973572,0.09421294927597046,0.05112171173095703,0.08057685196399689,0.0647578090429306,0.08057685196399689,0.03748561441898346,370,155,0.5810810810810811,33,14
270,H,2,integrated_gradients,0.6,match_ig_baseline,scientific,-0.11182482540607452,-0.06638068705797195,-0.12024180591106415,-0.1254609227180481,0.013636097311973572,0.05908023566007614,0.005219116806983948,0.04544413834810257,0.008416980504989624,0.04544413834810257,-0.008416980504989624,370,155,0.5810810810810811,33,14
270,H,3,gnnexplainer,0.6,match_ig_baseline,scientific,-0.11181138455867767,-0.040923111140728,-0.20856404304504395,-0.12491703033447266,0.013105645775794983,0.08399391919374466,0.08364701271057129,0.07088827341794968,0.09675265848636627,0.07088827341794968,0.0705413669347763,370,155,0.5810810810810811,33,14
270,H,3,integrated_gradients,0.6,match_ig_baseline,scientific,-0.11181138455867767,-0.0663822665810585,-0.1201590746641159,-0.12491703033447266,0.013105645775794983,0.058534763753414154,0.0047579556703567505,0.04542911797761917,0.008347690105438232,0.04542911797761917,-0.008347690105438232,370,155,0.5810810810810811,33,14
270,H,4,gnnexplainer,0.6,match_ig_baseline,scientific,-0.11182227730751038,-0.020393099635839462,-0.22256359457969666,-0.12646092474460602,0.014638647437095642,0.10606782510876656,0.09610266983509064,0.09142917767167091,0.11074131727218628,0.09142917767167091,0.081464022397995,370,155,0.5810810810810811,33,14
270,H,4,integrated_gradients,0.6,match_ig_baseline,scientific,-0.11182227730751038,-0.06638091057538986,-0.12023952603340149,-0.12646092474460602,0.014638647437095642,0.060080014169216156,0.006221398711204529,0.045441366732120514,0.008417248725891113,0.045441366732120514,-0.008417248725891113,370,155,0.5810810810810811,33,14
270,H,5,gnnexplainer,0.6,match_ig_baseline,scientific,-0.11181676387786865,-0.03774584084749222,-0.1757335662841797,-0.12591703236103058,0.014100268483161926,0.08817119151353836,0.04981653392314911,0.07407092303037643,0.06391680240631104,0.07407092303037643,0.03571626543998718,370,155,0.5810810810810811,33,14
270,H,5,integrated_gradients,0.6,match_ig_baseline,scientific,-0.11181676387786865,-0.06638260185718536,-0.12022782862186432,-0.12591703236103058,0.014100268483161926,0.059534430503845215,0.00568920373916626,0.04543416202068329,0.008411064743995667,0.04543416202068329,-0.008411064743995667,370,155,0.5810810810810811,33,14
270,C,0,gnnexplainer,0.6,match_ig_baseline,scientific,-0.8327508568763733,-4.592992782592773,-0.8182136416435242,-0.4850490391254425,0.3477018177509308,4.107943743467331,0.33316460251808167,3.7602419257164,0.014537215232849121,3.7602419257164,-0.014537215232849121,370,155,0.5810810810810811,39,16
270,C,0,integrated_gradients,0.6,match_ig_baseline,scientific,-0.8327508568763733,-4.274150371551514,-0.7166334986686707,-0.4850490391254425,0.3477018177509308,3.789101332426071,0.23158445954322815,3.4413995146751404,0.11611735820770264,3.4413995146751404,-0.11611735820770264,370,155,0.5810810810810811,39,16
270,C,1,gnnexplainer,0.6,match_ig_baseline,scientific,-3.084488868713379,-5.063793659210205,-1.097113013267517,-2.464503288269043,0.6199855804443359,2.599290370941162,1.3673902750015259,1.9793047904968262,1.9873758554458618,1.9793047904968262,0.7474046945571899,370,155,0.5810810810810811,39,16
270,C,1,integrated_gradients,0.6,match_ig_baseline,scientific,-3.084488868713379,-4.098864555358887,-2.9956042766571045,-2.464503288269043,0.6199855804443359,1.6343612670898438,0.5311009883880615,1.0143756866455078,0.08888459205627441,1.0143756866455078,-0.08888459205627441,370,155,0.5810810810810811,39,16
270,C,2,gnnexplainer,0.6,match_ig_baseline,scientific,-14.785540580749512,-2.9981937408447266,-18.498268127441406,-16.523923873901367,1.7383832931518555,13.52573013305664,1.974344253540039,11.787346839904785,3.7127275466918945,11.787346839904785,0.2359609603881836,370,155,0.5810810810810811,39,16
270,C,2,integrated_gradients,0.6,match_ig_baseline,scientific,-14.785540580749512,-4.974555492401123,-14.576838493347168,-16.523923873901367,1.7383832931518555,11.549368381500244,1.9470853805541992,9.810985088348389,0.20870208740234375,9.810985088348389,0.20870208740234375,370,155,0.5810810810810811,39,16
270,C,3,gnnexplainer,0.6,match_ig_baseline,scientific,-3.084531784057617,-4.902145862579346,-1.7077616453170776,-2.4825034141540527,0.6020283699035645,2.419642448425293,0.7747417688369751,1.8176140785217285,1.3767701387405396,1.8176140785217285,0.17271339893341064,370,155,0.5810810810810811,39,16
270,C,3,integrated_gradients,0.6,match_ig_baseline,scientific,-3.084531784057617,-4.098865032196045,-2.9956350326538086,-2.4825034141540527,0.6020283699035645,1.6163616180419922,0.5131316184997559,1.0143332481384277,0.0888967514038086,1.0143332481384277,-0.0888967514038086,370,155,0.5810810810810811,39,16
330,H,0,gnnexplainer,0.6,match_ig_baseline,scientific,-0.05332114174962044,-0.10489732027053833,-0.03338908404111862,-0.03665326535701752,0.01666787639260292,0.06824405491352081,0.0032641813158988953,0.05157617852091789,0.019932057708501816,0.05157617852091789,-0.013403695076704025,380,160,0.5789473684210527,33,14
330,H,0,integrated_gradients,0.6,match_ig_baseline,scientific,-0.05332114174962044,-0.05956186354160309,-0.05206095054745674,-0.03665326535701752,0.01666787639260292,0.02290859818458557,0.015407685190439224,0.006240721791982651,0.0012601912021636963,0.006240721791982651,-0.0012601912021636963,380,160,0.5789473684210527,33,14
330,H,1,gnnexplainer,0.6,match_ig_baseline,scientific,-0.04627763852477074,-0.155466228723526,-0.02310480922460556,-0.05347871407866478,0.007201075553894043,0.10198751464486122,0.03037390485405922,0.10918859019875526,0.023172829300165176,0.09478643909096718,0.023172829300165176,380,160,0.5789473684210527,33,14
330,H,1,integrated_gradients,0.6,match_ig_baseline,scientific,-0.04627763852477074,-0.05886032059788704,-0.04764902591705322,-0.05347871407866478,0.007201075553894043,0.0053816065192222595,0.005829688161611557,0.012582682073116302,0.001371387392282486,-0.0018194690346717834,-0.001371387392282486,380,160,0.5789473684210527,33,14
330,H,2,gnnexplainer,0.6,match_ig_baseline,scientific,-0.04633069783449173,-0.1250079870223999,0.0021023154258728027,-0.052478715777397156,0.006148017942905426,0.07252927124500275,0.05458103120326996,0.07867728918790817,0.04843301326036453,0.06638125330209732,0.04843301326036453,380,160,0.5789473684210527,33,14
330,H,2,integrated_gradients,0.6,match_ig_baseline,scientific,-0.04633069783449173,-0.059035882353782654,-0.04781090095639229,-0.052478715777397156,0.006148017942905426,0.006557166576385498,0.0046678148210048676,0.012705184519290924,0.0014802031219005585,0.000409148633480072,-0.0014802031219005585,380,160,0.5789473684210527,33,14
330,H,3,gnnexplainer,0.6,match_ig_baseline,scientific,-0.018737804144620895,-0.1311279684305191,-0.002912387251853943,-0.028382685035467148,0.009644880890846252,0.10274528339505196,0.025470297783613205,0.11239016428589821,0.015825416892766953,0.0931004025042057,0.015825416892766953,380,160,0.5789473684210527,33,14
330,H,3,integrated_gradients,0.6,match_ig_baseline,scientific,-0.018737804144620895,-0.05961031839251518,-0.017077229917049408,-0.028382685035467148,0.009644880890846252,0.031227633357048035,0.01130545511841774,0.04087251424789429,0.0016605742275714874,0.021582752466201782,0.0016605742275714874,380,160,0.5789473684210527,33,14
330,H,4,gnnexplainer,0.6,match_ig_baseline,scientific,-0.01875194162130356,-0.09927749633789062,-0.010904870927333832,-0.02938268519937992,0.010630743578076363,0.0698948111385107,0.01847781427204609,0.08052555471658707,0.007847070693969727,0.05926406756043434,0.007847070693969727,380,160,0.5789473684210527,33,14
330,H,4,integrated_gradients,0.6,match_ig_baseline,scientific,-0.01875194162130356,-0.05903848633170128,-0.01753661036491394,-0.02938268519937992,0.010630743578076363,0.029655801132321358,0.01184607483446598,0.04028654471039772,0.001215331256389618,0.019025057554244995,0.001215331256389618,380,160,0.5789473684210527,33,14
330,H,5,gnnexplainer,0.6,match_ig_baseline,scientific,-0.08483874797821045,-0.1106823980808258,-0.05325060337781906,-0.05086393281817436,0.03397481516003609,0.059818465262651443,0.002386670559644699,0.025843650102615356,0.03158814460039139,0.025843650102615356,-0.03158814460039139,380,160,0.5789473684210527,33,14
330,H,5,integrated_gradients,0.6,match_ig_baseline,scientific,-0.08483874797821045,-0.056556202471256256,-0.08559271693229675,-0.05086393281817436,0.03397481516003609,0.005692269653081894,0.03472878411412239,0.028282545506954193,0.0007539689540863037,-0.028282545506954193,0.0007539689540863037,380,160,0.5789473684210527,33,14
330,H,6,gnnexplainer,0.6,match_ig_baseline,scientific,-0.14934495091438293,-0.09303528070449829,-0.40065133571624756,-0.19063477218151093,0.04128982126712799,0.09759949147701263,0.21001656353473663,0.056309670209884644,0.2513063848018646,0.056309670209884644,0.16872674226760864,380,160,0.5789473684210527,33,14
330,H,6,integrated_gradients,0.6,match_ig_baseline,scientific,-0.14934495091438293,-0.08136026561260223,-0.1763535737991333,-0.19063477218151093,0.04128982126712799,0.10927450656890869,0.014281198382377625,0.0679846853017807,0.027008622884750366,0.0679846853017807,-0.027008622884750366,380,160,0.5789473684210527,33,14
330,C,0,gnnexplainer,0.6,match_ig_baseline,scientific,-1.6009703874588013,-4.952295303344727,-0.8956291079521179,-1.5042518377304077,0.09671854972839355,3.448043465614319,0.6086227297782898,3.3513249158859253,0.7053412795066833,3.3513249158859253,0.5119041800498962,380,160,0.5789473684210527,39,16
330,C,0,integrated_gradients,0.6,match_ig_baseline,scientific,-1.6009703874588013,-3.472226619720459,-1.5880173444747925,-1.5042518377304077,0.09671854972839355,1.9679747819900513,0.08376550674438477,1.8712562322616577,0.012953042984008789,1.8712562322616577,-0.012953042984008789,380,160,0.5789473684210527,39,16
330,C,1,gnnexplainer,0.6,match_ig_baseline,scientific,-1.3574010133743286,-3.2312569618225098,-0.6917234063148499,-1.1874029636383057,0.16999804973602295,2.043853998184204,0.4956795573234558,1.8738559484481812,0.6656776070594788,1.8738559484481812,0.32568150758743286,380,160,0.5789473684210527,39,16
330,C,1,integrated_gradients,0.6,match_ig_baseline,scientific,-1.3574010133743286,-3.490910530090332,-1.3243913650512695,-1.1874029636383057,0.16999804973602295,2.3035075664520264,0.13698840141296387,2.1335095167160034,0.03300964832305908,2.1335095167160034,-0.03300964832305908,380,160,0.5789473684210527,39,16
330,C,2,gnnexplainer,0.6,match_ig_baseline,scientific,-6.480936527252197,-2.34635329246521,-14.039849281311035,-7.547578811645508,1.0666422843933105,5.201225519180298,6.492270469665527,4.134583234786987,7.558912754058838,4.134583234786987,5.425628185272217,380,160,0.5789473684210527,39,16
330,C,2,integrated_gradients,0.6,match_ig_baseline,scientific,-6.480936527252197,-3.7722644805908203,-7.649013519287109,-7.547578811645508,1.0666422843933105,3.7753143310546875,0.10143470764160156,2.708672046661377,1.168076992034912,2.708672046661377,-0.965207576751709,380,160,0.5789473684210527,39,16
360,H,0,gnnexplainer,0.6,match_ig_baseline,scientific,-0.33236026763916016,-0.057186998426914215,-0.4272592067718506,-0.3191285729408264,0.01323169469833374,0.2619415745139122,0.10813063383102417,0.27517326921224594,0.09489893913269043,0.24870987981557846,0.09489893913269043,436,183,0.5802752293577982,33,14
360,H,0,integrated_gradients,0.6,match_ig_baseline,scientific,-0.33236026763916016,-0.08358677476644516,-0.34127116203308105,-0.3191285729408264,0.01323169469833374,0.23554179817438126,0.02214258909225464,0.248773492872715,0.008910894393920898,0.22231010347604752,0.008910894393920898,436,183,0.5802752293577982,33,14
360,H,1,gnnexplainer,0.6,match_ig_baseline,scientific,-0.342712938785553,-0.06845705211162567,-0.4145193099975586,-0.26153138279914856,0.08118155598640442,0.1930743306875229,0.15298792719841003,0.2742558866739273,0.07180637121200562,0.11189277470111847,0.07180637121200562,436,183,0.5802752293577982,33,14
360,H,1,integrated_gradients,0.6,match_ig_baseline,scientific,-0.342712938785553,-0.07195685058832169,-0.3368355631828308,-0.26153138279914856,0.08118155598640442,0.18957453221082687,0.07530418038368225,0.2707560881972313,0.005877375602722168,0.10839297622442245,-0.005877375602722168,436,183,0.5802752293577982,33,14
360,H,2,gnnexplainer,0.6,match_ig_baseline,scientific,-0.14684848487377167,-0.011225003749132156,-0.2080518901348114,-0.1154087483882904,0.03143973648548126,0.10418374463915825,0.092643141746521,0.1356234811246395,0.061203405261039734,0.07274400815367699,0.061203405261039734,436,183,0.5802752293577982,33,14
360,H,2,integrated_gradients,0.6,match_ig_baseline,scientific,-0.14684848487377167,-0.08485206961631775,-0.1333077847957611,-0.1154087483882904,0.03143973648548126,0.030556678771972656,0.017899036407470703,0.06199641525745392,0.013540700078010559,-0.000883057713508606,-0.013540700078010559,436,183,0.5802752293577982,33,14
360,H,3,gnnexplainer,0.6,match_ig_baseline,scientific,-0.14511096477508545,-0.04811590164899826,-0.21784886717796326,-0.14733904600143433,0.002228081226348877,0.09922314435243607,0.07050982117652893,0.09699506312608719,0.07273790240287781,0.09699506312608719,0.06828173995018005,436,183,0.5802752293577982,33,14
360,H,3,integrated_gradients,0.6,match_ig_baseline,scientific,-0.14511096477508545,-0.07700301706790924,-0.14403526484966278,-0.14733904600143433,0.002228081226348877,0.07033602893352509,0.0033037811517715454,0.06810794770717621,0.0010756999254226685,0.06810794770717621,0.0010756999254226685,436,183,0.5802752293577982,33,14
360,H,4,gnnexplainer,0.6,match_ig_baseline,scientific,-0.13666847348213196,-0.08157998323440552,-0.1885494589805603,-0.11875949054956436,0.017908982932567596,0.037179507315158844,0.06978996843099594,0.05508849024772644,0.051880985498428345,0.019270524382591248,0.051880985498428345,436,183,0.5802752293577982,33,14
360,H,4,integrated_gradients,0.6,match_ig_baseline,scientific,-0.13666847348213196,-0.10327862203121185,-0.12262950837612152,-0.11875949054956436,0.017908982932567596,0.015480868518352509,0.0038700178265571594,0.033389851450920105,0.014038965106010437,-0.002428114414215088,-0.014038965106010437,436,183,0.5802752293577982,33,14
360,H,5,gnnexplainer,0.6,match_ig_baseline,scientific,-0.1832352876663208,-0.060826510190963745,-0.24498528242111206,-0.16926804184913635,0.013967245817184448,0.10844153165817261,0.07571724057197571,0.12240877747535706,0.06174999475479126,0.09447428584098816,0.06174999475479126,436,183,0.5802752293577982,33,14
360,H,5,integrated_gradients,0.6,match_ig_baseline,scientific,-0.1832352876663208,-0.08163423091173172,-0.1784926950931549,-0.16926804184913635,0.013967245817184448,0.08763381093740463,0.009224653244018555,0.10160105675458908,0.0047425925731658936,0.07366656512022018,-0.0047425925731658936,436,183,0.5802752293577982,33,14
360,H,6,gnnexplainer,0.6,match_ig_baseline,scientific,-0.17076992988586426,-0.055278848856687546,-0.2960522174835205,-0.20832136273384094,0.037551432847976685,0.1530425138771534,0.08773085474967957,0.11549108102917671,0.12528228759765625,0.11549108102917671,0.05017942190170288,436,183,0.5802752293577982,33,14
360,H,6,integrated_gradients,0.6,match_ig_baseline,scientific,-0.17076992988586426,-0.09153652936220169,-0.1810075044631958,-0.20832136273384094,0.037551432847976685,0.11678483337163925,0.02731385827064514,0.07923340052366257,0.010237574577331543,0.07923340052366257,-0.010237574577331543,436,183,0.5802752293577982,33,14
360,C,0,gnnexplainer,0.6,match_ig_baseline,scientific,-3.523756980895996,-2.8276610374450684,-6.1489434242248535,-4.043220043182373,0.519463062286377,1.2155590057373047,2.1057233810424805,0.6960959434509277,2.6251864433288574,0.6960959434509277,1.5862603187561035,436,183,0.5802752293577982,39,16
360,C,0,integrated_gradients,0.6,match_ig_baseline,scientific,-3.523756980895996,-3.4315195083618164,-3.5261621475219727,-4.043220043182373,0.519463062286377,0.6117005348205566,0.5170578956604004,0.09223747253417969,0.0024051666259765625,0.09223747253417969,-0.0024051666259765625,436,183,0.5802752293577982,39,16
360,C,1,gnnexplainer,0.6,match_ig_baseline,scientific,-14.09076976776123,-3.053162097930908,-17.378192901611328,-14.111479759216309,0.020709991455078125,11.0583176612854,3.2667131423950195,11.037607669830322,3.2874231338500977,11.037607669830322,3.2460031509399414,436,183,0.5802752293577982,39,16
360,C,1,integrated_gradients,0.6,match_ig_baseline,scientific,-14.09076976776123,-5.230893611907959,-13.720929145812988,-14.111479759216309,0.020709991455078125,8.88058614730835,0.3905506134033203,8.859876155853271,0.3698406219482422,8.859876155853271,0.3698406219482422,436,183,0.5802752293577982,39,16
360,C,2,gnnexplainer,0.6,match_ig_baseline,scientific,-11.013855934143066,-2.8438141345977783,-11.787287712097168,-9.470762252807617,1.5430936813354492,6.626948118209839,2.316525459289551,8.170041799545288,0.7734317779541016,5.08385443687439,0.7734317779541016,436,183,0.5802752293577982,39,16
360,C,2,integrated_gradients,0.6,match_ig_baseline,scientific,-11.013855934143066,-3.5964295864105225,-11.489555358886719,-9.470762252807617,1.5430936813354492,5.874332666397095,2.0187931060791016,7.417426347732544,0.47569942474365234,4.3312389850616455,0.47569942474365234,436,183,0.5802752293577982,39,16
360,C,3,gnnexplainer,0.6,match_ig_baseline,scientific,-1.671934723854065,-5.291349411010742,-0.8213992118835449,-1.504056692123413,0.16787803173065186,3.787292718887329,0.6826574802398682,3.6194146871566772,0.85053551197052,3.6194146871566772,0.5147794485092163,436,183,0.5802752293577982,39,16
360,C,3,integrated_gradients,0.6,match_ig_baseline,scientific,-1.671934723854065,-3.8246705532073975,-1.5966111421585083,-1.504056692123413,0.16787803173065186,2.3206138610839844,0.09255445003509521,2.1527358293533325,0.07532358169555664,2.1527358293533325,-0.07532358169555664,436,183,0.5802752293577982,39,16
380,H,0,gnnexplainer,0.6,match_ig_baseline,scientific,-0.13993945717811584,-0.034404926002025604,-0.1869669258594513,-0.11915438622236252,0.020785070955753326,0.08474946022033691,0.06781253963708878,0.10553453117609024,0.04702746868133545,0.06396438926458359,0.04702746868133545,436,183,0.5802752293577982,33,14
380,H,0,integrated_gradients,0.6,match_ig_baseline,scientific,-0.13993945717811584,-0.07350760698318481,-0.1613641083240509,-0.11915438622236252,0.020785070955753326,0.045646779239177704,0.042209722101688385,0.06643185019493103,0.02142465114593506,0.024861708283424377,0.02142465114593506,436,183,0.5802752293577982,33,14
380,H,1,gnnexplainer,0.6,match_ig_baseline,scientific,-0.13264447450637817,-0.03545444831252098,-0.23221266269683838,-0.1529437154531479,0.020299240946769714,0.11748926714062691,0.07926894724369049,0.09719002619385719,0.0995681881904602,0.09719002619385719,0.058969706296920776,436,183,0.5802752293577982,33,14
380,H,1,integrated_gradients,0.6,match_ig_baseline,scientific,-0.13264447450637817,-0.055974189192056656,-0.13084512948989868,-0.1529437154531479,0.020299240946769714,0.09696952626109123,0.022098585963249207,0.07667028531432152,0.0017993450164794922,0.07667028531432152,0.0017993450164794922,436,183,0.5802752293577982,33,14
380,H,2,gnnexplainer,0.6,match_ig_baseline,scientific,-0.13482002913951874,-0.04092591628432274,-0.19065582752227783,-0.11749634146690369,0.01732368767261505,0.07657042518258095,0.07315948605537415,0.093894112855196,0.055835798382759094,0.0592467375099659,0.055835798382759094,436,183,0.5802752293577982,33,14
380,H,2,integrated_gradients,0.6,match_ig_baseline,scientific,-0.13482002913951874,-0.05634293332695961,-0.16947631537914276,-0.11749634146690369,0.01732368767261505,0.06115340813994408,0.051979973912239075,0.07847709581255913,0.03465628623962402,0.043829720467329025,0.03465628623962402,436,183,0.5802752293577982,33,14
380,H,3,gnnexplainer,0.6,match_ig_baseline,scientific,-0.1763220578432083,-0.05908531695604324,-0.24716541171073914,-0.2253120243549347,0.04898996651172638,0.16622670739889145,0.021853387355804443,0.11723674088716507,0.07084335386753082,0.11723674088716507,-0.027136579155921936,436,183,0.5802752293577982,33,14
380,H,3,integrated_gradients,0.6,match_ig_baseline,scientific,-0.1763220578432083,-0.06738606095314026,-0.17864084243774414,-0.2253120243549347,0.04898996651172638,0.15792596340179443,0.04667118191719055,0.10893599689006805,0.0023187845945358276,0.10893599689006805,-0.0023187845945358276,436,183,0.5802752293577982,33,14
380,H,4,gnnexplainer,0.6,match_ig_baseline,scientific,-0.17767122387886047,-0.04497503116726875,-0.22938641905784607,-0.19009250402450562,0.012421280145645142,0.14511747285723686,0.039293915033340454,0.13269619271159172,0.051715195178985596,0.13269619271159172,0.026872634887695312,436,183,0.5802752293577982,33,14
380,H,4,integrated_gradients,0.6,match_ig_baseline,scientific,-0.17767122387886047,-0.06736773252487183,-0.17979967594146729,-0.19009250402450562,0.012421280145645142,0.12272477149963379,0.01029282808303833,0.11030349135398865,0.0021284520626068115,0.11030349135398865,-0.0021284520626068115,436,183,0.5802752293577982,33,14
380,H,5,gnnexplainer,0.6,match_ig_baseline,scientific,-0.019281115382909775,-0.15538957715034485,0.0272320955991745,0.054915860295295715,0.07419697567820549,0.21030543744564056,0.027683764696121216,0.13610846176743507,0.046513210982084274,0.13610846176743507,-0.046513210982084274,436,183,0.5802752293577982,33,14
380,H,5,integrated_gradients,0.6,match_ig_baseline,scientific,-0.019281115382909775,-0.08238882571458817,-0.02190517634153366,0.054915860295295715,0.07419697567820549,0.13730468600988388,0.07682103663682938,0.06310771033167839,0.002624060958623886,0.06310771033167839,0.002624060958623886,436,183,0.5802752293577982,33,14
380,H,6,gnnexplainer,0.6,match_ig_baseline,scientific,-0.02779546007514,-0.16739416122436523,-0.010872788727283478,-0.026584316045045853,0.0012111440300941467,0.14080984517931938,0.015711527317762375,0.13959870114922523,0.01692267134785652,0.13959870114922523,0.014500383287668228,436,183,0.5802752293577982,33,14
380,H,6,integrated_gradients,0.6,match_ig_baseline,scientific,-0.02779546007514,-0.08400096744298935,-0.030591480433940887,-0.026584316045045853,0.0012111440300941467,0.0574166513979435,0.004007164388895035,0.05620550736784935,0.002796020358800888,0.05620550736784935,0.002796020358800888,436,183,0.5802752293577982,33,14
380,H,7,gnnexplainer,0.6,match_ig_baseline,scientific,-0.025298241525888443,-0.17681807279586792,-0.0029614344239234924,-0.0037771498318761587,0.021521091694012284,0.17304092296399176,0.0008157154079526663,0.15151983126997948,0.02233680710196495,0.15151983126997948,-0.020705376286059618,436,183,0.5802752293577982,33,14
380,H,7,integrated_gradients,0.6,match_ig_baseline,scientific,-0.025298241525888443,-0.08414638787508011,-0.028076790273189545,-0.0037771498318761587,0.021521091694012284,0.08036923804320395,0.024299640441313386,0.058848146349191666,0.0027785487473011017,0.058848146349191666,0.0027785487473011017,436,183,0.5802752293577982,33,14
380,C,0,gnnexplainer,0.6,match_ig_baseline,scientific,-0.011481314897537231,-4.577869892120361,0.10255230963230133,0.17328409850597382,0.18476541340351105,4.751153990626335,0.07073178887367249,4.566388577222824,0.11403362452983856,4.566388577222824,-0.11403362452983856,436,183,0.5802752293577982,39,16
380,C,0,integrated_gradients,0.6,match_ig_baseline,scientific,-0.011481314897537231,-3.782576322555542,-0.04064725339412689,0.17328409850597382,0.18476541340351105,3.955860421061516,0.2139313519001007,3.7710950076580048,0.02916593849658966,3.7710950076580048,0.02916593849658966,436,183,0.5802752293577982,39,16
380,C,1,gnnexplainer,0.6,match_ig_baseline,scientific,-2.963667631149292,-2.2459557056427,-5.273754119873047,-2.9316675662994385,0.032000064849853516,0.6857118606567383,2.3420865535736084,0.7177119255065918,2.310086488723755,0.6537117958068848,2.310086488723755,436,183,0.5802752293577982,39,16
380,C,1,integrated_gradients,0.6,match_ig_baseline,scientific,-2.963667631149292,-4.032038688659668,-2.894968032836914,-2.9316675662994385,0.032000064849853516,1.1003711223602295,0.036699533462524414,1.068371057510376,0.06869959831237793,1.068371057510376,0.0046994686126708984,436,183,0.5802752293577982,39,16
380,C,2,gnnexplainer,0.6,match_ig_baseline,scientific,-15.949727058410645,-3.0428385734558105,-21.29315185546875,-16.425132751464844,0.4754056930541992,13.382294178009033,4.868019104003906,12.906888484954834,5.3434247970581055,12.906888484954834,4.392613410949707,436,183,0.5802752293577982,39,16
380,C,2,integrated_gradients,0.6,match_ig_baseline,scientific,-15.949727058410645,-4.860141277313232,-15.498659133911133,-16.425132751464844,0.4754056930541992,11.564991474151611,0.9264736175537109,11.089585781097412,0.4510679244995117,11.089585781097412,0.4510679244995117,436,183,0.5802752293577982,39,16
380,C,3,gnnexplainer,0.6,match_ig_baseline,scientific,-1.695212483406067,-4.362551212310791,-0.1769845336675644,-1.3898565769195557,0.30535590648651123,2.9726946353912354,1.2128720432519913,2.667338728904724,1.5182279497385025,2.667338728904724,0.90751613676548,436,183,0.5802752293577982,39,16
380,C,3,integrated_gradients,0.6,match_ig_baseline,scientific,-1.695212483406067,-3.4960086345672607,-1.8678630590438843,-1.3898565769195557,0.30535590648651123,2.106152057647705,0.4780064821243286,1.8007961511611938,0.17265057563781738,1.8007961511611938,0.17265057563781738,436,183,0.5802752293577982,39,16
450,H,0,gnnexplainer,0.6,match_ig_baseline,scientific,-0.04355114698410034,-0.16577216982841492,-0.007410958409309387,0.03275012969970703,0.07630127668380737,0.19852229952812195,0.04016108810901642,0.12222102284431458,0.036140188574790955,0.12222102284431458,-0.036140188574790955,457,192,0.5798687089715536,33,14
450,H,0,integrated_gradients,0.6,match_ig_baseline,scientific,-0.04355114698410034,-0.09842238575220108,-0.05138879269361496,0.03275012969970703,0.07630127668380737,0.1311725154519081,0.08413892239332199,0.05487123876810074,0.007837645709514618,0.05487123876810074,0.007837645709514618,457,192,0.5798687089715536,33,14
450,H,1,gnnexplainer,0.6,match_ig_baseline,scientific,-0.06927318125963211,-0.08136661350727081,-0.06924384832382202,-0.0715140700340271,0.002240888774394989,0.009852543473243713,0.002270221710205078,0.012093432247638702,2.933293581008911e-05,0.007611654698848724,2.933293581008911e-05,457,192,0.5798687089715536,33,14
450,H,1,integrated_gradients,0.6,match_ig_baseline,scientific,-0.06927318125963211,-0.09026742726564407,-0.07582911103963852,-0.0715140700340271,0.002240888774394989,0.018753357231616974,0.00431504100561142,0.020994246006011963,0.006555929780006409,0.016512468457221985,0.0020741522312164307,457,192,0.5798687089715536,33,14
450,H,2,gnnexplainer,0.6,match_ig_baseline,scientific,-0.06935058534145355,-0.05015251412987709,-0.12325454503297806,-0.07355805486440659,0.0042074695229530334,0.023405540734529495,0.04969649016857147,0.019198071211576462,0.053903959691524506,0.019198071211576462,0.04548902064561844,457,192,0.5798687089715536,33,14
450,H,2,integrated_gradients,0.6,match_ig_baseline,scientific,-0.06935058534145355,-0.09130335599184036,-0.077250637114048,-0.07355805486440659,0.0042074695229530334,0.017745301127433777,0.0036925822496414185,0.02195277065038681,0.007900051772594452,0.013537831604480743,-0.000514887273311615,457,192,0.5798687089715536,33,14
450,H,3,gnnexplainer,0.6,match_ig_baseline,scientific,-0.14339891076087952,-0.04678019881248474,-0.29109305143356323,-0.23171529173851013,0.08831638097763062,0.1849350929260254,0.0593777596950531,0.09661871194839478,0.14769414067268372,0.09661871194839478,-0.028938621282577515,457,192,0.5798687089715536,33,14
450,H,3,integrated_gradients,0.6,match_ig_baseline,scientific,-0.14339891076087952,-0.07259271293878555,-0.15671050548553467,-0.23171529173851013,0.08831638097763062,0.15912257879972458,0.07500478625297546,0.07080619782209396,0.013311594724655151,0.07080619782209396,-0.013311594724655151,457,192,0.5798687089715536,33,14
450,C,0,gnnexplainer,0.6,match_ig_baseline,scientific,-5.920004844665527,-3.8807694911956787,-12.014845848083496,-7.761427879333496,1.8414230346679688,3.8806583881378174,4.25341796875,2.0392353534698486,6.094841003417969,2.0392353534698486,2.4119949340820312,457,192,0.5798687089715536,39,16
450,C,0,integrated_gradients,0.6,match_ig_baseline,scientific,-5.920004844665527,-4.464552402496338,-5.910658836364746,-7.761427879333496,1.8414230346679688,3.296875476837158,1.85076904296875,1.4554524421691895,0.00934600830078125,1.4554524421691895,0.00934600830078125,457,192,0.5798687089715536,39,16
450,C,1,gnnexplainer,0.6,match_ig_baseline,scientific,-8.008285522460938,-2.339406967163086,-11.61901569366455,-9.08093547821045,1.0726499557495117,6.741528511047363,2.5380802154541016,5.668878555297852,3.6107301712036133,5.668878555297852,1.4654302597045898,457,192,0.5798687089715536,39,16
450,C,1,integrated_gradients,0.6,match_ig_baseline,scientific,-8.008285522460938,-3.752699375152588,-7.911599159240723,-9.08093547821045,1.0726499557495117,5.328236103057861,1.1693363189697266,4.25558614730835,0.09668636322021484,4.25558614730835,0.09668636322021484,457,192,0.5798687089715536,39,16
450,C,2,gnnexplainer,0.6,match_ig_baseline,scientific,-0.7208598256111145,-4.999195575714111,0.21280036866664886,-0.7991183996200562,0.07825857400894165,4.200077176094055,1.011918768286705,4.278335750102997,0.9336601942777634,4.1218186020851135,0.9336601942777634,457,192,0.5798687089715536,39,16
450,C,2,integrated_gradients,0.6,match_ig_baseline,scientific,-0.7208598256111145,-3.8524329662323,-0.7424678206443787,-0.7991183996200562,0.07825857400894165,3.0533145666122437,0.05665057897567749,3.1315731406211853,0.02160799503326416,2.975055992603302,-0.02160799503326416,457,192,0.5798687089715536,39,16
450,C,3,gnnexplainer,0.6,match_ig_baseline,scientific,-5.4790120124816895,-2.106903314590454,-7.66956090927124,-5.140366077423096,0.33864593505859375,3.0334627628326416,2.5291948318481445,3.3721086978912354,2.190548896789551,2.694816827774048,2.190548896789551,457,192,0.5798687089715536,39,16
450,C,3,integrated_gradients,0.6,match_ig_baseline,scientific,-5.4790120124816895,-4.19288969039917,-6.0930399894714355,-5.140366077423096,0.33864593505859375,0.9474763870239258,0.9526739120483398,1.2861223220825195,0.6140279769897461,0.608830451965332,0.6140279769897461,457,192,0.5798687089715536,39,16
450,C,4,gnnexplainer,0.6,match_ig_baseline,scientific,-3.9353888034820557,-2.9104037284851074,-6.447275161743164,-3.6308069229125977,0.304581880569458,0.7204031944274902,2.8164682388305664,1.0249850749969482,2.5118863582611084,0.4158213138580322,2.5118863582611084,457,192,0.5798687089715536,39,16
450,C,4,integrated_gradients,0.6,match_ig_baseline,scientific,-3.9353888034820557,-3.94700288772583,-4.173171520233154,-3.6308069229125977,0.304581880569458,0.3161959648132324,0.5423645973205566,0.011614084243774414,0.23778271675109863,0.011614084243774414,0.23778271675109863,457,192,0.5798687089715536,39,16
490,H,0,gnnexplainer,0.6,match_ig_baseline,scientific,-0.17315952479839325,-0.04346003383398056,-0.2417507767677307,-0.23058383166790009,0.057424306869506836,0.18712379783391953,0.011166945099830627,0.1296994909644127,0.06859125196933746,0.1296994909644127,-0.04625736176967621,484,204,0.578512396694215,33,14
490,H,0,integrated_gradients,0.6,match_ig_baseline,scientific,-0.17315952479839325,-0.0610707625746727,-0.15003842115402222,-0.23058383166790009,0.057424306869506836,0.1695130690932274,0.08054541051387787,0.11208876222372055,0.023121103644371033,0.11208876222372055,0.023121103644371033,484,204,0.578512396694215,33,14
490,H,1,gnnexplainer,0.6,match_ig_baseline,scientific,-0.15685632824897766,-0.06307866424322128,-0.2550901770591736,-0.249619260430336,0.09276293218135834,0.18654059618711472,0.0054709166288375854,0.09377766400575638,0.09823384881019592,0.09377766400575638,-0.08729201555252075,484,204,0.578512396694215,33,14
490,H,1,integrated_gradients,0.6,match_ig_baseline,scientific,-0.15685632824897766,-0.07053813338279724,-0.15766793489456177,-0.249619260430336,0.09276293218135834,0.17908112704753876,0.09195132553577423,0.08631819486618042,0.0008116066455841064,0.08631819486618042,-0.0008116066455841064,484,204,0.578512396694215,33,14
490,H,2,gnnexplainer,0.6,match_ig_baseline,scientific,-0.18034976720809937,-0.056651897728443146,-0.2576656639575958,-0.26599687337875366,0.0856471061706543,0.20934497565031052,0.008331209421157837,0.12369786947965622,0.07731589674949646,0.12369786947965622,-0.07731589674949646,484,204,0.578512396694215,33,14
490,H,2,integrated_gradients,0.6,match_ig_baseline,scientific,-0.18034976720809937,-0.07034461200237274,-0.17975327372550964,-0.26599687337875366,0.0856471061706543,0.19565226137638092,0.08624359965324402,0.11000515520572662,0.0005964934825897217,0.11000515520572662,0.0005964934825897217,484,204,0.578512396694215,33,14
490,H,5,gnnexplainer,0.6,match_ig_baseline,scientific,-0.12873896956443787,-0.043585266917943954,-0.2551790177822113,-0.1509436070919037,0.02220463752746582,0.10735834017395973,0.10423541069030762,0.08515370264649391,0.12644004821777344,0.08515370264649391,0.0820307731628418,484,204,0.578512396694215,33,14
490,H,5,integrated_gradients,0.6,match_ig_baseline,scientific,-0.12873896956443787,-0.06163119524717331,-0.13492995500564575,-0.1509436070919037,0.02220463752746582,0.08931241184473038,0.016013652086257935,0.06710777431726456,0.006190985441207886,0.06710777431726456,-0.006190985441207886,484,204,0.578512396694215,33,14
490,H,6,gnnexplainer,0.6,match_ig_baseline,scientific,-0.12632957100868225,-0.05733466148376465,-0.15514278411865234,-0.1284528225660324,0.0021232515573501587,0.07111816108226776,0.026689961552619934,0.0689949095249176,0.028813213109970093,0.0689949095249176,0.024566709995269775,484,204,0.578512396694215,33,14
490,H,6,integrated_gradients,0.6,match_ig_baseline,scientific,-0.12632957100868225,-0.07605232298374176,-0.13005882501602173,-0.1284528225660324,0.0021232515573501587,0.05240049958229065,0.0016060024499893188,0.05027724802494049,0.0037292540073394775,0.05027724802494049,-0.0005172491073608398,484,204,0.578512396694215,33,14
490,C,0,gnnexplainer,0.6,match_ig_baseline,scientific,-3.129530668258667,-1.3310409784317017,-6.038034915924072,-4.111388683319092,0.9818580150604248,2.78034770488739,1.9266462326049805,1.7984896898269653,2.9085042476654053,1.7984896898269653,0.9447882175445557,484,204,0.578512396694215,39,16
490,C,0,integrated_gradients,0.6,match_ig_baseline,scientific,-3.129530668258667,-3.468775987625122,-3.0490927696228027,-4.111388683319092,0.9818580150604248,0.6426126956939697,1.062295913696289,0.3392453193664551,0.08043789863586426,-0.3392453193664551,0.08043789863586426,484,204,0.578512396694215,39,16
490,C,1,gnnexplainer,0.6,match_ig_baseline,scientific,-15.582393646240234,-2.697451591491699,-21.014759063720703,-16.991817474365234,1.409423828125,14.294365882873535,4.022941589355469,12.884942054748535,5.432365417480469,12.884942054748535,2.6135177612304688,484,204,0.578512396694215,39,16
490,C,1,integrated_gradients,0.6,match_ig_baseline,scientific,-15.582393646240234,-4.49582052230835,-16.289161682128906,-16.991817474365234,1.409423828125,12.495996952056885,0.7026557922363281,11.086573123931885,0.7067680358886719,11.086573123931885,-0.7067680358886719,484,204,0.578512396694215,39,16
490,C,2,gnnexplainer,0.6,match_ig_baseline,scientific,-3.881084442138672,-2.895127773284912,-5.729844570159912,-4.111124038696289,0.2300395965576172,1.215996265411377,1.618720531463623,0.9859566688537598,1.8487601280212402,0.9859566688537598,1.3886809349060059,484,204,0.578512396694215,39,16
490,C,2,integrated_gradients,0.6,match_ig_baseline,scientific,-3.881084442138672,-4.0397443771362305,-3.828920364379883,-4.111124038696289,0.2300395965576172,0.0713796615600586,0.28220367431640625,0.1586599349975586,0.05216407775878906,-0.1586599349975586,0.05216407775878906,484,204,0.578512396694215,39,16
490,C,3,gnnexplainer,0.6,match_ig_baseline,scientific,-2.2796802520751953,-2.8752002716064453,-3.9649529457092285,-3.4353280067443848,1.1556477546691895,0.5601277351379395,0.5296249389648438,0.59552001953125,1.6852726936340332,-0.59552001953125,-0.6260228157043457,484,204,0.578512396694215,39,16
490,C,3,integrated_gradients,0.6,match_ig_baseline,scientific,-2.2796802520751953,-2.9945435523986816,-3.1860642433166504,-3.4353280067443848,1.1556477546691895,0.4407844543457031,0.24926376342773438,0.7148633003234863,0.9063839912414551,-0.7148633003234863,-0.9063839912414551,484,204,0.578512396694215,39,16
510,H,0,gnnexplainer,0.6,match_ig_baseline,scientific,-0.0641452819108963,-0.12112245708703995,-0.02248445898294449,-0.06858395785093307,0.004438675940036774,0.05253849923610687,0.046099498867988586,0.056977175176143646,0.04166082292795181,0.0480998232960701,0.04166082292795181,596,250,0.5805369127516778,33,14
510,H,0,integrated_gradients,0.6,match_ig_baseline,scientific,-0.0641452819108963,-0.0701865628361702,-0.06424520164728165,-0.06858395785093307,0.004438675940036774,0.0016026049852371216,0.004338756203651428,0.006041280925273895,9.991973638534546e-05,-0.002836070954799652,-9.991973638534546e-05,596,250,0.5805369127516778,33,14
510,H,1,gnnexplainer,0.6,match_ig_baseline,scientific,-0.07207746058702469,-0.044180162250995636,-0.12238822132349014,-0.10737372934818268,0.03529626876115799,0.06319356709718704,0.015014491975307465,0.027897298336029053,0.050310760736465454,0.027897298336029053,-0.020281776785850525,596,250,0.5805369127516778,33,14
510,H,1,integrated_gradients,0.6,match_ig_baseline,scientific,-0.07207746058702469,-0.06268369406461716,-0.07162606716156006,-0.10737372934818268,0.03529626876115799,0.04469003528356552,0.03574766218662262,0.009393766522407532,0.0004513934254646301,0.009393766522407532,0.0004513934254646301,596,250,0.5805369127516778,33,14
510,H,2,gnnexplainer,0.6,match_ig_baseline,scientific,-0.054743897169828415,-0.118353933095932,-0.05193338170647621,-0.030469827353954315,0.0242740698158741,0.08788410574197769,0.021463554352521896,0.06361003592610359,0.0028105154633522034,0.06361003592610359,-0.0028105154633522034,596,250,0.5805369127516778,33,14
510,H,2,integrated_gradients,0.6,match_ig_baseline,scientific,-0.054743897169828415,-0.06312032043933868,-0.05154448747634888,-0.030469827353954315,0.0242740698158741,0.03265049308538437,0.021074660122394562,0.00837642326951027,0.003199409693479538,0.00837642326951027,-0.003199409693479538,596,250,0.5805369127516778,33,14
510,H,3,gnnexplainer,0.6,match_ig_baseline,scientific,-0.0725153461098671,-0.050705596804618835,-0.12512700259685516,-0.1194084882736206,0.04689314216375351,0.06870289146900177,0.005718514323234558,0.02180974930524826,0.05261165648698807,0.02180974930524826,-0.04117462784051895,596,250,0.5805369127516778,33,14
510,H,3,integrated_gradients,0.6,match_ig_baseline,scientific,-0.0725153461098671,-0.06403464823961258,-0.07007437199354172,-0.1194084882736206,0.04689314216375351,0.055373840034008026,0.04933411628007889,0.008480697870254517,0.0024409741163253784,0.008480697870254517,0.0024409741163253784,596,250,0.5805369127516778,33,14
510,H,4,gnnexplainer,0.6,match_ig_baseline,scientific,-0.06956268846988678,-0.1475045382976532,-0.005927015095949173,-0.058769065886735916,0.010793622583150864,0.08873547241091728,0.05284205079078674,0.07794184982776642,0.0636356733739376,0.07794184982776642,0.04204842820763588,596,250,0.5805369127516778,33,14
510,H,4,integrated_gradients,0.6,match_ig_baseline,scientific,-0.06956268846988678,-0.07544777542352676,-0.0702536478638649,-0.058769065886735916,0.010793622583150864,0.016678709536790848,0.011484581977128983,0.005885086953639984,0.0006909593939781189,0.005885086953639984,0.0006909593939781189,596,250,0.5805369127516778,33,14
510,H,5,gnnexplainer,0.6,match_ig_baseline,scientific,-0.06805552542209625,-0.13449543714523315,-0.022364258766174316,-0.07969000190496445,0.011634476482868195,0.05480543524026871,0.05732574313879013,0.0664399117231369,0.045691266655921936,0.04317095875740051,0.045691266655921936,596,250,0.5805369127516778,33,14
510,H,5,integrated_gradients,0.6,match_ig_baseline,scientific,-0.06805552542209625,-0.07512272894382477,-0.06593794375658035,-0.07969000190496445,0.011634476482868195,0.004567272961139679,0.013752058148384094,0.007067203521728516,0.0021175816655158997,-0.007067203521728516,0.0021175816655158997,596,250,0.5805369127516778,33,14
510,H,6,gnnexplainer,0.6,match_ig_baseline,scientific,-0.040923863649368286,-0.13340473175048828,-0.03550391644239426,-0.04133903980255127,0.0004151761531829834,0.09206569194793701,0.005835123360157013,0.09248086810112,0.0054199472069740295,0.09165051579475403,0.0054199472069740295,596,250,0.5805369127516778,33,14
510,H,6,integrated_gradients,0.6,match_ig_baseline,scientific,-0.040923863649368286,-0.09406786412000656,-0.03868982195854187,-0.04133903980255127,0.0004151761531829834,0.05272882431745529,0.0026492178440093994,0.053144000470638275,0.002234041690826416,0.05231364816427231,0.002234041690826416,596,250,0.5805369127516778,33,14
510,H,7,gnnexplainer,0.6,match_ig_baseline,scientific,-0.02234116941690445,-0.12206938862800598,-0.0009650662541389465,-0.03561985865235329,0.013278689235448837,0.0864495299756527,0.03465479239821434,0.09972821921110153,0.021376103162765503,0.07317084074020386,0.021376103162765503,596,250,0.5805369127516778,33,14
510,H,7,integrated_gradients,0.6,match_ig_baseline,scientific,-0.02234116941690445,-0.08372439444065094,-0.02353312075138092,-0.03561985865235329,0.013278689235448837,0.04810453578829765,0.012086737900972366,0.06138322502374649,0.001191951334476471,0.034825846552848816,-0.001191951334476471,596,250,0.5805369127516778,33,14
510,H,8,gnnexplainer,0.6,match_ig_baseline,scientific,-0.057253893464803696,-0.15405181050300598,-0.013719137758016586,-0.0713830441236496,0.014129150658845901,0.08266876637935638,0.05766390636563301,0.09679791703820229,0.04353475570678711,0.06853961572051048,0.04353475570678711,596,250,0.5805369127516778,33,14
510,H,8,integrated_gradients,0.6,match_ig_baseline,scientific,-0.057253893464803696,-0.07536248862743378,-0.05494651570916176,-0.0713830441236496,0.014129150658845901,0.00397944450378418,0.01643652841448784,0.01810859516263008,0.0023073777556419373,-0.010149706155061722,0.0023073777556419373,596,250,0.5805369127516778,33,14
510,H,9,gnnexplainer,0.6,match_ig_baseline,scientific,-0.06739038974046707,-0.1463039219379425,-0.03621002659201622,-0.08068999648094177,0.013299606740474701,0.06561392545700073,0.04447996988892555,0.07891353219747543,0.03118036314845085,0.05231431871652603,0.03118036314845085,596,250,0.5805369127516778,33,14
510,H,9,integrated_gradients,0.6,match_ig_baseline,scientific,-0.06739038974046707,-0.0782369077205658,-0.06695298105478287,-0.08068999648094177,0.013299606740474701,0.0024530887603759766,0.013737015426158905,0.010846517980098724,0.0004374086856842041,-0.010846517980098724,0.0004374086856842041,596,250,0.5805369127516778,33,14
510,C,0,gnnexplainer,0.6,match_ig_baseline,scientific,-3.183384895324707,-4.810088634490967,-2.095973253250122,-2.6794397830963135,0.5039451122283936,2.1306488513946533,0.5834665298461914,1.6267037391662598,1.087411642074585,1.6267037391662598,0.07952141761779785,596,250,0.5805369127516778,39,16
510,C,0,integrated_gradients,0.6,match_ig_baseline,scientific,-3.183384895324707,-3.5722503662109375,-2.9970297813415527,-2.6794397830963135,0.5039451122283936,0.892810583114624,0.31758999824523926,0.38886547088623047,0.1863551139831543,0.38886547088623047,-0.1863551139831543,596,250,0.5805369127516778,39,16
510,C,1,gnnexplainer,0.6,match_ig_baseline,scientific,-2.929103136062622,-4.155627727508545,-2.747774124145508,-2.8548877239227295,0.07421541213989258,1.3007400035858154,0.10711359977722168,1.2265245914459229,0.18132901191711426,1.2265245914459229,0.0328981876373291,596,250,0.5805369127516778,39,16
510,C,1,integrated_gradients,0.6,match_ig_baseline,scientific,-2.929103136062622,-3.2524633407592773,-2.892183542251587,-2.8548877239227295,0.07421541213989258,0.39757561683654785,0.03729581832885742,0.3233602046966553,0.036919593811035156,0.3233602046966553,-0.036919593811035156,596,250,0.5805369127516778,39,16
510,C,2,gnnexplainer,0.6,match_ig_baseline,scientific,-4.82141637802124,-2.957441806793213,-5.793070316314697,-4.148713111877441,0.6727032661437988,1.1912713050842285,1.6443572044372559,1.8639745712280273,0.971653938293457,0.5185680389404297,0.971653938293457,596,250,0.5805369127516778,39,16
510,C,2,integrated_gradients,0.6,match_ig_baseline,scientific,-4.82141637802124,-5.010147571563721,-4.9679999351501465,-4.148713111877441,0.6727032661437988,0.8614344596862793,0.8192868232727051,0.18873119354248047,0.14658355712890625,0.18873119354248047,0.14658355712890625,596,250,0.5805369127516778,39,16
510,C,3,gnnexplainer,0.6,match_ig_baseline,scientific,-1.93549382686615,-5.018211841583252,-1.2174073457717896,-0.3196980357170105,1.6157957911491394,4.6985138058662415,0.897709310054779,3.082718014717102,0.7180864810943604,3.082718014717102,-0.7180864810943604,596,250,0.5805369127516778,39,16
510,C,3,integrated_gradients,0.6,match_ig_baseline,scientific,-1.93549382686615,-3.8878908157348633,-1.8526393175125122,-0.3196980357170105,1.6157957911491394,3.568192780017853,1.5329412817955017,1.9523969888687134,0.0828545093536377,1.9523969888687134,-0.0828545093536377,596,250,0.5805369127516778,39,16
510,C,4,gnnexplainer,0.6,match_ig_baseline,scientific,-0.8245482444763184,-5.134465217590332,-0.4769817590713501,-0.5578681230545044,0.26668012142181396,4.576597094535828,0.0808863639831543,4.309916973114014,0.34756648540496826,4.309916973114014,-0.18579375743865967,596,250,0.5805369127516778,39,16
510,C,4,integrated_gradients,0.6,match_ig_baseline,scientific,-0.8245482444763184,-3.8282768726348877,-0.9200736880302429,-0.5578681230545044,0.26668012142181396,3.2704087495803833,0.3622055649757385,3.0037286281585693,0.09552544355392456,3.0037286281585693,0.09552544355392456,596,250,0.5805369127516778,39,16
510,C,5,gnnexplainer,0.6,match_ig_baseline,scientific,-1.521938443183899,-4.947600364685059,-1.1719741821289062,-0.3343559503555298,1.1875824928283691,4.613244414329529,0.8376182317733765,3.4256619215011597,0.3499642610549927,3.4256619215011597,-0.3499642610549927,596,250,0.5805369127516778,39,16
510,C,5,integrated_gradients,0.6,match_ig_baseline,scientific,-1.521938443183899,-4.104122638702393,-1.5374244451522827,-0.3343559503555298,1.1875824928283691,3.769766688346863,1.203068494796753,2.5821841955184937,0.015486001968383789,2.5821841955184937,0.015486001968383789,596,250,0.5805369127516778,39,16
530,H,0,gnnexplainer,0.6,match_ig_baseline,scientific,-0.08534625172615051,-0.058137137442827225,-0.206537663936615,-0.16678637266159058,0.08144012093544006,0.10864923521876335,0.039751291275024414,0.027209114283323288,0.12119141221046448,0.027209114283323288,-0.04168882966041565,314,132,0.5796178343949044,33,14
530,H,1,gnnexplainer,0.6,match_ig_baseline,scientific,-0.09019753336906433,-0.06117939203977585,-0.19377318024635315,-0.13316234946250916,0.042964816093444824,0.0719829574227333,0.060610830783843994,0.029018141329288483,0.10357564687728882,0.029018141329288483,0.01764601469039917,314,132,0.5796178343949044,33,14
530,H,2,gnnexplainer,0.6,match_ig_baseline,scientific,-0.030807171016931534,-0.12887974083423615,-0.05020676553249359,-0.0575319267809391,0.02672475576400757,0.07134781405329704,0.007325161248445511,0.09807256981730461,0.019399594515562057,0.044623058289289474,-0.019399594515562057,314,132,0.5796178343949044,33,14
530,H,3,gnnexplainer,0.6,match_ig_baseline,scientific,-0.04008097946643829,-0.07532380521297455,-0.029589097946882248,-0.04089127480983734,0.0008102953433990479,0.03443253040313721,0.011302176862955093,0.035242825746536255,0.010491881519556046,0.03362223505973816,0.010491881519556046,314,132,0.5796178343949044,33,14
530,H,4,gnnexplainer,0.6,match_ig_baseline,scientific,-0.03763440251350403,-0.15434974431991577,-0.02484959363937378,-0.06429433822631836,0.02665993571281433,0.09005540609359741,0.03944474458694458,0.11671534180641174,0.012784808874130249,0.06339547038078308,0.012784808874130249,314,132,0.5796178343949044,33,14
530,C,0,gnnexplainer,0.6,match_ig_baseline,scientific,-2.6694869995117188,-3.727264404296875,-2.401803493499756,-2.8974430561065674,0.22795605659484863,0.8298213481903076,0.4956395626068115,1.0577774047851562,0.2676835060119629,0.601865291595459,0.2676835060119629,314,132,0.5796178343949044,39,16
530,C,1,gnnexplainer,0.6,match_ig_baseline,scientific,-3.2187187671661377,-5.514753341674805,-1.9267854690551758,-2.7582390308380127,0.460479736328125,2.756514310836792,0.8314535617828369,2.296034574508667,1.291933298110962,2.296034574508667,0.3709738254547119,314,132,0.5796178343949044,39,16
530,C,2,gnnexplainer,0.6,match_ig_baseline,scientific,-4.761256694793701,-2.519667148590088,-6.9332275390625,-4.5724406242370605,0.18881607055664062,2.0527734756469727,2.3607869148254395,2.2415895462036133,2.171970844268799,1.863957405090332,2.171970844268799,314,132,0.5796178343949044,39,16
610,H,0,gnnexplainer,0.6,match_ig_baseline,scientific,-0.44238173961639404,-0.08043089509010315,-0.7662991881370544,-0.615548849105835,0.17316710948944092,0.5351179540157318,0.15075033903121948,0.3619508445262909,0.3239174485206604,0.3619508445262909,-0.022416770458221436,452,190,0.5796460176991151,33,14
610,H,0,integrated_gradients,0.6,match_ig_baseline,scientific,-0.44238173961639404,-0.07653661072254181,-0.42770612239837646,-0.615548849105835,0.17316710948944092,0.5390122383832932,0.1878427267074585,0.36584512889385223,0.014675617218017578,0.36584512889385223,0.014675617218017578,452,190,0.5796460176991151,33,14
610,H,1,gnnexplainer,0.6,match_ig_baseline,scientific,-0.1651545912027359,-0.03918824344873428,-0.21088561415672302,-0.12229462713003159,0.042859964072704315,0.0831063836812973,0.08859098702669144,0.12596634775400162,0.04573102295398712,0.04024641960859299,0.04573102295398712,452,190,0.5796460176991151,33,14
610,H,1,integrated_gradients,0.6,match_ig_baseline,scientific,-0.1651545912027359,-0.06308598071336746,-0.17971757054328918,-0.12229462713003159,0.042859964072704315,0.059208646416664124,0.0574229434132576,0.10206861048936844,0.014562979340553284,0.01634868234395981,0.014562979340553284,452,190,0.5796460176991151,33,14
610,H,2,gnnexplainer,0.6,match_ig_baseline,scientific,-0.13610506057739258,-0.015160132199525833,-0.2357875108718872,-0.1601894050836563,0.024084344506263733,0.14502927288413048,0.0755981057882309,0.12094492837786674,0.09968245029449463,0.12094492837786674,0.05151376128196716,452,190,0.5796460176991151,33,14
610,H,2,integrated_gradients,0.6,match_ig_baseline,scientific,-0.13610506057739258,-0.061852727085351944,-0.13521507382392883,-0.1601894050836563,0.024084344506263733,0.09833667799830437,0.024974331259727478,0.07425233349204063,0.0008899867534637451,0.07425233349204063,0.0008899867534637451,452,190,0.5796460176991151,33,14
610,H,3,gnnexplainer,0.6,match_ig_baseline,scientific,-0.1795758754014969,-0.032772935926914215,-0.18593037128448486,-0.18318936228752136,0.003613486886024475,0.15041642636060715,0.002741008996963501,0.14680293947458267,0.006354495882987976,0.14680293947458267,-0.0008724778890609741,452,190,0.5796460176991151,33,14
610,H,3,integrated_gradients,0.6,match_ig_baseline,scientific,-0.1795758754014969,-0.05280381441116333,-0.18144279718399048,-0.18318936228752136,0.003613486886024475,0.13038554787635803,0.0017465651035308838,0.12677206099033356,0.0018669217824935913,0.12677206099033356,-0.0018669217824935913,452,190,0.5796460176991151,33,14
610,H,4,gnnexplainer,0.6,match_ig_baseline,scientific,-0.500056803226471,-0.06710391491651535,-1.014652132987976,-0.6312503814697266,0.13119357824325562,0.5641464665532112,0.3834017515182495,0.4329528883099556,0.5145953297615051,0.4329528883099556,0.2522081732749939,452,190,0.5796460176991151,33,14
610,H,4,integrated_gradients,0.6,match_ig_baseline,scientific,-0.500056803226471,-0.07545047253370285,-0.45864158868789673,-0.6312503814697266,0.13119357824325562,0.5557999089360237,0.17260879278182983,0.4246063306927681,0.04141521453857422,0.4246063306927681,0.04141521453857422,452,190,0.5796460176991151,33,14
610,H,5,gnnexplainer,0.6,match_ig_baseline,scientific,-0.14004060626029968,-0.02057681232690811,-0.21401846408843994,-0.12377718091011047,0.01626342535018921,0.10320036858320236,0.09024128317832947,0.11946379393339157,0.07397785782814026,0.08693694323301315,0.07397785782814026,452,190,0.5796460176991151,33,14
610,H,5,integrated_gradients,0.6,match_ig_baseline,scientific,-0.14004060626029968,-0.050853975117206573,-0.14635935425758362,-0.12377718091011047,0.01626342535018921,0.0729232057929039,0.022582173347473145,0.08918663114309311,0.0063187479972839355,0.05665978044271469,0.0063187479972839355,452,190,0.5796460176991151,33,14
610,H,6,gnnexplainer,0.6,match_ig_baseline,scientific,-0.12860378623008728,-0.02437197044491768,-0.2148517668247223,-0.14696994423866272,0.01836615800857544,0.12259797379374504,0.06788182258605957,0.1042318157851696,0.08624798059463501,0.1042318157851696,0.04951566457748413,452,190,0.5796460176991151,33,14
610,H,6,integrated_gradients,0.6,match_ig_baseline,scientific,-0.12860378623008728,-0.04809259995818138,-0.12408845871686935,-0.14696994423866272,0.01836615800857544,0.09887734428048134,0.022881485521793365,0.0805111862719059,0.004515327513217926,0.0805111862719059,0.004515327513217926,452,190,0.5796460176991151,33,14
610,H,7,gnnexplainer,0.6,match_ig_baseline,scientific,-0.16811057925224304,-0.02003469318151474,-0.2593404948711395,-0.19154877960681915,0.02343820035457611,0.1715140864253044,0.06779171526432037,0.1480758860707283,0.09122991561889648,0.1480758860707283,0.04435351490974426,452,190,0.5796460176991151,33,14
610,H,7,integrated_gradients,0.6,match_ig_baseline,scientific,-0.16811057925224304,-0.05869390815496445,-0.16699372231960297,-0.19154877960681915,0.02343820035457611,0.1328548714518547,0.024555057287216187,0.1094166710972786,0.0011168569326400757,0.1094166710972786,0.0011168569326400757,452,190,0.5796460176991151,33,14
610,C,0,gnnexplainer,0.6,match_ig_baseline,scientific,-16.07822036743164,-2.710400104522705,-22.48322296142578,-18.057586669921875,1.9793663024902344,15.34718656539917,4.425636291503906,13.367820262908936,6.405002593994141,13.367820262908936,2.446269989013672,452,190,0.5796460176991151,39,16
610,C,0,integrated_gradients,0.6,match_ig_baseline,scientific,-16.07822036743164,-4.387446880340576,-16.23516845703125,-18.057586669921875,1.9793663024902344,13.670139789581299,1.822418212890625,11.690773487091064,0.15694808959960938,11.690773487091064,-0.15694808959960938,452,190,0.5796460176991151,39,16
610,C,1,gnnexplainer,0.6,match_ig_baseline,scientific,-16.779712677001953,-2.7908005714416504,-20.099227905273438,-17.75385856628418,0.9741458892822266,14.96305799484253,2.345369338989258,13.988912105560303,3.3195152282714844,13.988912105560303,1.3712234497070312,452,190,0.5796460176991151,39,16
610,C,1,integrated_gradients,0.6,match_ig_baseline,scientific,-16.779712677001953,-4.353518009185791,-15.620583534240723,-17.75385856628418,0.9741458892822266,13.400340557098389,2.133275032043457,12.426194667816162,1.1591291427612305,12.426194667816162,1.1591291427612305,452,190,0.5796460176991151,39,16
610,C,2,gnnexplainer,0.6,match_ig_baseline,scientific,-1.856040596961975,-1.618841290473938,-4.963676452636719,-2.5053277015686035,0.6492871046066284,0.8864864110946655,2.4583487510681152,0.2371993064880371,3.1076358556747437,0.2371993064880371,1.8090616464614868,452,190,0.5796460176991151,39,16
610,C,2,integrated_gradients,0.6,match_ig_baseline,scientific,-1.856040596961975,-3.839033842086792,-1.8264271020889282,-2.5053277015686035,0.6492871046066284,1.3337061405181885,0.6789005994796753,1.982993245124817,0.029613494873046875,0.6844190359115601,0.029613494873046875,452,190,0.5796460176991151,39,16
610,C,3,gnnexplainer,0.6,match_ig_baseline,scientific,-1.9090392589569092,-2.4494590759277344,-3.0165855884552,-2.3740406036376953,0.46500134468078613,0.07541847229003906,0.6425449848175049,0.5404198169708252,1.107546329498291,-0.38958287239074707,0.17754364013671875,452,190,0.5796460176991151,39,16
610,C,3,integrated_gradients,0.6,match_ig_baseline,scientific,-1.9090392589569092,-3.3794469833374023,-1.8350852727890015,-2.3740406036376953,0.46500134468078613,1.005406379699707,0.5389553308486938,1.4704077243804932,0.07395398616790771,0.5404050350189209,0.07395398616790771,452,190,0.5796460176991151,39,16
620,H,0,gnnexplainer,0.6,match_ig_baseline,scientific,-0.22838380932807922,-0.05812108516693115,-0.3747495412826538,-0.2509962022304535,0.022612392902374268,0.19287511706352234,0.12375333905220032,0.17026272416114807,0.14636573195457458,0.17026272416114807,0.10114094614982605,603,252,0.582089552238806,33,14
620,H,0,integrated_gradients,0.6,match_ig_baseline,scientific,-0.22838380932807922,-0.08197864145040512,-0.22547292709350586,-0.2509962022304535,0.022612392902374268,0.16901756078004837,0.025523275136947632,0.1464051678776741,0.0029108822345733643,0.1464051678776741,0.0029108822345733643,603,252,0.582089552238806,33,14
620,H,1,gnnexplainer,0.6,match_ig_baseline,scientific,-0.228367418050766,-0.05897428095340729,-0.41127002239227295,-0.24986469745635986,0.021497279405593872,0.19089041650295258,0.16140532493591309,0.1693931370973587,0.18290260434150696,0.1693931370973587,0.1399080455303192,603,252,0.582089552238806,33,14
620,H,1,integrated_gradients,0.6,match_ig_baseline,scientific,-0.228367418050766,-0.0820571705698967,-0.22556868195533752,-0.24986469745635986,0.021497279405593872,0.16780752688646317,0.02429601550102234,0.1463102474808693,0.002798736095428467,0.1463102474808693,0.002798736095428467,603,252,0.582089552238806,33,14
620,H,2,gnnexplainer,0.6,match_ig_baseline,scientific,-0.2283584177494049,-0.05694441869854927,-0.32380378246307373,-0.2488207370042801,0.020462319254875183,0.19187631830573082,0.07498304545879364,0.17141399905085564,0.09544536471366882,0.17141399905085564,0.05452072620391846,603,252,0.582089552238806,33,14
620,H,2,integrated_gradients,0.6,match_ig_baseline,scientific,-0.2283584177494049,-0.08204442262649536,-0.22556069493293762,-0.2488207370042801,0.020462319254875183,0.16677631437778473,0.023260042071342468,0.14631399512290955,0.002797722816467285,0.14631399512290955,0.002797722816467285,603,252,0.582089552238806,33,14
620,H,3,gnnexplainer,0.6,match_ig_baseline,scientific,-0.22839093208312988,-0.05996985733509064,-0.37549877166748047,-0.25204017758369446,0.023649245500564575,0.19207032024860382,0.12345859408378601,0.16842107474803925,0.14710783958435059,0.16842107474803925,0.09980934858322144,603,252,0.582089552238806,33,14
620,H,3,integrated_gradients,0.6,match_ig_baseline,scientific,-0.22839093208312988,-0.0802086666226387,-0.225960373878479,-0.25204017758369446,0.023649245500564575,0.17183151096105576,0.026079803705215454,0.14818226546049118,0.002430558204650879,0.14818226546049118,0.002430558204650879,603,252,0.582089552238806,33,14
620,H,4,gnnexplainer,0.6,match_ig_baseline,scientific,-0.22839006781578064,-0.07708583772182465,-0.39632490277290344,-0.251996248960495,0.023606181144714355,0.17491041123867035,0.14432865381240845,0.151304230093956,0.1679348349571228,0.151304230093956,0.12072247266769409,603,252,0.582089552238806,33,14
620,H,4,integrated_gradients,0.6,match_ig_baseline,scientific,-0.22839006781578064,-0.08023673295974731,-0.22597569227218628,-0.251996248960495,0.023606181144714355,0.17175951600074768,0.026020556688308716,0.14815333485603333,0.0024143755435943604,0.14815333485603333,0.0024143755435943604,603,252,0.582089552238806,33,14
620,H,5,gnnexplainer,0.6,match_ig_baseline,scientific,-0.22836831212043762,-0.06069865822792053,-0.3634726405143738,-0.24986469745635986,0.02149638533592224,0.18916603922843933,0.11360794305801392,0.1676696538925171,0.13510432839393616,0.1676696538925171,0.09211155772209167,603,252,0.582089552238806,33,14
620,H,5,integrated_gradients,0.6,match_ig_baseline,scientific,-0.22836831212043762,-0.08205264061689377,-0.22557520866394043,-0.24986469745635986,0.02149638533592224,0.1678120568394661,0.024289488792419434,0.14631567150354385,0.0027931034564971924,0.14631567150354385,0.0027931034564971924,603,252,0.582089552238806,33,14
620,H,6,gnnexplainer,0.6,match_ig_baseline,scientific,-0.00035447627305984497,-0.08040782064199448,0.008296661078929901,0.08161692321300507,0.08197139948606491,0.16202474385499954,0.07332026213407516,0.08005334436893463,0.008651137351989746,0.08005334436893463,-0.008651137351989746,603,252,0.582089552238806,33,14
620,H,6,integrated_gradients,0.6,match_ig_baseline,scientific,-0.00035447627305984497,-0.04557589441537857,-0.003513272851705551,0.08161692321300507,0.08197139948606491,0.12719281762838364,0.08513019606471062,0.045221418142318726,0.003158796578645706,0.045221418142318726,0.003158796578645706,603,252,0.582089552238806,33,14
620,H,7,gnnexplainer,0.6,match_ig_baseline,scientific,-0.0003616511821746826,-0.08824200928211212,0.027256064116954803,0.0810290277004242,0.08139067888259888,0.16927103698253632,0.05377296358346939,0.08788035809993744,0.027617715299129486,0.08788035809993744,-0.027617715299129486,603,252,0.582089552238806,33,14
620,H,7,integrated_gradients,0.6,match_ig_baseline,scientific,-0.0003616511821746826,-0.048042476177215576,-0.002527482807636261,0.0810290277004242,0.08139067888259888,0.12907150387763977,0.08355651050806046,0.047680824995040894,0.0021658316254615784,0.047680824995040894,0.0021658316254615784,603,252,0.582089552238806,33,14
620,H,8,gnnexplainer,0.6,match_ig_baseline,scientific,-0.00035750120878219604,-0.11294189840555191,0.02274560183286667,0.08161692321300507,0.08197442442178726,0.19455882161855698,0.0588713213801384,0.11258439719676971,0.023103103041648865,0.11258439719676971,-0.023103103041648865,603,252,0.582089552238806,33,14
620,H,8,integrated_gradients,0.6,match_ig_baseline,scientific,-0.00035750120878219604,-0.04499988257884979,-0.003463640809059143,0.08161692321300507,0.08197442442178726,0.12661680579185486,0.08508056402206421,0.044642381370067596,0.003106139600276947,0.044642381370067596,0.003106139600276947,603,252,0.582089552238806,33,14
620,H,9,gnnexplainer,0.6,match_ig_baseline,scientific,-0.01004878431558609,-0.11453783512115479,0.006546370685100555,0.17055636644363403,0.18060515075922012,0.2850942015647888,0.16400999575853348,0.1044890508055687,0.016595155000686646,0.1044890508055687,-0.016595155000686646,603,252,0.582089552238806,33,14
620,H,9,integrated_gradients,0.6,match_ig_baseline,scientific,-0.01004878431558609,-0.0485692024230957,-0.009808577597141266,0.17055636644363403,0.18060515075922012,0.21912556886672974,0.1803649440407753,0.03852041810750961,0.00024020671844482422,0.03852041810750961,-0.00024020671844482422,603,252,0.582089552238806,33,14
620,C,0,gnnexplainer,0.6,match_ig_baseline,scientific,-8.43395709991455,-4.531073093414307,-12.82382869720459,-8.185676574707031,0.24828052520751953,3.6546034812927246,4.638152122497559,3.902884006500244,4.389871597290039,3.406322956085205,4.389871597290039,603,252,0.582089552238806,39,16
620,C,0,integrated_gradients,0.6,match_ig_baseline,scientific,-8.43395709991455,-4.3844709396362305,-8.389245986938477,-8.185676574707031,0.24828052520751953,3.801205635070801,0.2035694122314453,4.04948616027832,0.04471111297607422,3.5529251098632812,-0.04471111297607422,603,252,0.582089552238806,39,16
620,C,1,gnnexplainer,0.6,match_ig_baseline,scientific,-8.439017295837402,-3.4874372482299805,-10.82871150970459,-8.185914039611816,0.25310325622558594,4.698476791381836,2.6427974700927734,4.951580047607422,2.3896942138671875,4.44537353515625,2.3896942138671875,603,252,0.582089552238806,39,16
620,C,1,integrated_gradients,0.6,match_ig_baseline,scientific,-8.439017295837402,-4.378602504730225,-8.396899223327637,-8.185914039611816,0.25310325622558594,3.807311534881592,0.2109851837158203,4.060414791107178,0.042118072509765625,3.554208278656006,-0.042118072509765625,603,252,0.582089552238806,39,16
620,C,2,gnnexplainer,0.6,match_ig_baseline,scientific,-8.438666343688965,-3.6634774208068848,-13.516131401062012,-8.188501358032227,0.2501649856567383,4.525023937225342,5.327630043029785,4.77518892288208,5.077465057373047,4.2748589515686035,5.077465057373047,603,252,0.582089552238806,39,16
620,C,2,integrated_gradients,0.6,match_ig_baseline,scientific,-8.438666343688965,-4.378394603729248,-8.39626407623291,-8.188501358032227,0.2501649856567383,3.8101067543029785,0.2077627182006836,4.060271739959717,0.04240226745605469,3.5599417686462402,-0.04240226745605469,603,252,0.582089552238806,39,16
620,C,3,gnnexplainer,0.6,match_ig_baseline,scientific,-8.43066120147705,-3.4624581336975098,-11.47839069366455,-8.189264297485352,0.24139690399169922,4.726806163787842,3.289126396179199,4.968203067779541,3.0477294921875,4.485409259796143,3.0477294921875,603,252,0.582089552238806,39,16
620,C,3,integrated_gradients,0.6,match_ig_baseline,scientific,-8.43066120147705,-4.384276390075684,-8.386003494262695,-8.189264297485352,0.24139690399169922,3.804987907409668,0.19673919677734375,4.046384811401367,0.04465770721435547,3.5635910034179688,-0.04465770721435547,603,252,0.582089552238806,39,16
620,C,4,gnnexplainer,0.6,match_ig_baseline,scientific,-8.43023681640625,-3.83362078666687,-13.157313346862793,-8.187677383422852,0.24255943298339844,4.3540565967559814,4.969635963439941,4.59661602973938,4.727076530456543,4.111497163772583,4.727076530456543,603,252,0.582089552238806,39,16
620,C,4,integrated_gradients,0.6,match_ig_baseline,scientific,-8.43023681640625,-4.384646892547607,-8.386282920837402,-8.187677383422852,0.24255943298339844,3.803030490875244,0.19860553741455078,4.045589923858643,0.043953895568847656,3.5604710578918457,-0.043953895568847656,603,252,0.582089552238806,39,16
620,C,5,gnnexplainer,0.6,match_ig_baseline,scientific,-8.442373275756836,-3.8108177185058594,-13.137690544128418,-8.186501502990723,0.2558717727661133,4.375683784484863,4.951189041137695,4.631555557250977,4.695317268371582,4.11981201171875,4.695317268371582,603,252,0.582089552238806,39,16
620,C,5,integrated_gradients,0.6,match_ig_baseline,scientific,-8.442373275756836,-4.3786301612854,-8.400219917297363,-8.186501502990723,0.2558717727661133,3.8078713417053223,0.21371841430664062,4.0637431144714355,0.042153358459472656,3.551999568939209,-0.042153358459472656,603,252,0.582089552238806,39,16
620,C,6,gnnexplainer,0.6,match_ig_baseline,scientific,0.4642379879951477,-4.143426418304443,0.635010838508606,1.20413076877594,0.7398927807807922,5.347557187080383,0.569119930267334,4.607664406299591,0.17077285051345825,4.607664406299591,-0.17077285051345825,603,252,0.582089552238806,39,16
620,C,6,integrated_gradients,0.6,match_ig_baseline,scientific,0.4642379879951477,-3.6173346042633057,0.47385895252227783,1.20413076877594,0.7398927807807922,4.821465373039246,0.7302718162536621,4.081572592258453,0.009620964527130127,4.081572592258453,-0.009620964527130127,603,252,0.582089552238806,39,16
640,H,0,gnnexplainer,0.6,match_ig_baseline,scientific,-0.21126306056976318,-0.3292185664176941,-0.020470030605793,0.13790667057037354,0.3491697311401367,0.4671252369880676,0.15837670117616653,0.11795550584793091,0.19079302996397018,0.11795550584793091,-0.19079302996397018,735,308,0.5809523809523809,33,14
640,H,0,integrated_gradients,0.6,match_ig_baseline,scientific,-0.21126306056976318,-0.0973362922668457,-0.21745502948760986,0.13790667057037354,0.3491697311401367,0.23524296283721924,0.3553617000579834,0.11392676830291748,0.00619196891784668,-0.11392676830291748,0.00619196891784668,735,308,0.5809523809523809,33,14
640,H,1,gnnexplainer,0.6,match_ig_baseline,scientific,-0.21125224232673645,-0.2322845757007599,-0.03618040308356285,0.13790667057037354,0.34915891289711,0.3701912462711334,0.17408707365393639,0.021032333374023438,0.1750718392431736,0.021032333374023438,-0.1750718392431736,735,308,0.5809523809523809,33,14
640,H,1,integrated_gradients,0.6,match_ig_baseline,scientific,-0.21125224232673645,-0.09734029322862625,-0.21745029091835022,0.13790667057037354,0.34915891289711,0.2352469637989998,0.35535696148872375,0.1139119490981102,0.0061980485916137695,-0.1139119490981102,0.0061980485916137695,735,308,0.5809523809523809,33,14
640,H,2,gnnexplainer,0.6,match_ig_baseline,scientific,-0.04018162190914154,-0.1535988748073578,-0.002172432839870453,-0.010049479082226753,0.030132142826914787,0.14354939572513103,0.0078770462423563,0.11341725289821625,0.03800918906927109,0.11341725289821625,-0.022255096584558487,735,308,0.5809523809523809,33,14
640,H,2,integrated_gradients,0.6,match_ig_baseline,scientific,-0.04018162190914154,-0.0715818852186203,-0.0438699871301651,-0.010049479082226753,0.030132142826914787,0.06153240613639355,0.03382050804793835,0.03140026330947876,0.0036883652210235596,0.03140026330947876,0.0036883652210235596,735,308,0.5809523809523809,33,14
640,H,3,gnnexplainer,0.6,match_ig_baseline,scientific,-0.02698579430580139,-0.13122734427452087,0.0007837861776351929,-0.030795302242040634,0.0038095079362392426,0.10043204203248024,0.03157908841967583,0.10424154996871948,0.027769580483436584,0.096622534096241,0.027769580483436584,735,308,0.5809523809523809,33,14
640,H,3,integrated_gradients,0.6,match_ig_baseline,scientific,-0.02698579430580139,-0.06591551005840302,-0.02897150069475174,-0.030795302242040634,0.0038095079362392426,0.03512020781636238,0.0018238015472888947,0.038929715752601624,0.001985706388950348,0.03131069988012314,-0.001985706388950348,735,308,0.5809523809523809,33,14
640,H,4,gnnexplainer,0.6,match_ig_baseline,scientific,-0.029253706336021423,-0.1299949288368225,0.02830236405134201,-0.03988323733210564,0.010629530996084213,0.09011169150471687,0.06818560138344765,0.10074122250080109,0.057556070387363434,0.07948216050863266,0.057556070387363434,735,308,0.5809523809523809,33,14
640,H,4,integrated_gradients,0.6,match_ig_baseline,scientific,-0.029253706336021423,-0.06384647637605667,-0.034504201263189316,-0.03988323733210564,0.010629530996084213,0.023963239043951035,0.005379036068916321,0.03459277004003525,0.0052504949271678925,0.013333708047866821,-0.0052504949271678925,735,308,0.5809523809523809,33,14
640,H,5,gnnexplainer,0.6,match_ig_baseline,scientific,-0.07945401221513748,-0.1621996909379959,-0.011101555079221725,-0.08353185653686523,0.004077844321727753,0.07866783440113068,0.07243030145764351,0.08274567872285843,0.06835245713591576,0.07458999007940292,0.06835245713591576,735,308,0.5809523809523809,33,14
640,H,5,integrated_gradients,0.6,match_ig_baseline,scientific,-0.07945401221513748,-0.09872078895568848,-0.07984422147274017,-0.08353185653686523,0.004077844321727753,0.015188932418823242,0.003687635064125061,0.019266776740550995,0.00039020925760269165,0.01111108809709549,-0.00039020925760269165,735,308,0.5809523809523809,33,14
640,H,6,gnnexplainer,0.6,match_ig_baseline,scientific,-0.11835552006959915,-0.09260424226522446,-0.11018580198287964,-0.10661061108112335,0.0117449089884758,0.014006368815898895,0.0035751909017562866,0.025751277804374695,0.008169718086719513,0.0022614598274230957,-0.008169718086719513,735,308,0.5809523809523809,33,14
640,H,6,integrated_gradients,0.6,match_ig_baseline,scientific,-0.11835552006959915,-0.08797074854373932,-0.12360827624797821,-0.10661061108112335,0.0117449089884758,0.018639862537384033,0.01699766516685486,0.030384771525859833,0.005252756178379059,0.006894953548908234,0.005252756178379059,735,308,0.5809523809523809,33,14
640,H,7,gnnexplainer,0.6,match_ig_baseline,scientific,-0.06900552660226822,-0.16963112354278564,-0.009252253919839859,-0.07117222994565964,0.0021667033433914185,0.09845889359712601,0.06191997602581978,0.10062559694051743,0.05975327268242836,0.09629219025373459,0.05975327268242836,735,308,0.5809523809523809,33,14
640,H,7,integrated_gradients,0.6,match_ig_baseline,scientific,-0.06900552660226822,-0.08538084477186203,-0.06927470862865448,-0.07117222994565964,0.0021667033433914185,0.014208614826202393,0.0018975213170051575,0.01637531816959381,0.000269182026386261,0.012041911482810974,-0.000269182026386261,735,308,0.5809523809523809,33,14
640,H,8,gnnexplainer,0.6,match_ig_baseline,scientific,-0.10110029578208923,-0.07276882231235504,-0.17043137550354004,-0.12511934340000153,0.024019047617912292,0.052350521087646484,0.04531203210353851,0.028331473469734192,0.0693310797214508,0.028331473469734192,0.02129298448562622,735,308,0.5809523809523809,33,14
640,H,8,integrated_gradients,0.6,match_ig_baseline,scientific,-0.10110029578208923,-0.09374221414327621,-0.10271305590867996,-0.12511934340000153,0.024019047617912292,0.03137712925672531,0.022406287491321564,0.007358081638813019,0.0016127601265907288,0.007358081638813019,-0.0016127601265907288,735,308,0.5809523809523809,33,14
640,H,9,gnnexplainer,0.6,match_ig_baseline,scientific,-0.07945292443037033,-0.13341791927814484,-0.035897091031074524,-0.08353185653686523,0.0040789321064949036,0.0498860627412796,0.04763476550579071,0.053964994847774506,0.04355583339929581,0.0458071306347847,0.04355583339929581,735,308,0.5809523809523809,33,14
640,H,9,integrated_gradients,0.6,match_ig_baseline,scientific,-0.07945292443037033,-0.09872128814458847,-0.07984273135662079,-0.08353185653686523,0.0040789321064949036,0.015189431607723236,0.003689125180244446,0.01926836371421814,0.00038980692625045776,0.011110499501228333,-0.00038980692625045776,735,308,0.5809523809523809,33,14
640,H,10,gnnexplainer,0.6,match_ig_baseline,scientific,-0.11835354566574097,-0.05080264434218407,-0.15197497606277466,-0.10661061108112335,0.011742934584617615,0.055807966738939285,0.045364364981651306,0.0675509013235569,0.03362143039703369,0.04406503215432167,0.03362143039703369,735,308,0.5809523809523809,33,14
640,H,10,integrated_gradients,0.6,match_ig_baseline,scientific,-0.11835354566574097,-0.08797048777341843,-0.12360590696334839,-0.10661061108112335,0.011742934584617615,0.018640123307704926,0.016995295882225037,0.03038305789232254,0.005252361297607422,0.006897188723087311,0.005252361297607422,735,308,0.5809523809523809,33,14
640,H,11,gnnexplainer,0.6,match_ig_baseline,scientific,-0.04018741473555565,-0.13689598441123962,-0.004473745822906494,-0.010049479082226753,0.030137935653328896,0.12684650532901287,0.005575733259320259,0.09670856967568398,0.035713668912649155,0.09670856967568398,-0.024562202394008636,735,308,0.5809523809523809,33,14
640,H,11,integrated_gradients,0.6,match_ig_baseline,scientific,-0.04018741473555565,-0.07158198207616806,-0.04387395456433296,-0.010049479082226753,0.030137935653328896,0.06153250299394131,0.03382447548210621,0.03139456734061241,0.0036865398287773132,0.03139456734061241,0.0036865398287773132,735,308,0.5809523809523809,33,14
640,H,12,gnnexplainer,0.6,match_ig_baseline,scientific,-0.029250383377075195,-0.14787109196186066,0.03473401814699173,-0.04088323935866356,0.011632855981588364,0.1069878526031971,0.07561725750565529,0.11862070858478546,0.06398440152406693,0.09535499662160873,0.06398440152406693,735,308,0.5809523809523809,33,14
640,H,12,integrated_gradients,0.6,match_ig_baseline,scientific,-0.029250383377075195,-0.06370808184146881,-0.03330160304903984,-0.04088323935866356,0.011632855981588364,0.022824842482805252,0.007581636309623718,0.034457698464393616,0.004051219671964645,0.011191986501216888,-0.004051219671964645,735,308,0.5809523809523809,33,14
640,H,13,gnnexplainer,0.6,match_ig_baseline,scientific,-0.026982992887496948,-0.1532292366027832,0.01384279876947403,-0.030795302242040634,0.003812309354543686,0.12243393436074257,0.044638101011514664,0.12624624371528625,0.04082579165697098,0.11862162500619888,0.04082579165697098,735,308,0.5809523809523809,33,14
640,H,13,integrated_gradients,0.6,match_ig_baseline,scientific,-0.026982992887496948,-0.06591580808162689,-0.028966233134269714,-0.030795302242040634,0.003812309354543686,0.03512050583958626,0.0018290691077709198,0.038932815194129944,0.001983240246772766,0.03130819648504257,-0.001983240246772766,735,308,0.5809523809523809,33,14
640,C,0,gnnexplainer,0.6,match_ig_baseline,scientific,-7.860611915588379,-2.4781274795532227,-14.121752738952637,-8.271045684814453,0.4104337692260742,5.7929182052612305,5.850707054138184,5.382484436035156,6.261140823364258,5.382484436035156,5.440273284912109,735,308,0.5809523809523809,39,16
640,C,0,integrated_gradients,0.6,match_ig_baseline,scientific,-7.860611915588379,-4.066093444824219,-8.419307708740234,-8.271045684814453,0.4104337692260742,4.204952239990234,0.14826202392578125,3.79451847076416,0.5586957931518555,3.79451847076416,-0.26217174530029297,735,308,0.5809523809523809,39,16
640,C,1,gnnexplainer,0.6,match_ig_baseline,scientific,-7.8596673011779785,-2.3398942947387695,-13.414233207702637,-8.270045280456543,0.41037797927856445,5.930150985717773,5.144187927246094,5.519773006439209,5.554565906524658,5.519773006439209,4.733809947967529,735,308,0.5809523809523809,39,16
640,C,1,integrated_gradients,0.6,match_ig_baseline,scientific,-7.8596673011779785,-4.0661211013793945,-8.418634414672852,-8.270045280456543,0.41037797927856445,4.203924179077148,0.1485891342163086,3.793546199798584,0.558967113494873,3.793546199798584,-0.26178884506225586,735,308,0.5809523809523809,39,16
640,C,2,gnnexplainer,0.6,match_ig_baseline,scientific,-0.4793398380279541,-5.47937536239624,0.16907064616680145,-0.608948290348053,0.12960845232009888,4.870427072048187,0.7780189365148544,5.000035524368286,0.6484104841947556,4.740818619728088,0.6484104841947556,735,308,0.5809523809523809,39,16
640,C,2,integrated_gradients,0.6,match_ig_baseline,scientific,-0.4793398380279541,-4.006007194519043,-0.5832008719444275,-0.608948290348053,0.12960845232009888,3.39705890417099,0.02574741840362549,3.526667356491089,0.10386103391647339,3.267450451850891,-0.10386103391647339,735,308,0.5809523809523809,39,16
640,C,3,gnnexplainer,0.6,match_ig_baseline,scientific,-1.0577682256698608,-5.167235851287842,-0.8516964316368103,-1.4114946126937866,0.3537263870239258,3.755741238594055,0.5597981810569763,4.109467625617981,0.20607179403305054,3.4020148515701294,0.20607179403305054,735,308,0.5809523809523809,39,16
640,C,3,integrated_gradients,0.6,match_ig_baseline,scientific,-1.0577682256698608,-4.494818210601807,-1.1597570180892944,-1.4114946126937866,0.3537263870239258,3.08332359790802,0.2517375946044922,3.437049984931946,0.1019887924194336,2.7295972108840942,-0.1019887924194336,735,308,0.5809523809523809,39,16
640,C,4,gnnexplainer,0.6,match_ig_baseline,scientific,-1.6062666177749634,-6.316375732421875,-1.6048412322998047,-2.1460978984832764,0.539831280708313,4.170277833938599,0.5412566661834717,4.710109114646912,0.0014253854751586914,3.6304465532302856,0.0014253854751586914,735,308,0.5809523809523809,39,16
640,C,4,integrated_gradients,0.6,match_ig_baseline,scientific,-1.6062666177749634,-4.435057163238525,-1.6372710466384888,-2.1460978984832764,0.539831280708313,2.288959264755249,0.5088268518447876,2.828790545463562,0.03100442886352539,1.749127984046936,-0.03100442886352539,735,308,0.5809523809523809,39,16
640,C,5,gnnexplainer,0.6,match_ig_baseline,scientific,-1.0578246116638184,-4.9905900955200195,-0.6074368953704834,-1.4114511013031006,0.3536264896392822,3.579138994216919,0.8040142059326172,3.932765483856201,0.45038771629333496,3.2255125045776367,0.45038771629333496,735,308,0.5809523809523809,39,16
640,C,5,integrated_gradients,0.6,match_ig_baseline,scientific,-1.0578246116638184,-4.4948039054870605,-1.1597785949707031,-1.4114511013031006,0.3536264896392822,3.08335280418396,0.25167250633239746,3.436979293823242,0.10195398330688477,2.7297263145446777,-0.10195398330688477,735,308,0.5809523809523809,39,16
640,C,6,gnnexplainer,0.6,match_ig_baseline,scientific,-0.47932881116867065,-5.509622097015381,0.09142403304576874,-0.6109034419059753,0.1315746307373047,4.8987186551094055,0.7023274749517441,5.03029328584671,0.5707528442144394,4.767144024372101,0.5707528442144394,735,308,0.5809523809523809,39,16
640,C,6,integrated_gradients,0.6,match_ig_baseline,scientific,-0.47932881116867065,-4.068695068359375,-0.5511140823364258,-0.6109034419059753,0.1315746307373047,3.4577916264533997,0.05978935956954956,3.5893662571907043,0.07178527116775513,3.326216995716095,-0.07178527116775513,735,308,0.5809523809523809,39,16
650,H,0,gnnexplainer,0.6,match_ig_baseline,scientific,-0.034940771758556366,-0.11823424696922302,-0.0029555633664131165,-0.047470711171627045,0.012529939413070679,0.07076353579759598,0.04451514780521393,0.08329347521066666,0.03198520839214325,0.0582335963845253,0.03198520839214325,762,320,0.5800524934383202,33,14
650,H,0,integrated_gradients,0.6,match_ig_baseline,scientific,-0.034940771758556366,-0.06488113850355148,-0.036743052303791046,-0.047470711171627045,0.012529939413070679,0.01741042733192444,0.010727658867835999,0.029940366744995117,0.0018022805452346802,0.00488048791885376,-0.0018022805452346802,762,320,0.5800524934383202,33,14
650,H,1,gnnexplainer,0.6,match_ig_baseline,scientific,-0.06100916862487793,-0.15994611382484436,-0.00846458226442337,-0.0373387411236763,0.02367042750120163,0.12260737270116806,0.02887415885925293,0.09893694519996643,0.05254458636045456,0.09893694519996643,0.0052037313580513,762,320,0.5800524934383202,33,14
650,H,1,integrated_gradients,0.6,match_ig_baseline,scientific,-0.06100916862487793,-0.06407169997692108,-0.058802492916584015,-0.0373387411236763,0.02367042750120163,0.02673295885324478,0.021463751792907715,0.003062531352043152,0.002206675708293915,0.003062531352043152,-0.002206675708293915,762,320,0.5800524934383202,33,14
650,H,2,gnnexplainer,0.6,match_ig_baseline,scientific,-0.024738125503063202,-0.13537204265594482,0.009164154529571533,-0.021102281287312508,0.0036358442157506943,0.11426976136863232,0.03026643581688404,0.11063391715288162,0.033902280032634735,0.11063391715288162,0.026630591601133347,762,320,0.5800524934383202,33,14
650,H,2,integrated_gradients,0.6,match_ig_baseline,scientific,-0.024738125503063202,-0.06491513550281525,-0.027907177805900574,-0.021102281287312508,0.0036358442157506943,0.04381285421550274,0.006804896518588066,0.040177009999752045,0.003169052302837372,0.040177009999752045,0.003169052302837372,762,320,0.5800524934383202,33,14
650,H,3,gnnexplainer,0.6,match_ig_baseline,scientific,-0.10827633738517761,-0.05493653193116188,-0.0961398184299469,-0.09628623723983765,0.011990100145339966,0.041349705308675766,0.00014641880989074707,0.05333980545401573,0.012136518955230713,0.0293596051633358,-0.011843681335449219,762,320,0.5800524934383202,33,14
650,H,3,integrated_gradients,0.6,match_ig_baseline,scientific,-0.10827633738517761,-0.08716267347335815,-0.1063806563615799,-0.09628623723983765,0.011990100145339966,0.009123563766479492,0.010094419121742249,0.021113663911819458,0.0018956810235977173,-0.0028665363788604736,-0.0018956810235977173,762,320,0.5800524934383202,33,14
650,H,4,gnnexplainer,0.6,match_ig_baseline,scientific,-0.05421527847647667,-0.0463646799325943,-0.12150447070598602,-0.1060146912932396,0.051799412816762924,0.059650011360645294,0.01548977941274643,0.00785059854388237,0.06728919222950935,0.00785059854388237,-0.036309633404016495,762,320,0.5800524934383202,33,14
650,H,4,integrated_gradients,0.6,match_ig_baseline,scientific,-0.05421527847647667,-0.08099633455276489,-0.05540640279650688,-0.1060146912932396,0.051799412816762924,0.0250183567404747,0.05060828849673271,0.026781056076288223,0.0011911243200302124,-0.026781056076288223,-0.0011911243200302124,762,320,0.5800524934383202,33,14
650,H,5,gnnexplainer,0.6,match_ig_baseline,scientific,-0.0340970978140831,-0.11305365711450577,-0.011024583131074905,-0.045926790684461594,0.011829692870378494,0.06712686643004417,0.03490220755338669,0.07895655930042267,0.023072514683008194,0.05529717355966568,0.023072514683008194,762,320,0.5800524934383202,33,14
650,H,5,integrated_gradients,0.6,match_ig_baseline,scientific,-0.0340970978140831,-0.0644310861825943,-0.03534173220396042,-0.045926790684461594,0.011829692870378494,0.018504295498132706,0.010585058480501175,0.0303339883685112,0.0012446343898773193,0.006674602627754211,-0.0012446343898773193,762,320,0.5800524934383202,33,14
650,H,6,gnnexplainer,0.6,match_ig_baseline,scientific,-0.023676138371229172,-0.1212073341012001,0.012931562960147858,-0.01910228095948696,0.00457385741174221,0.10210505314171314,0.03203384391963482,0.09753119572997093,0.03660770133137703,0.09753119572997093,0.02745998650789261,762,320,0.5800524934383202,33,14
650,H,6,integrated_gradients,0.6,match_ig_baseline,scientific,-0.023676138371229172,-0.0684720054268837,-0.024917297065258026,-0.01910228095948696,0.00457385741174221,0.049369724467396736,0.005815016105771065,0.044795867055654526,0.0012411586940288544,0.044795867055654526,0.0012411586940288544,762,320,0.5800524934383202,33,14
650,H,7,gnnexplainer,0.6,match_ig_baseline,scientific,-0.05934511870145798,-0.1741901934146881,-0.007708586752414703,-0.03475097194314003,0.024594146758317947,0.13943922147154808,0.027042385190725327,0.11484507471323013,0.051636531949043274,0.11484507471323013,0.002448238432407379,762,320,0.5800524934383202,33,14
650,H,7,integrated_gradients,0.6,match_ig_baseline,scientific,-0.05934511870145798,-0.064056396484375,-0.05666717514395714,-0.03475097194314003,0.024594146758317947,0.02930542454123497,0.021916203200817108,0.004711277782917023,0.0026779435575008392,0.004711277782917023,-0.0026779435575008392,762,320,0.5800524934383202,33,14
650,H,8,gnnexplainer,0.6,match_ig_baseline,scientific,-0.03394071012735367,-0.09394699335098267,-0.009766846895217896,-0.04692678898572922,0.01298607885837555,0.04702020436525345,0.03715994209051132,0.060006283223629,0.024173863232135773,0.0340341255068779,0.024173863232135773,762,320,0.5800524934383202,33,14
650,H,8,integrated_gradients,0.6,match_ig_baseline,scientific,-0.03394071012735367,-0.06606225669384003,-0.03539590165019035,-0.04692678898572922,0.01298607885837555,0.01913546770811081,0.011530887335538864,0.03212154656648636,0.0014551915228366852,0.00614938884973526,-0.0014551915228366852,762,320,0.5800524934383202,33,14
650,H,9,gnnexplainer,0.6,match_ig_baseline,scientific,-0.05895303934812546,-0.13743087649345398,-0.006130088120698929,-0.03479496389627457,0.02415807545185089,0.10263591259717941,0.028664875775575638,0.07847783714532852,0.05282295122742653,0.07847783714532852,0.004506800323724747,762,320,0.5800524934383202,33,14
650,H,9,integrated_gradients,0.6,match_ig_baseline,scientific,-0.05895303934812546,-0.06412053853273392,-0.05630609393119812,-0.03479496389627457,0.02415807545185089,0.02932557463645935,0.021511130034923553,0.0051674991846084595,0.0026469454169273376,0.0051674991846084595,-0.0026469454169273376,762,320,0.5800524934383202,33,14
650,H,10,gnnexplainer,0.6,match_ig_baseline,scientific,-0.023587524890899658,-0.128068208694458,-0.020026087760925293,-0.020102281123399734,0.0034852437674999237,0.10796592757105827,7.619336247444153e-05,0.10448068380355835,0.0035614371299743652,0.10448068380355835,-0.003409050405025482,762,320,0.5800524934383202,33,14
650,H,10,integrated_gradients,0.6,match_ig_baseline,scientific,-0.023587524890899658,-0.06948646157979965,-0.025469142943620682,-0.020102281123399734,0.0034852437674999237,0.04938418045639992,0.005366861820220947,0.045898936688899994,0.0018816180527210236,0.045898936688899994,0.0018816180527210236,762,320,0.5800524934383202,33,14
650,H,11,gnnexplainer,0.6,match_ig_baseline,scientific,-0.10841157287359238,-0.05014871060848236,-0.1487599015235901,-0.09524228423833847,0.013169288635253906,0.04509357362985611,0.05351761728525162,0.058262862265110016,0.04034832864999771,0.0319242849946022,0.04034832864999771,762,320,0.5800524934383202,33,14
650,H,11,integrated_gradients,0.6,match_ig_baseline,scientific,-0.10841157287359238,-0.08141003549098969,-0.10636106878519058,-0.09524228423833847,0.013169288635253906,0.013832248747348785,0.011118784546852112,0.02700153738260269,0.0020505040884017944,0.0006629601120948792,-0.0020505040884017944,762,320,0.5800524934383202,33,14
650,H,12,gnnexplainer,0.6,match_ig_baseline,scientific,-0.05435436591506004,-0.020929977297782898,-0.10676029324531555,-0.10497073829174042,0.050616372376680374,0.08404076099395752,0.0017895549535751343,0.033424388617277145,0.05240592733025551,0.033424388617277145,-0.04882681742310524,762,320,0.5800524934383202,33,14
650,H,12,integrated_gradients,0.6,match_ig_baseline,scientific,-0.05435436591506004,-0.07694742828607559,-0.05499446019530296,-0.10497073829174042,0.050616372376680374,0.028023310005664825,0.049976278096437454,0.02259306237101555,0.0006400942802429199,-0.02259306237101555,-0.0006400942802429199,762,320,0.5800524934383202,33,14
650,H,13,gnnexplainer,0.6,match_ig_baseline,scientific,-0.06090754270553589,-0.14493310451507568,-0.019141092896461487,-0.03579496219754219,0.025112580507993698,0.10913814231753349,0.016653869301080704,0.0840255618095398,0.0417664498090744,0.0840255618095398,-0.008458711206912994,762,320,0.5800524934383202,33,14
650,H,13,integrated_gradients,0.6,match_ig_baseline,scientific,-0.06090754270553589,-0.06403975933790207,-0.05846920609474182,-0.03579496219754219,0.025112580507993698,0.02824479714035988,0.02267424389719963,0.0031322166323661804,0.0024383366107940674,0.0031322166323661804,-0.0024383366107940674,762,320,0.5800524934383202,33,14
650,H,14,gnnexplainer,0.6,match_ig_baseline,scientific,-0.03507107496261597,-0.11589982360601425,0.0007783100008964539,-0.04792679101228714,0.012855716049671173,0.06797303259372711,0.048705101013183594,0.08082874864339828,0.03584938496351242,0.05511731654405594,0.03584938496351242,762,320,0.5800524934383202,33,14
650,H,14,integrated_gradients,0.6,match_ig_baseline,scientific,-0.03507107496261597,-0.0652225911617279,-0.03567357733845711,-0.04792679101228714,0.012855716049671173,0.017295800149440765,0.012253213673830032,0.03015151619911194,0.0006025023758411407,0.004440084099769592,-0.0006025023758411407,762,320,0.5800524934383202,33,14
650,H,15,gnnexplainer,0.6,match_ig_baseline,scientific,-0.024672776460647583,-0.1185750812292099,0.00929781049489975,-0.01910228095948696,0.005570495501160622,0.09947280026972294,0.02840009145438671,0.09390230476856232,0.03397058695554733,0.09390230476856232,0.02282959595322609,762,320,0.5800524934383202,33,14
650,H,15,integrated_gradients,0.6,match_ig_baseline,scientific,-0.024672776460647583,-0.06889160722494125,-0.024923987686634064,-0.01910228095948696,0.005570495501160622,0.04978932626545429,0.005821706727147102,0.04421883076429367,0.0002512112259864807,0.04421883076429367,0.0002512112259864807,762,320,0.5800524934383202,33,14
650,C,0,gnnexplainer,0.6,match_ig_baseline,scientific,-0.6039972305297852,-4.688967227935791,0.01741163432598114,-0.7945148944854736,0.19051766395568848,3.8944523334503174,0.8119265288114548,4.084969997406006,0.6214088648557663,3.703934669494629,0.6214088648557663,762,320,0.5800524934383202,39,16
650,C,0,integrated_gradients,0.6,match_ig_baseline,scientific,-0.6039972305297852,-3.9977002143859863,-0.6930285096168518,-0.7945148944854736,0.19051766395568848,3.2031853199005127,0.10148638486862183,3.393702983856201,0.08903127908706665,3.012667655944824,-0.08903127908706665,762,320,0.5800524934383202,39,16
650,C,1,gnnexplainer,0.6,match_ig_baseline,scientific,-0.9427768588066101,-5.772706508636475,-0.3520701229572296,-1.2854688167572021,0.34269195795059204,4.4872376918792725,0.9333986937999725,4.8299296498298645,0.5907067358493805,4.14454573392868,0.5907067358493805,762,320,0.5800524934383202,39,16
650,C,1,integrated_gradients,0.6,match_ig_baseline,scientific,-0.9427768588066101,-4.382172107696533,-0.9390254616737366,-1.2854688167572021,0.34269195795059204,3.096703290939331,0.3464433550834656,3.439395248889923,0.003751397132873535,2.754011332988739,0.003751397132873535,762,320,0.5800524934383202,39,16
650,C,2,gnnexplainer,0.6,match_ig_baseline,scientific,-0.6430948376655579,-4.895967960357666,-0.11155492067337036,-0.7869271636009216,0.14383232593536377,4.109040796756744,0.6753722429275513,4.252873122692108,0.5315399169921875,3.9652084708213806,0.5315399169921875,762,320,0.5800524934383202,39,16
650,C,2,integrated_gradients,0.6,match_ig_baseline,scientific,-0.6430948376655579,-3.899390459060669,-0.6703024506568909,-0.7869271636009216,0.14383232593536377,3.1124632954597473,0.11662471294403076,3.256295621395111,0.027207612991333008,2.9686309695243835,-0.027207612991333008,762,320,0.5800524934383202,39,16
650,C,3,gnnexplainer,0.6,match_ig_baseline,scientific,-0.6416166424751282,-4.756394863128662,0.07696335017681122,-0.7869707942008972,0.14535415172576904,3.969424068927765,0.8639341443777084,4.114778220653534,0.7185799926519394,3.824069917201996,0.7185799926519394,762,320,0.5800524934383202,39,16
650,C,3,integrated_gradients,0.6,match_ig_baseline,scientific,-0.6416166424751282,-3.897946834564209,-0.6686694622039795,-0.7869707942008972,0.14535415172576904,3.1109760403633118,0.11830133199691772,3.256330192089081,0.02705281972885132,2.9656218886375427,-0.02705281972885132,762,320,0.5800524934383202,39,16
650,C,4,gnnexplainer,0.6,match_ig_baseline,scientific,-0.942050039768219,-5.782203674316406,-0.3948919177055359,-1.282924771308899,0.34087473154067993,4.499278903007507,0.888032853603363,4.840153634548187,0.5471581220626831,4.158404171466827,0.5471581220626831,762,320,0.5800524934383202,39,16
650,C,4,integrated_gradients,0.6,match_ig_baseline,scientific,-0.942050039768219,-4.381723403930664,-0.9391598105430603,-1.282924771308899,0.34087473154067993,3.098798632621765,0.3437649607658386,3.439673364162445,0.0028902292251586914,2.757923901081085,0.0028902292251586914,762,320,0.5800524934383202,39,16
650,C,5,gnnexplainer,0.6,match_ig_baseline,scientific,-0.60410076379776,-5.039650917053223,0.004530161619186401,-0.7939702272415161,0.1898694634437561,4.2456806898117065,0.7985003888607025,4.435550153255463,0.6086309254169464,4.05581122636795,0.6086309254169464,762,320,0.5800524934383202,39,16
650,C,5,integrated_gradients,0.6,match_ig_baseline,scientific,-0.60410076379776,-3.9980931282043457,-0.6933698654174805,-0.7939702272415161,0.1898694634437561,3.2041229009628296,0.10060036182403564,3.3939923644065857,0.08926910161972046,3.0142534375190735,-0.08926910161972046,762,320,0.5800524934383202,39,16
740,H,1,gnnexplainer,0.6,match_ig_baseline,scientific,-0.026137936860322952,-0.14410516619682312,0.05978729575872421,0.03481113538146019,0.06094907224178314,0.1789163015782833,0.024976160377264023,0.11796722933650017,0.08592523261904716,0.11796722933650017,-0.03597291186451912,561,237,0.5775401069518716,33,14
740,H,2,gnnexplainer,0.6,match_ig_baseline,scientific,-0.04452488198876381,-0.13542595505714417,-0.0015645325183868408,-0.0694003626704216,0.02487548068165779,0.06602559238672256,0.06783583015203476,0.09090107306838036,0.04296034947037697,0.041150111705064774,0.04296034947037697,561,237,0.5775401069518716,33,14
740,H,3,gnnexplainer,0.6,match_ig_baseline,scientific,-0.04864649474620819,-0.08041990548372269,0.012371174991130829,-0.03524171933531761,0.01340477541089058,0.045178186148405075,0.04761289432644844,0.031773410737514496,0.06101766973733902,0.031773410737514496,0.03420811891555786,561,237,0.5775401069518716,33,14
740,H,4,gnnexplainer,0.6,match_ig_baseline,scientific,-0.044288262724876404,-0.12891703844070435,0.013615414500236511,-0.06663717329502106,0.022348910570144653,0.06227986514568329,0.08025258779525757,0.08462877571582794,0.057903677225112915,0.039930954575538635,0.057903677225112915,561,237,0.5775401069518716,33,14
740,H,5,gnnexplainer,0.6,match_ig_baseline,scientific,-0.02385552227497101,-0.10765717923641205,0.06499268859624863,0.03422334045171738,0.058078862726688385,0.14188051968812943,0.03076934814453125,0.08380165696144104,0.08884821087121964,0.08380165696144104,-0.027309514582157135,561,237,0.5775401069518716,33,14
740,H,6,gnnexplainer,0.6,match_ig_baseline,scientific,-0.046978406608104706,-0.09719134867191315,0.009548090398311615,-0.03061004728078842,0.016368359327316284,0.06658130139112473,0.04015813767910004,0.05021294206380844,0.05652649700641632,0.05021294206380844,0.023789778351783752,561,237,0.5775401069518716,33,14
740,H,9,gnnexplainer,0.6,match_ig_baseline,scientific,-0.04696982726454735,-0.02546674758195877,-0.07943789660930634,-0.11217248439788818,0.06520265713334084,0.08670573681592941,0.03273458778858185,0.021503079682588577,0.03246806934475899,0.021503079682588577,-0.03246806934475899,561,237,0.5775401069518716,33,14
740,H,10,gnnexplainer,0.6,match_ig_baseline,scientific,-0.046655893325805664,0.0004324689507484436,-0.14758923649787903,-0.10799708962440491,0.06134119629859924,0.10842955857515335,0.03959214687347412,0.04708836227655411,0.10093334317207336,0.04708836227655411,-0.021749049425125122,561,237,0.5775401069518716,33,14
740,H,11,gnnexplainer,0.6,match_ig_baseline,scientific,-0.03764323145151138,-0.11507309228181839,-0.0052139610052108765,0.028855061158537865,0.06649829261004925,0.14392815344035625,0.03406902216374874,0.077429860830307,0.03242927044630051,0.077429860830307,-0.03242927044630051,561,237,0.5775401069518716,33,14
740,C,0,gnnexplainer,0.6,match_ig_baseline,scientific,0.018430694937705994,-6.244807243347168,0.49310094118118286,0.41184088587760925,0.39341019093990326,6.656648129224777,0.08126005530357361,6.263237938284874,0.47467024624347687,6.263237938284874,-0.31215013563632965,561,237,0.5775401069518716,39,16
740,C,1,gnnexplainer,0.6,match_ig_baseline,scientific,0.007801875472068787,-5.445974349975586,0.532090425491333,0.3751834034919739,0.3673815280199051,5.82115775346756,0.15690702199935913,5.453776225447655,0.5242885500192642,5.453776225447655,-0.21047450602054596,561,237,0.5775401069518716,39,16
740,C,2,gnnexplainer,0.6,match_ig_baseline,scientific,-0.3508378267288208,-5.406388759613037,0.5297068953514099,0.5169197916984558,0.8677576184272766,5.923308551311493,0.012787103652954102,5.055550932884216,0.8805447220802307,5.055550932884216,-0.8549705147743225,561,237,0.5775401069518716,39,16
