graph_idx,node_type,node_idx,method,sparsity_target,mask_baseline_mode,ig_baseline_mode,pred_orig,pred_drop,pred_keep,target,error_orig,error_drop,error_keep,fid_plus_model,fid_minus_model,fid_plus_error_delta,fid_minus_error_delta,n_features,k_features,actual_sparsity_feat,n_features_target,k_features_target
50,H,0,gnnexplainer,0.9,zero,scientific,-0.18866461515426636,-0.1033366471529007,-0.23679253458976746,-0.18572446703910828,0.002940148115158081,0.08238781988620758,0.05106806755065918,0.08532796800136566,0.0481279194355011,0.0794476717710495,0.0481279194355011,498,56,0.8875502008032129,33,4
50,H,0,integrated_gradients,0.9,zero,scientific,-0.18866461515426636,-0.11377871781587601,-0.18465310335159302,-0.18572446703910828,0.002940148115158081,0.07194574922323227,0.0010713636875152588,0.07488589733839035,0.00401151180267334,0.06900560110807419,-0.0018687844276428223,498,56,0.8875502008032129,33,4
50,H,1,gnnexplainer,0.9,zero,scientific,-0.19408667087554932,-0.13191606104373932,-0.18692806363105774,-0.1745053380727768,0.019581332802772522,0.042589277029037476,0.012422725558280945,0.06217060983181,0.007158607244491577,0.023007944226264954,-0.007158607244491577,498,56,0.8875502008032129,33,4
50,H,1,integrated_gradients,0.9,zero,scientific,-0.19408667087554932,-0.12289299070835114,-0.1645016372203827,-0.1745053380727768,0.019581332802772522,0.05161234736442566,0.010003700852394104,0.07119368016719818,0.029585033655166626,0.03203101456165314,-0.009577631950378418,498,56,0.8875502008032129,33,4
50,H,2,gnnexplainer,0.9,zero,scientific,-0.13721123337745667,-0.083017997443676,-0.14509382843971252,-0.1240059956908226,0.013205237686634064,0.040987998247146606,0.021087832748889923,0.05419323593378067,0.00788259506225586,0.027782760560512543,0.00788259506225586,498,56,0.8875502008032129,33,4
50,H,2,integrated_gradients,0.9,zero,scientific,-0.13721123337745667,-0.12910115718841553,-0.13082635402679443,-0.1240059956908226,0.013205237686634064,0.005095161497592926,0.006820358335971832,0.008110076189041138,0.0063848793506622314,-0.008110076189041138,-0.0063848793506622314,498,56,0.8875502008032129,33,4
50,H,3,gnnexplainer,0.9,zero,scientific,-0.06269896030426025,-0.08270490169525146,-0.0829213559627533,-0.029461706057190895,0.03323725424706936,0.05324319563806057,0.0534596499055624,0.02000594139099121,0.020222395658493042,0.02000594139099121,0.020222395658493042,498,56,0.8875502008032129,33,4
50,H,3,integrated_gradients,0.9,zero,scientific,-0.06269896030426025,-0.0920804888010025,-0.09183107316493988,-0.029461706057190895,0.03323725424706936,0.06261878274381161,0.062369367107748985,0.02938152849674225,0.029132112860679626,0.02938152849674225,0.029132112860679626,498,56,0.8875502008032129,33,4
50,H,4,gnnexplainer,0.9,zero,scientific,-0.05592544749379158,-0.02714790776371956,-0.19030362367630005,-0.08866342157125473,0.03273797407746315,0.06151551380753517,0.10164020210504532,0.02877753973007202,0.13437817618250847,0.02877753973007202,0.06890222802758217,498,56,0.8875502008032129,33,4
50,H,4,integrated_gradients,0.9,zero,scientific,-0.05592544749379158,-0.08327879011631012,-0.09460680186748505,-0.08866342157125473,0.03273797407746315,0.005384631454944611,0.005943380296230316,0.02735334262251854,0.038681354373693466,-0.02735334262251854,-0.026794593781232834,498,56,0.8875502008032129,33,4
50,H,5,gnnexplainer,0.9,zero,scientific,-0.08462868630886078,-0.16562585532665253,-0.06663365662097931,-0.06410186737775803,0.020526818931102753,0.1015239879488945,0.002531789243221283,0.08099716901779175,0.01799502968788147,0.08099716901779175,-0.01799502968788147,498,56,0.8875502008032129,33,4
50,H,5,integrated_gradients,0.9,zero,scientific,-0.08462868630886078,-0.06996054947376251,-0.10488736629486084,-0.06410186737775803,0.020526818931102753,0.005858682096004486,0.040785498917102814,0.014668136835098267,0.02025867998600006,-0.014668136835098267,0.02025867998600006,498,56,0.8875502008032129,33,4
50,H,6,gnnexplainer,0.9,zero,scientific,-0.33054494857788086,-0.25295063853263855,-0.2404150366783142,-0.3011716902256012,0.029373258352279663,0.048221051692962646,0.06075665354728699,0.07759431004524231,0.09012991189956665,0.018847793340682983,0.031383395195007324,498,56,0.8875502008032129,33,4
50,H,6,integrated_gradients,0.9,zero,scientific,-0.33054494857788086,-0.16647031903266907,-0.23968973755836487,-0.3011716902256012,0.029373258352279663,0.13470137119293213,0.06148195266723633,0.1640746295452118,0.09085521101951599,0.10532811284065247,0.032108694314956665,498,56,0.8875502008032129,33,4
50,H,7,gnnexplainer,0.9,zero,scientific,-0.3257949948310852,-0.3521474003791809,-0.19776663184165955,-0.362988144159317,0.03719314932823181,0.010840743780136108,0.16522151231765747,0.026352405548095703,0.12802836298942566,-0.026352405548095703,0.12802836298942566,498,56,0.8875502008032129,33,4
50,H,7,integrated_gradients,0.9,zero,scientific,-0.3257949948310852,-0.20805761218070984,-0.24256575107574463,-0.362988144159317,0.03719314932823181,0.15493053197860718,0.12042239308357239,0.11773738265037537,0.08322924375534058,0.11773738265037537,0.08322924375534058,498,56,0.8875502008032129,33,4
50,C,0,gnnexplainer,0.9,zero,scientific,-3.4731967449188232,-1.9357163906097412,-6.1559977531433105,-3.638505220413208,0.16530847549438477,1.7027888298034668,2.5174925327301025,1.537480354309082,2.6828010082244873,1.537480354309082,2.3521840572357178,498,56,0.8875502008032129,39,4
50,C,0,integrated_gradients,0.9,zero,scientific,-3.4731967449188232,-5.5222601890563965,-2.9103612899780273,-3.638505220413208,0.16530847549438477,1.8837549686431885,0.7281439304351807,2.0490634441375732,0.5628354549407959,1.7184464931488037,0.5628354549407959,498,56,0.8875502008032129,39,4
50,C,1,gnnexplainer,0.9,zero,scientific,-2.626781463623047,-2.8902440071105957,-4.83723783493042,-2.7032065391540527,0.07642507553100586,0.18703746795654297,2.134031295776367,0.26346254348754883,2.210456371307373,0.11061239242553711,2.0576062202453613,498,56,0.8875502008032129,39,4
50,C,1,integrated_gradients,0.9,zero,scientific,-2.626781463623047,-5.2554030418396,-2.218468189239502,-2.7032065391540527,0.07642507553100586,2.552196502685547,0.4847383499145508,2.6286215782165527,0.4083132743835449,2.475771427154541,0.4083132743835449,498,56,0.8875502008032129,39,4
50,C,2,gnnexplainer,0.9,zero,scientific,-2.6187326908111572,-2.075173854827881,-6.163318634033203,-3.0836172103881836,0.46488451957702637,1.0084433555603027,3.0797014236450195,0.5435588359832764,3.544585943222046,0.5435588359832764,2.614816904067993,498,56,0.8875502008032129,39,4
50,C,2,integrated_gradients,0.9,zero,scientific,-2.6187326908111572,-5.963488578796387,-2.1789638996124268,-3.0836172103881836,0.46488451957702637,2.879871368408203,0.9046533107757568,3.3447558879852295,0.43976879119873047,2.4149868488311768,0.43976879119873047,498,56,0.8875502008032129,39,4
50,C,3,gnnexplainer,0.9,zero,scientific,-12.352452278137207,-11.567774772644043,-6.738496780395508,-11.829119682312012,0.5233325958251953,0.26134490966796875,5.090622901916504,0.7846775054931641,5.613955497741699,-0.26198768615722656,4.567290306091309,498,56,0.8875502008032129,39,4
50,C,3,integrated_gradients,0.9,zero,scientific,-12.352452278137207,-5.875448703765869,-10.79360294342041,-11.829119682312012,0.5233325958251953,5.953670978546143,1.0355167388916016,6.477003574371338,1.5588493347167969,5.430338382720947,0.5121841430664062,498,56,0.8875502008032129,39,4
50,C,4,gnnexplainer,0.9,zero,scientific,-12.56570053100586,-11.581937789916992,-6.415452480316162,-12.671215057373047,0.1055145263671875,1.0892772674560547,6.255762577056885,0.9837627410888672,6.150248050689697,0.9837627410888672,6.150248050689697,498,56,0.8875502008032129,39,4
50,C,4,integrated_gradients,0.9,zero,scientific,-12.56570053100586,-6.496756076812744,-10.337766647338867,-12.671215057373047,0.1055145263671875,6.174458980560303,2.3334484100341797,6.068944454193115,2.227933883666992,6.068944454193115,2.227933883666992,498,56,0.8875502008032129,39,4
50,C,5,gnnexplainer,0.9,zero,scientific,-1.2540905475616455,-1.8975396156311035,-3.5322673320770264,-1.9315294027328491,0.6774388551712036,0.033989787101745605,1.6007379293441772,0.643449068069458,2.278176784515381,-0.643449068069458,0.9232990741729736,498,56,0.8875502008032129,39,4
50,C,5,integrated_gradients,0.9,zero,scientific,-1.2540905475616455,-3.894479990005493,-1.4814797639846802,-1.9315294027328491,0.6774388551712036,1.962950587272644,0.45004963874816895,2.6403894424438477,0.22738921642303467,1.2855117321014404,-0.22738921642303467,498,56,0.8875502008032129,39,4
170,H,0,gnnexplainer,0.9,zero,scientific,-0.08065252006053925,-0.11437970399856567,-0.04014395922422409,-0.026961499825119972,0.05369102023541927,0.0874182041734457,0.013182459399104118,0.03372718393802643,0.040508560836315155,0.03372718393802643,-0.040508560836315155,662,76,0.8851963746223565,33,4
170,H,0,integrated_gradients,0.9,zero,scientific,-0.08065252006053925,-0.04504282772541046,-0.08578696101903915,-0.026961499825119972,0.05369102023541927,0.01808132790029049,0.05882546119391918,0.035609692335128784,0.0051344409584999084,-0.035609692335128784,0.0051344409584999084,662,76,0.8851963746223565,33,4
170,H,1,gnnexplainer,0.9,zero,scientific,-0.08064423501491547,-0.11952261626720428,-0.03889254480600357,-0.027961499989032745,0.05268273502588272,0.09156111627817154,0.010931044816970825,0.03887838125228882,0.041751690208911896,0.03887838125228882,-0.041751690208911896,662,76,0.8851963746223565,33,4
170,H,1,integrated_gradients,0.9,zero,scientific,-0.08064423501491547,-0.04504615068435669,-0.0857815220952034,-0.027961499989032745,0.05268273502588272,0.017084650695323944,0.057820022106170654,0.03559808433055878,0.005137287080287933,-0.03559808433055878,0.005137287080287933,662,76,0.8851963746223565,33,4
170,H,2,gnnexplainer,0.9,zero,scientific,-0.08063553273677826,-0.10941723734140396,-0.03511230647563934,-0.027961499989032745,0.052674032747745514,0.08145573735237122,0.007150806486606598,0.028781704604625702,0.045523226261138916,0.028781704604625702,-0.045523226261138916,662,76,0.8851963746223565,33,4
170,H,2,integrated_gradients,0.9,zero,scientific,-0.08063553273677826,-0.04503799229860306,-0.08578191697597504,-0.027961499989032745,0.052674032747745514,0.017076492309570312,0.05782041698694229,0.0355975404381752,0.005146384239196777,-0.0355975404381752,0.005146384239196777,662,76,0.8851963746223565,33,4
170,H,3,gnnexplainer,0.9,zero,scientific,-0.08062697947025299,-0.10217144340276718,-0.029986068606376648,-0.026961499825119972,0.05366547964513302,0.07520994357764721,0.0030245687812566757,0.02154446393251419,0.05064091086387634,0.02154446393251419,-0.05064091086387634,662,76,0.8851963746223565,33,4
170,H,3,integrated_gradients,0.9,zero,scientific,-0.08062697947025299,-0.04504256695508957,-0.08577572554349899,-0.026961499825119972,0.05366547964513302,0.018081067129969597,0.05881422571837902,0.03558441251516342,0.005148746073246002,-0.03558441251516342,0.005148746073246002,662,76,0.8851963746223565,33,4
170,H,4,gnnexplainer,0.9,zero,scientific,-0.07791470736265182,-0.10341539978981018,-0.051729731261730194,-0.027961499989032745,0.04995320737361908,0.07545389980077744,0.02376823127269745,0.025500692427158356,0.02618497610092163,0.025500692427158356,-0.02618497610092163,662,76,0.8851963746223565,33,4
170,H,4,integrated_gradients,0.9,zero,scientific,-0.07791470736265182,-0.06127466633915901,-0.07931175827980042,-0.027961499989032745,0.04995320737361908,0.033313166350126266,0.05135025829076767,0.016640041023492813,0.00139705091714859,-0.016640041023492813,0.00139705091714859,662,76,0.8851963746223565,33,4
170,H,5,gnnexplainer,0.9,zero,scientific,-0.07790467888116837,-0.11480733752250671,-0.0424761101603508,-0.026961499825119972,0.05094317905604839,0.08784583769738674,0.015514610335230827,0.03690265864133835,0.035428568720817566,0.03690265864133835,-0.035428568720817566,662,76,0.8851963746223565,33,4
170,H,5,integrated_gradients,0.9,zero,scientific,-0.07790467888116837,-0.061274368315935135,-0.07930449396371841,-0.026961499825119972,0.05094317905604839,0.03431286849081516,0.05234299413859844,0.01663031056523323,0.0013998150825500488,-0.01663031056523323,0.0013998150825500488,662,76,0.8851963746223565,33,4
170,H,6,gnnexplainer,0.9,zero,scientific,-0.07790350168943405,-0.11654362827539444,-0.059315502643585205,-0.026961499825119972,0.05094200186431408,0.08958212845027447,0.03235400281846523,0.03864012658596039,0.018587999045848846,0.03864012658596039,-0.018587999045848846,662,76,0.8851963746223565,33,4
170,H,6,integrated_gradients,0.9,zero,scientific,-0.07790350168943405,-0.06126754730939865,-0.07932363450527191,-0.026961499825119972,0.05094200186431408,0.03430604748427868,0.05236213468015194,0.0166359543800354,0.00142013281583786,-0.0166359543800354,0.00142013281583786,662,76,0.8851963746223565,33,4
170,H,7,gnnexplainer,0.9,zero,scientific,-0.07790827751159668,-0.09624685347080231,-0.04521491006016731,-0.02896150015294552,0.04894677735865116,0.06728535331785679,0.016253409907221794,0.018338575959205627,0.03269336745142937,0.018338575959205627,-0.03269336745142937,662,76,0.8851963746223565,33,4
170,H,7,integrated_gradients,0.9,zero,scientific,-0.07790827751159668,-0.06127768009901047,-0.07932363450527191,-0.02896150015294552,0.04894677735865116,0.03231617994606495,0.05036213435232639,0.016630597412586212,0.001415356993675232,-0.016630597412586212,0.001415356993675232,662,76,0.8851963746223565,33,4
170,H,8,gnnexplainer,0.9,zero,scientific,-0.07964935898780823,-0.10569126158952713,-0.027956489473581314,-0.02691764011979103,0.0527317188680172,0.0787736214697361,0.0010388493537902832,0.026041902601718903,0.05169286951422691,0.026041902601718903,-0.05169286951422691,662,76,0.8851963746223565,33,4
170,H,8,integrated_gradients,0.9,zero,scientific,-0.07964935898780823,-0.044697269797325134,-0.08621878176927567,-0.02691764011979103,0.0527317188680172,0.017779629677534103,0.059301141649484634,0.03495208919048309,0.006569422781467438,-0.03495208919048309,0.006569422781467438,662,76,0.8851963746223565,33,4
170,H,9,gnnexplainer,0.9,zero,scientific,-0.0796414166688919,-0.11182241886854172,-0.04985852539539337,-0.025917639955878258,0.05372377671301365,0.08590477891266346,0.023940885439515114,0.03218100219964981,0.029782891273498535,0.03218100219964981,-0.029782891273498535,662,76,0.8851963746223565,33,4
170,H,9,integrated_gradients,0.9,zero,scientific,-0.0796414166688919,-0.044686246663331985,-0.08622411638498306,-0.025917639955878258,0.05372377671301365,0.018768606707453728,0.060306476429104805,0.03495517000555992,0.006582699716091156,-0.03495517000555992,0.006582699716091156,662,76,0.8851963746223565,33,4
170,H,10,gnnexplainer,0.9,zero,scientific,-0.07964157313108444,-0.09608400613069534,-0.03681553900241852,-0.025917639955878258,0.053723933175206184,0.07016636617481709,0.01089789904654026,0.0164424329996109,0.042826034128665924,0.0164424329996109,-0.042826034128665924,662,76,0.8851963746223565,33,4
170,H,10,integrated_gradients,0.9,zero,scientific,-0.07964157313108444,-0.044696297496557236,-0.08621391654014587,-0.025917639955878258,0.053723933175206184,0.018778657540678978,0.060296276584267616,0.034945275634527206,0.006572343409061432,-0.034945275634527206,0.006572343409061432,662,76,0.8851963746223565,33,4
170,H,11,gnnexplainer,0.9,zero,scientific,-0.07965811342000961,-0.09635376185178757,-0.044574543833732605,-0.02896150015294552,0.050696613267064095,0.06739226169884205,0.015613043680787086,0.016695648431777954,0.03508356958627701,0.016695648431777954,-0.03508356958627701,662,76,0.8851963746223565,33,4
170,H,11,integrated_gradients,0.9,zero,scientific,-0.07965811342000961,-0.04469814896583557,-0.08622336387634277,-0.02896150015294552,0.050696613267064095,0.015736648812890053,0.057261863723397255,0.03495996445417404,0.00656525045633316,-0.03495996445417404,0.00656525045633316,662,76,0.8851963746223565,33,4
170,C,0,gnnexplainer,0.9,zero,scientific,-2.0284276008605957,-3.6589088439941406,-1.867870569229126,-2.175614595413208,0.1471869945526123,1.4832942485809326,0.30774402618408203,1.630481243133545,0.16055703163146973,1.3361072540283203,0.16055703163146973,662,76,0.8851963746223565,39,4
170,C,0,integrated_gradients,0.9,zero,scientific,-2.0284276008605957,-3.256077289581299,-1.8837344646453857,-2.175614595413208,0.1471869945526123,1.0804626941680908,0.29188013076782227,1.2276496887207031,0.14469313621520996,0.9332756996154785,0.14469313621520996,662,76,0.8851963746223565,39,4
170,C,1,gnnexplainer,0.9,zero,scientific,-2.0285582542419434,-2.748772621154785,-2.492152690887451,-2.1761586666107178,0.14760041236877441,0.5726139545440674,0.3159940242767334,0.7202143669128418,0.4635944366455078,0.42501354217529297,0.16839361190795898,662,76,0.8851963746223565,39,4
170,C,1,integrated_gradients,0.9,zero,scientific,-2.0285582542419434,-3.2559890747070312,-1.8837345838546753,-2.1761586666107178,0.14760041236877441,1.0798304080963135,0.2924240827560425,1.227430820465088,0.14482367038726807,0.9322299957275391,0.14482367038726807,662,76,0.8851963746223565,39,4
170,C,2,gnnexplainer,0.9,zero,scientific,-2.1927924156188965,-2.822800874710083,-2.822673797607422,-2.1926145553588867,0.00017786026000976562,0.6301863193511963,0.6300592422485352,0.6300084590911865,0.6298813819885254,0.6300084590911865,0.6298813819885254,662,76,0.8851963746223565,39,4
170,C,2,integrated_gradients,0.9,zero,scientific,-2.1927924156188965,-3.2653369903564453,-1.9918805360794067,-2.1926145553588867,0.00017786026000976562,1.0727224349975586,0.20073401927947998,1.0725445747375488,0.20091187953948975,1.0725445747375488,0.20055615901947021,662,76,0.8851963746223565,39,4
170,C,3,gnnexplainer,0.9,zero,scientific,-2.1926939487457275,-2.9942173957824707,-2.1825380325317383,-2.179614543914795,0.013079404830932617,0.8146028518676758,0.0029234886169433594,0.8015234470367432,0.010155916213989258,0.8015234470367432,-0.010155916213989258,662,76,0.8851963746223565,39,4
170,C,3,integrated_gradients,0.9,zero,scientific,-2.1926939487457275,-3.1366591453552246,-2.0612552165985107,-2.179614543914795,0.013079404830932617,0.9570446014404297,0.11835932731628418,0.9439651966094971,0.1314387321472168,0.9439651966094971,0.10527992248535156,662,76,0.8851963746223565,39,4
170,C,4,gnnexplainer,0.9,zero,scientific,-2.0527212619781494,-3.2105672359466553,-2.212106943130493,-2.1881580352783203,0.1354367733001709,1.022409200668335,0.02394890785217285,1.1578459739685059,0.15938568115234375,0.8869724273681641,-0.11148786544799805,662,76,0.8851963746223565,39,4
170,C,4,integrated_gradients,0.9,zero,scientific,-2.0527212619781494,-3.250579357147217,-1.893131971359253,-2.1881580352783203,0.1354367733001709,1.0624213218688965,0.2950260639190674,1.1978580951690674,0.15958929061889648,0.9269845485687256,0.15958929061889648,662,76,0.8851963746223565,39,4
170,C,5,gnnexplainer,0.9,zero,scientific,-2.0526702404022217,-2.301964044570923,-2.195948362350464,-2.174614429473877,0.12194418907165527,0.1273496150970459,0.021333932876586914,0.24929380416870117,0.1432781219482422,0.005405426025390625,-0.10061025619506836,662,76,0.8851963746223565,39,4
170,C,5,integrated_gradients,0.9,zero,scientific,-2.0526702404022217,-3.250580072402954,-1.8931571245193481,-2.174614429473877,0.12194418907165527,1.0759656429290771,0.2814573049545288,1.1979098320007324,0.15951311588287354,0.9540214538574219,0.15951311588287354,662,76,0.8851963746223565,39,4
270,H,0,gnnexplainer,0.9,zero,scientific,-0.06326740980148315,-0.1272863745689392,-0.07320764660835266,-0.04426804184913635,0.018999367952346802,0.08301833271980286,0.02893960475921631,0.06401896476745605,0.009940236806869507,0.06401896476745605,0.009940236806869507,370,42,0.8864864864864865,33,4
270,H,0,integrated_gradients,0.9,zero,scientific,-0.06326740980148315,-0.11218540370464325,-0.11941401660442352,-0.04426804184913635,0.018999367952346802,0.0679173618555069,0.07514597475528717,0.048917993903160095,0.05614660680294037,0.048917993903160095,0.05614660680294037,370,42,0.8864864864864865,33,4
270,H,1,gnnexplainer,0.9,zero,scientific,-0.06325238198041916,-0.20463719964027405,-0.09226348996162415,-0.04426804184913635,0.018984340131282806,0.1603691577911377,0.04799544811248779,0.1413848176598549,0.029011107981204987,0.1413848176598549,0.029011107981204987,370,42,0.8864864864864865,33,4
270,H,1,integrated_gradients,0.9,zero,scientific,-0.06325238198041916,-0.11219251900911331,-0.11940230429172516,-0.04426804184913635,0.018984340131282806,0.06792447715997696,0.0751342624425888,0.04894013702869415,0.056149922311306,0.04894013702869415,0.056149922311306,370,42,0.8864864864864865,33,4
270,H,2,gnnexplainer,0.9,zero,scientific,-0.11182482540607452,-0.08328476548194885,-0.1337459683418274,-0.1254609227180481,0.013636097311973572,0.04217615723609924,0.008285045623779297,0.02854005992412567,0.02192114293575287,0.02854005992412567,-0.005351051688194275,370,42,0.8864864864864865,33,4
270,H,2,integrated_gradients,0.9,zero,scientific,-0.11182482540607452,-0.0676737129688263,-0.1775791347026825,-0.1254609227180481,0.013636097311973572,0.0577872097492218,0.0521182119846344,0.04415111243724823,0.06575430929660797,0.04415111243724823,0.03848211467266083,370,42,0.8864864864864865,33,4
270,H,3,gnnexplainer,0.9,zero,scientific,-0.11181138455867767,-0.07394149899482727,-0.14812198281288147,-0.12491703033447266,0.013105645775794983,0.050975531339645386,0.023204952478408813,0.0378698855638504,0.036310598254203796,0.0378698855638504,0.01009930670261383,370,42,0.8864864864864865,33,4
270,H,3,integrated_gradients,0.9,zero,scientific,-0.11181138455867767,-0.06061822175979614,-0.1900179386138916,-0.12491703033447266,0.013105645775794983,0.06429880857467651,0.06510090827941895,0.05119316279888153,0.07820655405521393,0.05119316279888153,0.05199526250362396,370,42,0.8864864864864865,33,4
270,H,4,gnnexplainer,0.9,zero,scientific,-0.11182227730751038,-0.06654351949691772,-0.15449517965316772,-0.12646092474460602,0.014638647437095642,0.05991740524768829,0.028034254908561707,0.04527875781059265,0.04267290234565735,0.04527875781059265,0.013395607471466064,370,42,0.8864864864864865,33,4
270,H,4,integrated_gradients,0.9,zero,scientific,-0.11182227730751038,-0.06767474859952927,-0.17757976055145264,-0.12646092474460602,0.014638647437095642,0.05878617614507675,0.05111883580684662,0.04414752870798111,0.06575748324394226,0.04414752870798111,0.03648018836975098,370,42,0.8864864864864865,33,4
270,H,5,gnnexplainer,0.9,zero,scientific,-0.11181676387786865,-0.058342233300209045,-0.15300896763801575,-0.12591703236103058,0.014100268483161926,0.06757479906082153,0.02709193527698517,0.05347453057765961,0.041192203760147095,0.05347453057765961,0.012991666793823242,370,42,0.8864864864864865,33,4
270,H,5,integrated_gradients,0.9,zero,scientific,-0.11181676387786865,-0.06061789020895958,-0.19002410769462585,-0.12591703236103058,0.014100268483161926,0.065299142152071,0.06410707533359528,0.05119887366890907,0.0782073438167572,0.05119887366890907,0.05000680685043335,370,42,0.8864864864864865,33,4
270,C,0,gnnexplainer,0.9,zero,scientific,-0.8327508568763733,-3.0528311729431152,-3.391087055206299,-0.4850490391254425,0.3477018177509308,2.5677821338176727,2.9060380160808563,2.220080316066742,2.5583361983299255,2.220080316066742,2.5583361983299255,370,42,0.8864864864864865,39,4
270,C,0,integrated_gradients,0.9,zero,scientific,-0.8327508568763733,-4.222319602966309,-0.9790871739387512,-0.4850490391254425,0.3477018177509308,3.737270563840866,0.4940381348133087,3.3895687460899353,0.14633631706237793,3.3895687460899353,0.14633631706237793,370,42,0.8864864864864865,39,4
270,C,1,gnnexplainer,0.9,zero,scientific,-3.084488868713379,-3.1763479709625244,-3.5164997577667236,-2.464503288269043,0.6199855804443359,0.7118446826934814,1.0519964694976807,0.09185910224914551,0.4320108890533447,0.09185910224914551,0.4320108890533447,370,42,0.8864864864864865,39,4
270,C,1,integrated_gradients,0.9,zero,scientific,-3.084488868713379,-4.308394908905029,-2.927460193634033,-2.464503288269043,0.6199855804443359,1.8438916206359863,0.46295690536499023,1.2239060401916504,0.1570286750793457,1.2239060401916504,-0.1570286750793457,370,42,0.8864864864864865,39,4
270,C,2,gnnexplainer,0.9,zero,scientific,-14.785540580749512,-5.190155029296875,-17.514131546020508,-16.523923873901367,1.7383832931518555,11.333768844604492,0.9902076721191406,9.595385551452637,2.728590965270996,9.595385551452637,-0.7481756210327148,370,42,0.8864864864864865,39,4
270,C,2,integrated_gradients,0.9,zero,scientific,-14.785540580749512,-6.554698944091797,-14.278464317321777,-16.523923873901367,1.7383832931518555,9.96922492980957,2.24545955657959,8.230841636657715,0.5070762634277344,8.230841636657715,0.5070762634277344,370,42,0.8864864864864865,39,4
270,C,3,gnnexplainer,0.9,zero,scientific,-3.084531784057617,-4.3501296043396,-3.010845422744751,-2.4825034141540527,0.6020283699035645,1.8676261901855469,0.5283420085906982,1.2655978202819824,0.07368636131286621,1.2655978202819824,-0.07368636131286621,370,42,0.8864864864864865,39,4
270,C,3,integrated_gradients,0.9,zero,scientific,-3.084531784057617,-4.308444499969482,-2.9275407791137695,-2.4825034141540527,0.6020283699035645,1.8259410858154297,0.4450373649597168,1.2239127159118652,0.15699100494384766,1.2239127159118652,-0.15699100494384766,370,42,0.8864864864864865,39,4
330,H,0,gnnexplainer,0.9,zero,scientific,-0.05332114174962044,-0.10807059705257416,-0.040155671536922455,-0.03665326535701752,0.01666787639260292,0.07141733169555664,0.0035024061799049377,0.05474945530295372,0.013165470212697983,0.05474945530295372,-0.013165470212697983,380,44,0.8842105263157894,33,4
330,H,0,integrated_gradients,0.9,zero,scientific,-0.05332114174962044,-0.05809857323765755,-0.0951104611158371,-0.03665326535701752,0.01666787639260292,0.02144530788064003,0.05845719575881958,0.004777431488037109,0.04178931936621666,0.004777431488037109,0.04178931936621666,380,44,0.8842105263157894,33,4
330,H,1,gnnexplainer,0.9,zero,scientific,-0.04627763852477074,-0.07686829566955566,-0.0393093042075634,-0.05347871407866478,0.007201075553894043,0.023389581590890884,0.01416940987110138,0.030590657144784927,0.006968334317207336,0.01618850603699684,0.006968334317207336,380,44,0.8842105263157894,33,4
330,H,1,integrated_gradients,0.9,zero,scientific,-0.04627763852477074,-0.05172986909747124,-0.1082163155078888,-0.05347871407866478,0.007201075553894043,0.0017488449811935425,0.054737601429224014,0.0054522305727005005,0.06193867698311806,-0.0054522305727005005,0.04753652587532997,380,44,0.8842105263157894,33,4
330,H,2,gnnexplainer,0.9,zero,scientific,-0.04633069783449173,-0.08587419986724854,-0.032445818185806274,-0.052478715777397156,0.006148017942905426,0.03339548408985138,0.02003289759159088,0.039543502032756805,0.013884879648685455,0.027247466146945953,0.013884879648685455,380,44,0.8842105263157894,33,4
330,H,2,integrated_gradients,0.9,zero,scientific,-0.04633069783449173,-0.04983203858137131,-0.10364271700382233,-0.052478715777397156,0.006148017942905426,0.0026466771960258484,0.05116400122642517,0.0035013407468795776,0.0573120191693306,-0.0035013407468795776,0.045015983283519745,380,44,0.8842105263157894,33,4
330,H,3,gnnexplainer,0.9,zero,scientific,-0.018737804144620895,-0.0997861921787262,-0.01558474451303482,-0.028382685035467148,0.009644880890846252,0.07140350714325905,0.012797940522432327,0.0810483880341053,0.003153059631586075,0.061758626252412796,0.003153059631586075,380,44,0.8842105263157894,33,4
330,H,3,integrated_gradients,0.9,zero,scientific,-0.018737804144620895,-0.041626568883657455,-0.07472410798072815,-0.028382685035467148,0.009644880890846252,0.013243883848190308,0.046341422945261,0.02288876473903656,0.055986303836107254,0.003599002957344055,0.03669654205441475,380,44,0.8842105263157894,33,4
330,H,4,gnnexplainer,0.9,zero,scientific,-0.01875194162130356,-0.03445066139101982,-0.06487683206796646,-0.02938268519937992,0.010630743578076363,0.0050679761916399,0.03549414686858654,0.015698719769716263,0.0461248904466629,-0.005562767386436462,0.024863403290510178,380,44,0.8842105263157894,33,4
330,H,4,integrated_gradients,0.9,zero,scientific,-0.01875194162130356,-0.022678539156913757,-0.09798458963632584,-0.02938268519937992,0.010630743578076363,0.006704146042466164,0.06860190443694592,0.003926597535610199,0.07923264801502228,-0.003926597535610199,0.05797116085886955,380,44,0.8842105263157894,33,4
330,H,5,gnnexplainer,0.9,zero,scientific,-0.08483874797821045,-0.13771578669548035,-0.07320087403059006,-0.05086393281817436,0.03397481516003609,0.08685185387730598,0.022336941212415695,0.0528770387172699,0.011637873947620392,0.0528770387172699,-0.011637873947620392,380,44,0.8842105263157894,33,4
330,H,5,integrated_gradients,0.9,zero,scientific,-0.08483874797821045,-0.07304119318723679,-0.10993696004152298,-0.05086393281817436,0.03397481516003609,0.022177260369062424,0.05907302722334862,0.011797554790973663,0.02509821206331253,-0.011797554790973663,0.02509821206331253,380,44,0.8842105263157894,33,4
330,H,6,gnnexplainer,0.9,zero,scientific,-0.14934495091438293,-0.09079575538635254,-0.28092044591903687,-0.19063477218151093,0.04128982126712799,0.09983901679515839,0.09028567373752594,0.058549195528030396,0.13157549500465393,0.058549195528030396,0.04899585247039795,380,44,0.8842105263157894,33,4
330,H,6,integrated_gradients,0.9,zero,scientific,-0.14934495091438293,-0.06265300512313843,-0.24449118971824646,-0.19063477218151093,0.04128982126712799,0.1279817670583725,0.053856417536735535,0.0866919457912445,0.09514623880386353,0.0866919457912445,0.012566596269607544,380,44,0.8842105263157894,33,4
330,C,0,gnnexplainer,0.9,zero,scientific,-1.6009703874588013,-3.364781379699707,-1.2562965154647827,-1.5042518377304077,0.09671854972839355,1.8605295419692993,0.247955322265625,1.7638109922409058,0.34467387199401855,1.7638109922409058,0.15123677253723145,380,44,0.8842105263157894,39,4
330,C,0,integrated_gradients,0.9,zero,scientific,-1.6009703874588013,-4.4556145668029785,-1.0623621940612793,-1.5042518377304077,0.09671854972839355,2.951362729072571,0.4418896436691284,2.8546441793441772,0.538608193397522,2.8546441793441772,0.34517109394073486,380,44,0.8842105263157894,39,4
330,C,1,gnnexplainer,0.9,zero,scientific,-1.3574010133743286,-4.242616653442383,-0.8094230890274048,-1.1874029636383057,0.16999804973602295,3.055213689804077,0.3779798746109009,2.885215640068054,0.5479779243469238,2.885215640068054,0.20798182487487793,380,44,0.8842105263157894,39,4
330,C,1,integrated_gradients,0.9,zero,scientific,-1.3574010133743286,-3.4751923084259033,-1.3473944664001465,-1.1874029636383057,0.16999804973602295,2.2877893447875977,0.15999150276184082,2.1177912950515747,0.010006546974182129,2.1177912950515747,-0.010006546974182129,380,44,0.8842105263157894,39,4
330,C,2,gnnexplainer,0.9,zero,scientific,-6.480936527252197,-4.002715110778809,-11.421030044555664,-7.547578811645508,1.0666422843933105,3.544863700866699,3.8734512329101562,2.4782214164733887,4.940093517303467,2.4782214164733887,2.8068089485168457,380,44,0.8842105263157894,39,4
330,C,2,integrated_gradients,0.9,zero,scientific,-6.480936527252197,-3.805246591567993,-9.097105026245117,-7.547578811645508,1.0666422843933105,3.7423322200775146,1.5495262145996094,2.675689935684204,2.61616849899292,2.675689935684204,0.48288393020629883,380,44,0.8842105263157894,39,4
360,H,0,gnnexplainer,0.9,zero,scientific,-0.33236026763916016,-0.2480435073375702,-0.17360800504684448,-0.3191285729408264,0.01323169469833374,0.07108506560325623,0.14552056789398193,0.08431676030158997,0.15875226259231567,0.057853370904922485,0.1322888731956482,436,50,0.8853211009174312,33,4
360,H,0,integrated_gradients,0.9,zero,scientific,-0.33236026763916016,-0.21393397450447083,-0.2215346097946167,-0.3191285729408264,0.01323169469833374,0.10519459843635559,0.09759396314620972,0.11842629313468933,0.11082565784454346,0.09196290373802185,0.08436226844787598,436,50,0.8853211009174312,33,4
360,H,1,gnnexplainer,0.9,zero,scientific,-0.342712938785553,-0.24780014157295227,-0.2641121745109558,-0.26153138279914856,0.08118155598640442,0.013731241226196289,0.002580791711807251,0.09491279721260071,0.07860076427459717,-0.06745031476020813,-0.07860076427459717,436,50,0.8853211009174312,33,4
360,H,1,integrated_gradients,0.9,zero,scientific,-0.342712938785553,-0.2390958070755005,-0.23107844591140747,-0.26153138279914856,0.08118155598640442,0.02243557572364807,0.03045293688774109,0.10361713171005249,0.11163449287414551,-0.05874598026275635,-0.05072861909866333,436,50,0.8853211009174312,33,4
360,H,2,gnnexplainer,0.9,zero,scientific,-0.14684848487377167,-0.07601051777601242,-0.16604259610176086,-0.1154087483882904,0.03143973648548126,0.039398230612277985,0.05063384771347046,0.07083796709775925,0.019194111227989197,0.007958494126796722,0.019194111227989197,436,50,0.8853211009174312,33,4
360,H,2,integrated_gradients,0.9,zero,scientific,-0.14684848487377167,-0.09997150301933289,-0.12852135300636292,-0.1154087483882904,0.03143973648548126,0.01543724536895752,0.01311260461807251,0.04687698185443878,0.018327131867408752,-0.016002491116523743,-0.018327131867408752,436,50,0.8853211009174312,33,4
360,H,3,gnnexplainer,0.9,zero,scientific,-0.14511096477508545,-0.020352929830551147,-0.2126840054988861,-0.14733904600143433,0.002228081226348877,0.12698611617088318,0.06534495949745178,0.1247580349445343,0.06757304072380066,0.1247580349445343,0.0631168782711029,436,50,0.8853211009174312,33,4
360,H,3,integrated_gradients,0.9,zero,scientific,-0.14511096477508545,-0.08663295954465866,-0.1441446840763092,-0.14733904600143433,0.002228081226348877,0.060706086456775665,0.003194361925125122,0.05847800523042679,0.0009662806987762451,0.05847800523042679,0.0009662806987762451,436,50,0.8853211009174312,33,4
360,H,4,gnnexplainer,0.9,zero,scientific,-0.13666847348213196,-0.0946146696805954,-0.15021994709968567,-0.11875949054956436,0.017908982932567596,0.024144820868968964,0.03146045655012131,0.04205380380153656,0.013551473617553711,0.006235837936401367,0.013551473617553711,436,50,0.8853211009174312,33,4
360,H,4,integrated_gradients,0.9,zero,scientific,-0.13666847348213196,-0.13369309902191162,-0.12278798222541809,-0.11875949054956436,0.017908982932567596,0.01493360847234726,0.004028491675853729,0.002975374460220337,0.013880491256713867,-0.002975374460220337,-0.013880491256713867,436,50,0.8853211009174312,33,4
360,H,5,gnnexplainer,0.9,zero,scientific,-0.1832352876663208,-0.1523386687040329,-0.17807263135910034,-0.16926804184913635,0.013967245817184448,0.016929373145103455,0.00880458950996399,0.030896618962287903,0.005162656307220459,0.0029621273279190063,-0.005162656307220459,436,50,0.8853211009174312,33,4
360,H,5,integrated_gradients,0.9,zero,scientific,-0.1832352876663208,-0.12084878981113434,-0.18738394975662231,-0.16926804184913635,0.013967245817184448,0.048419252038002014,0.018115907907485962,0.06238649785518646,0.004148662090301514,0.034452006220817566,0.004148662090301514,436,50,0.8853211009174312,33,4
360,H,6,gnnexplainer,0.9,zero,scientific,-0.17076992988586426,-0.13510727882385254,-0.1792214959859848,-0.20832136273384094,0.037551432847976685,0.0732140839099884,0.02909986674785614,0.03566265106201172,0.008451566100120544,0.03566265106201172,-0.008451566100120544,436,50,0.8853211009174312,33,4
360,H,6,integrated_gradients,0.9,zero,scientific,-0.17076992988586426,-0.11000251024961472,-0.18870559334754944,-0.20832136273384094,0.037551432847976685,0.09831885248422623,0.019615769386291504,0.06076741963624954,0.01793566346168518,0.06076741963624954,-0.01793566346168518,436,50,0.8853211009174312,33,4
360,C,0,gnnexplainer,0.9,zero,scientific,-3.523756980895996,-2.271181344985962,-5.226905345916748,-4.043220043182373,0.519463062286377,1.7720386981964111,1.183685302734375,1.2525756359100342,1.703148365020752,1.2525756359100342,0.664222240447998,436,50,0.8853211009174312,39,4
360,C,0,integrated_gradients,0.9,zero,scientific,-3.523756980895996,-3.603327751159668,-3.9213995933532715,-4.043220043182373,0.519463062286377,0.4398922920227051,0.12182044982910156,0.07957077026367188,0.3976426124572754,-0.07957077026367188,-0.3976426124572754,436,50,0.8853211009174312,39,4
360,C,1,gnnexplainer,0.9,zero,scientific,-14.09076976776123,-9.441365242004395,-7.0703911781311035,-14.111479759216309,0.020709991455078125,4.670114517211914,7.041088581085205,4.649404525756836,7.020378589630127,4.649404525756836,7.020378589630127,436,50,0.8853211009174312,39,4
360,C,1,integrated_gradients,0.9,zero,scientific,-14.09076976776123,-6.875164985656738,-10.755885124206543,-14.111479759216309,0.020709991455078125,7.23631477355957,3.3555946350097656,7.215604782104492,3.3348846435546875,7.215604782104492,3.3348846435546875,436,50,0.8853211009174312,39,4
360,C,2,gnnexplainer,0.9,zero,scientific,-11.013855934143066,-8.058175086975098,-7.159280300140381,-9.470762252807617,1.5430936813354492,1.4125871658325195,2.3114819526672363,2.9556808471679688,3.8545756340026855,-0.1305065155029297,0.7683882713317871,436,50,0.8853211009174312,39,4
360,C,2,integrated_gradients,0.9,zero,scientific,-11.013855934143066,-7.7161993980407715,-7.091429233551025,-9.470762252807617,1.5430936813354492,1.7545628547668457,2.379333019256592,3.297656536102295,3.922426700592041,0.21146917343139648,0.8362393379211426,436,50,0.8853211009174312,39,4
360,C,3,gnnexplainer,0.9,zero,scientific,-1.671934723854065,-2.79360294342041,-2.723996162414551,-1.504056692123413,0.16787803173065186,1.289546251296997,1.2199394702911377,1.1216682195663452,1.0520614385604858,1.1216682195663452,1.0520614385604858,436,50,0.8853211009174312,39,4
360,C,3,integrated_gradients,0.9,zero,scientific,-1.671934723854065,-4.3451972007751465,-1.294150471687317,-1.504056692123413,0.16787803173065186,2.8411405086517334,0.2099062204360962,2.6732624769210815,0.37778425216674805,2.6732624769210815,0.042028188705444336,436,50,0.8853211009174312,39,4
380,H,0,gnnexplainer,0.9,zero,scientific,-0.13993945717811584,-0.09406878054141998,-0.19121572375297546,-0.11915438622236252,0.020785070955753326,0.025085605680942535,0.07206133753061295,0.04587067663669586,0.05127626657485962,0.004300534725189209,0.05127626657485962,436,50,0.8853211009174312,33,4
380,H,0,integrated_gradients,0.9,zero,scientific,-0.13993945717811584,-0.07926903665065765,-0.1567944586277008,-0.11915438622236252,0.020785070955753326,0.039885349571704865,0.03764007240533829,0.06067042052745819,0.01685500144958496,0.019100278615951538,0.01685500144958496,436,50,0.8853211009174312,33,4
380,H,1,gnnexplainer,0.9,zero,scientific,-0.13264447450637817,-0.07553121447563171,-0.20727798342704773,-0.1529437154531479,0.020299240946769714,0.07741250097751617,0.05433426797389984,0.05711326003074646,0.07463350892066956,0.05711326003074646,0.03403502702713013,436,50,0.8853211009174312,33,4
380,H,1,integrated_gradients,0.9,zero,scientific,-0.13264447450637817,-0.050976306200027466,-0.18290820717811584,-0.1529437154531479,0.020299240946769714,0.10196740925312042,0.029964491724967957,0.08166816830635071,0.05026373267173767,0.08166816830635071,0.009665250778198242,436,50,0.8853211009174312,33,4
380,H,2,gnnexplainer,0.9,zero,scientific,-0.13482002913951874,-0.08203878998756409,-0.1632860004901886,-0.11749634146690369,0.01732368767261505,0.0354575514793396,0.04578965902328491,0.05278123915195465,0.02846597135066986,0.01813386380672455,0.02846597135066986,436,50,0.8853211009174312,33,4
380,H,2,integrated_gradients,0.9,zero,scientific,-0.13482002913951874,-0.055805034935474396,-0.16579288244247437,-0.11749634146690369,0.01732368767261505,0.06169130653142929,0.04829654097557068,0.07901499420404434,0.030972853302955627,0.04436761885881424,0.030972853302955627,436,50,0.8853211009174312,33,4
380,H,3,gnnexplainer,0.9,zero,scientific,-0.1763220578432083,-0.09848776459693909,-0.2222786247730255,-0.2253120243549347,0.04898996651172638,0.1268242597579956,0.0030333995819091797,0.07783429324626923,0.0459565669298172,0.07783429324626923,-0.0459565669298172,436,50,0.8853211009174312,33,4
380,H,3,integrated_gradients,0.9,zero,scientific,-0.1763220578432083,-0.06928811222314835,-0.20461425185203552,-0.2253120243549347,0.04898996651172638,0.15602391213178635,0.02069777250289917,0.10703394562005997,0.02829219400882721,0.10703394562005997,-0.02829219400882721,436,50,0.8853211009174312,33,4
380,H,4,gnnexplainer,0.9,zero,scientific,-0.17767122387886047,-0.11163504421710968,-0.1777680218219757,-0.19009250402450562,0.012421280145645142,0.07845745980739594,0.012324482202529907,0.0660361796617508,9.679794311523438e-05,0.0660361796617508,-9.679794311523438e-05,436,50,0.8853211009174312,33,4
380,H,4,integrated_gradients,0.9,zero,scientific,-0.17767122387886047,-0.07204331457614899,-0.20400559902191162,-0.19009250402450562,0.012421280145645142,0.11804918944835663,0.013913094997406006,0.10562790930271149,0.026334375143051147,0.10562790930271149,0.0014918148517608643,436,50,0.8853211009174312,33,4
380,H,5,gnnexplainer,0.9,zero,scientific,-0.019281115382909775,-0.1081157922744751,-0.0586637482047081,0.054915860295295715,0.07419697567820549,0.1630316525697708,0.11357960850000381,0.08883467689156532,0.039382632821798325,0.08883467689156532,0.039382632821798325,436,50,0.8853211009174312,33,4
380,H,5,integrated_gradients,0.9,zero,scientific,-0.019281115382909775,-0.0798364132642746,-0.058785129338502884,0.054915860295295715,0.07419697567820549,0.1347522735595703,0.1137009896337986,0.06055529788136482,0.03950401395559311,0.06055529788136482,0.03950401395559311,436,50,0.8853211009174312,33,4
380,H,6,gnnexplainer,0.9,zero,scientific,-0.02779546007514,-0.06518353521823883,-0.07023263722658157,-0.026584316045045853,0.0012111440300941467,0.03859921917319298,0.04364832118153572,0.03738807514309883,0.042437177151441574,0.03738807514309883,0.042437177151441574,436,50,0.8853211009174312,33,4
380,H,6,integrated_gradients,0.9,zero,scientific,-0.02779546007514,-0.08287255465984344,-0.06845647096633911,-0.026584316045045853,0.0012111440300941467,0.05628823861479759,0.04187215492129326,0.055077094584703445,0.04066101089119911,0.055077094584703445,0.04066101089119911,436,50,0.8853211009174312,33,4
380,H,7,gnnexplainer,0.9,zero,scientific,-0.025298241525888443,-0.04521816968917847,-0.05247290059924126,-0.0037771498318761587,0.021521091694012284,0.04144101985730231,0.0486957507673651,0.019919928163290024,0.027174659073352814,0.019919928163290024,0.027174659073352814,436,50,0.8853211009174312,33,4
380,H,7,integrated_gradients,0.9,zero,scientific,-0.025298241525888443,-0.08236846327781677,-0.06847963482141495,-0.0037771498318761587,0.021521091694012284,0.07859131344594061,0.06470248498953879,0.05707022175192833,0.043181393295526505,0.05707022175192833,0.043181393295526505,436,50,0.8853211009174312,33,4
380,C,0,gnnexplainer,0.9,zero,scientific,-0.011481314897537231,-0.750359833240509,-2.4741008281707764,0.17328409850597382,0.18476541340351105,0.9236439317464828,2.64738492667675,0.7388785183429718,2.462619513273239,0.7388785183429718,2.462619513273239,436,50,0.8853211009174312,39,4
380,C,0,integrated_gradients,0.9,zero,scientific,-0.011481314897537231,-4.66378927230835,0.029381662607192993,0.17328409850597382,0.18476541340351105,4.837073370814323,0.14390243589878082,4.652307957410812,0.040862977504730225,4.652307957410812,-0.040862977504730225,436,50,0.8853211009174312,39,4
380,C,1,gnnexplainer,0.9,zero,scientific,-2.963667631149292,-2.9002912044525146,-5.078812122344971,-2.9316675662994385,0.032000064849853516,0.03137636184692383,2.1471445560455322,0.06337642669677734,2.1151444911956787,-0.0006237030029296875,2.1151444911956787,436,50,0.8853211009174312,39,4
380,C,1,integrated_gradients,0.9,zero,scientific,-2.963667631149292,-4.254150390625,-2.461899518966675,-2.9316675662994385,0.032000064849853516,1.3224828243255615,0.46976804733276367,1.290482759475708,0.5017681121826172,1.290482759475708,0.43776798248291016,436,50,0.8853211009174312,39,4
380,C,2,gnnexplainer,0.9,zero,scientific,-15.949727058410645,-10.840466499328613,-11.215149879455566,-16.425132751464844,0.4754056930541992,5.5846662521362305,5.209982872009277,5.109260559082031,4.734577178955078,5.109260559082031,4.734577178955078,436,50,0.8853211009174312,39,4
380,C,2,integrated_gradients,0.9,zero,scientific,-15.949727058410645,-6.0441670417785645,-15.163908958435059,-16.425132751464844,0.4754056930541992,10.38096570968628,1.2612237930297852,9.90556001663208,0.7858180999755859,9.90556001663208,0.7858180999755859,436,50,0.8853211009174312,39,4
380,C,3,gnnexplainer,0.9,zero,scientific,-1.695212483406067,-3.3900744915008545,-1.2737146615982056,-1.3898565769195557,0.30535590648651123,2.000217914581299,0.1161419153213501,1.6948620080947876,0.42149782180786133,1.6948620080947876,-0.18921399116516113,436,50,0.8853211009174312,39,4
380,C,3,integrated_gradients,0.9,zero,scientific,-1.695212483406067,-4.089785575866699,-1.8341988325119019,-1.3898565769195557,0.30535590648651123,2.6999289989471436,0.4443422555923462,2.3945730924606323,0.13898634910583496,2.3945730924606323,0.13898634910583496,436,50,0.8853211009174312,39,4
450,H,0,gnnexplainer,0.9,zero,scientific,-0.04355114698410034,-0.1018097996711731,-0.06195705011487007,0.03275012969970703,0.07630127668380737,0.13455992937088013,0.0947071798145771,0.058258652687072754,0.01840590313076973,0.058258652687072754,0.01840590313076973,457,52,0.886214442013129,33,4
450,H,0,integrated_gradients,0.9,zero,scientific,-0.04355114698410034,-0.07464542239904404,-0.12499171495437622,0.03275012969970703,0.07630127668380737,0.10739555209875107,0.15774184465408325,0.031094275414943695,0.08144056797027588,0.031094275414943695,0.08144056797027588,457,52,0.886214442013129,33,4
450,H,1,gnnexplainer,0.9,zero,scientific,-0.06927318125963211,-0.05082925409078598,-0.1046253964304924,-0.0715140700340271,0.002240888774394989,0.02068481594324112,0.0331113263964653,0.01844392716884613,0.03535221517086029,0.01844392716884613,0.030870437622070312,457,52,0.886214442013129,33,4
450,H,1,integrated_gradients,0.9,zero,scientific,-0.06927318125963211,-0.08239661157131195,-0.12554489076137543,-0.0715140700340271,0.002240888774394989,0.010882541537284851,0.05403082072734833,0.01312343031167984,0.05627170950174332,0.008641652762889862,0.05178993195295334,457,52,0.886214442013129,33,4
450,H,2,gnnexplainer,0.9,zero,scientific,-0.06935058534145355,-0.07938086241483688,-0.10734425485134125,-0.07355805486440659,0.0042074695229530334,0.005822807550430298,0.03378619998693466,0.010030277073383331,0.037993669509887695,0.0016153380274772644,0.02957873046398163,457,52,0.886214442013129,33,4
450,H,2,integrated_gradients,0.9,zero,scientific,-0.06935058534145355,-0.08482798933982849,-0.12529949843883514,-0.07355805486440659,0.0042074695229530334,0.011269934475421906,0.05174144357442856,0.015477403998374939,0.05594891309738159,0.007062464952468872,0.047533974051475525,457,52,0.886214442013129,33,4
450,H,3,gnnexplainer,0.9,zero,scientific,-0.14339891076087952,-0.11539740860462189,-0.15106040239334106,-0.23171529173851013,0.08831638097763062,0.11631788313388824,0.08065488934516907,0.02800150215625763,0.007661491632461548,0.02800150215625763,-0.007661491632461548,457,52,0.886214442013129,33,4
450,H,3,integrated_gradients,0.9,zero,scientific,-0.14339891076087952,-0.10414985567331314,-0.1553804874420166,-0.23171529173851013,0.08831638097763062,0.127565436065197,0.07633480429649353,0.039249055087566376,0.011981576681137085,0.039249055087566376,-0.011981576681137085,457,52,0.886214442013129,33,4
450,C,0,gnnexplainer,0.9,zero,scientific,-5.920004844665527,-3.611689567565918,-8.245133399963379,-7.761427879333496,1.8414230346679688,4.149738311767578,0.4837055206298828,2.3083152770996094,2.3251285552978516,2.3083152770996094,-1.357717514038086,457,52,0.886214442013129,39,4
450,C,0,integrated_gradients,0.9,zero,scientific,-5.920004844665527,-4.705570220947266,-6.047592639923096,-7.761427879333496,1.8414230346679688,3.0558576583862305,1.7138352394104004,1.2144346237182617,0.12758779525756836,1.2144346237182617,-0.12758779525756836,457,52,0.886214442013129,39,4
450,C,1,gnnexplainer,0.9,zero,scientific,-8.008285522460938,-4.869002819061279,-7.059425354003906,-9.08093547821045,1.0726499557495117,4.21193265914917,2.021510124206543,3.139282703399658,0.9488601684570312,3.139282703399658,0.9488601684570312,457,52,0.886214442013129,39,4
450,C,1,integrated_gradients,0.9,zero,scientific,-8.008285522460938,-3.2698659896850586,-8.817764282226562,-9.08093547821045,1.0726499557495117,5.811069488525391,0.2631711959838867,4.738419532775879,0.809478759765625,4.738419532775879,-0.809478759765625,457,52,0.886214442013129,39,4
450,C,2,gnnexplainer,0.9,zero,scientific,-0.7208598256111145,-3.241840124130249,-0.8008148670196533,-0.7991183996200562,0.07825857400894165,2.442721724510193,0.001696467399597168,2.5209802985191345,0.07995504140853882,2.364463150501251,-0.07656210660934448,457,52,0.886214442013129,39,4
450,C,2,integrated_gradients,0.9,zero,scientific,-0.7208598256111145,-4.197506904602051,-0.7721574306488037,-0.7991183996200562,0.07825857400894165,3.3983885049819946,0.02696096897125244,3.4766470789909363,0.05129760503768921,3.320129930973053,-0.05129760503768921,457,52,0.886214442013129,39,4
450,C,3,gnnexplainer,0.9,zero,scientific,-5.4790120124816895,-3.2248001098632812,-8.588028907775879,-5.140366077423096,0.33864593505859375,1.9155659675598145,3.447662830352783,2.254211902618408,3.1090168952941895,1.5769200325012207,3.1090168952941895,457,52,0.886214442013129,39,4
450,C,3,integrated_gradients,0.9,zero,scientific,-5.4790120124816895,-4.947377681732178,-6.70982027053833,-5.140366077423096,0.33864593505859375,0.19298839569091797,1.5694541931152344,0.5316343307495117,1.2308082580566406,-0.14565753936767578,1.2308082580566406,457,52,0.886214442013129,39,4
450,C,4,gnnexplainer,0.9,zero,scientific,-3.9353888034820557,-3.688342809677124,-5.681707382202148,-3.6308069229125977,0.304581880569458,0.05753588676452637,2.050900459289551,0.24704599380493164,1.7463185787200928,-0.24704599380493164,1.7463185787200928,457,52,0.886214442013129,39,4
450,C,4,integrated_gradients,0.9,zero,scientific,-3.9353888034820557,-4.148782730102539,-4.701663017272949,-3.6308069229125977,0.304581880569458,0.5179758071899414,1.0708560943603516,0.2133939266204834,0.7662742137908936,0.2133939266204834,0.7662742137908936,457,52,0.886214442013129,39,4
490,H,0,gnnexplainer,0.9,zero,scientific,-0.17315952479839325,-0.11664358526468277,-0.22488656640052795,-0.23058383166790009,0.057424306869506836,0.11394024640321732,0.005697265267372131,0.05651593953371048,0.051727041602134705,0.05651593953371048,-0.051727041602134705,484,56,0.884297520661157,33,4
490,H,0,integrated_gradients,0.9,zero,scientific,-0.17315952479839325,-0.09156792610883713,-0.16965678334236145,-0.23058383166790009,0.057424306869506836,0.13901590555906296,0.060927048325538635,0.08159159868955612,0.0035027414560317993,0.08159159868955612,0.0035027414560317993,484,56,0.884297520661157,33,4
490,H,1,gnnexplainer,0.9,zero,scientific,-0.15685632824897766,-0.13137134909629822,-0.14689230918884277,-0.249619260430336,0.09276293218135834,0.11824791133403778,0.10272695124149323,0.025484979152679443,0.009964019060134888,0.025484979152679443,0.009964019060134888,484,56,0.884297520661157,33,4
490,H,1,integrated_gradients,0.9,zero,scientific,-0.15685632824897766,-0.10680872946977615,-0.15612953901290894,-0.249619260430336,0.09276293218135834,0.14281053096055984,0.09348972141742706,0.05004759877920151,0.0007267892360687256,0.05004759877920151,0.0007267892360687256,484,56,0.884297520661157,33,4
490,H,2,gnnexplainer,0.9,zero,scientific,-0.18034976720809937,-0.1230040192604065,-0.17333808541297913,-0.26599687337875366,0.0856471061706543,0.14299285411834717,0.09265878796577454,0.05734574794769287,0.007011681795120239,0.05734574794769287,0.007011681795120239,484,56,0.884297520661157,33,4
490,H,2,integrated_gradients,0.9,zero,scientific,-0.18034976720809937,-0.10703572630882263,-0.17499896883964539,-0.26599687337875366,0.0856471061706543,0.15896114706993103,0.09099790453910828,0.07331404089927673,0.0053507983684539795,0.07331404089927673,0.0053507983684539795,484,56,0.884297520661157,33,4
490,H,5,gnnexplainer,0.9,zero,scientific,-0.12873896956443787,-0.10098674893379211,-0.1703440546989441,-0.1509436070919037,0.02220463752746582,0.04995685815811157,0.019400447607040405,0.027752220630645752,0.041605085134506226,0.027752220630645752,-0.002804189920425415,484,56,0.884297520661157,33,4
490,H,5,integrated_gradients,0.9,zero,scientific,-0.12873896956443787,-0.07524262368679047,-0.20390379428863525,-0.1509436070919037,0.02220463752746582,0.07570098340511322,0.05296018719673157,0.0534963458776474,0.07516482472419739,0.0534963458776474,0.030755549669265747,484,56,0.884297520661157,33,4
490,H,6,gnnexplainer,0.9,zero,scientific,-0.12632957100868225,-0.06953807920217514,-0.20155069231987,-0.1284528225660324,0.0021232515573501587,0.05891474336385727,0.07309786975383759,0.05679149180650711,0.07522112131118774,0.05679149180650711,0.07097461819648743,484,56,0.884297520661157,33,4
490,H,6,integrated_gradients,0.9,zero,scientific,-0.12632957100868225,-0.07354313135147095,-0.17566868662834167,-0.1284528225660324,0.0021232515573501587,0.05490969121456146,0.047215864062309265,0.052786439657211304,0.049339115619659424,0.052786439657211304,0.045092612504959106,484,56,0.884297520661157,33,4
490,C,0,gnnexplainer,0.9,zero,scientific,-3.129530668258667,-2.452369451522827,-5.954723834991455,-4.111388683319092,0.9818580150604248,1.6590192317962646,1.8433351516723633,0.6771612167358398,2.825193166732788,0.6771612167358398,0.8614771366119385,484,56,0.884297520661157,39,4
490,C,0,integrated_gradients,0.9,zero,scientific,-3.129530668258667,-3.2185556888580322,-3.371504783630371,-4.111388683319092,0.9818580150604248,0.8928329944610596,0.7398838996887207,0.08902502059936523,0.2419741153717041,-0.08902502059936523,-0.2419741153717041,484,56,0.884297520661157,39,4
490,C,1,gnnexplainer,0.9,zero,scientific,-15.582393646240234,-6.809537887573242,-19.47631072998047,-16.991817474365234,1.409423828125,10.182279586791992,2.4844932556152344,8.772855758666992,3.8939170837402344,8.772855758666992,1.0750694274902344,484,56,0.884297520661157,39,4
490,C,1,integrated_gradients,0.9,zero,scientific,-15.582393646240234,-5.731592178344727,-15.425658226013184,-16.991817474365234,1.409423828125,11.260225296020508,1.5661592483520508,9.850801467895508,0.15673542022705078,9.850801467895508,0.15673542022705078,484,56,0.884297520661157,39,4
490,C,2,gnnexplainer,0.9,zero,scientific,-3.881084442138672,-3.5867152214050293,-5.681708812713623,-4.111124038696289,0.2300395965576172,0.5244088172912598,1.570584774017334,0.2943692207336426,1.8006243705749512,0.2943692207336426,1.3405451774597168,484,56,0.884297520661157,39,4
490,C,2,integrated_gradients,0.9,zero,scientific,-3.881084442138672,-3.9713661670684814,-3.3898420333862305,-4.111124038696289,0.2300395965576172,0.13975787162780762,0.7212820053100586,0.09028172492980957,0.4912424087524414,-0.09028172492980957,0.4912424087524414,484,56,0.884297520661157,39,4
490,C,3,gnnexplainer,0.9,zero,scientific,-2.2796802520751953,-1.8608871698379517,-7.3569512367248535,-3.4353280067443848,1.1556477546691895,1.574440836906433,3.9216232299804688,0.41879308223724365,5.077270984649658,0.41879308223724365,2.7659754753112793,484,56,0.884297520661157,39,4
490,C,3,integrated_gradients,0.9,zero,scientific,-2.2796802520751953,-2.840378761291504,-3.751155376434326,-3.4353280067443848,1.1556477546691895,0.5949492454528809,0.3158273696899414,0.5606985092163086,1.4714751243591309,-0.5606985092163086,-0.839820384979248,484,56,0.884297520661157,39,4
510,H,0,gnnexplainer,0.9,zero,scientific,-0.0641452819108963,-0.09162433445453644,-0.06840243935585022,-0.06858395785093307,0.004438675940036774,0.023040376603603363,0.00018151849508285522,0.027479052543640137,0.0042571574449539185,0.01860170066356659,-0.0042571574449539185,596,68,0.8859060402684564,33,4
510,H,0,integrated_gradients,0.9,zero,scientific,-0.0641452819108963,-0.060987211763858795,-0.1093655526638031,-0.06858395785093307,0.004438675940036774,0.00759674608707428,0.040781594812870026,0.003158070147037506,0.0452202707529068,0.003158070147037506,0.03634291887283325,596,68,0.8859060402684564,33,4
510,H,1,gnnexplainer,0.9,zero,scientific,-0.07207746058702469,-0.0650668516755104,-0.12031184881925583,-0.10737372934818268,0.03529626876115799,0.04230687767267227,0.01293811947107315,0.007010608911514282,0.04823438823223114,0.007010608911514282,-0.02235814929008484,596,68,0.8859060402684564,33,4
510,H,1,integrated_gradients,0.9,zero,scientific,-0.07207746058702469,-0.061388976871967316,-0.11989577114582062,-0.10737372934818268,0.03529626876115799,0.04598475247621536,0.01252204179763794,0.010688483715057373,0.04781831055879593,0.010688483715057373,-0.02277422696352005,596,68,0.8859060402684564,33,4
510,H,2,gnnexplainer,0.9,zero,scientific,-0.054743897169828415,-0.08801230788230896,-0.0559878870844841,-0.030469827353954315,0.0242740698158741,0.057542480528354645,0.025518059730529785,0.033268410712480545,0.0012439899146556854,0.033268410712480545,0.0012439899146556854,596,68,0.8859060402684564,33,4
510,H,2,integrated_gradients,0.9,zero,scientific,-0.054743897169828415,-0.06680101901292801,-0.10534421354532242,-0.030469827353954315,0.0242740698158741,0.036331191658973694,0.0748743861913681,0.012057121843099594,0.050600316375494,0.012057121843099594,0.050600316375494,596,68,0.8859060402684564,33,4
510,H,3,gnnexplainer,0.9,zero,scientific,-0.0725153461098671,-0.06748007982969284,-0.14570000767707825,-0.1194084882736206,0.04689314216375351,0.051928408443927765,0.02629151940345764,0.005035266280174255,0.07318466156721115,0.005035266280174255,-0.020601622760295868,596,68,0.8859060402684564,33,4
510,H,3,integrated_gradients,0.9,zero,scientific,-0.0725153461098671,-0.0650084912776947,-0.12322637438774109,-0.1194084882736206,0.04689314216375351,0.0543999969959259,0.0038178861141204834,0.007506854832172394,0.05071102827787399,0.007506854832172394,-0.043075256049633026,596,68,0.8859060402684564,33,4
510,H,4,gnnexplainer,0.9,zero,scientific,-0.06956268846988678,-0.07583631575107574,-0.08575509488582611,-0.058769065886735916,0.010793622583150864,0.01706724986433983,0.026986028999090195,0.006273627281188965,0.01619240641593933,0.006273627281188965,0.01619240641593933,596,68,0.8859060402684564,33,4
510,H,4,integrated_gradients,0.9,zero,scientific,-0.06956268846988678,-0.06015292927622795,-0.07030275464057922,-0.058769065886735916,0.010793622583150864,0.001383863389492035,0.011533688753843307,0.009409759193658829,0.0007400661706924438,-0.009409759193658829,0.0007400661706924438,596,68,0.8859060402684564,33,4
510,H,5,gnnexplainer,0.9,zero,scientific,-0.06805552542209625,-0.08392196148633957,-0.04327956959605217,-0.07969000190496445,0.011634476482868195,0.004231959581375122,0.03641043230891228,0.015866436064243317,0.024775955826044083,-0.0074025169014930725,0.024775955826044083,596,68,0.8859060402684564,33,4
510,H,5,integrated_gradients,0.9,zero,scientific,-0.06805552542209625,-0.05676017701625824,-0.08219321072101593,-0.07969000190496445,0.011634476482868195,0.022929824888706207,0.002503208816051483,0.011295348405838013,0.014137685298919678,0.011295348405838013,-0.009131267666816711,596,68,0.8859060402684564,33,4
510,H,6,gnnexplainer,0.9,zero,scientific,-0.040923863649368286,-0.057597268372774124,-0.0935058668255806,-0.04133903980255127,0.0004151761531829834,0.016258228570222855,0.05216682702302933,0.016673404723405838,0.05258200317621231,0.01584305241703987,0.051751650869846344,596,68,0.8859060402684564,33,4
510,H,6,integrated_gradients,0.9,zero,scientific,-0.040923863649368286,-0.07442253082990646,-0.07923926413059235,-0.04133903980255127,0.0004151761531829834,0.033083491027355194,0.03790022432804108,0.03349866718053818,0.03831540048122406,0.03266831487417221,0.03748504817485809,596,68,0.8859060402684564,33,4
510,H,7,gnnexplainer,0.9,zero,scientific,-0.02234116941690445,-0.07282938063144684,-0.09948034584522247,-0.03561985865235329,0.013278689235448837,0.03720952197909355,0.06386048719286919,0.05048821121454239,0.07713917642831802,0.023930832743644714,0.05058179795742035,596,68,0.8859060402684564,33,4
510,H,7,integrated_gradients,0.9,zero,scientific,-0.02234116941690445,-0.0728607252240181,-0.051163267344236374,-0.03561985865235329,0.013278689235448837,0.03724086657166481,0.015543408691883087,0.05051955580711365,0.028822097927331924,0.023962177336215973,0.00226471945643425,596,68,0.8859060402684564,33,4
510,H,8,gnnexplainer,0.9,zero,scientific,-0.057253893464803696,-0.06577765941619873,-0.08253149688243866,-0.0713830441236496,0.014129150658845901,0.005605384707450867,0.011148452758789062,0.008523765951395035,0.025277603417634964,-0.008523765951395035,-0.002980697900056839,596,68,0.8859060402684564,33,4
510,H,8,integrated_gradients,0.9,zero,scientific,-0.057253893464803696,-0.06416675448417664,-0.06548653542995453,-0.0713830441236496,0.014129150658845901,0.007216289639472961,0.005896508693695068,0.00691286101937294,0.008232641965150833,-0.00691286101937294,-0.008232641965150833,596,68,0.8859060402684564,33,4
510,H,9,gnnexplainer,0.9,zero,scientific,-0.06739038974046707,-0.07407055795192719,-0.07904375344514847,-0.08068999648094177,0.013299606740474701,0.006619438529014587,0.0016462430357933044,0.0066801682114601135,0.011653363704681396,-0.0066801682114601135,-0.011653363704681396,596,68,0.8859060402684564,33,4
510,H,9,integrated_gradients,0.9,zero,scientific,-0.06739038974046707,-0.05807603895664215,-0.08804728090763092,-0.08068999648094177,0.013299606740474701,0.02261395752429962,0.007357284426689148,0.00931435078382492,0.02065689116716385,0.00931435078382492,-0.005942322313785553,596,68,0.8859060402684564,33,4
510,C,0,gnnexplainer,0.9,zero,scientific,-3.183384895324707,-3.842787265777588,-3.017083168029785,-2.6794397830963135,0.5039451122283936,1.1633474826812744,0.3376433849334717,0.6594023704528809,0.16630172729492188,0.6594023704528809,-0.16630172729492188,596,68,0.8859060402684564,39,4
510,C,0,integrated_gradients,0.9,zero,scientific,-3.183384895324707,-3.2777099609375,-3.843149423599243,-2.6794397830963135,0.5039451122283936,0.5982701778411865,1.1637096405029297,0.09432506561279297,0.6597645282745361,0.09432506561279297,0.6597645282745361,596,68,0.8859060402684564,39,4
510,C,1,gnnexplainer,0.9,zero,scientific,-2.929103136062622,-3.775607109069824,-3.1457629203796387,-2.8548877239227295,0.07421541213989258,0.9207193851470947,0.2908751964569092,0.8465039730072021,0.2166597843170166,0.8465039730072021,0.2166597843170166,596,68,0.8859060402684564,39,4
510,C,1,integrated_gradients,0.9,zero,scientific,-2.929103136062622,-3.362903118133545,-3.397761821746826,-2.8548877239227295,0.07421541213989258,0.5080153942108154,0.5428740978240967,0.43379998207092285,0.4686586856842041,0.43379998207092285,0.4686586856842041,596,68,0.8859060402684564,39,4
510,C,2,gnnexplainer,0.9,zero,scientific,-4.82141637802124,-4.317845344543457,-6.482693195343018,-4.148713111877441,0.6727032661437988,0.16913223266601562,2.333980083465576,0.5035710334777832,1.6612768173217773,-0.5035710334777832,1.6612768173217773,596,68,0.8859060402684564,39,4
510,C,2,integrated_gradients,0.9,zero,scientific,-4.82141637802124,-5.117977142333984,-5.214195251464844,-4.148713111877441,0.6727032661437988,0.969264030456543,1.0654821395874023,0.29656076431274414,0.3927788734436035,0.29656076431274414,0.3927788734436035,596,68,0.8859060402684564,39,4
510,C,3,gnnexplainer,0.9,zero,scientific,-1.93549382686615,-3.6665358543395996,-1.1114569902420044,-0.3196980357170105,1.6157957911491394,3.346837818622589,0.7917589545249939,1.7310420274734497,0.8240368366241455,1.7310420274734497,-0.8240368366241455,596,68,0.8859060402684564,39,4
510,C,3,integrated_gradients,0.9,zero,scientific,-1.93549382686615,-4.884846210479736,-1.7314178943634033,-0.3196980357170105,1.6157957911491394,4.565148174762726,1.4117198586463928,2.9493523836135864,0.20407593250274658,2.9493523836135864,-0.20407593250274658,596,68,0.8859060402684564,39,4
510,C,4,gnnexplainer,0.9,zero,scientific,-0.8245482444763184,-2.3714563846588135,-2.1452009677886963,-0.5578681230545044,0.26668012142181396,1.813588261604309,1.587332844734192,1.5469081401824951,1.320652723312378,1.5469081401824951,1.320652723312378,596,68,0.8859060402684564,39,4
510,C,4,integrated_gradients,0.9,zero,scientific,-0.8245482444763184,-4.293127059936523,-1.0669265985488892,-0.5578681230545044,0.26668012142181396,3.735258936882019,0.5090584754943848,3.468578815460205,0.2423783540725708,3.468578815460205,0.2423783540725708,596,68,0.8859060402684564,39,4
510,C,5,gnnexplainer,0.9,zero,scientific,-1.521938443183899,-2.66178822517395,-2.3974251747131348,-0.3343559503555298,1.1875824928283691,2.3274322748184204,2.063069224357605,1.1398497819900513,0.8754867315292358,1.1398497819900513,0.8754867315292358,596,68,0.8859060402684564,39,4
510,C,5,integrated_gradients,0.9,zero,scientific,-1.521938443183899,-4.256458759307861,-1.4537419080734253,-0.3343559503555298,1.1875824928283691,3.9221028089523315,1.1193859577178955,2.7345203161239624,0.06819653511047363,2.7345203161239624,-0.06819653511047363,596,68,0.8859060402684564,39,4
530,H,0,gnnexplainer,0.9,zero,scientific,-0.08534625172615051,-0.07351653277873993,-0.1432010531425476,-0.16678637266159058,0.08144012093544006,0.09326983988285065,0.02358531951904297,0.011829718947410583,0.057854801416397095,0.011829718947410583,-0.057854801416397095,314,36,0.8853503184713376,33,4
530,H,1,gnnexplainer,0.9,zero,scientific,-0.09019753336906433,-0.06693793833255768,-0.15546107292175293,-0.13316234946250916,0.042964816093444824,0.06622441112995148,0.022298723459243774,0.023259595036506653,0.0652635395526886,0.023259595036506653,-0.02066609263420105,314,36,0.8853503184713376,33,4
530,H,2,gnnexplainer,0.9,zero,scientific,-0.030807171016931534,-0.04898104816675186,-0.08197210729122162,-0.0575319267809391,0.02672475576400757,0.00855087861418724,0.024440180510282516,0.018173877149820328,0.051164936274290085,-0.018173877149820328,-0.002284575253725052,314,36,0.8853503184713376,33,4
530,H,3,gnnexplainer,0.9,zero,scientific,-0.04008097946643829,-0.0652504563331604,-0.06619469076395035,-0.04089127480983734,0.0008102953433990479,0.02435918152332306,0.025303415954113007,0.025169476866722107,0.026113711297512054,0.02354888617992401,0.02449312061071396,314,36,0.8853503184713376,33,4
530,H,4,gnnexplainer,0.9,zero,scientific,-0.03763440251350403,-0.12934638559818268,-0.04840373992919922,-0.06429433822631836,0.02665993571281433,0.06505204737186432,0.01589059829711914,0.09171198308467865,0.01076933741569519,0.03839211165904999,-0.01076933741569519,314,36,0.8853503184713376,33,4
530,C,0,gnnexplainer,0.9,zero,scientific,-2.6694869995117188,-3.898561954498291,-2.7996747493743896,-2.8974430561065674,0.22795605659484863,1.0011188983917236,0.09776830673217773,1.2290749549865723,0.1301877498626709,0.773162841796875,-0.1301877498626709,314,36,0.8853503184713376,39,4
530,C,1,gnnexplainer,0.9,zero,scientific,-3.2187187671661377,-4.512168884277344,-2.516496419906616,-2.7582390308380127,0.460479736328125,1.753929853439331,0.24174261093139648,1.293450117111206,0.7022223472595215,1.293450117111206,-0.21873712539672852,314,36,0.8853503184713376,39,4
530,C,2,gnnexplainer,0.9,zero,scientific,-4.761256694793701,-3.863931179046631,-6.239044666290283,-4.5724406242370605,0.18881607055664062,0.7085094451904297,1.6666040420532227,0.8973255157470703,1.477787971496582,0.5196933746337891,1.477787971496582,314,36,0.8853503184713376,39,4
610,H,0,gnnexplainer,0.9,zero,scientific,-0.44238173961639404,-0.29029569029808044,-0.31753334403038025,-0.615548849105835,0.17316710948944092,0.3252531588077545,0.2980155050754547,0.1520860493183136,0.1248483955860138,0.1520860493183136,0.1248483955860138,452,52,0.8849557522123894,33,4
610,H,0,integrated_gradients,0.9,zero,scientific,-0.44238173961639404,-0.12300005555152893,-0.5031895637512207,-0.615548849105835,0.17316710948944092,0.49254879355430603,0.11235928535461426,0.3193816840648651,0.06080782413482666,0.3193816840648651,-0.06080782413482666,452,52,0.8849557522123894,33,4
610,H,1,gnnexplainer,0.9,zero,scientific,-0.1651545912027359,-0.08085356652736664,-0.205266535282135,-0.12229462713003159,0.042859964072704315,0.04144106060266495,0.08297190815210342,0.08430102467536926,0.04011194407939911,-0.0014189034700393677,0.04011194407939911,452,52,0.8849557522123894,33,4
610,H,1,integrated_gradients,0.9,zero,scientific,-0.1651545912027359,-0.043264683336019516,-0.20898893475532532,-0.12229462713003159,0.042859964072704315,0.07902994379401207,0.08669430762529373,0.12188990786671638,0.043834343552589417,0.036169979721307755,0.043834343552589417,452,52,0.8849557522123894,33,4
610,H,2,gnnexplainer,0.9,zero,scientific,-0.13610506057739258,-0.07101607322692871,-0.17061744630336761,-0.1601894050836563,0.024084344506263733,0.0891733318567276,0.010428041219711304,0.06508898735046387,0.03451238572597504,0.06508898735046387,-0.01365630328655243,452,52,0.8849557522123894,33,4
610,H,2,integrated_gradients,0.9,zero,scientific,-0.13610506057739258,-0.05682423710823059,-0.1609179973602295,-0.1601894050836563,0.024084344506263733,0.10336516797542572,0.0007285922765731812,0.07928082346916199,0.024812936782836914,0.07928082346916199,-0.023355752229690552,452,52,0.8849557522123894,33,4
610,H,3,gnnexplainer,0.9,zero,scientific,-0.1795758754014969,-0.048161379992961884,-0.21275347471237183,-0.18318936228752136,0.003613486886024475,0.13502798229455948,0.029564112424850464,0.131414495408535,0.03317759931087494,0.131414495408535,0.02595062553882599,452,52,0.8849557522123894,33,4
610,H,3,integrated_gradients,0.9,zero,scientific,-0.1795758754014969,-0.0685783103108406,-0.20153045654296875,-0.18318936228752136,0.003613486886024475,0.11461105197668076,0.018341094255447388,0.11099756509065628,0.021954581141471863,0.11099756509065628,0.014727607369422913,452,52,0.8849557522123894,33,4
610,H,4,gnnexplainer,0.9,zero,scientific,-0.500056803226471,-0.4110668897628784,-0.23282462358474731,-0.6312503814697266,0.13119357824325562,0.22018349170684814,0.39842575788497925,0.08898991346359253,0.26723217964172363,0.08898991346359253,0.26723217964172363,452,52,0.8849557522123894,33,4
610,H,4,integrated_gradients,0.9,zero,scientific,-0.500056803226471,-0.11589084565639496,-0.5054325461387634,-0.6312503814697266,0.13119357824325562,0.5153595358133316,0.12581783533096313,0.384165957570076,0.0053757429122924805,0.384165957570076,-0.0053757429122924805,452,52,0.8849557522123894,33,4
610,H,5,gnnexplainer,0.9,zero,scientific,-0.14004060626029968,-0.10426928848028183,-0.17756295204162598,-0.12377718091011047,0.01626342535018921,0.019507892429828644,0.0537857711315155,0.03577131778001785,0.037522345781326294,0.003244467079639435,0.037522345781326294,452,52,0.8849557522123894,33,4
610,H,5,integrated_gradients,0.9,zero,scientific,-0.14004060626029968,-0.042529452592134476,-0.17470034956932068,-0.12377718091011047,0.01626342535018921,0.081247728317976,0.050923168659210205,0.0975111536681652,0.034659743309020996,0.06498430296778679,0.034659743309020996,452,52,0.8849557522123894,33,4
610,H,6,gnnexplainer,0.9,zero,scientific,-0.12860378623008728,-0.002414267510175705,-0.20499786734580994,-0.14696994423866272,0.01836615800857544,0.14455567672848701,0.05802792310714722,0.12618951871991158,0.07639408111572266,0.12618951871991158,0.03966176509857178,452,52,0.8849557522123894,33,4
610,H,6,integrated_gradients,0.9,zero,scientific,-0.12860378623008728,-0.03466765955090523,-0.16896125674247742,-0.14696994423866272,0.01836615800857544,0.11230228468775749,0.021991312503814697,0.09393612667918205,0.04035747051239014,0.09393612667918205,0.003625154495239258,452,52,0.8849557522123894,33,4
610,H,7,gnnexplainer,0.9,zero,scientific,-0.16811057925224304,-0.09830163419246674,-0.22548052668571472,-0.19154877960681915,0.02343820035457611,0.09324714541435242,0.03393174707889557,0.0698089450597763,0.05736994743347168,0.0698089450597763,0.010493546724319458,452,52,0.8849557522123894,33,4
610,H,7,integrated_gradients,0.9,zero,scientific,-0.16811057925224304,-0.0450088270008564,-0.21015122532844543,-0.19154877960681915,0.02343820035457611,0.14653995260596275,0.018602445721626282,0.12310175225138664,0.04204064607620239,0.12310175225138664,-0.004835754632949829,452,52,0.8849557522123894,33,4
610,C,0,gnnexplainer,0.9,zero,scientific,-16.07822036743164,-7.057778358459473,-19.59467124938965,-18.057586669921875,1.9793663024902344,10.999808311462402,1.5370845794677734,9.020442008972168,3.516450881958008,9.020442008972168,-0.44228172302246094,452,52,0.8849557522123894,39,4
610,C,0,integrated_gradients,0.9,zero,scientific,-16.07822036743164,-6.396223545074463,-15.149171829223633,-18.057586669921875,1.9793663024902344,11.661363124847412,2.908414840698242,9.681996822357178,0.9290485382080078,9.681996822357178,0.9290485382080078,452,52,0.8849557522123894,39,4
610,C,1,gnnexplainer,0.9,zero,scientific,-16.779712677001953,-9.168302536010742,-9.123059272766113,-17.75385856628418,0.9741458892822266,8.585556030273438,8.630799293518066,7.611410140991211,7.65665340423584,7.611410140991211,7.65665340423584,452,52,0.8849557522123894,39,4
610,C,1,integrated_gradients,0.9,zero,scientific,-16.779712677001953,-5.5825276374816895,-15.61474323272705,-17.75385856628418,0.9741458892822266,12.17133092880249,2.139115333557129,11.197185039520264,1.1649694442749023,11.197185039520264,1.1649694442749023,452,52,0.8849557522123894,39,4
610,C,2,gnnexplainer,0.9,zero,scientific,-1.856040596961975,-1.4138261079788208,-4.4521307945251465,-2.5053277015686035,0.6492871046066284,1.0915015935897827,1.946803092956543,0.4422144889831543,2.5960901975631714,0.4422144889831543,1.2975159883499146,452,52,0.8849557522123894,39,4
610,C,2,integrated_gradients,0.9,zero,scientific,-1.856040596961975,-3.326584577560425,-2.4432547092437744,-2.5053277015686035,0.6492871046066284,0.8212568759918213,0.0620729923248291,1.4705439805984497,0.5872141122817993,0.17196977138519287,-0.5872141122817993,452,52,0.8849557522123894,39,4
610,C,3,gnnexplainer,0.9,zero,scientific,-1.9090392589569092,-2.008664608001709,-3.5842976570129395,-2.3740406036376953,0.46500134468078613,0.36537599563598633,1.2102570533752441,0.0996253490447998,1.6752583980560303,-0.0996253490447998,0.745255708694458,452,52,0.8849557522123894,39,4
610,C,3,integrated_gradients,0.9,zero,scientific,-1.9090392589569092,-3.112381935119629,-2.8845605850219727,-2.3740406036376953,0.46500134468078613,0.7383413314819336,0.5105199813842773,1.2033426761627197,0.9755213260650635,0.27333998680114746,0.04551863670349121,452,52,0.8849557522123894,39,4
620,H,0,gnnexplainer,0.9,zero,scientific,-0.22838380932807922,-0.19692367315292358,-0.20130491256713867,-0.2509962022304535,0.022612392902374268,0.05407252907752991,0.04969128966331482,0.03146013617515564,0.027078896760940552,0.03146013617515564,0.027078896760940552,603,68,0.8872305140961857,33,4
620,H,0,integrated_gradients,0.9,zero,scientific,-0.22838380932807922,-0.1934756338596344,-0.24364569783210754,-0.2509962022304535,0.022612392902374268,0.05752056837081909,0.007350504398345947,0.034908175468444824,0.01526188850402832,0.034908175468444824,-0.01526188850402832,603,68,0.8872305140961857,33,4
620,H,1,gnnexplainer,0.9,zero,scientific,-0.228367418050766,-0.18731364607810974,-0.21079447865486145,-0.24986469745635986,0.021497279405593872,0.06255105137825012,0.03907021880149841,0.04105377197265625,0.01757293939590454,0.04105377197265625,0.01757293939590454,603,68,0.8872305140961857,33,4
620,H,1,integrated_gradients,0.9,zero,scientific,-0.228367418050766,-0.17660561203956604,-0.25676199793815613,-0.24986469745635986,0.021497279405593872,0.07325908541679382,0.006897300481796265,0.05176180601119995,0.028394579887390137,0.05176180601119995,-0.014599978923797607,603,68,0.8872305140961857,33,4
620,H,2,gnnexplainer,0.9,zero,scientific,-0.2283584177494049,-0.2497422695159912,-0.17164605855941772,-0.2488207370042801,0.020462319254875183,0.0009215325117111206,0.07717467844486237,0.021383851766586304,0.05671235918998718,-0.019540786743164062,0.05671235918998718,603,68,0.8872305140961857,33,4
620,H,2,integrated_gradients,0.9,zero,scientific,-0.2283584177494049,-0.17439782619476318,-0.2559429407119751,-0.2488207370042801,0.020462319254875183,0.0744229108095169,0.007122203707695007,0.053960591554641724,0.02758452296257019,0.053960591554641724,-0.013340115547180176,603,68,0.8872305140961857,33,4
620,H,3,gnnexplainer,0.9,zero,scientific,-0.22839093208312988,-0.1779700368642807,-0.16531124711036682,-0.25204017758369446,0.023649245500564575,0.07407014071941376,0.08672893047332764,0.05042089521884918,0.06307968497276306,0.05042089521884918,0.06307968497276306,603,68,0.8872305140961857,33,4
620,H,3,integrated_gradients,0.9,zero,scientific,-0.22839093208312988,-0.19363659620285034,-0.24368244409561157,-0.25204017758369446,0.023649245500564575,0.058403581380844116,0.008357733488082886,0.03475433588027954,0.01529151201248169,0.03475433588027954,-0.01529151201248169,603,68,0.8872305140961857,33,4
620,H,4,gnnexplainer,0.9,zero,scientific,-0.22839006781578064,-0.20971906185150146,-0.18490278720855713,-0.251996248960495,0.023606181144714355,0.04227718710899353,0.06709346175193787,0.018671005964279175,0.04348728060722351,0.018671005964279175,0.04348728060722351,603,68,0.8872305140961857,33,4
620,H,4,integrated_gradients,0.9,zero,scientific,-0.22839006781578064,-0.19367024302482605,-0.2436496913433075,-0.251996248960495,0.023606181144714355,0.058326005935668945,0.0083465576171875,0.03471982479095459,0.015259623527526855,0.03471982479095459,-0.015259623527526855,603,68,0.8872305140961857,33,4
620,H,5,gnnexplainer,0.9,zero,scientific,-0.22836831212043762,-0.18216699361801147,-0.26129430532455444,-0.24986469745635986,0.02149638533592224,0.06769770383834839,0.01142960786819458,0.04620131850242615,0.03292599320411682,0.04620131850242615,-0.010066777467727661,603,68,0.8872305140961857,33,4
620,H,5,integrated_gradients,0.9,zero,scientific,-0.22836831212043762,-0.17640995979309082,-0.25671759247779846,-0.24986469745635986,0.02149638533592224,0.07345473766326904,0.006852895021438599,0.0519583523273468,0.02834928035736084,0.0519583523273468,-0.014643490314483643,603,68,0.8872305140961857,33,4
620,H,6,gnnexplainer,0.9,zero,scientific,-0.00035447627305984497,-0.031863197684288025,-0.028867054730653763,0.08161692321300507,0.08197139948606491,0.11348012089729309,0.11048397794365883,0.03150872141122818,0.028512578457593918,0.03150872141122818,0.028512578457593918,603,68,0.8872305140961857,33,4
620,H,6,integrated_gradients,0.9,zero,scientific,-0.00035447627305984497,-0.04681660234928131,-0.019809842109680176,0.08161692321300507,0.08197139948606491,0.12843352556228638,0.10142676532268524,0.046462126076221466,0.01945536583662033,0.046462126076221466,0.01945536583662033,603,68,0.8872305140961857,33,4
620,H,7,gnnexplainer,0.9,zero,scientific,-0.0003616511821746826,-0.017932623624801636,-0.021690502762794495,0.0810290277004242,0.08139067888259888,0.09896165132522583,0.10271953046321869,0.017570972442626953,0.021328851580619812,0.017570972442626953,0.021328851580619812,603,68,0.8872305140961857,33,4
620,H,7,integrated_gradients,0.9,zero,scientific,-0.0003616511821746826,-0.04682711139321327,-0.01982775703072548,0.0810290277004242,0.08139067888259888,0.12785613909363747,0.10085678473114967,0.04646546021103859,0.019466105848550797,0.04646546021103859,0.019466105848550797,603,68,0.8872305140961857,33,4
620,H,8,gnnexplainer,0.9,zero,scientific,-0.00035750120878219604,-0.03215513005852699,-0.040397122502326965,0.08161692321300507,0.08197442442178726,0.11377205327153206,0.12201404571533203,0.0317976288497448,0.04003962129354477,0.0317976288497448,0.04003962129354477,603,68,0.8872305140961857,33,4
620,H,8,integrated_gradients,0.9,zero,scientific,-0.00035750120878219604,-0.04681962728500366,-0.019818436354398727,0.08161692321300507,0.08197442442178726,0.12843655049800873,0.1014353595674038,0.046462126076221466,0.01946093514561653,0.046462126076221466,0.01946093514561653,603,68,0.8872305140961857,33,4
620,H,9,gnnexplainer,0.9,zero,scientific,-0.01004878431558609,-0.008402232080698013,-0.04196659103035927,0.17055636644363403,0.18060515075922012,0.17895859852433205,0.2125229574739933,0.0016465522348880768,0.03191780671477318,-0.0016465522348880768,0.03191780671477318,603,68,0.8872305140961857,33,4
620,H,9,integrated_gradients,0.9,zero,scientific,-0.01004878431558609,-0.04636682569980621,-0.030969735234975815,0.17055636644363403,0.18060515075922012,0.21692319214344025,0.20152610167860985,0.03631804138422012,0.020920950919389725,0.03631804138422012,0.020920950919389725,603,68,0.8872305140961857,33,4
620,C,0,gnnexplainer,0.9,zero,scientific,-8.43395709991455,-7.554610729217529,-5.322301387786865,-8.185676574707031,0.24828052520751953,0.631065845489502,2.863375186920166,0.8793463706970215,3.1116557121276855,0.3827853202819824,2.6150946617126465,603,68,0.8872305140961857,39,4
620,C,0,integrated_gradients,0.9,zero,scientific,-8.43395709991455,-4.6479339599609375,-10.073098182678223,-8.185676574707031,0.24828052520751953,3.5377426147460938,1.8874216079711914,3.7860231399536133,1.6391410827636719,3.289462089538574,1.6391410827636719,603,68,0.8872305140961857,39,4
620,C,1,gnnexplainer,0.9,zero,scientific,-8.439017295837402,-6.092580318450928,-10.683817863464355,-8.185914039611816,0.25310325622558594,2.0933337211608887,2.497903823852539,2.3464369773864746,2.244800567626953,1.8402304649353027,2.244800567626953,603,68,0.8872305140961857,39,4
620,C,1,integrated_gradients,0.9,zero,scientific,-8.439017295837402,-4.757534503936768,-10.090422630310059,-8.185914039611816,0.25310325622558594,3.428379535675049,1.9045085906982422,3.6814827919006348,1.6514053344726562,3.175276279449463,1.6514053344726562,603,68,0.8872305140961857,39,4
620,C,2,gnnexplainer,0.9,zero,scientific,-8.438666343688965,-7.459366321563721,-6.618116855621338,-8.188501358032227,0.2501649856567383,0.7291350364685059,1.5703845024108887,0.9793000221252441,1.820549488067627,0.4789700508117676,1.3202195167541504,603,68,0.8872305140961857,39,4
620,C,2,integrated_gradients,0.9,zero,scientific,-8.438666343688965,-4.75747013092041,-10.090386390686035,-8.188501358032227,0.2501649856567383,3.4310312271118164,1.9018850326538086,3.6811962127685547,1.6517200469970703,3.180866241455078,1.6517200469970703,603,68,0.8872305140961857,39,4
620,C,3,gnnexplainer,0.9,zero,scientific,-8.43066120147705,-7.701135158538818,-6.068164348602295,-8.189264297485352,0.24139690399169922,0.4881291389465332,2.1210999488830566,0.7295260429382324,2.362496852874756,0.24673223495483398,1.8797030448913574,603,68,0.8872305140961857,39,4
620,C,3,integrated_gradients,0.9,zero,scientific,-8.43066120147705,-4.6479926109313965,-10.072854042053223,-8.189264297485352,0.24139690399169922,3.541271686553955,1.883589744567871,3.7826685905456543,1.6421928405761719,3.299874782562256,1.6421928405761719,603,68,0.8872305140961857,39,4
620,C,4,gnnexplainer,0.9,zero,scientific,-8.43023681640625,-6.492274284362793,-8.505804061889648,-8.187677383422852,0.24255943298339844,1.6954030990600586,0.3181266784667969,1.937962532043457,0.07556724548339844,1.4528436660766602,0.07556724548339844,603,68,0.8872305140961857,39,4
620,C,4,integrated_gradients,0.9,zero,scientific,-8.43023681640625,-4.647562503814697,-10.0729398727417,-8.187677383422852,0.24255943298339844,3.5401148796081543,1.8852624893188477,3.7826743125915527,1.6427030563354492,3.297555446624756,1.6427030563354492,603,68,0.8872305140961857,39,4
620,C,5,gnnexplainer,0.9,zero,scientific,-8.442373275756836,-9.422298431396484,-5.622213363647461,-8.186501502990723,0.2558717727661133,1.2357969284057617,2.5642881393432617,0.9799251556396484,2.820159912109375,0.9799251556396484,2.3084163665771484,603,68,0.8872305140961857,39,4
620,C,5,integrated_gradients,0.9,zero,scientific,-8.442373275756836,-4.870290279388428,-10.11095142364502,-8.186501502990723,0.2558717727661133,3.316211223602295,1.9244499206542969,3.572082996368408,1.6685781478881836,3.0603394508361816,1.6685781478881836,603,68,0.8872305140961857,39,4
620,C,6,gnnexplainer,0.9,zero,scientific,0.4642379879951477,-0.2949603796005249,-1.2159342765808105,1.20413076877594,0.7398927807807922,1.4990911483764648,2.4200650453567505,0.7591983675956726,1.6801722645759583,0.7591983675956726,1.6801722645759583,603,68,0.8872305140961857,39,4
620,C,6,integrated_gradients,0.9,zero,scientific,0.4642379879951477,-1.413607120513916,0.16034038364887238,1.20413076877594,0.7398927807807922,2.617737889289856,1.0437903851270676,1.8778451085090637,0.30389760434627533,1.8778451085090637,0.30389760434627533,603,68,0.8872305140961857,39,4
640,H,0,gnnexplainer,0.9,zero,scientific,-0.21126306056976318,-0.3782695531845093,-0.05621464550495148,0.13790667057037354,0.3491697311401367,0.5161762237548828,0.194121316075325,0.1670064926147461,0.1550484150648117,0.1670064926147461,-0.1550484150648117,735,84,0.8857142857142857,33,4
640,H,0,integrated_gradients,0.9,zero,scientific,-0.21126306056976318,-0.2018580436706543,-0.16352024674415588,0.13790667057037354,0.3491697311401367,0.33976471424102783,0.3014269173145294,0.009405016899108887,0.0477428138256073,-0.009405016899108887,-0.0477428138256073,735,84,0.8857142857142857,33,4
640,H,1,gnnexplainer,0.9,zero,scientific,-0.21125224232673645,-0.34231993556022644,-0.03290845826268196,0.13790667057037354,0.34915891289711,0.4802266061306,0.1708151288330555,0.13106769323349,0.1783437840640545,0.13106769323349,-0.1783437840640545,735,84,0.8857142857142857,33,4
640,H,1,integrated_gradients,0.9,zero,scientific,-0.21125224232673645,-0.20182794332504272,-0.1635136902332306,0.13790667057037354,0.34915891289711,0.33973461389541626,0.3014203608036041,0.009424299001693726,0.04773855209350586,-0.009424299001693726,-0.04773855209350586,735,84,0.8857142857142857,33,4
640,H,2,gnnexplainer,0.9,zero,scientific,-0.04018162190914154,-0.08962079882621765,-0.06937114149332047,-0.010049479082226753,0.030132142826914787,0.0795713197439909,0.05932166241109371,0.04943917691707611,0.029189519584178925,0.04943917691707611,0.029189519584178925,735,84,0.8857142857142857,33,4
640,H,2,integrated_gradients,0.9,zero,scientific,-0.04018162190914154,-0.07932271808385849,-0.06362690776586533,-0.010049479082226753,0.030132142826914787,0.06927323900163174,0.05357742868363857,0.03914109617471695,0.023445285856723785,0.03914109617471695,0.023445285856723785,735,84,0.8857142857142857,33,4
640,H,3,gnnexplainer,0.9,zero,scientific,-0.02698579430580139,-0.08839276432991028,-0.0452856719493866,-0.030795302242040634,0.0038095079362392426,0.057597462087869644,0.014490369707345963,0.06140697002410889,0.018299877643585205,0.0537879541516304,0.01068086177110672,735,84,0.8857142857142857,33,4
640,H,3,integrated_gradients,0.9,zero,scientific,-0.02698579430580139,-0.06042250990867615,-0.0538470521569252,-0.030795302242040634,0.0038095079362392426,0.029627207666635513,0.023051749914884567,0.033436715602874756,0.02686125785112381,0.02581769973039627,0.019242241978645325,735,84,0.8857142857142857,33,4
640,H,4,gnnexplainer,0.9,zero,scientific,-0.029253706336021423,-0.07639263570308685,-0.025991074740886688,-0.03988323733210564,0.010629530996084213,0.036509398370981216,0.013892162591218948,0.04713892936706543,0.003262631595134735,0.025879867374897003,0.003262631595134735,735,84,0.8857142857142857,33,4
640,H,4,integrated_gradients,0.9,zero,scientific,-0.029253706336021423,-0.06939096748828888,-0.05343012884259224,-0.03988323733210564,0.010629530996084213,0.029507730156183243,0.013546891510486603,0.040137261152267456,0.024176422506570816,0.01887819916009903,0.0029173605144023895,735,84,0.8857142857142857,33,4
640,H,5,gnnexplainer,0.9,zero,scientific,-0.07945401221513748,-0.12731042504310608,-0.10502347350120544,-0.08353185653686523,0.004077844321727753,0.043778568506240845,0.02149161696434021,0.0478564128279686,0.025569461286067963,0.03970072418451309,0.017413772642612457,735,84,0.8857142857142857,33,4
640,H,5,integrated_gradients,0.9,zero,scientific,-0.07945401221513748,-0.06845113635063171,-0.09664076566696167,-0.08353185653686523,0.004077844321727753,0.01508072018623352,0.013108909130096436,0.011002875864505768,0.017186753451824188,0.011002875864505768,0.009031064808368683,735,84,0.8857142857142857,33,4
640,H,6,gnnexplainer,0.9,zero,scientific,-0.11835552006959915,-0.1363043487071991,-0.09936186671257019,-0.10661061108112335,0.0117449089884758,0.029693737626075745,0.007248744368553162,0.017948828637599945,0.01899365335702896,0.017948828637599945,-0.004496164619922638,735,84,0.8857142857142857,33,4
640,H,6,integrated_gradients,0.9,zero,scientific,-0.11835552006959915,-0.1316772699356079,-0.1116010993719101,-0.10661061108112335,0.0117449089884758,0.025066658854484558,0.004990488290786743,0.013321749866008759,0.006754420697689056,0.013321749866008759,-0.006754420697689056,735,84,0.8857142857142857,33,4
640,H,7,gnnexplainer,0.9,zero,scientific,-0.06900552660226822,-0.10833168029785156,-0.03764641284942627,-0.07117222994565964,0.0021667033433914185,0.037159450352191925,0.03352581709623337,0.039326153695583344,0.03135911375284195,0.03499274700880051,0.03135911375284195,735,84,0.8857142857142857,33,4
640,H,7,integrated_gradients,0.9,zero,scientific,-0.06900552660226822,-0.10851038992404938,-0.07707636803388596,-0.07117222994565964,0.0021667033433914185,0.03733815997838974,0.005904138088226318,0.03950486332178116,0.008070841431617737,0.03517145663499832,0.0037374347448349,735,84,0.8857142857142857,33,4
640,H,8,gnnexplainer,0.9,zero,scientific,-0.10110029578208923,-0.030756760388612747,-0.22953858971595764,-0.12511934340000153,0.024019047617912292,0.09436258301138878,0.10441924631595612,0.07034353539347649,0.1284382939338684,0.07034353539347649,0.08040019869804382,735,84,0.8857142857142857,33,4
640,H,8,integrated_gradients,0.9,zero,scientific,-0.10110029578208923,-0.0978260189294815,-0.12762603163719177,-0.12511934340000153,0.024019047617912292,0.02729332447052002,0.0025066882371902466,0.003274276852607727,0.02652573585510254,0.003274276852607727,-0.021512359380722046,735,84,0.8857142857142857,33,4
640,H,9,gnnexplainer,0.9,zero,scientific,-0.07945292443037033,-0.13474097847938538,-0.09391672164201736,-0.08353185653686523,0.0040789321064949036,0.05120912194252014,0.01038486510515213,0.055288054049015045,0.014463797211647034,0.04713018983602524,0.0063059329986572266,735,84,0.8857142857142857,33,4
640,H,9,integrated_gradients,0.9,zero,scientific,-0.07945292443037033,-0.06845556944608688,-0.09663771092891693,-0.08353185653686523,0.0040789321064949036,0.01507628709077835,0.013105854392051697,0.010997354984283447,0.0171847864985466,0.010997354984283447,0.009026922285556793,735,84,0.8857142857142857,33,4
640,H,10,gnnexplainer,0.9,zero,scientific,-0.11835354566574097,-0.1250942349433899,-0.1309511959552765,-0.10661061108112335,0.011742934584617615,0.01848362386226654,0.024340584874153137,0.006740689277648926,0.012597650289535522,0.006740689277648926,0.012597650289535522,735,84,0.8857142857142857,33,4
640,H,10,integrated_gradients,0.9,zero,scientific,-0.11835354566574097,-0.1316809058189392,-0.11159979552030563,-0.10661061108112335,0.011742934584617615,0.025070294737815857,0.0049891844391822815,0.013327360153198242,0.006753750145435333,0.013327360153198242,-0.006753750145435333,735,84,0.8857142857142857,33,4
640,H,11,gnnexplainer,0.9,zero,scientific,-0.04018741473555565,-0.07367908209562302,-0.09120608121156693,-0.010049479082226753,0.030137935653328896,0.06362960301339626,0.08115660212934017,0.03349166736006737,0.051018666476011276,0.03349166736006737,0.051018666476011276,735,84,0.8857142857142857,33,4
640,H,11,integrated_gradients,0.9,zero,scientific,-0.04018741473555565,-0.07932025194168091,-0.06363030523061752,-0.010049479082226753,0.030137935653328896,0.06927077285945415,0.05358082614839077,0.03913283720612526,0.023442890495061874,0.03913283720612526,0.023442890495061874,735,84,0.8857142857142857,33,4
640,H,12,gnnexplainer,0.9,zero,scientific,-0.029250383377075195,-0.06822947412729263,-0.06096496433019638,-0.04088323935866356,0.011632855981588364,0.027346234768629074,0.02008172497153282,0.03897909075021744,0.031714580953121185,0.01571337878704071,0.008448868989944458,735,84,0.8857142857142857,33,4
640,H,12,integrated_gradients,0.9,zero,scientific,-0.029250383377075195,-0.07835759222507477,-0.05427583307027817,-0.04088323935866356,0.011632855981588364,0.03747435286641121,0.013392593711614609,0.04910720884799957,0.025025449693202972,0.025841496884822845,0.0017597377300262451,735,84,0.8857142857142857,33,4
640,H,13,gnnexplainer,0.9,zero,scientific,-0.026982992887496948,-0.08826637268066406,-0.04227440059185028,-0.030795302242040634,0.003812309354543686,0.05747107043862343,0.011479098349809647,0.061283379793167114,0.015291407704353333,0.05365876108407974,0.007666788995265961,735,84,0.8857142857142857,33,4
640,H,13,integrated_gradients,0.9,zero,scientific,-0.026982992887496948,-0.060422953218221664,-0.05384111404418945,-0.030795302242040634,0.003812309354543686,0.02962765097618103,0.02304581180214882,0.033439960330724716,0.026858121156692505,0.025815341621637344,0.019233502447605133,735,84,0.8857142857142857,33,4
640,C,0,gnnexplainer,0.9,zero,scientific,-7.860611915588379,-4.479411602020264,-8.51317024230957,-8.271045684814453,0.4104337692260742,3.7916340827941895,0.2421245574951172,3.3812003135681152,0.6525583267211914,3.3812003135681152,-0.16830921173095703,735,84,0.8857142857142857,39,4
640,C,0,integrated_gradients,0.9,zero,scientific,-7.860611915588379,-6.63168478012085,-7.024444580078125,-8.271045684814453,0.4104337692260742,1.6393609046936035,1.2466011047363281,1.2289271354675293,0.8361673355102539,1.2289271354675293,0.8361673355102539,735,84,0.8857142857142857,39,4
640,C,1,gnnexplainer,0.9,zero,scientific,-7.8596673011779785,-5.192042827606201,-7.657737731933594,-8.270045280456543,0.41037797927856445,3.078002452850342,0.6123075485229492,2.6676244735717773,0.20192956924438477,2.6676244735717773,0.20192956924438477,735,84,0.8857142857142857,39,4
640,C,1,integrated_gradients,0.9,zero,scientific,-7.8596673011779785,-6.6315460205078125,-7.02443265914917,-8.270045280456543,0.41037797927856445,1.6384992599487305,1.245612621307373,1.228121280670166,0.8352346420288086,1.228121280670166,0.8352346420288086,735,84,0.8857142857142857,39,4
640,C,2,gnnexplainer,0.9,zero,scientific,-0.4793398380279541,-1.621672511100769,-2.2505698204040527,-0.608948290348053,0.12960845232009888,1.012724220752716,1.6416215300559998,1.142332673072815,1.7712299823760986,0.8831157684326172,1.5120130777359009,735,84,0.8857142857142857,39,4
640,C,2,integrated_gradients,0.9,zero,scientific,-0.4793398380279541,-4.908669948577881,-0.6441501975059509,-0.608948290348053,0.12960845232009888,4.299721658229828,0.03520190715789795,4.429330110549927,0.16481035947799683,4.170113205909729,-0.09440654516220093,735,84,0.8857142857142857,39,4
640,C,3,gnnexplainer,0.9,zero,scientific,-1.0577682256698608,-3.5576112270355225,-2.3643441200256348,-1.4114946126937866,0.3537263870239258,2.146116614341736,0.9528495073318481,2.4998430013656616,1.306575894355774,1.79239022731781,0.5991231203079224,735,84,0.8857142857142857,39,4
640,C,3,integrated_gradients,0.9,zero,scientific,-1.0577682256698608,-5.595921039581299,-1.3314160108566284,-1.4114946126937866,0.3537263870239258,4.184426426887512,0.0800786018371582,4.538152813911438,0.2736477851867676,3.8307000398635864,-0.2736477851867676,735,84,0.8857142857142857,39,4
640,C,4,gnnexplainer,0.9,zero,scientific,-1.6062666177749634,-3.611809492111206,-2.824849843978882,-2.1460978984832764,0.539831280708313,1.4657115936279297,0.6787519454956055,2.0055428743362427,1.2185832262039185,0.9258803129196167,0.13892066478729248,735,84,0.8857142857142857,39,4
640,C,4,integrated_gradients,0.9,zero,scientific,-1.6062666177749634,-5.382383346557617,-1.6918772459030151,-2.1460978984832764,0.539831280708313,3.236285448074341,0.45422065258026123,3.776116728782654,0.08561062812805176,2.696454167366028,-0.08561062812805176,735,84,0.8857142857142857,39,4
640,C,5,gnnexplainer,0.9,zero,scientific,-1.0578246116638184,-2.516542911529541,-3.157680034637451,-1.4114511013031006,0.3536264896392822,1.1050918102264404,1.7462289333343506,1.4587182998657227,2.099855422973633,0.7514653205871582,1.3926024436950684,735,84,0.8857142857142857,39,4
640,C,5,integrated_gradients,0.9,zero,scientific,-1.0578246116638184,-5.596009731292725,-1.3314276933670044,-1.4114511013031006,0.3536264896392822,4.184558629989624,0.08002340793609619,4.538185119628906,0.27360308170318604,3.830932140350342,-0.27360308170318604,735,84,0.8857142857142857,39,4
640,C,6,gnnexplainer,0.9,zero,scientific,-0.47932881116867065,-1.7030680179595947,-1.178450584411621,-0.6109034419059753,0.1315746307373047,1.0921645760536194,0.5675471425056458,1.223739206790924,0.6991217732429504,0.9605899453163147,0.43597251176834106,735,84,0.8857142857142857,39,4
640,C,6,integrated_gradients,0.9,zero,scientific,-0.47932881116867065,-4.908710479736328,-0.6441344618797302,-0.6109034419059753,0.1315746307373047,4.297807037830353,0.03323101997375488,4.4293816685676575,0.16480565071105957,4.166232407093048,-0.0983436107635498,735,84,0.8857142857142857,39,4
650,H,0,gnnexplainer,0.9,zero,scientific,-0.034940771758556366,-0.07490074634552002,-0.036343563348054886,-0.047470711171627045,0.012529939413070679,0.027430035173892975,0.011127147823572159,0.039959974586963654,0.00140279158949852,0.014900095760822296,-0.00140279158949852,762,88,0.8845144356955381,33,4
650,H,0,integrated_gradients,0.9,zero,scientific,-0.034940771758556366,-0.07133305072784424,-0.05142014101147652,-0.047470711171627045,0.012529939413070679,0.023862339556217194,0.003949429839849472,0.03639227896928787,0.01647936925292015,0.011332400143146515,-0.008580509573221207,762,88,0.8845144356955381,33,4
650,H,1,gnnexplainer,0.9,zero,scientific,-0.06100916862487793,-0.10550263524055481,-0.04293404892086983,-0.0373387411236763,0.02367042750120163,0.06816389411687851,0.005595307797193527,0.04449346661567688,0.018075119704008102,0.04449346661567688,-0.018075119704008102,762,88,0.8845144356955381,33,4
650,H,1,integrated_gradients,0.9,zero,scientific,-0.06100916862487793,-0.09734099358320236,-0.05964692682027817,-0.0373387411236763,0.02367042750120163,0.06000225245952606,0.022308185696601868,0.03633182495832443,0.001362241804599762,0.03633182495832443,-0.001362241804599762,762,88,0.8845144356955381,33,4
650,H,2,gnnexplainer,0.9,zero,scientific,-0.024738125503063202,-0.06175694614648819,-0.08354341983795166,-0.021102281287312508,0.0036358442157506943,0.04065466485917568,0.06244113855063915,0.03701882064342499,0.05880529433488846,0.03701882064342499,0.05880529433488846,762,88,0.8845144356955381,33,4
650,H,2,integrated_gradients,0.9,zero,scientific,-0.024738125503063202,-0.08638833463191986,-0.03889506310224533,-0.021102281287312508,0.0036358442157506943,0.06528605334460735,0.017792781814932823,0.06165020912885666,0.014156937599182129,0.06165020912885666,0.014156937599182129,762,88,0.8845144356955381,33,4
650,H,3,gnnexplainer,0.9,zero,scientific,-0.10827633738517761,-0.09149140119552612,-0.1636355221271515,-0.09628623723983765,0.011990100145339966,0.0047948360443115234,0.06734928488731384,0.01678493618965149,0.05535918474197388,-0.007195264101028442,0.05535918474197388,762,88,0.8845144356955381,33,4
650,H,3,integrated_gradients,0.9,zero,scientific,-0.10827633738517761,-0.09995560348033905,-0.09758495539426804,-0.09628623723983765,0.011990100145339966,0.003669366240501404,0.0012987181544303894,0.008320733904838562,0.010691381990909576,-0.008320733904838562,-0.010691381990909576,762,88,0.8845144356955381,33,4
650,H,4,gnnexplainer,0.9,zero,scientific,-0.05421527847647667,-0.012276161462068558,-0.22920772433280945,-0.1060146912932396,0.051799412816762924,0.09373852983117104,0.12319303303956985,0.04193911701440811,0.17499244585633278,0.04193911701440811,0.07139362022280693,762,88,0.8845144356955381,33,4
650,H,4,integrated_gradients,0.9,zero,scientific,-0.05421527847647667,-0.10427679121494293,-0.06633590161800385,-0.1060146912932396,0.051799412816762924,0.0017379000782966614,0.03967878967523575,0.05006151273846626,0.012120623141527176,-0.05006151273846626,-0.012120623141527176,762,88,0.8845144356955381,33,4
650,H,5,gnnexplainer,0.9,zero,scientific,-0.0340970978140831,-0.06617787480354309,-0.06289173662662506,-0.045926790684461594,0.011829692870378494,0.020251084119081497,0.016964945942163467,0.03208077698945999,0.02879463881254196,0.008421391248703003,0.005135253071784973,762,88,0.8845144356955381,33,4
650,H,5,integrated_gradients,0.9,zero,scientific,-0.0340970978140831,-0.0673922523856163,-0.04665973037481308,-0.045926790684461594,0.011829692870378494,0.02146546170115471,0.0007329396903514862,0.0332951545715332,0.01256263256072998,0.009635768830776215,-0.011096753180027008,762,88,0.8845144356955381,33,4
650,H,6,gnnexplainer,0.9,zero,scientific,-0.023676138371229172,-0.04569559544324875,-0.06297463178634644,-0.01910228095948696,0.00457385741174221,0.026593314483761787,0.043872350826859474,0.022019457072019577,0.039298493415117264,0.022019457072019577,0.039298493415117264,762,88,0.8845144356955381,33,4
650,H,6,integrated_gradients,0.9,zero,scientific,-0.023676138371229172,-0.07821457833051682,-0.039576224982738495,-0.01910228095948696,0.00457385741174221,0.059112297371029854,0.020473944023251534,0.05453843995928764,0.015900086611509323,0.05453843995928764,0.015900086611509323,762,88,0.8845144356955381,33,4
650,H,7,gnnexplainer,0.9,zero,scientific,-0.05934511870145798,-0.06977250427007675,-0.04860307276248932,-0.03475097194314003,0.024594146758317947,0.03502153232693672,0.013852100819349289,0.010427385568618774,0.010742045938968658,0.010427385568618774,-0.010742045938968658,762,88,0.8845144356955381,33,4
650,H,7,integrated_gradients,0.9,zero,scientific,-0.05934511870145798,-0.09266947209835052,-0.06039916351437569,-0.03475097194314003,0.024594146758317947,0.057918500155210495,0.025648191571235657,0.03332435339689255,0.0010540448129177094,0.03332435339689255,0.0010540448129177094,762,88,0.8845144356955381,33,4
650,H,8,gnnexplainer,0.9,zero,scientific,-0.03394071012735367,-0.07578670978546143,-0.05802832916378975,-0.04692678898572922,0.01298607885837555,0.028859920799732208,0.011101540178060532,0.04184599965810776,0.02408761903643608,0.01587384194135666,-0.0018845386803150177,762,88,0.8845144356955381,33,4
650,H,8,integrated_gradients,0.9,zero,scientific,-0.03394071012735367,-0.06746279448270798,-0.04664095491170883,-0.04692678898572922,0.01298607885837555,0.02053600549697876,0.00028583407402038574,0.03352208435535431,0.012700244784355164,0.0075499266386032104,-0.012700244784355164,762,88,0.8845144356955381,33,4
650,H,9,gnnexplainer,0.9,zero,scientific,-0.05895303934812546,-0.09488373249769211,-0.06326355040073395,-0.03479496389627457,0.02415807545185089,0.06008876860141754,0.02846858650445938,0.03593069314956665,0.00431051105260849,0.03593069314956665,0.00431051105260849,762,88,0.8845144356955381,33,4
650,H,9,integrated_gradients,0.9,zero,scientific,-0.05895303934812546,-0.09239154309034348,-0.060229845345020294,-0.03479496389627457,0.02415807545185089,0.05759657919406891,0.025434881448745728,0.03343850374221802,0.0012768059968948364,0.03343850374221802,0.0012768059968948364,762,88,0.8845144356955381,33,4
650,H,10,gnnexplainer,0.9,zero,scientific,-0.023587524890899658,-0.05144741013646126,-0.06300725042819977,-0.020102281123399734,0.0034852437674999237,0.03134512901306152,0.042904969304800034,0.0278598852455616,0.03941972553730011,0.0278598852455616,0.03941972553730011,762,88,0.8845144356955381,33,4
650,H,10,integrated_gradients,0.9,zero,scientific,-0.023587524890899658,-0.07835700362920761,-0.03952809423208237,-0.020102281123399734,0.0034852437674999237,0.05825472250580788,0.019425813108682632,0.05476947873830795,0.01594056934118271,0.05476947873830795,0.01594056934118271,762,88,0.8845144356955381,33,4
650,H,11,gnnexplainer,0.9,zero,scientific,-0.10841157287359238,-0.11079881340265274,-0.1266983151435852,-0.09524228423833847,0.013169288635253906,0.01555652916431427,0.031456030905246735,0.0023872405290603638,0.01828674226999283,0.0023872405290603638,0.01828674226999283,762,88,0.8845144356955381,33,4
650,H,11,integrated_gradients,0.9,zero,scientific,-0.10841157287359238,-0.1097789779305458,-0.09066390991210938,-0.09524228423833847,0.013169288635253906,0.014536693692207336,0.0045783743262290955,0.0013674050569534302,0.017747662961483,0.0013674050569534302,-0.00859091430902481,762,88,0.8845144356955381,33,4
650,H,12,gnnexplainer,0.9,zero,scientific,-0.05435436591506004,-0.009518645703792572,-0.2185114324092865,-0.10497073829174042,0.050616372376680374,0.09545209258794785,0.11354069411754608,0.04483572021126747,0.16415706649422646,0.04483572021126747,0.06292432174086571,762,88,0.8845144356955381,33,4
650,H,12,integrated_gradients,0.9,zero,scientific,-0.05435436591506004,-0.10041792690753937,-0.06586997956037521,-0.10497073829174042,0.050616372376680374,0.00455281138420105,0.039100758731365204,0.046063560992479324,0.01151561364531517,-0.046063560992479324,-0.01151561364531517,762,88,0.8845144356955381,33,4
650,H,13,gnnexplainer,0.9,zero,scientific,-0.06090754270553589,-0.09288157522678375,-0.0431644544005394,-0.03579496219754219,0.025112580507993698,0.05708661302924156,0.007369492202997208,0.031974032521247864,0.01774308830499649,0.031974032521247864,-0.01774308830499649,762,88,0.8845144356955381,33,4
650,H,13,integrated_gradients,0.9,zero,scientific,-0.06090754270553589,-0.0977446436882019,-0.05931699648499489,-0.03579496219754219,0.025112580507993698,0.061949681490659714,0.023522034287452698,0.036837100982666016,0.0015905462205410004,0.036837100982666016,-0.0015905462205410004,762,88,0.8845144356955381,33,4
650,H,14,gnnexplainer,0.9,zero,scientific,-0.03507107496261597,-0.06675942242145538,-0.06108774617314339,-0.04792679101228714,0.012855716049671173,0.018832631409168243,0.013160955160856247,0.031688347458839417,0.02601667121052742,0.00597691535949707,0.00030523911118507385,762,88,0.8845144356955381,33,4
650,H,14,integrated_gradients,0.9,zero,scientific,-0.03507107496261597,-0.07131237536668777,-0.05137716978788376,-0.04792679101228714,0.012855716049671173,0.023385584354400635,0.0034503787755966187,0.03624130040407181,0.016306094825267792,0.010529868304729462,-0.009405337274074554,762,88,0.8845144356955381,33,4
650,H,15,gnnexplainer,0.9,zero,scientific,-0.024672776460647583,-0.060602329671382904,-0.07345433533191681,-0.01910228095948696,0.005570495501160622,0.04150004871189594,0.05435205437242985,0.03592955321073532,0.048781558871269226,0.03592955321073532,0.048781558871269226,762,88,0.8845144356955381,33,4
650,H,15,integrated_gradients,0.9,zero,scientific,-0.024672776460647583,-0.08402915298938751,-0.03904007747769356,-0.01910228095948696,0.005570495501160622,0.06492687202990055,0.019937796518206596,0.05935637652873993,0.014367301017045975,0.05935637652873993,0.014367301017045975,762,88,0.8845144356955381,33,4
650,C,0,gnnexplainer,0.9,zero,scientific,-0.6039972305297852,-1.3761645555496216,-3.0125067234039307,-0.7945148944854736,0.19051766395568848,0.581649661064148,2.217991828918457,0.7721673250198364,2.4085094928741455,0.3911319971084595,2.0274741649627686,762,88,0.8845144356955381,39,4
650,C,0,integrated_gradients,0.9,zero,scientific,-0.6039972305297852,-4.219447612762451,-0.5117508172988892,-0.7945148944854736,0.19051766395568848,3.4249327182769775,0.2827640771865845,3.615450382232666,0.092246413230896,3.234415054321289,0.092246413230896,762,88,0.8845144356955381,39,4
650,C,1,gnnexplainer,0.9,zero,scientific,-0.9427768588066101,-2.3059885501861572,-3.0354440212249756,-1.2854688167572021,0.34269195795059204,1.020519733428955,1.7499752044677734,1.3632116913795471,2.0926671624183655,0.677827775478363,1.4072832465171814,762,88,0.8845144356955381,39,4
650,C,1,integrated_gradients,0.9,zero,scientific,-0.9427768588066101,-6.257045269012451,-1.1867427825927734,-1.2854688167572021,0.34269195795059204,4.971576452255249,0.09872603416442871,5.314268410205841,0.24396592378616333,4.628884494304657,-0.24396592378616333,762,88,0.8845144356955381,39,4
650,C,2,gnnexplainer,0.9,zero,scientific,-0.6430948376655579,-1.4184006452560425,-3.597675085067749,-0.7869271636009216,0.14383232593536377,0.6314734816551208,2.8107479214668274,0.7753058075904846,2.954580247402191,0.4876411557197571,2.6669155955314636,762,88,0.8845144356955381,39,4
650,C,2,integrated_gradients,0.9,zero,scientific,-0.6430948376655579,-4.259479522705078,-0.4824889302253723,-0.7869271636009216,0.14383232593536377,3.4725523591041565,0.3044382333755493,3.6163846850395203,0.16060590744018555,3.3287200331687927,0.16060590744018555,762,88,0.8845144356955381,39,4
650,C,3,gnnexplainer,0.9,zero,scientific,-0.6416166424751282,-1.4810208082199097,-3.798858165740967,-0.7869707942008972,0.14535415172576904,0.6940500140190125,3.0118873715400696,0.8394041657447815,3.1572415232658386,0.5486958622932434,2.8665332198143005,762,88,0.8845144356955381,39,4
650,C,3,integrated_gradients,0.9,zero,scientific,-0.6416166424751282,-4.260115623474121,-0.4825260639190674,-0.7869707942008972,0.14535415172576904,3.473144829273224,0.30444473028182983,3.618498980998993,0.1590905785560608,3.327790677547455,0.1590905785560608,762,88,0.8845144356955381,39,4
650,C,4,gnnexplainer,0.9,zero,scientific,-0.942050039768219,-4.010833263397217,-1.0162267684936523,-1.282924771308899,0.34087473154067993,2.727908492088318,0.2666980028152466,3.068783223628998,0.07417672872543335,2.387033760547638,-0.07417672872543335,762,88,0.8845144356955381,39,4
650,C,4,integrated_gradients,0.9,zero,scientific,-0.942050039768219,-6.301074981689453,-1.034516453742981,-1.282924771308899,0.34087473154067993,5.018150210380554,0.24840831756591797,5.359024941921234,0.09246641397476196,4.677275478839874,-0.09246641397476196,762,88,0.8845144356955381,39,4
650,C,5,gnnexplainer,0.9,zero,scientific,-0.60410076379776,-1.377318263053894,-2.549760580062866,-0.7939702272415161,0.1898694634437561,0.5833480358123779,1.75579035282135,0.773217499256134,1.9456598162651062,0.3934785723686218,1.565920889377594,762,88,0.8845144356955381,39,4
650,C,5,integrated_gradients,0.9,zero,scientific,-0.60410076379776,-4.216556549072266,-0.5131677389144897,-0.7939702272415161,0.1898694634437561,3.4225863218307495,0.28080248832702637,3.6124557852745056,0.09093302488327026,3.2327168583869934,0.09093302488327026,762,88,0.8845144356955381,39,4
740,H,1,gnnexplainer,0.9,zero,scientific,-0.026137936860322952,-0.08535511791706085,-0.02868373692035675,0.03481113538146019,0.06094907224178314,0.12016625329852104,0.06349487230181694,0.0592171810567379,0.0025458000600337982,0.0592171810567379,0.0025458000600337982,561,66,0.8823529411764706,33,4
740,H,2,gnnexplainer,0.9,zero,scientific,-0.04452488198876381,-0.07719733566045761,-0.019983910024166107,-0.0694003626704216,0.02487548068165779,0.007796972990036011,0.04941645264625549,0.0326724536716938,0.024540971964597702,-0.01707850769162178,0.024540971964597702,561,66,0.8823529411764706,33,4
740,H,3,gnnexplainer,0.9,zero,scientific,-0.04864649474620819,-0.11224618554115295,-0.05731147527694702,-0.03524171933531761,0.01340477541089058,0.07700446620583534,0.02206975594162941,0.06359969079494476,0.00866498053073883,0.06359969079494476,0.00866498053073883,561,66,0.8823529411764706,33,4
740,H,4,gnnexplainer,0.9,zero,scientific,-0.044288262724876404,-0.06584195792675018,-0.03155025094747543,-0.06663717329502106,0.022348910570144653,0.000795215368270874,0.035086922347545624,0.02155369520187378,0.01273801177740097,-0.02155369520187378,0.01273801177740097,561,66,0.8823529411764706,33,4
740,H,5,gnnexplainer,0.9,zero,scientific,-0.02385552227497101,-0.08196502923965454,-0.009238138794898987,0.03422334045171738,0.058078862726688385,0.11618836969137192,0.043461479246616364,0.05810950696468353,0.014617383480072021,0.05810950696468353,-0.014617383480072021,561,66,0.8823529411764706,33,4
740,H,6,gnnexplainer,0.9,zero,scientific,-0.046978406608104706,-0.09618383646011353,-0.04173623025417328,-0.03061004728078842,0.016368359327316284,0.0655737891793251,0.011126182973384857,0.04920542985200882,0.005242176353931427,0.04920542985200882,-0.005242176353931427,561,66,0.8823529411764706,33,4
740,H,9,gnnexplainer,0.9,zero,scientific,-0.04696982726454735,-0.016409412026405334,-0.17197175323963165,-0.11217248439788818,0.06520265713334084,0.09576307237148285,0.05979926884174347,0.030560415238142014,0.1250019259750843,0.030560415238142014,-0.005403388291597366,561,66,0.8823529411764706,33,4
740,H,10,gnnexplainer,0.9,zero,scientific,-0.046655893325805664,-0.02385653555393219,-0.14502444863319397,-0.10799708962440491,0.06134119629859924,0.08414055407047272,0.03702735900878906,0.022799357771873474,0.0983685553073883,0.022799357771873474,-0.02431383728981018,561,66,0.8823529411764706,33,4
740,H,11,gnnexplainer,0.9,zero,scientific,-0.03764323145151138,-0.08943327516317368,-0.016553670167922974,0.028855061158537865,0.06649829261004925,0.11828833632171154,0.04540873132646084,0.05179004371166229,0.02108956128358841,0.05179004371166229,-0.02108956128358841,561,66,0.8823529411764706,33,4
740,C,0,gnnexplainer,0.9,zero,scientific,0.018430694937705994,-2.349538803100586,-0.07895403355360031,0.41184088587760925,0.39341019093990326,2.761379688978195,0.49079491943120956,2.367969498038292,0.0973847284913063,2.367969498038292,0.0973847284913063,561,66,0.8823529411764706,39,4
740,C,1,gnnexplainer,0.9,zero,scientific,0.007801875472068787,-2.5588479042053223,0.1783158928155899,0.3751834034919739,0.3673815280199051,2.934031307697296,0.19686751067638397,2.566649779677391,0.17051401734352112,2.566649779677391,-0.17051401734352112,561,66,0.8823529411764706,39,4
740,C,2,gnnexplainer,0.9,zero,scientific,-0.3508378267288208,-2.0898330211639404,-1.3480783700942993,0.5169197916984558,0.8677576184272766,2.6067528128623962,1.8649981617927551,1.7389951944351196,0.9972405433654785,1.7389951944351196,0.9972405433654785,561,66,0.8823529411764706,39,4
