graph_idx,node_type,node_idx,method,sparsity_target,pred_orig,pred_drop,pred_keep,target,error_orig,error_drop,error_keep,fid_plus_model,fid_minus_model,fid_plus_error_delta,fid_minus_error_delta,n_edges_considered,k_edges,actual_sparsity_edge,grid_run_id,mask_variant,sparsity_target_requested
50,H,0,gnnexplainer,0.5,-0.18866461515426636,-0.05501411110162735,-0.17441582679748535,-0.18572446703910828,0.002940148115158081,0.13071035593748093,0.011308640241622925,0.133650504052639,0.014248788356781006,0.12777020782232285,0.008368492126464844,30,15,0.5,run_01_s50_zero,zero,0.5
50,H,1,gnnexplainer,0.5,-0.19408667087554932,-0.07587575167417526,-0.18038016557693481,-0.1745053380727768,0.019581332802772522,0.09862958639860153,0.00587482750415802,0.11821091920137405,0.013706505298614502,0.07904825359582901,-0.013706505298614502,30,15,0.5,run_01_s50_zero,zero,0.5
50,H,2,gnnexplainer,0.5,-0.13721123337745667,-0.10132188349962234,-0.14573189616203308,-0.1240059956908226,0.013205237686634064,0.022684112191200256,0.02172590047121048,0.03588934987783432,0.008520662784576416,0.009478874504566193,0.008520662784576416,30,15,0.5,run_01_s50_zero,zero,0.5
50,H,3,gnnexplainer,0.5,-0.06269896030426025,-0.08758058398962021,-0.054127614945173264,-0.029461706057190895,0.03323725424706936,0.058118877932429314,0.02466590888798237,0.024881623685359955,0.00857134535908699,0.024881623685359955,-0.00857134535908699,30,15,0.5,run_01_s50_zero,zero,0.5
50,H,4,gnnexplainer,0.5,-0.05592544749379158,-0.0834842175245285,-0.06905777007341385,-0.08866342157125473,0.03273797407746315,0.005179204046726227,0.01960565149784088,0.027558770030736923,0.013132322579622269,-0.027558770030736923,-0.013132322579622269,30,15,0.5,run_01_s50_zero,zero,0.5
50,H,5,gnnexplainer,0.5,-0.08462868630886078,-0.05925457179546356,-0.09330057352781296,-0.06410186737775803,0.020526818931102753,0.004847295582294464,0.02919870615005493,0.025374114513397217,0.008671887218952179,-0.01567952334880829,0.008671887218952179,30,15,0.5,run_01_s50_zero,zero,0.5
50,H,6,gnnexplainer,0.5,-0.33054494857788086,-0.13265179097652435,-0.3334408104419708,-0.3011716902256012,0.029373258352279663,0.16851989924907684,0.03226912021636963,0.1978931576013565,0.002895861864089966,0.13914664089679718,0.002895861864089966,30,15,0.5,run_01_s50_zero,zero,0.5
50,H,7,gnnexplainer,0.5,-0.3257949948310852,-0.12451222538948059,-0.34452611207962036,-0.362988144159317,0.03719314932823181,0.23847591876983643,0.018462032079696655,0.20128276944160461,0.018731117248535156,0.20128276944160461,-0.018731117248535156,30,15,0.5,run_01_s50_zero,zero,0.5
50,C,0,gnnexplainer,0.5,-3.4731967449188232,-0.9307116866111755,-4.579632759094238,-3.638505220413208,0.16530847549438477,2.7077935338020325,0.9411275386810303,2.5424850583076477,1.106436014175415,2.5424850583076477,0.7758190631866455,30,15,0.5,run_01_s50_zero,zero,0.5
50,C,1,gnnexplainer,0.5,-2.626781463623047,-2.118999481201172,-2.3708715438842773,-2.7032065391540527,0.07642507553100586,0.5842070579528809,0.3323349952697754,0.507781982421875,0.25590991973876953,0.507781982421875,0.25590991973876953,30,15,0.5,run_01_s50_zero,zero,0.5
50,C,2,gnnexplainer,0.5,-2.6187326908111572,-2.3415892124176025,-2.677945137023926,-3.0836172103881836,0.46488451957702637,0.742027997970581,0.4056720733642578,0.2771434783935547,0.059212446212768555,0.2771434783935547,-0.059212446212768555,30,15,0.5,run_01_s50_zero,zero,0.5
50,C,3,gnnexplainer,0.5,-12.352452278137207,-7.797536373138428,-10.459349632263184,-11.829119682312012,0.5233325958251953,4.031583309173584,1.3697700500488281,4.554915904998779,1.8931026458740234,3.5082507133483887,0.8464374542236328,30,15,0.5,run_01_s50_zero,zero,0.5
50,C,4,gnnexplainer,0.5,-12.56570053100586,-9.879430770874023,-10.398468971252441,-12.671215057373047,0.1055145263671875,2.7917842864990234,2.2727460861206055,2.686269760131836,2.167231559753418,2.686269760131836,2.167231559753418,30,15,0.5,run_01_s50_zero,zero,0.5
50,C,5,gnnexplainer,0.5,-1.2540905475616455,-2.2248849868774414,-1.4308873414993286,-1.9315294027328491,0.6774388551712036,0.2933555841445923,0.5006420612335205,0.9707944393157959,0.1767967939376831,-0.38408327102661133,-0.1767967939376831,30,15,0.5,run_01_s50_zero,zero,0.5
170,H,0,gnnexplainer,0.5,-0.08065252006053925,-0.09815102815628052,-0.09332568943500519,-0.026961499825119972,0.05369102023541927,0.07118952833116055,0.06636418960988522,0.017498508095741272,0.012673169374465942,0.017498508095741272,0.012673169374465942,42,21,0.5,run_01_s50_zero,zero,0.5
170,H,1,gnnexplainer,0.5,-0.08064423501491547,-0.10123526304960251,-0.06834837049245834,-0.027961499989032745,0.05268273502588272,0.07327376306056976,0.0403868705034256,0.020591028034687042,0.012295864522457123,0.020591028034687042,-0.012295864522457123,42,21,0.5,run_01_s50_zero,zero,0.5
170,H,2,gnnexplainer,0.5,-0.08063553273677826,-0.105179063975811,-0.08495412021875381,-0.027961499989032745,0.052674032747745514,0.07721756398677826,0.05699262022972107,0.024543531239032745,0.004318587481975555,0.024543531239032745,0.004318587481975555,42,21,0.5,run_01_s50_zero,zero,0.5
170,H,3,gnnexplainer,0.5,-0.08062697947025299,-0.11000101268291473,-0.09526057541370392,-0.026961499825119972,0.05366547964513302,0.08303951285779476,0.06829907558858395,0.029374033212661743,0.014633595943450928,0.029374033212661743,0.014633595943450928,42,21,0.5,run_01_s50_zero,zero,0.5
170,H,4,gnnexplainer,0.5,-0.07791470736265182,-0.10508377850055695,-0.07273228466510773,-0.027961499989032745,0.04995320737361908,0.0771222785115242,0.04477078467607498,0.02716907113790512,0.005182422697544098,0.02716907113790512,-0.005182422697544098,42,21,0.5,run_01_s50_zero,zero,0.5
170,H,5,gnnexplainer,0.5,-0.07790467888116837,-0.10624674707651138,-0.08374641090631485,-0.026961499825119972,0.05094317905604839,0.07928524725139141,0.05678491108119488,0.028342068195343018,0.005841732025146484,0.028342068195343018,0.005841732025146484,42,21,0.5,run_01_s50_zero,zero,0.5
170,H,6,gnnexplainer,0.5,-0.07790350168943405,-0.08985598385334015,-0.08686463534832001,-0.026961499825119972,0.05094200186431408,0.06289448402822018,0.059903135523200035,0.011952482163906097,0.008961133658885956,0.011952482163906097,0.008961133658885956,42,21,0.5,run_01_s50_zero,zero,0.5
170,H,7,gnnexplainer,0.5,-0.07790827751159668,-0.10608723759651184,-0.0653819665312767,-0.02896150015294552,0.04894677735865116,0.07712573744356632,0.036420466378331184,0.02817896008491516,0.012526310980319977,0.02817896008491516,-0.012526310980319977,42,21,0.5,run_01_s50_zero,zero,0.5
170,H,8,gnnexplainer,0.5,-0.07964935898780823,-0.10768263041973114,-0.07576490938663483,-0.02691764011979103,0.0527317188680172,0.08076499029994011,0.048847269266843796,0.028033271431922913,0.003884449601173401,0.028033271431922913,-0.003884449601173401,42,21,0.5,run_01_s50_zero,zero,0.5
170,H,9,gnnexplainer,0.5,-0.0796414166688919,-0.105786994099617,-0.07536964118480682,-0.025917639955878258,0.05372377671301365,0.07986935414373875,0.049452001228928566,0.026145577430725098,0.004271775484085083,0.026145577430725098,-0.004271775484085083,42,21,0.5,run_01_s50_zero,zero,0.5
170,H,10,gnnexplainer,0.5,-0.07964157313108444,-0.10096269100904465,-0.08016645163297653,-0.025917639955878258,0.053723933175206184,0.07504505105316639,0.054248811677098274,0.021321117877960205,0.0005248785018920898,0.021321117877960205,0.0005248785018920898,42,21,0.5,run_01_s50_zero,zero,0.5
170,H,11,gnnexplainer,0.5,-0.07965811342000961,-0.10637227445840836,-0.0869104191660881,-0.02896150015294552,0.050696613267064095,0.07741077430546284,0.057948919013142586,0.026714161038398743,0.007252305746078491,0.026714161038398743,0.007252305746078491,42,21,0.5,run_01_s50_zero,zero,0.5
170,C,0,gnnexplainer,0.5,-2.0284276008605957,-2.3424365520477295,-1.9815725088119507,-2.175614595413208,0.1471869945526123,0.16682195663452148,0.19404208660125732,0.3140089511871338,0.04685509204864502,0.01963496208190918,0.04685509204864502,42,21,0.5,run_01_s50_zero,zero,0.5
170,C,1,gnnexplainer,0.5,-2.0285582542419434,-2.382601737976074,-1.7274482250213623,-2.1761586666107178,0.14760041236877441,0.20644307136535645,0.44871044158935547,0.35404348373413086,0.30111002922058105,0.05884265899658203,0.30111002922058105,42,21,0.5,run_01_s50_zero,zero,0.5
170,C,2,gnnexplainer,0.5,-2.1927924156188965,-2.268831729888916,-1.811928629875183,-2.1926145553588867,0.00017786026000976562,0.0762171745300293,0.3806859254837036,0.07603931427001953,0.3808637857437134,0.07603931427001953,0.38050806522369385,42,21,0.5,run_01_s50_zero,zero,0.5
170,C,3,gnnexplainer,0.5,-2.1926939487457275,-2.052511215209961,-2.7585716247558594,-2.179614543914795,0.013079404830932617,0.12710332870483398,0.5789570808410645,0.1401827335357666,0.5658776760101318,0.11402392387390137,0.5658776760101318,42,21,0.5,run_01_s50_zero,zero,0.5
170,C,4,gnnexplainer,0.5,-2.0527212619781494,-2.811755657196045,-1.9566696882247925,-2.1881580352783203,0.1354367733001709,0.6235976219177246,0.23148834705352783,0.7590343952178955,0.09605157375335693,0.4881608486175537,0.09605157375335693,42,21,0.5,run_01_s50_zero,zero,0.5
170,C,5,gnnexplainer,0.5,-2.0526702404022217,-2.3367373943328857,-1.8255794048309326,-2.174614429473877,0.12194418907165527,0.1621229648590088,0.34903502464294434,0.28406715393066406,0.22709083557128906,0.040178775787353516,0.22709083557128906,42,21,0.5,run_01_s50_zero,zero,0.5
270,H,0,gnnexplainer,0.5,-0.06326740980148315,-0.06888725608587265,-0.04129458963871002,-0.04426804184913635,0.018999367952346802,0.024619214236736298,0.0029734522104263306,0.005619846284389496,0.021972820162773132,0.005619846284389496,-0.01602591574192047,22,11,0.5,run_01_s50_zero,zero,0.5
270,H,1,gnnexplainer,0.5,-0.06325238198041916,-0.07245523482561111,-0.11785005033016205,-0.04426804184913635,0.018984340131282806,0.028187192976474762,0.0735820084810257,0.009202852845191956,0.05459766834974289,0.009202852845191956,0.05459766834974289,22,11,0.5,run_01_s50_zero,zero,0.5
270,H,2,gnnexplainer,0.5,-0.11182482540607452,-0.11975525319576263,-0.14708052575588226,-0.1254609227180481,0.013636097311973572,0.005705669522285461,0.021619603037834167,0.00793042778968811,0.03525570034980774,-0.00793042778968811,0.007983505725860596,22,11,0.5,run_01_s50_zero,zero,0.5
270,H,3,gnnexplainer,0.5,-0.11181138455867767,-0.12253674119710922,-0.10632140934467316,-0.12491703033447266,0.013105645775794983,0.002380289137363434,0.0185956209897995,0.010725356638431549,0.005489975214004517,-0.010725356638431549,0.005489975214004517,22,11,0.5,run_01_s50_zero,zero,0.5
270,H,4,gnnexplainer,0.5,-0.11182227730751038,-0.11586476862430573,-0.12515601515769958,-0.12646092474460602,0.014638647437095642,0.010596156120300293,0.001304909586906433,0.004042491316795349,0.013333737850189209,-0.004042491316795349,-0.013333737850189209,22,11,0.5,run_01_s50_zero,zero,0.5
270,H,5,gnnexplainer,0.5,-0.11181676387786865,-0.11355946958065033,-0.1398487538099289,-0.12591703236103058,0.014100268483161926,0.012357562780380249,0.013931721448898315,0.0017427057027816772,0.02803198993206024,-0.0017427057027816772,-0.00016854703426361084,22,11,0.5,run_01_s50_zero,zero,0.5
270,C,0,gnnexplainer,0.5,-0.8327508568763733,-4.220869064331055,-0.1945149153470993,-0.4850490391254425,0.3477018177509308,3.735820025205612,0.2905341237783432,3.3881182074546814,0.638235941529274,3.3881182074546814,-0.057167693972587585,22,11,0.5,run_01_s50_zero,zero,0.5
270,C,1,gnnexplainer,0.5,-3.084488868713379,-2.4447531700134277,-3.0080864429473877,-2.464503288269043,0.6199855804443359,0.019750118255615234,0.5435831546783447,0.6397356986999512,0.07640242576599121,-0.6002354621887207,-0.07640242576599121,22,11,0.5,run_01_s50_zero,zero,0.5
270,C,2,gnnexplainer,0.5,-14.785540580749512,-10.445734977722168,-14.608301162719727,-16.523923873901367,1.7383832931518555,6.078188896179199,1.9156227111816406,4.339805603027344,0.17723941802978516,4.339805603027344,0.17723941802978516,22,11,0.5,run_01_s50_zero,zero,0.5
270,C,3,gnnexplainer,0.5,-3.084531784057617,-2.815861225128174,-3.489872932434082,-2.4825034141540527,0.6020283699035645,0.3333578109741211,1.0073695182800293,0.26867055892944336,0.40534114837646484,-0.26867055892944336,0.40534114837646484,22,11,0.5,run_01_s50_zero,zero,0.5
330,H,0,gnnexplainer,0.5,-0.05332114174962044,-0.05608709156513214,-0.057064756751060486,-0.03665326535701752,0.01666787639260292,0.019433826208114624,0.02041149139404297,0.0027659498155117035,0.0037436150014400482,0.0027659498155117035,0.0037436150014400482,22,11,0.5,run_01_s50_zero,zero,0.5
330,H,1,gnnexplainer,0.5,-0.04627763852477074,-0.03698154538869858,-0.03240961208939552,-0.05347871407866478,0.007201075553894043,0.016497168689966202,0.021069101989269257,0.009296093136072159,0.013868026435375214,0.009296093136072159,0.013868026435375214,22,11,0.5,run_01_s50_zero,zero,0.5
330,H,2,gnnexplainer,0.5,-0.04633069783449173,-0.052096910774707794,-0.06637194752693176,-0.052478715777397156,0.006148017942905426,0.00038180500268936157,0.013893231749534607,0.0057662129402160645,0.020041249692440033,-0.0057662129402160645,0.007745213806629181,22,11,0.5,run_01_s50_zero,zero,0.5
330,H,3,gnnexplainer,0.5,-0.018737804144620895,-0.03395944833755493,-0.02514694631099701,-0.028382685035467148,0.009644880890846252,0.005576763302087784,0.0032357387244701385,0.015221644192934036,0.006409142166376114,-0.004068117588758469,-0.006409142166376114,22,11,0.5,run_01_s50_zero,zero,0.5
330,H,4,gnnexplainer,0.5,-0.01875194162130356,-0.04360029846429825,-0.00584050640463829,-0.02938268519937992,0.010630743578076363,0.014217613264918327,0.02354217879474163,0.02484835684299469,0.012911435216665268,0.0035868696868419647,0.012911435216665268,22,11,0.5,run_01_s50_zero,zero,0.5
330,H,5,gnnexplainer,0.5,-0.08483874797821045,-0.1234854906797409,-0.09052376449108124,-0.05086393281817436,0.03397481516003609,0.07262155786156654,0.039659831672906876,0.03864674270153046,0.005685016512870789,0.03864674270153046,0.005685016512870789,22,11,0.5,run_01_s50_zero,zero,0.5
330,H,6,gnnexplainer,0.5,-0.14934495091438293,-0.10051240772008896,-0.14755435287952423,-0.19063477218151093,0.04128982126712799,0.09012236446142197,0.043080419301986694,0.048832543194293976,0.0017905980348587036,0.048832543194293976,0.0017905980348587036,22,11,0.5,run_01_s50_zero,zero,0.5
330,C,0,gnnexplainer,0.5,-1.6009703874588013,-3.9097278118133545,-1.3524988889694214,-1.5042518377304077,0.09671854972839355,2.4054759740829468,0.15175294876098633,2.3087574243545532,0.24847149848937988,2.3087574243545532,0.05503439903259277,22,11,0.5,run_01_s50_zero,zero,0.5
330,C,1,gnnexplainer,0.5,-1.3574010133743286,-3.4211831092834473,-1.453818917274475,-1.1874029636383057,0.16999804973602295,2.2337801456451416,0.26641595363616943,2.0637820959091187,0.09641790390014648,2.0637820959091187,0.09641790390014648,22,11,0.5,run_01_s50_zero,zero,0.5
330,C,2,gnnexplainer,0.5,-6.480936527252197,-6.88272762298584,-6.862518787384033,-7.547578811645508,1.0666422843933105,0.664851188659668,0.6850600242614746,0.4017910957336426,0.38158226013183594,-0.4017910957336426,-0.38158226013183594,22,11,0.5,run_01_s50_zero,zero,0.5
360,H,0,gnnexplainer,0.5,-0.33236026763916016,-0.15545719861984253,-0.32542601227760315,-0.3191285729408264,0.01323169469833374,0.1636713743209839,0.006297439336776733,0.17690306901931763,0.006934255361557007,0.15043967962265015,-0.006934255361557007,24,12,0.5,run_01_s50_zero,zero,0.5
360,H,1,gnnexplainer,0.5,-0.342712938785553,-0.15617719292640686,-0.3362368047237396,-0.26153138279914856,0.08118155598640442,0.1053541898727417,0.07470542192459106,0.18653574585914612,0.0064761340618133545,0.02417263388633728,-0.0064761340618133545,24,12,0.5,run_01_s50_zero,zero,0.5
360,H,2,gnnexplainer,0.5,-0.14684848487377167,-0.04367057606577873,-0.14740079641342163,-0.1154087483882904,0.03143973648548126,0.07173817232251167,0.031992048025131226,0.10317790880799294,0.0005523115396499634,0.04029843583703041,0.0005523115396499634,24,12,0.5,run_01_s50_zero,zero,0.5
360,H,3,gnnexplainer,0.5,-0.14511096477508545,-0.053189121186733246,-0.13323667645454407,-0.14733904600143433,0.002228081226348877,0.09414992481470108,0.014102369546890259,0.0919218435883522,0.011874288320541382,0.0919218435883522,0.011874288320541382,24,12,0.5,run_01_s50_zero,zero,0.5
360,H,4,gnnexplainer,0.5,-0.13666847348213196,-0.03682776913046837,-0.11739595234394073,-0.11875949054956436,0.017908982932567596,0.08193172141909599,0.0013635382056236267,0.09984070435166359,0.019272521138191223,0.0640227384865284,-0.01654544472694397,24,12,0.5,run_01_s50_zero,zero,0.5
360,H,5,gnnexplainer,0.5,-0.1832352876663208,-0.11204531043767929,-0.19490694999694824,-0.16926804184913635,0.013967245817184448,0.05722273141145706,0.02563890814781189,0.07118997722864151,0.011671662330627441,0.043255485594272614,0.011671662330627441,24,12,0.5,run_01_s50_zero,zero,0.5
360,H,6,gnnexplainer,0.5,-0.17076992988586426,-0.09812070429325104,-0.1936740279197693,-0.20832136273384094,0.037551432847976685,0.1102006584405899,0.014647334814071655,0.07264922559261322,0.02290409803390503,0.07264922559261322,-0.02290409803390503,24,12,0.5,run_01_s50_zero,zero,0.5
360,C,0,gnnexplainer,0.5,-3.523756980895996,-2.346367359161377,-4.52439022064209,-4.043220043182373,0.519463062286377,1.696852684020996,0.4811701774597168,1.1773896217346191,1.0006332397460938,1.1773896217346191,-0.038292884826660156,24,12,0.5,run_01_s50_zero,zero,0.5
360,C,1,gnnexplainer,0.5,-14.09076976776123,-9.048866271972656,-15.736958503723145,-14.111479759216309,0.020709991455078125,5.062613487243652,1.625478744506836,5.041903495788574,1.646188735961914,5.041903495788574,1.6047687530517578,24,12,0.5,run_01_s50_zero,zero,0.5
360,C,2,gnnexplainer,0.5,-11.013855934143066,-6.444278240203857,-8.460820198059082,-9.470762252807617,1.5430936813354492,3.0264840126037598,1.0099420547485352,4.569577693939209,2.5530357360839844,1.4833903312683105,-0.5331516265869141,24,12,0.5,run_01_s50_zero,zero,0.5
360,C,3,gnnexplainer,0.5,-1.671934723854065,-2.4030649662017822,-1.9882062673568726,-1.504056692123413,0.16787803173065186,0.8990082740783691,0.4841495752334595,0.7311302423477173,0.3162715435028076,0.7311302423477173,0.3162715435028076,24,12,0.5,run_01_s50_zero,zero,0.5
380,H,0,gnnexplainer,0.5,-0.13993945717811584,-0.06616917252540588,-0.13492073118686676,-0.11915438622236252,0.020785070955753326,0.052985213696956635,0.015766344964504242,0.07377028465270996,0.0050187259912490845,0.03220014274120331,-0.0050187259912490845,24,12,0.5,run_01_s50_zero,zero,0.5
380,H,1,gnnexplainer,0.5,-0.13264447450637817,-0.06735368072986603,-0.15182292461395264,-0.1529437154531479,0.020299240946769714,0.08559003472328186,0.0011207908391952515,0.06529079377651215,0.019178450107574463,0.06529079377651215,-0.019178450107574463,24,12,0.5,run_01_s50_zero,zero,0.5
380,H,2,gnnexplainer,0.5,-0.13482002913951874,-0.07500732690095901,-0.1488458812236786,-0.11749634146690369,0.01732368767261505,0.04248901456594467,0.0313495397567749,0.05981270223855972,0.014025852084159851,0.02516532689332962,0.014025852084159851,24,12,0.5,run_01_s50_zero,zero,0.5
380,H,3,gnnexplainer,0.5,-0.1763220578432083,-0.11492427438497543,-0.19601988792419434,-0.2253120243549347,0.04898996651172638,0.11038774996995926,0.029292136430740356,0.06139778345823288,0.019697830080986023,0.06139778345823288,-0.019697830080986023,24,12,0.5,run_01_s50_zero,zero,0.5
380,H,4,gnnexplainer,0.5,-0.17767122387886047,-0.11188443750143051,-0.1707497239112854,-0.19009250402450562,0.012421280145645142,0.0782080665230751,0.019342780113220215,0.06578678637742996,0.006921499967575073,0.06578678637742996,0.006921499967575073,24,12,0.5,run_01_s50_zero,zero,0.5
380,H,5,gnnexplainer,0.5,-0.019281115382909775,-0.021674510091543198,-0.0374264121055603,0.054915860295295715,0.07419697567820549,0.07659037038683891,0.09234227240085602,0.002393394708633423,0.018145296722650528,0.002393394708633423,0.018145296722650528,24,12,0.5,run_01_s50_zero,zero,0.5
380,H,6,gnnexplainer,0.5,-0.02779546007514,-0.039669692516326904,-0.02072720229625702,-0.026584316045045853,0.0012111440300941467,0.013085376471281052,0.005857113748788834,0.011874232441186905,0.00706825777888298,0.011874232441186905,0.004645969718694687,24,12,0.5,run_01_s50_zero,zero,0.5
380,H,7,gnnexplainer,0.5,-0.025298241525888443,-0.025912046432495117,-0.024569272994995117,-0.0037771498318761587,0.021521091694012284,0.02213489660061896,0.02079212316311896,0.0006138049066066742,0.0007289685308933258,0.0006138049066066742,-0.0007289685308933258,24,12,0.5,run_01_s50_zero,zero,0.5
380,C,0,gnnexplainer,0.5,-0.011481314897537231,-2.493746757507324,0.11539755761623383,0.17328409850597382,0.18476541340351105,2.667030856013298,0.05788654088973999,2.482265442609787,0.12687887251377106,2.482265442609787,-0.12687887251377106,24,12,0.5,run_01_s50_zero,zero,0.5
380,C,1,gnnexplainer,0.5,-2.963667631149292,-2.450317859649658,-3.4346694946289062,-2.9316675662994385,0.032000064849853516,0.4813497066497803,0.5030019283294678,0.5133497714996338,0.47100186347961426,0.44934964179992676,0.47100186347961426,24,12,0.5,run_01_s50_zero,zero,0.5
380,C,2,gnnexplainer,0.5,-15.949727058410645,-12.331339836120605,-13.447379112243652,-16.425132751464844,0.4754056930541992,4.093792915344238,2.9777536392211914,3.618387222290039,2.502347946166992,3.618387222290039,2.502347946166992,24,12,0.5,run_01_s50_zero,zero,0.5
380,C,3,gnnexplainer,0.5,-1.695212483406067,-2.454216480255127,-2.2351396083831787,-1.3898565769195557,0.30535590648651123,1.0643599033355713,0.845283031463623,0.7590039968490601,0.5399271249771118,0.7590039968490601,0.5399271249771118,24,12,0.5,run_01_s50_zero,zero,0.5
450,H,0,gnnexplainer,0.5,-0.04355114698410034,-0.04155152291059494,-0.07626562565565109,0.03275012969970703,0.07630127668380737,0.07430165261030197,0.10901575535535812,0.0019996240735054016,0.03271447867155075,-0.0019996240735054016,0.03271447867155075,30,15,0.5,run_01_s50_zero,zero,0.5
450,H,1,gnnexplainer,0.5,-0.06927318125963211,-0.04437952861189842,-0.05470307916402817,-0.0715140700340271,0.002240888774394989,0.027134541422128677,0.016810990869998932,0.02489365264773369,0.014570102095603943,0.02489365264773369,0.014570102095603943,30,15,0.5,run_01_s50_zero,zero,0.5
450,H,2,gnnexplainer,0.5,-0.06935058534145355,-0.048916831612586975,-0.07213346660137177,-0.07355805486440659,0.0042074695229530334,0.02464122325181961,0.0014245882630348206,0.020433753728866577,0.002782881259918213,0.020433753728866577,-0.002782881259918213,30,15,0.5,run_01_s50_zero,zero,0.5
450,H,3,gnnexplainer,0.5,-0.14339891076087952,-0.11925430595874786,-0.1268056035041809,-0.23171529173851013,0.08831638097763062,0.11246098577976227,0.10490968823432922,0.024144604802131653,0.01659330725669861,0.024144604802131653,0.01659330725669861,30,15,0.5,run_01_s50_zero,zero,0.5
450,C,0,gnnexplainer,0.5,-5.920004844665527,-5.84467887878418,-6.241842746734619,-7.761427879333496,1.8414230346679688,1.9167490005493164,1.519585132598877,0.07532596588134766,0.3218379020690918,0.07532596588134766,-0.3218379020690918,30,15,0.5,run_01_s50_zero,zero,0.5
450,C,1,gnnexplainer,0.5,-8.008285522460938,-5.226348876953125,-8.497386932373047,-9.08093547821045,1.0726499557495117,3.854586601257324,0.5835485458374023,2.7819366455078125,0.4891014099121094,2.7819366455078125,-0.4891014099121094,30,15,0.5,run_01_s50_zero,zero,0.5
450,C,2,gnnexplainer,0.5,-0.7208598256111145,-2.2304811477661133,-1.0433986186981201,-0.7991183996200562,0.07825857400894165,1.4313627481460571,0.24428021907806396,1.5096213221549988,0.3225387930870056,1.3531041741371155,0.16602164506912231,30,15,0.5,run_01_s50_zero,zero,0.5
450,C,3,gnnexplainer,0.5,-5.4790120124816895,-4.846041202545166,-5.40308952331543,-5.140366077423096,0.33864593505859375,0.2943248748779297,0.262723445892334,0.6329708099365234,0.07592248916625977,-0.04432106018066406,-0.07592248916625977,30,15,0.5,run_01_s50_zero,zero,0.5
450,C,4,gnnexplainer,0.5,-3.9353888034820557,-3.461000680923462,-4.164400100708008,-3.6308069229125977,0.304581880569458,0.16980624198913574,0.5335931777954102,0.47438812255859375,0.22901129722595215,-0.13477563858032227,0.22901129722595215,30,15,0.5,run_01_s50_zero,zero,0.5
490,H,0,gnnexplainer,0.5,-0.17315952479839325,-0.10439814627170563,-0.18496978282928467,-0.23058383166790009,0.057424306869506836,0.12618568539619446,0.04561404883861542,0.06876137852668762,0.011810258030891418,0.06876137852668762,-0.011810258030891418,30,15,0.5,run_01_s50_zero,zero,0.5
490,H,1,gnnexplainer,0.5,-0.15685632824897766,-0.08924068510532379,-0.16881582140922546,-0.249619260430336,0.09276293218135834,0.1603785753250122,0.08080343902111053,0.06761564314365387,0.011959493160247803,0.06761564314365387,-0.011959493160247803,30,15,0.5,run_01_s50_zero,zero,0.5
490,H,2,gnnexplainer,0.5,-0.18034976720809937,-0.12343157827854156,-0.15926329791545868,-0.26599687337875366,0.0856471061706543,0.1425652951002121,0.10673357546329498,0.0569181889295578,0.021086469292640686,0.0569181889295578,0.021086469292640686,30,15,0.5,run_01_s50_zero,zero,0.5
490,H,5,gnnexplainer,0.5,-0.12873896956443787,-0.07705125212669373,-0.13699226081371307,-0.1509436070919037,0.02220463752746582,0.07389235496520996,0.013951346278190613,0.05168771743774414,0.008253291249275208,0.05168771743774414,-0.008253291249275208,30,15,0.5,run_01_s50_zero,zero,0.5
490,H,6,gnnexplainer,0.5,-0.12632957100868225,-0.07241173088550568,-0.12196499109268188,-0.1284528225660324,0.0021232515573501587,0.05604109168052673,0.006487831473350525,0.053917840123176575,0.004364579916000366,0.053917840123176575,0.004364579916000366,30,15,0.5,run_01_s50_zero,zero,0.5
490,C,0,gnnexplainer,0.5,-3.129530668258667,-2.3957042694091797,-2.959798812866211,-4.111388683319092,0.9818580150604248,1.715684413909912,1.1515898704528809,0.7338263988494873,0.16973185539245605,0.7338263988494873,0.16973185539245605,30,15,0.5,run_01_s50_zero,zero,0.5
490,C,1,gnnexplainer,0.5,-15.582393646240234,-12.336370468139648,-15.951874732971191,-16.991817474365234,1.409423828125,4.655447006225586,1.039942741394043,3.246023178100586,0.36948108673095703,3.246023178100586,-0.36948108673095703,30,15,0.5,run_01_s50_zero,zero,0.5
490,C,2,gnnexplainer,0.5,-3.881084442138672,-3.0074639320373535,-4.633520126342773,-4.111124038696289,0.2300395965576172,1.1036601066589355,0.5223960876464844,0.8736205101013184,0.7524356842041016,0.8736205101013184,0.2923564910888672,30,15,0.5,run_01_s50_zero,zero,0.5
490,C,3,gnnexplainer,0.5,-2.2796802520751953,-2.075571298599243,-2.447438955307007,-3.4353280067443848,1.1556477546691895,1.3597567081451416,0.9878890514373779,0.20410895347595215,0.16775870323181152,0.20410895347595215,-0.16775870323181152,30,15,0.5,run_01_s50_zero,zero,0.5
510,H,0,gnnexplainer,0.5,-0.0641452819108963,-0.061927430331707,-0.06594130396842957,-0.06858395785093307,0.004438675940036774,0.006656527519226074,0.0026426538825035095,0.0022178515791893005,0.0017960220575332642,0.0022178515791893005,-0.0017960220575332642,38,19,0.5,run_01_s50_zero,zero,0.5
510,H,1,gnnexplainer,0.5,-0.07207746058702469,-0.1096496507525444,-0.0762597918510437,-0.10737372934818268,0.03529626876115799,0.002275921404361725,0.031113937497138977,0.037572190165519714,0.0041823312640190125,-0.033020347356796265,-0.0041823312640190125,38,19,0.5,run_01_s50_zero,zero,0.5
510,H,2,gnnexplainer,0.5,-0.054743897169828415,-0.07672522962093353,-0.043595150113105774,-0.030469827353954315,0.0242740698158741,0.04625540226697922,0.013125322759151459,0.021981332451105118,0.011148747056722641,0.021981332451105118,-0.011148747056722641,38,19,0.5,run_01_s50_zero,zero,0.5
510,H,3,gnnexplainer,0.5,-0.0725153461098671,-0.10109405219554901,-0.069728322327137,-0.1194084882736206,0.04689314216375351,0.018314436078071594,0.04968016594648361,0.028578706085681915,0.0027870237827301025,-0.028578706085681915,0.0027870237827301025,38,19,0.5,run_01_s50_zero,zero,0.5
510,H,4,gnnexplainer,0.5,-0.06956268846988678,-0.11138880252838135,-0.059305548667907715,-0.058769065886735916,0.010793622583150864,0.05261973664164543,0.0005364827811717987,0.04182611405849457,0.010257139801979065,0.04182611405849457,-0.010257139801979065,38,19,0.5,run_01_s50_zero,zero,0.5
510,H,5,gnnexplainer,0.5,-0.06805552542209625,-0.09076645225286484,-0.06889969855546951,-0.07969000190496445,0.011634476482868195,0.01107645034790039,0.010790303349494934,0.022710926830768585,0.0008441731333732605,-0.000558026134967804,-0.0008441731333732605,38,19,0.5,run_01_s50_zero,zero,0.5
510,H,6,gnnexplainer,0.5,-0.040923863649368286,-0.08594992756843567,-0.05413185805082321,-0.04133903980255127,0.0004151761531829834,0.0446108877658844,0.012792818248271942,0.04502606391906738,0.013207994401454926,0.044195711612701416,0.012377642095088959,38,19,0.5,run_01_s50_zero,zero,0.5
510,H,7,gnnexplainer,0.5,-0.02234116941690445,-0.054634999483823776,-0.005124565213918686,-0.03561985865235329,0.013278689235448837,0.01901514083147049,0.0304952934384346,0.03229383006691933,0.017216604202985764,0.005736451596021652,0.017216604202985764,38,19,0.5,run_01_s50_zero,zero,0.5
510,H,8,gnnexplainer,0.5,-0.057253893464803696,-0.09725131094455719,-0.055043525993824005,-0.0713830441236496,0.014129150658845901,0.025868266820907593,0.016339518129825592,0.039997417479753494,0.0022103674709796906,0.011739116162061691,0.0022103674709796906,38,19,0.5,run_01_s50_zero,zero,0.5
510,H,9,gnnexplainer,0.5,-0.06739038974046707,-0.10330384224653244,-0.07935675978660583,-0.08068999648094177,0.013299606740474701,0.022613845765590668,0.0013332366943359375,0.03591345250606537,0.011966370046138763,0.009314239025115967,-0.011966370046138763,38,19,0.5,run_01_s50_zero,zero,0.5
510,C,0,gnnexplainer,0.5,-3.183384895324707,-3.1483404636383057,-3.152501106262207,-2.6794397830963135,0.5039451122283936,0.4689006805419922,0.47306132316589355,0.03504443168640137,0.0308837890625,-0.03504443168640137,-0.0308837890625,38,19,0.5,run_01_s50_zero,zero,0.5
510,C,1,gnnexplainer,0.5,-2.929103136062622,-3.04221773147583,-2.931051254272461,-2.8548877239227295,0.07421541213989258,0.18733000755310059,0.07616353034973145,0.11311459541320801,0.0019481182098388672,0.11311459541320801,0.0019481182098388672,38,19,0.5,run_01_s50_zero,zero,0.5
510,C,2,gnnexplainer,0.5,-4.82141637802124,-3.534151077270508,-5.340408802032471,-4.148713111877441,0.6727032661437988,0.6145620346069336,1.1916956901550293,1.2872653007507324,0.5189924240112305,-0.058141231536865234,0.5189924240112305,38,19,0.5,run_01_s50_zero,zero,0.5
510,C,3,gnnexplainer,0.5,-1.93549382686615,-2.6392688751220703,-1.5279115438461304,-0.3196980357170105,1.6157957911491394,2.31957083940506,1.2082135081291199,0.7037750482559204,0.40758228302001953,0.7037750482559204,-0.40758228302001953,38,19,0.5,run_01_s50_zero,zero,0.5
510,C,4,gnnexplainer,0.5,-0.8245482444763184,-2.2449588775634766,-0.3217141032218933,-0.5578681230545044,0.26668012142181396,1.6870907545089722,0.23615401983261108,1.4204106330871582,0.502834141254425,1.4204106330871582,-0.03052610158920288,38,19,0.5,run_01_s50_zero,zero,0.5
510,C,5,gnnexplainer,0.5,-1.521938443183899,-3.0873005390167236,-0.4905109405517578,-0.3343559503555298,1.1875824928283691,2.752944588661194,0.15615499019622803,1.5653620958328247,1.0314275026321411,1.5653620958328247,-1.0314275026321411,38,19,0.5,run_01_s50_zero,zero,0.5
530,H,0,gnnexplainer,0.5,-0.08534625172615051,-0.06605236977338791,-0.08239898085594177,-0.16678637266159058,0.08144012093544006,0.10073400288820267,0.0843873918056488,0.019293881952762604,0.0029472708702087402,0.019293881952762604,0.0029472708702087402,20,10,0.5,run_01_s50_zero,zero,0.5
530,H,1,gnnexplainer,0.5,-0.09019753336906433,-0.09931129962205887,-0.0727851539850235,-0.13316234946250916,0.042964816093444824,0.03385104984045029,0.06037719547748566,0.009113766252994537,0.017412379384040833,-0.009113766252994537,0.017412379384040833,20,10,0.5,run_01_s50_zero,zero,0.5
530,H,2,gnnexplainer,0.5,-0.030807171016931534,-0.029985472559928894,-0.05092041194438934,-0.0575319267809391,0.02672475576400757,0.027546454221010208,0.006611514836549759,0.0008216984570026398,0.02011324092745781,0.0008216984570026398,-0.02011324092745781,20,10,0.5,run_01_s50_zero,zero,0.5
530,H,3,gnnexplainer,0.5,-0.04008097946643829,-0.08597198128700256,-0.046567756682634354,-0.04089127480983734,0.0008102953433990479,0.04508070647716522,0.005676481872797012,0.04589100182056427,0.00648677721619606,0.044270411133766174,0.0048661865293979645,20,10,0.5,run_01_s50_zero,zero,0.5
530,H,4,gnnexplainer,0.5,-0.03763440251350403,-0.10028346627950668,-0.09218233823776245,-0.06429433822631836,0.02665993571281433,0.035989128053188324,0.027888000011444092,0.06264906376600266,0.05454793572425842,0.009329192340373993,0.0012280642986297607,20,10,0.5,run_01_s50_zero,zero,0.5
530,C,0,gnnexplainer,0.5,-2.6694869995117188,-3.0466861724853516,-2.2950658798217773,-2.8974430561065674,0.22795605659484863,0.14924311637878418,0.60237717628479,0.3771991729736328,0.3744211196899414,-0.07871294021606445,0.3744211196899414,20,10,0.5,run_01_s50_zero,zero,0.5
530,C,1,gnnexplainer,0.5,-3.2187187671661377,-3.718867540359497,-2.8808672428131104,-2.7582390308380127,0.460479736328125,0.9606285095214844,0.12262821197509766,0.5001487731933594,0.33785152435302734,0.5001487731933594,-0.33785152435302734,20,10,0.5,run_01_s50_zero,zero,0.5
530,C,2,gnnexplainer,0.5,-4.761256694793701,-4.1053056716918945,-3.9114463329315186,-4.5724406242370605,0.18881607055664062,0.467134952545166,0.660994291305542,0.6559510231018066,0.8498103618621826,0.2783188819885254,0.47217822074890137,20,10,0.5,run_01_s50_zero,zero,0.5
610,H,0,gnnexplainer,0.5,-0.44238173961639404,-0.13753589987754822,-0.45834818482398987,-0.615548849105835,0.17316710948944092,0.47801294922828674,0.1572006642818451,0.3048458397388458,0.015966445207595825,0.3048458397388458,-0.015966445207595825,24,12,0.5,run_01_s50_zero,zero,0.5
610,H,1,gnnexplainer,0.5,-0.1651545912027359,-0.08756107091903687,-0.23464027047157288,-0.12229462713003159,0.042859964072704315,0.03473355621099472,0.11234564334154129,0.07759352028369904,0.06948567926883698,-0.008126407861709595,0.06948567926883698,24,12,0.5,run_01_s50_zero,zero,0.5
610,H,2,gnnexplainer,0.5,-0.13610506057739258,-0.04396752640604973,-0.13089102506637573,-0.1601894050836563,0.024084344506263733,0.11622187867760658,0.02929838001728058,0.09213753417134285,0.005214035511016846,0.09213753417134285,0.005214035511016846,24,12,0.5,run_01_s50_zero,zero,0.5
610,H,3,gnnexplainer,0.5,-0.1795758754014969,-0.10575313866138458,-0.22601771354675293,-0.18318936228752136,0.003613486886024475,0.07743622362613678,0.04282835125923157,0.0738227367401123,0.04644183814525604,0.0738227367401123,0.03921486437320709,24,12,0.5,run_01_s50_zero,zero,0.5
610,H,4,gnnexplainer,0.5,-0.500056803226471,-0.125624880194664,-0.4567631483078003,-0.6312503814697266,0.13119357824325562,0.5056255012750626,0.17448723316192627,0.37443192303180695,0.043293654918670654,0.37443192303180695,0.043293654918670654,24,12,0.5,run_01_s50_zero,zero,0.5
610,H,5,gnnexplainer,0.5,-0.14004060626029968,-0.05004505068063736,-0.1583196222782135,-0.12377718091011047,0.01626342535018921,0.07373213022947311,0.03454244136810303,0.08999555557966232,0.01827901601791382,0.057468704879283905,0.01827901601791382,24,12,0.5,run_01_s50_zero,zero,0.5
610,H,6,gnnexplainer,0.5,-0.12860378623008728,-0.04826747626066208,-0.11460527777671814,-0.14696994423866272,0.01836615800857544,0.09870246797800064,0.03236466646194458,0.0803363099694252,0.01399850845336914,0.0803363099694252,0.01399850845336914,24,12,0.5,run_01_s50_zero,zero,0.5
610,H,7,gnnexplainer,0.5,-0.16811057925224304,-0.10519441962242126,-0.1742100715637207,-0.19154877960681915,0.02343820035457611,0.08635435998439789,0.01733870804309845,0.06291615962982178,0.006099492311477661,0.06291615962982178,-0.006099492311477661,24,12,0.5,run_01_s50_zero,zero,0.5
610,C,0,gnnexplainer,0.5,-16.07822036743164,-12.056464195251465,-16.7575626373291,-18.057586669921875,1.9793663024902344,6.00112247467041,1.3000240325927734,4.021756172180176,0.6793422698974609,4.021756172180176,-0.6793422698974609,24,12,0.5,run_01_s50_zero,zero,0.5
610,C,1,gnnexplainer,0.5,-16.779712677001953,-11.413980484008789,-14.9661865234375,-17.75385856628418,0.9741458892822266,6.339878082275391,2.7876720428466797,5.365732192993164,1.8135261535644531,5.365732192993164,1.8135261535644531,24,12,0.5,run_01_s50_zero,zero,0.5
610,C,2,gnnexplainer,0.5,-1.856040596961975,-2.786292314529419,-2.1975786685943604,-2.5053277015686035,0.6492871046066284,0.28096461296081543,0.30774903297424316,0.9302517175674438,0.34153807163238525,-0.368322491645813,-0.34153807163238525,24,12,0.5,run_01_s50_zero,zero,0.5
610,C,3,gnnexplainer,0.5,-1.9090392589569092,-2.3412489891052246,-2.5661990642547607,-2.3740406036376953,0.46500134468078613,0.0327916145324707,0.19215846061706543,0.43220973014831543,0.6571598052978516,-0.43220973014831543,-0.2728428840637207,24,12,0.5,run_01_s50_zero,zero,0.5
620,H,0,gnnexplainer,0.5,-0.22838380932807922,-0.11727668344974518,-0.20601513981819153,-0.2509962022304535,0.022612392902374268,0.1337195187807083,0.04498106241226196,0.11110712587833405,0.022368669509887695,0.11110712587833405,0.022368669509887695,32,16,0.5,run_01_s50_zero,zero,0.5
620,H,1,gnnexplainer,0.5,-0.228367418050766,-0.1099138930439949,-0.21637094020843506,-0.24986469745635986,0.021497279405593872,0.13995080441236496,0.033493757247924805,0.11845352500677109,0.011996477842330933,0.11845352500677109,0.011996477842330933,32,16,0.5,run_01_s50_zero,zero,0.5
620,H,2,gnnexplainer,0.5,-0.2283584177494049,-0.1328001320362091,-0.25151804089546204,-0.2488207370042801,0.020462319254875183,0.11602060496807098,0.002697303891181946,0.0955582857131958,0.02315962314605713,0.0955582857131958,-0.017765015363693237,32,16,0.5,run_01_s50_zero,zero,0.5
620,H,3,gnnexplainer,0.5,-0.22839093208312988,-0.12827053666114807,-0.23911362886428833,-0.25204017758369446,0.023649245500564575,0.12376964092254639,0.012926548719406128,0.10012039542198181,0.010722696781158447,0.10012039542198181,-0.010722696781158447,32,16,0.5,run_01_s50_zero,zero,0.5
620,H,4,gnnexplainer,0.5,-0.22839006781578064,-0.1358407735824585,-0.2732137441635132,-0.251996248960495,0.023606181144714355,0.1161554753780365,0.02121749520301819,0.09254929423332214,0.044823676347732544,0.09254929423332214,-0.002388685941696167,32,16,0.5,run_01_s50_zero,zero,0.5
620,H,5,gnnexplainer,0.5,-0.22836831212043762,-0.13824626803398132,-0.22725483775138855,-0.24986469745635986,0.02149638533592224,0.11161842942237854,0.022609859704971313,0.0901220440864563,0.0011134743690490723,0.0901220440864563,0.0011134743690490723,32,16,0.5,run_01_s50_zero,zero,0.5
620,H,6,gnnexplainer,0.5,-0.00035447627305984497,-0.03041699528694153,0.0009649023413658142,0.08161692321300507,0.08197139948606491,0.1120339184999466,0.08065202087163925,0.030062519013881683,0.0013193786144256592,0.030062519013881683,-0.0013193786144256592,32,16,0.5,run_01_s50_zero,zero,0.5
620,H,7,gnnexplainer,0.5,-0.0003616511821746826,-0.025222908705472946,-0.02011823281645775,0.0810290277004242,0.08139067888259888,0.10625193640589714,0.10114726051688194,0.024861257523298264,0.019756581634283066,0.024861257523298264,0.019756581634283066,32,16,0.5,run_01_s50_zero,zero,0.5
620,H,8,gnnexplainer,0.5,-0.00035750120878219604,-0.028423219919204712,0.01085788756608963,0.08161692321300507,0.08197442442178726,0.11004014313220978,0.07075903564691544,0.028065718710422516,0.011215388774871826,0.028065718710422516,-0.011215388774871826,32,16,0.5,run_01_s50_zero,zero,0.5
620,H,9,gnnexplainer,0.5,-0.01004878431558609,-0.0694710984826088,-0.006392627954483032,0.17055636644363403,0.18060515075922012,0.24002746492624283,0.17694899439811707,0.059422314167022705,0.003656156361103058,0.059422314167022705,-0.003656156361103058,32,16,0.5,run_01_s50_zero,zero,0.5
620,C,0,gnnexplainer,0.5,-8.43395709991455,-6.544307231903076,-7.830601215362549,-8.185676574707031,0.24828052520751953,1.641369342803955,0.3550753593444824,1.8896498680114746,0.603355884552002,1.3930888175964355,0.10679483413696289,32,16,0.5,run_01_s50_zero,zero,0.5
620,C,1,gnnexplainer,0.5,-8.439017295837402,-7.02870512008667,-8.198492050170898,-8.185914039611816,0.25310325622558594,1.1572089195251465,0.012578010559082031,1.4103121757507324,0.2405252456665039,0.9041056632995605,-0.2405252456665039,32,16,0.5,run_01_s50_zero,zero,0.5
620,C,2,gnnexplainer,0.5,-8.438666343688965,-7.509936809539795,-8.16628360748291,-8.188501358032227,0.2501649856567383,0.6785645484924316,0.022217750549316406,0.9287295341491699,0.2723827362060547,0.42839956283569336,-0.22794723510742188,32,16,0.5,run_01_s50_zero,zero,0.5
620,C,3,gnnexplainer,0.5,-8.43066120147705,-7.134041786193848,-9.281482696533203,-8.189264297485352,0.24139690399169922,1.055222511291504,1.0922183990478516,1.2966194152832031,0.8508214950561523,0.8138256072998047,0.8508214950561523,32,16,0.5,run_01_s50_zero,zero,0.5
620,C,4,gnnexplainer,0.5,-8.43023681640625,-6.207784175872803,-8.471086502075195,-8.187677383422852,0.24255943298339844,1.9798932075500488,0.28340911865234375,2.2224526405334473,0.04084968566894531,1.7373337745666504,0.04084968566894531,32,16,0.5,run_01_s50_zero,zero,0.5
620,C,5,gnnexplainer,0.5,-8.442373275756836,-7.370102882385254,-8.224108695983887,-8.186501502990723,0.2558717727661133,0.8163986206054688,0.03760719299316406,1.072270393371582,0.21826457977294922,0.5605268478393555,-0.21826457977294922,32,16,0.5,run_01_s50_zero,zero,0.5
620,C,6,gnnexplainer,0.5,0.4642379879951477,-2.22853946685791,0.5082892775535583,1.20413076877594,0.7398927807807922,3.43267023563385,0.6958414912223816,2.692777454853058,0.044051289558410645,2.692777454853058,-0.044051289558410645,32,16,0.5,run_01_s50_zero,zero,0.5
640,H,0,gnnexplainer,0.5,-0.21126306056976318,-0.10704149305820465,-0.23228928446769714,0.13790667057037354,0.3491697311401367,0.24494816362857819,0.3701959550380707,0.10422156751155853,0.02102622389793396,-0.10422156751155853,0.02102622389793396,38,19,0.5,run_01_s50_zero,zero,0.5
640,H,1,gnnexplainer,0.5,-0.21125224232673645,-0.11065782606601715,-0.19898954033851624,0.13790667057037354,0.34915891289711,0.24856449663639069,0.33689621090888977,0.1005944162607193,0.012262701988220215,-0.1005944162607193,-0.012262701988220215,38,19,0.5,run_01_s50_zero,zero,0.5
640,H,2,gnnexplainer,0.5,-0.04018162190914154,-0.048804573714733124,-0.044341348111629486,-0.010049479082226753,0.030132142826914787,0.03875509463250637,0.03429186902940273,0.008622951805591583,0.0041597262024879456,0.008622951805591583,0.0041597262024879456,38,19,0.5,run_01_s50_zero,zero,0.5
640,H,3,gnnexplainer,0.5,-0.02698579430580139,-0.04022000730037689,-0.025091737508773804,-0.030795302242040634,0.0038095079362392426,0.009424705058336258,0.0057035647332668304,0.0132342129945755,0.0018940567970275879,0.005615197122097015,0.0018940567970275879,38,19,0.5,run_01_s50_zero,zero,0.5
640,H,4,gnnexplainer,0.5,-0.029253706336021423,-0.04969724267721176,-0.031304921954870224,-0.03988323733210564,0.010629530996084213,0.009814005345106125,0.008578315377235413,0.020443536341190338,0.0020512156188488007,-0.0008155256509780884,-0.0020512156188488007,38,19,0.5,run_01_s50_zero,zero,0.5
640,H,5,gnnexplainer,0.5,-0.07945401221513748,-0.09457547962665558,-0.06454657018184662,-0.08353185653686523,0.004077844321727753,0.011043623089790344,0.018985286355018616,0.015121467411518097,0.014907442033290863,0.0069657787680625916,0.014907442033290863,38,19,0.5,run_01_s50_zero,zero,0.5
640,H,6,gnnexplainer,0.5,-0.11835552006959915,-0.12277428805828094,-0.13388419151306152,-0.10661061108112335,0.0117449089884758,0.016163676977157593,0.02727358043193817,0.004418767988681793,0.015528671443462372,0.004418767988681793,0.015528671443462372,38,19,0.5,run_01_s50_zero,zero,0.5
640,H,7,gnnexplainer,0.5,-0.06900552660226822,-0.11741536855697632,-0.08263857662677765,-0.07117222994565964,0.0021667033433914185,0.04624313861131668,0.011466346681118011,0.0484098419547081,0.01363305002450943,0.04407643526792526,0.009299643337726593,38,19,0.5,run_01_s50_zero,zero,0.5
640,H,8,gnnexplainer,0.5,-0.10110029578208923,-0.14177554845809937,-0.12514694035053253,-0.12511934340000153,0.024019047617912292,0.01665620505809784,2.759695053100586e-05,0.04067525267601013,0.0240466445684433,-0.007362842559814453,-0.023991450667381287,38,19,0.5,run_01_s50_zero,zero,0.5
640,H,9,gnnexplainer,0.5,-0.07945292443037033,-0.09530056267976761,-0.09274840354919434,-0.08353185653686523,0.0040789321064949036,0.011768706142902374,0.009216547012329102,0.015847638249397278,0.013295479118824005,0.007689774036407471,0.005137614905834198,38,19,0.5,run_01_s50_zero,zero,0.5
640,H,10,gnnexplainer,0.5,-0.11835354566574097,-0.1289844810962677,-0.11189506947994232,-0.10661061108112335,0.011742934584617615,0.022373870015144348,0.00528445839881897,0.010630935430526733,0.006458476185798645,0.010630935430526733,-0.006458476185798645,38,19,0.5,run_01_s50_zero,zero,0.5
640,H,11,gnnexplainer,0.5,-0.04018741473555565,-0.06327740103006363,-0.041963841766119,-0.010049479082226753,0.030137935653328896,0.053227921947836876,0.03191436268389225,0.02308998629450798,0.0017764270305633545,0.02308998629450798,0.0017764270305633545,38,19,0.5,run_01_s50_zero,zero,0.5
640,H,12,gnnexplainer,0.5,-0.029250383377075195,-0.029639482498168945,-0.038905736058950424,-0.04088323935866356,0.011632855981588364,0.011243756860494614,0.0019775032997131348,0.00038909912109375,0.009655352681875229,-0.00038909912109375,-0.009655352681875229,38,19,0.5,run_01_s50_zero,zero,0.5
640,H,13,gnnexplainer,0.5,-0.026982992887496948,-0.03407974913716316,-0.03161066025495529,-0.030795302242040634,0.003812309354543686,0.003284446895122528,0.0008153580129146576,0.007096756249666214,0.0046276673674583435,-0.0005278624594211578,-0.0029969513416290283,38,19,0.5,run_01_s50_zero,zero,0.5
640,C,0,gnnexplainer,0.5,-7.860611915588379,-6.411502838134766,-6.813345432281494,-8.271045684814453,0.4104337692260742,1.8595428466796875,1.457700252532959,1.4491090774536133,1.0472664833068848,1.4491090774536133,1.0472664833068848,38,19,0.5,run_01_s50_zero,zero,0.5
640,C,1,gnnexplainer,0.5,-7.8596673011779785,-7.965969562530518,-6.023727893829346,-8.270045280456543,0.41037797927856445,0.3040757179260254,2.2463173866271973,0.10630226135253906,1.8359394073486328,-0.10630226135253906,1.8359394073486328,38,19,0.5,run_01_s50_zero,zero,0.5
640,C,2,gnnexplainer,0.5,-0.4793398380279541,-2.046419143676758,-0.7961507439613342,-0.608948290348053,0.12960845232009888,1.4374708533287048,0.18720245361328125,1.5670793056488037,0.3168109059333801,1.307862401008606,0.05759400129318237,38,19,0.5,run_01_s50_zero,zero,0.5
640,C,3,gnnexplainer,0.5,-1.0577682256698608,-2.0104551315307617,-1.333040475845337,-1.4114946126937866,0.3537263870239258,0.5989605188369751,0.07845413684844971,0.9526869058609009,0.2752722501754761,0.24523413181304932,-0.2752722501754761,38,19,0.5,run_01_s50_zero,zero,0.5
640,C,4,gnnexplainer,0.5,-1.6062666177749634,-2.2283284664154053,-2.2091188430786133,-2.1460978984832764,0.539831280708313,0.0822305679321289,0.06302094459533691,0.6220618486404419,0.6028522253036499,-0.4576007127761841,-0.4768103361129761,38,19,0.5,run_01_s50_zero,zero,0.5
640,C,5,gnnexplainer,0.5,-1.0578246116638184,-2.4406213760375977,-0.7192862033843994,-1.4114511013031006,0.3536264896392822,1.029170274734497,0.6921648979187012,1.3827967643737793,0.33853840827941895,0.6755437850952148,0.33853840827941895,38,19,0.5,run_01_s50_zero,zero,0.5
640,C,6,gnnexplainer,0.5,-0.47932881116867065,-2.1477205753326416,-0.6002067923545837,-0.6109034419059753,0.1315746307373047,1.5368171334266663,0.010696649551391602,1.668391764163971,0.12087798118591309,1.4052425026893616,-0.12087798118591309,38,19,0.5,run_01_s50_zero,zero,0.5
650,H,0,gnnexplainer,0.5,-0.034940771758556366,-0.08205287158489227,-0.03888385370373726,-0.047470711171627045,0.012529939413070679,0.03458216041326523,0.008586857467889786,0.04711209982633591,0.003943081945180893,0.02205222100019455,-0.003943081945180893,40,20,0.5,run_01_s50_zero,zero,0.5
650,H,1,gnnexplainer,0.5,-0.06100916862487793,-0.10161886364221573,-0.06017564609646797,-0.0373387411236763,0.02367042750120163,0.06428012251853943,0.022836904972791672,0.0406096950173378,0.0008335225284099579,0.0406096950173378,-0.0008335225284099579,40,20,0.5,run_01_s50_zero,zero,0.5
650,H,2,gnnexplainer,0.5,-0.024738125503063202,-0.02391032874584198,-0.017061486840248108,-0.021102281287312508,0.0036358442157506943,0.0028080474585294724,0.0040407944470644,0.0008277967572212219,0.007676638662815094,-0.0008277967572212219,0.00040495023131370544,40,20,0.5,run_01_s50_zero,zero,0.5
650,H,3,gnnexplainer,0.5,-0.10827633738517761,-0.10593314468860626,-0.13858646154403687,-0.09628623723983765,0.011990100145339966,0.009646907448768616,0.04230022430419922,0.00234319269657135,0.030310124158859253,-0.00234319269657135,0.030310124158859253,40,20,0.5,run_01_s50_zero,zero,0.5
650,H,4,gnnexplainer,0.5,-0.05421527847647667,-0.06582187861204147,-0.051902804523706436,-0.1060146912932396,0.051799412816762924,0.04019281268119812,0.05411188676953316,0.011606600135564804,0.002312473952770233,-0.011606600135564804,0.002312473952770233,40,20,0.5,run_01_s50_zero,zero,0.5
650,H,5,gnnexplainer,0.5,-0.0340970978140831,-0.05306876078248024,-0.049479492008686066,-0.045926790684461594,0.011829692870378494,0.007141970098018646,0.003552701324224472,0.01897166296839714,0.015382394194602966,-0.004687722772359848,-0.008276991546154022,40,20,0.5,run_01_s50_zero,zero,0.5
650,H,6,gnnexplainer,0.5,-0.023676138371229172,-0.05013659968972206,-0.03761390969157219,-0.01910228095948696,0.00457385741174221,0.0310343187302351,0.018511628732085228,0.02646046131849289,0.013937771320343018,0.02646046131849289,0.013937771320343018,40,20,0.5,run_01_s50_zero,zero,0.5
650,H,7,gnnexplainer,0.5,-0.05934511870145798,-0.108854278922081,-0.07337719947099686,-0.03475097194314003,0.024594146758317947,0.07410330697894096,0.03862622752785683,0.049509160220623016,0.01403208076953888,0.049509160220623016,0.01403208076953888,40,20,0.5,run_01_s50_zero,zero,0.5
650,H,8,gnnexplainer,0.5,-0.03394071012735367,-0.06754127144813538,-0.040192876011133194,-0.04692678898572922,0.01298607885837555,0.02061448246240616,0.0067339129745960236,0.03360056132078171,0.006252165883779526,0.007628403604030609,-0.006252165883779526,40,20,0.5,run_01_s50_zero,zero,0.5
650,H,9,gnnexplainer,0.5,-0.05895303934812546,-0.11045867204666138,-0.05937715992331505,-0.03479496389627457,0.02415807545185089,0.07566370815038681,0.02458219602704048,0.05150563269853592,0.00042412057518959045,0.05150563269853592,0.00042412057518959045,40,20,0.5,run_01_s50_zero,zero,0.5
650,H,10,gnnexplainer,0.5,-0.023587524890899658,-0.03709178417921066,-0.018579445779323578,-0.020102281123399734,0.0034852437674999237,0.01698950305581093,0.0015228353440761566,0.013504259288311005,0.00500807911157608,0.013504259288311005,-0.001962408423423767,40,20,0.5,run_01_s50_zero,zero,0.5
650,H,11,gnnexplainer,0.5,-0.10841157287359238,-0.10020928084850311,-0.11809486895799637,-0.09524228423833847,0.013169288635253906,0.004966996610164642,0.022852584719657898,0.008202292025089264,0.009683296084403992,-0.008202292025089264,0.009683296084403992,40,20,0.5,run_01_s50_zero,zero,0.5
650,H,12,gnnexplainer,0.5,-0.05435436591506004,-0.025558121502399445,-0.05774586275219917,-0.10497073829174042,0.050616372376680374,0.07941261678934097,0.047224875539541245,0.0287962444126606,0.0033914968371391296,0.0287962444126606,-0.0033914968371391296,40,20,0.5,run_01_s50_zero,zero,0.5
650,H,13,gnnexplainer,0.5,-0.06090754270553589,-0.11325623095035553,-0.05768486112356186,-0.03579496219754219,0.025112580507993698,0.07746126875281334,0.02188989892601967,0.05234868824481964,0.0032226815819740295,0.05234868824481964,-0.0032226815819740295,40,20,0.5,run_01_s50_zero,zero,0.5
650,H,14,gnnexplainer,0.5,-0.03507107496261597,-0.058085355907678604,-0.03703853487968445,-0.04792679101228714,0.012855716049671173,0.010158564895391464,0.010888256132602692,0.023014280945062637,0.0019674599170684814,-0.002697151154279709,-0.0019674599170684814,40,20,0.5,run_01_s50_zero,zero,0.5
650,H,15,gnnexplainer,0.5,-0.024672776460647583,-0.03606513887643814,-0.02293805032968521,-0.01910228095948696,0.005570495501160622,0.01696285791695118,0.00383576937019825,0.011392362415790558,0.0017347261309623718,0.011392362415790558,-0.0017347261309623718,40,20,0.5,run_01_s50_zero,zero,0.5
650,C,0,gnnexplainer,0.5,-0.6039972305297852,-2.1786601543426514,-0.8361822962760925,-0.7945148944854736,0.19051766395568848,1.3841452598571777,0.041667401790618896,1.5746629238128662,0.23218506574630737,1.1936275959014893,-0.14885026216506958,40,20,0.5,run_01_s50_zero,zero,0.5
650,C,1,gnnexplainer,0.5,-0.9427768588066101,-2.3013150691986084,-0.8498067855834961,-1.2854688167572021,0.34269195795059204,1.0158462524414062,0.43566203117370605,1.3585382103919983,0.09297007322311401,0.6731542944908142,0.09297007322311401,40,20,0.5,run_01_s50_zero,zero,0.5
650,C,2,gnnexplainer,0.5,-0.6430948376655579,-2.391116142272949,-0.5809131264686584,-0.7869271636009216,0.14383232593536377,1.6041889786720276,0.20601403713226318,1.7480213046073914,0.062181711196899414,1.4603566527366638,0.062181711196899414,40,20,0.5,run_01_s50_zero,zero,0.5
650,C,3,gnnexplainer,0.5,-0.6416166424751282,-2.2904574871063232,-0.6881674528121948,-0.7869707942008972,0.14535415172576904,1.503486692905426,0.09880334138870239,1.648840844631195,0.04655081033706665,1.358132541179657,-0.04655081033706665,40,20,0.5,run_01_s50_zero,zero,0.5
650,C,4,gnnexplainer,0.5,-0.942050039768219,-2.339496374130249,-0.6789361834526062,-1.282924771308899,0.34087473154067993,1.05657160282135,0.6039885878562927,1.39744633436203,0.2631138563156128,0.7156968712806702,0.2631138563156128,40,20,0.5,run_01_s50_zero,zero,0.5
650,C,5,gnnexplainer,0.5,-0.60410076379776,-2.378923177719116,-0.65516197681427,-0.7939702272415161,0.1898694634437561,1.5849529504776,0.1388082504272461,1.7748224139213562,0.05106121301651001,1.395083487033844,-0.05106121301651001,40,20,0.5,run_01_s50_zero,zero,0.5
740,H,1,gnnexplainer,0.5,-0.026137936860322952,-0.05942551791667938,-0.0183655247092247,0.03481113538146019,0.06094907224178314,0.09423665329813957,0.05317666009068489,0.03328758105635643,0.007772412151098251,0.03328758105635643,-0.007772412151098251,34,17,0.5,run_01_s50_zero,zero,0.5
740,H,2,gnnexplainer,0.5,-0.04452488198876381,-0.08944068104028702,-0.0382966585457325,-0.0694003626704216,0.02487548068165779,0.020040318369865417,0.031103704124689102,0.04491579905152321,0.006228223443031311,-0.004835162311792374,0.006228223443031311,34,17,0.5,run_01_s50_zero,zero,0.5
740,H,3,gnnexplainer,0.5,-0.04864649474620819,-0.10235799849033356,-0.04050535708665848,-0.03524171933531761,0.01340477541089058,0.06711627915501595,0.005263637751340866,0.053711503744125366,0.008141137659549713,0.053711503744125366,-0.008141137659549713,34,17,0.5,run_01_s50_zero,zero,0.5
740,H,4,gnnexplainer,0.5,-0.044288262724876404,-0.088542640209198,-0.05293230712413788,-0.06663717329502106,0.022348910570144653,0.02190546691417694,0.013704866170883179,0.044254377484321594,0.008644044399261475,-0.0004434436559677124,-0.008644044399261475,34,17,0.5,run_01_s50_zero,zero,0.5
740,H,5,gnnexplainer,0.5,-0.02385552227497101,-0.06242625415325165,0.007913701236248016,0.03422334045171738,0.058078862726688385,0.09664959460496902,0.02630963921546936,0.03857073187828064,0.031769223511219025,0.03857073187828064,-0.031769223511219025,34,17,0.5,run_01_s50_zero,zero,0.5
740,H,6,gnnexplainer,0.5,-0.046978406608104706,-0.08803404867649078,-0.04911625012755394,-0.03061004728078842,0.016368359327316284,0.05742400139570236,0.018506202846765518,0.04105564206838608,0.002137843519449234,0.04105564206838608,0.002137843519449234,34,17,0.5,run_01_s50_zero,zero,0.5
740,H,9,gnnexplainer,0.5,-0.04696982726454735,-0.0685027688741684,-0.05081237107515335,-0.11217248439788818,0.06520265713334084,0.04366971552371979,0.06136011332273483,0.021532941609621048,0.003842543810606003,-0.021532941609621048,-0.003842543810606003,34,17,0.5,run_01_s50_zero,zero,0.5
740,H,10,gnnexplainer,0.5,-0.046655893325805664,-0.06162097305059433,-0.05234011262655258,-0.10799708962440491,0.06134119629859924,0.04637611657381058,0.055656976997852325,0.014965079724788666,0.005684219300746918,-0.014965079724788666,-0.005684219300746918,34,17,0.5,run_01_s50_zero,zero,0.5
740,H,11,gnnexplainer,0.5,-0.03764323145151138,-0.056588064879179,-0.05143390968441963,0.028855061158537865,0.06649829261004925,0.08544312603771687,0.0802889708429575,0.018944833427667618,0.013790678232908249,0.018944833427667618,0.013790678232908249,34,17,0.5,run_01_s50_zero,zero,0.5
740,C,0,gnnexplainer,0.5,0.018430694937705994,-3.1298108100891113,0.011168330907821655,0.41184088587760925,0.39341019093990326,3.5416516959667206,0.4006725549697876,3.1482415050268173,0.007262364029884338,3.1482415050268173,0.007262364029884338,34,17,0.5,run_01_s50_zero,zero,0.5
740,C,1,gnnexplainer,0.5,0.007801875472068787,-2.7577474117279053,-0.06838631629943848,0.3751834034919739,0.3673815280199051,3.132930815219879,0.44356971979141235,2.765549287199974,0.07618819177150726,2.765549287199974,0.07618819177150726,34,17,0.5,run_01_s50_zero,zero,0.5
740,C,2,gnnexplainer,0.5,-0.3508378267288208,-2.9769060611724854,-0.42293548583984375,0.5169197916984558,0.8677576184272766,3.493825852870941,0.9398552775382996,2.6260682344436646,0.07209765911102295,2.6260682344436646,0.07209765911102295,34,17,0.5,run_01_s50_zero,zero,0.5
50,H,0,gnnexplainer,0.5,-0.18866461515426636,-0.06636320054531097,-0.18119415640830994,-0.18572446703910828,0.002940148115158081,0.1193612664937973,0.00453031063079834,0.12230141460895538,0.007470458745956421,0.11642111837863922,0.0015901625156402588,30,15,0.5,run_02_s50_scientific,scientific,0.5
50,H,1,gnnexplainer,0.5,-0.19408667087554932,-0.0789506658911705,-0.20861437916755676,-0.1745053380727768,0.019581332802772522,0.09555467218160629,0.03410904109477997,0.11513600498437881,0.014527708292007446,0.07597333937883377,0.014527708292007446,30,15,0.5,run_02_s50_scientific,scientific,0.5
50,H,2,gnnexplainer,0.5,-0.13721123337745667,-0.11876506358385086,-0.16009578108787537,-0.1240059956908226,0.013205237686634064,0.005240932106971741,0.036089785397052765,0.018446169793605804,0.0228845477104187,-0.007964305579662323,0.0228845477104187,30,15,0.5,run_02_s50_scientific,scientific,0.5
50,H,3,gnnexplainer,0.5,-0.06269896030426025,-0.0868186205625534,-0.05343671143054962,-0.029461706057190895,0.03323725424706936,0.05735691450536251,0.023975005373358727,0.024119660258293152,0.009262248873710632,0.024119660258293152,-0.009262248873710632,30,15,0.5,run_02_s50_scientific,scientific,0.5
50,H,4,gnnexplainer,0.5,-0.05592544749379158,-0.065912626683712,-0.05630757287144661,-0.08866342157125473,0.03273797407746315,0.022750794887542725,0.03235584869980812,0.009987179189920425,0.0003821253776550293,-0.009987179189920425,-0.0003821253776550293,30,15,0.5,run_02_s50_scientific,scientific,0.5
50,H,5,gnnexplainer,0.5,-0.08462868630886078,-0.07064414769411087,-0.12411708384752274,-0.06410186737775803,0.020526818931102753,0.006542280316352844,0.06001521646976471,0.013984538614749908,0.03948839753866196,-0.013984538614749908,0.03948839753866196,30,15,0.5,run_02_s50_scientific,scientific,0.5
50,H,6,gnnexplainer,0.5,-0.33054494857788086,-0.13474032282829285,-0.35769400000572205,-0.3011716902256012,0.029373258352279663,0.16643136739730835,0.05652230978012085,0.195804625749588,0.027149051427841187,0.1370581090450287,0.027149051427841187,30,15,0.5,run_02_s50_scientific,scientific,0.5
50,H,7,gnnexplainer,0.5,-0.3257949948310852,-0.14481142163276672,-0.32373112440109253,-0.362988144159317,0.03719314932823181,0.2181767225265503,0.03925701975822449,0.18098357319831848,0.0020638704299926758,0.18098357319831848,0.0020638704299926758,30,15,0.5,run_02_s50_scientific,scientific,0.5
50,C,0,gnnexplainer,0.5,-3.4731967449188232,-1.9575390815734863,-4.6670308113098145,-3.638505220413208,0.16530847549438477,1.6809661388397217,1.0285255908966064,1.515657663345337,1.1938340663909912,1.515657663345337,0.8632171154022217,30,15,0.5,run_02_s50_scientific,scientific,0.5
50,C,1,gnnexplainer,0.5,-2.626781463623047,-2.439267635345459,-2.577259063720703,-2.7032065391540527,0.07642507553100586,0.26393890380859375,0.1259474754333496,0.1875138282775879,0.04952239990234375,0.1875138282775879,0.04952239990234375,30,15,0.5,run_02_s50_scientific,scientific,0.5
50,C,2,gnnexplainer,0.5,-2.6187326908111572,-2.6506943702697754,-2.3578226566314697,-3.0836172103881836,0.46488451957702637,0.4329228401184082,0.7257945537567139,0.031961679458618164,0.2609100341796875,-0.031961679458618164,0.2609100341796875,30,15,0.5,run_02_s50_scientific,scientific,0.5
50,C,3,gnnexplainer,0.5,-12.352452278137207,-8.492962837219238,-11.702123641967773,-11.829119682312012,0.5233325958251953,3.3361568450927734,0.12699604034423828,3.8594894409179688,0.6503286361694336,2.812824249267578,-0.39633655548095703,30,15,0.5,run_02_s50_scientific,scientific,0.5
50,C,4,gnnexplainer,0.5,-12.56570053100586,-10.239035606384277,-9.956381797790527,-12.671215057373047,0.1055145263671875,2.4321794509887695,2.7148332595825195,2.326664924621582,2.609318733215332,2.326664924621582,2.609318733215332,30,15,0.5,run_02_s50_scientific,scientific,0.5
50,C,5,gnnexplainer,0.5,-1.2540905475616455,-1.8838874101638794,-1.0355256795883179,-1.9315294027328491,0.6774388551712036,0.04764199256896973,0.8960037231445312,0.6297968626022339,0.21856486797332764,-0.6297968626022339,0.21856486797332764,30,15,0.5,run_02_s50_scientific,scientific,0.5
170,H,0,gnnexplainer,0.5,-0.08065252006053925,-0.10389608144760132,-0.08229146897792816,-0.026961499825119972,0.05369102023541927,0.07693458162248135,0.05532996915280819,0.023243561387062073,0.001638948917388916,0.023243561387062073,0.001638948917388916,42,21,0.5,run_02_s50_scientific,scientific,0.5
170,H,1,gnnexplainer,0.5,-0.08064423501491547,-0.10329823195934296,-0.08660370856523514,-0.027961499989032745,0.05268273502588272,0.07533673197031021,0.05864220857620239,0.02265399694442749,0.005959473550319672,0.02265399694442749,0.005959473550319672,42,21,0.5,run_02_s50_scientific,scientific,0.5
170,H,2,gnnexplainer,0.5,-0.08063553273677826,-0.1032886803150177,-0.07352244853973389,-0.027961499989032745,0.052674032747745514,0.07532718032598495,0.04556094855070114,0.02265314757823944,0.0071130841970443726,0.02265314757823944,-0.0071130841970443726,42,21,0.5,run_02_s50_scientific,scientific,0.5
170,H,3,gnnexplainer,0.5,-0.08062697947025299,-0.0962434709072113,-0.08095971494913101,-0.026961499825119972,0.05366547964513302,0.06928197108209133,0.05399821512401104,0.015616491436958313,0.00033273547887802124,0.015616491436958313,0.00033273547887802124,42,21,0.5,run_02_s50_scientific,scientific,0.5
170,H,4,gnnexplainer,0.5,-0.07791470736265182,-0.0905604436993599,-0.08011302351951599,-0.027961499989032745,0.04995320737361908,0.06259894371032715,0.052151523530483246,0.012645736336708069,0.0021983161568641663,0.012645736336708069,0.0021983161568641663,42,21,0.5,run_02_s50_scientific,scientific,0.5
170,H,5,gnnexplainer,0.5,-0.07790467888116837,-0.0926024317741394,-0.07090140879154205,-0.026961499825119972,0.05094317905604839,0.06564093194901943,0.04393990896642208,0.014697752892971039,0.007003270089626312,0.014697752892971039,-0.007003270089626312,42,21,0.5,run_02_s50_scientific,scientific,0.5
170,H,6,gnnexplainer,0.5,-0.07790350168943405,-0.09080999344587326,-0.07280033826828003,-0.026961499825119972,0.05094200186431408,0.06384849362075329,0.04583883844316006,0.012906491756439209,0.005103163421154022,0.012906491756439209,-0.005103163421154022,42,21,0.5,run_02_s50_scientific,scientific,0.5
170,H,7,gnnexplainer,0.5,-0.07790827751159668,-0.10078328102827072,-0.06970254331827164,-0.02896150015294552,0.04894677735865116,0.0718217808753252,0.04074104316532612,0.022875003516674042,0.008205734193325043,0.022875003516674042,-0.008205734193325043,42,21,0.5,run_02_s50_scientific,scientific,0.5
170,H,8,gnnexplainer,0.5,-0.07964935898780823,-0.12018116563558578,-0.09273812174797058,-0.02691764011979103,0.0527317188680172,0.09326352551579475,0.06582048162817955,0.04053180664777756,0.013088762760162354,0.04053180664777756,0.013088762760162354,42,21,0.5,run_02_s50_scientific,scientific,0.5
170,H,9,gnnexplainer,0.5,-0.0796414166688919,-0.09885376691818237,-0.07838540524244308,-0.025917639955878258,0.05372377671301365,0.07293612696230412,0.05246776528656483,0.019212350249290466,0.001256011426448822,0.019212350249290466,-0.001256011426448822,42,21,0.5,run_02_s50_scientific,scientific,0.5
170,H,10,gnnexplainer,0.5,-0.07964157313108444,-0.10785285383462906,-0.0789065808057785,-0.025917639955878258,0.053723933175206184,0.0819352138787508,0.052988940849900246,0.028211280703544617,0.0007349923253059387,0.028211280703544617,-0.0007349923253059387,42,21,0.5,run_02_s50_scientific,scientific,0.5
170,H,11,gnnexplainer,0.5,-0.07965811342000961,-0.10645399987697601,-0.09470085799694061,-0.02896150015294552,0.050696613267064095,0.0774924997240305,0.0657393578439951,0.0267958864569664,0.015042744576931,0.0267958864569664,0.015042744576931,42,21,0.5,run_02_s50_scientific,scientific,0.5
170,C,0,gnnexplainer,0.5,-2.0284276008605957,-2.215282440185547,-2.2375378608703613,-2.175614595413208,0.1471869945526123,0.03966784477233887,0.06192326545715332,0.18685483932495117,0.20911026000976562,-0.10751914978027344,-0.08526372909545898,42,21,0.5,run_02_s50_scientific,scientific,0.5
170,C,1,gnnexplainer,0.5,-2.0285582542419434,-2.6733078956604004,-2.466118097305298,-2.1761586666107178,0.14760041236877441,0.4971492290496826,0.2899594306945801,0.644749641418457,0.4375598430633545,0.3495488166809082,0.14235901832580566,42,21,0.5,run_02_s50_scientific,scientific,0.5
170,C,2,gnnexplainer,0.5,-2.1927924156188965,-2.504812240600586,-2.0362801551818848,-2.1926145553588867,0.00017786026000976562,0.3121976852416992,0.15633440017700195,0.31201982498168945,0.15651226043701172,0.31201982498168945,0.1561565399169922,42,21,0.5,run_02_s50_scientific,scientific,0.5
170,C,3,gnnexplainer,0.5,-2.1926939487457275,-2.087778329849243,-2.106796979904175,-2.179614543914795,0.013079404830932617,0.09183621406555176,0.07281756401062012,0.10491561889648438,0.08589696884155273,0.07875680923461914,0.0597381591796875,42,21,0.5,run_02_s50_scientific,scientific,0.5
170,C,4,gnnexplainer,0.5,-2.0527212619781494,-2.6801013946533203,-2.004342794418335,-2.1881580352783203,0.1354367733001709,0.491943359375,0.18381524085998535,0.6273801326751709,0.04837846755981445,0.3565065860748291,0.04837846755981445,42,21,0.5,run_02_s50_scientific,scientific,0.5
170,C,5,gnnexplainer,0.5,-2.0526702404022217,-2.332273244857788,-1.6633793115615845,-2.174614429473877,0.12194418907165527,0.15765881538391113,0.5112351179122925,0.2796030044555664,0.3892909288406372,0.03571462631225586,0.3892909288406372,42,21,0.5,run_02_s50_scientific,scientific,0.5
270,H,0,gnnexplainer,0.5,-0.06326740980148315,-0.08056055009365082,-0.04988694190979004,-0.04426804184913635,0.018999367952346802,0.036292508244514465,0.0056189000606536865,0.017293140292167664,0.013380467891693115,0.017293140292167664,-0.013380467891693115,22,11,0.5,run_02_s50_scientific,scientific,0.5
270,H,1,gnnexplainer,0.5,-0.06325238198041916,-0.06740289181470871,-0.08811581134796143,-0.04426804184913635,0.018984340131282806,0.023134849965572357,0.04384776949882507,0.004150509834289551,0.024863429367542267,0.004150509834289551,0.024863429367542267,22,11,0.5,run_02_s50_scientific,scientific,0.5
270,H,2,gnnexplainer,0.5,-0.11182482540607452,-0.11907412111759186,-0.10332050919532776,-0.1254609227180481,0.013636097311973572,0.006386801600456238,0.022140413522720337,0.007249295711517334,0.008504316210746765,-0.007249295711517334,0.008504316210746765,22,11,0.5,run_02_s50_scientific,scientific,0.5
270,H,3,gnnexplainer,0.5,-0.11181138455867767,-0.12009811401367188,-0.15846723318099976,-0.12491703033447266,0.013105645775794983,0.004818916320800781,0.0335502028465271,0.008286729454994202,0.04665584862232208,-0.008286729454994202,0.020444557070732117,22,11,0.5,run_02_s50_scientific,scientific,0.5
270,H,4,gnnexplainer,0.5,-0.11182227730751038,-0.12447008490562439,-0.11209085583686829,-0.12646092474460602,0.014638647437095642,0.0019908398389816284,0.014370068907737732,0.012647807598114014,0.00026857852935791016,-0.012647807598114014,-0.00026857852935791016,22,11,0.5,run_02_s50_scientific,scientific,0.5
270,H,5,gnnexplainer,0.5,-0.11181676387786865,-0.12757357954978943,-0.12214848399162292,-0.12591703236103058,0.014100268483161926,0.00165654718875885,0.003768548369407654,0.015756815671920776,0.010331720113754272,-0.012443721294403076,-0.010331720113754272,22,11,0.5,run_02_s50_scientific,scientific,0.5
270,C,0,gnnexplainer,0.5,-0.8327508568763733,-2.2582809925079346,-1.7792003154754639,-0.4850490391254425,0.3477018177509308,1.773231953382492,1.2941512763500214,1.4255301356315613,0.9464494585990906,1.4255301356315613,0.9464494585990906,22,11,0.5,run_02_s50_scientific,scientific,0.5
270,C,1,gnnexplainer,0.5,-3.084488868713379,-2.7864155769348145,-3.3422374725341797,-2.464503288269043,0.6199855804443359,0.3219122886657715,0.8777341842651367,0.29807329177856445,0.2577486038208008,-0.29807329177856445,0.2577486038208008,22,11,0.5,run_02_s50_scientific,scientific,0.5
270,C,2,gnnexplainer,0.5,-14.785540580749512,-12.843667984008789,-12.461071968078613,-16.523923873901367,1.7383832931518555,3.680255889892578,4.062851905822754,1.9418725967407227,2.3244686126708984,1.9418725967407227,2.3244686126708984,22,11,0.5,run_02_s50_scientific,scientific,0.5
270,C,3,gnnexplainer,0.5,-3.084531784057617,-2.787263870239258,-1.9445403814315796,-2.4825034141540527,0.6020283699035645,0.3047604560852051,0.5379630327224731,0.2972679138183594,1.1399914026260376,-0.2972679138183594,-0.06406533718109131,22,11,0.5,run_02_s50_scientific,scientific,0.5
330,H,0,gnnexplainer,0.5,-0.05332114174962044,-0.08211144804954529,-0.03265736252069473,-0.03665326535701752,0.01666787639260292,0.04545818269252777,0.003995902836322784,0.02879030629992485,0.020663779228925705,0.02879030629992485,-0.012671973556280136,22,11,0.5,run_02_s50_scientific,scientific,0.5
330,H,1,gnnexplainer,0.5,-0.04627763852477074,-0.0506458543241024,-0.03343041613698006,-0.05347871407866478,0.007201075553894043,0.002832859754562378,0.020048297941684723,0.004368215799331665,0.01284722238779068,-0.004368215799331665,0.01284722238779068,22,11,0.5,run_02_s50_scientific,scientific,0.5
330,H,2,gnnexplainer,0.5,-0.04633069783449173,-0.06286841630935669,-0.0599614679813385,-0.052478715777397156,0.006148017942905426,0.010389700531959534,0.007482752203941345,0.01653771847486496,0.013630770146846771,0.004241682589054108,0.0013347342610359192,22,11,0.5,run_02_s50_scientific,scientific,0.5
330,H,3,gnnexplainer,0.5,-0.018737804144620895,-0.04555200785398483,-0.003300100564956665,-0.028382685035467148,0.009644880890846252,0.017169322818517685,0.025082584470510483,0.026814203709363937,0.01543770357966423,0.0075244419276714325,0.01543770357966423,22,11,0.5,run_02_s50_scientific,scientific,0.5
330,H,4,gnnexplainer,0.5,-0.01875194162130356,-0.041999995708465576,-0.017089124768972397,-0.02938268519937992,0.010630743578076363,0.012617310509085655,0.012293560430407524,0.023248054087162018,0.0016628168523311615,0.0019865669310092926,0.0016628168523311615,22,11,0.5,run_02_s50_scientific,scientific,0.5
330,H,5,gnnexplainer,0.5,-0.08483874797821045,-0.13669581711292267,-0.09962247312068939,-0.05086393281817436,0.03397481516003609,0.0858318842947483,0.04875854030251503,0.05185706913471222,0.014783725142478943,0.05185706913471222,0.014783725142478943,22,11,0.5,run_02_s50_scientific,scientific,0.5
330,H,6,gnnexplainer,0.5,-0.14934495091438293,-0.1118781566619873,-0.15702122449874878,-0.19063477218151093,0.04128982126712799,0.07875661551952362,0.033613547682762146,0.03746679425239563,0.007676273584365845,0.03746679425239563,-0.007676273584365845,22,11,0.5,run_02_s50_scientific,scientific,0.5
330,C,0,gnnexplainer,0.5,-1.6009703874588013,-2.9244511127471924,-2.1298186779022217,-1.5042518377304077,0.09671854972839355,1.4201992750167847,0.625566840171814,1.3234807252883911,0.5288482904434204,1.3234807252883911,0.5288482904434204,22,11,0.5,run_02_s50_scientific,scientific,0.5
330,C,1,gnnexplainer,0.5,-1.3574010133743286,-3.3782384395599365,-1.259668231010437,-1.1874029636383057,0.16999804973602295,2.190835475921631,0.07226526737213135,2.020837426185608,0.0977327823638916,2.020837426185608,-0.0977327823638916,22,11,0.5,run_02_s50_scientific,scientific,0.5
330,C,2,gnnexplainer,0.5,-6.480936527252197,-5.947206497192383,-5.4991583824157715,-7.547578811645508,1.0666422843933105,1.600372314453125,2.0484204292297363,0.5337300300598145,0.9817781448364258,0.5337300300598145,0.9817781448364258,22,11,0.5,run_02_s50_scientific,scientific,0.5
360,H,0,gnnexplainer,0.5,-0.33236026763916016,-0.15188580751419067,-0.33236777782440186,-0.3191285729408264,0.01323169469833374,0.16724276542663574,0.01323920488357544,0.18047446012496948,7.510185241699219e-06,0.154011070728302,7.510185241699219e-06,24,12,0.5,run_02_s50_scientific,scientific,0.5
360,H,1,gnnexplainer,0.5,-0.342712938785553,-0.16443464159965515,-0.40734681487083435,-0.26153138279914856,0.08118155598640442,0.09709674119949341,0.1458154320716858,0.17827829718589783,0.06463387608528137,0.01591518521308899,0.06463387608528137,24,12,0.5,run_02_s50_scientific,scientific,0.5
360,H,2,gnnexplainer,0.5,-0.14684848487377167,-0.05407410487532616,-0.1557876467704773,-0.1154087483882904,0.03143973648548126,0.06133464351296425,0.04037889838218689,0.09277437999844551,0.008939161896705627,0.029894907027482986,0.008939161896705627,24,12,0.5,run_02_s50_scientific,scientific,0.5
360,H,3,gnnexplainer,0.5,-0.14511096477508545,-0.03491201251745224,-0.12970030307769775,-0.14733904600143433,0.002228081226348877,0.11242703348398209,0.017638742923736572,0.11019895225763321,0.015410661697387695,0.11019895225763321,0.015410661697387695,24,12,0.5,run_02_s50_scientific,scientific,0.5
360,H,4,gnnexplainer,0.5,-0.13666847348213196,-0.0477566160261631,-0.14601700007915497,-0.11875949054956436,0.017908982932567596,0.07100287452340126,0.027257509529590607,0.08891185745596886,0.00934852659702301,0.053093891590833664,0.00934852659702301,24,12,0.5,run_02_s50_scientific,scientific,0.5
360,H,5,gnnexplainer,0.5,-0.1832352876663208,-0.09849116206169128,-0.1885005235671997,-0.16926804184913635,0.013967245817184448,0.07077687978744507,0.019232481718063354,0.08474412560462952,0.005265235900878906,0.05680963397026062,0.005265235900878906,24,12,0.5,run_02_s50_scientific,scientific,0.5
360,H,6,gnnexplainer,0.5,-0.17076992988586426,-0.07871479541063309,-0.14485150575637817,-0.20832136273384094,0.037551432847976685,0.12960656732320786,0.06346985697746277,0.09205513447523117,0.025918424129486084,0.09205513447523117,0.025918424129486084,24,12,0.5,run_02_s50_scientific,scientific,0.5
360,C,0,gnnexplainer,0.5,-3.523756980895996,-2.026850700378418,-3.871201276779175,-4.043220043182373,0.519463062286377,2.016369342803955,0.17201876640319824,1.4969062805175781,0.3474442958831787,1.4969062805175781,-0.3474442958831787,24,12,0.5,run_02_s50_scientific,scientific,0.5
360,C,1,gnnexplainer,0.5,-14.09076976776123,-8.3152437210083,-14.319228172302246,-14.111479759216309,0.020709991455078125,5.796236038208008,0.2077484130859375,5.77552604675293,0.22845840454101562,5.77552604675293,0.18703842163085938,24,12,0.5,run_02_s50_scientific,scientific,0.5
360,C,2,gnnexplainer,0.5,-11.013855934143066,-7.166133880615234,-10.54508113861084,-9.470762252807617,1.5430936813354492,2.304628372192383,1.0743188858032227,3.847722053527832,0.46877479553222656,0.7615346908569336,-0.46877479553222656,24,12,0.5,run_02_s50_scientific,scientific,0.5
360,C,3,gnnexplainer,0.5,-1.671934723854065,-2.621203899383545,-1.6122076511383057,-1.504056692123413,0.16787803173065186,1.1171472072601318,0.10815095901489258,0.94926917552948,0.05972707271575928,0.94926917552948,-0.05972707271575928,24,12,0.5,run_02_s50_scientific,scientific,0.5
380,H,0,gnnexplainer,0.5,-0.13993945717811584,-0.05934522673487663,-0.14495527744293213,-0.11915438622236252,0.020785070955753326,0.059809159487485886,0.02580089122056961,0.08059423044323921,0.005015820264816284,0.03902408853173256,0.005015820264816284,24,12,0.5,run_02_s50_scientific,scientific,0.5
380,H,1,gnnexplainer,0.5,-0.13264447450637817,-0.08621218800544739,-0.13827630877494812,-0.1529437154531479,0.020299240946769714,0.0667315274477005,0.014667406678199768,0.046432286500930786,0.005631834268569946,0.046432286500930786,-0.005631834268569946,24,12,0.5,run_02_s50_scientific,scientific,0.5
380,H,2,gnnexplainer,0.5,-0.13482002913951874,-0.07225869596004486,-0.14171786606311798,-0.11749634146690369,0.01732368767261505,0.045237645506858826,0.024221524596214294,0.06256133317947388,0.006897836923599243,0.027913957834243774,0.006897836923599243,24,12,0.5,run_02_s50_scientific,scientific,0.5
380,H,3,gnnexplainer,0.5,-0.1763220578432083,-0.1068001314997673,-0.1831776201725006,-0.2253120243549347,0.04898996651172638,0.11851189285516739,0.04213440418243408,0.06952192634344101,0.006855562329292297,0.06952192634344101,-0.006855562329292297,24,12,0.5,run_02_s50_scientific,scientific,0.5
380,H,4,gnnexplainer,0.5,-0.17767122387886047,-0.11432673037052155,-0.15059038996696472,-0.19009250402450562,0.012421280145645142,0.07576577365398407,0.039502114057540894,0.06334449350833893,0.027080833911895752,0.06334449350833893,0.027080833911895752,24,12,0.5,run_02_s50_scientific,scientific,0.5
380,H,5,gnnexplainer,0.5,-0.019281115382909775,-0.022962167859077454,-0.008219227194786072,0.054915860295295715,0.07419697567820549,0.07787802815437317,0.06313508749008179,0.003681052476167679,0.011061888188123703,0.003681052476167679,-0.011061888188123703,24,12,0.5,run_02_s50_scientific,scientific,0.5
380,H,6,gnnexplainer,0.5,-0.02779546007514,-0.04110867157578468,-0.023642711341381073,-0.026584316045045853,0.0012111440300941467,0.01452435553073883,0.0029416047036647797,0.013313211500644684,0.004152748733758926,0.013313211500644684,0.001730460673570633,24,12,0.5,run_02_s50_scientific,scientific,0.5
380,H,7,gnnexplainer,0.5,-0.025298241525888443,-0.03589223697781563,-0.034656308591365814,-0.0037771498318761587,0.021521091694012284,0.03211508714593947,0.030879158759489655,0.010593995451927185,0.009358067065477371,0.010593995451927185,0.009358067065477371,24,12,0.5,run_02_s50_scientific,scientific,0.5
380,C,0,gnnexplainer,0.5,-0.011481314897537231,-1.5731667280197144,-0.32512933015823364,0.17328409850597382,0.18476541340351105,1.7464508265256882,0.49841342866420746,1.5616854131221771,0.3136480152606964,1.5616854131221771,0.3136480152606964,24,12,0.5,run_02_s50_scientific,scientific,0.5
380,C,1,gnnexplainer,0.5,-2.963667631149292,-2.4981327056884766,-2.7350823879241943,-2.9316675662994385,0.032000064849853516,0.4335348606109619,0.19658517837524414,0.46553492546081543,0.22858524322509766,0.4015347957611084,0.16458511352539062,24,12,0.5,run_02_s50_scientific,scientific,0.5
380,C,2,gnnexplainer,0.5,-15.949727058410645,-13.85305404663086,-16.547035217285156,-16.425132751464844,0.4754056930541992,2.5720787048339844,0.1219024658203125,2.096673011779785,0.5973081588745117,2.096673011779785,-0.3535032272338867,24,12,0.5,run_02_s50_scientific,scientific,0.5
380,C,3,gnnexplainer,0.5,-1.695212483406067,-2.5559215545654297,-1.4028425216674805,-1.3898565769195557,0.30535590648651123,1.166064977645874,0.012985944747924805,0.8607090711593628,0.2923699617385864,0.8607090711593628,-0.2923699617385864,24,12,0.5,run_02_s50_scientific,scientific,0.5
450,H,0,gnnexplainer,0.5,-0.04355114698410034,-0.012024760246276855,-0.07920296490192413,0.03275012969970703,0.07630127668380737,0.04477488994598389,0.11195309460163116,0.031526386737823486,0.03565181791782379,-0.031526386737823486,0.03565181791782379,30,15,0.5,run_02_s50_scientific,scientific,0.5
450,H,1,gnnexplainer,0.5,-0.06927318125963211,-0.05770070478320122,-0.06963934749364853,-0.0715140700340271,0.002240888774394989,0.013813365250825882,0.0018747225403785706,0.011572476476430893,0.00036616623401641846,0.011572476476430893,-0.00036616623401641846,30,15,0.5,run_02_s50_scientific,scientific,0.5
450,H,2,gnnexplainer,0.5,-0.06935058534145355,-0.04218703508377075,-0.0880628153681755,-0.07355805486440659,0.0042074695229530334,0.031371019780635834,0.014504760503768921,0.0271635502576828,0.018712230026721954,0.0271635502576828,0.010297290980815887,30,15,0.5,run_02_s50_scientific,scientific,0.5
450,H,3,gnnexplainer,0.5,-0.14339891076087952,-0.13339611887931824,-0.1466968059539795,-0.23171529173851013,0.08831638097763062,0.0983191728591919,0.08501848578453064,0.01000279188156128,0.0032978951930999756,0.01000279188156128,-0.0032978951930999756,30,15,0.5,run_02_s50_scientific,scientific,0.5
450,C,0,gnnexplainer,0.5,-5.920004844665527,-6.679527759552002,-5.833149433135986,-7.761427879333496,1.8414230346679688,1.0819001197814941,1.9282784461975098,0.7595229148864746,0.08685541152954102,-0.7595229148864746,0.08685541152954102,30,15,0.5,run_02_s50_scientific,scientific,0.5
450,C,1,gnnexplainer,0.5,-8.008285522460938,-5.657609462738037,-8.813196182250977,-9.08093547821045,1.0726499557495117,3.423326015472412,0.26773929595947266,2.3506760597229004,0.8049106597900391,2.3506760597229004,-0.8049106597900391,30,15,0.5,run_02_s50_scientific,scientific,0.5
450,C,2,gnnexplainer,0.5,-0.7208598256111145,-2.429459810256958,-0.6605985760688782,-0.7991183996200562,0.07825857400894165,1.6303414106369019,0.13851982355117798,1.7085999846458435,0.06026124954223633,1.5520828366279602,0.06026124954223633,30,15,0.5,run_02_s50_scientific,scientific,0.5
450,C,3,gnnexplainer,0.5,-5.4790120124816895,-5.4539055824279785,-5.5786213874816895,-5.140366077423096,0.33864593505859375,0.3135395050048828,0.43825531005859375,0.025106430053710938,0.099609375,-0.025106430053710938,0.099609375,30,15,0.5,run_02_s50_scientific,scientific,0.5
450,C,4,gnnexplainer,0.5,-3.9353888034820557,-3.0715839862823486,-3.497936964035034,-3.6308069229125977,0.304581880569458,0.559222936630249,0.13286995887756348,0.863804817199707,0.4374518394470215,0.254641056060791,-0.17171192169189453,30,15,0.5,run_02_s50_scientific,scientific,0.5
490,H,0,gnnexplainer,0.5,-0.17315952479839325,-0.10501082241535187,-0.15936550498008728,-0.23058383166790009,0.057424306869506836,0.12557300925254822,0.0712183266878128,0.06814870238304138,0.01379401981830597,0.06814870238304138,0.01379401981830597,30,15,0.5,run_02_s50_scientific,scientific,0.5
490,H,1,gnnexplainer,0.5,-0.15685632824897766,-0.0910988599061966,-0.16359087824821472,-0.249619260430336,0.09276293218135834,0.1585204005241394,0.08602838218212128,0.06575746834278107,0.0067345499992370605,0.06575746834278107,-0.0067345499992370605,30,15,0.5,run_02_s50_scientific,scientific,0.5
490,H,2,gnnexplainer,0.5,-0.18034976720809937,-0.12719601392745972,-0.1841469407081604,-0.26599687337875366,0.0856471061706543,0.13880085945129395,0.08184993267059326,0.05315375328063965,0.003797173500061035,0.05315375328063965,-0.003797173500061035,30,15,0.5,run_02_s50_scientific,scientific,0.5
490,H,5,gnnexplainer,0.5,-0.12873896956443787,-0.0809791311621666,-0.12244074791669846,-0.1509436070919037,0.02220463752746582,0.06996447592973709,0.02850285917520523,0.04775983840227127,0.00629822164773941,0.04775983840227127,0.00629822164773941,30,15,0.5,run_02_s50_scientific,scientific,0.5
490,H,6,gnnexplainer,0.5,-0.12632957100868225,-0.07298987358808517,-0.10650742799043655,-0.1284528225660324,0.0021232515573501587,0.055462948977947235,0.021945394575595856,0.053339697420597076,0.019822143018245697,0.053339697420597076,0.019822143018245697,30,15,0.5,run_02_s50_scientific,scientific,0.5
490,C,0,gnnexplainer,0.5,-3.129530668258667,-2.400052070617676,-3.165062189102173,-4.111388683319092,0.9818580150604248,1.711336612701416,0.946326494216919,0.7294785976409912,0.03553152084350586,0.7294785976409912,-0.03553152084350586,30,15,0.5,run_02_s50_scientific,scientific,0.5
490,C,1,gnnexplainer,0.5,-15.582393646240234,-12.294671058654785,-17.22159194946289,-16.991817474365234,1.409423828125,4.697146415710449,0.22977447509765625,3.287722587585449,1.6391983032226562,3.287722587585449,-1.1796493530273438,30,15,0.5,run_02_s50_scientific,scientific,0.5
490,C,2,gnnexplainer,0.5,-3.881084442138672,-2.644320011138916,-4.220097064971924,-4.111124038696289,0.2300395965576172,1.466804027557373,0.10897302627563477,1.2367644309997559,0.33901262283325195,1.2367644309997559,-0.12106657028198242,30,15,0.5,run_02_s50_scientific,scientific,0.5
490,C,3,gnnexplainer,0.5,-2.2796802520751953,-2.7065248489379883,-2.3772873878479004,-3.4353280067443848,1.1556477546691895,0.7288031578063965,1.0580406188964844,0.42684459686279297,0.09760713577270508,-0.42684459686279297,-0.09760713577270508,30,15,0.5,run_02_s50_scientific,scientific,0.5
510,H,0,gnnexplainer,0.5,-0.0641452819108963,-0.07722730934619904,-0.07290062308311462,-0.06858395785093307,0.004438675940036774,0.00864335149526596,0.004316665232181549,0.013082027435302734,0.008755341172218323,0.004204675555229187,-0.00012201070785522461,38,19,0.5,run_02_s50_scientific,scientific,0.5
510,H,1,gnnexplainer,0.5,-0.07207746058702469,-0.07249756157398224,-0.07096361368894577,-0.10737372934818268,0.03529626876115799,0.03487616777420044,0.03641011565923691,0.00042010098695755005,0.0011138468980789185,-0.00042010098695755005,0.0011138468980789185,38,19,0.5,run_02_s50_scientific,scientific,0.5
510,H,2,gnnexplainer,0.5,-0.054743897169828415,-0.0920121818780899,-0.062061116099357605,-0.030469827353954315,0.0242740698158741,0.06154235452413559,0.03159128874540329,0.03726828470826149,0.00731721892952919,0.03726828470826149,0.00731721892952919,38,19,0.5,run_02_s50_scientific,scientific,0.5
510,H,3,gnnexplainer,0.5,-0.0725153461098671,-0.09429408609867096,-0.07895293086767197,-0.1194084882736206,0.04689314216375351,0.025114402174949646,0.04045555740594864,0.021778739988803864,0.006437584757804871,-0.021778739988803864,-0.006437584757804871,38,19,0.5,run_02_s50_scientific,scientific,0.5
510,H,4,gnnexplainer,0.5,-0.06956268846988678,-0.10995659977197647,-0.08159120380878448,-0.058769065886735916,0.010793622583150864,0.051187533885240555,0.02282213792204857,0.04039391130208969,0.012028515338897705,0.04039391130208969,0.012028515338897705,38,19,0.5,run_02_s50_scientific,scientific,0.5
510,H,5,gnnexplainer,0.5,-0.06805552542209625,-0.10921700298786163,-0.062103401869535446,-0.07969000190496445,0.011634476482868195,0.029527001082897186,0.017586600035429,0.04116147756576538,0.005952123552560806,0.01789252460002899,0.005952123552560806,38,19,0.5,run_02_s50_scientific,scientific,0.5
510,H,6,gnnexplainer,0.5,-0.040923863649368286,-0.07584787160158157,-0.059351347386837006,-0.04133903980255127,0.0004151761531829834,0.034508831799030304,0.018012307584285736,0.03492400795221329,0.01842748373746872,0.03409365564584732,0.017597131431102753,38,19,0.5,run_02_s50_scientific,scientific,0.5
510,H,7,gnnexplainer,0.5,-0.02234116941690445,-0.0629337728023529,-0.020574934780597687,-0.03561985865235329,0.013278689235448837,0.02731391414999962,0.0150449238717556,0.040592603385448456,0.0017662346363067627,0.014035224914550781,0.0017662346363067627,38,19,0.5,run_02_s50_scientific,scientific,0.5
510,H,8,gnnexplainer,0.5,-0.057253893464803696,-0.0889851376414299,-0.06112976744771004,-0.0713830441236496,0.014129150658845901,0.017602093517780304,0.01025327667593956,0.031731244176626205,0.0038758739829063416,0.0034729428589344025,-0.0038758739829063416,38,19,0.5,run_02_s50_scientific,scientific,0.5
510,H,9,gnnexplainer,0.5,-0.06739038974046707,-0.10752398520708084,-0.053929027169942856,-0.08068999648094177,0.013299606740474701,0.02683398872613907,0.026760969310998917,0.04013359546661377,0.013461362570524216,0.013534381985664368,0.013461362570524216,38,19,0.5,run_02_s50_scientific,scientific,0.5
510,C,0,gnnexplainer,0.5,-3.183384895324707,-2.8927369117736816,-2.940098285675049,-2.6794397830963135,0.5039451122283936,0.21329712867736816,0.26065850257873535,0.2906479835510254,0.2432866096496582,-0.2906479835510254,-0.2432866096496582,38,19,0.5,run_02_s50_scientific,scientific,0.5
510,C,1,gnnexplainer,0.5,-2.929103136062622,-3.0544281005859375,-2.6151907444000244,-2.8548877239227295,0.07421541213989258,0.199540376663208,0.23969697952270508,0.12532496452331543,0.31391239166259766,0.12532496452331543,0.1654815673828125,38,19,0.5,run_02_s50_scientific,scientific,0.5
510,C,2,gnnexplainer,0.5,-4.82141637802124,-3.7053592205047607,-4.618248462677002,-4.148713111877441,0.6727032661437988,0.44335389137268066,0.46953535079956055,1.1160571575164795,0.20316791534423828,-0.22934937477111816,-0.20316791534423828,38,19,0.5,run_02_s50_scientific,scientific,0.5
510,C,3,gnnexplainer,0.5,-1.93549382686615,-3.2919797897338867,-1.101019024848938,-0.3196980357170105,1.6157957911491394,2.972281754016876,0.7813209891319275,1.3564859628677368,0.8344748020172119,1.3564859628677368,-0.8344748020172119,38,19,0.5,run_02_s50_scientific,scientific,0.5
510,C,4,gnnexplainer,0.5,-0.8245482444763184,-2.156628370285034,-0.5432335734367371,-0.5578681230545044,0.26668012142181396,1.5987602472305298,0.014634549617767334,1.3320801258087158,0.2813146710395813,1.3320801258087158,-0.25204557180404663,38,19,0.5,run_02_s50_scientific,scientific,0.5
510,C,5,gnnexplainer,0.5,-1.521938443183899,-2.5114552974700928,-0.9384257197380066,-0.3343559503555298,1.1875824928283691,2.177099347114563,0.6040697693824768,0.9895168542861938,0.5835127234458923,0.9895168542861938,-0.5835127234458923,38,19,0.5,run_02_s50_scientific,scientific,0.5
530,H,0,gnnexplainer,0.5,-0.08534625172615051,-0.07810065150260925,-0.10181724280118942,-0.16678637266159058,0.08144012093544006,0.08868572115898132,0.06496912986040115,0.00724560022354126,0.01647099107503891,0.00724560022354126,-0.01647099107503891,20,10,0.5,run_02_s50_scientific,scientific,0.5
530,H,1,gnnexplainer,0.5,-0.09019753336906433,-0.08536931872367859,-0.10124039649963379,-0.13316234946250916,0.042964816093444824,0.047793030738830566,0.031921952962875366,0.004828214645385742,0.011042863130569458,0.004828214645385742,-0.011042863130569458,20,10,0.5,run_02_s50_scientific,scientific,0.5
530,H,2,gnnexplainer,0.5,-0.030807171016931534,-0.03953301161527634,-0.0477009043097496,-0.0575319267809391,0.02672475576400757,0.017998915165662766,0.009831022471189499,0.008725840598344803,0.01689373329281807,-0.008725840598344803,-0.01689373329281807,20,10,0.5,run_02_s50_scientific,scientific,0.5
530,H,3,gnnexplainer,0.5,-0.04008097946643829,-0.09461341798305511,-0.04286866635084152,-0.04089127480983734,0.0008102953433990479,0.05372214317321777,0.001977391541004181,0.05453243851661682,0.0027876868844032288,0.052911847829818726,0.001167096197605133,20,10,0.5,run_02_s50_scientific,scientific,0.5
530,H,4,gnnexplainer,0.5,-0.03763440251350403,-0.09593915939331055,-0.09865401685237885,-0.06429433822631836,0.02665993571281433,0.03164482116699219,0.034359678626060486,0.05830475687980652,0.06101961433887482,0.0049848854541778564,0.007699742913246155,20,10,0.5,run_02_s50_scientific,scientific,0.5
530,C,0,gnnexplainer,0.5,-2.6694869995117188,-2.7533445358276367,-2.5688083171844482,-2.8974430561065674,0.22795605659484863,0.14409852027893066,0.32863473892211914,0.08385753631591797,0.10067868232727051,-0.08385753631591797,0.10067868232727051,20,10,0.5,run_02_s50_scientific,scientific,0.5
530,C,1,gnnexplainer,0.5,-3.2187187671661377,-3.2074949741363525,-2.545273542404175,-2.7582390308380127,0.460479736328125,0.44925594329833984,0.2129654884338379,0.011223793029785156,0.6734452247619629,-0.011223793029785156,-0.2475142478942871,20,10,0.5,run_02_s50_scientific,scientific,0.5
530,C,2,gnnexplainer,0.5,-4.761256694793701,-4.262060165405273,-5.58027982711792,-4.5724406242370605,0.18881607055664062,0.3103804588317871,1.0078392028808594,0.49919652938842773,0.8190231323242188,0.12156438827514648,0.8190231323242188,20,10,0.5,run_02_s50_scientific,scientific,0.5
610,H,0,gnnexplainer,0.5,-0.44238173961639404,-0.1276797652244568,-0.48389071226119995,-0.615548849105835,0.17316710948944092,0.4878690838813782,0.131658136844635,0.31470197439193726,0.04150897264480591,0.31470197439193726,-0.04150897264480591,24,12,0.5,run_02_s50_scientific,scientific,0.5
610,H,1,gnnexplainer,0.5,-0.1651545912027359,-0.09630951285362244,-0.1695498675107956,-0.12229462713003159,0.042859964072704315,0.02598511427640915,0.04725524038076401,0.06884507834911346,0.004395276308059692,-0.016874849796295166,0.004395276308059692,24,12,0.5,run_02_s50_scientific,scientific,0.5
610,H,2,gnnexplainer,0.5,-0.13610506057739258,-0.04624713584780693,-0.13460949063301086,-0.1601894050836563,0.024084344506263733,0.11394226923584938,0.025579914450645447,0.08985792472958565,0.0014955699443817139,0.08985792472958565,0.0014955699443817139,24,12,0.5,run_02_s50_scientific,scientific,0.5
610,H,3,gnnexplainer,0.5,-0.1795758754014969,-0.11636905372142792,-0.12022451311349869,-0.18318936228752136,0.003613486886024475,0.06682030856609344,0.06296484917402267,0.06320682168006897,0.0593513622879982,0.06320682168006897,0.0593513622879982,24,12,0.5,run_02_s50_scientific,scientific,0.5
610,H,4,gnnexplainer,0.5,-0.500056803226471,-0.10806101560592651,-0.6128708720207214,-0.6312503814697266,0.13119357824325562,0.5231893658638,0.018379509449005127,0.39199578762054443,0.11281406879425049,0.39199578762054443,-0.11281406879425049,24,12,0.5,run_02_s50_scientific,scientific,0.5
610,H,5,gnnexplainer,0.5,-0.14004060626029968,-0.05475708842277527,-0.14801767468452454,-0.12377718091011047,0.01626342535018921,0.0690200924873352,0.024240493774414062,0.08528351783752441,0.007977068424224854,0.052756667137145996,0.007977068424224854,24,12,0.5,run_02_s50_scientific,scientific,0.5
610,H,6,gnnexplainer,0.5,-0.12860378623008728,-0.06470928341150284,-0.1401921808719635,-0.14696994423866272,0.01836615800857544,0.08226066082715988,0.006777763366699219,0.06389450281858444,0.01158839464187622,0.06389450281858444,-0.01158839464187622,24,12,0.5,run_02_s50_scientific,scientific,0.5
610,H,7,gnnexplainer,0.5,-0.16811057925224304,-0.11275047063827515,-0.15184879302978516,-0.19154877960681915,0.02343820035457611,0.078798308968544,0.039699986577034,0.055360108613967896,0.016261786222457886,0.055360108613967896,0.016261786222457886,24,12,0.5,run_02_s50_scientific,scientific,0.5
610,C,0,gnnexplainer,0.5,-16.07822036743164,-13.107067108154297,-16.483173370361328,-18.057586669921875,1.9793663024902344,4.950519561767578,1.5744132995605469,2.9711532592773438,0.4049530029296875,2.9711532592773438,-0.4049530029296875,24,12,0.5,run_02_s50_scientific,scientific,0.5
610,C,1,gnnexplainer,0.5,-16.779712677001953,-13.535698890686035,-18.397201538085938,-17.75385856628418,0.9741458892822266,4.2181596755981445,0.6433429718017578,3.244013786315918,1.6174888610839844,3.244013786315918,-0.33080291748046875,24,12,0.5,run_02_s50_scientific,scientific,0.5
610,C,2,gnnexplainer,0.5,-1.856040596961975,-2.319986343383789,-1.9666520357131958,-2.5053277015686035,0.6492871046066284,0.18534135818481445,0.5386756658554077,0.46394574642181396,0.1106114387512207,-0.46394574642181396,-0.1106114387512207,24,12,0.5,run_02_s50_scientific,scientific,0.5
610,C,3,gnnexplainer,0.5,-1.9090392589569092,-2.3506736755371094,-2.546767234802246,-2.3740406036376953,0.46500134468078613,0.023366928100585938,0.17272663116455078,0.4416344165802002,0.6377279758453369,-0.4416344165802002,-0.29227471351623535,24,12,0.5,run_02_s50_scientific,scientific,0.5
620,H,0,gnnexplainer,0.5,-0.22838380932807922,-0.11228207498788834,-0.2557029128074646,-0.2509962022304535,0.022612392902374268,0.13871412724256516,0.004706710577011108,0.11610173434019089,0.027319103479385376,0.11610173434019089,-0.01790568232536316,32,16,0.5,run_02_s50_scientific,scientific,0.5
620,H,1,gnnexplainer,0.5,-0.228367418050766,-0.12428569793701172,-0.21657171845436096,-0.24986469745635986,0.021497279405593872,0.12557899951934814,0.0332929790019989,0.10408172011375427,0.01179569959640503,0.10408172011375427,0.01179569959640503,32,16,0.5,run_02_s50_scientific,scientific,0.5
620,H,2,gnnexplainer,0.5,-0.2283584177494049,-0.12640421092510223,-0.24087703227996826,-0.2488207370042801,0.020462319254875183,0.12241652607917786,0.007943704724311829,0.10195420682430267,0.012518614530563354,0.10195420682430267,-0.012518614530563354,32,16,0.5,run_02_s50_scientific,scientific,0.5
620,H,3,gnnexplainer,0.5,-0.22839093208312988,-0.13509246706962585,-0.24135473370552063,-0.25204017758369446,0.023649245500564575,0.1169477105140686,0.010685443878173828,0.09329846501350403,0.012963801622390747,0.09329846501350403,-0.012963801622390747,32,16,0.5,run_02_s50_scientific,scientific,0.5
620,H,4,gnnexplainer,0.5,-0.22839006781578064,-0.129139244556427,-0.23148930072784424,-0.251996248960495,0.023606181144714355,0.122857004404068,0.020506948232650757,0.09925082325935364,0.0030992329120635986,0.09925082325935364,-0.0030992329120635986,32,16,0.5,run_02_s50_scientific,scientific,0.5
620,H,5,gnnexplainer,0.5,-0.22836831212043762,-0.14008471369743347,-0.24187666177749634,-0.24986469745635986,0.02149638533592224,0.10977998375892639,0.007988035678863525,0.08828359842300415,0.013508349657058716,0.08828359842300415,-0.013508349657058716,32,16,0.5,run_02_s50_scientific,scientific,0.5
620,H,6,gnnexplainer,0.5,-0.00035447627305984497,-0.04035695269703865,-0.022632572799921036,0.08161692321300507,0.08197139948606491,0.12197387591004372,0.1042494960129261,0.040002476423978806,0.02227809652686119,0.040002476423978806,0.02227809652686119,32,16,0.5,run_02_s50_scientific,scientific,0.5
620,H,7,gnnexplainer,0.5,-0.0003616511821746826,-0.052145931869745255,-0.002081960439682007,0.0810290277004242,0.08139067888259888,0.13317495957016945,0.0831109881401062,0.05178428068757057,0.0017203092575073242,0.05178428068757057,0.0017203092575073242,32,16,0.5,run_02_s50_scientific,scientific,0.5
620,H,8,gnnexplainer,0.5,-0.00035750120878219604,-0.025375477969646454,-0.0005075260996818542,0.08161692321300507,0.08197442442178726,0.10699240118265152,0.08212444931268692,0.025017976760864258,0.0001500248908996582,0.025017976760864258,0.0001500248908996582,32,16,0.5,run_02_s50_scientific,scientific,0.5
620,H,9,gnnexplainer,0.5,-0.01004878431558609,-0.09857429563999176,-0.030075326561927795,0.17055636644363403,0.18060515075922012,0.2691306620836258,0.20063169300556183,0.08852551132440567,0.020026542246341705,0.08852551132440567,0.020026542246341705,32,16,0.5,run_02_s50_scientific,scientific,0.5
620,C,0,gnnexplainer,0.5,-8.43395709991455,-7.431890964508057,-8.438158988952637,-8.185676574707031,0.24828052520751953,0.7537856101989746,0.25248241424560547,1.0020661354064941,0.0042018890380859375,0.5055050849914551,0.0042018890380859375,32,16,0.5,run_02_s50_scientific,scientific,0.5
620,C,1,gnnexplainer,0.5,-8.439017295837402,-7.0619330406188965,-8.331284523010254,-8.185914039611816,0.25310325622558594,1.12398099899292,0.1453704833984375,1.3770842552185059,0.10773277282714844,0.870877742767334,-0.10773277282714844,32,16,0.5,run_02_s50_scientific,scientific,0.5
620,C,2,gnnexplainer,0.5,-8.438666343688965,-7.297770023345947,-8.643550872802734,-8.188501358032227,0.2501649856567383,0.8907313346862793,0.4550495147705078,1.1408963203430176,0.20488452911376953,0.640566349029541,0.20488452911376953,32,16,0.5,run_02_s50_scientific,scientific,0.5
620,C,3,gnnexplainer,0.5,-8.43066120147705,-7.525162220001221,-8.772638320922852,-8.189264297485352,0.24139690399169922,0.6641020774841309,0.5833740234375,0.9054989814758301,0.3419771194458008,0.42270517349243164,0.3419771194458008,32,16,0.5,run_02_s50_scientific,scientific,0.5
620,C,4,gnnexplainer,0.5,-8.43023681640625,-6.151222229003906,-8.556811332702637,-8.187677383422852,0.24255943298339844,2.0364551544189453,0.36913394927978516,2.2790145874023438,0.12657451629638672,1.7938957214355469,0.12657451629638672,32,16,0.5,run_02_s50_scientific,scientific,0.5
620,C,5,gnnexplainer,0.5,-8.442373275756836,-7.0210418701171875,-8.911396980285645,-8.186501502990723,0.2558717727661133,1.1654596328735352,0.7248954772949219,1.4213314056396484,0.4690237045288086,0.9095878601074219,0.4690237045288086,32,16,0.5,run_02_s50_scientific,scientific,0.5
620,C,6,gnnexplainer,0.5,0.4642379879951477,-2.1069867610931396,0.3087441921234131,1.20413076877594,0.7398927807807922,3.3111175298690796,0.8953865766525269,2.5712247490882874,0.15549379587173462,2.5712247490882874,0.15549379587173462,32,16,0.5,run_02_s50_scientific,scientific,0.5
640,H,0,gnnexplainer,0.5,-0.21126306056976318,-0.1282987892627716,-0.21434172987937927,0.13790667057037354,0.3491697311401367,0.26620545983314514,0.3522484004497528,0.08296427130699158,0.003078669309616089,-0.08296427130699158,0.003078669309616089,38,19,0.5,run_02_s50_scientific,scientific,0.5
640,H,1,gnnexplainer,0.5,-0.21125224232673645,-0.12052416801452637,-0.17864006757736206,0.13790667057037354,0.34915891289711,0.2584308385848999,0.3165467381477356,0.09072807431221008,0.03261217474937439,-0.09072807431221008,-0.03261217474937439,38,19,0.5,run_02_s50_scientific,scientific,0.5
640,H,2,gnnexplainer,0.5,-0.04018162190914154,-0.051820963621139526,-0.03800826519727707,-0.010049479082226753,0.030132142826914787,0.04177148453891277,0.027958786115050316,0.011639341711997986,0.0021733567118644714,0.011639341711997986,-0.0021733567118644714,38,19,0.5,run_02_s50_scientific,scientific,0.5
640,H,3,gnnexplainer,0.5,-0.02698579430580139,-0.02064332365989685,-0.04362430050969124,-0.030795302242040634,0.0038095079362392426,0.010151978582143784,0.012828998267650604,0.006342470645904541,0.016638506203889847,0.006342470645904541,0.009019490331411362,38,19,0.5,run_02_s50_scientific,scientific,0.5
640,H,4,gnnexplainer,0.5,-0.029253706336021423,-0.030227292329072952,-0.045737311244010925,-0.03988323733210564,0.010629530996084213,0.009655945003032684,0.005854073911905289,0.0009735859930515289,0.016483604907989502,-0.0009735859930515289,-0.0047754570841789246,38,19,0.5,run_02_s50_scientific,scientific,0.5
640,H,5,gnnexplainer,0.5,-0.07945401221513748,-0.08849117904901505,-0.08600087463855743,-0.08353185653686523,0.004077844321727753,0.004959322512149811,0.0024690181016921997,0.009037166833877563,0.006546862423419952,0.0008814781904220581,-0.001608826220035553,38,19,0.5,run_02_s50_scientific,scientific,0.5
640,H,6,gnnexplainer,0.5,-0.11835552006959915,-0.10640476644039154,-0.10995440185070038,-0.10661061108112335,0.0117449089884758,0.00020584464073181152,0.0033437907695770264,0.011950753629207611,0.008401118218898773,-0.011539064347743988,-0.008401118218898773,38,19,0.5,run_02_s50_scientific,scientific,0.5
640,H,7,gnnexplainer,0.5,-0.06900552660226822,-0.11925496906042099,-0.0671706274151802,-0.07117222994565964,0.0021667033433914185,0.04808273911476135,0.004001602530479431,0.05024944245815277,0.0018348991870880127,0.045916035771369934,0.0018348991870880127,38,19,0.5,run_02_s50_scientific,scientific,0.5
640,H,8,gnnexplainer,0.5,-0.10110029578208923,-0.13967007398605347,-0.11855129897594452,-0.12511934340000153,0.024019047617912292,0.014550730586051941,0.006568044424057007,0.03856977820396423,0.017451003193855286,-0.009468317031860352,-0.017451003193855286,38,19,0.5,run_02_s50_scientific,scientific,0.5
640,H,9,gnnexplainer,0.5,-0.07945292443037033,-0.08182032406330109,-0.08068621158599854,-0.08353185653686523,0.0040789321064949036,0.001711532473564148,0.0028456449508666992,0.0023673996329307556,0.0012332871556282043,-0.0023673996329307556,-0.0012332871556282043,38,19,0.5,run_02_s50_scientific,scientific,0.5
640,H,10,gnnexplainer,0.5,-0.11835354566574097,-0.13308550417423248,-0.1415751874446869,-0.10661061108112335,0.011742934584617615,0.02647489309310913,0.03496457636356354,0.014731958508491516,0.023221641778945923,0.014731958508491516,0.023221641778945923,38,19,0.5,run_02_s50_scientific,scientific,0.5
640,H,11,gnnexplainer,0.5,-0.04018741473555565,-0.06263189762830734,-0.04501686990261078,-0.010049479082226753,0.030137935653328896,0.05258241854608059,0.034967390820384026,0.022444482892751694,0.00482945516705513,0.022444482892751694,0.00482945516705513,38,19,0.5,run_02_s50_scientific,scientific,0.5
640,H,12,gnnexplainer,0.5,-0.029250383377075195,-0.03516276925802231,-0.029700301587581635,-0.04088323935866356,0.011632855981588364,0.005720470100641251,0.011182937771081924,0.005912385880947113,0.0004499182105064392,-0.005912385880947113,-0.0004499182105064392,38,19,0.5,run_02_s50_scientific,scientific,0.5
640,H,13,gnnexplainer,0.5,-0.026982992887496948,-0.02289801836013794,-0.025537334382534027,-0.030795302242040634,0.003812309354543686,0.007897283881902695,0.005257967859506607,0.004084974527359009,0.0014456585049629211,0.004084974527359009,0.0014456585049629211,38,19,0.5,run_02_s50_scientific,scientific,0.5
640,C,0,gnnexplainer,0.5,-7.860611915588379,-5.004624843597412,-9.732489585876465,-8.271045684814453,0.4104337692260742,3.266420841217041,1.4614439010620117,2.855987071990967,1.871877670288086,2.855987071990967,1.0510101318359375,38,19,0.5,run_02_s50_scientific,scientific,0.5
640,C,1,gnnexplainer,0.5,-7.8596673011779785,-5.816708564758301,-8.427170753479004,-8.270045280456543,0.41037797927856445,2.453336715698242,0.15712547302246094,2.0429587364196777,0.5675034523010254,2.0429587364196777,-0.2532525062561035,38,19,0.5,run_02_s50_scientific,scientific,0.5
640,C,2,gnnexplainer,0.5,-0.4793398380279541,-2.275547742843628,-0.5631355047225952,-0.608948290348053,0.12960845232009888,1.666599452495575,0.045812785625457764,1.7962079048156738,0.08379566669464111,1.536991000175476,-0.08379566669464111,38,19,0.5,run_02_s50_scientific,scientific,0.5
640,C,3,gnnexplainer,0.5,-1.0577682256698608,-2.24837327003479,-1.1135143041610718,-1.4114946126937866,0.3537263870239258,0.8368786573410034,0.29798030853271484,1.1906050443649292,0.05574607849121094,0.48315227031707764,-0.05574607849121094,38,19,0.5,run_02_s50_scientific,scientific,0.5
640,C,4,gnnexplainer,0.5,-1.6062666177749634,-2.353724241256714,-1.2653155326843262,-2.1460978984832764,0.539831280708313,0.2076263427734375,0.8807823657989502,0.7474576234817505,0.3409510850906372,-0.3322049379348755,0.3409510850906372,38,19,0.5,run_02_s50_scientific,scientific,0.5
640,C,5,gnnexplainer,0.5,-1.0578246116638184,-2.7689366340637207,-0.9414694905281067,-1.4114511013031006,0.3536264896392822,1.3574855327606201,0.4699816107749939,1.7111120223999023,0.11635512113571167,1.003859043121338,0.11635512113571167,38,19,0.5,run_02_s50_scientific,scientific,0.5
640,C,6,gnnexplainer,0.5,-0.47932881116867065,-2.1598422527313232,-0.5082079768180847,-0.6109034419059753,0.1315746307373047,1.548938810825348,0.10269546508789062,1.6805134415626526,0.028879165649414062,1.4173641800880432,-0.028879165649414062,38,19,0.5,run_02_s50_scientific,scientific,0.5
650,H,0,gnnexplainer,0.5,-0.034940771758556366,-0.04478791728615761,-0.03941124677658081,-0.047470711171627045,0.012529939413070679,0.0026827938854694366,0.008059464395046234,0.009847145527601242,0.004470475018024445,-0.009847145527601242,-0.004470475018024445,40,20,0.5,run_02_s50_scientific,scientific,0.5
650,H,1,gnnexplainer,0.5,-0.06100916862487793,-0.09472571313381195,-0.05667614936828613,-0.0373387411236763,0.02367042750120163,0.05738697201013565,0.019337408244609833,0.03371654450893402,0.004333019256591797,0.03371654450893402,-0.004333019256591797,40,20,0.5,run_02_s50_scientific,scientific,0.5
650,H,2,gnnexplainer,0.5,-0.024738125503063202,-0.03468186408281326,-0.02129983901977539,-0.021102281287312508,0.0036358442157506943,0.013579582795500755,0.000197557732462883,0.009943738579750061,0.0034382864832878113,0.009943738579750061,-0.0034382864832878113,40,20,0.5,run_02_s50_scientific,scientific,0.5
650,H,3,gnnexplainer,0.5,-0.10827633738517761,-0.1002548336982727,-0.09630800783634186,-0.09628623723983765,0.011990100145339966,0.003968596458435059,2.1770596504211426e-05,0.008021503686904907,0.011968329548835754,-0.008021503686904907,-0.011968329548835754,40,20,0.5,run_02_s50_scientific,scientific,0.5
650,H,4,gnnexplainer,0.5,-0.05421527847647667,-0.035605110228061676,-0.07002270966768265,-0.1060146912932396,0.051799412816762924,0.07040958106517792,0.035991981625556946,0.018610168248414993,0.01580743119120598,0.018610168248414993,-0.01580743119120598,40,20,0.5,run_02_s50_scientific,scientific,0.5
650,H,5,gnnexplainer,0.5,-0.0340970978140831,-0.04487099125981331,-0.02617032080888748,-0.045926790684461594,0.011829692870378494,0.001055799424648285,0.019756469875574112,0.01077389344573021,0.007926777005195618,-0.01077389344573021,0.007926777005195618,40,20,0.5,run_02_s50_scientific,scientific,0.5
650,H,6,gnnexplainer,0.5,-0.023676138371229172,-0.04208249971270561,-0.017450235784053802,-0.01910228095948696,0.00457385741174221,0.02298021875321865,0.0016520451754331589,0.01840636134147644,0.006225902587175369,0.01840636134147644,-0.0029218122363090515,40,20,0.5,run_02_s50_scientific,scientific,0.5
650,H,7,gnnexplainer,0.5,-0.05934511870145798,-0.10450688004493713,-0.06444835662841797,-0.03475097194314003,0.024594146758317947,0.0697559081017971,0.02969738468527794,0.045161761343479156,0.0051032379269599915,0.045161761343479156,0.0051032379269599915,40,20,0.5,run_02_s50_scientific,scientific,0.5
650,H,8,gnnexplainer,0.5,-0.03394071012735367,-0.05597234144806862,-0.037645719945430756,-0.04692678898572922,0.01298607885837555,0.009045552462339401,0.009281069040298462,0.02203163132071495,0.0037050098180770874,-0.003940526396036148,-0.0037050098180770874,40,20,0.5,run_02_s50_scientific,scientific,0.5
650,H,9,gnnexplainer,0.5,-0.05895303934812546,-0.10105019807815552,-0.07454760372638702,-0.03479496389627457,0.02415807545185089,0.06625523418188095,0.03975263983011246,0.04209715873003006,0.015594564378261566,0.04209715873003006,0.015594564378261566,40,20,0.5,run_02_s50_scientific,scientific,0.5
650,H,10,gnnexplainer,0.5,-0.023587524890899658,-0.04793636128306389,-0.034211959689855576,-0.020102281123399734,0.0034852437674999237,0.027834080159664154,0.014109678566455841,0.02434883639216423,0.010624434798955917,0.02434883639216423,0.010624434798955917,40,20,0.5,run_02_s50_scientific,scientific,0.5
650,H,11,gnnexplainer,0.5,-0.10841157287359238,-0.10956840217113495,-0.11955801397562027,-0.09524228423833847,0.013169288635253906,0.014326117932796478,0.0243157297372818,0.001156829297542572,0.011146441102027893,0.001156829297542572,0.011146441102027893,40,20,0.5,run_02_s50_scientific,scientific,0.5
650,H,12,gnnexplainer,0.5,-0.05435436591506004,-0.04132100194692612,-0.05989162623882294,-0.10497073829174042,0.050616372376680374,0.0636497363448143,0.04507911205291748,0.013033363968133926,0.005537260323762894,0.013033363968133926,-0.005537260323762894,40,20,0.5,run_02_s50_scientific,scientific,0.5
650,H,13,gnnexplainer,0.5,-0.06090754270553589,-0.10923074930906296,-0.0798511654138565,-0.03579496219754219,0.025112580507993698,0.07343578711152077,0.044056203216314316,0.04832320660352707,0.018943622708320618,0.04832320660352707,0.018943622708320618,40,20,0.5,run_02_s50_scientific,scientific,0.5
650,H,14,gnnexplainer,0.5,-0.03507107496261597,-0.06674587726593018,-0.04555410146713257,-0.04792679101228714,0.012855716049671173,0.018819086253643036,0.0023726895451545715,0.03167480230331421,0.010483026504516602,0.005963370203971863,-0.010483026504516602,40,20,0.5,run_02_s50_scientific,scientific,0.5
650,H,15,gnnexplainer,0.5,-0.024672776460647583,-0.041846808046102524,-0.022427372634410858,-0.01910228095948696,0.005570495501160622,0.022744527086615562,0.003325091674923897,0.01717403158545494,0.002245403826236725,0.01717403158545494,-0.002245403826236725,40,20,0.5,run_02_s50_scientific,scientific,0.5
650,C,0,gnnexplainer,0.5,-0.6039972305297852,-2.3093929290771484,-0.5935574769973755,-0.7945148944854736,0.19051766395568848,1.5148780345916748,0.20095741748809814,1.7053956985473633,0.010439753532409668,1.3243603706359863,0.010439753532409668,40,20,0.5,run_02_s50_scientific,scientific,0.5
650,C,1,gnnexplainer,0.5,-0.9427768588066101,-2.2445712089538574,-1.1471858024597168,-1.2854688167572021,0.34269195795059204,0.9591023921966553,0.13828301429748535,1.3017943501472473,0.2044089436531067,0.6164104342460632,-0.2044089436531067,40,20,0.5,run_02_s50_scientific,scientific,0.5
650,C,2,gnnexplainer,0.5,-0.6430948376655579,-2.182461738586426,-0.9712802171707153,-0.7869271636009216,0.14383232593536377,1.3955345749855042,0.1843530535697937,1.539366900920868,0.32818537950515747,1.2517022490501404,0.04052072763442993,40,20,0.5,run_02_s50_scientific,scientific,0.5
650,C,3,gnnexplainer,0.5,-0.6416166424751282,-2.1093854904174805,-0.8972018957138062,-0.7869707942008972,0.14535415172576904,1.3224146962165833,0.11023110151290894,1.4677688479423523,0.255585253238678,1.1770605444908142,-0.03512305021286011,40,20,0.5,run_02_s50_scientific,scientific,0.5
650,C,4,gnnexplainer,0.5,-0.942050039768219,-2.3191685676574707,-0.8856459856033325,-1.282924771308899,0.34087473154067993,1.0362437963485718,0.3972787857055664,1.3771185278892517,0.056404054164886475,0.6953690648078918,0.056404054164886475,40,20,0.5,run_02_s50_scientific,scientific,0.5
650,C,5,gnnexplainer,0.5,-0.60410076379776,-2.2657485008239746,-0.6106102466583252,-0.7939702272415161,0.1898694634437561,1.4717782735824585,0.18335998058319092,1.6616477370262146,0.0065094828605651855,1.2819088101387024,-0.0065094828605651855,40,20,0.5,run_02_s50_scientific,scientific,0.5
740,H,1,gnnexplainer,0.5,-0.026137936860322952,-0.060902342200279236,-0.029668666422367096,0.03481113538146019,0.06094907224178314,0.09571347758173943,0.06447980180382729,0.034764405339956284,0.0035307295620441437,0.034764405339956284,0.0035307295620441437,34,17,0.5,run_02_s50_scientific,scientific,0.5
740,H,2,gnnexplainer,0.5,-0.04452488198876381,-0.07603850215673447,-0.040282879024744034,-0.0694003626704216,0.02487548068165779,0.006638139486312866,0.029117483645677567,0.03151362016797066,0.004242002964019775,-0.018237341195344925,0.004242002964019775,34,17,0.5,run_02_s50_scientific,scientific,0.5
740,H,3,gnnexplainer,0.5,-0.04864649474620819,-0.09978385269641876,-0.050793472677469254,-0.03524171933531761,0.01340477541089058,0.06454213336110115,0.015551753342151642,0.05113735795021057,0.0021469779312610626,0.05113735795021057,0.0021469779312610626,34,17,0.5,run_02_s50_scientific,scientific,0.5
740,H,4,gnnexplainer,0.5,-0.044288262724876404,-0.09255474805831909,-0.0349106639623642,-0.06663717329502106,0.022348910570144653,0.025917574763298035,0.03172650933265686,0.04826648533344269,0.009377598762512207,0.0035686641931533813,0.009377598762512207,34,17,0.5,run_02_s50_scientific,scientific,0.5
740,H,5,gnnexplainer,0.5,-0.02385552227497101,-0.07050689309835434,-0.01166059821844101,0.03422334045171738,0.058078862726688385,0.10473023355007172,0.045883938670158386,0.04665137082338333,0.012194924056529999,0.04665137082338333,-0.012194924056529999,34,17,0.5,run_02_s50_scientific,scientific,0.5
740,H,6,gnnexplainer,0.5,-0.046978406608104706,-0.09266528487205505,-0.03256358951330185,-0.03061004728078842,0.016368359327316284,0.06205523759126663,0.0019535422325134277,0.04568687826395035,0.014414817094802856,0.04568687826395035,-0.014414817094802856,34,17,0.5,run_02_s50_scientific,scientific,0.5
740,H,9,gnnexplainer,0.5,-0.04696982726454735,-0.07554149627685547,-0.06386355310678482,-0.11217248439788818,0.06520265713334084,0.036630988121032715,0.04830893129110336,0.02857166901230812,0.016893725842237473,-0.02857166901230812,-0.016893725842237473,34,17,0.5,run_02_s50_scientific,scientific,0.5
740,H,10,gnnexplainer,0.5,-0.046655893325805664,-0.09061579406261444,-0.03109750524163246,-0.10799708962440491,0.06134119629859924,0.017381295561790466,0.07689958438277245,0.04395990073680878,0.015558388084173203,-0.04395990073680878,0.015558388084173203,34,17,0.5,run_02_s50_scientific,scientific,0.5
740,H,11,gnnexplainer,0.5,-0.03764323145151138,-0.047306571155786514,-0.03211650997400284,0.028855061158537865,0.06649829261004925,0.07616163231432438,0.0609715711325407,0.009663339704275131,0.005526721477508545,0.009663339704275131,-0.005526721477508545,34,17,0.5,run_02_s50_scientific,scientific,0.5
740,C,0,gnnexplainer,0.5,0.018430694937705994,-3.4703164100646973,0.0031692832708358765,0.41184088587760925,0.39341019093990326,3.8821572959423065,0.4086716026067734,3.4887471050024033,0.015261411666870117,3.4887471050024033,0.015261411666870117,34,17,0.5,run_02_s50_scientific,scientific,0.5
740,C,1,gnnexplainer,0.5,0.007801875472068787,-3.0036041736602783,-0.20748291909694672,0.3751834034919739,0.3673815280199051,3.378787577152252,0.5826663225889206,3.011406049132347,0.2152847945690155,3.011406049132347,0.2152847945690155,34,17,0.5,run_02_s50_scientific,scientific,0.5
740,C,2,gnnexplainer,0.5,-0.3508378267288208,-2.904470205307007,-0.4214910864830017,0.5169197916984558,0.8677576184272766,3.4213899970054626,0.9384108781814575,2.553632378578186,0.07065325975418091,2.553632378578186,0.07065325975418091,34,17,0.5,run_02_s50_scientific,scientific,0.5
50,H,0,gnnexplainer,0.6,-0.18866461515426636,-0.05810077488422394,-0.18018534779548645,-0.18572446703910828,0.002940148115158081,0.12762369215488434,0.005539119243621826,0.13056384027004242,0.008479267358779907,0.12468354403972626,0.002598971128463745,30,12,0.6,run_03_s60_zero,zero,0.6
50,H,1,gnnexplainer,0.6,-0.19408667087554932,-0.0746910572052002,-0.19725966453552246,-0.1745053380727768,0.019581332802772522,0.0998142808675766,0.022754326462745667,0.11939561367034912,0.0031729936599731445,0.08023294806480408,0.0031729936599731445,30,12,0.6,run_03_s60_zero,zero,0.6
50,H,2,gnnexplainer,0.6,-0.13721123337745667,-0.07517791539430618,-0.09059905260801315,-0.1240059956908226,0.013205237686634064,0.04882808029651642,0.03340694308280945,0.06203331798315048,0.04661218076944351,0.035622842609882355,0.020201705396175385,30,12,0.6,run_03_s60_zero,zero,0.6
50,H,3,gnnexplainer,0.6,-0.06269896030426025,-0.08554118871688843,-0.06992261111736298,-0.029461706057190895,0.03323725424706936,0.05607948265969753,0.04046090506017208,0.022842228412628174,0.007223650813102722,0.022842228412628174,0.007223650813102722,30,12,0.6,run_03_s60_zero,zero,0.6
50,H,4,gnnexplainer,0.6,-0.05592544749379158,-0.08007227629423141,-0.05036706104874611,-0.08866342157125473,0.03273797407746315,0.008591145277023315,0.03829636052250862,0.024146828800439835,0.005558386445045471,-0.024146828800439835,0.005558386445045471,30,12,0.6,run_03_s60_zero,zero,0.6
50,H,5,gnnexplainer,0.6,-0.08462868630886078,-0.05883194878697395,-0.10842938721179962,-0.06410186737775803,0.020526818931102753,0.005269918590784073,0.044327519834041595,0.025796737521886826,0.023800700902938843,-0.01525690034031868,0.023800700902938843,30,12,0.6,run_03_s60_zero,zero,0.6
50,H,6,gnnexplainer,0.6,-0.33054494857788086,-0.1415926218032837,-0.30179670453071594,-0.3011716902256012,0.029373258352279663,0.1595790684223175,0.0006250143051147461,0.18895232677459717,0.028748244047164917,0.13020581007003784,-0.028748244047164917,30,12,0.6,run_03_s60_zero,zero,0.6
50,H,7,gnnexplainer,0.6,-0.3257949948310852,-0.12779630720615387,-0.35933876037597656,-0.362988144159317,0.03719314932823181,0.23519183695316315,0.003649383783340454,0.19799868762493134,0.03354376554489136,0.19799868762493134,-0.03354376554489136,30,12,0.6,run_03_s60_zero,zero,0.6
50,C,0,gnnexplainer,0.6,-3.4731967449188232,-2.236537218093872,-3.5106143951416016,-3.638505220413208,0.16530847549438477,1.401968002319336,0.12789082527160645,1.2366595268249512,0.03741765022277832,1.2366595268249512,-0.03741765022277832,30,12,0.6,run_03_s60_zero,zero,0.6
50,C,1,gnnexplainer,0.6,-2.626781463623047,-1.431805968284607,-4.056735515594482,-2.7032065391540527,0.07642507553100586,1.2714005708694458,1.3535289764404297,1.19497549533844,1.4299540519714355,1.19497549533844,1.2771039009094238,30,12,0.6,run_03_s60_zero,zero,0.6
50,C,2,gnnexplainer,0.6,-2.6187326908111572,-1.985629916191101,-3.3312532901763916,-3.0836172103881836,0.46488451957702637,1.0979872941970825,0.247636079788208,0.6331027746200562,0.7125205993652344,0.6331027746200562,-0.21724843978881836,30,12,0.6,run_03_s60_zero,zero,0.6
50,C,3,gnnexplainer,0.6,-12.352452278137207,-8.886261940002441,-12.314095497131348,-11.829119682312012,0.5233325958251953,2.9428577423095703,0.48497581481933594,3.4661903381347656,0.038356781005859375,2.419525146484375,-0.038356781005859375,30,12,0.6,run_03_s60_zero,zero,0.6
50,C,4,gnnexplainer,0.6,-12.56570053100586,-9.074305534362793,-11.746020317077637,-12.671215057373047,0.1055145263671875,3.596909523010254,0.9251947402954102,3.4913949966430664,0.8196802139282227,3.4913949966430664,0.8196802139282227,30,12,0.6,run_03_s60_zero,zero,0.6
50,C,5,gnnexplainer,0.6,-1.2540905475616455,-2.1932549476623535,-1.2643615007400513,-1.9315294027328491,0.6774388551712036,0.2617255449295044,0.6671679019927979,0.939164400100708,0.010270953178405762,-0.4157133102416992,-0.010270953178405762,30,12,0.6,run_03_s60_zero,zero,0.6
170,H,0,gnnexplainer,0.6,-0.08065252006053925,-0.11213041841983795,-0.08265745639801025,-0.026961499825119972,0.05369102023541927,0.08516891859471798,0.05569595657289028,0.031477898359298706,0.0020049363374710083,0.031477898359298706,0.0020049363374710083,42,17,0.5952380952380952,run_03_s60_zero,zero,0.6
170,H,1,gnnexplainer,0.6,-0.08064423501491547,-0.09620168805122375,-0.10023435950279236,-0.027961499989032745,0.05268273502588272,0.06824018806219101,0.07227285951375961,0.015557453036308289,0.019590124487876892,0.015557453036308289,0.019590124487876892,42,17,0.5952380952380952,run_03_s60_zero,zero,0.6
170,H,2,gnnexplainer,0.6,-0.08063553273677826,-0.10519824922084808,-0.08976171910762787,-0.027961499989032745,0.052674032747745514,0.07723674923181534,0.06180021911859512,0.024562716484069824,0.00912618637084961,0.024562716484069824,0.00912618637084961,42,17,0.5952380952380952,run_03_s60_zero,zero,0.6
170,H,3,gnnexplainer,0.6,-0.08062697947025299,-0.11133434623479843,-0.07621172070503235,-0.026961499825119972,0.05366547964513302,0.08437284640967846,0.049250220879912376,0.03070736676454544,0.004415258765220642,0.03070736676454544,-0.004415258765220642,42,17,0.5952380952380952,run_03_s60_zero,zero,0.6
170,H,4,gnnexplainer,0.6,-0.07791470736265182,-0.08797305077314377,-0.06824581325054169,-0.027961499989032745,0.04995320737361908,0.06001155078411102,0.04028431326150894,0.010058343410491943,0.009668894112110138,0.010058343410491943,-0.009668894112110138,42,17,0.5952380952380952,run_03_s60_zero,zero,0.6
170,H,5,gnnexplainer,0.6,-0.07790467888116837,-0.10535399615764618,-0.06228905916213989,-0.026961499825119972,0.05094317905604839,0.07839249633252621,0.03532755933701992,0.027449317276477814,0.015615619719028473,0.027449317276477814,-0.015615619719028473,42,17,0.5952380952380952,run_03_s60_zero,zero,0.6
170,H,6,gnnexplainer,0.6,-0.07790350168943405,-0.10172377526760101,-0.06696156412363052,-0.026961499825119972,0.05094200186431408,0.07476227544248104,0.04000006429851055,0.02382027357816696,0.010941937565803528,0.02382027357816696,-0.010941937565803528,42,17,0.5952380952380952,run_03_s60_zero,zero,0.6
170,H,7,gnnexplainer,0.6,-0.07790827751159668,-0.09621518105268478,-0.07737584412097931,-0.02896150015294552,0.04894677735865116,0.06725368089973927,0.04841434396803379,0.018306903541088104,0.0005324333906173706,0.018306903541088104,-0.0005324333906173706,42,17,0.5952380952380952,run_03_s60_zero,zero,0.6
170,H,8,gnnexplainer,0.6,-0.07964935898780823,-0.09355755150318146,-0.08125702291727066,-0.02691764011979103,0.0527317188680172,0.06663991138339043,0.05433938279747963,0.01390819251537323,0.0016076639294624329,0.01390819251537323,0.0016076639294624329,42,17,0.5952380952380952,run_03_s60_zero,zero,0.6
170,H,9,gnnexplainer,0.6,-0.0796414166688919,-0.10686439275741577,-0.07005740702152252,-0.025917639955878258,0.05372377671301365,0.08094675280153751,0.044139767065644264,0.027222976088523865,0.009584009647369385,0.027222976088523865,-0.009584009647369385,42,17,0.5952380952380952,run_03_s60_zero,zero,0.6
170,H,10,gnnexplainer,0.6,-0.07964157313108444,-0.1076069250702858,-0.06905388087034225,-0.025917639955878258,0.053723933175206184,0.08168928511440754,0.043136240914464,0.027965351939201355,0.010587692260742188,0.027965351939201355,-0.010587692260742188,42,17,0.5952380952380952,run_03_s60_zero,zero,0.6
170,H,11,gnnexplainer,0.6,-0.07965811342000961,-0.10214640200138092,-0.09005898237228394,-0.02896150015294552,0.050696613267064095,0.0731849018484354,0.06109748221933842,0.022488288581371307,0.010400868952274323,0.022488288581371307,0.010400868952274323,42,17,0.5952380952380952,run_03_s60_zero,zero,0.6
170,C,0,gnnexplainer,0.6,-2.0284276008605957,-2.808063507080078,-1.9142273664474487,-2.175614595413208,0.1471869945526123,0.6324489116668701,0.2613872289657593,0.7796359062194824,0.11420023441314697,0.4852619171142578,0.11420023441314697,42,17,0.5952380952380952,run_03_s60_zero,zero,0.6
170,C,1,gnnexplainer,0.6,-2.0285582542419434,-2.485846519470215,-2.0752112865448,-2.1761586666107178,0.14760041236877441,0.30968785285949707,0.10094738006591797,0.4572882652282715,0.046653032302856445,0.16208744049072266,-0.046653032302856445,42,17,0.5952380952380952,run_03_s60_zero,zero,0.6
170,C,2,gnnexplainer,0.6,-2.1927924156188965,-2.1826746463775635,-2.1445417404174805,-2.1926145553588867,0.00017786026000976562,0.009939908981323242,0.04807281494140625,0.010117769241333008,0.048250675201416016,0.009762048721313477,0.047894954681396484,42,17,0.5952380952380952,run_03_s60_zero,zero,0.6
170,C,3,gnnexplainer,0.6,-2.1926939487457275,-2.5334177017211914,-2.579397201538086,-2.179614543914795,0.013079404830932617,0.3538031578063965,0.399782657623291,0.34072375297546387,0.3867032527923584,0.34072375297546387,0.3867032527923584,42,17,0.5952380952380952,run_03_s60_zero,zero,0.6
170,C,4,gnnexplainer,0.6,-2.0527212619781494,-2.5343048572540283,-1.7669272422790527,-2.1881580352783203,0.1354367733001709,0.346146821975708,0.4212307929992676,0.4815835952758789,0.2857940196990967,0.2107100486755371,0.2857940196990967,42,17,0.5952380952380952,run_03_s60_zero,zero,0.6
170,C,5,gnnexplainer,0.6,-2.0526702404022217,-2.721125841140747,-1.8010530471801758,-2.174614429473877,0.12194418907165527,0.5465114116668701,0.37356138229370117,0.6684556007385254,0.2516171932220459,0.42456722259521484,0.2516171932220459,42,17,0.5952380952380952,run_03_s60_zero,zero,0.6
270,H,0,gnnexplainer,0.6,-0.06326740980148315,-0.050094932317733765,-0.06668549031019211,-0.04426804184913635,0.018999367952346802,0.005826890468597412,0.022417448461055756,0.01317247748374939,0.003418080508708954,-0.01317247748374939,0.003418080508708954,22,9,0.5909090909090908,run_03_s60_zero,zero,0.6
270,H,1,gnnexplainer,0.6,-0.06325238198041916,-0.06678645312786102,-0.05249882861971855,-0.04426804184913635,0.018984340131282806,0.02251841127872467,0.008230786770582199,0.003534071147441864,0.010753553360700607,0.003534071147441864,-0.010753553360700607,22,9,0.5909090909090908,run_03_s60_zero,zero,0.6
270,H,2,gnnexplainer,0.6,-0.11182482540607452,-0.09574083983898163,-0.1146499514579773,-0.1254609227180481,0.013636097311973572,0.029720082879066467,0.0108109712600708,0.016083985567092896,0.002825126051902771,0.016083985567092896,-0.002825126051902771,22,9,0.5909090909090908,run_03_s60_zero,zero,0.6
270,H,3,gnnexplainer,0.6,-0.11181138455867767,-0.09966923296451569,-0.12097395956516266,-0.12491703033447266,0.013105645775794983,0.02524779736995697,0.0039430707693099976,0.012142151594161987,0.009162575006484985,0.012142151594161987,-0.009162575006484985,22,9,0.5909090909090908,run_03_s60_zero,zero,0.6
270,H,4,gnnexplainer,0.6,-0.11182227730751038,-0.11877801269292831,-0.12770816683769226,-0.12646092474460602,0.014638647437095642,0.007682912051677704,0.0012472420930862427,0.006955735385417938,0.015885889530181885,-0.006955735385417938,-0.0133914053440094,22,9,0.5909090909090908,run_03_s60_zero,zero,0.6
270,H,5,gnnexplainer,0.6,-0.11181676387786865,-0.12656691670417786,-0.12182315438985825,-0.12591703236103058,0.014100268483161926,0.0006498843431472778,0.004093877971172333,0.014750152826309204,0.010006390511989594,-0.013450384140014648,-0.010006390511989594,22,9,0.5909090909090908,run_03_s60_zero,zero,0.6
270,C,0,gnnexplainer,0.6,-0.8327508568763733,-2.0874805450439453,-0.6841691732406616,-0.4850490391254425,0.3477018177509308,1.6024315059185028,0.19912013411521912,1.254729688167572,0.14858168363571167,1.254729688167572,-0.14858168363571167,22,9,0.5909090909090908,run_03_s60_zero,zero,0.6
270,C,1,gnnexplainer,0.6,-3.084488868713379,-2.8254640102386475,-2.305605888366699,-2.464503288269043,0.6199855804443359,0.3609607219696045,0.15889739990234375,0.25902485847473145,0.7788829803466797,-0.25902485847473145,-0.4610881805419922,22,9,0.5909090909090908,run_03_s60_zero,zero,0.6
270,C,2,gnnexplainer,0.6,-14.785540580749512,-12.162947654724121,-10.407343864440918,-16.523923873901367,1.7383832931518555,4.360976219177246,6.116580009460449,2.6225929260253906,4.378196716308594,2.6225929260253906,4.378196716308594,22,9,0.5909090909090908,run_03_s60_zero,zero,0.6
270,C,3,gnnexplainer,0.6,-3.084531784057617,-2.4825174808502197,-3.14687442779541,-2.4825034141540527,0.6020283699035645,1.4066696166992188e-05,0.6643710136413574,0.6020143032073975,0.06234264373779297,-0.6020143032073975,0.06234264373779297,22,9,0.5909090909090908,run_03_s60_zero,zero,0.6
330,H,0,gnnexplainer,0.6,-0.05332114174962044,-0.05079268291592598,-0.08496678620576859,-0.03665326535701752,0.01666787639260292,0.014139417558908463,0.04831352084875107,0.002528458833694458,0.03164564445614815,-0.002528458833694458,0.03164564445614815,22,9,0.5909090909090908,run_03_s60_zero,zero,0.6
330,H,1,gnnexplainer,0.6,-0.04627763852477074,-0.0484497956931591,-0.0475284606218338,-0.05347871407866478,0.007201075553894043,0.005028918385505676,0.005950253456830978,0.0021721571683883667,0.0012508220970630646,-0.0021721571683883667,-0.0012508220970630646,22,9,0.5909090909090908,run_03_s60_zero,zero,0.6
330,H,2,gnnexplainer,0.6,-0.04633069783449173,-0.061412714421749115,-0.04119851067662239,-0.052478715777397156,0.006148017942905426,0.00893399864435196,0.011280205100774765,0.015082016587257385,0.005132187157869339,0.002785980701446533,0.005132187157869339,22,9,0.5909090909090908,run_03_s60_zero,zero,0.6
330,H,3,gnnexplainer,0.6,-0.018737804144620895,-0.017184805124998093,-0.00927017629146576,-0.028382685035467148,0.009644880890846252,0.011197879910469055,0.01911250874400139,0.0015529990196228027,0.009467627853155136,0.0015529990196228027,0.009467627853155136,22,9,0.5909090909090908,run_03_s60_zero,zero,0.6
330,H,4,gnnexplainer,0.6,-0.01875194162130356,-0.0360773466527462,-0.05598768964409828,-0.02938268519937992,0.010630743578076363,0.00669466145336628,0.02660500444471836,0.017325405031442642,0.037235748022794724,-0.003936082124710083,0.015974260866642,22,9,0.5909090909090908,run_03_s60_zero,zero,0.6
330,H,5,gnnexplainer,0.6,-0.08483874797821045,-0.1351739764213562,-0.11537257581949234,-0.05086393281817436,0.03397481516003609,0.08431004360318184,0.06450864300131798,0.05033522844314575,0.03053382784128189,0.05033522844314575,0.03053382784128189,22,9,0.5909090909090908,run_03_s60_zero,zero,0.6
330,H,6,gnnexplainer,0.6,-0.14934495091438293,-0.1253517121076584,-0.15752069652080536,-0.19063477218151093,0.04128982126712799,0.06528306007385254,0.033114075660705566,0.02399323880672455,0.008175745606422424,0.02399323880672455,-0.008175745606422424,22,9,0.5909090909090908,run_03_s60_zero,zero,0.6
330,C,0,gnnexplainer,0.6,-1.6009703874588013,-2.898045539855957,-1.8577351570129395,-1.5042518377304077,0.09671854972839355,1.3937937021255493,0.35348331928253174,1.2970751523971558,0.2567647695541382,1.2970751523971558,0.2567647695541382,22,9,0.5909090909090908,run_03_s60_zero,zero,0.6
330,C,1,gnnexplainer,0.6,-1.3574010133743286,-3.582754373550415,-1.3934578895568848,-1.1874029636383057,0.16999804973602295,2.3953514099121094,0.2060549259185791,2.2253533601760864,0.03605687618255615,2.2253533601760864,0.03605687618255615,22,9,0.5909090909090908,run_03_s60_zero,zero,0.6
330,C,2,gnnexplainer,0.6,-6.480936527252197,-5.8401713371276855,-7.257819652557373,-7.547578811645508,1.0666422843933105,1.7074074745178223,0.28975915908813477,0.6407651901245117,0.7768831253051758,0.6407651901245117,-0.7768831253051758,22,9,0.5909090909090908,run_03_s60_zero,zero,0.6
360,H,0,gnnexplainer,0.6,-0.33236026763916016,-0.12018706649541855,-0.3631212115287781,-0.3191285729408264,0.01323169469833374,0.19894150644540787,0.04399263858795166,0.2121732011437416,0.03076094388961792,0.18570981174707413,0.03076094388961792,24,10,0.5833333333333333,run_03_s60_zero,zero,0.6
360,H,1,gnnexplainer,0.6,-0.342712938785553,-0.1514165848493576,-0.2838246524333954,-0.26153138279914856,0.08118155598640442,0.11011479794979095,0.022293269634246826,0.19129635393619537,0.05888828635215759,0.028933241963386536,-0.05888828635215759,24,10,0.5833333333333333,run_03_s60_zero,zero,0.6
360,H,2,gnnexplainer,0.6,-0.14684848487377167,-0.04510524868965149,-0.1333843171596527,-0.1154087483882904,0.03143973648548126,0.07030349969863892,0.017975568771362305,0.10174323618412018,0.013464167714118958,0.038863763213157654,-0.013464167714118958,24,10,0.5833333333333333,run_03_s60_zero,zero,0.6
360,H,3,gnnexplainer,0.6,-0.14511096477508545,-0.05913209170103073,-0.1405211091041565,-0.14733904600143433,0.002228081226348877,0.0882069543004036,0.006817936897277832,0.08597887307405472,0.004589855670928955,0.08597887307405472,0.004589855670928955,24,10,0.5833333333333333,run_03_s60_zero,zero,0.6
360,H,4,gnnexplainer,0.6,-0.13666847348213196,-0.03234167769551277,-0.11824055016040802,-0.11875949054956436,0.017908982932567596,0.08641781285405159,0.0005189403891563416,0.10432679578661919,0.018427923321723938,0.068508829921484,-0.017390042543411255,24,10,0.5833333333333333,run_03_s60_zero,zero,0.6
360,H,5,gnnexplainer,0.6,-0.1832352876663208,-0.08987052738666534,-0.17573368549346924,-0.16926804184913635,0.013967245817184448,0.07939751446247101,0.006465643644332886,0.09336476027965546,0.0075016021728515625,0.06543026864528656,-0.0075016021728515625,24,10,0.5833333333333333,run_03_s60_zero,zero,0.6
360,H,6,gnnexplainer,0.6,-0.17076992988586426,-0.07299524545669556,-0.16949035227298737,-0.20832136273384094,0.037551432847976685,0.13532611727714539,0.03883101046085358,0.0977746844291687,0.001279577612876892,0.0977746844291687,0.001279577612876892,24,10,0.5833333333333333,run_03_s60_zero,zero,0.6
360,C,0,gnnexplainer,0.6,-3.523756980895996,-2.7147207260131836,-3.411931276321411,-4.043220043182373,0.519463062286377,1.3284993171691895,0.6312887668609619,0.8090362548828125,0.11182570457458496,0.8090362548828125,0.11182570457458496,24,10,0.5833333333333333,run_03_s60_zero,zero,0.6
360,C,1,gnnexplainer,0.6,-14.09076976776123,-8.899410247802734,-12.743836402893066,-14.111479759216309,0.020709991455078125,5.212069511413574,1.3676433563232422,5.191359519958496,1.346933364868164,5.191359519958496,1.346933364868164,24,10,0.5833333333333333,run_03_s60_zero,zero,0.6
360,C,2,gnnexplainer,0.6,-11.013855934143066,-6.8508758544921875,-11.762341499328613,-9.470762252807617,1.5430936813354492,2.6198863983154297,2.291579246520996,4.162980079650879,0.7484855651855469,1.0767927169799805,0.7484855651855469,24,10,0.5833333333333333,run_03_s60_zero,zero,0.6
360,C,3,gnnexplainer,0.6,-1.671934723854065,-2.6908421516418457,-0.2931530475616455,-1.504056692123413,0.16787803173065186,1.1867854595184326,1.2109036445617676,1.0189074277877808,1.3787816762924194,1.0189074277877808,1.0430256128311157,24,10,0.5833333333333333,run_03_s60_zero,zero,0.6
380,H,0,gnnexplainer,0.6,-0.13993945717811584,-0.061551254242658615,-0.13345909118652344,-0.11915438622236252,0.020785070955753326,0.0576031319797039,0.01430470496416092,0.07838820293545723,0.006480365991592407,0.03681806102395058,-0.006480365991592407,24,10,0.5833333333333333,run_03_s60_zero,zero,0.6
380,H,1,gnnexplainer,0.6,-0.13264447450637817,-0.09759179502725601,-0.11234734207391739,-0.1529437154531479,0.020299240946769714,0.055351920425891876,0.0405963733792305,0.03505267947912216,0.020297132432460785,0.03505267947912216,0.020297132432460785,24,10,0.5833333333333333,run_03_s60_zero,zero,0.6
380,H,2,gnnexplainer,0.6,-0.13482002913951874,-0.055753130465745926,-0.14597871899604797,-0.11749634146690369,0.01732368767261505,0.06174321100115776,0.028482377529144287,0.07906689867377281,0.011158689856529236,0.04441952332854271,0.011158689856529236,24,10,0.5833333333333333,run_03_s60_zero,zero,0.6
380,H,3,gnnexplainer,0.6,-0.1763220578432083,-0.10688963532447815,-0.15106019377708435,-0.2253120243549347,0.04898996651172638,0.11842238903045654,0.07425183057785034,0.06943242251873016,0.025261864066123962,0.06943242251873016,0.025261864066123962,24,10,0.5833333333333333,run_03_s60_zero,zero,0.6
380,H,4,gnnexplainer,0.6,-0.17767122387886047,-0.11242356896400452,-0.164362370967865,-0.19009250402450562,0.012421280145645142,0.0776689350605011,0.025730133056640625,0.06524765491485596,0.013308852910995483,0.06524765491485596,0.013308852910995483,24,10,0.5833333333333333,run_03_s60_zero,zero,0.6
380,H,5,gnnexplainer,0.6,-0.019281115382909775,-0.04825248941779137,-0.016671329736709595,0.054915860295295715,0.07419697567820549,0.10316834971308708,0.07158719003200531,0.028971374034881592,0.00260978564620018,0.028971374034881592,-0.00260978564620018,24,10,0.5833333333333333,run_03_s60_zero,zero,0.6
380,H,6,gnnexplainer,0.6,-0.02779546007514,-0.04526741802692413,-0.027541566640138626,-0.026584316045045853,0.0012111440300941467,0.01868310198187828,0.0009572505950927734,0.017471957951784134,0.0002538934350013733,0.017471957951784134,-0.0002538934350013733,24,10,0.5833333333333333,run_03_s60_zero,zero,0.6
380,H,7,gnnexplainer,0.6,-0.025298241525888443,-0.03747352957725525,-0.04897946119308472,-0.0037771498318761587,0.021521091694012284,0.03369637974537909,0.04520231136120856,0.012175288051366806,0.023681219667196274,0.012175288051366806,0.023681219667196274,24,10,0.5833333333333333,run_03_s60_zero,zero,0.6
380,C,0,gnnexplainer,0.6,-0.011481314897537231,-2.263005495071411,-0.04114238917827606,0.17328409850597382,0.18476541340351105,2.436289593577385,0.21442648768424988,2.251524180173874,0.02966107428073883,2.251524180173874,0.02966107428073883,24,10,0.5833333333333333,run_03_s60_zero,zero,0.6
380,C,1,gnnexplainer,0.6,-2.963667631149292,-2.644975423812866,-2.61765193939209,-2.9316675662994385,0.032000064849853516,0.28669214248657227,0.31401562690734863,0.3186922073364258,0.34601569175720215,0.25469207763671875,0.2820155620574951,24,10,0.5833333333333333,run_03_s60_zero,zero,0.6
380,C,2,gnnexplainer,0.6,-15.949727058410645,-11.651495933532715,-17.933792114257812,-16.425132751464844,0.4754056930541992,4.773636817932129,1.5086593627929688,4.29823112487793,1.984065055847168,4.29823112487793,1.0332536697387695,24,10,0.5833333333333333,run_03_s60_zero,zero,0.6
380,C,3,gnnexplainer,0.6,-1.695212483406067,-2.6805648803710938,-1.4619024991989136,-1.3898565769195557,0.30535590648651123,1.290708303451538,0.07204592227935791,0.9853523969650269,0.23330998420715332,0.9853523969650269,-0.23330998420715332,24,10,0.5833333333333333,run_03_s60_zero,zero,0.6
450,H,0,gnnexplainer,0.6,-0.04355114698410034,-0.03501972556114197,-0.04954489320516586,0.03275012969970703,0.07630127668380737,0.067769855260849,0.0822950229048729,0.008531421422958374,0.005993746221065521,-0.008531421422958374,0.005993746221065521,30,12,0.6,run_03_s60_zero,zero,0.6
450,H,1,gnnexplainer,0.6,-0.06927318125963211,-0.05044548213481903,-0.0790049210190773,-0.0715140700340271,0.002240888774394989,0.02106858789920807,0.007490850985050201,0.01882769912481308,0.00973173975944519,0.01882769912481308,0.005249962210655212,30,12,0.6,run_03_s60_zero,zero,0.6
450,H,2,gnnexplainer,0.6,-0.06935058534145355,-0.045563362538814545,-0.08531174808740616,-0.07355805486440659,0.0042074695229530334,0.02799469232559204,0.011753693222999573,0.023787222802639008,0.015961162745952606,0.023787222802639008,0.007546223700046539,30,12,0.6,run_03_s60_zero,zero,0.6
450,H,3,gnnexplainer,0.6,-0.14339891076087952,-0.12240825593471527,-0.15188071131706238,-0.23171529173851013,0.08831638097763062,0.10930703580379486,0.07983458042144775,0.020990654826164246,0.008481800556182861,0.020990654826164246,-0.008481800556182861,30,12,0.6,run_03_s60_zero,zero,0.6
450,C,0,gnnexplainer,0.6,-5.920004844665527,-5.880375385284424,-7.575996398925781,-7.761427879333496,1.8414230346679688,1.8810524940490723,0.18543148040771484,0.039629459381103516,1.655991554260254,0.039629459381103516,-1.655991554260254,30,12,0.6,run_03_s60_zero,zero,0.6
450,C,1,gnnexplainer,0.6,-8.008285522460938,-6.1477203369140625,-9.39072322845459,-9.08093547821045,1.0726499557495117,2.9332151412963867,0.3097877502441406,1.860565185546875,1.3824377059936523,1.860565185546875,-0.7628622055053711,30,12,0.6,run_03_s60_zero,zero,0.6
450,C,2,gnnexplainer,0.6,-0.7208598256111145,-2.026078462600708,-0.214083731174469,-0.7991183996200562,0.07825857400894165,1.2269600629806519,0.5850346684455872,1.3052186369895935,0.5067760944366455,1.1487014889717102,0.5067760944366455,30,12,0.6,run_03_s60_zero,zero,0.6
450,C,3,gnnexplainer,0.6,-5.4790120124816895,-5.600470542907715,-5.951061725616455,-5.140366077423096,0.33864593505859375,0.46010446548461914,0.8106956481933594,0.12145853042602539,0.4720497131347656,0.12145853042602539,0.4720497131347656,30,12,0.6,run_03_s60_zero,zero,0.6
450,C,4,gnnexplainer,0.6,-3.9353888034820557,-3.1569204330444336,-4.769067287445068,-3.6308069229125977,0.304581880569458,0.47388648986816406,1.1382603645324707,0.7784683704376221,0.8336784839630127,0.16930460929870605,0.8336784839630127,30,12,0.6,run_03_s60_zero,zero,0.6
490,H,0,gnnexplainer,0.6,-0.17315952479839325,-0.09596110880374908,-0.1833323836326599,-0.23058383166790009,0.057424306869506836,0.134622722864151,0.04725144803524017,0.07719841599464417,0.010172858834266663,0.07719841599464417,-0.010172858834266663,30,12,0.6,run_03_s60_zero,zero,0.6
490,H,1,gnnexplainer,0.6,-0.15685632824897766,-0.10111270844936371,-0.1722654104232788,-0.249619260430336,0.09276293218135834,0.1485065519809723,0.07735385000705719,0.05574361979961395,0.015409082174301147,0.05574361979961395,-0.015409082174301147,30,12,0.6,run_03_s60_zero,zero,0.6
490,H,2,gnnexplainer,0.6,-0.18034976720809937,-0.10671347379684448,-0.17385154962539673,-0.26599687337875366,0.0856471061706543,0.15928339958190918,0.09214532375335693,0.07363629341125488,0.006498217582702637,0.07363629341125488,0.006498217582702637,30,12,0.6,run_03_s60_zero,zero,0.6
490,H,5,gnnexplainer,0.6,-0.12873896956443787,-0.08161039650440216,-0.13720089197158813,-0.1509436070919037,0.02220463752746582,0.06933321058750153,0.013742715120315552,0.047128573060035706,0.008461922407150269,0.047128573060035706,-0.008461922407150269,30,12,0.6,run_03_s60_zero,zero,0.6
490,H,6,gnnexplainer,0.6,-0.12632957100868225,-0.0712861642241478,-0.1315302550792694,-0.1284528225660324,0.0021232515573501587,0.05716665834188461,0.0030774325132369995,0.055043406784534454,0.005200684070587158,0.055043406784534454,0.0009541809558868408,30,12,0.6,run_03_s60_zero,zero,0.6
490,C,0,gnnexplainer,0.6,-3.129530668258667,-2.4199295043945312,-4.680285453796387,-4.111388683319092,0.9818580150604248,1.6914591789245605,0.5688967704772949,0.7096011638641357,1.5507547855377197,0.7096011638641357,-0.4129612445831299,30,12,0.6,run_03_s60_zero,zero,0.6
490,C,1,gnnexplainer,0.6,-15.582393646240234,-11.61749267578125,-18.339515686035156,-16.991817474365234,1.409423828125,5.374324798583984,1.3476982116699219,3.9649009704589844,2.757122039794922,3.9649009704589844,-0.061725616455078125,30,12,0.6,run_03_s60_zero,zero,0.6
490,C,2,gnnexplainer,0.6,-3.881084442138672,-3.007566452026367,-3.229731321334839,-4.111124038696289,0.2300395965576172,1.1035575866699219,0.8813927173614502,0.8735179901123047,0.651353120803833,0.8735179901123047,0.651353120803833,30,12,0.6,run_03_s60_zero,zero,0.6
490,C,3,gnnexplainer,0.6,-2.2796802520751953,-2.1484575271606445,-2.4670400619506836,-3.4353280067443848,1.1556477546691895,1.2868704795837402,0.9682879447937012,0.13122272491455078,0.18735980987548828,0.13122272491455078,-0.18735980987548828,30,12,0.6,run_03_s60_zero,zero,0.6
510,H,0,gnnexplainer,0.6,-0.0641452819108963,-0.07329464703798294,-0.06907577812671661,-0.06858395785093307,0.004438675940036774,0.004710689187049866,0.0004918202757835388,0.00914936512708664,0.0049304962158203125,0.00027201324701309204,-0.003946855664253235,38,16,0.5789473684210527,run_03_s60_zero,zero,0.6
510,H,1,gnnexplainer,0.6,-0.07207746058702469,-0.08443699777126312,-0.0855417251586914,-0.10737372934818268,0.03529626876115799,0.022936731576919556,0.021832004189491272,0.012359537184238434,0.013464264571666718,-0.012359537184238434,-0.013464264571666718,38,16,0.5789473684210527,run_03_s60_zero,zero,0.6
510,H,2,gnnexplainer,0.6,-0.054743897169828415,-0.08063940703868866,-0.048067811876535416,-0.030469827353954315,0.0242740698158741,0.050169579684734344,0.0175979845225811,0.025895509868860245,0.006676085293292999,0.025895509868860245,-0.006676085293292999,38,16,0.5789473684210527,run_03_s60_zero,zero,0.6
510,H,3,gnnexplainer,0.6,-0.0725153461098671,-0.10033045709133148,-0.06569147109985352,-0.1194084882736206,0.04689314216375351,0.019078031182289124,0.05371701717376709,0.027815110981464386,0.00682387501001358,-0.027815110981464386,0.00682387501001358,38,16,0.5789473684210527,run_03_s60_zero,zero,0.6
510,H,4,gnnexplainer,0.6,-0.06956268846988678,-0.11606099456548691,-0.07444660365581512,-0.058769065886735916,0.010793622583150864,0.05729192867875099,0.01567753776907921,0.04649830609560013,0.004883915185928345,0.04649830609560013,0.004883915185928345,38,16,0.5789473684210527,run_03_s60_zero,zero,0.6
510,H,5,gnnexplainer,0.6,-0.06805552542209625,-0.08750686794519424,-0.07326139509677887,-0.07969000190496445,0.011634476482868195,0.007816866040229797,0.006428606808185577,0.019451342523097992,0.005205869674682617,-0.003817610442638397,-0.005205869674682617,38,16,0.5789473684210527,run_03_s60_zero,zero,0.6
510,H,6,gnnexplainer,0.6,-0.040923863649368286,-0.08756262063980103,-0.044216446578502655,-0.04133903980255127,0.0004151761531829834,0.046223580837249756,0.0028774067759513855,0.04663875699043274,0.003292582929134369,0.04580840468406677,0.002462230622768402,38,16,0.5789473684210527,run_03_s60_zero,zero,0.6
510,H,7,gnnexplainer,0.6,-0.02234116941690445,-0.0796172171831131,-0.02065366506576538,-0.03561985865235329,0.013278689235448837,0.04399735853075981,0.014966193586587906,0.05727604776620865,0.0016875043511390686,0.030718669295310974,0.0016875043511390686,38,16,0.5789473684210527,run_03_s60_zero,zero,0.6
510,H,8,gnnexplainer,0.6,-0.057253893464803696,-0.09155783802270889,-0.05950723960995674,-0.0713830441236496,0.014129150658845901,0.020174793899059296,0.011875804513692856,0.0343039445579052,0.0022533461451530457,0.006045643240213394,-0.0022533461451530457,38,16,0.5789473684210527,run_03_s60_zero,zero,0.6
510,H,9,gnnexplainer,0.6,-0.06739038974046707,-0.10629494488239288,-0.06707014888525009,-0.08068999648094177,0.013299606740474701,0.02560494840145111,0.013619847595691681,0.03890455514192581,0.00032024085521698,0.01230534166097641,0.00032024085521698,38,16,0.5789473684210527,run_03_s60_zero,zero,0.6
510,C,0,gnnexplainer,0.6,-3.183384895324707,-3.0519466400146484,-3.538447856903076,-2.6794397830963135,0.5039451122283936,0.37250685691833496,0.8590080738067627,0.1314382553100586,0.35506296157836914,-0.1314382553100586,0.35506296157836914,38,16,0.5789473684210527,run_03_s60_zero,zero,0.6
510,C,1,gnnexplainer,0.6,-2.929103136062622,-3.094501495361328,-3.3500924110412598,-2.8548877239227295,0.07421541213989258,0.23961377143859863,0.4952046871185303,0.16539835929870605,0.4209892749786377,0.16539835929870605,0.4209892749786377,38,16,0.5789473684210527,run_03_s60_zero,zero,0.6
510,C,2,gnnexplainer,0.6,-4.82141637802124,-3.380496025085449,-4.768025875091553,-4.148713111877441,0.6727032661437988,0.7682170867919922,0.6193127632141113,1.440920352935791,0.0533905029296875,0.09551382064819336,-0.0533905029296875,38,16,0.5789473684210527,run_03_s60_zero,zero,0.6
510,C,3,gnnexplainer,0.6,-1.93549382686615,-3.1727347373962402,-0.9571834206581116,-0.3196980357170105,1.6157957911491394,2.8530367016792297,0.6374853849411011,1.2372409105300903,0.9783104062080383,1.2372409105300903,-0.9783104062080383,38,16,0.5789473684210527,run_03_s60_zero,zero,0.6
510,C,4,gnnexplainer,0.6,-0.8245482444763184,-2.762615919113159,-0.6348546743392944,-0.5578681230545044,0.26668012142181396,2.204747796058655,0.07698655128479004,1.9380676746368408,0.18969357013702393,1.9380676746368408,-0.18969357013702393,38,16,0.5789473684210527,run_03_s60_zero,zero,0.6
510,C,5,gnnexplainer,0.6,-1.521938443183899,-2.6453139781951904,-1.1175570487976074,-0.3343559503555298,1.1875824928283691,2.3109580278396606,0.7832010984420776,1.1233755350112915,0.4043813943862915,1.1233755350112915,-0.4043813943862915,38,16,0.5789473684210527,run_03_s60_zero,zero,0.6
530,H,0,gnnexplainer,0.6,-0.08534625172615051,-0.07415565103292465,-0.0935756117105484,-0.16678637266159058,0.08144012093544006,0.09263072162866592,0.07321076095104218,0.01119060069322586,0.008229359984397888,0.01119060069322586,-0.008229359984397888,20,8,0.6,run_03_s60_zero,zero,0.6
530,H,1,gnnexplainer,0.6,-0.09019753336906433,-0.0928441658616066,-0.09011073410511017,-0.13316234946250916,0.042964816093444824,0.04031818360090256,0.04305161535739899,0.002646632492542267,8.67992639541626e-05,-0.002646632492542267,8.67992639541626e-05,20,8,0.6,run_03_s60_zero,zero,0.6
530,H,2,gnnexplainer,0.6,-0.030807171016931534,-0.03871789574623108,-0.01152510941028595,-0.0575319267809391,0.02672475576400757,0.018814031034708023,0.04600681737065315,0.007910724729299545,0.019282061606645584,-0.007910724729299545,0.019282061606645584,20,8,0.6,run_03_s60_zero,zero,0.6
530,H,3,gnnexplainer,0.6,-0.04008097946643829,-0.08920537680387497,-0.05609087646007538,-0.04089127480983734,0.0008102953433990479,0.04831410199403763,0.015199601650238037,0.049124397337436676,0.016009896993637085,0.04750380665063858,0.01438930630683899,20,8,0.6,run_03_s60_zero,zero,0.6
530,H,4,gnnexplainer,0.6,-0.03763440251350403,-0.04495251178741455,-0.08961282670497894,-0.06429433822631836,0.02665993571281433,0.01934182643890381,0.025318488478660583,0.0073181092739105225,0.051978424191474915,-0.0073181092739105225,-0.0013414472341537476,20,8,0.6,run_03_s60_zero,zero,0.6
530,C,0,gnnexplainer,0.6,-2.6694869995117188,-2.5784196853637695,-2.928151845932007,-2.8974430561065674,0.22795605659484863,0.31902337074279785,0.030708789825439453,0.09106731414794922,0.2586648464202881,0.09106731414794922,-0.19724726676940918,20,8,0.6,run_03_s60_zero,zero,0.6
530,C,1,gnnexplainer,0.6,-3.2187187671661377,-3.46766996383667,-2.7932918071746826,-2.7582390308380127,0.460479736328125,0.7094309329986572,0.03505277633666992,0.24895119667053223,0.4254269599914551,0.24895119667053223,-0.4254269599914551,20,8,0.6,run_03_s60_zero,zero,0.6
530,C,2,gnnexplainer,0.6,-4.761256694793701,-3.782902717590332,-4.290424823760986,-4.5724406242370605,0.18881607055664062,0.7895379066467285,0.2820158004760742,0.9783539772033691,0.47083187103271484,0.6007218360900879,0.0931997299194336,20,8,0.6,run_03_s60_zero,zero,0.6
610,H,0,gnnexplainer,0.6,-0.44238173961639404,-0.1308593451976776,-0.4565429389476776,-0.615548849105835,0.17316710948944092,0.48468950390815735,0.15900591015815735,0.31152239441871643,0.01416119933128357,0.31152239441871643,-0.01416119933128357,24,10,0.5833333333333333,run_03_s60_zero,zero,0.6
610,H,1,gnnexplainer,0.6,-0.1651545912027359,-0.09127452969551086,-0.15575233101844788,-0.12229462713003159,0.042859964072704315,0.03102009743452072,0.03345770388841629,0.07388006150722504,0.009402260184288025,-0.011839866638183594,-0.009402260184288025,24,10,0.5833333333333333,run_03_s60_zero,zero,0.6
610,H,2,gnnexplainer,0.6,-0.13610506057739258,-0.0416923426091671,-0.16267633438110352,-0.1601894050836563,0.024084344506263733,0.11849706247448921,0.0024869292974472046,0.09441271796822548,0.026571273803710938,0.09441271796822548,-0.02159741520881653,24,10,0.5833333333333333,run_03_s60_zero,zero,0.6
610,H,3,gnnexplainer,0.6,-0.1795758754014969,-0.11713341623544693,-0.17948946356773376,-0.18318936228752136,0.003613486886024475,0.06605594605207443,0.0036998987197875977,0.06244245916604996,8.641183376312256e-05,0.06244245916604996,8.641183376312256e-05,24,10,0.5833333333333333,run_03_s60_zero,zero,0.6
610,H,4,gnnexplainer,0.6,-0.500056803226471,-0.11853818595409393,-0.5257613062858582,-0.6312503814697266,0.13119357824325562,0.5127121955156326,0.10548907518386841,0.381518617272377,0.025704503059387207,0.381518617272377,-0.025704503059387207,24,10,0.5833333333333333,run_03_s60_zero,zero,0.6
610,H,5,gnnexplainer,0.6,-0.14004060626029968,-0.036715175956487656,-0.13335534930229187,-0.12377718091011047,0.01626342535018921,0.08706200495362282,0.009578168392181396,0.10332543030381203,0.0066852569580078125,0.07079857960343361,-0.0066852569580078125,24,10,0.5833333333333333,run_03_s60_zero,zero,0.6
610,H,6,gnnexplainer,0.6,-0.12860378623008728,-0.03700580075383186,-0.11447066068649292,-0.14696994423866272,0.01836615800857544,0.10996414348483086,0.0324992835521698,0.09159798547625542,0.01413312554359436,0.09159798547625542,0.01413312554359436,24,10,0.5833333333333333,run_03_s60_zero,zero,0.6
610,H,7,gnnexplainer,0.6,-0.16811057925224304,-0.10953830182552338,-0.21298131346702576,-0.19154877960681915,0.02343820035457611,0.08201047778129578,0.021432533860206604,0.058572277426719666,0.044870734214782715,0.058572277426719666,-0.002005666494369507,24,10,0.5833333333333333,run_03_s60_zero,zero,0.6
610,C,0,gnnexplainer,0.6,-16.07822036743164,-10.271082878112793,-16.96761703491211,-18.057586669921875,1.9793663024902344,7.786503791809082,1.0899696350097656,5.807137489318848,0.8893966674804688,5.807137489318848,-0.8893966674804688,24,10,0.5833333333333333,run_03_s60_zero,zero,0.6
610,C,1,gnnexplainer,0.6,-16.779712677001953,-13.024896621704102,-16.53057289123535,-17.75385856628418,0.9741458892822266,4.728961944580078,1.2232856750488281,3.7548160552978516,0.24913978576660156,3.7548160552978516,0.24913978576660156,24,10,0.5833333333333333,run_03_s60_zero,zero,0.6
610,C,2,gnnexplainer,0.6,-1.856040596961975,-2.541707992553711,-1.5808870792388916,-2.5053277015686035,0.6492871046066284,0.03638029098510742,0.9244406223297119,0.6856673955917358,0.2751535177230835,-0.612906813621521,0.2751535177230835,24,10,0.5833333333333333,run_03_s60_zero,zero,0.6
610,C,3,gnnexplainer,0.6,-1.9090392589569092,-2.412191867828369,-2.104785680770874,-2.3740406036376953,0.46500134468078613,0.03815126419067383,0.2692549228668213,0.50315260887146,0.19574642181396484,-0.4268500804901123,-0.19574642181396484,24,10,0.5833333333333333,run_03_s60_zero,zero,0.6
620,H,0,gnnexplainer,0.6,-0.22838380932807922,-0.1376630961894989,-0.19820931553840637,-0.2509962022304535,0.022612392902374268,0.11333310604095459,0.05278688669204712,0.09072071313858032,0.03017449378967285,0.09072071313858032,0.03017449378967285,32,13,0.59375,run_03_s60_zero,zero,0.6
620,H,1,gnnexplainer,0.6,-0.228367418050766,-0.12625133991241455,-0.21986174583435059,-0.24986469745635986,0.021497279405593872,0.12361335754394531,0.030002951622009277,0.10211607813835144,0.008505672216415405,0.10211607813835144,0.008505672216415405,32,13,0.59375,run_03_s60_zero,zero,0.6
620,H,2,gnnexplainer,0.6,-0.2283584177494049,-0.12795883417129517,-0.2697511911392212,-0.2488207370042801,0.020462319254875183,0.12086190283298492,0.0209304541349411,0.10039958357810974,0.041392773389816284,0.10039958357810974,0.00046813488006591797,32,13,0.59375,run_03_s60_zero,zero,0.6
620,H,3,gnnexplainer,0.6,-0.22839093208312988,-0.12629413604736328,-0.1973552107810974,-0.25204017758369446,0.023649245500564575,0.12574604153633118,0.054684966802597046,0.1020967960357666,0.03103572130203247,0.1020967960357666,0.03103572130203247,32,13,0.59375,run_03_s60_zero,zero,0.6
620,H,4,gnnexplainer,0.6,-0.22839006781578064,-0.11913394182920456,-0.22325068712234497,-0.251996248960495,0.023606181144714355,0.13286230713129044,0.028745561838150024,0.10925612598657608,0.005139380693435669,0.10925612598657608,0.005139380693435669,32,13,0.59375,run_03_s60_zero,zero,0.6
620,H,5,gnnexplainer,0.6,-0.22836831212043762,-0.1280214786529541,-0.23107635974884033,-0.24986469745635986,0.02149638533592224,0.12184321880340576,0.01878833770751953,0.10034683346748352,0.00270804762840271,0.10034683346748352,-0.00270804762840271,32,13,0.59375,run_03_s60_zero,zero,0.6
620,H,6,gnnexplainer,0.6,-0.00035447627305984497,-0.040620677173137665,-0.005493316799402237,0.08161692321300507,0.08197139948606491,0.12223760038614273,0.0871102400124073,0.04026620090007782,0.005138840526342392,0.04026620090007782,0.005138840526342392,32,13,0.59375,run_03_s60_zero,zero,0.6
620,H,7,gnnexplainer,0.6,-0.0003616511821746826,-0.039872683584690094,0.0003318861126899719,0.0810290277004242,0.08139067888259888,0.12090171128511429,0.08069714158773422,0.03951103240251541,0.0006935372948646545,0.03951103240251541,-0.0006935372948646545,32,13,0.59375,run_03_s60_zero,zero,0.6
620,H,8,gnnexplainer,0.6,-0.00035750120878219604,-0.016809377819299698,0.007169343531131744,0.08161692321300507,0.08197442442178726,0.09842630103230476,0.07444757968187332,0.016451876610517502,0.00752684473991394,0.016451876610517502,-0.00752684473991394,32,13,0.59375,run_03_s60_zero,zero,0.6
620,H,9,gnnexplainer,0.6,-0.01004878431558609,-0.10264463722705841,-0.0168389193713665,0.17055636644363403,0.18060515075922012,0.27320100367069244,0.18739528581500053,0.09259585291147232,0.006790135055780411,0.09259585291147232,0.006790135055780411,32,13,0.59375,run_03_s60_zero,zero,0.6
620,C,0,gnnexplainer,0.6,-8.43395709991455,-6.584680557250977,-8.9954195022583,-8.185676574707031,0.24828052520751953,1.6009960174560547,0.8097429275512695,1.8492765426635742,0.56146240234375,1.3527154922485352,0.56146240234375,32,13,0.59375,run_03_s60_zero,zero,0.6
620,C,1,gnnexplainer,0.6,-8.439017295837402,-6.709260940551758,-7.518484592437744,-8.185914039611816,0.25310325622558594,1.4766530990600586,0.6674294471740723,1.7297563552856445,0.9205327033996582,1.2235498428344727,0.41432619094848633,32,13,0.59375,run_03_s60_zero,zero,0.6
620,C,2,gnnexplainer,0.6,-8.438666343688965,-6.56488037109375,-8.899399757385254,-8.188501358032227,0.2501649856567383,1.6236209869384766,0.7108983993530273,1.8737859725952148,0.46073341369628906,1.3734560012817383,0.46073341369628906,32,13,0.59375,run_03_s60_zero,zero,0.6
620,C,3,gnnexplainer,0.6,-8.43066120147705,-6.178948879241943,-9.343587875366211,-8.189264297485352,0.24139690399169922,2.010315418243408,1.1543235778808594,2.2517123222351074,0.9129266738891602,1.768918514251709,0.9129266738891602,32,13,0.59375,run_03_s60_zero,zero,0.6
620,C,4,gnnexplainer,0.6,-8.43023681640625,-7.423313140869141,-7.854707717895508,-8.187677383422852,0.24255943298339844,0.7643642425537109,0.33296966552734375,1.0069236755371094,0.5755290985107422,0.5218048095703125,0.09041023254394531,32,13,0.59375,run_03_s60_zero,zero,0.6
620,C,5,gnnexplainer,0.6,-8.442373275756836,-7.396490573883057,-8.013811111450195,-8.186501502990723,0.2558717727661133,0.790010929107666,0.17269039154052734,1.0458827018737793,0.4285621643066406,0.5341391563415527,-0.08318138122558594,32,13,0.59375,run_03_s60_zero,zero,0.6
620,C,6,gnnexplainer,0.6,0.4642379879951477,-2.10737681388855,0.49827510118484497,1.20413076877594,0.7398927807807922,3.3115075826644897,0.705855667591095,2.5716148018836975,0.034037113189697266,2.5716148018836975,-0.034037113189697266,32,13,0.59375,run_03_s60_zero,zero,0.6
640,H,0,gnnexplainer,0.6,-0.21126306056976318,-0.10272504389286041,-0.24377188086509705,0.13790667057037354,0.3491697311401367,0.24063171446323395,0.3816785514354706,0.10853801667690277,0.03250882029533386,-0.10853801667690277,0.03250882029533386,38,16,0.5789473684210527,run_03_s60_zero,zero,0.6
640,H,1,gnnexplainer,0.6,-0.21125224232673645,-0.15576955676078796,-0.24502933025360107,0.13790667057037354,0.34915891289711,0.2936762273311615,0.3829360008239746,0.055482685565948486,0.033777087926864624,-0.055482685565948486,0.033777087926864624,38,16,0.5789473684210527,run_03_s60_zero,zero,0.6
640,H,2,gnnexplainer,0.6,-0.04018162190914154,-0.054870374500751495,-0.034732162952423096,-0.010049479082226753,0.030132142826914787,0.04482089541852474,0.024682683870196342,0.014688752591609955,0.005449458956718445,0.014688752591609955,-0.005449458956718445,38,16,0.5789473684210527,run_03_s60_zero,zero,0.6
640,H,3,gnnexplainer,0.6,-0.02698579430580139,-0.02686220407485962,-0.029900141060352325,-0.030795302242040634,0.0038095079362392426,0.003933098167181015,0.0008951611816883087,0.00012359023094177246,0.002914346754550934,0.00012359023094177246,-0.002914346754550934,38,16,0.5789473684210527,run_03_s60_zero,zero,0.6
640,H,4,gnnexplainer,0.6,-0.029253706336021423,-0.048115234822034836,-0.030367005616426468,-0.03988323733210564,0.010629530996084213,0.0082319974899292,0.009516231715679169,0.018861528486013412,0.0011132992804050446,-0.002397533506155014,-0.0011132992804050446,38,16,0.5789473684210527,run_03_s60_zero,zero,0.6
640,H,5,gnnexplainer,0.6,-0.07945401221513748,-0.08272691071033478,-0.0707898959517479,-0.08353185653686523,0.004077844321727753,0.0008049458265304565,0.01274196058511734,0.003272898495197296,0.008664116263389587,-0.003272898495197296,0.008664116263389587,38,16,0.5789473684210527,run_03_s60_zero,zero,0.6
640,H,6,gnnexplainer,0.6,-0.11835552006959915,-0.11308178305625916,-0.13143402338027954,-0.10661061108112335,0.0117449089884758,0.006471171975135803,0.02482341229915619,0.005273737013339996,0.01307850331068039,-0.005273737013339996,0.01307850331068039,38,16,0.5789473684210527,run_03_s60_zero,zero,0.6
640,H,7,gnnexplainer,0.6,-0.06900552660226822,-0.10371474176645279,-0.07227453589439392,-0.07117222994565964,0.0021667033433914185,0.03254251182079315,0.0011023059487342834,0.03470921516418457,0.003269009292125702,0.030375808477401733,-0.001064397394657135,38,16,0.5789473684210527,run_03_s60_zero,zero,0.6
640,H,8,gnnexplainer,0.6,-0.10110029578208923,-0.15106934309005737,-0.10020288825035095,-0.12511934340000153,0.024019047617912292,0.025949999690055847,0.024916455149650574,0.04996904730796814,0.0008974075317382812,0.0019309520721435547,0.0008974075317382812,38,16,0.5789473684210527,run_03_s60_zero,zero,0.6
640,H,9,gnnexplainer,0.6,-0.07945292443037033,-0.089455246925354,-0.07977992296218872,-0.08353185653686523,0.0040789321064949036,0.0059233903884887695,0.0037519335746765137,0.010002322494983673,0.0003269985318183899,0.001844458281993866,-0.0003269985318183899,38,16,0.5789473684210527,run_03_s60_zero,zero,0.6
640,H,10,gnnexplainer,0.6,-0.11835354566574097,-0.12808790802955627,-0.12610489130020142,-0.10661061108112335,0.011742934584617615,0.021477296948432922,0.019494280219078064,0.009734362363815308,0.007751345634460449,0.009734362363815308,0.007751345634460449,38,16,0.5789473684210527,run_03_s60_zero,zero,0.6
640,H,11,gnnexplainer,0.6,-0.04018741473555565,-0.04293394833803177,-0.04211275279521942,-0.010049479082226753,0.030137935653328896,0.032884469255805016,0.03206327371299267,0.00274653360247612,0.0019253380596637726,0.00274653360247612,0.0019253380596637726,38,16,0.5789473684210527,run_03_s60_zero,zero,0.6
640,H,12,gnnexplainer,0.6,-0.029250383377075195,-0.04749947041273117,-0.03183140605688095,-0.04088323935866356,0.011632855981588364,0.006616231054067612,0.009051833301782608,0.018249087035655975,0.0025810226798057556,-0.005016624927520752,-0.0025810226798057556,38,16,0.5789473684210527,run_03_s60_zero,zero,0.6
640,H,13,gnnexplainer,0.6,-0.026982992887496948,-0.020417071878910065,-0.03551766276359558,-0.030795302242040634,0.003812309354543686,0.01037823036313057,0.004722360521554947,0.0065659210085868835,0.008534669876098633,0.0065659210085868835,0.000910051167011261,38,16,0.5789473684210527,run_03_s60_zero,zero,0.6
640,C,0,gnnexplainer,0.6,-7.860611915588379,-6.092719554901123,-9.17145824432373,-8.271045684814453,0.4104337692260742,2.17832612991333,0.9004125595092773,1.7678923606872559,1.3108463287353516,1.7678923606872559,0.4899787902832031,38,16,0.5789473684210527,run_03_s60_zero,zero,0.6
640,C,1,gnnexplainer,0.6,-7.8596673011779785,-7.177842617034912,-7.883049488067627,-8.270045280456543,0.41037797927856445,1.0922026634216309,0.386995792388916,0.6818246841430664,0.023382186889648438,0.6818246841430664,-0.023382186889648438,38,16,0.5789473684210527,run_03_s60_zero,zero,0.6
640,C,2,gnnexplainer,0.6,-0.4793398380279541,-2.2569589614868164,-0.4617466926574707,-0.608948290348053,0.12960845232009888,1.6480106711387634,0.14720159769058228,1.7776191234588623,0.0175931453704834,1.5184022188186646,0.0175931453704834,38,16,0.5789473684210527,run_03_s60_zero,zero,0.6
640,C,3,gnnexplainer,0.6,-1.0577682256698608,-3.4647393226623535,-0.9089444279670715,-1.4114946126937866,0.3537263870239258,2.053244709968567,0.5025501847267151,2.4069710969924927,0.1488237977027893,1.6995183229446411,0.1488237977027893,38,16,0.5789473684210527,run_03_s60_zero,zero,0.6
640,C,4,gnnexplainer,0.6,-1.6062666177749634,-2.6185173988342285,-1.950162649154663,-2.1460978984832764,0.539831280708313,0.47241950035095215,0.19593524932861328,1.0122507810592651,0.3438960313796997,-0.06741178035736084,-0.3438960313796997,38,16,0.5789473684210527,run_03_s60_zero,zero,0.6
640,C,5,gnnexplainer,0.6,-1.0578246116638184,-2.742762327194214,-0.9889392256736755,-1.4114511013031006,0.3536264896392822,1.3313112258911133,0.42251187562942505,1.6849377155303955,0.06888538599014282,0.977684736251831,0.06888538599014282,38,16,0.5789473684210527,run_03_s60_zero,zero,0.6
640,C,6,gnnexplainer,0.6,-0.47932881116867065,-2.1823298931121826,-0.48811984062194824,-0.6109034419059753,0.1315746307373047,1.5714264512062073,0.1227836012840271,1.703001081943512,0.008791029453277588,1.4398518204689026,-0.008791029453277588,38,16,0.5789473684210527,run_03_s60_zero,zero,0.6
650,H,0,gnnexplainer,0.6,-0.034940771758556366,-0.05415515601634979,-0.04566162824630737,-0.047470711171627045,0.012529939413070679,0.006684444844722748,0.0018090829253196716,0.019214384257793427,0.010720856487751007,-0.005845494568347931,-0.010720856487751007,40,16,0.6,run_03_s60_zero,zero,0.6
650,H,1,gnnexplainer,0.6,-0.06100916862487793,-0.11581157147884369,-0.05956438183784485,-0.0373387411236763,0.02367042750120163,0.07847283035516739,0.02222564071416855,0.05480240285396576,0.001444786787033081,0.05480240285396576,-0.001444786787033081,40,16,0.6,run_03_s60_zero,zero,0.6
650,H,2,gnnexplainer,0.6,-0.024738125503063202,-0.025395214557647705,-0.02314421534538269,-0.021102281287312508,0.0036358442157506943,0.0042929332703351974,0.002041934058070183,0.0006570890545845032,0.0015939101576805115,0.0006570890545845032,-0.0015939101576805115,40,16,0.6,run_03_s60_zero,zero,0.6
650,H,3,gnnexplainer,0.6,-0.10827633738517761,-0.07314291596412659,-0.108334019780159,-0.09628623723983765,0.011990100145339966,0.02314332127571106,0.01204778254032135,0.035133421421051025,5.768239498138428e-05,0.011153221130371094,5.768239498138428e-05,40,16,0.6,run_03_s60_zero,zero,0.6
650,H,4,gnnexplainer,0.6,-0.05421527847647667,-0.03502187877893448,-0.07222636044025421,-0.1060146912932396,0.051799412816762924,0.07099281251430511,0.03378833085298538,0.01919339969754219,0.018011081963777542,0.01919339969754219,-0.018011081963777542,40,16,0.6,run_03_s60_zero,zero,0.6
650,H,5,gnnexplainer,0.6,-0.0340970978140831,-0.054810862988233566,-0.037970319390296936,-0.045926790684461594,0.011829692870378494,0.008884072303771973,0.007956471294164658,0.020713765174150467,0.0038732215762138367,-0.0029456205666065216,-0.0038732215762138367,40,16,0.6,run_03_s60_zero,zero,0.6
650,H,6,gnnexplainer,0.6,-0.023676138371229172,-0.03206946700811386,-0.02751101180911064,-0.01910228095948696,0.00457385741174221,0.0129671860486269,0.00840873084962368,0.00839332863688469,0.0038348734378814697,0.00839332863688469,0.0038348734378814697,40,16,0.6,run_03_s60_zero,zero,0.6
650,H,7,gnnexplainer,0.6,-0.05934511870145798,-0.10527278482913971,-0.046719059348106384,-0.03475097194314003,0.024594146758317947,0.07052181288599968,0.011968087404966354,0.04592766612768173,0.012626059353351593,0.04592766612768173,-0.012626059353351593,40,16,0.6,run_03_s60_zero,zero,0.6
650,H,8,gnnexplainer,0.6,-0.03394071012735367,-0.06119447574019432,-0.03659460321068764,-0.04692678898572922,0.01298607885837555,0.014267686754465103,0.01033218577504158,0.027253765612840652,0.002653893083333969,0.0012816078960895538,-0.002653893083333969,40,16,0.6,run_03_s60_zero,zero,0.6
650,H,9,gnnexplainer,0.6,-0.05895303934812546,-0.10677774250507355,-0.07078684121370316,-0.03479496389627457,0.02415807545185089,0.07198277860879898,0.03599187731742859,0.04782470315694809,0.011833801865577698,0.04782470315694809,0.011833801865577698,40,16,0.6,run_03_s60_zero,zero,0.6
650,H,10,gnnexplainer,0.6,-0.023587524890899658,-0.048468153923749924,-0.025227364152669907,-0.020102281123399734,0.0034852437674999237,0.02836587280035019,0.005125083029270172,0.024880629032850266,0.0016398392617702484,0.024880629032850266,0.0016398392617702484,40,16,0.6,run_03_s60_zero,zero,0.6
650,H,11,gnnexplainer,0.6,-0.10841157287359238,-0.10149762034416199,-0.10235433280467987,-0.09524228423833847,0.013169288635253906,0.006255336105823517,0.0071120485663414,0.006913952529430389,0.006057240068912506,-0.006913952529430389,-0.006057240068912506,40,16,0.6,run_03_s60_zero,zero,0.6
650,H,12,gnnexplainer,0.6,-0.05435436591506004,-0.033497489988803864,-0.0563170462846756,-0.10497073829174042,0.050616372376680374,0.07147324830293655,0.04865369200706482,0.02085687592625618,0.001962680369615555,0.02085687592625618,-0.001962680369615555,40,16,0.6,run_03_s60_zero,zero,0.6
650,H,13,gnnexplainer,0.6,-0.06090754270553589,-0.09505769610404968,-0.05702996999025345,-0.03579496219754219,0.025112580507993698,0.05926273390650749,0.021235007792711258,0.034150153398513794,0.00387757271528244,0.034150153398513794,-0.00387757271528244,40,16,0.6,run_03_s60_zero,zero,0.6
650,H,14,gnnexplainer,0.6,-0.03507107496261597,-0.050896212458610535,-0.04931263253092766,-0.04792679101228714,0.012855716049671173,0.0029694214463233948,0.0013858415186405182,0.015825137495994568,0.014241557568311691,-0.009886294603347778,-0.011469874531030655,40,16,0.6,run_03_s60_zero,zero,0.6
650,H,15,gnnexplainer,0.6,-0.024672776460647583,-0.062298789620399475,-0.018627990037202835,-0.01910228095948696,0.005570495501160622,0.043196508660912514,0.0004742909222841263,0.03762601315975189,0.006044786423444748,0.03762601315975189,-0.005096204578876495,40,16,0.6,run_03_s60_zero,zero,0.6
650,C,0,gnnexplainer,0.6,-0.6039972305297852,-1.997833490371704,-0.5283145308494568,-0.7945148944854736,0.19051766395568848,1.2033185958862305,0.26620036363601685,1.393836259841919,0.07568269968032837,1.012800931930542,0.07568269968032837,40,16,0.6,run_03_s60_zero,zero,0.6
650,C,1,gnnexplainer,0.6,-0.9427768588066101,-2.098116159439087,-1.1518956422805786,-1.2854688167572021,0.34269195795059204,0.8126473426818848,0.13357317447662354,1.1553393006324768,0.2091187834739685,0.4699553847312927,-0.2091187834739685,40,16,0.6,run_03_s60_zero,zero,0.6
650,C,2,gnnexplainer,0.6,-0.6430948376655579,-2.023413896560669,-0.6455015540122986,-0.7869271636009216,0.14383232593536377,1.2364867329597473,0.14142560958862305,1.380319058895111,0.0024067163467407227,1.0926544070243835,-0.0024067163467407227,40,16,0.6,run_03_s60_zero,zero,0.6
650,C,3,gnnexplainer,0.6,-0.6416166424751282,-2.133812665939331,-0.5635321736335754,-0.7869707942008972,0.14535415172576904,1.3468418717384338,0.22343862056732178,1.4921960234642029,0.07808446884155273,1.2014877200126648,0.07808446884155273,40,16,0.6,run_03_s60_zero,zero,0.6
650,C,4,gnnexplainer,0.6,-0.942050039768219,-2.5362980365753174,-0.9409757852554321,-1.282924771308899,0.34087473154067993,1.2533732652664185,0.3419489860534668,1.5942479968070984,0.0010742545127868652,0.9124985337257385,0.0010742545127868652,40,16,0.6,run_03_s60_zero,zero,0.6
650,C,5,gnnexplainer,0.6,-0.60410076379776,-2.3247172832489014,-0.625349760055542,-0.7939702272415161,0.1898694634437561,1.5307470560073853,0.16862046718597412,1.7206165194511414,0.021248996257781982,1.3408775925636292,-0.021248996257781982,40,16,0.6,run_03_s60_zero,zero,0.6
740,H,1,gnnexplainer,0.6,-0.026137936860322952,-0.055654965341091156,-0.038217104971408844,0.03481113538146019,0.06094907224178314,0.09046610072255135,0.07302824035286903,0.029517028480768204,0.012079168111085892,0.029517028480768204,0.012079168111085892,34,14,0.5882352941176471,run_03_s60_zero,zero,0.6
740,H,2,gnnexplainer,0.6,-0.04452488198876381,-0.09019124507904053,-0.03484297916293144,-0.0694003626704216,0.02487548068165779,0.020790882408618927,0.03455738350749016,0.04566636309027672,0.009681902825832367,-0.004084598273038864,0.009681902825832367,34,14,0.5882352941176471,run_03_s60_zero,zero,0.6
740,H,3,gnnexplainer,0.6,-0.04864649474620819,-0.10364194959402084,-0.05869974195957184,-0.03524171933531761,0.01340477541089058,0.06840023025870323,0.023458022624254227,0.05499545484781265,0.010053247213363647,0.05499545484781265,0.010053247213363647,34,14,0.5882352941176471,run_03_s60_zero,zero,0.6
740,H,4,gnnexplainer,0.6,-0.044288262724876404,-0.08888496458530426,-0.029016874730587006,-0.06663717329502106,0.022348910570144653,0.022247791290283203,0.03762029856443405,0.044596701860427856,0.015271387994289398,-0.0001011192798614502,0.015271387994289398,34,14,0.5882352941176471,run_03_s60_zero,zero,0.6
740,H,5,gnnexplainer,0.6,-0.02385552227497101,-0.05472075566649437,-0.016291484236717224,0.03422334045171738,0.058078862726688385,0.08894409611821175,0.0505148246884346,0.03086523339152336,0.007564038038253784,0.03086523339152336,-0.007564038038253784,34,14,0.5882352941176471,run_03_s60_zero,zero,0.6
740,H,6,gnnexplainer,0.6,-0.046978406608104706,-0.09238719940185547,-0.06079351156949997,-0.03061004728078842,0.016368359327316284,0.06177715212106705,0.030183464288711548,0.04540879279375076,0.013815104961395264,0.04540879279375076,0.013815104961395264,34,14,0.5882352941176471,run_03_s60_zero,zero,0.6
740,H,9,gnnexplainer,0.6,-0.04696982726454735,-0.07237079739570618,-0.0601501502096653,-0.11217248439788818,0.06520265713334084,0.03980168700218201,0.052022334188222885,0.02540097013115883,0.01318032294511795,-0.02540097013115883,-0.01318032294511795,34,14,0.5882352941176471,run_03_s60_zero,zero,0.6
740,H,10,gnnexplainer,0.6,-0.046655893325805664,-0.06683901697397232,-0.05393790453672409,-0.10799708962440491,0.06134119629859924,0.04115807265043259,0.05405918508768082,0.020183123648166656,0.0072820112109184265,-0.020183123648166656,-0.0072820112109184265,34,14,0.5882352941176471,run_03_s60_zero,zero,0.6
740,H,11,gnnexplainer,0.6,-0.03764323145151138,-0.06781589984893799,-0.03664301335811615,0.028855061158537865,0.06649829261004925,0.09667096100747585,0.06549807451665401,0.030172668397426605,0.0010002180933952332,0.030172668397426605,-0.0010002180933952332,34,14,0.5882352941176471,run_03_s60_zero,zero,0.6
740,C,0,gnnexplainer,0.6,0.018430694937705994,-3.4607837200164795,-0.10946778953075409,0.41184088587760925,0.39341019093990326,3.8726246058940887,0.5213086754083633,3.4792144149541855,0.12789848446846008,3.4792144149541855,0.12789848446846008,34,14,0.5882352941176471,run_03_s60_zero,zero,0.6
740,C,1,gnnexplainer,0.6,0.007801875472068787,-2.9190335273742676,-0.05458339303731918,0.3751834034919739,0.3673815280199051,3.2942169308662415,0.42976679652929306,2.9268354028463364,0.06238526850938797,2.9268354028463364,0.06238526850938797,34,14,0.5882352941176471,run_03_s60_zero,zero,0.6
740,C,2,gnnexplainer,0.6,-0.3508378267288208,-3.014347553253174,-0.16429255902767181,0.5169197916984558,0.8677576184272766,3.5312673449516296,0.6812123507261276,2.663509726524353,0.186545267701149,2.663509726524353,-0.186545267701149,34,14,0.5882352941176471,run_03_s60_zero,zero,0.6
50,H,0,gnnexplainer,0.6,-0.18866461515426636,-0.07423362135887146,-0.17956961691379547,-0.18572446703910828,0.002940148115158081,0.11149084568023682,0.006154850125312805,0.1144309937953949,0.009094998240470886,0.10855069756507874,0.003214702010154724,30,12,0.6,run_04_s60_scientific,scientific,0.6
50,H,1,gnnexplainer,0.6,-0.19408667087554932,-0.08111860603094101,-0.18024274706840515,-0.1745053380727768,0.019581332802772522,0.09338673204183578,0.005737408995628357,0.1129680648446083,0.013843923807144165,0.07380539923906326,-0.013843923807144165,30,12,0.6,run_04_s60_scientific,scientific,0.6
50,H,2,gnnexplainer,0.6,-0.13721123337745667,-0.11103737354278564,-0.15864181518554688,-0.1240059956908226,0.013205237686634064,0.012968622148036957,0.034635819494724274,0.02617385983467102,0.02143058180809021,-0.00023661553859710693,0.02143058180809021,30,12,0.6,run_04_s60_scientific,scientific,0.6
50,H,3,gnnexplainer,0.6,-0.06269896030426025,-0.06747176498174667,-0.05864853411912918,-0.029461706057190895,0.03323725424706936,0.03801005892455578,0.029186828061938286,0.00477280467748642,0.004050426185131073,0.00477280467748642,-0.004050426185131073,30,12,0.6,run_04_s60_scientific,scientific,0.6
50,H,4,gnnexplainer,0.6,-0.05592544749379158,-0.07717249542474747,-0.048224762082099915,-0.08866342157125473,0.03273797407746315,0.011490926146507263,0.040438659489154816,0.021247047930955887,0.007700685411691666,-0.021247047930955887,0.007700685411691666,30,12,0.6,run_04_s60_scientific,scientific,0.6
50,H,5,gnnexplainer,0.6,-0.08462868630886078,-0.04739047586917877,-0.10000452399253845,-0.06410186737775803,0.020526818931102753,0.016711391508579254,0.035902656614780426,0.03723821043968201,0.015375837683677673,-0.0038154274225234985,0.015375837683677673,30,12,0.6,run_04_s60_scientific,scientific,0.6
50,H,6,gnnexplainer,0.6,-0.33054494857788086,-0.14095565676689148,-0.376078724861145,-0.3011716902256012,0.029373258352279663,0.16021603345870972,0.07490703463554382,0.18958929181098938,0.04553377628326416,0.13084277510643005,0.04553377628326416,30,12,0.6,run_04_s60_scientific,scientific,0.6
50,H,7,gnnexplainer,0.6,-0.3257949948310852,-0.12503954768180847,-0.32271018624305725,-0.362988144159317,0.03719314932823181,0.23794859647750854,0.040277957916259766,0.20075544714927673,0.003084808588027954,0.20075544714927673,0.003084808588027954,30,12,0.6,run_04_s60_scientific,scientific,0.6
50,C,0,gnnexplainer,0.6,-3.4731967449188232,-1.814004898071289,-3.9307944774627686,-3.638505220413208,0.16530847549438477,1.824500322341919,0.29228925704956055,1.6591918468475342,0.4575977325439453,1.6591918468475342,0.12698078155517578,30,12,0.6,run_04_s60_scientific,scientific,0.6
50,C,1,gnnexplainer,0.6,-2.626781463623047,-2.7589588165283203,-1.6407097578048706,-2.7032065391540527,0.07642507553100586,0.05575227737426758,1.0624967813491821,0.13217735290527344,0.9860717058181763,-0.02067279815673828,0.9860717058181763,30,12,0.6,run_04_s60_scientific,scientific,0.6
50,C,2,gnnexplainer,0.6,-2.6187326908111572,-2.0658352375030518,-3.830531120300293,-3.0836172103881836,0.46488451957702637,1.0177819728851318,0.7469139099121094,0.5528974533081055,1.2117984294891357,0.5528974533081055,0.282029390335083,30,12,0.6,run_04_s60_scientific,scientific,0.6
50,C,3,gnnexplainer,0.6,-12.352452278137207,-9.236135482788086,-12.087876319885254,-11.829119682312012,0.5233325958251953,2.592984199523926,0.2587566375732422,3.116316795349121,0.2645759582519531,2.0696516036987305,-0.2645759582519531,30,12,0.6,run_04_s60_scientific,scientific,0.6
50,C,4,gnnexplainer,0.6,-12.56570053100586,-9.146154403686523,-11.419306755065918,-12.671215057373047,0.1055145263671875,3.5250606536865234,1.251908302307129,3.419546127319336,1.1463937759399414,3.419546127319336,1.1463937759399414,30,12,0.6,run_04_s60_scientific,scientific,0.6
50,C,5,gnnexplainer,0.6,-1.2540905475616455,-2.4296154975891113,-0.5985431671142578,-1.9315294027328491,0.6774388551712036,0.4980860948562622,1.3329862356185913,1.1755249500274658,0.6555473804473877,-0.1793527603149414,0.6555473804473877,30,12,0.6,run_04_s60_scientific,scientific,0.6
170,H,0,gnnexplainer,0.6,-0.08065252006053925,-0.09926783293485641,-0.0985591858625412,-0.026961499825119972,0.05369102023541927,0.07230633310973644,0.07159768603742123,0.01861531287431717,0.017906665802001953,0.01861531287431717,0.017906665802001953,42,17,0.5952380952380952,run_04_s60_scientific,scientific,0.6
170,H,1,gnnexplainer,0.6,-0.08064423501491547,-0.10962030291557312,-0.08723179250955582,-0.027961499989032745,0.05268273502588272,0.08165880292654037,0.05927029252052307,0.028976067900657654,0.00658755749464035,0.028976067900657654,0.00658755749464035,42,17,0.5952380952380952,run_04_s60_scientific,scientific,0.6
170,H,2,gnnexplainer,0.6,-0.08063553273677826,-0.09457972645759583,-0.10208436101675034,-0.027961499989032745,0.052674032747745514,0.06661822646856308,0.07412286102771759,0.013944193720817566,0.021448828279972076,0.013944193720817566,0.021448828279972076,42,17,0.5952380952380952,run_04_s60_scientific,scientific,0.6
170,H,3,gnnexplainer,0.6,-0.08062697947025299,-0.10719795525074005,-0.08774260431528091,-0.026961499825119972,0.05366547964513302,0.08023645542562008,0.06078110449016094,0.02657097578048706,0.007115624845027924,0.02657097578048706,0.007115624845027924,42,17,0.5952380952380952,run_04_s60_scientific,scientific,0.6
170,H,4,gnnexplainer,0.6,-0.07791470736265182,-0.09833125025033951,-0.08965770155191422,-0.027961499989032745,0.04995320737361908,0.07036975026130676,0.06169620156288147,0.020416542887687683,0.01174299418926239,0.020416542887687683,0.01174299418926239,42,17,0.5952380952380952,run_04_s60_scientific,scientific,0.6
170,H,5,gnnexplainer,0.6,-0.07790467888116837,-0.10832687467336655,-0.08459655940532684,-0.026961499825119972,0.05094317905604839,0.08136537484824657,0.05763505958020687,0.03042219579219818,0.006691880524158478,0.03042219579219818,0.006691880524158478,42,17,0.5952380952380952,run_04_s60_scientific,scientific,0.6
170,H,6,gnnexplainer,0.6,-0.07790350168943405,-0.09472984820604324,-0.07338729500770569,-0.026961499825119972,0.05094200186431408,0.06776834838092327,0.046425795182585716,0.016826346516609192,0.004516206681728363,0.016826346516609192,-0.004516206681728363,42,17,0.5952380952380952,run_04_s60_scientific,scientific,0.6
170,H,7,gnnexplainer,0.6,-0.07790827751159668,-0.1128050833940506,-0.08120863884687424,-0.02896150015294552,0.04894677735865116,0.08384358324110508,0.05224713869392872,0.03489680588245392,0.0033003613352775574,0.03489680588245392,0.0033003613352775574,42,17,0.5952380952380952,run_04_s60_scientific,scientific,0.6
170,H,8,gnnexplainer,0.6,-0.07964935898780823,-0.09768205881118774,-0.07943053543567657,-0.02691764011979103,0.0527317188680172,0.07076441869139671,0.052512895315885544,0.018032699823379517,0.00021882355213165283,0.018032699823379517,-0.00021882355213165283,42,17,0.5952380952380952,run_04_s60_scientific,scientific,0.6
170,H,9,gnnexplainer,0.6,-0.0796414166688919,-0.09808533638715744,-0.08222885429859161,-0.025917639955878258,0.05372377671301365,0.07216769643127918,0.056311214342713356,0.018443919718265533,0.002587437629699707,0.018443919718265533,0.002587437629699707,42,17,0.5952380952380952,run_04_s60_scientific,scientific,0.6
170,H,10,gnnexplainer,0.6,-0.07964157313108444,-0.09960907697677612,-0.090738445520401,-0.025917639955878258,0.053723933175206184,0.07369143702089787,0.06482080556452274,0.01996750384569168,0.011096872389316559,0.01996750384569168,0.011096872389316559,42,17,0.5952380952380952,run_04_s60_scientific,scientific,0.6
170,H,11,gnnexplainer,0.6,-0.07965811342000961,-0.09266410022974014,-0.10370856523513794,-0.02896150015294552,0.050696613267064095,0.06370260007679462,0.07474706508219242,0.01300598680973053,0.024050451815128326,0.01300598680973053,0.024050451815128326,42,17,0.5952380952380952,run_04_s60_scientific,scientific,0.6
170,C,0,gnnexplainer,0.6,-2.0284276008605957,-2.7966079711914062,-2.3593883514404297,-2.175614595413208,0.1471869945526123,0.6209933757781982,0.18377375602722168,0.7681803703308105,0.330960750579834,0.47380638122558594,0.036586761474609375,42,17,0.5952380952380952,run_04_s60_scientific,scientific,0.6
170,C,1,gnnexplainer,0.6,-2.0285582542419434,-2.7826485633850098,-2.2359468936920166,-2.1761586666107178,0.14760041236877441,0.606489896774292,0.05978822708129883,0.7540903091430664,0.20738863945007324,0.4588894844055176,-0.08781218528747559,42,17,0.5952380952380952,run_04_s60_scientific,scientific,0.6
170,C,2,gnnexplainer,0.6,-2.1927924156188965,-2.5516695976257324,-2.1011533737182617,-2.1926145553588867,0.00017786026000976562,0.3590550422668457,0.091461181640625,0.35887718200683594,0.09163904190063477,0.35887718200683594,0.09128332138061523,42,17,0.5952380952380952,run_04_s60_scientific,scientific,0.6
170,C,3,gnnexplainer,0.6,-2.1926939487457275,-2.631141185760498,-2.166151523590088,-2.179614543914795,0.013079404830932617,0.4515266418457031,0.013463020324707031,0.4384472370147705,0.02654242515563965,0.4384472370147705,0.00038361549377441406,42,17,0.5952380952380952,run_04_s60_scientific,scientific,0.6
170,C,4,gnnexplainer,0.6,-2.0527212619781494,-2.3867411613464355,-1.8930554389953613,-2.1881580352783203,0.1354367733001709,0.19858312606811523,0.295102596282959,0.33401989936828613,0.15966582298278809,0.06314635276794434,0.15966582298278809,42,17,0.5952380952380952,run_04_s60_scientific,scientific,0.6
170,C,5,gnnexplainer,0.6,-2.0526702404022217,-2.622835159301758,-2.3736181259155273,-2.174614429473877,0.12194418907165527,0.44822072982788086,0.1990036964416504,0.5701649188995361,0.32094788551330566,0.3262765407562256,0.07705950736999512,42,17,0.5952380952380952,run_04_s60_scientific,scientific,0.6
270,H,0,gnnexplainer,0.6,-0.06326740980148315,-0.04875798895955086,-0.06213214993476868,-0.04426804184913635,0.018999367952346802,0.004489947110414505,0.017864108085632324,0.014509420841932297,0.0011352598667144775,-0.014509420841932297,-0.0011352598667144775,22,9,0.5909090909090908,run_04_s60_scientific,scientific,0.6
270,H,1,gnnexplainer,0.6,-0.06325238198041916,-0.07151976227760315,-0.07002372294664383,-0.04426804184913635,0.018984340131282806,0.027251720428466797,0.025755681097507477,0.00826738029718399,0.00677134096622467,0.00826738029718399,0.00677134096622467,22,9,0.5909090909090908,run_04_s60_scientific,scientific,0.6
270,H,2,gnnexplainer,0.6,-0.11182482540607452,-0.12749329209327698,-0.11120319366455078,-0.1254609227180481,0.013636097311973572,0.002032369375228882,0.014257729053497314,0.015668466687202454,0.0006216317415237427,-0.01160372793674469,0.0006216317415237427,22,9,0.5909090909090908,run_04_s60_scientific,scientific,0.6
270,H,3,gnnexplainer,0.6,-0.11181138455867767,-0.1252063661813736,-0.08866345882415771,-0.12491703033447266,0.013105645775794983,0.00028933584690093994,0.03625357151031494,0.013394981622695923,0.02314792573451996,-0.012816309928894043,0.02314792573451996,22,9,0.5909090909090908,run_04_s60_scientific,scientific,0.6
270,H,4,gnnexplainer,0.6,-0.11182227730751038,-0.10562659800052643,-0.11431241780519485,-0.12646092474460602,0.014638647437095642,0.02083432674407959,0.012148506939411163,0.006195679306983948,0.0024901404976844788,0.006195679306983948,-0.0024901404976844788,22,9,0.5909090909090908,run_04_s60_scientific,scientific,0.6
270,H,5,gnnexplainer,0.6,-0.11181676387786865,-0.12889552116394043,-0.14152853190898895,-0.12591703236103058,0.014100268483161926,0.002978488802909851,0.015611499547958374,0.017078757286071777,0.0297117680311203,-0.011121779680252075,0.0015112310647964478,22,9,0.5909090909090908,run_04_s60_scientific,scientific,0.6
270,C,0,gnnexplainer,0.6,-0.8327508568763733,-3.1923794746398926,-0.7049000859260559,-0.4850490391254425,0.3477018177509308,2.70733043551445,0.2198510468006134,2.3596286177635193,0.12785077095031738,2.3596286177635193,-0.12785077095031738,22,9,0.5909090909090908,run_04_s60_scientific,scientific,0.6
270,C,1,gnnexplainer,0.6,-3.084488868713379,-2.997699737548828,-3.4497084617614746,-2.464503288269043,0.6199855804443359,0.5331964492797852,0.9852051734924316,0.08678913116455078,0.3652195930480957,-0.08678913116455078,0.3652195930480957,22,9,0.5909090909090908,run_04_s60_scientific,scientific,0.6
270,C,2,gnnexplainer,0.6,-14.785540580749512,-12.433228492736816,-15.386211395263672,-16.523923873901367,1.7383832931518555,4.090695381164551,1.1377124786376953,2.3523120880126953,0.6006708145141602,2.3523120880126953,-0.6006708145141602,22,9,0.5909090909090908,run_04_s60_scientific,scientific,0.6
270,C,3,gnnexplainer,0.6,-3.084531784057617,-4.483752727508545,-3.0091729164123535,-2.4825034141540527,0.6020283699035645,2.001249313354492,0.5266695022583008,1.3992209434509277,0.07535886764526367,1.3992209434509277,-0.07535886764526367,22,9,0.5909090909090908,run_04_s60_scientific,scientific,0.6
330,H,0,gnnexplainer,0.6,-0.05332114174962044,-0.05427725613117218,-0.07111204415559769,-0.03665326535701752,0.01666787639260292,0.017623990774154663,0.03445877879858017,0.0009561143815517426,0.01779090240597725,0.0009561143815517426,0.01779090240597725,22,9,0.5909090909090908,run_04_s60_scientific,scientific,0.6
330,H,1,gnnexplainer,0.6,-0.04627763852477074,-0.10144813358783722,-0.031108837574720383,-0.05347871407866478,0.007201075553894043,0.04796941950917244,0.022369876503944397,0.05517049506306648,0.015168800950050354,0.0407683439552784,0.015168800950050354,22,9,0.5909090909090908,run_04_s60_scientific,scientific,0.6
330,H,2,gnnexplainer,0.6,-0.04633069783449173,-0.058907315135002136,-0.060646962374448776,-0.052478715777397156,0.006148017942905426,0.0064285993576049805,0.00816824659705162,0.012576617300510406,0.014316264539957047,0.00028058141469955444,0.0020202286541461945,22,9,0.5909090909090908,run_04_s60_scientific,scientific,0.6
330,H,3,gnnexplainer,0.6,-0.018737804144620895,-0.03518702834844589,-0.013146229088306427,-0.028382685035467148,0.009644880890846252,0.0068043433129787445,0.01523645594716072,0.016449224203824997,0.005591575056314468,-0.002840537577867508,0.005591575056314468,22,9,0.5909090909090908,run_04_s60_scientific,scientific,0.6
330,H,4,gnnexplainer,0.6,-0.01875194162130356,-0.05327647924423218,-0.008934542536735535,-0.02938268519937992,0.010630743578076363,0.023893794044852257,0.020448142662644386,0.03452453762292862,0.009817399084568024,0.013263050466775894,0.009817399084568024,22,9,0.5909090909090908,run_04_s60_scientific,scientific,0.6
330,H,5,gnnexplainer,0.6,-0.08483874797821045,-0.13390959799289703,-0.1014351174235344,-0.05086393281817436,0.03397481516003609,0.08304566517472267,0.05057118460536003,0.049070850014686584,0.016596369445323944,0.049070850014686584,0.016596369445323944,22,9,0.5909090909090908,run_04_s60_scientific,scientific,0.6
330,H,6,gnnexplainer,0.6,-0.14934495091438293,-0.11136369407176971,-0.18909862637519836,-0.19063477218151093,0.04128982126712799,0.07927107810974121,0.001536145806312561,0.03798125684261322,0.03975367546081543,0.03798125684261322,-0.03975367546081543,22,9,0.5909090909090908,run_04_s60_scientific,scientific,0.6
330,C,0,gnnexplainer,0.6,-1.6009703874588013,-2.6582486629486084,-1.6657006740570068,-1.5042518377304077,0.09671854972839355,1.1539968252182007,0.16144883632659912,1.0572782754898071,0.06473028659820557,1.0572782754898071,0.06473028659820557,22,9,0.5909090909090908,run_04_s60_scientific,scientific,0.6
330,C,1,gnnexplainer,0.6,-1.3574010133743286,-3.9393186569213867,-1.6500864028930664,-1.1874029636383057,0.16999804973602295,2.751915693283081,0.46268343925476074,2.581917643547058,0.2926853895187378,2.581917643547058,0.2926853895187378,22,9,0.5909090909090908,run_04_s60_scientific,scientific,0.6
330,C,2,gnnexplainer,0.6,-6.480936527252197,-7.399017810821533,-5.815805912017822,-7.547578811645508,1.0666422843933105,0.1485610008239746,1.7317728996276855,0.9180812835693359,0.665130615234375,-0.9180812835693359,0.665130615234375,22,9,0.5909090909090908,run_04_s60_scientific,scientific,0.6
360,H,0,gnnexplainer,0.6,-0.33236026763916016,-0.14421051740646362,-0.2922402024269104,-0.3191285729408264,0.01323169469833374,0.1749180555343628,0.026888370513916016,0.18814975023269653,0.040120065212249756,0.16168636083602905,0.013656675815582275,24,10,0.5833333333333333,run_04_s60_scientific,scientific,0.6
360,H,1,gnnexplainer,0.6,-0.342712938785553,-0.15927082300186157,-0.3431608974933624,-0.26153138279914856,0.08118155598640442,0.10226055979728699,0.08162951469421387,0.1834421157836914,0.00044795870780944824,0.02107900381088257,0.00044795870780944824,24,10,0.5833333333333333,run_04_s60_scientific,scientific,0.6
360,H,2,gnnexplainer,0.6,-0.14684848487377167,-0.036850444972515106,-0.12530696392059326,-0.1154087483882904,0.03143973648548126,0.0785583034157753,0.009898215532302856,0.10999803990125656,0.021541520953178406,0.04711856693029404,-0.021541520953178406,24,10,0.5833333333333333,run_04_s60_scientific,scientific,0.6
360,H,3,gnnexplainer,0.6,-0.14511096477508545,-0.04553307592868805,-0.13812342286109924,-0.14733904600143433,0.002228081226348877,0.10180597007274628,0.009215623140335083,0.0995778888463974,0.006987541913986206,0.0995778888463974,0.006987541913986206,24,10,0.5833333333333333,run_04_s60_scientific,scientific,0.6
360,H,4,gnnexplainer,0.6,-0.13666847348213196,-0.031081780791282654,-0.14447858929634094,-0.11875949054956436,0.017908982932567596,0.08767770975828171,0.02571909874677658,0.1055866926908493,0.007810115814208984,0.06976872682571411,0.007810115814208984,24,10,0.5833333333333333,run_04_s60_scientific,scientific,0.6
360,H,5,gnnexplainer,0.6,-0.1832352876663208,-0.10023090243339539,-0.19251838326454163,-0.16926804184913635,0.013967245817184448,0.06903713941574097,0.023250341415405273,0.08300438523292542,0.009283095598220825,0.05506989359855652,0.009283095598220825,24,10,0.5833333333333333,run_04_s60_scientific,scientific,0.6
360,H,6,gnnexplainer,0.6,-0.17076992988586426,-0.08622094988822937,-0.16919535398483276,-0.20832136273384094,0.037551432847976685,0.12210041284561157,0.03912600874900818,0.08454897999763489,0.0015745759010314941,0.08454897999763489,0.0015745759010314941,24,10,0.5833333333333333,run_04_s60_scientific,scientific,0.6
360,C,0,gnnexplainer,0.6,-3.523756980895996,-2.5503692626953125,-4.211502552032471,-4.043220043182373,0.519463062286377,1.4928507804870605,0.16828250885009766,0.9733877182006836,0.6877455711364746,0.9733877182006836,-0.3511805534362793,24,10,0.5833333333333333,run_04_s60_scientific,scientific,0.6
360,C,1,gnnexplainer,0.6,-14.09076976776123,-11.661055564880371,-9.912470817565918,-14.111479759216309,0.020709991455078125,2.4504241943359375,4.199008941650391,2.4297142028808594,4.1782989501953125,2.4297142028808594,4.1782989501953125,24,10,0.5833333333333333,run_04_s60_scientific,scientific,0.6
360,C,2,gnnexplainer,0.6,-11.013855934143066,-6.799088954925537,-8.773744583129883,-9.470762252807617,1.5430936813354492,2.67167329788208,0.6970176696777344,4.214766979217529,2.2401113510131836,1.1285796165466309,-0.8460760116577148,24,10,0.5833333333333333,run_04_s60_scientific,scientific,0.6
360,C,3,gnnexplainer,0.6,-1.671934723854065,-2.7438735961914062,-0.7949784398078918,-1.504056692123413,0.16787803173065186,1.2398169040679932,0.7090782523155212,1.0719388723373413,0.8769562840461731,1.0719388723373413,0.5412002205848694,24,10,0.5833333333333333,run_04_s60_scientific,scientific,0.6
380,H,0,gnnexplainer,0.6,-0.13993945717811584,-0.06097346544265747,-0.17465876042842865,-0.11915438622236252,0.020785070955753326,0.05818092077970505,0.05550437420606613,0.07896599173545837,0.034719303250312805,0.03739584982395172,0.034719303250312805,24,10,0.5833333333333333,run_04_s60_scientific,scientific,0.6
380,H,1,gnnexplainer,0.6,-0.13264447450637817,-0.09009668231010437,-0.1649245023727417,-0.1529437154531479,0.020299240946769714,0.06284703314304352,0.011980786919593811,0.042547792196273804,0.032280027866363525,0.042547792196273804,-0.008318454027175903,24,10,0.5833333333333333,run_04_s60_scientific,scientific,0.6
380,H,2,gnnexplainer,0.6,-0.13482002913951874,-0.05761503055691719,-0.12151822447776794,-0.11749634146690369,0.01732368767261505,0.059881310909986496,0.004021883010864258,0.07720499858260155,0.013301804661750793,0.042557623237371445,-0.013301804661750793,24,10,0.5833333333333333,run_04_s60_scientific,scientific,0.6
380,H,3,gnnexplainer,0.6,-0.1763220578432083,-0.11836539208889008,-0.17931517958641052,-0.2253120243549347,0.04898996651172638,0.10694663226604462,0.04599684476852417,0.05795666575431824,0.0029931217432022095,0.05795666575431824,-0.0029931217432022095,24,10,0.5833333333333333,run_04_s60_scientific,scientific,0.6
380,H,4,gnnexplainer,0.6,-0.17767122387886047,-0.11256642639636993,-0.1689467579126358,-0.19009250402450562,0.012421280145645142,0.07752607762813568,0.021145746111869812,0.06510479748249054,0.00872446596622467,0.06510479748249054,0.00872446596622467,24,10,0.5833333333333333,run_04_s60_scientific,scientific,0.6
380,H,5,gnnexplainer,0.6,-0.019281115382909775,-0.032231155782938004,-0.011187352240085602,0.054915860295295715,0.07419697567820549,0.08714701607823372,0.06610321253538132,0.012950040400028229,0.008093763142824173,0.012950040400028229,-0.008093763142824173,24,10,0.5833333333333333,run_04_s60_scientific,scientific,0.6
380,H,6,gnnexplainer,0.6,-0.02779546007514,-0.05930018052458763,-0.04464881494641304,-0.026584316045045853,0.0012111440300941467,0.03271586447954178,0.018064498901367188,0.03150472044944763,0.01685335487127304,0.03150472044944763,0.01685335487127304,24,10,0.5833333333333333,run_04_s60_scientific,scientific,0.6
380,H,7,gnnexplainer,0.6,-0.025298241525888443,-0.02716941386461258,-0.013597168028354645,-0.0037771498318761587,0.021521091694012284,0.02339226403273642,0.009820018196478486,0.0018711723387241364,0.011701073497533798,0.0018711723387241364,-0.011701073497533798,24,10,0.5833333333333333,run_04_s60_scientific,scientific,0.6
380,C,0,gnnexplainer,0.6,-0.011481314897537231,-1.8077398538589478,0.17560197412967682,0.17328409850597382,0.18476541340351105,1.9810239523649216,0.002317875623703003,1.7962585389614105,0.18708328902721405,1.7962585389614105,-0.18244753777980804,24,10,0.5833333333333333,run_04_s60_scientific,scientific,0.6
380,C,1,gnnexplainer,0.6,-2.963667631149292,-2.5826971530914307,-2.754545211791992,-2.9316675662994385,0.032000064849853516,0.3489704132080078,0.1771223545074463,0.38097047805786133,0.2091224193572998,0.3169703483581543,0.14512228965759277,24,10,0.5833333333333333,run_04_s60_scientific,scientific,0.6
380,C,2,gnnexplainer,0.6,-15.949727058410645,-12.597540855407715,-16.159332275390625,-16.425132751464844,0.4754056930541992,3.827591896057129,0.26580047607421875,3.3521862030029297,0.20960521697998047,3.3521862030029297,-0.20960521697998047,24,10,0.5833333333333333,run_04_s60_scientific,scientific,0.6
380,C,3,gnnexplainer,0.6,-1.695212483406067,-2.1889684200286865,-1.0009957551956177,-1.3898565769195557,0.30535590648651123,0.7991118431091309,0.388860821723938,0.49375593662261963,0.6942167282104492,0.49375593662261963,0.08350491523742676,24,10,0.5833333333333333,run_04_s60_scientific,scientific,0.6
450,H,0,gnnexplainer,0.6,-0.04355114698410034,-0.023988906294107437,-0.0769820362329483,0.03275012969970703,0.07630127668380737,0.05673903599381447,0.10973216593265533,0.019562240689992905,0.03343088924884796,-0.019562240689992905,0.03343088924884796,30,12,0.6,run_04_s60_scientific,scientific,0.6
450,H,1,gnnexplainer,0.6,-0.06927318125963211,-0.05096161365509033,-0.0802093967795372,-0.0715140700340271,0.002240888774394989,0.020552456378936768,0.008695326745510101,0.01831156760454178,0.01093621551990509,0.01831156760454178,0.006454437971115112,30,12,0.6,run_04_s60_scientific,scientific,0.6
450,H,2,gnnexplainer,0.6,-0.06935058534145355,-0.06822264194488525,-0.06278184056282043,-0.07355805486440659,0.0042074695229530334,0.005335412919521332,0.010776214301586151,0.0011279433965682983,0.006568744778633118,0.0011279433965682983,0.006568744778633118,30,12,0.6,run_04_s60_scientific,scientific,0.6
450,H,3,gnnexplainer,0.6,-0.14339891076087952,-0.10114902257919312,-0.16977301239967346,-0.23171529173851013,0.08831638097763062,0.13056626915931702,0.06194227933883667,0.0422498881816864,0.026374101638793945,0.0422498881816864,-0.026374101638793945,30,12,0.6,run_04_s60_scientific,scientific,0.6
450,C,0,gnnexplainer,0.6,-5.920004844665527,-5.492271900177002,-5.861847400665283,-7.761427879333496,1.8414230346679688,2.269155979156494,1.899580478668213,0.4277329444885254,0.05815744400024414,0.4277329444885254,0.05815744400024414,30,12,0.6,run_04_s60_scientific,scientific,0.6
450,C,1,gnnexplainer,0.6,-8.008285522460938,-5.565289497375488,-8.98631763458252,-9.08093547821045,1.0726499557495117,3.515645980834961,0.09461784362792969,2.442996025085449,0.978032112121582,2.442996025085449,-0.978032112121582,30,12,0.6,run_04_s60_scientific,scientific,0.6
450,C,2,gnnexplainer,0.6,-0.7208598256111145,-2.6215338706970215,-0.8177982568740845,-0.7991183996200562,0.07825857400894165,1.8224154710769653,0.01867985725402832,1.900674045085907,0.09693843126296997,1.7441568970680237,-0.05957871675491333,30,12,0.6,run_04_s60_scientific,scientific,0.6
450,C,3,gnnexplainer,0.6,-5.4790120124816895,-5.038460731506348,-5.212862491607666,-5.140366077423096,0.33864593505859375,0.10190534591674805,0.07249641418457031,0.4405512809753418,0.26614952087402344,-0.2367405891418457,-0.26614952087402344,30,12,0.6,run_04_s60_scientific,scientific,0.6
450,C,4,gnnexplainer,0.6,-3.9353888034820557,-3.4709155559539795,-4.603869438171387,-3.6308069229125977,0.304581880569458,0.15989136695861816,0.9730625152587891,0.46447324752807617,0.668480634689331,-0.14469051361083984,0.668480634689331,30,12,0.6,run_04_s60_scientific,scientific,0.6
490,H,0,gnnexplainer,0.6,-0.17315952479839325,-0.10170982778072357,-0.12065204977989197,-0.23058383166790009,0.057424306869506836,0.1288740038871765,0.10993178188800812,0.07144969701766968,0.05250747501850128,0.07144969701766968,0.05250747501850128,30,12,0.6,run_04_s60_scientific,scientific,0.6
490,H,1,gnnexplainer,0.6,-0.15685632824897766,-0.1103835254907608,-0.1416618824005127,-0.249619260430336,0.09276293218135834,0.1392357349395752,0.1079573780298233,0.04647280275821686,0.015194445848464966,0.04647280275821686,0.015194445848464966,30,12,0.6,run_04_s60_scientific,scientific,0.6
490,H,2,gnnexplainer,0.6,-0.18034976720809937,-0.1279938817024231,-0.20388925075531006,-0.26599687337875366,0.0856471061706543,0.13800299167633057,0.062107622623443604,0.05235588550567627,0.023539483547210693,0.05235588550567627,-0.023539483547210693,30,12,0.6,run_04_s60_scientific,scientific,0.6
490,H,5,gnnexplainer,0.6,-0.12873896956443787,-0.0827086791396141,-0.11557840555906296,-0.1509436070919037,0.02220463752746582,0.06823492795228958,0.03536520153284073,0.04603029042482376,0.013160564005374908,0.04603029042482376,0.013160564005374908,30,12,0.6,run_04_s60_scientific,scientific,0.6
490,H,6,gnnexplainer,0.6,-0.12632957100868225,-0.07966427505016327,-0.1443844884634018,-0.1284528225660324,0.0021232515573501587,0.04878854751586914,0.015931665897369385,0.04666529595851898,0.018054917454719543,0.04666529595851898,0.013808414340019226,30,12,0.6,run_04_s60_scientific,scientific,0.6
490,C,0,gnnexplainer,0.6,-3.129530668258667,-2.716008186340332,-4.628560543060303,-4.111388683319092,0.9818580150604248,1.3953804969787598,0.5171718597412109,0.41352248191833496,1.4990298748016357,0.41352248191833496,-0.46468615531921387,30,12,0.6,run_04_s60_scientific,scientific,0.6
490,C,1,gnnexplainer,0.6,-15.582393646240234,-10.04470443725586,-15.614889144897461,-16.991817474365234,1.409423828125,6.947113037109375,1.3769283294677734,5.537689208984375,0.03249549865722656,5.537689208984375,-0.03249549865722656,30,12,0.6,run_04_s60_scientific,scientific,0.6
490,C,2,gnnexplainer,0.6,-3.881084442138672,-2.933335304260254,-5.0969672203063965,-4.111124038696289,0.2300395965576172,1.1777887344360352,0.9858431816101074,0.947749137878418,1.2158827781677246,0.947749137878418,0.7558035850524902,30,12,0.6,run_04_s60_scientific,scientific,0.6
490,C,3,gnnexplainer,0.6,-2.2796802520751953,-2.1974310874938965,-3.073939800262451,-3.4353280067443848,1.1556477546691895,1.2378969192504883,0.3613882064819336,0.08224916458129883,0.7942595481872559,0.08224916458129883,-0.7942595481872559,30,12,0.6,run_04_s60_scientific,scientific,0.6
510,H,0,gnnexplainer,0.6,-0.0641452819108963,-0.06631188094615936,-0.07232504338026047,-0.06858395785093307,0.004438675940036774,0.002272076904773712,0.0037410855293273926,0.0021665990352630615,0.008179761469364166,-0.0021665990352630615,-0.0006975904107093811,38,16,0.5789473684210527,run_04_s60_scientific,scientific,0.6
510,H,1,gnnexplainer,0.6,-0.07207746058702469,-0.09421949088573456,-0.07609830796718597,-0.10737372934818268,0.03529626876115799,0.01315423846244812,0.031275421380996704,0.02214203029870987,0.004020847380161285,-0.02214203029870987,-0.004020847380161285,38,16,0.5789473684210527,run_04_s60_scientific,scientific,0.6
510,H,2,gnnexplainer,0.6,-0.054743897169828415,-0.10181508213281631,-0.06285615265369415,-0.030469827353954315,0.0242740698158741,0.071345254778862,0.03238632529973984,0.0470711849629879,0.008112255483865738,0.0470711849629879,0.008112255483865738,38,16,0.5789473684210527,run_04_s60_scientific,scientific,0.6
510,H,3,gnnexplainer,0.6,-0.0725153461098671,-0.10360053181648254,-0.07829418033361435,-0.1194084882736206,0.04689314216375351,0.01580795645713806,0.041114307940006256,0.031085185706615448,0.005778834223747253,-0.031085185706615448,-0.005778834223747253,38,16,0.5789473684210527,run_04_s60_scientific,scientific,0.6
510,H,4,gnnexplainer,0.6,-0.06956268846988678,-0.09547300636768341,-0.05829727649688721,-0.058769065886735916,0.010793622583150864,0.036703940480947495,0.0004717893898487091,0.02591031789779663,0.011265411972999573,0.02591031789779663,-0.010321833193302155,38,16,0.5789473684210527,run_04_s60_scientific,scientific,0.6
510,H,5,gnnexplainer,0.6,-0.06805552542209625,-0.10476867109537125,-0.07552654296159744,-0.07969000190496445,0.011634476482868195,0.0250786691904068,0.004163458943367004,0.036713145673274994,0.00747101753950119,0.013444192707538605,-0.00747101753950119,38,16,0.5789473684210527,run_04_s60_scientific,scientific,0.6
510,H,6,gnnexplainer,0.6,-0.040923863649368286,-0.06861430406570435,-0.04700911045074463,-0.04133903980255127,0.0004151761531829834,0.027275264263153076,0.005670070648193359,0.02769044041633606,0.006085246801376343,0.026860088109970093,0.005254894495010376,38,16,0.5789473684210527,run_04_s60_scientific,scientific,0.6
510,H,7,gnnexplainer,0.6,-0.02234116941690445,-0.054482005536556244,-0.026907887309789658,-0.03561985865235329,0.013278689235448837,0.018862146884202957,0.00871197134256363,0.032140836119651794,0.004566717892885208,0.00558345764875412,-0.004566717892885208,38,16,0.5789473684210527,run_04_s60_scientific,scientific,0.6
510,H,8,gnnexplainer,0.6,-0.057253893464803696,-0.08731598407030106,-0.0793747678399086,-0.0713830441236496,0.014129150658845901,0.01593293994665146,0.007991723716259003,0.03006209060549736,0.022120874375104904,0.0018037892878055573,-0.006137426942586899,38,16,0.5789473684210527,run_04_s60_scientific,scientific,0.6
510,H,9,gnnexplainer,0.6,-0.06739038974046707,-0.09974046051502228,-0.06000128388404846,-0.08068999648094177,0.013299606740474701,0.019050464034080505,0.02068871259689331,0.032350070774555206,0.00738910585641861,0.0057508572936058044,0.00738910585641861,38,16,0.5789473684210527,run_04_s60_scientific,scientific,0.6
510,C,0,gnnexplainer,0.6,-3.183384895324707,-3.217522382736206,-3.147006034851074,-2.6794397830963135,0.5039451122283936,0.5380825996398926,0.46756625175476074,0.03413748741149902,0.03637886047363281,0.03413748741149902,-0.03637886047363281,38,16,0.5789473684210527,run_04_s60_scientific,scientific,0.6
510,C,1,gnnexplainer,0.6,-2.929103136062622,-2.9327526092529297,-2.7595651149749756,-2.8548877239227295,0.07421541213989258,0.0778648853302002,0.0953226089477539,0.003649473190307617,0.16953802108764648,0.003649473190307617,0.021107196807861328,38,16,0.5789473684210527,run_04_s60_scientific,scientific,0.6
510,C,2,gnnexplainer,0.6,-4.82141637802124,-3.2098026275634766,-4.985388278961182,-4.148713111877441,0.6727032661437988,0.9389104843139648,0.8366751670837402,1.6116137504577637,0.1639719009399414,0.266207218170166,0.1639719009399414,38,16,0.5789473684210527,run_04_s60_scientific,scientific,0.6
510,C,3,gnnexplainer,0.6,-1.93549382686615,-2.799135446548462,-1.606249213218689,-0.3196980357170105,1.6157957911491394,2.4794374108314514,1.2865511775016785,0.863641619682312,0.32924461364746094,0.863641619682312,-0.32924461364746094,38,16,0.5789473684210527,run_04_s60_scientific,scientific,0.6
510,C,4,gnnexplainer,0.6,-0.8245482444763184,-2.550389289855957,-0.6125018000602722,-0.5578681230545044,0.26668012142181396,1.9925211668014526,0.05463367700576782,1.7258410453796387,0.21204644441604614,1.7258410453796387,-0.21204644441604614,38,16,0.5789473684210527,run_04_s60_scientific,scientific,0.6
510,C,5,gnnexplainer,0.6,-1.521938443183899,-2.9518203735351562,-1.0423908233642578,-0.3343559503555298,1.1875824928283691,2.6174644231796265,0.708034873008728,1.4298819303512573,0.4795476198196411,1.4298819303512573,-0.4795476198196411,38,16,0.5789473684210527,run_04_s60_scientific,scientific,0.6
530,H,0,gnnexplainer,0.6,-0.08534625172615051,-0.07334207743406296,-0.09331882745027542,-0.16678637266159058,0.08144012093544006,0.09344429522752762,0.07346754521131516,0.012004174292087555,0.007972575724124908,0.012004174292087555,-0.007972575724124908,20,8,0.6,run_04_s60_scientific,scientific,0.6
530,H,1,gnnexplainer,0.6,-0.09019753336906433,-0.0925663411617279,-0.08264227211475372,-0.13316234946250916,0.042964816093444824,0.04059600830078125,0.05052007734775543,0.0023688077926635742,0.007555261254310608,-0.0023688077926635742,0.007555261254310608,20,8,0.6,run_04_s60_scientific,scientific,0.6
530,H,2,gnnexplainer,0.6,-0.030807171016931534,-0.05734682083129883,-0.036845605820417404,-0.0575319267809391,0.02672475576400757,0.00018510594964027405,0.020686320960521698,0.026539649814367294,0.00603843480348587,-0.026539649814367294,-0.00603843480348587,20,8,0.6,run_04_s60_scientific,scientific,0.6
530,H,3,gnnexplainer,0.6,-0.04008097946643829,-0.07578327506780624,-0.03316266089677811,-0.04089127480983734,0.0008102953433990479,0.0348920002579689,0.007728613913059235,0.03570229560136795,0.006918318569660187,0.034081704914569855,0.006918318569660187,20,8,0.6,run_04_s60_scientific,scientific,0.6
530,H,4,gnnexplainer,0.6,-0.03763440251350403,-0.0640009269118309,-0.09561242908239365,-0.06429433822631836,0.02665993571281433,0.0002934113144874573,0.03131809085607529,0.026366524398326874,0.05797802656888962,-0.026366524398326874,0.004658155143260956,20,8,0.6,run_04_s60_scientific,scientific,0.6
530,C,0,gnnexplainer,0.6,-2.6694869995117188,-2.356382131576538,-2.880319356918335,-2.8974430561065674,0.22795605659484863,0.5410609245300293,0.017123699188232422,0.31310486793518066,0.2108323574066162,0.31310486793518066,-0.2108323574066162,20,8,0.6,run_04_s60_scientific,scientific,0.6
530,C,1,gnnexplainer,0.6,-3.2187187671661377,-3.3357880115509033,-2.611454486846924,-2.7582390308380127,0.460479736328125,0.5775489807128906,0.14678454399108887,0.11706924438476562,0.6072642803192139,0.11706924438476562,-0.31369519233703613,20,8,0.6,run_04_s60_scientific,scientific,0.6
530,C,2,gnnexplainer,0.6,-4.761256694793701,-4.38716983795166,-4.426544666290283,-4.5724406242370605,0.18881607055664062,0.1852707862854004,0.14589595794677734,0.374086856842041,0.33471202850341797,-0.0035452842712402344,-0.04292011260986328,20,8,0.6,run_04_s60_scientific,scientific,0.6
610,H,0,gnnexplainer,0.6,-0.44238173961639404,-0.14613059163093567,-0.45786118507385254,-0.615548849105835,0.17316710948944092,0.4694182574748993,0.15768766403198242,0.2962511479854584,0.015479445457458496,0.2962511479854584,-0.015479445457458496,24,10,0.5833333333333333,run_04_s60_scientific,scientific,0.6
610,H,1,gnnexplainer,0.6,-0.1651545912027359,-0.09732237458229065,-0.16506633162498474,-0.12229462713003159,0.042859964072704315,0.024972252547740936,0.042771704494953156,0.06783221662044525,8.825957775115967e-05,-0.01788771152496338,-8.825957775115967e-05,24,10,0.5833333333333333,run_04_s60_scientific,scientific,0.6
610,H,2,gnnexplainer,0.6,-0.13610506057739258,-0.03520912304520607,-0.13950547575950623,-0.1601894050836563,0.024084344506263733,0.12498028203845024,0.020683929324150085,0.10089593753218651,0.0034004151821136475,0.10089593753218651,-0.0034004151821136475,24,10,0.5833333333333333,run_04_s60_scientific,scientific,0.6
610,H,3,gnnexplainer,0.6,-0.1795758754014969,-0.10696211457252502,-0.170594722032547,-0.18318936228752136,0.003613486886024475,0.07622724771499634,0.012594640254974365,0.07261376082897186,0.00898115336894989,0.07261376082897186,0.00898115336894989,24,10,0.5833333333333333,run_04_s60_scientific,scientific,0.6
610,H,4,gnnexplainer,0.6,-0.500056803226471,-0.12458659708499908,-0.444001168012619,-0.6312503814697266,0.13119357824325562,0.5066637843847275,0.18724921345710754,0.37547020614147186,0.05605563521385193,0.37547020614147186,0.05605563521385193,24,10,0.5833333333333333,run_04_s60_scientific,scientific,0.6
610,H,5,gnnexplainer,0.6,-0.14004060626029968,-0.04711626097559929,-0.16348771750926971,-0.12377718091011047,0.01626342535018921,0.07666091993451118,0.03971053659915924,0.0929243452847004,0.023447111248970032,0.060397494584321976,0.023447111248970032,24,10,0.5833333333333333,run_04_s60_scientific,scientific,0.6
610,H,6,gnnexplainer,0.6,-0.12860378623008728,-0.034042976796627045,-0.11044957488775253,-0.14696994423866272,0.01836615800857544,0.11292696744203568,0.03652036935091019,0.09456080943346024,0.018154211342334747,0.09456080943346024,0.018154211342334747,24,10,0.5833333333333333,run_04_s60_scientific,scientific,0.6
610,H,7,gnnexplainer,0.6,-0.16811057925224304,-0.10895244032144547,-0.17812299728393555,-0.19154877960681915,0.02343820035457611,0.08259633928537369,0.013425782322883606,0.05915813893079758,0.010012418031692505,0.05915813893079758,-0.010012418031692505,24,10,0.5833333333333333,run_04_s60_scientific,scientific,0.6
610,C,0,gnnexplainer,0.6,-16.07822036743164,-12.474761009216309,-18.498735427856445,-18.057586669921875,1.9793663024902344,5.582825660705566,0.4411487579345703,3.603459358215332,2.4205150604248047,3.603459358215332,-1.538217544555664,24,10,0.5833333333333333,run_04_s60_scientific,scientific,0.6
610,C,1,gnnexplainer,0.6,-16.779712677001953,-12.817268371582031,-14.917494773864746,-17.75385856628418,0.9741458892822266,4.936590194702148,2.8363637924194336,3.962444305419922,1.862217903137207,3.962444305419922,1.862217903137207,24,10,0.5833333333333333,run_04_s60_scientific,scientific,0.6
610,C,2,gnnexplainer,0.6,-1.856040596961975,-2.4109578132629395,-2.548703670501709,-2.5053277015686035,0.6492871046066284,0.09436988830566406,0.04337596893310547,0.5549172163009644,0.6926630735397339,-0.5549172163009644,-0.605911135673523,24,10,0.5833333333333333,run_04_s60_scientific,scientific,0.6
610,C,3,gnnexplainer,0.6,-1.9090392589569092,-2.575326681137085,-2.0575549602508545,-2.3740406036376953,0.46500134468078613,0.20128607749938965,0.3164856433868408,0.6662874221801758,0.1485157012939453,-0.2637152671813965,-0.1485157012939453,24,10,0.5833333333333333,run_04_s60_scientific,scientific,0.6
620,H,0,gnnexplainer,0.6,-0.22838380932807922,-0.12953853607177734,-0.2274453341960907,-0.2509962022304535,0.022612392902374268,0.12145766615867615,0.023550868034362793,0.09884527325630188,0.0009384751319885254,0.09884527325630188,0.0009384751319885254,32,13,0.59375,run_04_s60_scientific,scientific,0.6
620,H,1,gnnexplainer,0.6,-0.228367418050766,-0.1255224645137787,-0.26715144515037537,-0.24986469745635986,0.021497279405593872,0.12434223294258118,0.017286747694015503,0.1028449535369873,0.038784027099609375,0.1028449535369873,-0.004210531711578369,32,13,0.59375,run_04_s60_scientific,scientific,0.6
620,H,2,gnnexplainer,0.6,-0.2283584177494049,-0.1404518187046051,-0.2237115502357483,-0.2488207370042801,0.020462319254875183,0.10836891829967499,0.0251091867685318,0.0879065990447998,0.004646867513656616,0.0879065990447998,0.004646867513656616,32,13,0.59375,run_04_s60_scientific,scientific,0.6
620,H,3,gnnexplainer,0.6,-0.22839093208312988,-0.12181046605110168,-0.26936376094818115,-0.25204017758369446,0.023649245500564575,0.13022971153259277,0.017323583364486694,0.1065804660320282,0.04097282886505127,0.1065804660320282,-0.006325662136077881,32,13,0.59375,run_04_s60_scientific,scientific,0.6
620,H,4,gnnexplainer,0.6,-0.22839006781578064,-0.14019179344177246,-0.25336524844169617,-0.251996248960495,0.023606181144714355,0.11180445551872253,0.0013689994812011719,0.08819827437400818,0.024975180625915527,0.08819827437400818,-0.022237181663513184,32,13,0.59375,run_04_s60_scientific,scientific,0.6
620,H,5,gnnexplainer,0.6,-0.22836831212043762,-0.15568286180496216,-0.24225986003875732,-0.24986469745635986,0.02149638533592224,0.0941818356513977,0.007604837417602539,0.07268545031547546,0.013891547918319702,0.07268545031547546,-0.013891547918319702,32,13,0.59375,run_04_s60_scientific,scientific,0.6
620,H,6,gnnexplainer,0.6,-0.00035447627305984497,-0.017488956451416016,-0.011805742979049683,0.08161692321300507,0.08197139948606491,0.09910587966442108,0.09342266619205475,0.01713448017835617,0.011451266705989838,0.01713448017835617,0.011451266705989838,32,13,0.59375,run_04_s60_scientific,scientific,0.6
620,H,7,gnnexplainer,0.6,-0.0003616511821746826,-0.018929220736026764,0.007124967873096466,0.0810290277004242,0.08139067888259888,0.09995824843645096,0.07390405982732773,0.01856756955385208,0.007486619055271149,0.01856756955385208,-0.007486619055271149,32,13,0.59375,run_04_s60_scientific,scientific,0.6
620,H,8,gnnexplainer,0.6,-0.00035750120878219604,-0.031656838953495026,-0.035149186849594116,0.08161692321300507,0.08197442442178726,0.11327376216650009,0.11676611006259918,0.03129933774471283,0.03479168564081192,0.03129933774471283,0.03479168564081192,32,13,0.59375,run_04_s60_scientific,scientific,0.6
620,H,9,gnnexplainer,0.6,-0.01004878431558609,-0.09315334260463715,-0.01470869779586792,0.17055636644363403,0.18060515075922012,0.2637097090482712,0.18526506423950195,0.08310455828905106,0.00465991348028183,0.08310455828905106,0.00465991348028183,32,13,0.59375,run_04_s60_scientific,scientific,0.6
620,C,0,gnnexplainer,0.6,-8.43395709991455,-7.588127136230469,-8.871867179870605,-8.185676574707031,0.24828052520751953,0.5975494384765625,0.6861906051635742,0.845829963684082,0.4379100799560547,0.34926891326904297,0.4379100799560547,32,13,0.59375,run_04_s60_scientific,scientific,0.6
620,C,1,gnnexplainer,0.6,-8.439017295837402,-8.010018348693848,-8.687552452087402,-8.185914039611816,0.25310325622558594,0.17589569091796875,0.5016384124755859,0.4289989471435547,0.24853515625,-0.07720756530761719,0.24853515625,32,13,0.59375,run_04_s60_scientific,scientific,0.6
620,C,2,gnnexplainer,0.6,-8.438666343688965,-6.56000280380249,-8.351691246032715,-8.188501358032227,0.2501649856567383,1.6284985542297363,0.16318988800048828,1.8786635398864746,0.08697509765625,1.378333568572998,-0.08697509765625,32,13,0.59375,run_04_s60_scientific,scientific,0.6
620,C,3,gnnexplainer,0.6,-8.43066120147705,-8.150033950805664,-8.761961936950684,-8.189264297485352,0.24139690399169922,0.0392303466796875,0.572697639465332,0.2806272506713867,0.3313007354736328,-0.20216655731201172,0.3313007354736328,32,13,0.59375,run_04_s60_scientific,scientific,0.6
620,C,4,gnnexplainer,0.6,-8.43023681640625,-6.022541046142578,-8.296968460083008,-8.187677383422852,0.24255943298339844,2.1651363372802734,0.10929107666015625,2.407695770263672,0.1332683563232422,1.922576904296875,-0.1332683563232422,32,13,0.59375,run_04_s60_scientific,scientific,0.6
620,C,5,gnnexplainer,0.6,-8.442373275756836,-7.234690189361572,-9.288924217224121,-8.186501502990723,0.2558717727661133,0.9518113136291504,1.1024227142333984,1.2076830863952637,0.8465509414672852,0.6959395408630371,0.8465509414672852,32,13,0.59375,run_04_s60_scientific,scientific,0.6
620,C,6,gnnexplainer,0.6,0.4642379879951477,-2.252906560897827,0.4054073095321655,1.20413076877594,0.7398927807807922,3.457037329673767,0.7987234592437744,2.717144548892975,0.05883067846298218,2.717144548892975,0.05883067846298218,32,13,0.59375,run_04_s60_scientific,scientific,0.6
640,H,0,gnnexplainer,0.6,-0.21126306056976318,-0.14345118403434753,-0.20537185668945312,0.13790667057037354,0.3491697311401367,0.28135785460472107,0.34327852725982666,0.06781187653541565,0.005891203880310059,-0.06781187653541565,-0.005891203880310059,38,16,0.5789473684210527,run_04_s60_scientific,scientific,0.6
640,H,1,gnnexplainer,0.6,-0.21125224232673645,-0.13864052295684814,-0.18515923619270325,0.13790667057037354,0.34915891289711,0.2765471935272217,0.3230659067630768,0.0726117193698883,0.026093006134033203,-0.0726117193698883,-0.026093006134033203,38,16,0.5789473684210527,run_04_s60_scientific,scientific,0.6
640,H,2,gnnexplainer,0.6,-0.04018162190914154,-0.061177849769592285,-0.050553373992443085,-0.010049479082226753,0.030132142826914787,0.05112837068736553,0.04050389491021633,0.020996227860450745,0.010371752083301544,0.020996227860450745,0.010371752083301544,38,16,0.5789473684210527,run_04_s60_scientific,scientific,0.6
640,H,3,gnnexplainer,0.6,-0.02698579430580139,-0.0279194638133049,-0.02806907519698143,-0.030795302242040634,0.0038095079362392426,0.002875838428735733,0.002726227045059204,0.0009336695075035095,0.0010832808911800385,-0.0009336695075035095,-0.0010832808911800385,38,16,0.5789473684210527,run_04_s60_scientific,scientific,0.6
640,H,4,gnnexplainer,0.6,-0.029253706336021423,-0.04880014806985855,-0.0379386767745018,-0.03988323733210564,0.010629530996084213,0.008916910737752914,0.001944560557603836,0.019546441733837128,0.008684970438480377,-0.0017126202583312988,-0.008684970438480377,38,16,0.5789473684210527,run_04_s60_scientific,scientific,0.6
640,H,5,gnnexplainer,0.6,-0.07945401221513748,-0.09708771109580994,-0.05276200547814369,-0.08353185653686523,0.004077844321727753,0.013555854558944702,0.030769851058721542,0.017633698880672455,0.02669200673699379,0.00947801023721695,0.02669200673699379,38,16,0.5789473684210527,run_04_s60_scientific,scientific,0.6
640,H,6,gnnexplainer,0.6,-0.11835552006959915,-0.11858819425106049,-0.11760327219963074,-0.10661061108112335,0.0117449089884758,0.011977583169937134,0.010992661118507385,0.00023267418146133423,0.0007522478699684143,0.00023267418146133423,-0.0007522478699684143,38,16,0.5789473684210527,run_04_s60_scientific,scientific,0.6
640,H,7,gnnexplainer,0.6,-0.06900552660226822,-0.11034569144248962,-0.09229439496994019,-0.07117222994565964,0.0021667033433914185,0.03917346149682999,0.021122165024280548,0.041340164840221405,0.023288868367671967,0.03700675815343857,0.01895546168088913,38,16,0.5789473684210527,run_04_s60_scientific,scientific,0.6
640,H,8,gnnexplainer,0.6,-0.10110029578208923,-0.13063791394233704,-0.08981622755527496,-0.12511934340000153,0.024019047617912292,0.00551857054233551,0.03530311584472656,0.029537618160247803,0.01128406822681427,-0.018500477075576782,0.01128406822681427,38,16,0.5789473684210527,run_04_s60_scientific,scientific,0.6
640,H,9,gnnexplainer,0.6,-0.07945292443037033,-0.08891825377941132,-0.08584225177764893,-0.08353185653686523,0.0040789321064949036,0.0053863972425460815,0.0023103952407836914,0.009465329349040985,0.006389327347278595,0.001307465136051178,-0.0017685368657112122,38,16,0.5789473684210527,run_04_s60_scientific,scientific,0.6
640,H,10,gnnexplainer,0.6,-0.11835354566574097,-0.11915096640586853,-0.12742546200752258,-0.10661061108112335,0.011742934584617615,0.012540355324745178,0.02081485092639923,0.0007974207401275635,0.009071916341781616,0.0007974207401275635,0.009071916341781616,38,16,0.5789473684210527,run_04_s60_scientific,scientific,0.6
640,H,11,gnnexplainer,0.6,-0.04018741473555565,-0.06762149184942245,-0.04161937162280083,-0.010049479082226753,0.030137935653328896,0.0575720127671957,0.031569892540574074,0.027434077113866806,0.0014319568872451782,0.027434077113866806,0.0014319568872451782,38,16,0.5789473684210527,run_04_s60_scientific,scientific,0.6
640,H,12,gnnexplainer,0.6,-0.029250383377075195,-0.04229060560464859,-0.052064601331949234,-0.04088323935866356,0.011632855981588364,0.0014073662459850311,0.011181361973285675,0.013040222227573395,0.02281421795487404,-0.010225489735603333,-0.0004514940083026886,38,16,0.5789473684210527,run_04_s60_scientific,scientific,0.6
640,H,13,gnnexplainer,0.6,-0.026982992887496948,-0.023394804447889328,-0.03640002757310867,-0.030795302242040634,0.003812309354543686,0.007400497794151306,0.005604725331068039,0.0035881884396076202,0.009417034685611725,0.0035881884396076202,0.001792415976524353,38,16,0.5789473684210527,run_04_s60_scientific,scientific,0.6
640,C,0,gnnexplainer,0.6,-7.860611915588379,-6.8872389793396,-8.498150825500488,-8.271045684814453,0.4104337692260742,1.3838067054748535,0.22710514068603516,0.9733729362487793,0.6375389099121094,0.9733729362487793,-0.18332862854003906,38,16,0.5789473684210527,run_04_s60_scientific,scientific,0.6
640,C,1,gnnexplainer,0.6,-7.8596673011779785,-7.539315700531006,-8.195540428161621,-8.270045280456543,0.41037797927856445,0.7307295799255371,0.07450485229492188,0.32035160064697266,0.3358731269836426,0.32035160064697266,-0.3358731269836426,38,16,0.5789473684210527,run_04_s60_scientific,scientific,0.6
640,C,2,gnnexplainer,0.6,-0.4793398380279541,-2.214533805847168,-0.28489387035369873,-0.608948290348053,0.12960845232009888,1.605585515499115,0.32405441999435425,1.7351939678192139,0.19444596767425537,1.4759770631790161,0.19444596767425537,38,16,0.5789473684210527,run_04_s60_scientific,scientific,0.6
640,C,3,gnnexplainer,0.6,-1.0577682256698608,-2.872793197631836,-1.134028673171997,-1.4114946126937866,0.3537263870239258,1.4612985849380493,0.27746593952178955,1.815024971961975,0.07626044750213623,1.1075721979141235,-0.07626044750213623,38,16,0.5789473684210527,run_04_s60_scientific,scientific,0.6
640,C,4,gnnexplainer,0.6,-1.6062666177749634,-2.4371559619903564,-1.4455442428588867,-2.1460978984832764,0.539831280708313,0.2910580635070801,0.7005536556243896,0.8308893442153931,0.16072237491607666,-0.2487732172012329,0.16072237491607666,38,16,0.5789473684210527,run_04_s60_scientific,scientific,0.6
640,C,5,gnnexplainer,0.6,-1.0578246116638184,-3.1927616596221924,-0.866963267326355,-1.4114511013031006,0.3536264896392822,1.7813105583190918,0.5444878339767456,2.134937047958374,0.19086134433746338,1.4276840686798096,0.19086134433746338,38,16,0.5789473684210527,run_04_s60_scientific,scientific,0.6
640,C,6,gnnexplainer,0.6,-0.47932881116867065,-2.15474271774292,-0.5163792967796326,-0.6109034419059753,0.1315746307373047,1.5438392758369446,0.09452414512634277,1.6754139065742493,0.037050485610961914,1.41226464509964,-0.037050485610961914,38,16,0.5789473684210527,run_04_s60_scientific,scientific,0.6
650,H,0,gnnexplainer,0.6,-0.034940771758556366,-0.0896635353565216,-0.04731350392103195,-0.047470711171627045,0.012529939413070679,0.04219282418489456,0.00015720725059509277,0.05472276359796524,0.012372732162475586,0.029662884771823883,-0.012372732162475586,40,16,0.6,run_04_s60_scientific,scientific,0.6
650,H,1,gnnexplainer,0.6,-0.06100916862487793,-0.09941364824771881,-0.08144348859786987,-0.0373387411236763,0.02367042750120163,0.06207490712404251,0.04410474747419357,0.03840447962284088,0.020434319972991943,0.03840447962284088,0.020434319972991943,40,16,0.6,run_04_s60_scientific,scientific,0.6
650,H,2,gnnexplainer,0.6,-0.024738125503063202,-0.030431989580392838,-0.024263635277748108,-0.021102281287312508,0.0036358442157506943,0.00932970829308033,0.0031613539904356003,0.005693864077329636,0.000474490225315094,0.005693864077329636,-0.000474490225315094,40,16,0.6,run_04_s60_scientific,scientific,0.6
650,H,3,gnnexplainer,0.6,-0.10827633738517761,-0.10479779541492462,-0.11582491546869278,-0.09628623723983765,0.011990100145339966,0.008511558175086975,0.019538678228855133,0.0034785419702529907,0.007548578083515167,-0.0034785419702529907,0.007548578083515167,40,16,0.6,run_04_s60_scientific,scientific,0.6
650,H,4,gnnexplainer,0.6,-0.05421527847647667,-0.03227224946022034,-0.0573502853512764,-0.1060146912932396,0.051799412816762924,0.07374244183301926,0.048664405941963196,0.021943029016256332,0.0031350068747997284,0.021943029016256332,-0.0031350068747997284,40,16,0.6,run_04_s60_scientific,scientific,0.6
650,H,5,gnnexplainer,0.6,-0.0340970978140831,-0.05458483844995499,-0.032667163759469986,-0.045926790684461594,0.011829692870378494,0.008658047765493393,0.013259626924991608,0.020487740635871887,0.0014299340546131134,-0.0031716451048851013,0.0014299340546131134,40,16,0.6,run_04_s60_scientific,scientific,0.6
650,H,6,gnnexplainer,0.6,-0.023676138371229172,-0.019770555198192596,-0.03948579356074333,-0.01910228095948696,0.00457385741174221,0.0006682742387056351,0.02038351260125637,0.0039055831730365753,0.01580965518951416,-0.0039055831730365753,0.01580965518951416,40,16,0.6,run_04_s60_scientific,scientific,0.6
650,H,7,gnnexplainer,0.6,-0.05934511870145798,-0.09984491020441055,-0.06269209831953049,-0.03475097194314003,0.024594146758317947,0.06509393826127052,0.027941126376390457,0.040499791502952576,0.0033469796180725098,0.040499791502952576,0.0033469796180725098,40,16,0.6,run_04_s60_scientific,scientific,0.6
650,H,8,gnnexplainer,0.6,-0.03394071012735367,-0.05227551609277725,-0.040085047483444214,-0.04692678898572922,0.01298607885837555,0.005348727107048035,0.006841741502285004,0.018334805965423584,0.006144337356090546,-0.007637351751327515,-0.006144337356090546,40,16,0.6,run_04_s60_scientific,scientific,0.6
650,H,9,gnnexplainer,0.6,-0.05895303934812546,-0.09260600805282593,-0.054966069757938385,-0.03479496389627457,0.02415807545185089,0.05781104415655136,0.02017110586166382,0.03365296870470047,0.003986969590187073,0.03365296870470047,-0.003986969590187073,40,16,0.6,run_04_s60_scientific,scientific,0.6
650,H,10,gnnexplainer,0.6,-0.023587524890899658,-0.0437001958489418,-0.037941161543130875,-0.020102281123399734,0.0034852437674999237,0.02359791472554207,0.01783888041973114,0.020112670958042145,0.014353636652231216,0.020112670958042145,0.014353636652231216,40,16,0.6,run_04_s60_scientific,scientific,0.6
650,H,11,gnnexplainer,0.6,-0.10841157287359238,-0.0922423005104065,-0.12362732738256454,-0.09524228423833847,0.013169288635253906,0.0029999837279319763,0.028385043144226074,0.016169272363185883,0.015215754508972168,-0.01016930490732193,0.015215754508972168,40,16,0.6,run_04_s60_scientific,scientific,0.6
650,H,12,gnnexplainer,0.6,-0.05435436591506004,-0.04036349803209305,-0.04888063296675682,-0.10497073829174042,0.050616372376680374,0.06460724025964737,0.0560901053249836,0.013990867882966995,0.005473732948303223,0.013990867882966995,0.005473732948303223,40,16,0.6,run_04_s60_scientific,scientific,0.6
650,H,13,gnnexplainer,0.6,-0.06090754270553589,-0.10156624764204025,-0.06671689450740814,-0.03579496219754219,0.025112580507993698,0.06577128544449806,0.03092193230986595,0.040658704936504364,0.005809351801872253,0.040658704936504364,0.005809351801872253,40,16,0.6,run_04_s60_scientific,scientific,0.6
650,H,14,gnnexplainer,0.6,-0.03507107496261597,-0.06247786059975624,-0.04057023301720619,-0.04792679101228714,0.012855716049671173,0.014551069587469101,0.007356557995080948,0.027406785637140274,0.005499158054590225,0.0016953535377979279,-0.005499158054590225,40,16,0.6,run_04_s60_scientific,scientific,0.6
650,H,15,gnnexplainer,0.6,-0.024672776460647583,-0.027175627648830414,-0.033238351345062256,-0.01910228095948696,0.005570495501160622,0.008073346689343452,0.014136070385575294,0.002502851188182831,0.008565574884414673,0.002502851188182831,0.008565574884414673,40,16,0.6,run_04_s60_scientific,scientific,0.6
650,C,0,gnnexplainer,0.6,-0.6039972305297852,-2.3098058700561523,-0.3268239498138428,-0.7945148944854736,0.19051766395568848,1.5152909755706787,0.46769094467163086,1.7058086395263672,0.2771732807159424,1.3247733116149902,0.2771732807159424,40,16,0.6,run_04_s60_scientific,scientific,0.6
650,C,1,gnnexplainer,0.6,-0.9427768588066101,-3.1511685848236084,-0.450156569480896,-1.2854688167572021,0.34269195795059204,1.8656997680664062,0.8353122472763062,2.2083917260169983,0.4926202893257141,1.5230078101158142,0.4926202893257141,40,16,0.6,run_04_s60_scientific,scientific,0.6
650,C,2,gnnexplainer,0.6,-0.6430948376655579,-2.101407289505005,-0.26239264011383057,-0.7869271636009216,0.14383232593536377,1.3144801259040833,0.5245345234870911,1.458312451839447,0.3807021975517273,1.1706477999687195,0.3807021975517273,40,16,0.6,run_04_s60_scientific,scientific,0.6
650,C,3,gnnexplainer,0.6,-0.6416166424751282,-2.339092254638672,-0.6417335867881775,-0.7869707942008972,0.14535415172576904,1.5521214604377747,0.14523720741271973,1.6974756121635437,0.0001169443130493164,1.4067673087120056,-0.0001169443130493164,40,16,0.6,run_04_s60_scientific,scientific,0.6
650,C,4,gnnexplainer,0.6,-0.942050039768219,-3.718583583831787,-0.7669572830200195,-1.282924771308899,0.34087473154067993,2.435658812522888,0.5159674882888794,2.776533544063568,0.17509275674819946,2.0947840809822083,0.17509275674819946,40,16,0.6,run_04_s60_scientific,scientific,0.6
650,C,5,gnnexplainer,0.6,-0.60410076379776,-2.265197515487671,-0.923637330532074,-0.7939702272415161,0.1898694634437561,1.4712272882461548,0.12966710329055786,1.6610967516899109,0.31953656673431396,1.2813578248023987,-0.06020236015319824,40,16,0.6,run_04_s60_scientific,scientific,0.6
740,H,1,gnnexplainer,0.6,-0.026137936860322952,-0.06170583516359329,-0.033388957381248474,0.03481113538146019,0.06094907224178314,0.09651697054505348,0.06820009276270866,0.03556789830327034,0.007251020520925522,0.03556789830327034,0.007251020520925522,34,14,0.5882352941176471,run_04_s60_scientific,scientific,0.6
740,H,2,gnnexplainer,0.6,-0.04452488198876381,-0.09374172985553741,-0.05168868601322174,-0.0694003626704216,0.02487548068165779,0.024341367185115814,0.01771167665719986,0.049216847866773605,0.0071638040244579315,-0.0005341134965419769,-0.0071638040244579315,34,14,0.5882352941176471,run_04_s60_scientific,scientific,0.6
740,H,3,gnnexplainer,0.6,-0.04864649474620819,-0.09346644580364227,-0.04795194789767265,-0.03524171933531761,0.01340477541089058,0.05822472646832466,0.012710228562355042,0.04481995105743408,0.0006945468485355377,0.04481995105743408,-0.0006945468485355377,34,14,0.5882352941176471,run_04_s60_scientific,scientific,0.6
740,H,4,gnnexplainer,0.6,-0.044288262724876404,-0.08800318837165833,-0.05201748013496399,-0.06663717329502106,0.022348910570144653,0.021366015076637268,0.014619693160057068,0.04371492564678192,0.0077292174100875854,-0.0009828954935073853,-0.0077292174100875854,34,14,0.5882352941176471,run_04_s60_scientific,scientific,0.6
740,H,5,gnnexplainer,0.6,-0.02385552227497101,-0.06554533541202545,-0.03114086017012596,0.03422334045171738,0.058078862726688385,0.09976867586374283,0.06536420062184334,0.04168981313705444,0.007285337895154953,0.04168981313705444,0.007285337895154953,34,14,0.5882352941176471,run_04_s60_scientific,scientific,0.6
740,H,6,gnnexplainer,0.6,-0.046978406608104706,-0.10368156433105469,-0.04884599149227142,-0.03061004728078842,0.016368359327316284,0.07307151705026627,0.018235944211483,0.05670315772294998,0.0018675848841667175,0.05670315772294998,0.0018675848841667175,34,14,0.5882352941176471,run_04_s60_scientific,scientific,0.6
740,H,9,gnnexplainer,0.6,-0.04696982726454735,-0.07748746126890182,-0.05318625643849373,-0.11217248439788818,0.06520265713334084,0.03468502312898636,0.058986227959394455,0.030517634004354477,0.006216429173946381,-0.030517634004354477,-0.006216429173946381,34,14,0.5882352941176471,run_04_s60_scientific,scientific,0.6
740,H,10,gnnexplainer,0.6,-0.046655893325805664,-0.0903509110212326,-0.050896212458610535,-0.10799708962440491,0.06134119629859924,0.017646178603172302,0.05710087716579437,0.04369501769542694,0.004240319132804871,-0.04369501769542694,-0.004240319132804871,34,14,0.5882352941176471,run_04_s60_scientific,scientific,0.6
740,H,11,gnnexplainer,0.6,-0.03764323145151138,-0.056716982275247574,-0.03156447038054466,0.028855061158537865,0.06649829261004925,0.08557204343378544,0.06041953153908253,0.01907375082373619,0.006078761070966721,0.01907375082373619,-0.006078761070966721,34,14,0.5882352941176471,run_04_s60_scientific,scientific,0.6
740,C,0,gnnexplainer,0.6,0.018430694937705994,-3.2835841178894043,-0.03176708519458771,0.41184088587760925,0.39341019093990326,3.6954250037670135,0.44360797107219696,3.3020148128271103,0.0501977801322937,3.3020148128271103,0.0501977801322937,34,14,0.5882352941176471,run_04_s60_scientific,scientific,0.6
740,C,1,gnnexplainer,0.6,0.007801875472068787,-3.0638773441314697,-0.2498614490032196,0.3751834034919739,0.3673815280199051,3.4390607476234436,0.6250448524951935,3.0716792196035385,0.2576633244752884,3.0716792196035385,0.2576633244752884,34,14,0.5882352941176471,run_04_s60_scientific,scientific,0.6
740,C,2,gnnexplainer,0.6,-0.3508378267288208,-2.5586671829223633,-0.24520185589790344,0.5169197916984558,0.8677576184272766,3.075586974620819,0.7621216475963593,2.2078293561935425,0.10563597083091736,2.2078293561935425,-0.10563597083091736,34,14,0.5882352941176471,run_04_s60_scientific,scientific,0.6
50,H,0,gnnexplainer,0.7,-0.18866461515426636,-0.056174132972955704,-0.18071968853473663,-0.18572446703910828,0.002940148115158081,0.12955033406615257,0.005004778504371643,0.13249048218131065,0.007944926619529724,0.1266101859509945,0.002064630389213562,30,10,0.6666666666666667,run_05_s70_zero,zero,0.7
50,H,1,gnnexplainer,0.7,-0.19408667087554932,-0.08124204725027084,-0.1851550042629242,-0.1745053380727768,0.019581332802772522,0.09326329082250595,0.0106496661901474,0.11284462362527847,0.008931666612625122,0.07368195801973343,-0.008931666612625122,30,10,0.6666666666666667,run_05_s70_zero,zero,0.7
50,H,2,gnnexplainer,0.7,-0.13721123337745667,-0.05111543461680412,-0.10300314426422119,-0.1240059956908226,0.013205237686634064,0.07289056107401848,0.02100285142660141,0.08609579876065254,0.034208089113235474,0.059685323387384415,0.007797613739967346,30,10,0.6666666666666667,run_05_s70_zero,zero,0.7
50,H,3,gnnexplainer,0.7,-0.06269896030426025,-0.07340081036090851,-0.054644204676151276,-0.029461706057190895,0.03323725424706936,0.04393910430371761,0.02518249861896038,0.010701850056648254,0.008054755628108978,0.010701850056648254,-0.008054755628108978,30,10,0.6666666666666667,run_05_s70_zero,zero,0.7
50,H,4,gnnexplainer,0.7,-0.05592544749379158,-0.07837852835655212,-0.06656961888074875,-0.08866342157125473,0.03273797407746315,0.010284893214702606,0.02209380269050598,0.022453080862760544,0.010644171386957169,-0.022453080862760544,-0.010644171386957169,30,10,0.6666666666666667,run_05_s70_zero,zero,0.7
50,H,5,gnnexplainer,0.7,-0.08462868630886078,-0.07071930915117264,-0.11049407720565796,-0.06410186737775803,0.020526818931102753,0.006617441773414612,0.04639220982789993,0.013909377157688141,0.02586539089679718,-0.013909377157688141,0.02586539089679718,30,10,0.6666666666666667,run_05_s70_zero,zero,0.7
50,H,6,gnnexplainer,0.7,-0.33054494857788086,-0.13738715648651123,-0.38457220792770386,-0.3011716902256012,0.029373258352279663,0.16378453373908997,0.08340051770210266,0.19315779209136963,0.054027259349823,0.1344112753868103,0.054027259349823,30,10,0.6666666666666667,run_05_s70_zero,zero,0.7
50,H,7,gnnexplainer,0.7,-0.3257949948310852,-0.14910869300365448,-0.3581674098968506,-0.362988144159317,0.03719314932823181,0.21387945115566254,0.004820734262466431,0.17668630182743073,0.03237241506576538,0.17668630182743073,-0.03237241506576538,30,10,0.6666666666666667,run_05_s70_zero,zero,0.7
50,C,0,gnnexplainer,0.7,-3.4731967449188232,-1.2263957262039185,-3.2335071563720703,-3.638505220413208,0.16530847549438477,2.4121094942092896,0.4049980640411377,2.246801018714905,0.23968958854675293,2.246801018714905,0.23968958854675293,30,10,0.6666666666666667,run_05_s70_zero,zero,0.7
50,C,1,gnnexplainer,0.7,-2.626781463623047,-2.254098653793335,-1.6429213285446167,-2.7032065391540527,0.07642507553100586,0.4491078853607178,1.060285210609436,0.3726828098297119,0.9838601350784302,0.3726828098297119,0.9838601350784302,30,10,0.6666666666666667,run_05_s70_zero,zero,0.7
50,C,2,gnnexplainer,0.7,-2.6187326908111572,-1.8343340158462524,-2.12174391746521,-3.0836172103881836,0.46488451957702637,1.2492831945419312,0.9618732929229736,0.7843986749649048,0.49698877334594727,0.7843986749649048,0.49698877334594727,30,10,0.6666666666666667,run_05_s70_zero,zero,0.7
50,C,3,gnnexplainer,0.7,-12.352452278137207,-9.257725715637207,-9.487947463989258,-11.829119682312012,0.5233325958251953,2.5713939666748047,2.341172218322754,3.0947265625,2.864504814147949,2.0480613708496094,1.8178396224975586,30,10,0.6666666666666667,run_05_s70_zero,zero,0.7
50,C,4,gnnexplainer,0.7,-12.56570053100586,-8.285195350646973,-11.060582160949707,-12.671215057373047,0.1055145263671875,4.386019706726074,1.6106328964233398,4.280505180358887,1.5051183700561523,4.280505180358887,1.5051183700561523,30,10,0.6666666666666667,run_05_s70_zero,zero,0.7
50,C,5,gnnexplainer,0.7,-1.2540905475616455,-1.9094326496124268,-0.7965402603149414,-1.9315294027328491,0.6774388551712036,0.022096753120422363,1.1349891424179077,0.6553421020507812,0.4575502872467041,-0.6553421020507812,0.4575502872467041,30,10,0.6666666666666667,run_05_s70_zero,zero,0.7
170,H,0,gnnexplainer,0.7,-0.08065252006053925,-0.09897474199533463,-0.08786018192768097,-0.026961499825119972,0.05369102023541927,0.07201324217021465,0.060898682102561,0.01832222193479538,0.007207661867141724,0.01832222193479538,0.007207661867141724,42,13,0.6904761904761905,run_05_s70_zero,zero,0.7
170,H,1,gnnexplainer,0.7,-0.08064423501491547,-0.11418449878692627,-0.07978297770023346,-0.027961499989032745,0.05268273502588272,0.08622299879789352,0.051821477711200714,0.0335402637720108,0.0008612573146820068,0.0335402637720108,-0.0008612573146820068,42,13,0.6904761904761905,run_05_s70_zero,zero,0.7
170,H,2,gnnexplainer,0.7,-0.08063553273677826,-0.1124095618724823,-0.08266907930374146,-0.027961499989032745,0.052674032747745514,0.08444806188344955,0.05470757931470871,0.03177402913570404,0.002033546566963196,0.03177402913570404,0.002033546566963196,42,13,0.6904761904761905,run_05_s70_zero,zero,0.7
170,H,3,gnnexplainer,0.7,-0.08062697947025299,-0.10623394697904587,-0.08738147467374802,-0.026961499825119972,0.05366547964513302,0.0792724471539259,0.060419974848628044,0.025606967508792877,0.006754495203495026,0.025606967508792877,0.006754495203495026,42,13,0.6904761904761905,run_05_s70_zero,zero,0.7
170,H,4,gnnexplainer,0.7,-0.07791470736265182,-0.10551071912050247,-0.06587112694978714,-0.027961499989032745,0.04995320737361908,0.07754921913146973,0.037909626960754395,0.027596011757850647,0.012043580412864685,0.027596011757850647,-0.012043580412864685,42,13,0.6904761904761905,run_05_s70_zero,zero,0.7
170,H,5,gnnexplainer,0.7,-0.07790467888116837,-0.08872628211975098,-0.0904812440276146,-0.026961499825119972,0.05094317905604839,0.061764782294631004,0.06351974420249462,0.010821603238582611,0.012576565146446228,0.010821603238582611,0.012576565146446228,42,13,0.6904761904761905,run_05_s70_zero,zero,0.7
170,H,6,gnnexplainer,0.7,-0.07790350168943405,-0.1038435846567154,-0.07526716589927673,-0.026961499825119972,0.05094200186431408,0.07688208483159542,0.04830566607415676,0.02594008296728134,0.002636335790157318,0.02594008296728134,-0.002636335790157318,42,13,0.6904761904761905,run_05_s70_zero,zero,0.7
170,H,7,gnnexplainer,0.7,-0.07790827751159668,-0.10768219828605652,-0.07324980199337006,-0.02896150015294552,0.04894677735865116,0.078720698133111,0.04428830184042454,0.02977392077445984,0.0046584755182266235,0.02977392077445984,-0.0046584755182266235,42,13,0.6904761904761905,run_05_s70_zero,zero,0.7
170,H,8,gnnexplainer,0.7,-0.07964935898780823,-0.10209666937589645,-0.08560124039649963,-0.02691764011979103,0.0527317188680172,0.07517902925610542,0.0586836002767086,0.022447310388088226,0.005951881408691406,0.022447310388088226,0.005951881408691406,42,13,0.6904761904761905,run_05_s70_zero,zero,0.7
170,H,9,gnnexplainer,0.7,-0.0796414166688919,-0.0989040732383728,-0.07089835405349731,-0.025917639955878258,0.05372377671301365,0.07298643328249454,0.04498071409761906,0.019262656569480896,0.008743062615394592,0.019262656569480896,-0.008743062615394592,42,13,0.6904761904761905,run_05_s70_zero,zero,0.7
170,H,10,gnnexplainer,0.7,-0.07964157313108444,-0.0996585339307785,-0.08911482989788055,-0.025917639955878258,0.053723933175206184,0.07374089397490025,0.0631971899420023,0.02001696079969406,0.009473256766796112,0.02001696079969406,0.009473256766796112,42,13,0.6904761904761905,run_05_s70_zero,zero,0.7
170,H,11,gnnexplainer,0.7,-0.07965811342000961,-0.10655686259269714,-0.07755720615386963,-0.02896150015294552,0.050696613267064095,0.07759536243975163,0.04859570600092411,0.02689874917268753,0.002100907266139984,0.02689874917268753,-0.002100907266139984,42,13,0.6904761904761905,run_05_s70_zero,zero,0.7
170,C,0,gnnexplainer,0.7,-2.0284276008605957,-2.564720630645752,-1.6475269794464111,-2.175614595413208,0.1471869945526123,0.38910603523254395,0.5280876159667969,0.5362930297851562,0.38090062141418457,0.24191904067993164,0.38090062141418457,42,13,0.6904761904761905,run_05_s70_zero,zero,0.7
170,C,1,gnnexplainer,0.7,-2.0285582542419434,-2.7389001846313477,-1.3348520994186401,-2.1761586666107178,0.14760041236877441,0.5627415180206299,0.8413065671920776,0.7103419303894043,0.6937061548233032,0.41514110565185547,0.6937061548233032,42,13,0.6904761904761905,run_05_s70_zero,zero,0.7
170,C,2,gnnexplainer,0.7,-2.1927924156188965,-2.9890856742858887,-1.8364561796188354,-2.1926145553588867,0.00017786026000976562,0.796471118927002,0.35615837574005127,0.7962932586669922,0.35633623600006104,0.7962932586669922,0.3559805154800415,42,13,0.6904761904761905,run_05_s70_zero,zero,0.7
170,C,3,gnnexplainer,0.7,-2.1926939487457275,-2.747236728668213,-2.201192855834961,-2.179614543914795,0.013079404830932617,0.567622184753418,0.021578311920166016,0.5545427799224854,0.008498907089233398,0.5545427799224854,0.008498907089233398,42,13,0.6904761904761905,run_05_s70_zero,zero,0.7
170,C,4,gnnexplainer,0.7,-2.0527212619781494,-2.3485758304595947,-1.655563473701477,-2.1881580352783203,0.1354367733001709,0.16041779518127441,0.5325945615768433,0.2958545684814453,0.39715778827667236,0.024981021881103516,0.39715778827667236,42,13,0.6904761904761905,run_05_s70_zero,zero,0.7
170,C,5,gnnexplainer,0.7,-2.0526702404022217,-2.511747360229492,-1.9293731451034546,-2.174614429473877,0.12194418907165527,0.33713293075561523,0.24524128437042236,0.4590771198272705,0.12329709529876709,0.21518874168395996,0.12329709529876709,42,13,0.6904761904761905,run_05_s70_zero,zero,0.7
270,H,0,gnnexplainer,0.7,-0.06326740980148315,-0.05496206879615784,-0.08514885604381561,-0.04426804184913635,0.018999367952346802,0.010694026947021484,0.04088081419467926,0.008305341005325317,0.02188144624233246,-0.008305341005325317,0.02188144624233246,22,7,0.6818181818181819,run_05_s70_zero,zero,0.7
270,H,1,gnnexplainer,0.7,-0.06325238198041916,-0.038789890706539154,-0.0676899403333664,-0.04426804184913635,0.018984340131282806,0.0054781511425971985,0.02342189848423004,0.024462491273880005,0.004437558352947235,-0.013506188988685608,0.004437558352947235,22,7,0.6818181818181819,run_05_s70_zero,zero,0.7
270,H,2,gnnexplainer,0.7,-0.11182482540607452,-0.1262540966272354,-0.09900233894586563,-0.1254609227180481,0.013636097311973572,0.0007931739091873169,0.026458583772182465,0.014429271221160889,0.012822486460208893,-0.012842923402786255,0.012822486460208893,22,7,0.6818181818181819,run_05_s70_zero,zero,0.7
270,H,3,gnnexplainer,0.7,-0.11181138455867767,-0.14611610770225525,-0.12669029831886292,-0.12491703033447266,0.013105645775794983,0.021199077367782593,0.0017732679843902588,0.034304723143577576,0.014878913760185242,0.00809343159198761,-0.011332377791404724,22,7,0.6818181818181819,run_05_s70_zero,zero,0.7
270,H,4,gnnexplainer,0.7,-0.11182227730751038,-0.12245853245258331,-0.11455254256725311,-0.12646092474460602,0.014638647437095642,0.004002392292022705,0.011908382177352905,0.010636255145072937,0.002730265259742737,-0.010636255145072937,-0.002730265259742737,22,7,0.6818181818181819,run_05_s70_zero,zero,0.7
270,H,5,gnnexplainer,0.7,-0.11181676387786865,-0.10675927996635437,-0.12310945987701416,-0.12591703236103058,0.014100268483161926,0.01915775239467621,0.0028075724840164185,0.005057483911514282,0.011292695999145508,0.005057483911514282,-0.011292695999145508,22,7,0.6818181818181819,run_05_s70_zero,zero,0.7
270,C,0,gnnexplainer,0.7,-0.8327508568763733,-4.619737148284912,-0.7690081596374512,-0.4850490391254425,0.3477018177509308,4.13468810915947,0.28395912051200867,3.786986291408539,0.06374269723892212,3.786986291408539,-0.06374269723892212,22,7,0.6818181818181819,run_05_s70_zero,zero,0.7
270,C,1,gnnexplainer,0.7,-3.084488868713379,-2.9878199100494385,-2.311843156814575,-2.464503288269043,0.6199855804443359,0.5233166217803955,0.15266013145446777,0.09666895866394043,0.7726457118988037,-0.09666895866394043,-0.46732544898986816,22,7,0.6818181818181819,run_05_s70_zero,zero,0.7
270,C,2,gnnexplainer,0.7,-14.785540580749512,-12.569150924682617,-10.886250495910645,-16.523923873901367,1.7383832931518555,3.95477294921875,5.637673377990723,2.2163896560668945,3.899290084838867,2.2163896560668945,3.899290084838867,22,7,0.6818181818181819,run_05_s70_zero,zero,0.7
270,C,3,gnnexplainer,0.7,-3.084531784057617,-3.394758701324463,-2.6738758087158203,-2.4825034141540527,0.6020283699035645,0.9122552871704102,0.19137239456176758,0.3102269172668457,0.4106559753417969,0.3102269172668457,-0.4106559753417969,22,7,0.6818181818181819,run_05_s70_zero,zero,0.7
330,H,0,gnnexplainer,0.7,-0.05332114174962044,-0.11081250011920929,-0.06659376621246338,-0.03665326535701752,0.01666787639260292,0.07415923476219177,0.029940500855445862,0.05749135836958885,0.013272624462842941,0.05749135836958885,0.013272624462842941,22,7,0.6818181818181819,run_05_s70_zero,zero,0.7
330,H,1,gnnexplainer,0.7,-0.04627763852477074,-0.05511075258255005,-0.07663425803184509,-0.05347871407866478,0.007201075553894043,0.0016320385038852692,0.023155543953180313,0.008833114057779312,0.030356619507074356,-0.005569037050008774,0.01595446839928627,22,7,0.6818181818181819,run_05_s70_zero,zero,0.7
330,H,2,gnnexplainer,0.7,-0.04633069783449173,-0.045849185436964035,-0.07188913226127625,-0.052478715777397156,0.006148017942905426,0.006629530340433121,0.01941041648387909,0.0004815123975276947,0.025558434426784515,0.0004815123975276947,0.013262398540973663,22,7,0.6818181818181819,run_05_s70_zero,zero,0.7
330,H,3,gnnexplainer,0.7,-0.018737804144620895,-0.07020492851734161,-0.060822319239377975,-0.028382685035467148,0.009644880890846252,0.041822243481874466,0.03243963420391083,0.05146712437272072,0.04208451509475708,0.032177362591028214,0.022794753313064575,22,7,0.6818181818181819,run_05_s70_zero,zero,0.7
330,H,4,gnnexplainer,0.7,-0.01875194162130356,-0.03872530162334442,-0.063262440264225,-0.02938268519937992,0.010630743578076363,0.0093426164239645,0.033879755064845085,0.019973360002040863,0.04451049864292145,-0.0012881271541118622,0.023249011486768723,22,7,0.6818181818181819,run_05_s70_zero,zero,0.7
330,H,5,gnnexplainer,0.7,-0.08483874797821045,-0.12489093840122223,-0.08542363345623016,-0.05086393281817436,0.03397481516003609,0.07402700558304787,0.0345597006380558,0.04005219042301178,0.0005848854780197144,0.04005219042301178,0.0005848854780197144,22,7,0.6818181818181819,run_05_s70_zero,zero,0.7
330,H,6,gnnexplainer,0.7,-0.14934495091438293,-0.10712861269712448,-0.12144948542118073,-0.19063477218151093,0.04128982126712799,0.08350615948438644,0.0691852867603302,0.04221633821725845,0.02789546549320221,0.04221633821725845,0.02789546549320221,22,7,0.6818181818181819,run_05_s70_zero,zero,0.7
330,C,0,gnnexplainer,0.7,-1.6009703874588013,-2.112333059310913,-1.8989055156707764,-1.5042518377304077,0.09671854972839355,0.6080812215805054,0.39465367794036865,0.5113626718521118,0.2979351282119751,0.5113626718521118,0.2979351282119751,22,7,0.6818181818181819,run_05_s70_zero,zero,0.7
330,C,1,gnnexplainer,0.7,-1.3574010133743286,-2.908500909805298,-2.4320125579833984,-1.1874029636383057,0.16999804973602295,1.7210979461669922,1.2446095943450928,1.5510998964309692,1.0746115446090698,1.5510998964309692,1.0746115446090698,22,7,0.6818181818181819,run_05_s70_zero,zero,0.7
330,C,2,gnnexplainer,0.7,-6.480936527252197,-6.1473388671875,-8.01345443725586,-7.547578811645508,1.0666422843933105,1.4002399444580078,0.46587562561035156,0.33359766006469727,1.532517910003662,0.33359766006469727,-0.600766658782959,22,7,0.6818181818181819,run_05_s70_zero,zero,0.7
360,H,0,gnnexplainer,0.7,-0.33236026763916016,-0.14366838335990906,-0.2732642889022827,-0.3191285729408264,0.01323169469833374,0.17546018958091736,0.0458642840385437,0.1886918842792511,0.05909597873687744,0.16222849488258362,0.03263258934020996,24,8,0.6666666666666667,run_05_s70_zero,zero,0.7
360,H,1,gnnexplainer,0.7,-0.342712938785553,-0.13613325357437134,-0.3223400115966797,-0.26153138279914856,0.08118155598640442,0.12539812922477722,0.06080862879753113,0.20657968521118164,0.02037292718887329,0.0442165732383728,-0.02037292718887329,24,8,0.6666666666666667,run_05_s70_zero,zero,0.7
360,H,2,gnnexplainer,0.7,-0.14684848487377167,-0.06123732402920723,-0.13238206505775452,-0.1154087483882904,0.03143973648548126,0.054171424359083176,0.01697331666946411,0.08561116084456444,0.014466419816017151,0.022731687873601913,-0.014466419816017151,24,8,0.6666666666666667,run_05_s70_zero,zero,0.7
360,H,3,gnnexplainer,0.7,-0.14511096477508545,-0.04346516728401184,-0.12501755356788635,-0.14733904600143433,0.002228081226348877,0.10387387871742249,0.022321492433547974,0.10164579749107361,0.020093411207199097,0.10164579749107361,0.020093411207199097,24,8,0.6666666666666667,run_05_s70_zero,zero,0.7
360,H,4,gnnexplainer,0.7,-0.13666847348213196,-0.038204126060009,-0.13594874739646912,-0.11875949054956436,0.017908982932567596,0.08055536448955536,0.017189256846904755,0.09846434742212296,0.0007197260856628418,0.06264638155698776,-0.0007197260856628418,24,8,0.6666666666666667,run_05_s70_zero,zero,0.7
360,H,5,gnnexplainer,0.7,-0.1832352876663208,-0.09157799184322357,-0.201712965965271,-0.16926804184913635,0.013967245817184448,0.07769005000591278,0.032444924116134644,0.09165729582309723,0.018477678298950195,0.06372280418872833,0.018477678298950195,24,8,0.6666666666666667,run_05_s70_zero,zero,0.7
360,H,6,gnnexplainer,0.7,-0.17076992988586426,-0.09036712348461151,-0.15101110935211182,-0.20832136273384094,0.037551432847976685,0.11795423924922943,0.057310253381729126,0.08040280640125275,0.01975882053375244,0.08040280640125275,0.01975882053375244,24,8,0.6666666666666667,run_05_s70_zero,zero,0.7
360,C,0,gnnexplainer,0.7,-3.523756980895996,-2.5010905265808105,-5.126990795135498,-4.043220043182373,0.519463062286377,1.5421295166015625,1.083770751953125,1.0226664543151855,1.603233814239502,1.0226664543151855,0.564307689666748,24,8,0.6666666666666667,run_05_s70_zero,zero,0.7
360,C,1,gnnexplainer,0.7,-14.09076976776123,-9.315528869628906,-10.786395072937012,-14.111479759216309,0.020709991455078125,4.795950889587402,3.325084686279297,4.775240898132324,3.3043746948242188,4.775240898132324,3.3043746948242188,24,8,0.6666666666666667,run_05_s70_zero,zero,0.7
360,C,2,gnnexplainer,0.7,-11.013855934143066,-8.2219877243042,-10.3189697265625,-9.470762252807617,1.5430936813354492,1.248774528503418,0.8482074737548828,2.791868209838867,0.6948862075805664,-0.29431915283203125,-0.6948862075805664,24,8,0.6666666666666667,run_05_s70_zero,zero,0.7
360,C,3,gnnexplainer,0.7,-1.671934723854065,-2.326565742492676,-1.467394471168518,-1.504056692123413,0.16787803173065186,0.8225090503692627,0.03666222095489502,0.6546310186386108,0.20454025268554688,0.6546310186386108,-0.13121581077575684,24,8,0.6666666666666667,run_05_s70_zero,zero,0.7
380,H,0,gnnexplainer,0.7,-0.13993945717811584,-0.05829021334648132,-0.10278189182281494,-0.11915438622236252,0.020785070955753326,0.060864172875881195,0.016372494399547577,0.08164924383163452,0.0371575653553009,0.04007910192012787,-0.0044125765562057495,24,8,0.6666666666666667,run_05_s70_zero,zero,0.7
380,H,1,gnnexplainer,0.7,-0.13264447450637817,-0.085811547935009,-0.11162737011909485,-0.1529437154531479,0.020299240946769714,0.06713216751813889,0.04131634533405304,0.04683292657136917,0.021017104387283325,0.04683292657136917,0.021017104387283325,24,8,0.6666666666666667,run_05_s70_zero,zero,0.7
380,H,2,gnnexplainer,0.7,-0.13482002913951874,-0.09621104598045349,-0.05732801556587219,-0.11749634146690369,0.01732368767261505,0.021285295486450195,0.060168325901031494,0.03860898315906525,0.07749201357364655,0.003961607813835144,0.04284463822841644,24,8,0.6666666666666667,run_05_s70_zero,zero,0.7
380,H,3,gnnexplainer,0.7,-0.1763220578432083,-0.11368220299482346,-0.1753031462430954,-0.2253120243549347,0.04898996651172638,0.11162982136011124,0.050008878111839294,0.06263985484838486,0.001018911600112915,0.06263985484838486,0.001018911600112915,24,8,0.6666666666666667,run_05_s70_zero,zero,0.7
380,H,4,gnnexplainer,0.7,-0.17767122387886047,-0.1063329428434372,-0.18705163896083832,-0.19009250402450562,0.012421280145645142,0.08375956118106842,0.0030408650636672974,0.07133828103542328,0.009380415081977844,0.07133828103542328,-0.009380415081977844,24,8,0.6666666666666667,run_05_s70_zero,zero,0.7
380,H,5,gnnexplainer,0.7,-0.019281115382909775,-0.02017998695373535,-0.007727932184934616,0.054915860295295715,0.07419697567820549,0.07509584724903107,0.06264379248023033,0.0008988715708255768,0.011553183197975159,0.0008988715708255768,-0.011553183197975159,24,8,0.6666666666666667,run_05_s70_zero,zero,0.7
380,H,6,gnnexplainer,0.7,-0.02779546007514,-0.09538770467042923,-0.03118385374546051,-0.026584316045045853,0.0012111440300941467,0.06880338862538338,0.004599537700414658,0.06759224459528923,0.003388393670320511,0.06759224459528923,0.003388393670320511,24,8,0.6666666666666667,run_05_s70_zero,zero,0.7
380,H,7,gnnexplainer,0.7,-0.025298241525888443,-0.03259682282805443,-0.019674427807331085,-0.0037771498318761587,0.021521091694012284,0.02881967299617827,0.015897277975454926,0.007298581302165985,0.005623813718557358,0.007298581302165985,-0.005623813718557358,24,8,0.6666666666666667,run_05_s70_zero,zero,0.7
380,C,0,gnnexplainer,0.7,-0.011481314897537231,-2.383876323699951,-0.22022612392902374,0.17328409850597382,0.18476541340351105,2.557160422205925,0.39351022243499756,2.372395008802414,0.2087448090314865,2.372395008802414,0.2087448090314865,24,8,0.6666666666666667,run_05_s70_zero,zero,0.7
380,C,1,gnnexplainer,0.7,-2.963667631149292,-2.2296106815338135,-3.3649065494537354,-2.9316675662994385,0.032000064849853516,0.702056884765625,0.4332389831542969,0.7340569496154785,0.40123891830444336,0.6700568199157715,0.40123891830444336,24,8,0.6666666666666667,run_05_s70_zero,zero,0.7
380,C,2,gnnexplainer,0.7,-15.949727058410645,-9.458205223083496,-16.57499122619629,-16.425132751464844,0.4754056930541992,6.966927528381348,0.1498584747314453,6.491521835327148,0.6252641677856445,6.491521835327148,-0.3255472183227539,24,8,0.6666666666666667,run_05_s70_zero,zero,0.7
380,C,3,gnnexplainer,0.7,-1.695212483406067,-2.5506532192230225,-1.0518500804901123,-1.3898565769195557,0.30535590648651123,1.1607966423034668,0.33800649642944336,0.8554407358169556,0.6433624029159546,0.8554407358169556,0.03265058994293213,24,8,0.6666666666666667,run_05_s70_zero,zero,0.7
450,H,0,gnnexplainer,0.7,-0.04355114698410034,-0.03057204559445381,-0.05220617726445198,0.03275012969970703,0.07630127668380737,0.06332217529416084,0.08495630696415901,0.01297910138964653,0.008655030280351639,-0.01297910138964653,0.008655030280351639,30,10,0.6666666666666667,run_05_s70_zero,zero,0.7
450,H,1,gnnexplainer,0.7,-0.06927318125963211,-0.032138701528310776,-0.06721747666597366,-0.0715140700340271,0.002240888774394989,0.039375368505716324,0.004296593368053436,0.037134479731321335,0.0020557045936584473,0.037134479731321335,0.0020557045936584473,30,10,0.6666666666666667,run_05_s70_zero,zero,0.7
450,H,2,gnnexplainer,0.7,-0.06935058534145355,-0.04965658113360405,-0.05558164417743683,-0.07355805486440659,0.0042074695229530334,0.023901473730802536,0.017976410686969757,0.019694004207849503,0.013768941164016724,0.019694004207849503,0.013768941164016724,30,10,0.6666666666666667,run_05_s70_zero,zero,0.7
450,H,3,gnnexplainer,0.7,-0.14339891076087952,-0.1253906786441803,-0.16986170411109924,-0.23171529173851013,0.08831638097763062,0.10632461309432983,0.06185358762741089,0.01800823211669922,0.026462793350219727,0.01800823211669922,-0.026462793350219727,30,10,0.6666666666666667,run_05_s70_zero,zero,0.7
450,C,0,gnnexplainer,0.7,-5.920004844665527,-4.182650089263916,-6.259477138519287,-7.761427879333496,1.8414230346679688,3.57877779006958,1.501950740814209,1.7373547554016113,0.33947229385375977,1.7373547554016113,-0.33947229385375977,30,10,0.6666666666666667,run_05_s70_zero,zero,0.7
450,C,1,gnnexplainer,0.7,-8.008285522460938,-5.350456714630127,-7.663171768188477,-9.08093547821045,1.0726499557495117,3.7304787635803223,1.4177637100219727,2.6578288078308105,0.34511375427246094,2.6578288078308105,0.34511375427246094,30,10,0.6666666666666667,run_05_s70_zero,zero,0.7
450,C,2,gnnexplainer,0.7,-0.7208598256111145,-2.1758930683135986,-0.5124196410179138,-0.7991183996200562,0.07825857400894165,1.3767746686935425,0.28669875860214233,1.4550332427024841,0.20844018459320068,1.2985160946846008,0.20844018459320068,30,10,0.6666666666666667,run_05_s70_zero,zero,0.7
450,C,3,gnnexplainer,0.7,-5.4790120124816895,-5.382349491119385,-4.726589679718018,-5.140366077423096,0.33864593505859375,0.24198341369628906,0.4137763977050781,0.09666252136230469,0.7524223327636719,-0.09666252136230469,0.07513046264648438,30,10,0.6666666666666667,run_05_s70_zero,zero,0.7
450,C,4,gnnexplainer,0.7,-3.9353888034820557,-2.8132286071777344,-3.4048333168029785,-3.6308069229125977,0.304581880569458,0.8175783157348633,0.22597360610961914,1.1221601963043213,0.5305554866790771,0.5129964351654053,-0.07860827445983887,30,10,0.6666666666666667,run_05_s70_zero,zero,0.7
490,H,0,gnnexplainer,0.7,-0.17315952479839325,-0.12025167793035507,-0.15656223893165588,-0.23058383166790009,0.057424306869506836,0.11033215373754501,0.0740215927362442,0.05290784686803818,0.016597285866737366,0.05290784686803818,0.016597285866737366,30,10,0.6666666666666667,run_05_s70_zero,zero,0.7
490,H,1,gnnexplainer,0.7,-0.15685632824897766,-0.09856946021318436,-0.18867450952529907,-0.249619260430336,0.09276293218135834,0.15104980021715164,0.060944750905036926,0.058286868035793304,0.03181818127632141,0.058286868035793304,-0.03181818127632141,30,10,0.6666666666666667,run_05_s70_zero,zero,0.7
490,H,2,gnnexplainer,0.7,-0.18034976720809937,-0.1130056083202362,-0.17906755208969116,-0.26599687337875366,0.0856471061706543,0.15299126505851746,0.0869293212890625,0.06734415888786316,0.0012822151184082031,0.06734415888786316,0.0012822151184082031,30,10,0.6666666666666667,run_05_s70_zero,zero,0.7
490,H,5,gnnexplainer,0.7,-0.12873896956443787,-0.05870705842971802,-0.11972800642251968,-0.1509436070919037,0.02220463752746582,0.09223654866218567,0.031215600669384003,0.07003191113471985,0.009010963141918182,0.07003191113471985,0.009010963141918182,30,10,0.6666666666666667,run_05_s70_zero,zero,0.7
490,H,6,gnnexplainer,0.7,-0.12632957100868225,-0.08596980571746826,-0.05208735913038254,-0.1284528225660324,0.0021232515573501587,0.04248301684856415,0.07636546343564987,0.04035976529121399,0.07424221187829971,0.04035976529121399,0.07424221187829971,30,10,0.6666666666666667,run_05_s70_zero,zero,0.7
490,C,0,gnnexplainer,0.7,-3.129530668258667,-2.486776828765869,-4.260141849517822,-4.111388683319092,0.9818580150604248,1.6246118545532227,0.14875316619873047,0.6427538394927979,1.1306111812591553,0.6427538394927979,-0.8331048488616943,30,10,0.6666666666666667,run_05_s70_zero,zero,0.7
490,C,1,gnnexplainer,0.7,-15.582393646240234,-13.322548866271973,-13.26870059967041,-16.991817474365234,1.409423828125,3.6692686080932617,3.723116874694824,2.2598447799682617,2.313693046569824,2.2598447799682617,2.313693046569824,30,10,0.6666666666666667,run_05_s70_zero,zero,0.7
490,C,2,gnnexplainer,0.7,-3.881084442138672,-2.7401790618896484,-5.081327438354492,-4.111124038696289,0.2300395965576172,1.3709449768066406,0.9702033996582031,1.1409053802490234,1.2002429962158203,1.1409053802490234,0.7401638031005859,30,10,0.6666666666666667,run_05_s70_zero,zero,0.7
490,C,3,gnnexplainer,0.7,-2.2796802520751953,-2.4353411197662354,-3.0446128845214844,-3.4353280067443848,1.1556477546691895,0.9999868869781494,0.3907151222229004,0.15566086769104004,0.7649326324462891,-0.15566086769104004,-0.7649326324462891,30,10,0.6666666666666667,run_05_s70_zero,zero,0.7
510,H,0,gnnexplainer,0.7,-0.0641452819108963,-0.08390098810195923,-0.061523694545030594,-0.06858395785093307,0.004438675940036774,0.015317030251026154,0.007060263305902481,0.019755706191062927,0.0026215873658657074,0.01087835431098938,0.0026215873658657074,38,12,0.6842105263157895,run_05_s70_zero,zero,0.7
510,H,1,gnnexplainer,0.7,-0.07207746058702469,-0.07353375852108002,-0.0761040672659874,-0.10737372934818268,0.03529626876115799,0.03383997082710266,0.03126966208219528,0.0014562979340553284,0.0040266066789627075,-0.0014562979340553284,-0.0040266066789627075,38,12,0.6842105263157895,run_05_s70_zero,zero,0.7
510,H,2,gnnexplainer,0.7,-0.054743897169828415,-0.08954834938049316,-0.0736602395772934,-0.030469827353954315,0.0242740698158741,0.05907852202653885,0.04319041222333908,0.03480445221066475,0.01891634240746498,0.03480445221066475,0.01891634240746498,38,12,0.6842105263157895,run_05_s70_zero,zero,0.7
510,H,3,gnnexplainer,0.7,-0.0725153461098671,-0.10724768042564392,-0.07617475837469101,-0.1194084882736206,0.04689314216375351,0.012160807847976685,0.043233729898929596,0.034732334315776825,0.0036594122648239136,-0.034732334315776825,-0.0036594122648239136,38,12,0.6842105263157895,run_05_s70_zero,zero,0.7
510,H,4,gnnexplainer,0.7,-0.06956268846988678,-0.10807374864816666,-0.08190127462148666,-0.058769065886735916,0.010793622583150864,0.04930468276143074,0.023132208734750748,0.03851106017827988,0.012338586151599884,0.03851106017827988,0.012338586151599884,38,12,0.6842105263157895,run_05_s70_zero,zero,0.7
510,H,5,gnnexplainer,0.7,-0.06805552542209625,-0.09983997792005539,-0.08077332377433777,-0.07969000190496445,0.011634476482868195,0.020149976015090942,0.0010833218693733215,0.03178445249795914,0.012717798352241516,0.008515499532222748,-0.010551154613494873,38,12,0.6842105263157895,run_05_s70_zero,zero,0.7
510,H,6,gnnexplainer,0.7,-0.040923863649368286,-0.09023050963878632,-0.0624079592525959,-0.04133903980255127,0.0004151761531829834,0.048891469836235046,0.021068919450044632,0.04930664598941803,0.021484095603227615,0.04847629368305206,0.02065374329686165,38,12,0.6842105263157895,run_05_s70_zero,zero,0.7
510,H,7,gnnexplainer,0.7,-0.02234116941690445,-0.06041412428021431,-0.0198737233877182,-0.03561985865235329,0.013278689235448837,0.024794265627861023,0.015746135264635086,0.03807295486330986,0.0024674460291862488,0.011515576392412186,0.0024674460291862488,38,12,0.6842105263157895,run_05_s70_zero,zero,0.7
510,H,8,gnnexplainer,0.7,-0.057253893464803696,-0.08695066720247269,-0.03629758954048157,-0.0713830441236496,0.014129150658845901,0.01556762307882309,0.03508545458316803,0.02969677373766899,0.02095630392432213,0.0014384724199771881,0.02095630392432213,38,12,0.6842105263157895,run_05_s70_zero,zero,0.7
510,H,9,gnnexplainer,0.7,-0.06739038974046707,-0.10509664565324783,-0.0800800696015358,-0.08068999648094177,0.013299606740474701,0.02440664917230606,0.0006099268794059753,0.03770625591278076,0.012689679861068726,0.01110704243183136,-0.012689679861068726,38,12,0.6842105263157895,run_05_s70_zero,zero,0.7
510,C,0,gnnexplainer,0.7,-3.183384895324707,-3.2061619758605957,-2.8847126960754395,-2.6794397830963135,0.5039451122283936,0.5267221927642822,0.20527291297912598,0.022777080535888672,0.2986721992492676,0.022777080535888672,-0.2986721992492676,38,12,0.6842105263157895,run_05_s70_zero,zero,0.7
510,C,1,gnnexplainer,0.7,-2.929103136062622,-3.436695098876953,-3.2789177894592285,-2.8548877239227295,0.07421541213989258,0.5818073749542236,0.424030065536499,0.507591962814331,0.34981465339660645,0.507591962814331,0.34981465339660645,38,12,0.6842105263157895,run_05_s70_zero,zero,0.7
510,C,2,gnnexplainer,0.7,-4.82141637802124,-3.7309579849243164,-5.0596537590026855,-4.148713111877441,0.6727032661437988,0.417755126953125,0.9109406471252441,1.0904583930969238,0.2382373809814453,-0.25494813919067383,0.2382373809814453,38,12,0.6842105263157895,run_05_s70_zero,zero,0.7
510,C,3,gnnexplainer,0.7,-1.93549382686615,-2.3662447929382324,-2.138946771621704,-0.3196980357170105,1.6157957911491394,2.046546757221222,1.8192487359046936,0.4307509660720825,0.2034529447555542,0.4307509660720825,0.2034529447555542,38,12,0.6842105263157895,run_05_s70_zero,zero,0.7
510,C,4,gnnexplainer,0.7,-0.8245482444763184,-2.9385478496551514,-0.608955979347229,-0.5578681230545044,0.26668012142181396,2.380679726600647,0.05108785629272461,2.113999605178833,0.21559226512908936,2.113999605178833,-0.21559226512908936,38,12,0.6842105263157895,run_05_s70_zero,zero,0.7
510,C,5,gnnexplainer,0.7,-1.521938443183899,-2.6132726669311523,-1.8978300094604492,-0.3343559503555298,1.1875824928283691,2.2789167165756226,1.5634740591049194,1.0913342237472534,0.3758915662765503,1.0913342237472534,0.3758915662765503,38,12,0.6842105263157895,run_05_s70_zero,zero,0.7
530,H,0,gnnexplainer,0.7,-0.08534625172615051,-0.07078734785318375,-0.07418301701545715,-0.16678637266159058,0.08144012093544006,0.09599902480840683,0.09260335564613342,0.014558903872966766,0.01116323471069336,0.014558903872966766,0.01116323471069336,20,7,0.65,run_05_s70_zero,zero,0.7
530,H,1,gnnexplainer,0.7,-0.09019753336906433,-0.11180124431848526,-0.09000232815742493,-0.13316234946250916,0.042964816093444824,0.021361105144023895,0.04316002130508423,0.02160371094942093,0.0001952052116394043,-0.02160371094942093,0.0001952052116394043,20,7,0.65,run_05_s70_zero,zero,0.7
530,H,2,gnnexplainer,0.7,-0.030807171016931534,-0.01806475594639778,-0.05725734680891037,-0.0575319267809391,0.02672475576400757,0.03946717083454132,0.0002745799720287323,0.012742415070533752,0.026450175791978836,0.012742415070533752,-0.026450175791978836,20,7,0.65,run_05_s70_zero,zero,0.7
530,H,3,gnnexplainer,0.7,-0.04008097946643829,-0.08447382599115372,-0.025499586015939713,-0.04089127480983734,0.0008102953433990479,0.043582551181316376,0.015391688793897629,0.044392846524715424,0.014581393450498581,0.04277225583791733,0.014581393450498581,20,7,0.65,run_05_s70_zero,zero,0.7
530,H,4,gnnexplainer,0.7,-0.03763440251350403,-0.06889500468969345,-0.08881758898496628,-0.06429433822631836,0.02665993571281433,0.0046006664633750916,0.02452325075864792,0.03126060217618942,0.05118318647146225,-0.02205926924943924,-0.0021366849541664124,20,7,0.65,run_05_s70_zero,zero,0.7
530,C,0,gnnexplainer,0.7,-2.6694869995117188,-2.37621808052063,-3.2249064445495605,-2.8974430561065674,0.22795605659484863,0.5212249755859375,0.32746338844299316,0.29326891899108887,0.5554194450378418,0.29326891899108887,0.09950733184814453,20,7,0.65,run_05_s70_zero,zero,0.7
530,C,1,gnnexplainer,0.7,-3.2187187671661377,-3.5677151679992676,-2.8640408515930176,-2.7582390308380127,0.460479736328125,0.8094761371612549,0.10580182075500488,0.3489964008331299,0.3546779155731201,0.3489964008331299,-0.3546779155731201,20,7,0.65,run_05_s70_zero,zero,0.7
530,C,2,gnnexplainer,0.7,-4.761256694793701,-4.143331527709961,-3.820201873779297,-4.5724406242370605,0.18881607055664062,0.4291090965270996,0.7522387504577637,0.6179251670837402,0.9410548210144043,0.24029302597045898,0.563422679901123,20,7,0.65,run_05_s70_zero,zero,0.7
610,H,0,gnnexplainer,0.7,-0.44238173961639404,-0.1337735950946808,-0.3779699206352234,-0.615548849105835,0.17316710948944092,0.4817752540111542,0.23757892847061157,0.30860814452171326,0.06441181898117065,0.30860814452171326,0.06441181898117065,24,8,0.6666666666666667,run_05_s70_zero,zero,0.7
610,H,1,gnnexplainer,0.7,-0.1651545912027359,-0.09537971764802933,-0.1147654801607132,-0.12229462713003159,0.042859964072704315,0.02691490948200226,0.00752914696931839,0.06977487355470657,0.050389111042022705,-0.015945054590702057,-0.035330817103385925,24,8,0.6666666666666667,run_05_s70_zero,zero,0.7
610,H,2,gnnexplainer,0.7,-0.13610506057739258,-0.04705243930220604,-0.17468151450157166,-0.1601894050836563,0.024084344506263733,0.11313696578145027,0.014492109417915344,0.08905262127518654,0.03857645392417908,0.08905262127518654,-0.009592235088348389,24,8,0.6666666666666667,run_05_s70_zero,zero,0.7
610,H,3,gnnexplainer,0.7,-0.1795758754014969,-0.11520364880561829,-0.19027265906333923,-0.18318936228752136,0.003613486886024475,0.06798571348190308,0.007083296775817871,0.0643722265958786,0.010696783661842346,0.0643722265958786,0.003469809889793396,24,8,0.6666666666666667,run_05_s70_zero,zero,0.7
610,H,4,gnnexplainer,0.7,-0.500056803226471,-0.12217283993959427,-0.4425000548362732,-0.6312503814697266,0.13119357824325562,0.5090775415301323,0.18875032663345337,0.3778839632868767,0.057556748390197754,0.3778839632868767,0.057556748390197754,24,8,0.6666666666666667,run_05_s70_zero,zero,0.7
610,H,5,gnnexplainer,0.7,-0.14004060626029968,-0.05882979556918144,-0.1406070590019226,-0.12377718091011047,0.01626342535018921,0.06494738534092903,0.016829878091812134,0.08121081069111824,0.0005664527416229248,0.04868395999073982,0.0005664527416229248,24,8,0.6666666666666667,run_05_s70_zero,zero,0.7
610,H,6,gnnexplainer,0.7,-0.12860378623008728,-0.04166419059038162,-0.14707344770431519,-0.14696994423866272,0.01836615800857544,0.1053057536482811,0.00010350346565246582,0.08693959563970566,0.018469661474227905,0.08693959563970566,-0.018262654542922974,24,8,0.6666666666666667,run_05_s70_zero,zero,0.7
610,H,7,gnnexplainer,0.7,-0.16811057925224304,-0.09806972742080688,-0.14342822134494781,-0.19154877960681915,0.02343820035457611,0.09347905218601227,0.04812055826187134,0.07004085183143616,0.024682357907295227,0.07004085183143616,0.024682357907295227,24,8,0.6666666666666667,run_05_s70_zero,zero,0.7
610,C,0,gnnexplainer,0.7,-16.07822036743164,-12.393084526062012,-16.999942779541016,-18.057586669921875,1.9793663024902344,5.664502143859863,1.0576438903808594,3.685135841369629,0.921722412109375,3.685135841369629,-0.921722412109375,24,8,0.6666666666666667,run_05_s70_zero,zero,0.7
610,C,1,gnnexplainer,0.7,-16.779712677001953,-13.786870002746582,-18.152263641357422,-17.75385856628418,0.9741458892822266,3.9669885635375977,0.3984050750732422,2.992842674255371,1.3725509643554688,2.992842674255371,-0.5757408142089844,24,8,0.6666666666666667,run_05_s70_zero,zero,0.7
610,C,2,gnnexplainer,0.7,-1.856040596961975,-2.4022390842437744,-1.7205463647842407,-2.5053277015686035,0.6492871046066284,0.1030886173248291,0.7847813367843628,0.5461984872817993,0.13549423217773438,-0.5461984872817993,0.13549423217773438,24,8,0.6666666666666667,run_05_s70_zero,zero,0.7
610,C,3,gnnexplainer,0.7,-1.9090392589569092,-2.0829548835754395,-3.512753963470459,-2.3740406036376953,0.46500134468078613,0.29108572006225586,1.1387133598327637,0.17391562461853027,1.6037147045135498,-0.17391562461853027,0.6737120151519775,24,8,0.6666666666666667,run_05_s70_zero,zero,0.7
620,H,0,gnnexplainer,0.7,-0.22838380932807922,-0.13000963628292084,-0.2419920563697815,-0.2509962022304535,0.022612392902374268,0.12098656594753265,0.009004145860671997,0.09837417304515839,0.01360824704170227,0.09837417304515839,-0.01360824704170227,32,10,0.6875,run_05_s70_zero,zero,0.7
620,H,1,gnnexplainer,0.7,-0.228367418050766,-0.12850135564804077,-0.2472900152206421,-0.24986469745635986,0.021497279405593872,0.12136334180831909,0.0025746822357177734,0.09986606240272522,0.0189225971698761,0.09986606240272522,-0.0189225971698761,32,10,0.6875,run_05_s70_zero,zero,0.7
620,H,2,gnnexplainer,0.7,-0.2283584177494049,-0.14424008131027222,-0.2156147062778473,-0.2488207370042801,0.020462319254875183,0.10458065569400787,0.0332060307264328,0.08411833643913269,0.012743711471557617,0.08411833643913269,0.012743711471557617,32,10,0.6875,run_05_s70_zero,zero,0.7
620,H,3,gnnexplainer,0.7,-0.22839093208312988,-0.1310088336467743,-0.22497329115867615,-0.25204017758369446,0.023649245500564575,0.12103134393692017,0.02706688642501831,0.09738209843635559,0.0034176409244537354,0.09738209843635559,0.0034176409244537354,32,10,0.6875,run_05_s70_zero,zero,0.7
620,H,4,gnnexplainer,0.7,-0.22839006781578064,-0.12744402885437012,-0.22171610593795776,-0.251996248960495,0.023606181144714355,0.12455222010612488,0.03028014302253723,0.10094603896141052,0.006673961877822876,0.10094603896141052,0.006673961877822876,32,10,0.6875,run_05_s70_zero,zero,0.7
620,H,5,gnnexplainer,0.7,-0.22836831212043762,-0.1374368816614151,-0.22845721244812012,-0.24986469745635986,0.02149638533592224,0.11242781579494476,0.021407485008239746,0.09093143045902252,8.890032768249512e-05,0.09093143045902252,-8.890032768249512e-05,32,10,0.6875,run_05_s70_zero,zero,0.7
620,H,6,gnnexplainer,0.7,-0.00035447627305984497,-0.04783061519265175,-0.01824997365474701,0.08161692321300507,0.08197139948606491,0.12944753840565681,0.09986689686775208,0.047476138919591904,0.017895497381687164,0.047476138919591904,0.017895497381687164,32,10,0.6875,run_05_s70_zero,zero,0.7
620,H,7,gnnexplainer,0.7,-0.0003616511821746826,-0.02743133157491684,0.005411885678768158,0.0810290277004242,0.08139067888259888,0.10846035927534103,0.07561714202165604,0.027069680392742157,0.005773536860942841,0.027069680392742157,-0.005773536860942841,32,10,0.6875,run_05_s70_zero,zero,0.7
620,H,8,gnnexplainer,0.7,-0.00035750120878219604,-0.050480492413043976,0.003743506968021393,0.08161692321300507,0.08197442442178726,0.13209741562604904,0.07787341624498367,0.05012299120426178,0.004101008176803589,0.05012299120426178,-0.004101008176803589,32,10,0.6875,run_05_s70_zero,zero,0.7
620,H,9,gnnexplainer,0.7,-0.01004878431558609,-0.09913713485002518,-0.006612226366996765,0.17055636644363403,0.18060515075922012,0.2696935012936592,0.1771685928106308,0.08908835053443909,0.003436557948589325,0.08908835053443909,-0.003436557948589325,32,10,0.6875,run_05_s70_zero,zero,0.7
620,C,0,gnnexplainer,0.7,-8.43395709991455,-5.5693359375,-7.475693225860596,-8.185676574707031,0.24828052520751953,2.6163406372070312,0.7099833488464355,2.864621162414551,0.9582638740539551,2.3680601119995117,0.461702823638916,32,10,0.6875,run_05_s70_zero,zero,0.7
620,C,1,gnnexplainer,0.7,-8.439017295837402,-7.515022277832031,-5.205885410308838,-8.185914039611816,0.25310325622558594,0.6708917617797852,2.9800286293029785,0.9239950180053711,3.2331318855285645,0.4177885055541992,2.7269253730773926,32,10,0.6875,run_05_s70_zero,zero,0.7
620,C,2,gnnexplainer,0.7,-8.438666343688965,-8.06375789642334,-8.923392295837402,-8.188501358032227,0.2501649856567383,0.12474346160888672,0.7348909378051758,0.374908447265625,0.4847259521484375,-0.12542152404785156,0.4847259521484375,32,10,0.6875,run_05_s70_zero,zero,0.7
620,C,3,gnnexplainer,0.7,-8.43066120147705,-7.740530014038086,-8.333717346191406,-8.189264297485352,0.24139690399169922,0.4487342834472656,0.1444530487060547,0.6901311874389648,0.09694385528564453,0.2073373794555664,-0.09694385528564453,32,10,0.6875,run_05_s70_zero,zero,0.7
620,C,4,gnnexplainer,0.7,-8.43023681640625,-8.467307090759277,-6.624875545501709,-8.187677383422852,0.24255943298339844,0.2796297073364258,1.5628018379211426,0.037070274353027344,1.805361270904541,0.037070274353027344,1.3202424049377441,32,10,0.6875,run_05_s70_zero,zero,0.7
620,C,5,gnnexplainer,0.7,-8.442373275756836,-7.9809746742248535,-8.866127014160156,-8.186501502990723,0.2558717727661133,0.20552682876586914,0.6796255111694336,0.4613986015319824,0.4237537384033203,-0.05034494400024414,0.4237537384033203,32,10,0.6875,run_05_s70_zero,zero,0.7
620,C,6,gnnexplainer,0.7,0.4642379879951477,-1.9812291860580444,0.4464215040206909,1.20413076877594,0.7398927807807922,3.1853599548339844,0.757709264755249,2.445467174053192,0.017816483974456787,2.445467174053192,0.017816483974456787,32,10,0.6875,run_05_s70_zero,zero,0.7
640,H,0,gnnexplainer,0.7,-0.21126306056976318,-0.11862169951200485,-0.23391038179397583,0.13790667057037354,0.3491697311401367,0.2565283700823784,0.37181705236434937,0.09264136105775833,0.022647321224212646,-0.09264136105775833,0.022647321224212646,38,12,0.6842105263157895,run_05_s70_zero,zero,0.7
640,H,1,gnnexplainer,0.7,-0.21125224232673645,-0.1080353632569313,-0.2436484396457672,0.13790667057037354,0.34915891289711,0.24594203382730484,0.38155511021614075,0.10321687906980515,0.03239619731903076,-0.10321687906980515,0.03239619731903076,38,12,0.6842105263157895,run_05_s70_zero,zero,0.7
640,H,2,gnnexplainer,0.7,-0.04018162190914154,-0.0492679737508297,-0.043243203312158585,-0.010049479082226753,0.030132142826914787,0.03921849466860294,0.03319372422993183,0.009086351841688156,0.003061581403017044,0.009086351841688156,0.003061581403017044,38,12,0.6842105263157895,run_05_s70_zero,zero,0.7
640,H,3,gnnexplainer,0.7,-0.02698579430580139,-0.040133293718099594,-0.031951531767845154,-0.030795302242040634,0.0038095079362392426,0.00933799147605896,0.0011562295258045197,0.013147499412298203,0.004965737462043762,0.005528483539819717,-0.002653278410434723,38,12,0.6842105263157895,run_05_s70_zero,zero,0.7
640,H,4,gnnexplainer,0.7,-0.029253706336021423,-0.049629513174295425,-0.03841593116521835,-0.03988323733210564,0.010629530996084213,0.009746275842189789,0.0014673061668872833,0.020375806838274002,0.00916222482919693,-0.0008832551538944244,-0.00916222482919693,38,12,0.6842105263157895,run_05_s70_zero,zero,0.7
640,H,5,gnnexplainer,0.7,-0.07945401221513748,-0.08466679602861404,-0.0863729938864708,-0.08353185653686523,0.004077844321727753,0.0011349394917488098,0.0028411373496055603,0.0052127838134765625,0.006918981671333313,-0.002942904829978943,-0.0012367069721221924,38,12,0.6842105263157895,run_05_s70_zero,zero,0.7
640,H,6,gnnexplainer,0.7,-0.11835552006959915,-0.11845904588699341,-0.1164640411734581,-0.10661061108112335,0.0117449089884758,0.011848434805870056,0.009853430092334747,0.00010352581739425659,0.0018914788961410522,0.00010352581739425659,-0.0018914788961410522,38,12,0.6842105263157895,run_05_s70_zero,zero,0.7
640,H,7,gnnexplainer,0.7,-0.06900552660226822,-0.10679787397384644,-0.10909833014011383,-0.07117222994565964,0.0021667033433914185,0.0356256440281868,0.03792610019445419,0.03779234737157822,0.04009280353784561,0.03345894068479538,0.035759396851062775,38,12,0.6842105263157895,run_05_s70_zero,zero,0.7
640,H,8,gnnexplainer,0.7,-0.10110029578208923,-0.12877009809017181,-0.15228158235549927,-0.12511934340000153,0.024019047617912292,0.003650754690170288,0.02716223895549774,0.02766980230808258,0.051181286573410034,-0.020368292927742004,0.0031431913375854492,38,12,0.6842105263157895,run_05_s70_zero,zero,0.7
640,H,9,gnnexplainer,0.7,-0.07945292443037033,-0.09270711988210678,-0.09466250240802765,-0.08353185653686523,0.0040789321064949036,0.009175263345241547,0.011130645871162415,0.01325419545173645,0.015209577977657318,0.005096331238746643,0.007051713764667511,38,12,0.6842105263157895,run_05_s70_zero,zero,0.7
640,H,10,gnnexplainer,0.7,-0.11835354566574097,-0.13517546653747559,-0.17166537046432495,-0.10661061108112335,0.011742934584617615,0.028564855456352234,0.0650547593832016,0.01682192087173462,0.053311824798583984,0.01682192087173462,0.053311824798583984,38,12,0.6842105263157895,run_05_s70_zero,zero,0.7
640,H,11,gnnexplainer,0.7,-0.04018741473555565,-0.04116538539528847,-0.04278923198580742,-0.010049479082226753,0.030137935653328896,0.031115906313061714,0.032739752903580666,0.0009779706597328186,0.00260181725025177,0.0009779706597328186,0.00260181725025177,38,12,0.6842105263157895,run_05_s70_zero,zero,0.7
640,H,12,gnnexplainer,0.7,-0.029250383377075195,-0.05141193047165871,-0.03644556179642677,-0.04088323935866356,0.011632855981588364,0.010528691112995148,0.004437677562236786,0.02216154709458351,0.007195178419351578,-0.001104164868593216,-0.007195178419351578,38,12,0.6842105263157895,run_05_s70_zero,zero,0.7
640,H,13,gnnexplainer,0.7,-0.026982992887496948,-0.021459046751260757,-0.03670187294483185,-0.030795302242040634,0.003812309354543686,0.009336255490779877,0.005906570702791214,0.005523946136236191,0.0097188800573349,0.005523946136236191,0.002094261348247528,38,12,0.6842105263157895,run_05_s70_zero,zero,0.7
640,C,0,gnnexplainer,0.7,-7.860611915588379,-6.243008136749268,-9.413390159606934,-8.271045684814453,0.4104337692260742,2.0280375480651855,1.1423444747924805,1.6176037788391113,1.5527782440185547,1.6176037788391113,0.7319107055664062,38,12,0.6842105263157895,run_05_s70_zero,zero,0.7
640,C,1,gnnexplainer,0.7,-7.8596673011779785,-6.299455165863037,-9.280022621154785,-8.270045280456543,0.41037797927856445,1.9705901145935059,1.0099773406982422,1.5602121353149414,1.4203553199768066,1.5602121353149414,0.5995993614196777,38,12,0.6842105263157895,run_05_s70_zero,zero,0.7
640,C,2,gnnexplainer,0.7,-0.4793398380279541,-2.654323101043701,-0.29177936911582947,-0.608948290348053,0.12960845232009888,2.045374810695648,0.3171689212322235,2.174983263015747,0.18756046891212463,1.9157663583755493,0.18756046891212463,38,12,0.6842105263157895,run_05_s70_zero,zero,0.7
640,C,3,gnnexplainer,0.7,-1.0577682256698608,-2.910046100616455,-1.5184301137924194,-1.4114946126937866,0.3537263870239258,1.4985514879226685,0.10693550109863281,1.8522778749465942,0.4606618881225586,1.1448251008987427,-0.24679088592529297,38,12,0.6842105263157895,run_05_s70_zero,zero,0.7
640,C,4,gnnexplainer,0.7,-1.6062666177749634,-3.2679660320281982,-1.6200764179229736,-2.1460978984832764,0.539831280708313,1.1218681335449219,0.5260214805603027,1.6616994142532349,0.013809800148010254,0.5820368528366089,-0.013809800148010254,38,12,0.6842105263157895,run_05_s70_zero,zero,0.7
640,C,5,gnnexplainer,0.7,-1.0578246116638184,-2.803821325302124,-1.079725742340088,-1.4114511013031006,0.3536264896392822,1.3923702239990234,0.3317253589630127,1.7459967136383057,0.02190113067626953,1.0387437343597412,-0.02190113067626953,38,12,0.6842105263157895,run_05_s70_zero,zero,0.7
640,C,6,gnnexplainer,0.7,-0.47932881116867065,-2.5039379596710205,-0.1326846480369568,-0.6109034419059753,0.1315746307373047,1.8930345177650452,0.47821879386901855,2.02460914850235,0.34664416313171387,1.7614598870277405,0.34664416313171387,38,12,0.6842105263157895,run_05_s70_zero,zero,0.7
650,H,0,gnnexplainer,0.7,-0.034940771758556366,-0.07665318250656128,-0.040072426199913025,-0.047470711171627045,0.012529939413070679,0.029182471334934235,0.00739828497171402,0.04171241074800491,0.005131654441356659,0.016652531921863556,-0.005131654441356659,40,13,0.675,run_05_s70_zero,zero,0.7
650,H,1,gnnexplainer,0.7,-0.06100916862487793,-0.10691125690937042,-0.06601329892873764,-0.0373387411236763,0.02367042750120163,0.06957251578569412,0.02867455780506134,0.04590208828449249,0.005004130303859711,0.04590208828449249,0.005004130303859711,40,13,0.675,run_05_s70_zero,zero,0.7
650,H,2,gnnexplainer,0.7,-0.024738125503063202,-0.04807466268539429,-0.03645835816860199,-0.021102281287312508,0.0036358442157506943,0.02697238139808178,0.015356076881289482,0.023336537182331085,0.011720232665538788,0.023336537182331085,0.011720232665538788,40,13,0.675,run_05_s70_zero,zero,0.7
650,H,3,gnnexplainer,0.7,-0.10827633738517761,-0.10308566689491272,-0.11098968982696533,-0.09628623723983765,0.011990100145339966,0.006799429655075073,0.014703452587127686,0.005190670490264893,0.0027133524417877197,-0.005190670490264893,0.0027133524417877197,40,13,0.675,run_05_s70_zero,zero,0.7
650,H,4,gnnexplainer,0.7,-0.05421527847647667,-0.04435298964381218,-0.037111036479473114,-0.1060146912932396,0.051799412816762924,0.061661701649427414,0.06890365481376648,0.00986228883266449,0.017104241997003555,0.00986228883266449,0.017104241997003555,40,13,0.675,run_05_s70_zero,zero,0.7
650,H,5,gnnexplainer,0.7,-0.0340970978140831,-0.0661083459854126,-0.05323663353919983,-0.045926790684461594,0.011829692870378494,0.020181555300951004,0.0073098428547382355,0.0320112481713295,0.01913953572511673,0.00835186243057251,-0.004519850015640259,40,13,0.675,run_05_s70_zero,zero,0.7
650,H,6,gnnexplainer,0.7,-0.023676138371229172,-0.03830888867378235,-0.023935116827487946,-0.01910228095948696,0.00457385741174221,0.019206607714295387,0.004832835868000984,0.014632750302553177,0.0002589784562587738,0.014632750302553177,0.0002589784562587738,40,13,0.675,run_05_s70_zero,zero,0.7
650,H,7,gnnexplainer,0.7,-0.05934511870145798,-0.10659407079219818,-0.051570743322372437,-0.03475097194314003,0.024594146758317947,0.07184309884905815,0.016819771379232407,0.047248952090740204,0.007774375379085541,0.047248952090740204,-0.007774375379085541,40,13,0.675,run_05_s70_zero,zero,0.7
650,H,8,gnnexplainer,0.7,-0.03394071012735367,-0.06039359048008919,-0.031172163784503937,-0.04692678898572922,0.01298607885837555,0.01346680149435997,0.01575462520122528,0.02645288035273552,0.0027685463428497314,0.0004807226359844208,0.0027685463428497314,40,13,0.675,run_05_s70_zero,zero,0.7
650,H,9,gnnexplainer,0.7,-0.05895303934812546,-0.08638447523117065,-0.05026647076010704,-0.03479496389627457,0.02415807545185089,0.05158951133489609,0.015471506863832474,0.027431435883045197,0.008686568588018417,0.027431435883045197,-0.008686568588018417,40,13,0.675,run_05_s70_zero,zero,0.7
650,H,10,gnnexplainer,0.7,-0.023587524890899658,-0.05928285792469978,-0.006980985403060913,-0.020102281123399734,0.0034852437674999237,0.03918057680130005,0.013121295720338821,0.035695333033800125,0.016606539487838745,0.035695333033800125,0.009636051952838898,40,13,0.675,run_05_s70_zero,zero,0.7
650,H,11,gnnexplainer,0.7,-0.10841157287359238,-0.09381662309169769,-0.1361025720834732,-0.09524228423833847,0.013169288635253906,0.0014256611466407776,0.040860287845134735,0.014594949781894684,0.02769099920988083,-0.011743627488613129,0.02769099920988083,40,13,0.675,run_05_s70_zero,zero,0.7
650,H,12,gnnexplainer,0.7,-0.05435436591506004,-0.05266322195529938,-0.038862235844135284,-0.10497073829174042,0.050616372376680374,0.05230751633644104,0.06610850244760513,0.001691143959760666,0.015492130070924759,0.001691143959760666,0.015492130070924759,40,13,0.675,run_05_s70_zero,zero,0.7
650,H,13,gnnexplainer,0.7,-0.06090754270553589,-0.11010228097438812,-0.06997662782669067,-0.03579496219754219,0.025112580507993698,0.07430731877684593,0.03418166562914848,0.049194738268852234,0.009069085121154785,0.049194738268852234,0.009069085121154785,40,13,0.675,run_05_s70_zero,zero,0.7
650,H,14,gnnexplainer,0.7,-0.03507107496261597,-0.06873201578855515,-0.03890354186296463,-0.04792679101228714,0.012855716049671173,0.020805224776268005,0.00902324914932251,0.03366094082593918,0.0038324669003486633,0.007949508726596832,-0.0038324669003486633,40,13,0.675,run_05_s70_zero,zero,0.7
650,H,15,gnnexplainer,0.7,-0.024672776460647583,-0.052067629992961884,-0.03023405373096466,-0.01910228095948696,0.005570495501160622,0.03296534903347492,0.0111317727714777,0.0273948535323143,0.005561277270317078,0.0273948535323143,0.005561277270317078,40,13,0.675,run_05_s70_zero,zero,0.7
650,C,0,gnnexplainer,0.7,-0.6039972305297852,-2.44254207611084,-0.2940482795238495,-0.7945148944854736,0.19051766395568848,1.6480271816253662,0.5004666149616241,1.8385448455810547,0.30994895100593567,1.4575095176696777,0.30994895100593567,40,13,0.675,run_05_s70_zero,zero,0.7
650,C,1,gnnexplainer,0.7,-0.9427768588066101,-2.7377803325653076,-0.8732388615608215,-1.2854688167572021,0.34269195795059204,1.4523115158081055,0.4122299551963806,1.7950034737586975,0.06953799724578857,1.1096195578575134,0.06953799724578857,40,13,0.675,run_05_s70_zero,zero,0.7
650,C,2,gnnexplainer,0.7,-0.6430948376655579,-2.2440481185913086,-0.40820521116256714,-0.7869271636009216,0.14383232593536377,1.457120954990387,0.3787219524383545,1.6009532809257507,0.23488962650299072,1.3132886290550232,0.23488962650299072,40,13,0.675,run_05_s70_zero,zero,0.7
650,C,3,gnnexplainer,0.7,-0.6416166424751282,-2.439347982406616,-0.4129939079284668,-0.7869707942008972,0.14535415172576904,1.652377188205719,0.3739768862724304,1.797731339931488,0.22862273454666138,1.50702303647995,0.22862273454666138,40,13,0.675,run_05_s70_zero,zero,0.7
650,C,4,gnnexplainer,0.7,-0.942050039768219,-3.400576591491699,-0.6979135274887085,-1.282924771308899,0.34087473154067993,2.1176518201828003,0.5850112438201904,2.4585265517234802,0.2441365122795105,1.7767770886421204,0.2441365122795105,40,13,0.675,run_05_s70_zero,zero,0.7
650,C,5,gnnexplainer,0.7,-0.60410076379776,-2.507042407989502,-0.5905662178993225,-0.7939702272415161,0.1898694634437561,1.7130721807479858,0.2034040093421936,1.902941644191742,0.0135345458984375,1.5232027173042297,0.0135345458984375,40,13,0.675,run_05_s70_zero,zero,0.7
740,H,1,gnnexplainer,0.7,-0.026137936860322952,-0.07783136516809464,-0.03571978211402893,0.03481113538146019,0.06094907224178314,0.11264250054955482,0.07053091749548912,0.05169342830777168,0.009581845253705978,0.05169342830777168,0.009581845253705978,34,11,0.6764705882352942,run_05_s70_zero,zero,0.7
740,H,2,gnnexplainer,0.7,-0.04452488198876381,-0.09044316411018372,-0.04990672320127487,-0.0694003626704216,0.02487548068165779,0.021042801439762115,0.01949363946914673,0.04591828212141991,0.005381841212511063,-0.0038326792418956757,-0.005381841212511063,34,11,0.6764705882352942,run_05_s70_zero,zero,0.7
740,H,3,gnnexplainer,0.7,-0.04864649474620819,-0.10339834541082382,-0.048618342727422714,-0.03524171933531761,0.01340477541089058,0.06815662607550621,0.013376623392105103,0.05475185066461563,2.8152018785476685e-05,0.05475185066461563,-2.8152018785476685e-05,34,11,0.6764705882352942,run_05_s70_zero,zero,0.7
740,H,4,gnnexplainer,0.7,-0.044288262724876404,-0.08980678021907806,-0.05712360143661499,-0.06663717329502106,0.022348910570144653,0.023169606924057007,0.009513571858406067,0.04551851749420166,0.012835338711738586,0.0008206963539123535,-0.012835338711738586,34,11,0.6764705882352942,run_05_s70_zero,zero,0.7
740,H,5,gnnexplainer,0.7,-0.02385552227497101,-0.06241884082555771,-0.03184298425912857,0.03422334045171738,0.058078862726688385,0.09664218127727509,0.06606632471084595,0.0385633185505867,0.007987461984157562,0.0385633185505867,0.007987461984157562,34,11,0.6764705882352942,run_05_s70_zero,zero,0.7
740,H,6,gnnexplainer,0.7,-0.046978406608104706,-0.10499127209186554,-0.04855430871248245,-0.03061004728078842,0.016368359327316284,0.07438122481107712,0.01794426143169403,0.058012865483760834,0.0015759021043777466,0.058012865483760834,0.0015759021043777466,34,11,0.6764705882352942,run_05_s70_zero,zero,0.7
740,H,9,gnnexplainer,0.7,-0.04696982726454735,-0.07589083164930344,-0.04689432680606842,-0.11217248439788818,0.06520265713334084,0.03628165274858475,0.06527815759181976,0.028921004384756088,7.550045847892761e-05,-0.028921004384756088,7.550045847892761e-05,34,11,0.6764705882352942,run_05_s70_zero,zero,0.7
740,H,10,gnnexplainer,0.7,-0.046655893325805664,-0.06195162981748581,-0.06048523262143135,-0.10799708962440491,0.06134119629859924,0.0460454598069191,0.047511857002973557,0.015295736491680145,0.013829339295625687,-0.015295736491680145,-0.013829339295625687,34,11,0.6764705882352942,run_05_s70_zero,zero,0.7
740,H,11,gnnexplainer,0.7,-0.03764323145151138,-0.04493807256221771,-0.040289610624313354,0.028855061158537865,0.06649829261004925,0.07379313372075558,0.06914467178285122,0.007294841110706329,0.0026463791728019714,0.007294841110706329,0.0026463791728019714,34,11,0.6764705882352942,run_05_s70_zero,zero,0.7
740,C,0,gnnexplainer,0.7,0.018430694937705994,-3.129042863845825,-0.40760165452957153,0.41184088587760925,0.39341019093990326,3.5408837497234344,0.8194425404071808,3.147473558783531,0.4260323494672775,3.147473558783531,0.4260323494672775,34,11,0.6764705882352942,run_05_s70_zero,zero,0.7
740,C,1,gnnexplainer,0.7,0.007801875472068787,-3.063098430633545,-0.82178795337677,0.3751834034919739,0.3673815280199051,3.438281834125519,1.196971356868744,3.0709003061056137,0.8295898288488388,3.0709003061056137,0.8295898288488388,34,11,0.6764705882352942,run_05_s70_zero,zero,0.7
740,C,2,gnnexplainer,0.7,-0.3508378267288208,-3.2113449573516846,-0.007804811000823975,0.5169197916984558,0.8677576184272766,3.7282647490501404,0.5247246026992798,2.8605071306228638,0.3430330157279968,2.8605071306228638,-0.3430330157279968,34,11,0.6764705882352942,run_05_s70_zero,zero,0.7
50,H,0,gnnexplainer,0.7,-0.18866461515426636,-0.06827717274427414,-0.18248677253723145,-0.18572446703910828,0.002940148115158081,0.11744729429483414,0.003237694501876831,0.12038744240999222,0.006177842617034912,0.11450714617967606,0.00029754638671875,30,10,0.6666666666666667,run_06_s70_scientific,scientific,0.7
50,H,1,gnnexplainer,0.7,-0.19408667087554932,-0.0893329307436943,-0.19233641028404236,-0.1745053380727768,0.019581332802772522,0.08517240732908249,0.017831072211265564,0.10475374013185501,0.001750260591506958,0.06559107452630997,-0.001750260591506958,30,10,0.6666666666666667,run_06_s70_scientific,scientific,0.7
50,H,2,gnnexplainer,0.7,-0.13721123337745667,-0.045974791049957275,-0.102724090218544,-0.1240059956908226,0.013205237686634064,0.07803120464086533,0.021281905472278595,0.09123644232749939,0.03448714315891266,0.06482596695423126,0.008076667785644531,30,10,0.6666666666666667,run_06_s70_scientific,scientific,0.7
50,H,3,gnnexplainer,0.7,-0.06269896030426025,-0.09416650980710983,-0.060422517359256744,-0.029461706057190895,0.03323725424706936,0.06470480374991894,0.03096081130206585,0.03146754950284958,0.0022764429450035095,0.03146754950284958,-0.0022764429450035095,30,10,0.6666666666666667,run_06_s70_scientific,scientific,0.7
50,H,4,gnnexplainer,0.7,-0.05592544749379158,-0.09813854843378067,-0.05282621830701828,-0.08866342157125473,0.03273797407746315,0.00947512686252594,0.03583720326423645,0.04221310093998909,0.0030992291867733,-0.02326284721493721,0.0030992291867733,30,10,0.6666666666666667,run_06_s70_scientific,scientific,0.7
50,H,5,gnnexplainer,0.7,-0.08462868630886078,-0.10946900397539139,-0.10303711146116257,-0.06410186737775803,0.020526818931102753,0.04536713659763336,0.03893524408340454,0.02484031766653061,0.01840842515230179,0.02484031766653061,0.01840842515230179,30,10,0.6666666666666667,run_06_s70_scientific,scientific,0.7
50,H,6,gnnexplainer,0.7,-0.33054494857788086,-0.14433720707893372,-0.28593817353248596,-0.3011716902256012,0.029373258352279663,0.15683448314666748,0.015233516693115234,0.18620774149894714,0.0446067750453949,0.12746122479438782,-0.014139741659164429,30,10,0.6666666666666667,run_06_s70_scientific,scientific,0.7
50,H,7,gnnexplainer,0.7,-0.3257949948310852,-0.14356109499931335,-0.3554038405418396,-0.362988144159317,0.03719314932823181,0.21942704916000366,0.007584303617477417,0.18223389983177185,0.029608845710754395,0.18223389983177185,-0.029608845710754395,30,10,0.6666666666666667,run_06_s70_scientific,scientific,0.7
50,C,0,gnnexplainer,0.7,-3.4731967449188232,-1.551348328590393,-4.237433910369873,-3.638505220413208,0.16530847549438477,2.087156891822815,0.598928689956665,1.9218484163284302,0.7642371654510498,1.9218484163284302,0.4336202144622803,30,10,0.6666666666666667,run_06_s70_scientific,scientific,0.7
50,C,1,gnnexplainer,0.7,-2.626781463623047,-2.2782740592956543,-1.629522681236267,-2.7032065391540527,0.07642507553100586,0.42493247985839844,1.0736838579177856,0.3485074043273926,0.9972587823867798,0.3485074043273926,0.9972587823867798,30,10,0.6666666666666667,run_06_s70_scientific,scientific,0.7
50,C,2,gnnexplainer,0.7,-2.6187326908111572,-2.207750082015991,-3.806727409362793,-3.0836172103881836,0.46488451957702637,0.8758671283721924,0.7231101989746094,0.410982608795166,1.1879947185516357,0.410982608795166,0.258225679397583,30,10,0.6666666666666667,run_06_s70_scientific,scientific,0.7
50,C,3,gnnexplainer,0.7,-12.352452278137207,-9.235188484191895,-9.515867233276367,-11.829119682312012,0.5233325958251953,2.593931198120117,2.3132524490356445,3.1172637939453125,2.83658504486084,2.070598602294922,1.7899198532104492,30,10,0.6666666666666667,run_06_s70_scientific,scientific,0.7
50,C,4,gnnexplainer,0.7,-12.56570053100586,-9.486861228942871,-12.033369064331055,-12.671215057373047,0.1055145263671875,3.184353828430176,0.6378459930419922,3.0788393020629883,0.5323314666748047,3.0788393020629883,0.5323314666748047,30,10,0.6666666666666667,run_06_s70_scientific,scientific,0.7
50,C,5,gnnexplainer,0.7,-1.2540905475616455,-1.9625749588012695,-0.9999886155128479,-1.9315294027328491,0.6774388551712036,0.03104555606842041,0.9315407872200012,0.708484411239624,0.2541019320487976,-0.6463932991027832,0.2541019320487976,30,10,0.6666666666666667,run_06_s70_scientific,scientific,0.7
170,H,0,gnnexplainer,0.7,-0.08065252006053925,-0.11393779516220093,-0.09101110696792603,-0.026961499825119972,0.05369102023541927,0.08697629533708096,0.06404960714280605,0.03328527510166168,0.01035858690738678,0.03328527510166168,0.01035858690738678,42,13,0.6904761904761905,run_06_s70_scientific,scientific,0.7
170,H,1,gnnexplainer,0.7,-0.08064423501491547,-0.1020238846540451,-0.08612387627363205,-0.027961499989032745,0.05268273502588272,0.07406238466501236,0.058162376284599304,0.02137964963912964,0.005479641258716583,0.02137964963912964,0.005479641258716583,42,13,0.6904761904761905,run_06_s70_scientific,scientific,0.7
170,H,2,gnnexplainer,0.7,-0.08063553273677826,-0.10163867473602295,-0.08357512205839157,-0.027961499989032745,0.052674032747745514,0.0736771747469902,0.055613622069358826,0.02100314199924469,0.0029395893216133118,0.02100314199924469,0.0029395893216133118,42,13,0.6904761904761905,run_06_s70_scientific,scientific,0.7
170,H,3,gnnexplainer,0.7,-0.08062697947025299,-0.09722685813903809,-0.08306934684515,-0.026961499825119972,0.05366547964513302,0.07026535831391811,0.05610784702003002,0.016599878668785095,0.002442367374897003,0.016599878668785095,0.002442367374897003,42,13,0.6904761904761905,run_06_s70_scientific,scientific,0.7
170,H,4,gnnexplainer,0.7,-0.07791470736265182,-0.10268274694681168,-0.08163388073444366,-0.027961499989032745,0.04995320737361908,0.07472124695777893,0.05367238074541092,0.02476803958415985,0.0037191733717918396,0.02476803958415985,0.0037191733717918396,42,13,0.6904761904761905,run_06_s70_scientific,scientific,0.7
170,H,5,gnnexplainer,0.7,-0.07790467888116837,-0.1060895174741745,-0.08058209717273712,-0.026961499825119972,0.05094317905604839,0.07912801764905453,0.05362059734761715,0.028184838593006134,0.002677418291568756,0.028184838593006134,0.002677418291568756,42,13,0.6904761904761905,run_06_s70_scientific,scientific,0.7
170,H,6,gnnexplainer,0.7,-0.07790350168943405,-0.10183091461658478,-0.0770493894815445,-0.026961499825119972,0.05094200186431408,0.0748694147914648,0.05008788965642452,0.023927412927150726,0.0008541122078895569,0.023927412927150726,-0.0008541122078895569,42,13,0.6904761904761905,run_06_s70_scientific,scientific,0.7
170,H,7,gnnexplainer,0.7,-0.07790827751159668,-0.09953685849905014,-0.08520429581403732,-0.02896150015294552,0.04894677735865116,0.07057535834610462,0.056242795661091805,0.02162858098745346,0.007296018302440643,0.02162858098745346,0.007296018302440643,42,13,0.6904761904761905,run_06_s70_scientific,scientific,0.7
170,H,8,gnnexplainer,0.7,-0.07964935898780823,-0.11968514323234558,-0.07074467837810516,-0.02691764011979103,0.0527317188680172,0.09276750311255455,0.04382703825831413,0.040035784244537354,0.008904680609703064,0.040035784244537354,-0.008904680609703064,42,13,0.6904761904761905,run_06_s70_scientific,scientific,0.7
170,H,9,gnnexplainer,0.7,-0.0796414166688919,-0.10964605212211609,-0.09676802158355713,-0.025917639955878258,0.05372377671301365,0.08372841216623783,0.07085038162767887,0.030004635453224182,0.017126604914665222,0.030004635453224182,0.017126604914665222,42,13,0.6904761904761905,run_06_s70_scientific,scientific,0.7
170,H,10,gnnexplainer,0.7,-0.07964157313108444,-0.11216063052415848,-0.07298803329467773,-0.025917639955878258,0.053723933175206184,0.08624299056828022,0.04707039333879948,0.032519057393074036,0.006653539836406708,0.032519057393074036,-0.006653539836406708,42,13,0.6904761904761905,run_06_s70_scientific,scientific,0.7
170,H,11,gnnexplainer,0.7,-0.07965811342000961,-0.10402251034975052,-0.09178844094276428,-0.02896150015294552,0.050696613267064095,0.075061010196805,0.06282694078981876,0.024364396929740906,0.01213032752275467,0.024364396929740906,0.01213032752275467,42,13,0.6904761904761905,run_06_s70_scientific,scientific,0.7
170,C,0,gnnexplainer,0.7,-2.0284276008605957,-2.575063705444336,-1.9059196710586548,-2.175614595413208,0.1471869945526123,0.39944911003112793,0.2696949243545532,0.5466361045837402,0.12250792980194092,0.2522621154785156,0.12250792980194092,42,13,0.6904761904761905,run_06_s70_scientific,scientific,0.7
170,C,1,gnnexplainer,0.7,-2.0285582542419434,-2.3091235160827637,-2.4543209075927734,-2.1761586666107178,0.14760041236877441,0.1329648494720459,0.27816224098205566,0.2805652618408203,0.4257626533508301,-0.014635562896728516,0.13056182861328125,42,13,0.6904761904761905,run_06_s70_scientific,scientific,0.7
170,C,2,gnnexplainer,0.7,-2.1927924156188965,-2.220125675201416,-1.7976632118225098,-2.1926145553588867,0.00017786026000976562,0.027511119842529297,0.39495134353637695,0.02733325958251953,0.3951292037963867,0.02733325958251953,0.3947734832763672,42,13,0.6904761904761905,run_06_s70_scientific,scientific,0.7
170,C,3,gnnexplainer,0.7,-2.1926939487457275,-2.737567901611328,-1.5092527866363525,-2.179614543914795,0.013079404830932617,0.5579533576965332,0.6703617572784424,0.5448739528656006,0.683441162109375,0.5448739528656006,0.6572823524475098,42,13,0.6904761904761905,run_06_s70_scientific,scientific,0.7
170,C,4,gnnexplainer,0.7,-2.0527212619781494,-2.9931726455688477,-1.977782964706421,-2.1881580352783203,0.1354367733001709,0.8050146102905273,0.21037507057189941,0.9404513835906982,0.07493829727172852,0.6695778369903564,0.07493829727172852,42,13,0.6904761904761905,run_06_s70_scientific,scientific,0.7
170,C,5,gnnexplainer,0.7,-2.0526702404022217,-2.589014768600464,-2.277881383895874,-2.174614429473877,0.12194418907165527,0.4144003391265869,0.10326695442199707,0.5363445281982422,0.22521114349365234,0.29245615005493164,-0.018677234649658203,42,13,0.6904761904761905,run_06_s70_scientific,scientific,0.7
270,H,0,gnnexplainer,0.7,-0.06326740980148315,-0.038000546395778656,-0.08312374353408813,-0.04426804184913635,0.018999367952346802,0.0062674954533576965,0.03885570168495178,0.0252668634057045,0.01985633373260498,-0.012731872498989105,0.01985633373260498,22,7,0.6818181818181819,run_06_s70_scientific,scientific,0.7
270,H,1,gnnexplainer,0.7,-0.06325238198041916,-0.06796927750110626,-0.02317623421549797,-0.04426804184913635,0.018984340131282806,0.02370123565196991,0.021091807633638382,0.004716895520687103,0.04007614776492119,0.004716895520687103,0.0021074675023555756,22,7,0.6818181818181819,run_06_s70_scientific,scientific,0.7
270,H,2,gnnexplainer,0.7,-0.11182482540607452,-0.11747007071971893,-0.11898684501647949,-0.1254609227180481,0.013636097311973572,0.007990851998329163,0.0064740777015686035,0.005645245313644409,0.007162019610404968,-0.005645245313644409,-0.007162019610404968,22,7,0.6818181818181819,run_06_s70_scientific,scientific,0.7
270,H,3,gnnexplainer,0.7,-0.11181138455867767,-0.16255581378936768,-0.13030901551246643,-0.12491703033447266,0.013105645775794983,0.03763878345489502,0.005391985177993774,0.05074442923069,0.018497630953788757,0.024533137679100037,-0.0077136605978012085,22,7,0.6818181818181819,run_06_s70_scientific,scientific,0.7
270,H,4,gnnexplainer,0.7,-0.11182227730751038,-0.09311695396900177,-0.10874618589878082,-0.12646092474460602,0.014638647437095642,0.03334397077560425,0.017714738845825195,0.018705323338508606,0.0030760914087295532,0.018705323338508606,0.0030760914087295532,22,7,0.6818181818181819,run_06_s70_scientific,scientific,0.7
270,H,5,gnnexplainer,0.7,-0.11181676387786865,-0.11911354959011078,-0.12222422659397125,-0.12591703236103058,0.014100268483161926,0.0068034827709198,0.003692805767059326,0.0072967857122421265,0.0104074627161026,-0.0072967857122421265,-0.0104074627161026,22,7,0.6818181818181819,run_06_s70_scientific,scientific,0.7
270,C,0,gnnexplainer,0.7,-0.8327508568763733,-4.121819972991943,-0.926250159740448,-0.4850490391254425,0.3477018177509308,3.636770933866501,0.4412011206150055,3.28906911611557,0.09349930286407471,3.28906911611557,0.09349930286407471,22,7,0.6818181818181819,run_06_s70_scientific,scientific,0.7
270,C,1,gnnexplainer,0.7,-3.084488868713379,-3.8503150939941406,-2.759657382965088,-2.464503288269043,0.6199855804443359,1.3858118057250977,0.2951540946960449,0.7658262252807617,0.324831485748291,0.7658262252807617,-0.324831485748291,22,7,0.6818181818181819,run_06_s70_scientific,scientific,0.7
270,C,2,gnnexplainer,0.7,-14.785540580749512,-12.245387077331543,-11.364313125610352,-16.523923873901367,1.7383832931518555,4.278536796569824,5.159610748291016,2.5401535034179688,3.42122745513916,2.5401535034179688,3.42122745513916,22,7,0.6818181818181819,run_06_s70_scientific,scientific,0.7
270,C,3,gnnexplainer,0.7,-3.084531784057617,-3.2356514930725098,-1.656518578529358,-2.4825034141540527,0.6020283699035645,0.753148078918457,0.8259848356246948,0.15111970901489258,1.4280132055282593,0.15111970901489258,0.22395646572113037,22,7,0.6818181818181819,run_06_s70_scientific,scientific,0.7
330,H,0,gnnexplainer,0.7,-0.05332114174962044,-0.05326265096664429,-0.09970922768115997,-0.03665326535701752,0.01666787639260292,0.01660938560962677,0.06305596232414246,5.849078297615051e-05,0.046388085931539536,-5.849078297615051e-05,0.046388085931539536,22,7,0.6818181818181819,run_06_s70_scientific,scientific,0.7
330,H,1,gnnexplainer,0.7,-0.04627763852477074,-0.03548051789402962,-0.05919020622968674,-0.05347871407866478,0.007201075553894043,0.017998196184635162,0.005711492151021957,0.01079712063074112,0.012912567704916,0.01079712063074112,-0.0014895834028720856,22,7,0.6818181818181819,run_06_s70_scientific,scientific,0.7
330,H,2,gnnexplainer,0.7,-0.04633069783449173,-0.03597133979201317,-0.034046679735183716,-0.052478715777397156,0.006148017942905426,0.016507375985383987,0.01843203604221344,0.010359358042478561,0.012284018099308014,0.010359358042478561,0.012284018099308014,22,7,0.6818181818181819,run_06_s70_scientific,scientific,0.7
330,H,3,gnnexplainer,0.7,-0.018737804144620895,-0.043119896203279495,-0.03059118241071701,-0.028382685035467148,0.009644880890846252,0.014737211167812347,0.0022084973752498627,0.0243820920586586,0.011853378266096115,0.005092330276966095,-0.00743638351559639,22,7,0.6818181818181819,run_06_s70_scientific,scientific,0.7
330,H,4,gnnexplainer,0.7,-0.01875194162130356,-0.04200258105993271,-0.03516616299748421,-0.02938268519937992,0.010630743578076363,0.012619895860552788,0.005783477798104286,0.02325063943862915,0.01641422137618065,0.001989152282476425,-0.004847265779972076,22,7,0.6818181818181819,run_06_s70_scientific,scientific,0.7
330,H,5,gnnexplainer,0.7,-0.08483874797821045,-0.12419627606868744,-0.08662132173776627,-0.05086393281817436,0.03397481516003609,0.07333234325051308,0.035757388919591904,0.03935752809047699,0.0017825737595558167,0.03935752809047699,0.0017825737595558167,22,7,0.6818181818181819,run_06_s70_scientific,scientific,0.7
330,H,6,gnnexplainer,0.7,-0.14934495091438293,-0.09654403477907181,-0.2262614369392395,-0.19063477218151093,0.04128982126712799,0.09409073740243912,0.03562666475772858,0.05280091613531113,0.07691648602485657,0.05280091613531113,-0.005663156509399414,22,7,0.6818181818181819,run_06_s70_scientific,scientific,0.7
330,C,0,gnnexplainer,0.7,-1.6009703874588013,-2.955376386642456,-1.840733528137207,-1.5042518377304077,0.09671854972839355,1.4511245489120483,0.3364816904067993,1.3544059991836548,0.23976314067840576,1.3544059991836548,0.23976314067840576,22,7,0.6818181818181819,run_06_s70_scientific,scientific,0.7
330,C,1,gnnexplainer,0.7,-1.3574010133743286,-2.142155408859253,-2.0227644443511963,-1.1874029636383057,0.16999804973602295,0.9547524452209473,0.8353614807128906,0.7847543954849243,0.6653634309768677,0.7847543954849243,0.6653634309768677,22,7,0.6818181818181819,run_06_s70_scientific,scientific,0.7
330,C,2,gnnexplainer,0.7,-6.480936527252197,-7.359105587005615,-7.043545722961426,-7.547578811645508,1.0666422843933105,0.18847322463989258,0.504033088684082,0.878169059753418,0.5626091957092285,-0.878169059753418,-0.5626091957092285,22,7,0.6818181818181819,run_06_s70_scientific,scientific,0.7
360,H,0,gnnexplainer,0.7,-0.33236026763916016,-0.12975263595581055,-0.2869320213794708,-0.3191285729408264,0.01323169469833374,0.18937593698501587,0.03219655156135559,0.2026076316833496,0.04542824625968933,0.17614424228668213,0.01896485686302185,24,8,0.6666666666666667,run_06_s70_scientific,scientific,0.7
360,H,1,gnnexplainer,0.7,-0.342712938785553,-0.16592329740524292,-0.32909777760505676,-0.26153138279914856,0.08118155598640442,0.09560808539390564,0.0675663948059082,0.17678964138031006,0.013615161180496216,0.01442652940750122,-0.013615161180496216,24,8,0.6666666666666667,run_06_s70_scientific,scientific,0.7
360,H,2,gnnexplainer,0.7,-0.14684848487377167,-0.05942784994840622,-0.14887994527816772,-0.1154087483882904,0.03143973648548126,0.055980898439884186,0.03347119688987732,0.08742063492536545,0.002031460404396057,0.024541161954402924,0.002031460404396057,24,8,0.6666666666666667,run_06_s70_scientific,scientific,0.7
360,H,3,gnnexplainer,0.7,-0.14511096477508545,-0.04320336505770683,-0.17108991742134094,-0.14733904600143433,0.002228081226348877,0.1041356809437275,0.023750871419906616,0.10190759971737862,0.025978952646255493,0.10190759971737862,0.02152279019355774,24,8,0.6666666666666667,run_06_s70_scientific,scientific,0.7
360,H,4,gnnexplainer,0.7,-0.13666847348213196,-0.05705992877483368,-0.1696375012397766,-0.11875949054956436,0.017908982932567596,0.06169956177473068,0.05087801069021225,0.07960854470729828,0.03296902775764465,0.043790578842163086,0.03296902775764465,24,8,0.6666666666666667,run_06_s70_scientific,scientific,0.7
360,H,5,gnnexplainer,0.7,-0.1832352876663208,-0.0935281291604042,-0.19714033603668213,-0.16926804184913635,0.013967245817184448,0.07573991268873215,0.027872294187545776,0.0897071585059166,0.013905048370361328,0.0617726668715477,0.013905048370361328,24,8,0.6666666666666667,run_06_s70_scientific,scientific,0.7
360,H,6,gnnexplainer,0.7,-0.17076992988586426,-0.07058455795049667,-0.16029000282287598,-0.20832136273384094,0.037551432847976685,0.13773680478334427,0.048031359910964966,0.10018537193536758,0.010479927062988281,0.10018537193536758,0.010479927062988281,24,8,0.6666666666666667,run_06_s70_scientific,scientific,0.7
360,C,0,gnnexplainer,0.7,-3.523756980895996,-2.199404716491699,-3.9147696495056152,-4.043220043182373,0.519463062286377,1.8438153266906738,0.1284503936767578,1.3243522644042969,0.39101266860961914,1.3243522644042969,-0.39101266860961914,24,8,0.6666666666666667,run_06_s70_scientific,scientific,0.7
360,C,1,gnnexplainer,0.7,-14.09076976776123,-9.750757217407227,-11.81054973602295,-14.111479759216309,0.020709991455078125,4.360722541809082,2.3009300231933594,4.340012550354004,2.2802200317382812,4.340012550354004,2.2802200317382812,24,8,0.6666666666666667,run_06_s70_scientific,scientific,0.7
360,C,2,gnnexplainer,0.7,-11.013855934143066,-9.777541160583496,-7.0702996253967285,-9.470762252807617,1.5430936813354492,0.3067789077758789,2.4004626274108887,1.2363147735595703,3.943556308746338,-1.2363147735595703,0.8573689460754395,24,8,0.6666666666666667,run_06_s70_scientific,scientific,0.7
360,C,3,gnnexplainer,0.7,-1.671934723854065,-2.480278968811035,-0.4870339035987854,-1.504056692123413,0.16787803173065186,0.9762222766876221,1.0170227885246277,0.8083442449569702,1.1849008202552795,0.8083442449569702,0.8491447567939758,24,8,0.6666666666666667,run_06_s70_scientific,scientific,0.7
380,H,0,gnnexplainer,0.7,-0.13993945717811584,-0.06498951464891434,-0.15128576755523682,-0.11915438622236252,0.020785070955753326,0.05416487157344818,0.0321313813328743,0.07494994252920151,0.011346310377120972,0.033379800617694855,0.011346310377120972,24,8,0.6666666666666667,run_06_s70_scientific,scientific,0.7
380,H,1,gnnexplainer,0.7,-0.13264447450637817,-0.070321224629879,-0.1472446769475937,-0.1529437154531479,0.020299240946769714,0.08262249082326889,0.005699038505554199,0.062323249876499176,0.014600202441215515,0.062323249876499176,-0.014600202441215515,24,8,0.6666666666666667,run_06_s70_scientific,scientific,0.7
380,H,2,gnnexplainer,0.7,-0.13482002913951874,-0.055489130318164825,-0.14133358001708984,-0.11749634146690369,0.01732368767261505,0.06200721114873886,0.023837238550186157,0.07933089882135391,0.006513550877571106,0.04468352347612381,0.006513550877571106,24,8,0.6666666666666667,run_06_s70_scientific,scientific,0.7
380,H,3,gnnexplainer,0.7,-0.1763220578432083,-0.10850242525339127,-0.18534767627716064,-0.2253120243549347,0.04898996651172638,0.11680959910154343,0.03996434807777405,0.06781963258981705,0.009025618433952332,0.06781963258981705,-0.009025618433952332,24,8,0.6666666666666667,run_06_s70_scientific,scientific,0.7
380,H,4,gnnexplainer,0.7,-0.17767122387886047,-0.11049395054578781,-0.18400263786315918,-0.19009250402450562,0.012421280145645142,0.0795985534787178,0.0060898661613464355,0.06717727333307266,0.006331413984298706,0.06717727333307266,-0.006331413984298706,24,8,0.6666666666666667,run_06_s70_scientific,scientific,0.7
380,H,5,gnnexplainer,0.7,-0.019281115382909775,-0.037322528660297394,-0.03986945003271103,0.054915860295295715,0.07419697567820549,0.09223838895559311,0.09478531032800674,0.01804141327738762,0.020588334649801254,0.01804141327738762,0.020588334649801254,24,8,0.6666666666666667,run_06_s70_scientific,scientific,0.7
380,H,6,gnnexplainer,0.7,-0.02779546007514,-0.04666314274072647,-0.027157820761203766,-0.026584316045045853,0.0012111440300941467,0.02007882669568062,0.0005735047161579132,0.01886768266558647,0.0006376393139362335,0.01886768266558647,-0.0006376393139362335,24,8,0.6666666666666667,run_06_s70_scientific,scientific,0.7
380,H,7,gnnexplainer,0.7,-0.025298241525888443,-0.026026636362075806,-0.014212507754564285,-0.0037771498318761587,0.021521091694012284,0.022249486530199647,0.010435357922688127,0.0007283948361873627,0.011085733771324158,0.0007283948361873627,-0.011085733771324158,24,8,0.6666666666666667,run_06_s70_scientific,scientific,0.7
380,C,0,gnnexplainer,0.7,-0.011481314897537231,-2.0444979667663574,-0.7030161619186401,0.17328409850597382,0.18476541340351105,2.2177820652723312,0.876300260424614,2.03301665186882,0.6915348470211029,2.03301665186882,0.6915348470211029,24,8,0.6666666666666667,run_06_s70_scientific,scientific,0.7
380,C,1,gnnexplainer,0.7,-2.963667631149292,-2.184406042098999,-2.1962428092956543,-2.9316675662994385,0.032000064849853516,0.7472615242004395,0.7354247570037842,0.779261589050293,0.7674248218536377,0.7152614593505859,0.7034246921539307,24,8,0.6666666666666667,run_06_s70_scientific,scientific,0.7
380,C,2,gnnexplainer,0.7,-15.949727058410645,-12.320536613464355,-11.130995750427246,-16.425132751464844,0.4754056930541992,4.104596138000488,5.294137001037598,3.629190444946289,4.818731307983398,3.629190444946289,4.818731307983398,24,8,0.6666666666666667,run_06_s70_scientific,scientific,0.7
380,C,3,gnnexplainer,0.7,-1.695212483406067,-3.2306771278381348,-0.7675981521606445,-1.3898565769195557,0.30535590648651123,1.840820550918579,0.6222584247589111,1.5354646444320679,0.9276143312454224,1.5354646444320679,0.3169025182723999,24,8,0.6666666666666667,run_06_s70_scientific,scientific,0.7
450,H,0,gnnexplainer,0.7,-0.04355114698410034,-0.043568409979343414,-0.04023106396198273,0.03275012969970703,0.07630127668380737,0.07631853967905045,0.07298119366168976,1.726299524307251e-05,0.0033200830221176147,1.726299524307251e-05,-0.0033200830221176147,30,10,0.6666666666666667,run_06_s70_scientific,scientific,0.7
450,H,1,gnnexplainer,0.7,-0.06927318125963211,-0.044873110949993134,-0.102494016289711,-0.0715140700340271,0.002240888774394989,0.026640959084033966,0.0309799462556839,0.024400070309638977,0.03322083503007889,0.024400070309638977,0.02873905748128891,30,10,0.6666666666666667,run_06_s70_scientific,scientific,0.7
450,H,2,gnnexplainer,0.7,-0.06935058534145355,-0.0466328002512455,-0.07046308368444443,-0.07355805486440659,0.0042074695229530334,0.026925254613161087,0.003094971179962158,0.022717785090208054,0.0011124983429908752,0.022717785090208054,-0.0011124983429908752,30,10,0.6666666666666667,run_06_s70_scientific,scientific,0.7
450,H,3,gnnexplainer,0.7,-0.14339891076087952,-0.13141974806785583,-0.1434776335954666,-0.23171529173851013,0.08831638097763062,0.1002955436706543,0.08823765814304352,0.011979162693023682,7.872283458709717e-05,0.011979162693023682,-7.872283458709717e-05,30,10,0.6666666666666667,run_06_s70_scientific,scientific,0.7
450,C,0,gnnexplainer,0.7,-5.920004844665527,-5.7550272941589355,-6.401183605194092,-7.761427879333496,1.8414230346679688,2.0064005851745605,1.3602442741394043,0.1649775505065918,0.48117876052856445,0.1649775505065918,-0.48117876052856445,30,10,0.6666666666666667,run_06_s70_scientific,scientific,0.7
450,C,1,gnnexplainer,0.7,-8.008285522460938,-5.056853771209717,-8.666874885559082,-9.08093547821045,1.0726499557495117,4.024081707000732,0.4140605926513672,2.9514317512512207,0.6585893630981445,2.9514317512512207,-0.6585893630981445,30,10,0.6666666666666667,run_06_s70_scientific,scientific,0.7
450,C,2,gnnexplainer,0.7,-0.7208598256111145,-2.799215793609619,-0.2734558582305908,-0.7991183996200562,0.07825857400894165,2.000097393989563,0.5256625413894653,2.0783559679985046,0.4474039673805237,1.9218388199806213,0.4474039673805237,30,10,0.6666666666666667,run_06_s70_scientific,scientific,0.7
450,C,3,gnnexplainer,0.7,-5.4790120124816895,-5.384853363037109,-4.7212138175964355,-5.140366077423096,0.33864593505859375,0.24448728561401367,0.41915225982666016,0.09415864944458008,0.7577981948852539,-0.09415864944458008,0.0805063247680664,30,10,0.6666666666666667,run_06_s70_scientific,scientific,0.7
450,C,4,gnnexplainer,0.7,-3.9353888034820557,-2.755770683288574,-4.300435543060303,-3.6308069229125977,0.304581880569458,0.8750362396240234,0.6696286201477051,1.1796181201934814,0.36504673957824707,0.5704543590545654,0.36504673957824707,30,10,0.6666666666666667,run_06_s70_scientific,scientific,0.7
490,H,0,gnnexplainer,0.7,-0.17315952479839325,-0.09638054668903351,-0.16589471697807312,-0.23058383166790009,0.057424306869506836,0.13420328497886658,0.06468911468982697,0.07677897810935974,0.007264807820320129,0.07677897810935974,0.007264807820320129,30,10,0.6666666666666667,run_06_s70_scientific,scientific,0.7
490,H,1,gnnexplainer,0.7,-0.15685632824897766,-0.11314287036657333,-0.16034385561943054,-0.249619260430336,0.09276293218135834,0.13647639006376266,0.08927540481090546,0.04371345788240433,0.003487527370452881,0.04371345788240433,-0.003487527370452881,30,10,0.6666666666666667,run_06_s70_scientific,scientific,0.7
490,H,2,gnnexplainer,0.7,-0.18034976720809937,-0.1286134123802185,-0.15614089369773865,-0.26599687337875366,0.0856471061706543,0.13738346099853516,0.10985597968101501,0.05173635482788086,0.024208873510360718,0.05173635482788086,0.024208873510360718,30,10,0.6666666666666667,run_06_s70_scientific,scientific,0.7
490,H,5,gnnexplainer,0.7,-0.12873896956443787,-0.09397999942302704,-0.09997878968715668,-0.1509436070919037,0.02220463752746582,0.05696360766887665,0.05096481740474701,0.03475897014141083,0.02876017987728119,0.03475897014141083,0.02876017987728119,30,10,0.6666666666666667,run_06_s70_scientific,scientific,0.7
490,H,6,gnnexplainer,0.7,-0.12632957100868225,-0.08302585780620575,-0.0711149275302887,-0.1284528225660324,0.0021232515573501587,0.04542696475982666,0.05733789503574371,0.0433037132024765,0.055214643478393555,0.0433037132024765,0.055214643478393555,30,10,0.6666666666666667,run_06_s70_scientific,scientific,0.7
490,C,0,gnnexplainer,0.7,-3.129530668258667,-2.122859001159668,-4.7640790939331055,-4.111388683319092,0.9818580150604248,1.9885296821594238,0.6526904106140137,1.006671667098999,1.6345484256744385,1.006671667098999,-0.32916760444641113,30,10,0.6666666666666667,run_06_s70_scientific,scientific,0.7
490,C,1,gnnexplainer,0.7,-15.582393646240234,-13.543084144592285,-10.424633026123047,-16.991817474365234,1.409423828125,3.448733329772949,6.5671844482421875,2.039309501647949,5.1577606201171875,2.039309501647949,5.1577606201171875,30,10,0.6666666666666667,run_06_s70_scientific,scientific,0.7
490,C,2,gnnexplainer,0.7,-3.881084442138672,-3.0703163146972656,-4.486645221710205,-4.111124038696289,0.2300395965576172,1.0408077239990234,0.375521183013916,0.8107681274414062,0.6055607795715332,0.8107681274414062,0.14548158645629883,30,10,0.6666666666666667,run_06_s70_scientific,scientific,0.7
490,C,3,gnnexplainer,0.7,-2.2796802520751953,-2.4788079261779785,-2.9904122352600098,-3.4353280067443848,1.1556477546691895,0.9565200805664062,0.444915771484375,0.1991276741027832,0.7107319831848145,-0.1991276741027832,-0.7107319831848145,30,10,0.6666666666666667,run_06_s70_scientific,scientific,0.7
510,H,0,gnnexplainer,0.7,-0.0641452819108963,-0.09250963479280472,-0.05093376338481903,-0.06858395785093307,0.004438675940036774,0.023925676941871643,0.017650194466114044,0.028364352881908417,0.01321151852607727,0.01948700100183487,0.01321151852607727,38,12,0.6842105263157895,run_06_s70_scientific,scientific,0.7
510,H,1,gnnexplainer,0.7,-0.07207746058702469,-0.09321551024913788,-0.07264988869428635,-0.10737372934818268,0.03529626876115799,0.0141582190990448,0.03472384065389633,0.02113804966211319,0.0005724281072616577,-0.02113804966211319,-0.0005724281072616577,38,12,0.6842105263157895,run_06_s70_scientific,scientific,0.7
510,H,2,gnnexplainer,0.7,-0.054743897169828415,-0.08397454023361206,-0.055045731365680695,-0.030469827353954315,0.0242740698158741,0.053504712879657745,0.02457590401172638,0.029230643063783646,0.00030183419585227966,0.029230643063783646,0.00030183419585227966,38,12,0.6842105263157895,run_06_s70_scientific,scientific,0.7
510,H,3,gnnexplainer,0.7,-0.0725153461098671,-0.10467855632305145,-0.05681391805410385,-0.1194084882736206,0.04689314216375351,0.014729931950569153,0.06259457021951675,0.03216321021318436,0.015701428055763245,-0.03216321021318436,0.015701428055763245,38,12,0.6842105263157895,run_06_s70_scientific,scientific,0.7
510,H,4,gnnexplainer,0.7,-0.06956268846988678,-0.10369907319545746,-0.07486201077699661,-0.058769065886735916,0.010793622583150864,0.04493000730872154,0.016092944890260696,0.03413638472557068,0.005299322307109833,0.03413638472557068,0.005299322307109833,38,12,0.6842105263157895,run_06_s70_scientific,scientific,0.7
510,H,5,gnnexplainer,0.7,-0.06805552542209625,-0.10933195054531097,-0.06870324164628983,-0.07969000190496445,0.011634476482868195,0.029641948640346527,0.010986760258674622,0.04127642512321472,0.000647716224193573,0.018007472157478333,-0.000647716224193573,38,12,0.6842105263157895,run_06_s70_scientific,scientific,0.7
510,H,6,gnnexplainer,0.7,-0.040923863649368286,-0.06547537446022034,-0.04044363275170326,-0.04133903980255127,0.0004151761531829834,0.024136334657669067,0.0008954070508480072,0.02455151081085205,0.0004802308976650238,0.023721158504486084,0.0004802308976650238,38,12,0.6842105263157895,run_06_s70_scientific,scientific,0.7
510,H,7,gnnexplainer,0.7,-0.02234116941690445,-0.06327400356531143,-0.06502046436071396,-0.03561985865235329,0.013278689235448837,0.027654144912958145,0.029400605708360672,0.04093283414840698,0.04267929494380951,0.014375455677509308,0.016121916472911835,38,12,0.6842105263157895,run_06_s70_scientific,scientific,0.7
510,H,8,gnnexplainer,0.7,-0.057253893464803696,-0.08640021085739136,-0.05644938349723816,-0.0713830441236496,0.014129150658845901,0.01501716673374176,0.014933660626411438,0.029146317392587662,0.0008045099675655365,0.0008880160748958588,0.0008045099675655365,38,12,0.6842105263157895,run_06_s70_scientific,scientific,0.7
510,H,9,gnnexplainer,0.7,-0.06739038974046707,-0.08684918284416199,-0.09984636306762695,-0.08068999648094177,0.013299606740474701,0.006159186363220215,0.01915636658668518,0.019458793103694916,0.03245597332715988,-0.007140420377254486,0.00585675984621048,38,12,0.6842105263157895,run_06_s70_scientific,scientific,0.7
510,C,0,gnnexplainer,0.7,-3.183384895324707,-2.8865060806274414,-3.309758186340332,-2.6794397830963135,0.5039451122283936,0.20706629753112793,0.6303184032440186,0.2968788146972656,0.126373291015625,-0.2968788146972656,0.126373291015625,38,12,0.6842105263157895,run_06_s70_scientific,scientific,0.7
510,C,1,gnnexplainer,0.7,-2.929103136062622,-2.8868210315704346,-3.2154388427734375,-2.8548877239227295,0.07421541213989258,0.03193330764770508,0.360551118850708,0.0422821044921875,0.28633570671081543,-0.0422821044921875,0.28633570671081543,38,12,0.6842105263157895,run_06_s70_scientific,scientific,0.7
510,C,2,gnnexplainer,0.7,-4.82141637802124,-3.963412284851074,-4.112339019775391,-4.148713111877441,0.6727032661437988,0.1853008270263672,0.03637409210205078,0.858004093170166,0.7090773582458496,-0.48740243911743164,-0.636329174041748,38,12,0.6842105263157895,run_06_s70_scientific,scientific,0.7
510,C,3,gnnexplainer,0.7,-1.93549382686615,-2.4033889770507812,-1.239763617515564,-0.3196980357170105,1.6157957911491394,2.0836909413337708,0.9200655817985535,0.46789515018463135,0.6957302093505859,0.46789515018463135,-0.6957302093505859,38,12,0.6842105263157895,run_06_s70_scientific,scientific,0.7
510,C,4,gnnexplainer,0.7,-0.8245482444763184,-2.461987257003784,-1.190106749534607,-0.5578681230545044,0.26668012142181396,1.9041191339492798,0.6322386264801025,1.6374390125274658,0.3655585050582886,1.6374390125274658,0.3655585050582886,38,12,0.6842105263157895,run_06_s70_scientific,scientific,0.7
510,C,5,gnnexplainer,0.7,-1.521938443183899,-2.31742525100708,-1.0499999523162842,-0.3343559503555298,1.1875824928283691,1.9830693006515503,0.7156440019607544,0.7954868078231812,0.47193849086761475,0.7954868078231812,-0.47193849086761475,38,12,0.6842105263157895,run_06_s70_scientific,scientific,0.7
530,H,0,gnnexplainer,0.7,-0.08534625172615051,-0.08518234640359879,-0.11166439950466156,-0.16678637266159058,0.08144012093544006,0.08160402625799179,0.055121973156929016,0.0001639053225517273,0.026318147778511047,0.0001639053225517273,-0.026318147778511047,20,7,0.65,run_06_s70_scientific,scientific,0.7
530,H,1,gnnexplainer,0.7,-0.09019753336906433,-0.09297654032707214,-0.12876218557357788,-0.13316234946250916,0.042964816093444824,0.04018580913543701,0.004400163888931274,0.0027790069580078125,0.03856465220451355,-0.0027790069580078125,-0.03856465220451355,20,7,0.65,run_06_s70_scientific,scientific,0.7
530,H,2,gnnexplainer,0.7,-0.030807171016931534,-0.06062868982553482,-0.0210043266415596,-0.0575319267809391,0.02672475576400757,0.0030967630445957184,0.0365276001393795,0.029821518808603287,0.009802844375371933,-0.02362799271941185,0.009802844375371933,20,7,0.65,run_06_s70_scientific,scientific,0.7
530,H,3,gnnexplainer,0.7,-0.04008097946643829,-0.07867482304573059,-0.0494895875453949,-0.04089127480983734,0.0008102953433990479,0.03778354823589325,0.008598312735557556,0.0385938435792923,0.009408608078956604,0.0369732528924942,0.007788017392158508,20,7,0.65,run_06_s70_scientific,scientific,0.7
530,H,4,gnnexplainer,0.7,-0.03763440251350403,-0.06634383648633957,-0.09820786118507385,-0.06429433822631836,0.02665993571281433,0.0020494982600212097,0.03391352295875549,0.02870943397283554,0.060573458671569824,-0.02461043745279312,0.007253587245941162,20,7,0.65,run_06_s70_scientific,scientific,0.7
530,C,0,gnnexplainer,0.7,-2.6694869995117188,-2.8515870571136475,-2.6994733810424805,-2.8974430561065674,0.22795605659484863,0.04585599899291992,0.19796967506408691,0.1821000576019287,0.02998638153076172,-0.1821000576019287,-0.02998638153076172,20,7,0.65,run_06_s70_scientific,scientific,0.7
530,C,1,gnnexplainer,0.7,-3.2187187671661377,-3.2047393321990967,-2.617332935333252,-2.7582390308380127,0.460479736328125,0.446500301361084,0.14090609550476074,0.013979434967041016,0.6013858318328857,-0.013979434967041016,-0.31957364082336426,20,7,0.65,run_06_s70_scientific,scientific,0.7
530,C,2,gnnexplainer,0.7,-4.761256694793701,-4.389195442199707,-5.2704315185546875,-4.5724406242370605,0.18881607055664062,0.18324518203735352,0.697990894317627,0.37206125259399414,0.5091748237609863,-0.005570888519287109,0.5091748237609863,20,7,0.65,run_06_s70_scientific,scientific,0.7
610,H,0,gnnexplainer,0.7,-0.44238173961639404,-0.13219407200813293,-0.531714916229248,-0.615548849105835,0.17316710948944092,0.483354777097702,0.08383393287658691,0.3101876676082611,0.089333176612854,0.3101876676082611,-0.089333176612854,24,8,0.6666666666666667,run_06_s70_scientific,scientific,0.7
610,H,1,gnnexplainer,0.7,-0.1651545912027359,-0.0970974937081337,-0.0921456515789032,-0.12229462713003159,0.042859964072704315,0.025197133421897888,0.030148975551128387,0.0680570974946022,0.0730089396238327,-0.017662830650806427,-0.012710988521575928,24,8,0.6666666666666667,run_06_s70_scientific,scientific,0.7
610,H,2,gnnexplainer,0.7,-0.13610506057739258,-0.06745637953281403,-0.16378238797187805,-0.1601894050836563,0.024084344506263733,0.09273302555084229,0.0035929828882217407,0.06864868104457855,0.027677327394485474,0.06864868104457855,-0.020491361618041992,24,8,0.6666666666666667,run_06_s70_scientific,scientific,0.7
610,H,3,gnnexplainer,0.7,-0.1795758754014969,-0.12125452607870102,-0.18431252241134644,-0.18318936228752136,0.003613486886024475,0.06193483620882034,0.0011231601238250732,0.05832134932279587,0.004736647009849548,0.05832134932279587,-0.002490326762199402,24,8,0.6666666666666667,run_06_s70_scientific,scientific,0.7
610,H,4,gnnexplainer,0.7,-0.500056803226471,-0.12906906008720398,-0.5769705772399902,-0.6312503814697266,0.13119357824325562,0.5021813213825226,0.05427980422973633,0.37098774313926697,0.07691377401351929,0.37098774313926697,-0.07691377401351929,24,8,0.6666666666666667,run_06_s70_scientific,scientific,0.7
610,H,5,gnnexplainer,0.7,-0.14004060626029968,-0.05252762883901596,-0.14648665487766266,-0.12377718091011047,0.01626342535018921,0.07124955207109451,0.022709473967552185,0.08751297742128372,0.006446048617362976,0.054986126720905304,0.006446048617362976,24,8,0.6666666666666667,run_06_s70_scientific,scientific,0.7
610,H,6,gnnexplainer,0.7,-0.12860378623008728,-0.0455688051879406,-0.15749196708202362,-0.14696994423866272,0.01836615800857544,0.10140113905072212,0.010522022843360901,0.08303498104214668,0.02888818085193634,0.08303498104214668,-0.007844135165214539,24,8,0.6666666666666667,run_06_s70_scientific,scientific,0.7
610,H,7,gnnexplainer,0.7,-0.16811057925224304,-0.0937109887599945,-0.14855340123176575,-0.19154877960681915,0.02343820035457611,0.09783779084682465,0.042995378375053406,0.07439959049224854,0.019557178020477295,0.07439959049224854,0.019557178020477295,24,8,0.6666666666666667,run_06_s70_scientific,scientific,0.7
610,C,0,gnnexplainer,0.7,-16.07822036743164,-12.8305025100708,-17.41495704650879,-18.057586669921875,1.9793663024902344,5.227084159851074,0.6426296234130859,3.24771785736084,1.3367366790771484,3.24771785736084,-1.3367366790771484,24,8,0.6666666666666667,run_06_s70_scientific,scientific,0.7
610,C,1,gnnexplainer,0.7,-16.779712677001953,-12.833317756652832,-19.784717559814453,-17.75385856628418,0.9741458892822266,4.920540809631348,2.0308589935302734,3.946394920349121,3.0050048828125,3.946394920349121,1.0567131042480469,24,8,0.6666666666666667,run_06_s70_scientific,scientific,0.7
610,C,2,gnnexplainer,0.7,-1.856040596961975,-1.4609862565994263,-1.5262786149978638,-2.5053277015686035,0.6492871046066284,1.0443414449691772,0.9790490865707397,0.39505434036254883,0.32976198196411133,0.39505434036254883,0.32976198196411133,24,8,0.6666666666666667,run_06_s70_scientific,scientific,0.7
610,C,3,gnnexplainer,0.7,-1.9090392589569092,-2.726696491241455,-3.211853504180908,-2.3740406036376953,0.46500134468078613,0.35265588760375977,0.8378129005432129,0.8176572322845459,1.302814245223999,-0.11234545707702637,0.37281155586242676,24,8,0.6666666666666667,run_06_s70_scientific,scientific,0.7
620,H,0,gnnexplainer,0.7,-0.22838380932807922,-0.1342841386795044,-0.2496490478515625,-0.2509962022304535,0.022612392902374268,0.1167120635509491,0.0013471543788909912,0.09409967064857483,0.021265238523483276,0.09409967064857483,-0.021265238523483276,32,10,0.6875,run_06_s70_scientific,scientific,0.7
620,H,1,gnnexplainer,0.7,-0.228367418050766,-0.12407762557268143,-0.23676857352256775,-0.24986469745635986,0.021497279405593872,0.12578707188367844,0.013096123933792114,0.10428979247808456,0.008401155471801758,0.10428979247808456,-0.008401155471801758,32,10,0.6875,run_06_s70_scientific,scientific,0.7
620,H,2,gnnexplainer,0.7,-0.2283584177494049,-0.14366404712200165,-0.2680920958518982,-0.2488207370042801,0.020462319254875183,0.10515668988227844,0.019271358847618103,0.08469437062740326,0.039733678102493286,0.08469437062740326,-0.00119096040725708,32,10,0.6875,run_06_s70_scientific,scientific,0.7
620,H,3,gnnexplainer,0.7,-0.22839093208312988,-0.12629562616348267,-0.23331576585769653,-0.25204017758369446,0.023649245500564575,0.1257445514202118,0.018724411725997925,0.10209530591964722,0.00492483377456665,0.10209530591964722,-0.00492483377456665,32,10,0.6875,run_06_s70_scientific,scientific,0.7
620,H,4,gnnexplainer,0.7,-0.22839006781578064,-0.12117721885442734,-0.2375147044658661,-0.251996248960495,0.023606181144714355,0.13081903010606766,0.014481544494628906,0.1072128489613533,0.00912463665008545,0.1072128489613533,-0.00912463665008545,32,10,0.6875,run_06_s70_scientific,scientific,0.7
620,H,5,gnnexplainer,0.7,-0.22836831212043762,-0.12833717465400696,-0.22243061661720276,-0.24986469745635986,0.02149638533592224,0.1215275228023529,0.027434080839157104,0.10003113746643066,0.005937695503234863,0.10003113746643066,0.005937695503234863,32,10,0.6875,run_06_s70_scientific,scientific,0.7
620,H,6,gnnexplainer,0.7,-0.00035447627305984497,-0.034052588045597076,0.0030217915773391724,0.08161692321300507,0.08197139948606491,0.11566951125860214,0.0785951316356659,0.03369811177253723,0.0033762678503990173,0.03369811177253723,-0.0033762678503990173,32,10,0.6875,run_06_s70_scientific,scientific,0.7
620,H,7,gnnexplainer,0.7,-0.0003616511821746826,-0.022617638111114502,-0.0034178979694843292,0.0810290277004242,0.08139067888259888,0.1036466658115387,0.08444692566990852,0.02225598692893982,0.0030562467873096466,0.02225598692893982,0.0030562467873096466,32,10,0.6875,run_06_s70_scientific,scientific,0.7
620,H,8,gnnexplainer,0.7,-0.00035750120878219604,-0.03687151521444321,0.0020216330885887146,0.08161692321300507,0.08197442442178726,0.11848843842744827,0.07959529012441635,0.03651401400566101,0.0023791342973709106,0.03651401400566101,-0.0023791342973709106,32,10,0.6875,run_06_s70_scientific,scientific,0.7
620,H,9,gnnexplainer,0.7,-0.01004878431558609,-0.08344154804944992,0.006504468619823456,0.17055636644363403,0.18060515075922012,0.25399791449308395,0.16405189782381058,0.07339276373386383,0.016553252935409546,0.07339276373386383,-0.016553252935409546,32,10,0.6875,run_06_s70_scientific,scientific,0.7
620,C,0,gnnexplainer,0.7,-8.43395709991455,-7.251726150512695,-5.741361141204834,-8.185676574707031,0.24828052520751953,0.9339504241943359,2.4443154335021973,1.1822309494018555,2.692595958709717,0.6856698989868164,2.1960349082946777,32,10,0.6875,run_06_s70_scientific,scientific,0.7
620,C,1,gnnexplainer,0.7,-8.439017295837402,-7.583505153656006,-6.2951836585998535,-8.185914039611816,0.25310325622558594,0.6024088859558105,1.890730381011963,0.8555121421813965,2.143833637237549,0.3493056297302246,1.637627124786377,32,10,0.6875,run_06_s70_scientific,scientific,0.7
620,C,2,gnnexplainer,0.7,-8.438666343688965,-7.750263690948486,-7.910759449005127,-8.188501358032227,0.2501649856567383,0.43823766708374023,0.2777419090270996,0.6884026527404785,0.5279068946838379,0.18807268142700195,0.027576923370361328,32,10,0.6875,run_06_s70_scientific,scientific,0.7
620,C,3,gnnexplainer,0.7,-8.43066120147705,-7.2867960929870605,-9.21365737915039,-8.189264297485352,0.24139690399169922,0.902468204498291,1.024393081665039,1.1438651084899902,0.7829961776733398,0.6610713005065918,0.7829961776733398,32,10,0.6875,run_06_s70_scientific,scientific,0.7
620,C,4,gnnexplainer,0.7,-8.43023681640625,-7.640426158905029,-5.73996639251709,-8.187677383422852,0.24255943298339844,0.5472512245178223,2.4477109909057617,0.7898106575012207,2.69027042388916,0.30469179153442383,2.2051515579223633,32,10,0.6875,run_06_s70_scientific,scientific,0.7
620,C,5,gnnexplainer,0.7,-8.442373275756836,-6.4042510986328125,-7.115998268127441,-8.186501502990723,0.2558717727661133,1.7822504043579102,1.0705032348632812,2.0381221771240234,1.3263750076293945,1.5263786315917969,0.814631462097168,32,10,0.6875,run_06_s70_scientific,scientific,0.7
620,C,6,gnnexplainer,0.7,0.4642379879951477,-2.4705872535705566,0.5788791179656982,1.20413076877594,0.7398927807807922,3.6747180223464966,0.6252516508102417,2.9348252415657043,0.11464112997055054,2.9348252415657043,-0.11464112997055054,32,10,0.6875,run_06_s70_scientific,scientific,0.7
640,H,0,gnnexplainer,0.7,-0.21126306056976318,-0.11242689192295074,-0.2239995300769806,0.13790667057037354,0.3491697311401367,0.2503335624933243,0.3619062006473541,0.09883616864681244,0.012736469507217407,-0.09883616864681244,0.012736469507217407,38,12,0.6842105263157895,run_06_s70_scientific,scientific,0.7
640,H,1,gnnexplainer,0.7,-0.21125224232673645,-0.10485909879207611,-0.18787428736686707,0.13790667057037354,0.34915891289711,0.24276576936244965,0.3257809579372406,0.10639314353466034,0.023377954959869385,-0.10639314353466034,-0.023377954959869385,38,12,0.6842105263157895,run_06_s70_scientific,scientific,0.7
640,H,2,gnnexplainer,0.7,-0.04018162190914154,-0.08692602068185806,-0.05348515883088112,-0.010049479082226753,0.030132142826914787,0.07687654159963131,0.043435679748654366,0.04674439877271652,0.013303536921739578,0.04674439877271652,0.013303536921739578,38,12,0.6842105263157895,run_06_s70_scientific,scientific,0.7
640,H,3,gnnexplainer,0.7,-0.02698579430580139,-0.0413600318133831,-0.02265375852584839,-0.030795302242040634,0.0038095079362392426,0.010564729571342468,0.008141543716192245,0.01437423750758171,0.004332035779953003,0.006755221635103226,0.004332035779953003,38,12,0.6842105263157895,run_06_s70_scientific,scientific,0.7
640,H,4,gnnexplainer,0.7,-0.029253706336021423,-0.048668622970581055,-0.028259672224521637,-0.03988323733210564,0.010629530996084213,0.008785385638475418,0.011623565107584,0.01941491663455963,0.0009940341114997864,-0.0018441453576087952,0.0009940341114997864,38,12,0.6842105263157895,run_06_s70_scientific,scientific,0.7
640,H,5,gnnexplainer,0.7,-0.07945401221513748,-0.09192527830600739,-0.08518856763839722,-0.08353185653686523,0.004077844321727753,0.008393421769142151,0.0016567111015319824,0.012471266090869904,0.005734555423259735,0.004315577447414398,-0.0024211332201957703,38,12,0.6842105263157895,run_06_s70_scientific,scientific,0.7
640,H,6,gnnexplainer,0.7,-0.11835552006959915,-0.13677063584327698,-0.11474848538637161,-0.10661061108112335,0.0117449089884758,0.030160024762153625,0.00813787430524826,0.018415115773677826,0.003607034683227539,0.018415115773677826,-0.003607034683227539,38,12,0.6842105263157895,run_06_s70_scientific,scientific,0.7
640,H,7,gnnexplainer,0.7,-0.06900552660226822,-0.12380827218294144,-0.0853753387928009,-0.07117222994565964,0.0021667033433914185,0.0526360422372818,0.014203108847141266,0.05480274558067322,0.016369812190532684,0.05046933889389038,0.012036405503749847,38,12,0.6842105263157895,run_06_s70_scientific,scientific,0.7
640,H,8,gnnexplainer,0.7,-0.10110029578208923,-0.13134244084358215,-0.11341249942779541,-0.12511934340000153,0.024019047617912292,0.0062230974435806274,0.011706843972206116,0.03024214506149292,0.012312203645706177,-0.017795950174331665,-0.012312203645706177,38,12,0.6842105263157895,run_06_s70_scientific,scientific,0.7
640,H,9,gnnexplainer,0.7,-0.07945292443037033,-0.11414528638124466,-0.07996997237205505,-0.08353185653686523,0.0040789321064949036,0.030613429844379425,0.0035618841648101807,0.03469236195087433,0.0005170479416847229,0.02653449773788452,-0.0005170479416847229,38,12,0.6842105263157895,run_06_s70_scientific,scientific,0.7
640,H,10,gnnexplainer,0.7,-0.11835354566574097,-0.13211698830127716,-0.13574644923210144,-0.10661061108112335,0.011742934584617615,0.02550637722015381,0.02913583815097809,0.013763442635536194,0.017392903566360474,0.013763442635536194,0.017392903566360474,38,12,0.6842105263157895,run_06_s70_scientific,scientific,0.7
640,H,11,gnnexplainer,0.7,-0.04018741473555565,-0.06327958405017853,-0.039592571556568146,-0.010049479082226753,0.030137935653328896,0.053230104967951775,0.029543092474341393,0.02309216931462288,0.000594843178987503,0.02309216931462288,-0.000594843178987503,38,12,0.6842105263157895,run_06_s70_scientific,scientific,0.7
640,H,12,gnnexplainer,0.7,-0.029250383377075195,-0.049221012741327286,-0.048036228865385056,-0.04088323935866356,0.011632855981588364,0.008337773382663727,0.007152989506721497,0.01997062936425209,0.01878584548830986,-0.003295082598924637,-0.004479866474866867,38,12,0.6842105263157895,run_06_s70_scientific,scientific,0.7
640,H,13,gnnexplainer,0.7,-0.026982992887496948,-0.028538726270198822,-0.03599252924323082,-0.030795302242040634,0.003812309354543686,0.002256575971841812,0.0051972270011901855,0.0015557333827018738,0.009009536355733871,-0.0015557333827018738,0.0013849176466464996,38,12,0.6842105263157895,run_06_s70_scientific,scientific,0.7
640,C,0,gnnexplainer,0.7,-7.860611915588379,-8.366141319274902,-9.166409492492676,-8.271045684814453,0.4104337692260742,0.09509563446044922,0.8953638076782227,0.5055294036865234,1.3057975769042969,-0.315338134765625,0.48493003845214844,38,12,0.6842105263157895,run_06_s70_scientific,scientific,0.7
640,C,1,gnnexplainer,0.7,-7.8596673011779785,-8.280619621276855,-8.191206932067871,-8.270045280456543,0.41037797927856445,0.0105743408203125,0.07883834838867188,0.42095232009887695,0.3315396308898926,-0.39980363845825195,-0.3315396308898926,38,12,0.6842105263157895,run_06_s70_scientific,scientific,0.7
640,C,2,gnnexplainer,0.7,-0.4793398380279541,-2.7200684547424316,-0.18252691626548767,-0.608948290348053,0.12960845232009888,2.1111201643943787,0.4264213740825653,2.2407286167144775,0.29681292176246643,1.9815117120742798,0.29681292176246643,38,12,0.6842105263157895,run_06_s70_scientific,scientific,0.7
640,C,3,gnnexplainer,0.7,-1.0577682256698608,-3.1472740173339844,-1.4716870784759521,-1.4114946126937866,0.3537263870239258,1.7357794046401978,0.06019246578216553,2.0895057916641235,0.4139188528060913,1.382053017616272,-0.29353392124176025,38,12,0.6842105263157895,run_06_s70_scientific,scientific,0.7
640,C,4,gnnexplainer,0.7,-1.6062666177749634,-3.64721417427063,-1.4579477310180664,-2.1460978984832764,0.539831280708313,1.5011162757873535,0.68815016746521,2.0409475564956665,0.14831888675689697,0.9612849950790405,0.14831888675689697,38,12,0.6842105263157895,run_06_s70_scientific,scientific,0.7
640,C,5,gnnexplainer,0.7,-1.0578246116638184,-3.320875644683838,-1.180190086364746,-1.4114511013031006,0.3536264896392822,1.9094245433807373,0.2312610149383545,2.2630510330200195,0.12236547470092773,1.555798053741455,-0.12236547470092773,38,12,0.6842105263157895,run_06_s70_scientific,scientific,0.7
640,C,6,gnnexplainer,0.7,-0.47932881116867065,-2.6360087394714355,-0.3682168126106262,-0.6109034419059753,0.1315746307373047,2.02510529756546,0.24268662929534912,2.156679928302765,0.11111199855804443,1.8935306668281555,0.11111199855804443,38,12,0.6842105263157895,run_06_s70_scientific,scientific,0.7
650,H,0,gnnexplainer,0.7,-0.034940771758556366,-0.069450244307518,-0.04961815103888512,-0.047470711171627045,0.012529939413070679,0.02197953313589096,0.002147439867258072,0.03450947254896164,0.01467737928032875,0.009449593722820282,-0.010382499545812607,40,13,0.675,run_06_s70_scientific,scientific,0.7
650,H,1,gnnexplainer,0.7,-0.06100916862487793,-0.1128167062997818,-0.058407872915267944,-0.0373387411236763,0.02367042750120163,0.0754779651761055,0.021069131791591644,0.05180753767490387,0.0026012957096099854,0.05180753767490387,-0.0026012957096099854,40,13,0.675,run_06_s70_scientific,scientific,0.7
650,H,2,gnnexplainer,0.7,-0.024738125503063202,-0.02582699805498123,-0.020373553037643433,-0.021102281287312508,0.0036358442157506943,0.004724716767668724,0.000728728249669075,0.0010888725519180298,0.004364572465419769,0.0010888725519180298,-0.0029071159660816193,40,13,0.675,run_06_s70_scientific,scientific,0.7
650,H,3,gnnexplainer,0.7,-0.10827633738517761,-0.08743169158697128,-0.11878275871276855,-0.09628623723983765,0.011990100145339966,0.008854545652866364,0.022496521472930908,0.02084464579820633,0.010506421327590942,-0.0031355544924736023,0.010506421327590942,40,13,0.675,run_06_s70_scientific,scientific,0.7
650,H,4,gnnexplainer,0.7,-0.05421527847647667,-0.037024810910224915,-0.05985474959015846,-0.1060146912932396,0.051799412816762924,0.06898988038301468,0.04615994170308113,0.017190467566251755,0.005639471113681793,0.017190467566251755,-0.005639471113681793,40,13,0.675,run_06_s70_scientific,scientific,0.7
650,H,5,gnnexplainer,0.7,-0.0340970978140831,-0.07158748060464859,-0.04417864978313446,-0.045926790684461594,0.011829692870378494,0.025660689920186996,0.0017481409013271332,0.03749038279056549,0.010081551969051361,0.013830997049808502,-0.010081551969051361,40,13,0.675,run_06_s70_scientific,scientific,0.7
650,H,6,gnnexplainer,0.7,-0.023676138371229172,-0.0400015264749527,-0.023179545998573303,-0.01910228095948696,0.00457385741174221,0.020899245515465736,0.004077265039086342,0.016325388103723526,0.0004965923726558685,0.016325388103723526,-0.0004965923726558685,40,13,0.675,run_06_s70_scientific,scientific,0.7
650,H,7,gnnexplainer,0.7,-0.05934511870145798,-0.10365255177021027,-0.06300603598356247,-0.03475097194314003,0.024594146758317947,0.06890157982707024,0.02825506404042244,0.04430743306875229,0.003660917282104492,0.04430743306875229,0.003660917282104492,40,13,0.675,run_06_s70_scientific,scientific,0.7
650,H,8,gnnexplainer,0.7,-0.03394071012735367,-0.056560199707746506,-0.03991254046559334,-0.04692678898572922,0.01298607885837555,0.009633410722017288,0.0070142485201358795,0.022619489580392838,0.00597183033823967,-0.003352668136358261,-0.00597183033823967,40,13,0.675,run_06_s70_scientific,scientific,0.7
650,H,9,gnnexplainer,0.7,-0.05895303934812546,-0.11147384345531464,-0.06666300445795059,-0.03479496389627457,0.02415807545185089,0.07667887955904007,0.031868040561676025,0.05252080410718918,0.007709965109825134,0.05252080410718918,0.007709965109825134,40,13,0.675,run_06_s70_scientific,scientific,0.7
650,H,10,gnnexplainer,0.7,-0.023587524890899658,-0.02620016783475876,-0.03870886191725731,-0.020102281123399734,0.0034852437674999237,0.006097886711359024,0.018606580793857574,0.0026126429438591003,0.01512133702635765,0.0026126429438591003,0.01512133702635765,40,13,0.675,run_06_s70_scientific,scientific,0.7
650,H,11,gnnexplainer,0.7,-0.10841157287359238,-0.10385406017303467,-0.12041701376438141,-0.09524228423833847,0.013169288635253906,0.008611775934696198,0.025174729526042938,0.004557512700557709,0.012005440890789032,-0.004557512700557709,0.012005440890789032,40,13,0.675,run_06_s70_scientific,scientific,0.7
650,H,12,gnnexplainer,0.7,-0.05435436591506004,-0.05014058202505112,-0.06114107370376587,-0.10497073829174042,0.050616372376680374,0.0548301562666893,0.04382966458797455,0.004213783890008926,0.006786707788705826,0.004213783890008926,-0.006786707788705826,40,13,0.675,run_06_s70_scientific,scientific,0.7
650,H,13,gnnexplainer,0.7,-0.06090754270553589,-0.09808792173862457,-0.057951219379901886,-0.03579496219754219,0.025112580507993698,0.06229295954108238,0.022156257182359695,0.037180379033088684,0.0029563233256340027,0.037180379033088684,-0.0029563233256340027,40,13,0.675,run_06_s70_scientific,scientific,0.7
650,H,14,gnnexplainer,0.7,-0.03507107496261597,-0.08005978167057037,-0.04909124970436096,-0.04792679101228714,0.012855716049671173,0.032132990658283234,0.001164458692073822,0.04498870670795441,0.014020174741744995,0.01927727460861206,-0.011691257357597351,40,13,0.675,run_06_s70_scientific,scientific,0.7
650,H,15,gnnexplainer,0.7,-0.024672776460647583,-0.02683413401246071,-0.01962064951658249,-0.01910228095948696,0.005570495501160622,0.007731853052973747,0.0005183685570955276,0.0021613575518131256,0.005052126944065094,0.0021613575518131256,-0.005052126944065094,40,13,0.675,run_06_s70_scientific,scientific,0.7
650,C,0,gnnexplainer,0.7,-0.6039972305297852,-2.4350953102111816,-0.17692524194717407,-0.7945148944854736,0.19051766395568848,1.640580415725708,0.6175896525382996,1.8310980796813965,0.4270719885826111,1.4500627517700195,0.4270719885826111,40,13,0.675,run_06_s70_scientific,scientific,0.7
650,C,1,gnnexplainer,0.7,-0.9427768588066101,-2.890705108642578,-0.47239911556243896,-1.2854688167572021,0.34269195795059204,1.605236291885376,0.8130697011947632,1.947928249835968,0.47037774324417114,1.262544333934784,0.47037774324417114,40,13,0.675,run_06_s70_scientific,scientific,0.7
650,C,2,gnnexplainer,0.7,-0.6430948376655579,-2.725970506668091,-0.8669058680534363,-0.7869271636009216,0.14383232593536377,1.9390433430671692,0.07997870445251465,2.082875669002533,0.22381103038787842,1.7952110171318054,-0.06385362148284912,40,13,0.675,run_06_s70_scientific,scientific,0.7
650,C,3,gnnexplainer,0.7,-0.6416166424751282,-2.024937152862549,-0.4632238745689392,-0.7869707942008972,0.14535415172576904,1.2379663586616516,0.323746919631958,1.3833205103874207,0.17839276790618896,1.0926122069358826,0.17839276790618896,40,13,0.675,run_06_s70_scientific,scientific,0.7
650,C,4,gnnexplainer,0.7,-0.942050039768219,-3.8853061199188232,-0.8405351042747498,-1.282924771308899,0.34087473154067993,2.6023813486099243,0.44238966703414917,2.9432560801506042,0.10151493549346924,2.2615066170692444,0.10151493549346924,40,13,0.675,run_06_s70_scientific,scientific,0.7
650,C,5,gnnexplainer,0.7,-0.60410076379776,-2.237905502319336,-0.4967597723007202,-0.7939702272415161,0.1898694634437561,1.4439352750778198,0.2972104549407959,1.633804738521576,0.1073409914970398,1.2540658116340637,0.1073409914970398,40,13,0.675,run_06_s70_scientific,scientific,0.7
740,H,1,gnnexplainer,0.7,-0.026137936860322952,-0.06937813013792038,-0.02613326907157898,0.03481113538146019,0.06094907224178314,0.10418926551938057,0.06094440445303917,0.04324019327759743,4.667788743972778e-06,0.04324019327759743,-4.667788743972778e-06,34,11,0.6764705882352942,run_06_s70_scientific,scientific,0.7
740,H,2,gnnexplainer,0.7,-0.04452488198876381,-0.10807207971811295,-0.050936661660671234,-0.0694003626704216,0.02487548068165779,0.038671717047691345,0.018463701009750366,0.06354719772934914,0.006411779671907425,0.013796236366033554,-0.006411779671907425,34,11,0.6764705882352942,run_06_s70_scientific,scientific,0.7
740,H,3,gnnexplainer,0.7,-0.04864649474620819,-0.09684789925813675,-0.04858258739113808,-0.03524171933531761,0.01340477541089058,0.06160617992281914,0.013340868055820465,0.04820140451192856,6.390735507011414e-05,0.04820140451192856,-6.390735507011414e-05,34,11,0.6764705882352942,run_06_s70_scientific,scientific,0.7
740,H,4,gnnexplainer,0.7,-0.044288262724876404,-0.09884287416934967,-0.046429164707660675,-0.06663717329502106,0.022348910570144653,0.03220570087432861,0.020208008587360382,0.05455461144447327,0.0021409019827842712,0.00985679030418396,-0.0021409019827842712,34,11,0.6764705882352942,run_06_s70_scientific,scientific,0.7
740,H,5,gnnexplainer,0.7,-0.02385552227497101,-0.055494874715805054,-0.03283781185746193,0.03422334045171738,0.058078862726688385,0.08971821516752243,0.0670611523091793,0.031639352440834045,0.008982289582490921,0.031639352440834045,0.008982289582490921,34,11,0.6764705882352942,run_06_s70_scientific,scientific,0.7
740,H,6,gnnexplainer,0.7,-0.046978406608104706,-0.09148366749286652,-0.040160857141017914,-0.03061004728078842,0.016368359327316284,0.060873620212078094,0.009550809860229492,0.04450526088476181,0.006817549467086792,0.04450526088476181,-0.006817549467086792,34,11,0.6764705882352942,run_06_s70_scientific,scientific,0.7
740,H,9,gnnexplainer,0.7,-0.04696982726454735,-0.08443817496299744,-0.05315742641687393,-0.11217248439788818,0.06520265713334084,0.027734309434890747,0.05901505798101425,0.03746834769845009,0.006187599152326584,-0.03746834769845009,-0.006187599152326584,34,11,0.6764705882352942,run_06_s70_scientific,scientific,0.7
740,H,10,gnnexplainer,0.7,-0.046655893325805664,-0.07117597758769989,-0.050256840884685516,-0.10799708962440491,0.06134119629859924,0.03682111203670502,0.05774024873971939,0.024520084261894226,0.0036009475588798523,-0.024520084261894226,-0.0036009475588798523,34,11,0.6764705882352942,run_06_s70_scientific,scientific,0.7
740,H,11,gnnexplainer,0.7,-0.03764323145151138,-0.04904481768608093,-0.048974789679050446,0.028855061158537865,0.06649829261004925,0.0778998788446188,0.07782985083758831,0.01140158623456955,0.011331558227539062,0.01140158623456955,0.011331558227539062,34,11,0.6764705882352942,run_06_s70_scientific,scientific,0.7
740,C,0,gnnexplainer,0.7,0.018430694937705994,-2.184131145477295,-0.7368216514587402,0.41184088587760925,0.39341019093990326,2.595972031354904,1.1486625373363495,2.202561840415001,0.7552523463964462,2.202561840415001,0.7552523463964462,34,11,0.6764705882352942,run_06_s70_scientific,scientific,0.7
740,C,1,gnnexplainer,0.7,0.007801875472068787,-1.8674468994140625,-1.3556770086288452,0.3751834034919739,0.3673815280199051,2.2426303029060364,1.730860412120819,1.8752487748861313,1.363478884100914,1.8752487748861313,1.363478884100914,34,11,0.6764705882352942,run_06_s70_scientific,scientific,0.7
740,C,2,gnnexplainer,0.7,-0.3508378267288208,-3.080317258834839,0.11707748472690582,0.5169197916984558,0.8677576184272766,3.5972370505332947,0.39984230697155,2.729479432106018,0.4679153114557266,2.729479432106018,-0.4679153114557266,34,11,0.6764705882352942,run_06_s70_scientific,scientific,0.7
50,H,0,gnnexplainer,0.8,-0.18866461515426636,-0.060435641556978226,-0.21355047821998596,-0.18572446703910828,0.002940148115158081,0.12528882548213005,0.027826011180877686,0.12822897359728813,0.024885863065719604,0.12234867736697197,0.024885863065719604,30,6,0.8,run_07_s80_zero,zero,0.8
50,H,1,gnnexplainer,0.8,-0.19408667087554932,-0.08131986856460571,-0.1760149747133255,-0.1745053380727768,0.019581332802772522,0.09318546950817108,0.001509636640548706,0.1127668023109436,0.018071696162223816,0.07360413670539856,-0.018071696162223816,30,6,0.8,run_07_s80_zero,zero,0.8
50,H,2,gnnexplainer,0.8,-0.13721123337745667,-0.15229061245918274,-0.1134396344423294,-0.1240059956908226,0.013205237686634064,0.028284616768360138,0.010566361248493195,0.015079379081726074,0.02377159893512726,0.015079379081726074,-0.002638876438140869,30,6,0.8,run_07_s80_zero,zero,0.8
50,H,3,gnnexplainer,0.8,-0.06269896030426025,-0.09327174723148346,-0.0825548991560936,-0.029461706057190895,0.03323725424706936,0.06381004117429256,0.0530931930989027,0.030572786927223206,0.019855938851833344,0.030572786927223206,0.019855938851833344,30,6,0.8,run_07_s80_zero,zero,0.8
50,H,4,gnnexplainer,0.8,-0.05592544749379158,-0.05020845681428909,-0.0790947750210762,-0.08866342157125473,0.03273797407746315,0.03845496475696564,0.009568646550178528,0.005716990679502487,0.023169327527284622,0.005716990679502487,-0.023169327527284622,30,6,0.8,run_07_s80_zero,zero,0.8
50,H,5,gnnexplainer,0.8,-0.08462868630886078,-0.044925324618816376,-0.1036156564950943,-0.06410186737775803,0.020526818931102753,0.01917654275894165,0.03951378911733627,0.0397033616900444,0.01898697018623352,-0.0013502761721611023,0.01898697018623352,30,6,0.8,run_07_s80_zero,zero,0.8
50,H,6,gnnexplainer,0.8,-0.33054494857788086,-0.13692009449005127,-0.30467337369918823,-0.3011716902256012,0.029373258352279663,0.16425159573554993,0.003501683473587036,0.1936248540878296,0.025871574878692627,0.13487833738327026,-0.025871574878692627,30,6,0.8,run_07_s80_zero,zero,0.8
50,H,7,gnnexplainer,0.8,-0.3257949948310852,-0.14478428661823273,-0.2953581213951111,-0.362988144159317,0.03719314932823181,0.2182038575410843,0.06763002276420593,0.18101070821285248,0.03043687343597412,0.18101070821285248,0.03043687343597412,30,6,0.8,run_07_s80_zero,zero,0.8
50,C,0,gnnexplainer,0.8,-3.4731967449188232,-1.0082504749298096,-3.758025646209717,-3.638505220413208,0.16530847549438477,2.6302547454833984,0.11952042579650879,2.4649462699890137,0.28482890129089355,2.4649462699890137,-0.04578804969787598,30,6,0.8,run_07_s80_zero,zero,0.8
50,C,1,gnnexplainer,0.8,-2.626781463623047,-2.5563862323760986,-1.3750569820404053,-2.7032065391540527,0.07642507553100586,0.1468203067779541,1.3281495571136475,0.07039523124694824,1.2517244815826416,0.07039523124694824,1.2517244815826416,30,6,0.8,run_07_s80_zero,zero,0.8
50,C,2,gnnexplainer,0.8,-2.6187326908111572,-1.4208884239196777,-3.9086854457855225,-3.0836172103881836,0.46488451957702637,1.6627287864685059,0.8250682353973389,1.1978442668914795,1.2899527549743652,1.1978442668914795,0.3601837158203125,30,6,0.8,run_07_s80_zero,zero,0.8
50,C,3,gnnexplainer,0.8,-12.352452278137207,-9.268301963806152,-8.506016731262207,-11.829119682312012,0.5233325958251953,2.5608177185058594,3.3231029510498047,3.0841503143310547,3.846435546875,2.037485122680664,2.7997703552246094,30,6,0.8,run_07_s80_zero,zero,0.8
50,C,4,gnnexplainer,0.8,-12.56570053100586,-12.1943359375,-8.568485260009766,-12.671215057373047,0.1055145263671875,0.4768791198730469,4.102729797363281,0.3713645935058594,3.9972152709960938,0.3713645935058594,3.9972152709960938,30,6,0.8,run_07_s80_zero,zero,0.8
50,C,5,gnnexplainer,0.8,-1.2540905475616455,-1.6912614107131958,-1.5109435319900513,-1.9315294027328491,0.6774388551712036,0.24026799201965332,0.42058587074279785,0.4371708631515503,0.25685298442840576,-0.4371708631515503,-0.25685298442840576,30,6,0.8,run_07_s80_zero,zero,0.8
170,H,0,gnnexplainer,0.8,-0.08065252006053925,-0.10348349809646606,-0.09429272264242172,-0.026961499825119972,0.05369102023541927,0.07652199827134609,0.06733122281730175,0.02283097803592682,0.013640202581882477,0.02283097803592682,0.013640202581882477,42,9,0.7857142857142857,run_07_s80_zero,zero,0.8
170,H,1,gnnexplainer,0.8,-0.08064423501491547,-0.10644356906414032,-0.08310983330011368,-0.027961499989032745,0.05268273502588272,0.07848206907510757,0.05514833331108093,0.025799334049224854,0.0024655982851982117,0.025799334049224854,0.0024655982851982117,42,9,0.7857142857142857,run_07_s80_zero,zero,0.8
170,H,2,gnnexplainer,0.8,-0.08063553273677826,-0.09838540852069855,-0.09005972743034363,-0.027961499989032745,0.052674032747745514,0.0704239085316658,0.06209822744131088,0.017749875783920288,0.009424194693565369,0.017749875783920288,0.009424194693565369,42,9,0.7857142857142857,run_07_s80_zero,zero,0.8
170,H,3,gnnexplainer,0.8,-0.08062697947025299,-0.1009596511721611,-0.08981903642416,-0.026961499825119972,0.05366547964513302,0.07399815134704113,0.06285753659904003,0.02033267170190811,0.009192056953907013,0.02033267170190811,0.009192056953907013,42,9,0.7857142857142857,run_07_s80_zero,zero,0.8
170,H,4,gnnexplainer,0.8,-0.07791470736265182,-0.10624706000089645,-0.07920544594526291,-0.027961499989032745,0.04995320737361908,0.07828556001186371,0.051243945956230164,0.02833235263824463,0.001290738582611084,0.02833235263824463,0.001290738582611084,42,9,0.7857142857142857,run_07_s80_zero,zero,0.8
170,H,5,gnnexplainer,0.8,-0.07790467888116837,-0.1022120788693428,-0.06141318008303642,-0.026961499825119972,0.05094317905604839,0.07525057904422283,0.03445168025791645,0.02430739998817444,0.016491498798131943,0.02430739998817444,-0.016491498798131943,42,9,0.7857142857142857,run_07_s80_zero,zero,0.8
170,H,6,gnnexplainer,0.8,-0.07790350168943405,-0.09853619337081909,-0.06620918214321136,-0.026961499825119972,0.05094200186431408,0.07157469354569912,0.03924768231809139,0.02063269168138504,0.011694319546222687,0.02063269168138504,-0.011694319546222687,42,9,0.7857142857142857,run_07_s80_zero,zero,0.8
170,H,7,gnnexplainer,0.8,-0.07790827751159668,-0.10642144083976746,-0.08457694947719574,-0.02896150015294552,0.04894677735865116,0.07745994068682194,0.05561544932425022,0.028513163328170776,0.00666867196559906,0.028513163328170776,0.00666867196559906,42,9,0.7857142857142857,run_07_s80_zero,zero,0.8
170,H,8,gnnexplainer,0.8,-0.07964935898780823,-0.10209046304225922,-0.09214979410171509,-0.02691764011979103,0.0527317188680172,0.07517282292246819,0.06523215398192406,0.02244110405445099,0.01250043511390686,0.02244110405445099,0.01250043511390686,42,9,0.7857142857142857,run_07_s80_zero,zero,0.8
170,H,9,gnnexplainer,0.8,-0.0796414166688919,-0.10223912447690964,-0.07768575847148895,-0.025917639955878258,0.05372377671301365,0.07632148452103138,0.051768118515610695,0.02259770780801773,0.001955658197402954,0.02259770780801773,-0.001955658197402954,42,9,0.7857142857142857,run_07_s80_zero,zero,0.8
170,H,10,gnnexplainer,0.8,-0.07964157313108444,-0.10073438286781311,-0.08022709935903549,-0.025917639955878258,0.053723933175206184,0.07481674291193485,0.054309459403157234,0.021092809736728668,0.0005855262279510498,0.021092809736728668,0.0005855262279510498,42,9,0.7857142857142857,run_07_s80_zero,zero,0.8
170,H,11,gnnexplainer,0.8,-0.07965811342000961,-0.09602390229701996,-0.07998265326023102,-0.02896150015294552,0.050696613267064095,0.06706240214407444,0.0510211531072855,0.016365788877010345,0.00032453984022140503,0.016365788877010345,0.00032453984022140503,42,9,0.7857142857142857,run_07_s80_zero,zero,0.8
170,C,0,gnnexplainer,0.8,-2.0284276008605957,-3.0187554359436035,-1.8487049341201782,-2.175614595413208,0.1471869945526123,0.8431408405303955,0.3269096612930298,0.9903278350830078,0.17972266674041748,0.6959538459777832,0.17972266674041748,42,9,0.7857142857142857,run_07_s80_zero,zero,0.8
170,C,1,gnnexplainer,0.8,-2.0285582542419434,-2.7050998210906982,-2.142990827560425,-2.1761586666107178,0.14760041236877441,0.5289411544799805,0.03316783905029297,0.6765415668487549,0.11443257331848145,0.38134074211120605,-0.11443257331848145,42,9,0.7857142857142857,run_07_s80_zero,zero,0.8
170,C,2,gnnexplainer,0.8,-2.1927924156188965,-2.430734395980835,-2.1593620777130127,-2.1926145553588867,0.00017786026000976562,0.23811984062194824,0.03325247764587402,0.23794198036193848,0.03343033790588379,0.23794198036193848,0.03307461738586426,42,9,0.7857142857142857,run_07_s80_zero,zero,0.8
170,C,3,gnnexplainer,0.8,-2.1926939487457275,-2.8685903549194336,-1.6230558156967163,-2.179614543914795,0.013079404830932617,0.6889758110046387,0.5565587282180786,0.675896406173706,0.5696381330490112,0.675896406173706,0.543479323387146,42,9,0.7857142857142857,run_07_s80_zero,zero,0.8
170,C,4,gnnexplainer,0.8,-2.0527212619781494,-2.8825085163116455,-1.5958318710327148,-2.1881580352783203,0.1354367733001709,0.6943504810333252,0.5923261642456055,0.8297872543334961,0.45688939094543457,0.5589137077331543,0.45688939094543457,42,9,0.7857142857142857,run_07_s80_zero,zero,0.8
170,C,5,gnnexplainer,0.8,-2.0526702404022217,-2.8827884197235107,-1.8645820617675781,-2.174614429473877,0.12194418907165527,0.7081739902496338,0.31003236770629883,0.8301181793212891,0.18808817863464355,0.5862298011779785,0.18808817863464355,42,9,0.7857142857142857,run_07_s80_zero,zero,0.8
270,H,0,gnnexplainer,0.8,-0.06326740980148315,-0.03601974993944168,-0.0830744132399559,-0.04426804184913635,0.018999367952346802,0.008248291909694672,0.03880637139081955,0.027247659862041473,0.019807003438472748,-0.01075107604265213,0.019807003438472748,22,5,0.7727272727272727,run_07_s80_zero,zero,0.8
270,H,1,gnnexplainer,0.8,-0.06325238198041916,-0.047049373388290405,-0.08393625169992447,-0.04426804184913635,0.018984340131282806,0.0027813315391540527,0.039668209850788116,0.016203008592128754,0.02068386971950531,-0.016203008592128754,0.02068386971950531,22,5,0.7727272727272727,run_07_s80_zero,zero,0.8
270,H,2,gnnexplainer,0.8,-0.11182482540607452,-0.1269998550415039,-0.13032346963882446,-0.1254609227180481,0.013636097311973572,0.0015389323234558105,0.004862546920776367,0.015175029635429382,0.01849864423274994,-0.012097164988517761,-0.008773550391197205,22,5,0.7727272727272727,run_07_s80_zero,zero,0.8
270,H,3,gnnexplainer,0.8,-0.11181138455867767,-0.1585277020931244,-0.12483586370944977,-0.12491703033447266,0.013105645775794983,0.03361067175865173,8.116662502288818e-05,0.046716317534446716,0.013024479150772095,0.02050502598285675,-0.013024479150772095,22,5,0.7727272727272727,run_07_s80_zero,zero,0.8
270,H,4,gnnexplainer,0.8,-0.11182227730751038,-0.1269829422235489,-0.11366838961839676,-0.12646092474460602,0.014638647437095642,0.0005220174789428711,0.012792535126209259,0.015160664916038513,0.001846112310886383,-0.014116629958152771,-0.001846112310886383,22,5,0.7727272727272727,run_07_s80_zero,zero,0.8
270,H,5,gnnexplainer,0.8,-0.11181676387786865,-0.07921919226646423,-0.12843400239944458,-0.12591703236103058,0.014100268483161926,0.046697840094566345,0.0025169700384140015,0.03259757161140442,0.016617238521575928,0.03259757161140442,-0.011583298444747925,22,5,0.7727272727272727,run_07_s80_zero,zero,0.8
270,C,0,gnnexplainer,0.8,-0.8327508568763733,-1.6632481813430786,-2.1302073001861572,-0.4850490391254425,0.3477018177509308,1.178199142217636,1.6451582610607147,0.8304973244667053,1.297456443309784,0.8304973244667053,1.297456443309784,22,5,0.7727272727272727,run_07_s80_zero,zero,0.8
270,C,1,gnnexplainer,0.8,-3.084488868713379,-2.7642621994018555,-2.9954967498779297,-2.464503288269043,0.6199855804443359,0.2997589111328125,0.5309934616088867,0.32022666931152344,0.08899211883544922,-0.32022666931152344,-0.08899211883544922,22,5,0.7727272727272727,run_07_s80_zero,zero,0.8
270,C,2,gnnexplainer,0.8,-14.785540580749512,-10.780359268188477,-12.34548282623291,-16.523923873901367,1.7383832931518555,5.743564605712891,4.178441047668457,4.005181312561035,2.4400577545166016,4.005181312561035,2.4400577545166016,22,5,0.7727272727272727,run_07_s80_zero,zero,0.8
270,C,3,gnnexplainer,0.8,-3.084531784057617,-2.8273754119873047,-2.507070541381836,-2.4825034141540527,0.6020283699035645,0.34487199783325195,0.024567127227783203,0.2571563720703125,0.5774612426757812,-0.2571563720703125,-0.5774612426757812,22,5,0.7727272727272727,run_07_s80_zero,zero,0.8
330,H,0,gnnexplainer,0.8,-0.05332114174962044,-0.07232735306024551,-0.09867960214614868,-0.03665326535701752,0.01666787639260292,0.035674087703228,0.062026336789131165,0.019006211310625076,0.045358460396528244,0.019006211310625076,0.045358460396528244,22,5,0.7727272727272727,run_07_s80_zero,zero,0.8
330,H,1,gnnexplainer,0.8,-0.04627763852477074,-0.05231397971510887,-0.050636786967515945,-0.05347871407866478,0.007201075553894043,0.0011647343635559082,0.0028419271111488342,0.006036341190338135,0.004359148442745209,-0.006036341190338135,-0.004359148442745209,22,5,0.7727272727272727,run_07_s80_zero,zero,0.8
330,H,2,gnnexplainer,0.8,-0.04633069783449173,-0.10042595863342285,-0.03313823044300079,-0.052478715777397156,0.006148017942905426,0.047947242856025696,0.019340485334396362,0.05409526079893112,0.013192467391490936,0.04179922491312027,0.013192467391490936,22,5,0.7727272727272727,run_07_s80_zero,zero,0.8
330,H,3,gnnexplainer,0.8,-0.018737804144620895,-0.05420961230993271,-0.03746364265680313,-0.028382685035467148,0.009644880890846252,0.02582692727446556,0.009080957621335983,0.03547180816531181,0.018725838512182236,0.01618204638361931,-0.0005639232695102692,22,5,0.7727272727272727,run_07_s80_zero,zero,0.8
330,H,4,gnnexplainer,0.8,-0.01875194162130356,-0.07098038494586945,-0.04601138085126877,-0.02938268519937992,0.010630743578076363,0.041597699746489525,0.016628695651888847,0.05222844332456589,0.02725943922996521,0.030966956168413162,0.005997952073812485,22,5,0.7727272727272727,run_07_s80_zero,zero,0.8
330,H,5,gnnexplainer,0.8,-0.08483874797821045,-0.13087177276611328,-0.10098601877689362,-0.05086393281817436,0.03397481516003609,0.08000783994793892,0.050122085958719254,0.04603302478790283,0.016147270798683167,0.04603302478790283,0.016147270798683167,22,5,0.7727272727272727,run_07_s80_zero,zero,0.8
330,H,6,gnnexplainer,0.8,-0.14934495091438293,-0.11321060359477997,-0.17532917857170105,-0.19063477218151093,0.04128982126712799,0.07742416858673096,0.015305593609809875,0.036134347319602966,0.025984227657318115,0.036134347319602966,-0.025984227657318115,22,5,0.7727272727272727,run_07_s80_zero,zero,0.8
330,C,0,gnnexplainer,0.8,-1.6009703874588013,-2.316737174987793,-3.5917539596557617,-1.5042518377304077,0.09671854972839355,0.8124853372573853,2.087502121925354,0.7157667875289917,1.9907835721969604,0.7157667875289917,1.9907835721969604,22,5,0.7727272727272727,run_07_s80_zero,zero,0.8
330,C,1,gnnexplainer,0.8,-1.3574010133743286,-1.9854075908660889,-1.5350710153579712,-1.1874029636383057,0.16999804973602295,0.7980046272277832,0.3476680517196655,0.6280065774917603,0.17767000198364258,0.6280065774917603,0.17767000198364258,22,5,0.7727272727272727,run_07_s80_zero,zero,0.8
330,C,2,gnnexplainer,0.8,-6.480936527252197,-6.038291931152344,-7.080438613891602,-7.547578811645508,1.0666422843933105,1.509286880493164,0.46714019775390625,0.4426445960998535,0.5995020866394043,0.4426445960998535,-0.5995020866394043,22,5,0.7727272727272727,run_07_s80_zero,zero,0.8
360,H,0,gnnexplainer,0.8,-0.33236026763916016,-0.12638787925243378,-0.3354969918727875,-0.3191285729408264,0.01323169469833374,0.19274069368839264,0.01636841893196106,0.20597238838672638,0.0031367242336273193,0.1795089989900589,0.0031367242336273193,24,5,0.7916666666666666,run_07_s80_zero,zero,0.8
360,H,1,gnnexplainer,0.8,-0.342712938785553,-0.14546453952789307,-0.32973599433898926,-0.26153138279914856,0.08118155598640442,0.1160668432712555,0.0682046115398407,0.1972483992576599,0.01297694444656372,0.034885287284851074,-0.01297694444656372,24,5,0.7916666666666666,run_07_s80_zero,zero,0.8
360,H,2,gnnexplainer,0.8,-0.14684848487377167,-0.05324026569724083,-0.1422254741191864,-0.1154087483882904,0.03143973648548126,0.062168482691049576,0.026816725730895996,0.09360821917653084,0.004623010754585266,0.030728746205568314,-0.004623010754585266,24,5,0.7916666666666666,run_07_s80_zero,zero,0.8
360,H,3,gnnexplainer,0.8,-0.14511096477508545,-0.051782943308353424,-0.14276351034641266,-0.14733904600143433,0.002228081226348877,0.0955561026930809,0.0045755356550216675,0.09332802146673203,0.0023474544286727905,0.09332802146673203,0.0023474544286727905,24,5,0.7916666666666666,run_07_s80_zero,zero,0.8
360,H,4,gnnexplainer,0.8,-0.13666847348213196,-0.04503832757472992,-0.13751563429832458,-0.11875949054956436,0.017908982932567596,0.07372116297483444,0.018756143748760223,0.09163014590740204,0.000847160816192627,0.055812180042266846,0.000847160816192627,24,5,0.7916666666666666,run_07_s80_zero,zero,0.8
360,H,5,gnnexplainer,0.8,-0.1832352876663208,-0.09483477473258972,-0.17723092436790466,-0.16926804184913635,0.013967245817184448,0.07443326711654663,0.00796288251876831,0.08840051293373108,0.006004363298416138,0.06046602129936218,-0.006004363298416138,24,5,0.7916666666666666,run_07_s80_zero,zero,0.8
360,H,6,gnnexplainer,0.8,-0.17076992988586426,-0.07330067455768585,-0.16666913032531738,-0.20832136273384094,0.037551432847976685,0.1350206881761551,0.04165223240852356,0.0974692553281784,0.004100799560546875,0.0974692553281784,0.004100799560546875,24,5,0.7916666666666666,run_07_s80_zero,zero,0.8
360,C,0,gnnexplainer,0.8,-3.523756980895996,-3.4969985485076904,-2.2789502143859863,-4.043220043182373,0.519463062286377,0.5462214946746826,1.7642698287963867,0.026758432388305664,1.2448067665100098,0.026758432388305664,1.2448067665100098,24,5,0.7916666666666666,run_07_s80_zero,zero,0.8
360,C,1,gnnexplainer,0.8,-14.09076976776123,-12.422443389892578,-9.256930351257324,-14.111479759216309,0.020709991455078125,1.6890363693237305,4.854549407958984,1.6683263778686523,4.833839416503906,1.6683263778686523,4.833839416503906,24,5,0.7916666666666666,run_07_s80_zero,zero,0.8
360,C,2,gnnexplainer,0.8,-11.013855934143066,-7.499392509460449,-7.417747497558594,-9.470762252807617,1.5430936813354492,1.971369743347168,2.0530147552490234,3.514463424682617,3.5961084365844727,0.42827606201171875,0.5099210739135742,24,5,0.7916666666666666,run_07_s80_zero,zero,0.8
360,C,3,gnnexplainer,0.8,-1.671934723854065,-2.404707431793213,-0.6621282696723938,-1.504056692123413,0.16787803173065186,0.9006507396697998,0.8419284224510193,0.732772707939148,1.0098064541816711,0.732772707939148,0.6740503907203674,24,5,0.7916666666666666,run_07_s80_zero,zero,0.8
380,H,0,gnnexplainer,0.8,-0.13993945717811584,-0.06219787895679474,-0.050607435405254364,-0.11915438622236252,0.020785070955753326,0.05695650726556778,0.06854695081710815,0.0777415782213211,0.08933202177286148,0.03617143630981445,0.04776187986135483,24,5,0.7916666666666666,run_07_s80_zero,zero,0.8
380,H,1,gnnexplainer,0.8,-0.13264447450637817,-0.0926160216331482,-0.14532816410064697,-0.1529437154531479,0.020299240946769714,0.060327693819999695,0.0076155513525009155,0.04002845287322998,0.012683689594268799,0.04002845287322998,-0.012683689594268799,24,5,0.7916666666666666,run_07_s80_zero,zero,0.8
380,H,2,gnnexplainer,0.8,-0.13482002913951874,-0.06937473267316818,-0.032957322895526886,-0.11749634146690369,0.01732368767261505,0.048121608793735504,0.0845390185713768,0.06544529646635056,0.10186270624399185,0.030797921121120453,0.06721533089876175,24,5,0.7916666666666666,run_07_s80_zero,zero,0.8
380,H,3,gnnexplainer,0.8,-0.1763220578432083,-0.1200864389538765,-0.1950470209121704,-0.2253120243549347,0.04898996651172638,0.1052255854010582,0.030265003442764282,0.05623561888933182,0.018724963068962097,0.05623561888933182,-0.018724963068962097,24,5,0.7916666666666666,run_07_s80_zero,zero,0.8
380,H,4,gnnexplainer,0.8,-0.17767122387886047,-0.11894785612821579,-0.16098684072494507,-0.19009250402450562,0.012421280145645142,0.07114464789628983,0.029105663299560547,0.058723367750644684,0.016684383153915405,0.058723367750644684,0.016684383153915405,24,5,0.7916666666666666,run_07_s80_zero,zero,0.8
380,H,5,gnnexplainer,0.8,-0.019281115382909775,-0.04210125654935837,-0.0021637938916683197,0.054915860295295715,0.07419697567820549,0.09701711684465408,0.057079654186964035,0.022820141166448593,0.017117321491241455,0.022820141166448593,-0.017117321491241455,24,5,0.7916666666666666,run_07_s80_zero,zero,0.8
380,H,6,gnnexplainer,0.8,-0.02779546007514,-0.04839860275387764,-0.03758327662944794,-0.026584316045045853,0.0012111440300941467,0.021814286708831787,0.010998960584402084,0.02060314267873764,0.009787816554307938,0.02060314267873764,0.009787816554307938,24,5,0.7916666666666666,run_07_s80_zero,zero,0.8
380,H,7,gnnexplainer,0.8,-0.025298241525888443,-0.04961356893181801,-0.018360301852226257,-0.0037771498318761587,0.021521091694012284,0.04583641909994185,0.014583152020350099,0.024315327405929565,0.006937939673662186,0.024315327405929565,-0.006937939673662186,24,5,0.7916666666666666,run_07_s80_zero,zero,0.8
380,C,0,gnnexplainer,0.8,-0.011481314897537231,-2.039607048034668,-0.825543224811554,0.17328409850597382,0.18476541340351105,2.212891146540642,0.9988273233175278,2.0281257331371307,0.8140619099140167,2.0281257331371307,0.8140619099140167,24,5,0.7916666666666666,run_07_s80_zero,zero,0.8
380,C,1,gnnexplainer,0.8,-2.963667631149292,-3.505617618560791,-3.025516986846924,-2.9316675662994385,0.032000064849853516,0.5739500522613525,0.09384942054748535,0.541949987411499,0.061849355697631836,0.541949987411499,0.061849355697631836,24,5,0.7916666666666666,run_07_s80_zero,zero,0.8
380,C,2,gnnexplainer,0.8,-15.949727058410645,-16.59050750732422,-11.236693382263184,-16.425132751464844,0.4754056930541992,0.165374755859375,5.18843936920166,0.6407804489135742,4.713033676147461,-0.3100309371948242,4.713033676147461,24,5,0.7916666666666666,run_07_s80_zero,zero,0.8
380,C,3,gnnexplainer,0.8,-1.695212483406067,-2.905912160873413,-1.0492424964904785,-1.3898565769195557,0.30535590648651123,1.5160555839538574,0.34061408042907715,1.2106996774673462,0.6459699869155884,1.2106996774673462,0.03525817394256592,24,5,0.7916666666666666,run_07_s80_zero,zero,0.8
450,H,0,gnnexplainer,0.8,-0.04355114698410034,-0.02856476977467537,-0.07624879479408264,0.03275012969970703,0.07630127668380737,0.0613148994743824,0.10899892449378967,0.014986377209424973,0.0326976478099823,-0.014986377209424973,0.0326976478099823,30,6,0.8,run_07_s80_zero,zero,0.8
450,H,1,gnnexplainer,0.8,-0.06927318125963211,-0.04241528362035751,-0.029579102993011475,-0.0715140700340271,0.002240888774394989,0.029098786413669586,0.041934967041015625,0.026857897639274597,0.039694078266620636,0.026857897639274597,0.039694078266620636,30,6,0.8,run_07_s80_zero,zero,0.8
450,H,2,gnnexplainer,0.8,-0.06935058534145355,-0.0387738011777401,-0.06061333790421486,-0.07355805486440659,0.0042074695229530334,0.03478425368666649,0.012944716960191727,0.030576784163713455,0.008737247437238693,0.030576784163713455,0.008737247437238693,30,6,0.8,run_07_s80_zero,zero,0.8
450,H,3,gnnexplainer,0.8,-0.14339891076087952,-0.13611599802970886,-0.15592490136623383,-0.23171529173851013,0.08831638097763062,0.09559929370880127,0.0757903903722763,0.007282912731170654,0.012525990605354309,0.007282912731170654,-0.012525990605354309,30,6,0.8,run_07_s80_zero,zero,0.8
450,C,0,gnnexplainer,0.8,-5.920004844665527,-8.163476943969727,-4.52351188659668,-7.761427879333496,1.8414230346679688,0.40204906463623047,3.2379159927368164,2.243472099304199,1.3964929580688477,-1.4393739700317383,1.3964929580688477,30,6,0.8,run_07_s80_zero,zero,0.8
450,C,1,gnnexplainer,0.8,-8.008285522460938,-5.869010925292969,-7.976682186126709,-9.08093547821045,1.0726499557495117,3.2119245529174805,1.1042532920837402,2.1392745971679688,0.031603336334228516,2.1392745971679688,0.031603336334228516,30,6,0.8,run_07_s80_zero,zero,0.8
450,C,2,gnnexplainer,0.8,-0.7208598256111145,-3.1752877235412598,-0.5166104435920715,-0.7991183996200562,0.07825857400894165,2.3761693239212036,0.2825079560279846,2.4544278979301453,0.20424938201904297,2.297910749912262,0.20424938201904297,30,6,0.8,run_07_s80_zero,zero,0.8
450,C,3,gnnexplainer,0.8,-5.4790120124816895,-5.894038677215576,-5.182271957397461,-5.140366077423096,0.33864593505859375,0.7536725997924805,0.041905879974365234,0.4150266647338867,0.2967400550842285,0.4150266647338867,-0.2967400550842285,30,6,0.8,run_07_s80_zero,zero,0.8
450,C,4,gnnexplainer,0.8,-3.9353888034820557,-3.063157320022583,-2.9628922939300537,-3.6308069229125977,0.304581880569458,0.5676496028900146,0.667914628982544,0.8722314834594727,0.972496509552002,0.26306772232055664,0.36333274841308594,30,6,0.8,run_07_s80_zero,zero,0.8
490,H,0,gnnexplainer,0.8,-0.17315952479839325,-0.10007031261920929,-0.1766176074743271,-0.23058383166790009,0.057424306869506836,0.1305135190486908,0.053966224193573,0.07308921217918396,0.003458082675933838,0.07308921217918396,-0.003458082675933838,30,6,0.8,run_07_s80_zero,zero,0.8
490,H,1,gnnexplainer,0.8,-0.15685632824897766,-0.09353630244731903,-0.1526917815208435,-0.249619260430336,0.09276293218135834,0.15608295798301697,0.09692747890949249,0.06332002580165863,0.004164546728134155,0.06332002580165863,0.004164546728134155,30,6,0.8,run_07_s80_zero,zero,0.8
490,H,2,gnnexplainer,0.8,-0.18034976720809937,-0.1411067694425583,-0.22206053137779236,-0.26599687337875366,0.0856471061706543,0.12489010393619537,0.043936342000961304,0.03924299776554108,0.04171076416969299,0.03924299776554108,-0.04171076416969299,30,6,0.8,run_07_s80_zero,zero,0.8
490,H,5,gnnexplainer,0.8,-0.12873896956443787,-0.06506745517253876,-0.07621269673109055,-0.1509436070919037,0.02220463752746582,0.08587615191936493,0.07473091036081314,0.06367151439189911,0.05252627283334732,0.06367151439189911,0.05252627283334732,30,6,0.8,run_07_s80_zero,zero,0.8
490,H,6,gnnexplainer,0.8,-0.12632957100868225,-0.07692836225032806,-0.06641829758882523,-0.1284528225660324,0.0021232515573501587,0.051524460315704346,0.062034524977207184,0.04940120875835419,0.059911273419857025,0.04940120875835419,0.059911273419857025,30,6,0.8,run_07_s80_zero,zero,0.8
490,C,0,gnnexplainer,0.8,-3.129530668258667,-2.678384780883789,-3.433518409729004,-4.111388683319092,0.9818580150604248,1.4330039024353027,0.6778702735900879,0.45114588737487793,0.3039877414703369,0.45114588737487793,-0.3039877414703369,30,6,0.8,run_07_s80_zero,zero,0.8
490,C,1,gnnexplainer,0.8,-15.582393646240234,-15.073567390441895,-12.854108810424805,-16.991817474365234,1.409423828125,1.9182500839233398,4.13770866394043,0.5088262557983398,2.7282848358154297,0.5088262557983398,2.7282848358154297,30,6,0.8,run_07_s80_zero,zero,0.8
490,C,2,gnnexplainer,0.8,-3.881084442138672,-3.3159399032592773,-2.9700891971588135,-4.111124038696289,0.2300395965576172,0.7951841354370117,1.1410348415374756,0.5651445388793945,0.9109952449798584,0.5651445388793945,0.9109952449798584,30,6,0.8,run_07_s80_zero,zero,0.8
490,C,3,gnnexplainer,0.8,-2.2796802520751953,-2.4713189601898193,-2.93845272064209,-3.4353280067443848,1.1556477546691895,0.9640090465545654,0.4968752861022949,0.19163870811462402,0.6587724685668945,-0.19163870811462402,-0.6587724685668945,30,6,0.8,run_07_s80_zero,zero,0.8
510,H,0,gnnexplainer,0.8,-0.0641452819108963,-0.06085768714547157,-0.08013294637203217,-0.06858395785093307,0.004438675940036774,0.007726270705461502,0.01154898852109909,0.0032875947654247284,0.015987664461135864,0.0032875947654247284,0.007110312581062317,38,8,0.7894736842105263,run_07_s80_zero,zero,0.8
510,H,1,gnnexplainer,0.8,-0.07207746058702469,-0.0741434246301651,-0.0777149423956871,-0.10737372934818268,0.03529626876115799,0.03323030471801758,0.029658786952495575,0.0020659640431404114,0.0056374818086624146,-0.0020659640431404114,-0.0056374818086624146,38,8,0.7894736842105263,run_07_s80_zero,zero,0.8
510,H,2,gnnexplainer,0.8,-0.054743897169828415,-0.09690649807453156,-0.05664587765932083,-0.030469827353954315,0.0242740698158741,0.06643667072057724,0.026176050305366516,0.04216260090470314,0.0019019804894924164,0.04216260090470314,0.0019019804894924164,38,8,0.7894736842105263,run_07_s80_zero,zero,0.8
510,H,3,gnnexplainer,0.8,-0.0725153461098671,-0.081106036901474,-0.09640159457921982,-0.1194084882736206,0.04689314216375351,0.038302451372146606,0.023006893694400787,0.008590690791606903,0.023886248469352722,-0.008590690791606903,-0.023886248469352722,38,8,0.7894736842105263,run_07_s80_zero,zero,0.8
510,H,4,gnnexplainer,0.8,-0.06956268846988678,-0.11068487167358398,-0.09555138647556305,-0.058769065886735916,0.010793622583150864,0.05191580578684807,0.03678232058882713,0.041122183203697205,0.02598869800567627,0.041122183203697205,0.02598869800567627,38,8,0.7894736842105263,run_07_s80_zero,zero,0.8
510,H,5,gnnexplainer,0.8,-0.06805552542209625,-0.0789370983839035,-0.09441271424293518,-0.07969000190496445,0.011634476482868195,0.0007529035210609436,0.014722712337970734,0.010881572961807251,0.026357188820838928,-0.010881572961807251,0.003088235855102539,38,8,0.7894736842105263,run_07_s80_zero,zero,0.8
510,H,6,gnnexplainer,0.8,-0.040923863649368286,-0.03569742664694786,-0.07669676840305328,-0.04133903980255127,0.0004151761531829834,0.005641613155603409,0.035357728600502014,0.005226437002420425,0.035772904753685,0.005226437002420425,0.03494255244731903,38,8,0.7894736842105263,run_07_s80_zero,zero,0.8
510,H,7,gnnexplainer,0.8,-0.02234116941690445,-0.03388869762420654,-0.06428351998329163,-0.03561985865235329,0.013278689235448837,0.0017311610281467438,0.02866366133093834,0.011547528207302094,0.041942350566387177,-0.011547528207302094,0.015384972095489502,38,8,0.7894736842105263,run_07_s80_zero,zero,0.8
510,H,8,gnnexplainer,0.8,-0.057253893464803696,-0.10344928503036499,-0.06337178498506546,-0.0713830441236496,0.014129150658845901,0.03206624090671539,0.008011259138584137,0.046195391565561295,0.0061178915202617645,0.01793709024786949,-0.0061178915202617645,38,8,0.7894736842105263,run_07_s80_zero,zero,0.8
510,H,9,gnnexplainer,0.8,-0.06739038974046707,-0.0892142653465271,-0.10359331965446472,-0.08068999648094177,0.013299606740474701,0.008524268865585327,0.02290332317352295,0.021823875606060028,0.03620292991399765,-0.004775337874889374,0.009603716433048248,38,8,0.7894736842105263,run_07_s80_zero,zero,0.8
510,C,0,gnnexplainer,0.8,-3.183384895324707,-3.087085247039795,-2.946779489517212,-2.6794397830963135,0.5039451122283936,0.40764546394348145,0.26733970642089844,0.09629964828491211,0.23660540580749512,-0.09629964828491211,-0.23660540580749512,38,8,0.7894736842105263,run_07_s80_zero,zero,0.8
510,C,1,gnnexplainer,0.8,-2.929103136062622,-3.5435328483581543,-3.097785472869873,-2.8548877239227295,0.07421541213989258,0.6886451244354248,0.24289774894714355,0.6144297122955322,0.16868233680725098,0.6144297122955322,0.16868233680725098,38,8,0.7894736842105263,run_07_s80_zero,zero,0.8
510,C,2,gnnexplainer,0.8,-4.82141637802124,-3.490814685821533,-5.0250420570373535,-4.148713111877441,0.6727032661437988,0.6578984260559082,0.8763289451599121,1.330601692199707,0.20362567901611328,-0.014804840087890625,0.20362567901611328,38,8,0.7894736842105263,run_07_s80_zero,zero,0.8
510,C,3,gnnexplainer,0.8,-1.93549382686615,-3.1884093284606934,-1.4152463674545288,-0.3196980357170105,1.6157957911491394,2.868711292743683,1.0955483317375183,1.2529155015945435,0.5202474594116211,1.2529155015945435,-0.5202474594116211,38,8,0.7894736842105263,run_07_s80_zero,zero,0.8
510,C,4,gnnexplainer,0.8,-0.8245482444763184,-2.3268821239471436,-1.3968795537948608,-0.5578681230545044,0.26668012142181396,1.7690140008926392,0.8390114307403564,1.5023338794708252,0.5723313093185425,1.5023338794708252,0.5723313093185425,38,8,0.7894736842105263,run_07_s80_zero,zero,0.8
510,C,5,gnnexplainer,0.8,-1.521938443183899,-2.4453680515289307,-1.3822288513183594,-0.3343559503555298,1.1875824928283691,2.111012101173401,1.0478729009628296,0.9234296083450317,0.13970959186553955,0.9234296083450317,-0.13970959186553955,38,8,0.7894736842105263,run_07_s80_zero,zero,0.8
530,H,0,gnnexplainer,0.8,-0.08534625172615051,-0.0940968245267868,-0.08753182739019394,-0.16678637266159058,0.08144012093544006,0.07268954813480377,0.07925454527139664,0.008750572800636292,0.0021855756640434265,-0.008750572800636292,-0.0021855756640434265,20,4,0.8,run_07_s80_zero,zero,0.8
530,H,1,gnnexplainer,0.8,-0.09019753336906433,-0.0857095867395401,-0.10156905651092529,-0.13316234946250916,0.042964816093444824,0.047452762722969055,0.03159329295158386,0.004487946629524231,0.011371523141860962,0.004487946629524231,-0.011371523141860962,20,4,0.8,run_07_s80_zero,zero,0.8
530,H,2,gnnexplainer,0.8,-0.030807171016931534,-0.0659167692065239,-0.053310051560401917,-0.0575319267809391,0.02672475576400757,0.008384842425584793,0.004221875220537186,0.03510959818959236,0.022502880543470383,-0.018339913338422775,-0.022502880543470383,20,4,0.8,run_07_s80_zero,zero,0.8
530,H,3,gnnexplainer,0.8,-0.04008097946643829,-0.0780206248164177,-0.07594705373048782,-0.04089127480983734,0.0008102953433990479,0.03712935000658035,0.03505577892065048,0.0379396453499794,0.03586607426404953,0.036319054663181305,0.034245483577251434,20,4,0.8,run_07_s80_zero,zero,0.8
530,H,4,gnnexplainer,0.8,-0.03763440251350403,-0.036041442304849625,-0.09549860656261444,-0.06429433822631836,0.02665993571281433,0.028252895921468735,0.03120426833629608,0.0015929602086544037,0.05786420404911041,0.0015929602086544037,0.0045443326234817505,20,4,0.8,run_07_s80_zero,zero,0.8
530,C,0,gnnexplainer,0.8,-2.6694869995117188,-3.1981332302093506,-2.6488490104675293,-2.8974430561065674,0.22795605659484863,0.3006901741027832,0.24859404563903809,0.5286462306976318,0.020637989044189453,0.07273411750793457,0.020637989044189453,20,4,0.8,run_07_s80_zero,zero,0.8
530,C,1,gnnexplainer,0.8,-3.2187187671661377,-3.64402437210083,-2.9659578800201416,-2.7582390308380127,0.460479736328125,0.8857853412628174,0.2077188491821289,0.4253056049346924,0.2527608871459961,0.4253056049346924,-0.2527608871459961,20,4,0.8,run_07_s80_zero,zero,0.8
530,C,2,gnnexplainer,0.8,-4.761256694793701,-4.074483871459961,-4.43764591217041,-4.5724406242370605,0.18881607055664062,0.4979567527770996,0.1347947120666504,0.6867728233337402,0.323610782623291,0.309140682220459,-0.054021358489990234,20,4,0.8,run_07_s80_zero,zero,0.8
610,H,0,gnnexplainer,0.8,-0.44238173961639404,-0.1189500093460083,-0.5130393505096436,-0.615548849105835,0.17316710948944092,0.49659883975982666,0.1025094985961914,0.32343173027038574,0.07065761089324951,0.32343173027038574,-0.07065761089324951,24,5,0.7916666666666666,run_07_s80_zero,zero,0.8
610,H,1,gnnexplainer,0.8,-0.1651545912027359,-0.10606447607278824,-0.0899895578622818,-0.12229462713003159,0.042859964072704315,0.016230151057243347,0.032305069267749786,0.05909011512994766,0.0751650333404541,-0.026629813015460968,-0.010554894804954529,24,5,0.7916666666666666,run_07_s80_zero,zero,0.8
610,H,2,gnnexplainer,0.8,-0.13610506057739258,-0.036504246294498444,-0.16730168461799622,-0.1601894050836563,0.024084344506263733,0.12368515878915787,0.007112279534339905,0.09960081428289413,0.031196624040603638,0.09960081428289413,-0.016972064971923828,24,5,0.7916666666666666,run_07_s80_zero,zero,0.8
610,H,3,gnnexplainer,0.8,-0.1795758754014969,-0.11311252415180206,-0.21122926473617554,-0.18318936228752136,0.003613486886024475,0.0700768381357193,0.028039902448654175,0.06646335124969482,0.03165338933467865,0.06646335124969482,0.0244264155626297,24,5,0.7916666666666666,run_07_s80_zero,zero,0.8
610,H,4,gnnexplainer,0.8,-0.500056803226471,-0.4144003093242645,-0.1400582194328308,-0.6312503814697266,0.13119357824325562,0.21685007214546204,0.49119216203689575,0.08565649390220642,0.35999858379364014,0.08565649390220642,0.35999858379364014,24,5,0.7916666666666666,run_07_s80_zero,zero,0.8
610,H,5,gnnexplainer,0.8,-0.14004060626029968,-0.048694368451833725,-0.1610351800918579,-0.12377718091011047,0.01626342535018921,0.07508281245827675,0.037257999181747437,0.09134623780846596,0.020994573831558228,0.05881938710808754,0.020994573831558228,24,5,0.7916666666666666,run_07_s80_zero,zero,0.8
610,H,6,gnnexplainer,0.8,-0.12860378623008728,-0.04322661831974983,-0.1430841088294983,-0.14696994423866272,0.01836615800857544,0.10374332591891289,0.0038858354091644287,0.08537716791033745,0.01448032259941101,0.08537716791033745,-0.01448032259941101,24,5,0.7916666666666666,run_07_s80_zero,zero,0.8
610,H,7,gnnexplainer,0.8,-0.16811057925224304,-0.09779032319784164,-0.17675091326236725,-0.19154877960681915,0.02343820035457611,0.09375845640897751,0.014797866344451904,0.0703202560544014,0.008640334010124207,0.0703202560544014,-0.008640334010124207,24,5,0.7916666666666666,run_07_s80_zero,zero,0.8
610,C,0,gnnexplainer,0.8,-16.07822036743164,-10.848607063293457,-12.029997825622559,-18.057586669921875,1.9793663024902344,7.208979606628418,6.027588844299316,5.229613304138184,4.048222541809082,5.229613304138184,4.048222541809082,24,5,0.7916666666666666,run_07_s80_zero,zero,0.8
610,C,1,gnnexplainer,0.8,-16.779712677001953,-12.983542442321777,-13.436392784118652,-17.75385856628418,0.9741458892822266,4.770316123962402,4.317465782165527,3.796170234680176,3.343319892883301,3.796170234680176,3.343319892883301,24,5,0.7916666666666666,run_07_s80_zero,zero,0.8
610,C,2,gnnexplainer,0.8,-1.856040596961975,-1.8057485818862915,-3.0878305435180664,-2.5053277015686035,0.6492871046066284,0.699579119682312,0.5825028419494629,0.050292015075683594,1.2317899465560913,0.050292015075683594,-0.06678426265716553,24,5,0.7916666666666666,run_07_s80_zero,zero,0.8
610,C,3,gnnexplainer,0.8,-1.9090392589569092,-2.3831253051757812,-2.6378302574157715,-2.3740406036376953,0.46500134468078613,0.009084701538085938,0.26378965377807617,0.47408604621887207,0.7287909984588623,-0.4559166431427002,-0.20121169090270996,24,5,0.7916666666666666,run_07_s80_zero,zero,0.8
620,H,0,gnnexplainer,0.8,-0.22838380932807922,-0.12413068860769272,-0.23519176244735718,-0.2509962022304535,0.022612392902374268,0.12686551362276077,0.015804439783096313,0.1042531207203865,0.006807953119277954,0.1042531207203865,-0.006807953119277954,32,7,0.78125,run_07_s80_zero,zero,0.8
620,H,1,gnnexplainer,0.8,-0.228367418050766,-0.13102403283119202,-0.26045238971710205,-0.24986469745635986,0.021497279405593872,0.11884066462516785,0.010587692260742188,0.09734338521957397,0.03208497166633606,0.09734338521957397,-0.010909587144851685,32,7,0.78125,run_07_s80_zero,zero,0.8
620,H,2,gnnexplainer,0.8,-0.2283584177494049,-0.12255847454071045,-0.2215563952922821,-0.2488207370042801,0.020462319254875183,0.12626226246356964,0.027264341711997986,0.10579994320869446,0.006802022457122803,0.10579994320869446,0.006802022457122803,32,7,0.78125,run_07_s80_zero,zero,0.8
620,H,3,gnnexplainer,0.8,-0.22839093208312988,-0.13264910876750946,-0.24863454699516296,-0.25204017758369446,0.023649245500564575,0.119391068816185,0.003405630588531494,0.09574182331562042,0.02024361491203308,0.09574182331562042,-0.02024361491203308,32,7,0.78125,run_07_s80_zero,zero,0.8
620,H,4,gnnexplainer,0.8,-0.22839006781578064,-0.12284405529499054,-0.22052565217018127,-0.251996248960495,0.023606181144714355,0.12915219366550446,0.03147059679031372,0.1055460125207901,0.007864415645599365,0.1055460125207901,0.007864415645599365,32,7,0.78125,run_07_s80_zero,zero,0.8
620,H,5,gnnexplainer,0.8,-0.22836831212043762,-0.14738500118255615,-0.1976185441017151,-0.24986469745635986,0.02149638533592224,0.10247969627380371,0.052246153354644775,0.08098331093788147,0.030749768018722534,0.08098331093788147,0.030749768018722534,32,7,0.78125,run_07_s80_zero,zero,0.8
620,H,6,gnnexplainer,0.8,-0.00035447627305984497,-0.016745511442422867,-0.018263813108205795,0.08161692321300507,0.08197139948606491,0.09836243465542793,0.09988073632121086,0.016391035169363022,0.01790933683514595,0.016391035169363022,0.01790933683514595,32,7,0.78125,run_07_s80_zero,zero,0.8
620,H,7,gnnexplainer,0.8,-0.0003616511821746826,-0.04405900463461876,0.012295357882976532,0.0810290277004242,0.08139067888259888,0.12508803233504295,0.06873366981744766,0.04369735345244408,0.012657009065151215,0.04369735345244408,-0.012657009065151215,32,7,0.78125,run_07_s80_zero,zero,0.8
620,H,8,gnnexplainer,0.8,-0.00035750120878219604,-0.01569197326898575,-0.020019851624965668,0.08161692321300507,0.08197442442178726,0.09730889648199081,0.10163677483797073,0.015334472060203552,0.01966235041618347,0.015334472060203552,0.01966235041618347,32,7,0.78125,run_07_s80_zero,zero,0.8
620,H,9,gnnexplainer,0.8,-0.01004878431558609,-0.07631144672632217,-0.04646218568086624,0.17055636644363403,0.18060515075922012,0.2468678131699562,0.21701855212450027,0.06626266241073608,0.03641340136528015,0.06626266241073608,0.03641340136528015,32,7,0.78125,run_07_s80_zero,zero,0.8
620,C,0,gnnexplainer,0.8,-8.43395709991455,-6.9031195640563965,-8.618754386901855,-8.185676574707031,0.24828052520751953,1.2825570106506348,0.4330778121948242,1.5308375358581543,0.1847972869873047,1.0342764854431152,0.1847972869873047,32,7,0.78125,run_07_s80_zero,zero,0.8
620,C,1,gnnexplainer,0.8,-8.439017295837402,-7.709927082061768,-6.1132283210754395,-8.185914039611816,0.25310325622558594,0.47598695755004883,2.072685718536377,0.7290902137756348,2.325788974761963,0.2228837013244629,1.819582462310791,32,7,0.78125,run_07_s80_zero,zero,0.8
620,C,2,gnnexplainer,0.8,-8.438666343688965,-7.692080020904541,-5.123353481292725,-8.188501358032227,0.2501649856567383,0.49642133712768555,3.065147876739502,0.7465863227844238,3.3153128623962402,0.24625635147094727,2.8149828910827637,32,7,0.78125,run_07_s80_zero,zero,0.8
620,C,3,gnnexplainer,0.8,-8.43066120147705,-9.125328063964844,-6.200494289398193,-8.189264297485352,0.24139690399169922,0.9360637664794922,1.9887700080871582,0.694666862487793,2.2301669120788574,0.694666862487793,1.747373104095459,32,7,0.78125,run_07_s80_zero,zero,0.8
620,C,4,gnnexplainer,0.8,-8.43023681640625,-6.793979167938232,-6.278918266296387,-8.187677383422852,0.24255943298339844,1.3936982154846191,1.9087591171264648,1.6362576484680176,2.1513185501098633,1.1511387825012207,1.6661996841430664,32,7,0.78125,run_07_s80_zero,zero,0.8
620,C,5,gnnexplainer,0.8,-8.442373275756836,-7.18906307220459,-7.438472747802734,-8.186501502990723,0.2558717727661133,0.9974384307861328,0.7480287551879883,1.253310203552246,1.0039005279541016,0.7415666580200195,0.492156982421875,32,7,0.78125,run_07_s80_zero,zero,0.8
620,C,6,gnnexplainer,0.8,0.4642379879951477,-0.9688065648078918,0.39670467376708984,1.20413076877594,0.7398927807807922,2.172937333583832,0.8074260950088501,1.4330445528030396,0.06753331422805786,1.4330445528030396,0.06753331422805786,32,7,0.78125,run_07_s80_zero,zero,0.8
640,H,0,gnnexplainer,0.8,-0.21126306056976318,-0.13503463566303253,-0.3119029700756073,0.13790667057037354,0.3491697311401367,0.27294130623340607,0.44980964064598083,0.07622842490673065,0.10063990950584412,-0.07622842490673065,0.10063990950584412,38,8,0.7894736842105263,run_07_s80_zero,zero,0.8
640,H,1,gnnexplainer,0.8,-0.21125224232673645,-0.11160442978143692,-0.24151915311813354,0.13790667057037354,0.34915891289711,0.24951110035181046,0.3794258236885071,0.09964781254529953,0.030266910791397095,-0.09964781254529953,0.030266910791397095,38,8,0.7894736842105263,run_07_s80_zero,zero,0.8
640,H,2,gnnexplainer,0.8,-0.04018162190914154,-0.06548083573579788,-0.046610601246356964,-0.010049479082226753,0.030132142826914787,0.05543135665357113,0.03656112216413021,0.02529921382665634,0.006428979337215424,0.02529921382665634,0.006428979337215424,38,8,0.7894736842105263,run_07_s80_zero,zero,0.8
640,H,3,gnnexplainer,0.8,-0.02698579430580139,-0.03237450122833252,-0.034588973969221115,-0.030795302242040634,0.0038095079362392426,0.0015791989862918854,0.003793671727180481,0.005388706922531128,0.0076031796634197235,-0.002230308949947357,-1.5836209058761597e-05,38,8,0.7894736842105263,run_07_s80_zero,zero,0.8
640,H,4,gnnexplainer,0.8,-0.029253706336021423,-0.046267054975032806,-0.04481397196650505,-0.03988323733210564,0.010629530996084213,0.00638381764292717,0.004930734634399414,0.017013348639011383,0.015560265630483627,-0.0042457133531570435,-0.005698796361684799,38,8,0.7894736842105263,run_07_s80_zero,zero,0.8
640,H,5,gnnexplainer,0.8,-0.07945401221513748,-0.08085846155881882,-0.14659026265144348,-0.08353185653686523,0.004077844321727753,0.0026733949780464172,0.06305840611457825,0.0014044493436813354,0.067136250436306,-0.0014044493436813354,0.058980561792850494,38,8,0.7894736842105263,run_07_s80_zero,zero,0.8
640,H,6,gnnexplainer,0.8,-0.11835552006959915,-0.13659903407096863,-0.12947577238082886,-0.10661061108112335,0.0117449089884758,0.029988422989845276,0.022865161299705505,0.018243514001369476,0.011120252311229706,0.018243514001369476,0.011120252311229706,38,8,0.7894736842105263,run_07_s80_zero,zero,0.8
640,H,7,gnnexplainer,0.8,-0.06900552660226822,-0.09405785799026489,-0.09892325103282928,-0.07117222994565964,0.0021667033433914185,0.022885628044605255,0.027751021087169647,0.025052331387996674,0.029917724430561066,0.020718924701213837,0.02558431774377823,38,8,0.7894736842105263,run_07_s80_zero,zero,0.8
640,H,8,gnnexplainer,0.8,-0.10110029578208923,-0.14931602776050568,-0.12109323590993881,-0.12511934340000153,0.024019047617912292,0.02419668436050415,0.004026107490062714,0.04821573197841644,0.01999294012784958,0.0001776367425918579,-0.01999294012784958,38,8,0.7894736842105263,run_07_s80_zero,zero,0.8
640,H,9,gnnexplainer,0.8,-0.07945292443037033,-0.08456770330667496,-0.07510537654161453,-0.08353185653686523,0.0040789321064949036,0.001035846769809723,0.008426479995250702,0.0051147788763046265,0.004347547888755798,-0.0030430853366851807,0.004347547888755798,38,8,0.7894736842105263,run_07_s80_zero,zero,0.8
640,H,10,gnnexplainer,0.8,-0.11835354566574097,-0.10094569623470306,-0.1100207045674324,-0.10661061108112335,0.011742934584617615,0.005664914846420288,0.0034100934863090515,0.017407849431037903,0.008332841098308563,-0.006078019738197327,-0.008332841098308563,38,8,0.7894736842105263,run_07_s80_zero,zero,0.8
640,H,11,gnnexplainer,0.8,-0.04018741473555565,-0.06634105741977692,-0.04867643862962723,-0.010049479082226753,0.030137935653328896,0.05629157833755016,0.038626959547400475,0.026153642684221268,0.008489023894071579,0.026153642684221268,0.008489023894071579,38,8,0.7894736842105263,run_07_s80_zero,zero,0.8
640,H,12,gnnexplainer,0.8,-0.029250383377075195,-0.04825463145971298,-0.024666741490364075,-0.04088323935866356,0.011632855981588364,0.007371392101049423,0.016216497868299484,0.019004248082637787,0.004583641886711121,-0.00426146388053894,0.004583641886711121,38,8,0.7894736842105263,run_07_s80_zero,zero,0.8
640,H,13,gnnexplainer,0.8,-0.026982992887496948,-0.06930230557918549,-0.020005501806735992,-0.030795302242040634,0.003812309354543686,0.03850700333714485,0.010789800435304642,0.04231931269168854,0.006977491080760956,0.034694693982601166,0.006977491080760956,38,8,0.7894736842105263,run_07_s80_zero,zero,0.8
640,C,0,gnnexplainer,0.8,-7.860611915588379,-6.476957321166992,-9.29210376739502,-8.271045684814453,0.4104337692260742,1.794088363647461,1.0210580825805664,1.3836545944213867,1.4314918518066406,1.3836545944213867,0.6106243133544922,38,8,0.7894736842105263,run_07_s80_zero,zero,0.8
640,C,1,gnnexplainer,0.8,-7.8596673011779785,-7.612738132476807,-7.612438678741455,-8.270045280456543,0.41037797927856445,0.6573071479797363,0.6576066017150879,0.24692916870117188,0.24722862243652344,0.24692916870117188,0.24722862243652344,38,8,0.7894736842105263,run_07_s80_zero,zero,0.8
640,C,2,gnnexplainer,0.8,-0.4793398380279541,-1.9768298864364624,-0.687400758266449,-0.608948290348053,0.12960845232009888,1.3678815960884094,0.078452467918396,1.4974900484085083,0.20806092023849487,1.2382731437683105,-0.05115598440170288,38,8,0.7894736842105263,run_07_s80_zero,zero,0.8
640,C,3,gnnexplainer,0.8,-1.0577682256698608,-3.880300998687744,-0.8884037733078003,-1.4114946126937866,0.3537263870239258,2.4688063859939575,0.5230908393859863,2.8225327730178833,0.16936445236206055,2.1150799989700317,0.16936445236206055,38,8,0.7894736842105263,run_07_s80_zero,zero,0.8
640,C,4,gnnexplainer,0.8,-1.6062666177749634,-3.5417354106903076,-1.4684544801712036,-2.1460978984832764,0.539831280708313,1.3956375122070312,0.6776434183120728,1.9354687929153442,0.13781213760375977,0.8558062314987183,0.13781213760375977,38,8,0.7894736842105263,run_07_s80_zero,zero,0.8
640,C,5,gnnexplainer,0.8,-1.0578246116638184,-3.399942398071289,-1.177130103111267,-1.4114511013031006,0.3536264896392822,1.9884912967681885,0.2343209981918335,2.3421177864074707,0.11930549144744873,1.6348648071289062,-0.11930549144744873,38,8,0.7894736842105263,run_07_s80_zero,zero,0.8
640,C,6,gnnexplainer,0.8,-0.47932881116867065,-2.6399552822113037,-0.13231758773326874,-0.6109034419059753,0.1315746307373047,2.0290518403053284,0.4785858541727066,2.160626471042633,0.3470112234354019,1.8974772095680237,0.3470112234354019,38,8,0.7894736842105263,run_07_s80_zero,zero,0.8
650,H,0,gnnexplainer,0.8,-0.034940771758556366,-0.059202853590250015,-0.047411393374204636,-0.047470711171627045,0.012529939413070679,0.01173214241862297,5.931779742240906e-05,0.02426208183169365,0.01247062161564827,-0.0007977969944477081,-0.01247062161564827,40,8,0.8,run_07_s80_zero,zero,0.8
650,H,1,gnnexplainer,0.8,-0.06100916862487793,-0.10070434212684631,-0.08307846635580063,-0.0373387411236763,0.02367042750120163,0.06336560100317001,0.04573972523212433,0.039695173501968384,0.0220692977309227,0.039695173501968384,0.0220692977309227,40,8,0.8,run_07_s80_zero,zero,0.8
650,H,2,gnnexplainer,0.8,-0.024738125503063202,-0.04549200087785721,-0.040133003145456314,-0.021102281287312508,0.0036358442157506943,0.0243897195905447,0.019030721858143806,0.020753875374794006,0.015394877642393112,0.020753875374794006,0.015394877642393112,40,8,0.8,run_07_s80_zero,zero,0.8
650,H,3,gnnexplainer,0.8,-0.10827633738517761,-0.16102376580238342,-0.11295872926712036,-0.09628623723983765,0.011990100145339966,0.06473752856254578,0.016672492027282715,0.05274742841720581,0.004682391881942749,0.05274742841720581,0.004682391881942749,40,8,0.8,run_07_s80_zero,zero,0.8
650,H,4,gnnexplainer,0.8,-0.05421527847647667,-0.03303860127925873,-0.02799747884273529,-0.1060146912932396,0.051799412816762924,0.07297609001398087,0.0780172124505043,0.02117667719721794,0.02621779963374138,0.02117667719721794,0.02621779963374138,40,8,0.8,run_07_s80_zero,zero,0.8
650,H,5,gnnexplainer,0.8,-0.0340970978140831,-0.043728649616241455,-0.054364390671253204,-0.045926790684461594,0.011829692870378494,0.0021981410682201385,0.00843759998679161,0.009631551802158356,0.020267292857170105,-0.009631551802158356,-0.0033920928835868835,40,8,0.8,run_07_s80_zero,zero,0.8
650,H,6,gnnexplainer,0.8,-0.023676138371229172,-0.0475991889834404,-0.04210047051310539,-0.01910228095948696,0.00457385741174221,0.028496908023953438,0.02299818955361843,0.023923050612211227,0.01842433214187622,0.023923050612211227,0.01842433214187622,40,8,0.8,run_07_s80_zero,zero,0.8
650,H,7,gnnexplainer,0.8,-0.05934511870145798,-0.10468997061252594,-0.04035068303346634,-0.03475097194314003,0.024594146758317947,0.06993899866938591,0.005599711090326309,0.04534485191106796,0.018994435667991638,0.04534485191106796,-0.018994435667991638,40,8,0.8,run_07_s80_zero,zero,0.8
650,H,8,gnnexplainer,0.8,-0.03394071012735367,-0.06663686782121658,-0.035613711923360825,-0.04692678898572922,0.01298607885837555,0.019710078835487366,0.011313077062368393,0.032696157693862915,0.0016730017960071564,0.006723999977111816,-0.0016730017960071564,40,8,0.8,run_07_s80_zero,zero,0.8
650,H,9,gnnexplainer,0.8,-0.05895303934812546,-0.11369667947292328,-0.10902313143014908,-0.03479496389627457,0.02415807545185089,0.07890171557664871,0.07422816753387451,0.05474364012479782,0.05007009208202362,0.05474364012479782,0.05007009208202362,40,8,0.8,run_07_s80_zero,zero,0.8
650,H,10,gnnexplainer,0.8,-0.023587524890899658,-0.050790805369615555,-0.03030649572610855,-0.020102281123399734,0.0034852437674999237,0.03068852424621582,0.010204214602708817,0.027203280478715897,0.006718970835208893,0.027203280478715897,0.006718970835208893,40,8,0.8,run_07_s80_zero,zero,0.8
650,H,11,gnnexplainer,0.8,-0.10841157287359238,-0.10208575427532196,-0.11633723974227905,-0.09524228423833847,0.013169288635253906,0.00684347003698349,0.021094955503940582,0.006325818598270416,0.007925666868686676,-0.006325818598270416,0.007925666868686676,40,8,0.8,run_07_s80_zero,zero,0.8
650,H,12,gnnexplainer,0.8,-0.05435436591506004,-0.034371405839920044,-0.02789277583360672,-0.10497073829174042,0.050616372376680374,0.07059933245182037,0.0770779624581337,0.01998296007514,0.026461590081453323,0.01998296007514,0.026461590081453323,40,8,0.8,run_07_s80_zero,zero,0.8
650,H,13,gnnexplainer,0.8,-0.06090754270553589,-0.10179972648620605,-0.0700722336769104,-0.03579496219754219,0.025112580507993698,0.06600476428866386,0.03427727147936821,0.040892183780670166,0.009164690971374512,0.040892183780670166,0.009164690971374512,40,8,0.8,run_07_s80_zero,zero,0.8
650,H,14,gnnexplainer,0.8,-0.03507107496261597,-0.08325494825839996,-0.04108015447854996,-0.04792679101228714,0.012855716049671173,0.035328157246112823,0.006846636533737183,0.048183873295784,0.0060090795159339905,0.02247244119644165,-0.0060090795159339905,40,8,0.8,run_07_s80_zero,zero,0.8
650,H,15,gnnexplainer,0.8,-0.024672776460647583,-0.015395112335681915,-0.03793284296989441,-0.01910228095948696,0.005570495501160622,0.003707168623805046,0.018830562010407448,0.009277664124965668,0.013260066509246826,-0.0018633268773555756,0.013260066509246826,40,8,0.8,run_07_s80_zero,zero,0.8
650,C,0,gnnexplainer,0.8,-0.6039972305297852,-3.1825814247131348,-0.9879584312438965,-0.7945148944854736,0.19051766395568848,2.388066530227661,0.19344353675842285,2.5785841941833496,0.38396120071411133,2.1975488662719727,0.002925872802734375,40,8,0.8,run_07_s80_zero,zero,0.8
650,C,1,gnnexplainer,0.8,-0.9427768588066101,-2.0491347312927246,-2.336200714111328,-1.2854688167572021,0.34269195795059204,0.7636659145355225,1.050731897354126,1.1063578724861145,1.393423855304718,0.4209739565849304,0.7080399394035339,40,8,0.8,run_07_s80_zero,zero,0.8
650,C,2,gnnexplainer,0.8,-0.6430948376655579,-1.5245060920715332,-0.8110350966453552,-0.7869271636009216,0.14383232593536377,0.7375789284706116,0.024107933044433594,0.8814112544059753,0.16794025897979736,0.5937466025352478,-0.11972439289093018,40,8,0.8,run_07_s80_zero,zero,0.8
650,C,3,gnnexplainer,0.8,-0.6416166424751282,-2.2611217498779297,-1.0028096437454224,-0.7869707942008972,0.14535415172576904,1.4741509556770325,0.21583884954452515,1.6195051074028015,0.3611930012702942,1.3287968039512634,0.0704846978187561,40,8,0.8,run_07_s80_zero,zero,0.8
650,C,4,gnnexplainer,0.8,-0.942050039768219,-1.9841859340667725,-1.4542591571807861,-1.282924771308899,0.34087473154067993,0.7012611627578735,0.1713343858718872,1.0421358942985535,0.5122091174125671,0.3603864312171936,-0.16954034566879272,40,8,0.8,run_07_s80_zero,zero,0.8
650,C,5,gnnexplainer,0.8,-0.60410076379776,-2.6455442905426025,-0.7253118753433228,-0.7939702272415161,0.1898694634437561,1.8515740633010864,0.06865835189819336,2.0414435267448425,0.12121111154556274,1.6617045998573303,-0.12121111154556274,40,8,0.8,run_07_s80_zero,zero,0.8
740,H,1,gnnexplainer,0.8,-0.026137936860322952,-0.06346575170755386,-0.008441407233476639,0.03481113538146019,0.06094907224178314,0.09827688708901405,0.04325254261493683,0.03732781484723091,0.017696529626846313,0.03732781484723091,-0.017696529626846313,34,7,0.7941176470588236,run_07_s80_zero,zero,0.8
740,H,2,gnnexplainer,0.8,-0.04452488198876381,-0.08031435310840607,-0.07118265330791473,-0.0694003626704216,0.02487548068165779,0.010913990437984467,0.0017822906374931335,0.03578947111964226,0.026657771319150925,-0.013961490243673325,-0.023093190044164658,34,7,0.7941176470588236,run_07_s80_zero,zero,0.8
740,H,3,gnnexplainer,0.8,-0.04864649474620819,-0.10307177156209946,-0.050517477095127106,-0.03524171933531761,0.01340477541089058,0.06783005222678185,0.015275757759809494,0.054425276815891266,0.0018709823489189148,0.054425276815891266,0.0018709823489189148,34,7,0.7941176470588236,run_07_s80_zero,zero,0.8
740,H,4,gnnexplainer,0.8,-0.044288262724876404,-0.0972607433795929,-0.04798818379640579,-0.06663717329502106,0.022348910570144653,0.03062357008457184,0.018648989498615265,0.05297248065471649,0.0036999210715293884,0.008274659514427185,-0.0036999210715293884,34,7,0.7941176470588236,run_07_s80_zero,zero,0.8
740,H,5,gnnexplainer,0.8,-0.02385552227497101,-0.06005801633000374,-0.011393293738365173,0.03422334045171738,0.058078862726688385,0.09428135678172112,0.04561663419008255,0.03620249405503273,0.012462228536605835,0.03620249405503273,-0.012462228536605835,34,7,0.7941176470588236,run_07_s80_zero,zero,0.8
740,H,6,gnnexplainer,0.8,-0.046978406608104706,-0.10078494250774384,-0.0629768818616867,-0.03061004728078842,0.016368359327316284,0.07017489522695541,0.032366834580898285,0.05380653589963913,0.015998475253582,0.05380653589963913,0.015998475253582,34,7,0.7941176470588236,run_07_s80_zero,zero,0.8
740,H,9,gnnexplainer,0.8,-0.04696982726454735,-0.0712248831987381,-0.05395808815956116,-0.11217248439788818,0.06520265713334084,0.040947601199150085,0.058214396238327026,0.02425505593419075,0.006988260895013809,-0.02425505593419075,-0.006988260895013809,34,7,0.7941176470588236,run_07_s80_zero,zero,0.8
740,H,10,gnnexplainer,0.8,-0.046655893325805664,-0.07143670320510864,-0.054587095975875854,-0.10799708962440491,0.06134119629859924,0.036560386419296265,0.05340999364852905,0.02478080987930298,0.00793120265007019,-0.02478080987930298,-0.00793120265007019,34,7,0.7941176470588236,run_07_s80_zero,zero,0.8
740,H,11,gnnexplainer,0.8,-0.03764323145151138,-0.05432223156094551,-0.028535984456539154,0.028855061158537865,0.06649829261004925,0.08317729271948338,0.05739104561507702,0.016679000109434128,0.009107246994972229,0.016679000109434128,-0.009107246994972229,34,7,0.7941176470588236,run_07_s80_zero,zero,0.8
740,C,0,gnnexplainer,0.8,0.018430694937705994,-1.286929965019226,-3.0183920860290527,0.41184088587760925,0.39341019093990326,1.6987708508968353,3.430232971906662,1.305360659956932,3.0368227809667587,1.305360659956932,3.0368227809667587,34,7,0.7941176470588236,run_07_s80_zero,zero,0.8
740,C,1,gnnexplainer,0.8,0.007801875472068787,-1.534408688545227,-1.3640468120574951,0.3751834034919739,0.3673815280199051,1.909592092037201,1.739230215549469,1.5422105640172958,1.371848687529564,1.5422105640172958,1.371848687529564,34,7,0.7941176470588236,run_07_s80_zero,zero,0.8
740,C,2,gnnexplainer,0.8,-0.3508378267288208,-1.886864423751831,-0.619494616985321,0.5169197916984558,0.8677576184272766,2.403784215450287,1.1364144086837769,1.5360265970230103,0.26865679025650024,1.5360265970230103,0.26865679025650024,34,7,0.7941176470588236,run_07_s80_zero,zero,0.8
50,H,0,gnnexplainer,0.8,-0.18866461515426636,-0.06349052488803864,-0.18829847872257233,-0.18572446703910828,0.002940148115158081,0.12223394215106964,0.0025740116834640503,0.12517409026622772,0.00036613643169403076,0.11929379403591156,-0.00036613643169403076,30,6,0.8,run_08_s80_scientific,scientific,0.8
50,H,1,gnnexplainer,0.8,-0.19408667087554932,-0.06680552661418915,-0.2095201015472412,-0.1745053380727768,0.019581332802772522,0.10769981145858765,0.035014763474464417,0.12728114426136017,0.015433430671691895,0.08811847865581512,0.015433430671691895,30,6,0.8,run_08_s80_scientific,scientific,0.8
50,H,2,gnnexplainer,0.8,-0.13721123337745667,-0.13360601663589478,-0.10512404888868332,-0.1240059956908226,0.013205237686634064,0.009600020945072174,0.018881946802139282,0.0036052167415618896,0.032087184488773346,-0.0036052167415618896,0.0056767091155052185,30,6,0.8,run_08_s80_scientific,scientific,0.8
50,H,3,gnnexplainer,0.8,-0.06269896030426025,-0.0634133517742157,-0.042105235159397125,-0.029461706057190895,0.03323725424706936,0.0339516457170248,0.01264352910220623,0.0007143914699554443,0.02059372514486313,0.0007143914699554443,-0.02059372514486313,30,6,0.8,run_08_s80_scientific,scientific,0.8
50,H,4,gnnexplainer,0.8,-0.05592544749379158,-0.08704143762588501,-0.12048670649528503,-0.08866342157125473,0.03273797407746315,0.0016219839453697205,0.031823284924030304,0.03111599013209343,0.06456125900149345,-0.03111599013209343,-0.0009146891534328461,30,6,0.8,run_08_s80_scientific,scientific,0.8
50,H,5,gnnexplainer,0.8,-0.08462868630886078,-0.1188264712691307,-0.1034717857837677,-0.06410186737775803,0.020526818931102753,0.05472460389137268,0.039369918406009674,0.03419778496026993,0.01884309947490692,0.03419778496026993,0.01884309947490692,30,6,0.8,run_08_s80_scientific,scientific,0.8
50,H,6,gnnexplainer,0.8,-0.33054494857788086,-0.13767075538635254,-0.299053430557251,-0.3011716902256012,0.029373258352279663,0.16350093483924866,0.0021182596683502197,0.19287419319152832,0.03149151802062988,0.134127676486969,-0.027254998683929443,30,6,0.8,run_08_s80_scientific,scientific,0.8
50,H,7,gnnexplainer,0.8,-0.3257949948310852,-0.14362980425357819,-0.30244019627571106,-0.362988144159317,0.03719314932823181,0.21935833990573883,0.06054794788360596,0.18216519057750702,0.023354798555374146,0.18216519057750702,0.023354798555374146,30,6,0.8,run_08_s80_scientific,scientific,0.8
50,C,0,gnnexplainer,0.8,-3.4731967449188232,-1.0503818988800049,-4.254120349884033,-3.638505220413208,0.16530847549438477,2.588123321533203,0.6156151294708252,2.4228148460388184,0.78092360496521,2.4228148460388184,0.45030665397644043,30,6,0.8,run_08_s80_scientific,scientific,0.8
50,C,1,gnnexplainer,0.8,-2.626781463623047,-2.594371795654297,-1.163383960723877,-2.7032065391540527,0.07642507553100586,0.10883474349975586,1.5398225784301758,0.03240966796875,1.46339750289917,0.03240966796875,1.46339750289917,30,6,0.8,run_08_s80_scientific,scientific,0.8
50,C,2,gnnexplainer,0.8,-2.6187326908111572,-1.7681829929351807,-1.846004605293274,-3.0836172103881836,0.46488451957702637,1.315434217453003,1.2376126050949097,0.8505496978759766,0.7727280855178833,0.8505496978759766,0.7727280855178833,30,6,0.8,run_08_s80_scientific,scientific,0.8
50,C,3,gnnexplainer,0.8,-12.352452278137207,-10.14731502532959,-11.242538452148438,-11.829119682312012,0.5233325958251953,1.6818046569824219,0.5865812301635742,2.205137252807617,1.1099138259887695,1.1584720611572266,0.0632486343383789,30,6,0.8,run_08_s80_scientific,scientific,0.8
50,C,4,gnnexplainer,0.8,-12.56570053100586,-10.938302993774414,-10.445671081542969,-12.671215057373047,0.1055145263671875,1.7329120635986328,2.225543975830078,1.6273975372314453,2.1200294494628906,1.6273975372314453,2.1200294494628906,30,6,0.8,run_08_s80_scientific,scientific,0.8
50,C,5,gnnexplainer,0.8,-1.2540905475616455,-2.6785693168640137,-0.7501853704452515,-1.9315294027328491,0.6774388551712036,0.7470399141311646,1.1813440322875977,1.4244787693023682,0.503905177116394,0.06960105895996094,0.503905177116394,30,6,0.8,run_08_s80_scientific,scientific,0.8
170,H,0,gnnexplainer,0.8,-0.08065252006053925,-0.08307650685310364,-0.09161993861198425,-0.026961499825119972,0.05369102023541927,0.056115007027983665,0.06465843878686428,0.002423986792564392,0.010967418551445007,0.002423986792564392,0.010967418551445007,42,9,0.7857142857142857,run_08_s80_scientific,scientific,0.8
170,H,1,gnnexplainer,0.8,-0.08064423501491547,-0.0979655459523201,-0.09243233501911163,-0.027961499989032745,0.05268273502588272,0.07000404596328735,0.06447083503007889,0.017321310937404633,0.011788100004196167,0.017321310937404633,0.011788100004196167,42,9,0.7857142857142857,run_08_s80_scientific,scientific,0.8
170,H,2,gnnexplainer,0.8,-0.08063553273677826,-0.10949534922838211,-0.08750846982002258,-0.027961499989032745,0.052674032747745514,0.08153384923934937,0.05954696983098984,0.02885981649160385,0.006872937083244324,0.02885981649160385,0.006872937083244324,42,9,0.7857142857142857,run_08_s80_scientific,scientific,0.8
170,H,3,gnnexplainer,0.8,-0.08062697947025299,-0.10821837931871414,-0.08264907449483871,-0.026961499825119972,0.05366547964513302,0.08125687949359417,0.05568757466971874,0.02759139984846115,0.002022095024585724,0.02759139984846115,0.002022095024585724,42,9,0.7857142857142857,run_08_s80_scientific,scientific,0.8
170,H,4,gnnexplainer,0.8,-0.07791470736265182,-0.10753799974918365,-0.09272273629903793,-0.027961499989032745,0.04995320737361908,0.07957649976015091,0.06476123631000519,0.02962329238653183,0.014808028936386108,0.02962329238653183,0.014808028936386108,42,9,0.7857142857142857,run_08_s80_scientific,scientific,0.8
170,H,5,gnnexplainer,0.8,-0.07790467888116837,-0.10480475425720215,-0.07676420360803604,-0.026961499825119972,0.05094317905604839,0.07784325443208218,0.04980270378291607,0.026900075376033783,0.0011404752731323242,0.026900075376033783,-0.0011404752731323242,42,9,0.7857142857142857,run_08_s80_scientific,scientific,0.8
170,H,6,gnnexplainer,0.8,-0.07790350168943405,-0.09357071667909622,-0.06733116507530212,-0.026961499825119972,0.05094200186431408,0.06660921685397625,0.04036966525018215,0.01566721498966217,0.010572336614131927,0.01566721498966217,-0.010572336614131927,42,9,0.7857142857142857,run_08_s80_scientific,scientific,0.8
170,H,7,gnnexplainer,0.8,-0.07790827751159668,-0.11127220094203949,-0.0660603791475296,-0.02896150015294552,0.04894677735865116,0.08231070078909397,0.037098878994584084,0.03336392343044281,0.011847898364067078,0.03336392343044281,-0.011847898364067078,42,9,0.7857142857142857,run_08_s80_scientific,scientific,0.8
170,H,8,gnnexplainer,0.8,-0.07964935898780823,-0.11230801790952682,-0.08940637111663818,-0.02691764011979103,0.0527317188680172,0.0853903777897358,0.06248873099684715,0.0326586589217186,0.009757012128829956,0.0326586589217186,0.009757012128829956,42,9,0.7857142857142857,run_08_s80_scientific,scientific,0.8
170,H,9,gnnexplainer,0.8,-0.0796414166688919,-0.1004861518740654,-0.10971852391958237,-0.025917639955878258,0.05372377671301365,0.07456851191818714,0.08380088396370411,0.020844735205173492,0.03007710725069046,0.020844735205173492,0.03007710725069046,42,9,0.7857142857142857,run_08_s80_scientific,scientific,0.8
170,H,10,gnnexplainer,0.8,-0.07964157313108444,-0.08993898332118988,-0.1089668869972229,-0.025917639955878258,0.053723933175206184,0.06402134336531162,0.08304924704134464,0.010297410190105438,0.029325313866138458,0.010297410190105438,0.029325313866138458,42,9,0.7857142857142857,run_08_s80_scientific,scientific,0.8
170,H,11,gnnexplainer,0.8,-0.07965811342000961,-0.09469003230333328,-0.0796108990907669,-0.02896150015294552,0.050696613267064095,0.06572853215038776,0.05064939893782139,0.01503191888332367,4.72143292427063e-05,0.01503191888332367,-4.72143292427063e-05,42,9,0.7857142857142857,run_08_s80_scientific,scientific,0.8
170,C,0,gnnexplainer,0.8,-2.0284276008605957,-3.0644190311431885,-2.159240484237671,-2.175614595413208,0.1471869945526123,0.8888044357299805,0.01637411117553711,1.0359914302825928,0.1308128833770752,0.7416174411773682,-0.1308128833770752,42,9,0.7857142857142857,run_08_s80_scientific,scientific,0.8
170,C,1,gnnexplainer,0.8,-2.0285582542419434,-2.668637275695801,-1.927679419517517,-2.1761586666107178,0.14760041236877441,0.492478609085083,0.24847924709320068,0.6400790214538574,0.10087883472442627,0.3448781967163086,0.10087883472442627,42,9,0.7857142857142857,run_08_s80_scientific,scientific,0.8
170,C,2,gnnexplainer,0.8,-2.1927924156188965,-2.5228939056396484,-1.7325618267059326,-2.1926145553588867,0.00017786026000976562,0.3302793502807617,0.4600527286529541,0.33010149002075195,0.46023058891296387,0.33010149002075195,0.45987486839294434,42,9,0.7857142857142857,run_08_s80_scientific,scientific,0.8
170,C,3,gnnexplainer,0.8,-2.1926939487457275,-2.4783151149749756,-2.174729347229004,-2.179614543914795,0.013079404830932617,0.29870057106018066,0.004885196685791016,0.28562116622924805,0.017964601516723633,0.28562116622924805,-0.008194208145141602,42,9,0.7857142857142857,run_08_s80_scientific,scientific,0.8
170,C,4,gnnexplainer,0.8,-2.0527212619781494,-2.8578763008117676,-2.1442949771881104,-2.1881580352783203,0.1354367733001709,0.6697182655334473,0.04386305809020996,0.8051550388336182,0.09157371520996094,0.5342814922332764,-0.09157371520996094,42,9,0.7857142857142857,run_08_s80_scientific,scientific,0.8
170,C,5,gnnexplainer,0.8,-2.0526702404022217,-2.5073094367980957,-1.5834934711456299,-2.174614429473877,0.12194418907165527,0.33269500732421875,0.5911209583282471,0.454639196395874,0.4691767692565918,0.21075081825256348,0.4691767692565918,42,9,0.7857142857142857,run_08_s80_scientific,scientific,0.8
270,H,0,gnnexplainer,0.8,-0.06326740980148315,-0.037017323076725006,-0.08733328431844711,-0.04426804184913635,0.018999367952346802,0.0072507187724113464,0.04306524246931076,0.026250086724758148,0.02406587451696396,-0.011748649179935455,0.02406587451696396,22,5,0.7727272727272727,run_08_s80_scientific,scientific,0.8
270,H,1,gnnexplainer,0.8,-0.06325238198041916,-0.040954213589429855,-0.06676852703094482,-0.04426804184913635,0.018984340131282806,0.003313828259706497,0.02250048518180847,0.022298168390989304,0.0035161450505256653,-0.01567051187157631,0.0035161450505256653,22,5,0.7727272727272727,run_08_s80_scientific,scientific,0.8
270,H,2,gnnexplainer,0.8,-0.11182482540607452,-0.14174526929855347,-0.13014814257621765,-0.1254609227180481,0.013636097311973572,0.01628434658050537,0.004687219858169556,0.029920443892478943,0.018323317170143127,0.0026482492685317993,-0.008948877453804016,22,5,0.7727272727272727,run_08_s80_scientific,scientific,0.8
270,H,3,gnnexplainer,0.8,-0.11181138455867767,-0.10146063566207886,-0.11570639908313751,-0.12491703033447266,0.013105645775794983,0.0234563946723938,0.009210631251335144,0.010350748896598816,0.003895014524459839,0.010350748896598816,-0.003895014524459839,22,5,0.7727272727272727,run_08_s80_scientific,scientific,0.8
270,H,4,gnnexplainer,0.8,-0.11182227730751038,-0.07801241427659988,-0.1200917437672615,-0.12646092474460602,0.014638647437095642,0.048448510468006134,0.006369180977344513,0.03380986303091049,0.00826946645975113,0.03380986303091049,-0.00826946645975113,22,5,0.7727272727272727,run_08_s80_scientific,scientific,0.8
270,H,5,gnnexplainer,0.8,-0.11181676387786865,-0.12106434255838394,-0.12471306324005127,-0.12591703236103058,0.014100268483161926,0.004852689802646637,0.001203969120979309,0.00924757868051529,0.012896299362182617,-0.00924757868051529,-0.012896299362182617,22,5,0.7727272727272727,run_08_s80_scientific,scientific,0.8
270,C,0,gnnexplainer,0.8,-0.8327508568763733,-2.9928574562072754,-1.2103620767593384,-0.4850490391254425,0.3477018177509308,2.507808417081833,0.7253130376338959,2.160106599330902,0.3776112198829651,2.160106599330902,0.3776112198829651,22,5,0.7727272727272727,run_08_s80_scientific,scientific,0.8
270,C,1,gnnexplainer,0.8,-3.084488868713379,-4.296440601348877,-3.0283119678497314,-2.464503288269043,0.6199855804443359,1.831937313079834,0.5638086795806885,1.211951732635498,0.05617690086364746,1.211951732635498,-0.05617690086364746,22,5,0.7727272727272727,run_08_s80_scientific,scientific,0.8
270,C,2,gnnexplainer,0.8,-14.785540580749512,-11.676146507263184,-10.226912498474121,-16.523923873901367,1.7383832931518555,4.847777366638184,6.297011375427246,3.109394073486328,4.558628082275391,3.109394073486328,4.558628082275391,22,5,0.7727272727272727,run_08_s80_scientific,scientific,0.8
270,C,3,gnnexplainer,0.8,-3.084531784057617,-3.8078134059906006,-1.808881163597107,-2.4825034141540527,0.6020283699035645,1.3253099918365479,0.6736222505569458,0.7232816219329834,1.2756506204605103,0.7232816219329834,0.07159388065338135,22,5,0.7727272727272727,run_08_s80_scientific,scientific,0.8
330,H,0,gnnexplainer,0.8,-0.05332114174962044,-0.06657885015010834,-0.047002412378787994,-0.03665326535701752,0.01666787639260292,0.02992558479309082,0.010349147021770477,0.0132577084004879,0.006318729370832443,0.0132577084004879,-0.006318729370832443,22,5,0.7727272727272727,run_08_s80_scientific,scientific,0.8
330,H,1,gnnexplainer,0.8,-0.04627763852477074,-0.04816192388534546,-0.07641394436359406,-0.05347871407866478,0.007201075553894043,0.005316790193319321,0.022935230284929276,0.0018842853605747223,0.03013630583882332,-0.0018842853605747223,0.015734154731035233,22,5,0.7727272727272727,run_08_s80_scientific,scientific,0.8
330,H,2,gnnexplainer,0.8,-0.04633069783449173,-0.0473291277885437,-0.035439372062683105,-0.052478715777397156,0.006148017942905426,0.005149587988853455,0.01703934371471405,0.0009984299540519714,0.010891325771808624,-0.0009984299540519714,0.010891325771808624,22,5,0.7727272727272727,run_08_s80_scientific,scientific,0.8
330,H,3,gnnexplainer,0.8,-0.018737804144620895,-0.04094991087913513,-0.08838692307472229,-0.028382685035467148,0.009644880890846252,0.012567225843667984,0.06000423803925514,0.022212106734514236,0.0696491189301014,0.0029223449528217316,0.05035935714840889,22,5,0.7727272727272727,run_08_s80_scientific,scientific,0.8
330,H,4,gnnexplainer,0.8,-0.01875194162130356,-0.034858714789152145,-0.047734424471855164,-0.02938268519937992,0.010630743578076363,0.005476029589772224,0.018351739272475243,0.016106773167848587,0.028982482850551605,-0.005154713988304138,0.00772099569439888,22,5,0.7727272727272727,run_08_s80_scientific,scientific,0.8
330,H,5,gnnexplainer,0.8,-0.08483874797821045,-0.12173838168382645,-0.11917483061552048,-0.05086393281817436,0.03397481516003609,0.07087444886565208,0.06831089779734612,0.036899633705616,0.03433608263731003,0.036899633705616,0.03433608263731003,22,5,0.7727272727272727,run_08_s80_scientific,scientific,0.8
330,H,6,gnnexplainer,0.8,-0.14934495091438293,-0.12242473661899567,-0.2175966501235962,-0.19063477218151093,0.04128982126712799,0.06821003556251526,0.026961877942085266,0.026920214295387268,0.06825169920921326,0.026920214295387268,-0.014327943325042725,22,5,0.7727272727272727,run_08_s80_scientific,scientific,0.8
330,C,0,gnnexplainer,0.8,-1.6009703874588013,-2.351911783218384,-2.746823787689209,-1.5042518377304077,0.09671854972839355,0.8476599454879761,1.2425719499588013,0.7509413957595825,1.1458534002304077,0.7509413957595825,1.1458534002304077,22,5,0.7727272727272727,run_08_s80_scientific,scientific,0.8
330,C,1,gnnexplainer,0.8,-1.3574010133743286,-2.253159761428833,-1.969221591949463,-1.1874029636383057,0.16999804973602295,1.0657567977905273,0.7818186283111572,0.8957587480545044,0.6118205785751343,0.8957587480545044,0.6118205785751343,22,5,0.7727272727272727,run_08_s80_scientific,scientific,0.8
330,C,2,gnnexplainer,0.8,-6.480936527252197,-5.626241207122803,-7.608453273773193,-7.547578811645508,1.0666422843933105,1.921337604522705,0.06087446212768555,0.8546953201293945,1.127516746520996,0.8546953201293945,-1.005767822265625,22,5,0.7727272727272727,run_08_s80_scientific,scientific,0.8
360,H,0,gnnexplainer,0.8,-0.33236026763916016,-0.14302650094032288,-0.33680588006973267,-0.3191285729408264,0.01323169469833374,0.17610207200050354,0.01767730712890625,0.18933376669883728,0.00444561243057251,0.1628703773021698,0.00444561243057251,24,5,0.7916666666666666,run_08_s80_scientific,scientific,0.8
360,H,1,gnnexplainer,0.8,-0.342712938785553,-0.14822641015052795,-0.3821350932121277,-0.26153138279914856,0.08118155598640442,0.1133049726486206,0.12060371041297913,0.19448652863502502,0.03942215442657471,0.032123416662216187,0.03942215442657471,24,5,0.7916666666666666,run_08_s80_scientific,scientific,0.8
360,H,2,gnnexplainer,0.8,-0.14684848487377167,-0.05522916465997696,-0.149740070104599,-0.1154087483882904,0.03143973648548126,0.060179583728313446,0.034331321716308594,0.09161932021379471,0.0028915852308273315,0.028739847242832184,0.0028915852308273315,24,5,0.7916666666666666,run_08_s80_scientific,scientific,0.8
360,H,3,gnnexplainer,0.8,-0.14511096477508545,-0.036884795874357224,-0.14299139380455017,-0.14733904600143433,0.002228081226348877,0.1104542501270771,0.004347652196884155,0.10822616890072823,0.0021195709705352783,0.10822616890072823,0.0021195709705352783,24,5,0.7916666666666666,run_08_s80_scientific,scientific,0.8
360,H,4,gnnexplainer,0.8,-0.13666847348213196,-0.038830384612083435,-0.12647393345832825,-0.11875949054956436,0.017908982932567596,0.07992910593748093,0.0077144429087638855,0.09783808887004852,0.010194540023803711,0.06202012300491333,-0.010194540023803711,24,5,0.7916666666666666,run_08_s80_scientific,scientific,0.8
360,H,5,gnnexplainer,0.8,-0.1832352876663208,-0.09929593652486801,-0.18278393149375916,-0.16926804184913635,0.013967245817184448,0.06997210532426834,0.013515889644622803,0.08393935114145279,0.0004513561725616455,0.05600485950708389,-0.0004513561725616455,24,5,0.7916666666666666,run_08_s80_scientific,scientific,0.8
360,H,6,gnnexplainer,0.8,-0.17076992988586426,-0.09961428493261337,-0.1438024640083313,-0.20832136273384094,0.037551432847976685,0.10870707780122757,0.06451889872550964,0.07115564495325089,0.02696746587753296,0.07115564495325089,0.02696746587753296,24,5,0.7916666666666666,run_08_s80_scientific,scientific,0.8
360,C,0,gnnexplainer,0.8,-3.523756980895996,-2.584355354309082,-4.312440872192383,-4.043220043182373,0.519463062286377,1.458864688873291,0.26922082901000977,0.9394016265869141,0.7886838912963867,0.9394016265869141,-0.2502422332763672,24,5,0.7916666666666666,run_08_s80_scientific,scientific,0.8
360,C,1,gnnexplainer,0.8,-14.09076976776123,-11.326070785522461,-10.571434020996094,-14.111479759216309,0.020709991455078125,2.7854089736938477,3.540045738220215,2.7646989822387695,3.5193357467651367,2.7646989822387695,3.5193357467651367,24,5,0.7916666666666666,run_08_s80_scientific,scientific,0.8
360,C,2,gnnexplainer,0.8,-11.013855934143066,-7.113697052001953,-8.468680381774902,-9.470762252807617,1.5430936813354492,2.357065200805664,1.0020818710327148,3.9001588821411133,2.545175552368164,0.8139715194702148,-0.5410118103027344,24,5,0.7916666666666666,run_08_s80_scientific,scientific,0.8
360,C,3,gnnexplainer,0.8,-1.671934723854065,-2.6330509185791016,-0.8925327658653259,-1.504056692123413,0.16787803173065186,1.1289942264556885,0.6115239262580872,0.9611161947250366,0.779401957988739,0.9611161947250366,0.4436458945274353,24,5,0.7916666666666666,run_08_s80_scientific,scientific,0.8
380,H,0,gnnexplainer,0.8,-0.13993945717811584,-0.046240128576755524,-0.06129801273345947,-0.11915438622236252,0.020785070955753326,0.072914257645607,0.057856373488903046,0.09369932860136032,0.07864144444465637,0.05212918668985367,0.03707130253314972,24,5,0.7916666666666666,run_08_s80_scientific,scientific,0.8
380,H,1,gnnexplainer,0.8,-0.13264447450637817,-0.08732199668884277,-0.13088683784008026,-0.1529437154531479,0.020299240946769714,0.06562171876430511,0.022056877613067627,0.0453224778175354,0.0017576366662979126,0.0453224778175354,0.0017576366662979126,24,5,0.7916666666666666,run_08_s80_scientific,scientific,0.8
380,H,2,gnnexplainer,0.8,-0.13482002913951874,-0.060364168137311935,-0.12560680508613586,-0.11749634146690369,0.01732368767261505,0.05713217332959175,0.008110463619232178,0.0744558610022068,0.009213224053382874,0.0398084856569767,-0.009213224053382874,24,5,0.7916666666666666,run_08_s80_scientific,scientific,0.8
380,H,3,gnnexplainer,0.8,-0.1763220578432083,-0.1130986362695694,-0.1682942807674408,-0.2253120243549347,0.04898996651172638,0.1122133880853653,0.057017743587493896,0.06322342157363892,0.008027777075767517,0.06322342157363892,0.008027777075767517,24,5,0.7916666666666666,run_08_s80_scientific,scientific,0.8
380,H,4,gnnexplainer,0.8,-0.17767122387886047,-0.11150875687599182,-0.15453265607357025,-0.19009250402450562,0.012421280145645142,0.0785837471485138,0.035559847950935364,0.06616246700286865,0.023138567805290222,0.06616246700286865,0.023138567805290222,24,5,0.7916666666666666,run_08_s80_scientific,scientific,0.8
380,H,5,gnnexplainer,0.8,-0.019281115382909775,-0.041637349873781204,-0.027966652065515518,0.054915860295295715,0.07419697567820549,0.09655321016907692,0.08288251236081123,0.02235623449087143,0.008685536682605743,0.02235623449087143,0.008685536682605743,24,5,0.7916666666666666,run_08_s80_scientific,scientific,0.8
380,H,6,gnnexplainer,0.8,-0.02779546007514,-0.03564617782831192,-0.04750313609838486,-0.026584316045045853,0.0012111440300941467,0.009061861783266068,0.020918820053339005,0.00785071775317192,0.019707676023244858,0.00785071775317192,0.019707676023244858,24,5,0.7916666666666666,run_08_s80_scientific,scientific,0.8
380,H,7,gnnexplainer,0.8,-0.025298241525888443,-0.042063988745212555,-0.04123132675886154,-0.0037771498318761587,0.021521091694012284,0.038286838913336396,0.03745417692698538,0.016765747219324112,0.0159330852329731,0.016765747219324112,0.0159330852329731,24,5,0.7916666666666666,run_08_s80_scientific,scientific,0.8
380,C,0,gnnexplainer,0.8,-0.011481314897537231,-1.5209686756134033,-0.7664675116539001,0.17328409850597382,0.18476541340351105,1.6942527741193771,0.939751610159874,1.509487360715866,0.7549861967563629,1.509487360715866,0.7549861967563629,24,5,0.7916666666666666,run_08_s80_scientific,scientific,0.8
380,C,1,gnnexplainer,0.8,-2.963667631149292,-2.536440849304199,-2.822305917739868,-2.9316675662994385,0.032000064849853516,0.39522671699523926,0.10936164855957031,0.4272267818450928,0.14136171340942383,0.36322665214538574,0.0773615837097168,24,5,0.7916666666666666,run_08_s80_scientific,scientific,0.8
380,C,2,gnnexplainer,0.8,-15.949727058410645,-13.368409156799316,-14.652923583984375,-16.425132751464844,0.4754056930541992,3.0567235946655273,1.7722091674804688,2.581317901611328,1.2968034744262695,2.581317901611328,1.2968034744262695,24,5,0.7916666666666666,run_08_s80_scientific,scientific,0.8
380,C,3,gnnexplainer,0.8,-1.695212483406067,-3.498281478881836,-1.5373059511184692,-1.3898565769195557,0.30535590648651123,2.1084249019622803,0.14744937419891357,1.803068995475769,0.15790653228759766,1.803068995475769,-0.15790653228759766,24,5,0.7916666666666666,run_08_s80_scientific,scientific,0.8
450,H,0,gnnexplainer,0.8,-0.04355114698410034,-0.006603170186281204,-0.03903471305966377,0.03275012969970703,0.07630127668380737,0.039353299885988235,0.0717848427593708,0.03694797679781914,0.004516433924436569,-0.03694797679781914,-0.004516433924436569,30,6,0.8,run_08_s80_scientific,scientific,0.8
450,H,1,gnnexplainer,0.8,-0.06927318125963211,-0.05037185177206993,-0.045502178370952606,-0.0715140700340271,0.002240888774394989,0.02114221826195717,0.026011891663074493,0.01890132948756218,0.023771002888679504,0.01890132948756218,0.023771002888679504,30,6,0.8,run_08_s80_scientific,scientific,0.8
450,H,2,gnnexplainer,0.8,-0.06935058534145355,-0.051181793212890625,-0.09391441941261292,-0.07355805486440659,0.0042074695229530334,0.02237626165151596,0.02035636454820633,0.018168792128562927,0.024563834071159363,0.018168792128562927,0.016148895025253296,30,6,0.8,run_08_s80_scientific,scientific,0.8
450,H,3,gnnexplainer,0.8,-0.14339891076087952,-0.1087610125541687,-0.1627364158630371,-0.23171529173851013,0.08831638097763062,0.12295427918434143,0.06897887587547302,0.034637898206710815,0.019337505102157593,0.034637898206710815,-0.019337505102157593,30,6,0.8,run_08_s80_scientific,scientific,0.8
450,C,0,gnnexplainer,0.8,-5.920004844665527,-7.159914970397949,-4.795902729034424,-7.761427879333496,1.8414230346679688,0.6015129089355469,2.9655251502990723,1.2399101257324219,1.1241021156311035,-1.2399101257324219,1.1241021156311035,30,6,0.8,run_08_s80_scientific,scientific,0.8
450,C,1,gnnexplainer,0.8,-8.008285522460938,-6.897098064422607,-7.054410457611084,-9.08093547821045,1.0726499557495117,2.183837413787842,2.0265250205993652,1.11118745803833,0.9538750648498535,1.11118745803833,0.9538750648498535,30,6,0.8,run_08_s80_scientific,scientific,0.8
450,C,2,gnnexplainer,0.8,-0.7208598256111145,-3.014317750930786,-0.0043936073780059814,-0.7991183996200562,0.07825857400894165,2.21519935131073,0.7947247922420502,2.2934579253196716,0.7164662182331085,2.1369407773017883,0.7164662182331085,30,6,0.8,run_08_s80_scientific,scientific,0.8
450,C,3,gnnexplainer,0.8,-5.4790120124816895,-5.749131679534912,-4.891626358032227,-5.140366077423096,0.33864593505859375,0.6087656021118164,0.24873971939086914,0.27011966705322266,0.5873856544494629,0.27011966705322266,-0.08990621566772461,30,6,0.8,run_08_s80_scientific,scientific,0.8
450,C,4,gnnexplainer,0.8,-3.9353888034820557,-3.5131890773773193,-3.5328102111816406,-3.6308069229125977,0.304581880569458,0.11761784553527832,0.09799671173095703,0.42219972610473633,0.40257859230041504,-0.1869640350341797,-0.20658516883850098,30,6,0.8,run_08_s80_scientific,scientific,0.8
490,H,0,gnnexplainer,0.8,-0.17315952479839325,-0.09872544556856155,-0.18502900004386902,-0.23058383166790009,0.057424306869506836,0.13185838609933853,0.04555483162403107,0.0744340792298317,0.011869475245475769,0.0744340792298317,-0.011869475245475769,30,6,0.8,run_08_s80_scientific,scientific,0.8
490,H,1,gnnexplainer,0.8,-0.15685632824897766,-0.08673892915248871,-0.17978888750076294,-0.249619260430336,0.09276293218135834,0.1628803312778473,0.06983037292957306,0.07011739909648895,0.02293255925178528,0.07011739909648895,-0.02293255925178528,30,6,0.8,run_08_s80_scientific,scientific,0.8
490,H,2,gnnexplainer,0.8,-0.18034976720809937,-0.13376232981681824,-0.18735092878341675,-0.26599687337875366,0.0856471061706543,0.13223454356193542,0.07864594459533691,0.04658743739128113,0.007001161575317383,0.04658743739128113,-0.007001161575317383,30,6,0.8,run_08_s80_scientific,scientific,0.8
490,H,5,gnnexplainer,0.8,-0.12873896956443787,-0.08933287858963013,-0.12488431483507156,-0.1509436070919037,0.02220463752746582,0.06161072850227356,0.026059292256832123,0.03940609097480774,0.0038546547293663025,0.03940609097480774,0.0038546547293663025,30,6,0.8,run_08_s80_scientific,scientific,0.8
490,H,6,gnnexplainer,0.8,-0.12632957100868225,-0.0773029550909996,-0.08584466576576233,-0.1284528225660324,0.0021232515573501587,0.051149867475032806,0.04260815680027008,0.04902661591768265,0.04048490524291992,0.04902661591768265,0.04048490524291992,30,6,0.8,run_08_s80_scientific,scientific,0.8
490,C,0,gnnexplainer,0.8,-3.129530668258667,-2.747908592224121,-3.077702283859253,-4.111388683319092,0.9818580150604248,1.3634800910949707,1.0336863994598389,0.3816220760345459,0.05182838439941406,0.3816220760345459,0.05182838439941406,30,6,0.8,run_08_s80_scientific,scientific,0.8
490,C,1,gnnexplainer,0.8,-15.582393646240234,-12.353304862976074,-11.106731414794922,-16.991817474365234,1.409423828125,4.63851261138916,5.8850860595703125,3.22908878326416,4.4756622314453125,3.22908878326416,4.4756622314453125,30,6,0.8,run_08_s80_scientific,scientific,0.8
490,C,2,gnnexplainer,0.8,-3.881084442138672,-3.218642234802246,-3.574232816696167,-4.111124038696289,0.2300395965576172,0.892481803894043,0.5368912220001221,0.6624422073364258,0.3068516254425049,0.6624422073364258,0.3068516254425049,30,6,0.8,run_08_s80_scientific,scientific,0.8
490,C,3,gnnexplainer,0.8,-2.2796802520751953,-1.7655354738235474,-3.228475332260132,-3.4353280067443848,1.1556477546691895,1.6697925329208374,0.20685267448425293,0.514144778251648,0.9487950801849365,0.514144778251648,-0.9487950801849365,30,6,0.8,run_08_s80_scientific,scientific,0.8
510,H,0,gnnexplainer,0.8,-0.0641452819108963,-0.09349938482046127,-0.07227538526058197,-0.06858395785093307,0.004438675940036774,0.024915426969528198,0.0036914274096488953,0.029354102909564972,0.008130103349685669,0.020476751029491425,-0.0007472485303878784,38,8,0.7894736842105263,run_08_s80_scientific,scientific,0.8
510,H,1,gnnexplainer,0.8,-0.07207746058702469,-0.07371771335601807,-0.08821284770965576,-0.10737372934818268,0.03529626876115799,0.03365601599216461,0.019160881638526917,0.0016402527689933777,0.016135387122631073,-0.0016402527689933777,-0.016135387122631073,38,8,0.7894736842105263,run_08_s80_scientific,scientific,0.8
510,H,2,gnnexplainer,0.8,-0.054743897169828415,-0.07716798037290573,-0.058442674577236176,-0.030469827353954315,0.0242740698158741,0.046698153018951416,0.02797284722328186,0.022424083203077316,0.0036987774074077606,0.022424083203077316,0.0036987774074077606,38,8,0.7894736842105263,run_08_s80_scientific,scientific,0.8
510,H,3,gnnexplainer,0.8,-0.0725153461098671,-0.09842866659164429,-0.07363297045230865,-0.1194084882736206,0.04689314216375351,0.02097982168197632,0.04577551782131195,0.02591332048177719,0.0011176243424415588,-0.02591332048177719,-0.0011176243424415588,38,8,0.7894736842105263,run_08_s80_scientific,scientific,0.8
510,H,4,gnnexplainer,0.8,-0.06956268846988678,-0.0793764740228653,-0.1146039292216301,-0.058769065886735916,0.010793622583150864,0.02060740813612938,0.05583486333489418,0.009813785552978516,0.04504124075174332,0.009813785552978516,0.04504124075174332,38,8,0.7894736842105263,run_08_s80_scientific,scientific,0.8
510,H,5,gnnexplainer,0.8,-0.06805552542209625,-0.06070138141512871,-0.10892089456319809,-0.07969000190496445,0.011634476482868195,0.01898862048983574,0.029230892658233643,0.0073541440069675446,0.04086536914110184,0.0073541440069675446,0.017596416175365448,38,8,0.7894736842105263,run_08_s80_scientific,scientific,0.8
510,H,6,gnnexplainer,0.8,-0.040923863649368286,-0.03618800640106201,-0.06062665581703186,-0.04133903980255127,0.0004151761531829834,0.005151033401489258,0.01928761601448059,0.004735857248306274,0.019702792167663574,0.004735857248306274,0.018872439861297607,38,8,0.7894736842105263,run_08_s80_scientific,scientific,0.8
510,H,7,gnnexplainer,0.8,-0.02234116941690445,-0.04213685542345047,-0.06288719177246094,-0.03561985865235329,0.013278689235448837,0.006516996771097183,0.02726733312010765,0.01979568600654602,0.04054602235555649,-0.006761692464351654,0.013988643884658813,38,8,0.7894736842105263,run_08_s80_scientific,scientific,0.8
510,H,8,gnnexplainer,0.8,-0.057253893464803696,-0.09657911211252213,-0.044833358377218246,-0.0713830441236496,0.014129150658845901,0.025196067988872528,0.02654968574643135,0.03932521864771843,0.01242053508758545,0.011066917330026627,0.01242053508758545,38,8,0.7894736842105263,run_08_s80_scientific,scientific,0.8
510,H,9,gnnexplainer,0.8,-0.06739038974046707,-0.08844315260648727,-0.08721892535686493,-0.08068999648094177,0.013299606740474701,0.007753156125545502,0.006528928875923157,0.021052762866020203,0.019828535616397858,-0.005546450614929199,-0.006770677864551544,38,8,0.7894736842105263,run_08_s80_scientific,scientific,0.8
510,C,0,gnnexplainer,0.8,-3.183384895324707,-2.7631402015686035,-2.7794716358184814,-2.6794397830963135,0.5039451122283936,0.08370041847229004,0.10003185272216797,0.4202446937561035,0.4039132595062256,-0.4202446937561035,-0.4039132595062256,38,8,0.7894736842105263,run_08_s80_scientific,scientific,0.8
510,C,1,gnnexplainer,0.8,-2.929103136062622,-2.9173424243927,-2.440580368041992,-2.8548877239227295,0.07421541213989258,0.0624547004699707,0.4143073558807373,0.011760711669921875,0.4885227680206299,-0.011760711669921875,0.3400919437408447,38,8,0.7894736842105263,run_08_s80_scientific,scientific,0.8
510,C,2,gnnexplainer,0.8,-4.82141637802124,-3.7360141277313232,-3.641028881072998,-4.148713111877441,0.6727032661437988,0.41269898414611816,0.5076842308044434,1.085402250289917,1.1803874969482422,-0.26000428199768066,-0.16501903533935547,38,8,0.7894736842105263,run_08_s80_scientific,scientific,0.8
510,C,3,gnnexplainer,0.8,-1.93549382686615,-2.9624547958374023,-2.7141966819763184,-0.3196980357170105,1.6157957911491394,2.642756760120392,2.394498646259308,1.0269609689712524,0.7787028551101685,1.0269609689712524,0.7787028551101685,38,8,0.7894736842105263,run_08_s80_scientific,scientific,0.8
510,C,4,gnnexplainer,0.8,-0.8245482444763184,-3.106933832168579,-0.9779862761497498,-0.5578681230545044,0.26668012142181396,2.5490657091140747,0.42011815309524536,2.2823855876922607,0.1534380316734314,2.2823855876922607,0.1534380316734314,38,8,0.7894736842105263,run_08_s80_scientific,scientific,0.8
510,C,5,gnnexplainer,0.8,-1.521938443183899,-2.6041359901428223,-2.694380283355713,-0.3343559503555298,1.1875824928283691,2.2697800397872925,2.360024333000183,1.0821975469589233,1.172441840171814,1.0821975469589233,1.172441840171814,38,8,0.7894736842105263,run_08_s80_scientific,scientific,0.8
530,H,0,gnnexplainer,0.8,-0.08534625172615051,-0.08079024404287338,-0.07558412849903107,-0.16678637266159058,0.08144012093544006,0.0859961286187172,0.09120224416255951,0.00455600768327713,0.009762123227119446,0.00455600768327713,0.009762123227119446,20,4,0.8,run_08_s80_scientific,scientific,0.8
530,H,1,gnnexplainer,0.8,-0.09019753336906433,-0.09906263649463654,-0.10251651704311371,-0.13316234946250916,0.042964816093444824,0.03409971296787262,0.030645832419395447,0.008865103125572205,0.012318983674049377,-0.008865103125572205,-0.012318983674049377,20,4,0.8,run_08_s80_scientific,scientific,0.8
530,H,2,gnnexplainer,0.8,-0.030807171016931534,-0.06321393698453903,-0.03246190398931503,-0.0575319267809391,0.02672475576400757,0.00568201020359993,0.02507002279162407,0.0324067659676075,0.0016547329723834991,-0.02104274556040764,-0.0016547329723834991,20,4,0.8,run_08_s80_scientific,scientific,0.8
530,H,3,gnnexplainer,0.8,-0.04008097946643829,-0.0745246559381485,-0.032195527106523514,-0.04089127480983734,0.0008102953433990479,0.03363338112831116,0.008695747703313828,0.034443676471710205,0.00788545235991478,0.03282308578491211,0.00788545235991478,20,4,0.8,run_08_s80_scientific,scientific,0.8
530,H,4,gnnexplainer,0.8,-0.03763440251350403,-0.08830347657203674,-0.06746792793273926,-0.06429433822631836,0.02665993571281433,0.024009138345718384,0.0031735897064208984,0.050669074058532715,0.02983352541923523,-0.0026507973670959473,-0.023486346006393433,20,4,0.8,run_08_s80_scientific,scientific,0.8
530,C,0,gnnexplainer,0.8,-2.6694869995117188,-2.4834108352661133,-2.8954508304595947,-2.8974430561065674,0.22795605659484863,0.4140322208404541,0.0019922256469726562,0.18607616424560547,0.22596383094787598,0.18607616424560547,-0.22596383094787598,20,4,0.8,run_08_s80_scientific,scientific,0.8
530,C,1,gnnexplainer,0.8,-3.2187187671661377,-3.819427490234375,-3.3459482192993164,-2.7582390308380127,0.460479736328125,1.0611884593963623,0.5877091884613037,0.6007087230682373,0.1272294521331787,0.6007087230682373,0.1272294521331787,20,4,0.8,run_08_s80_scientific,scientific,0.8
530,C,2,gnnexplainer,0.8,-4.761256694793701,-3.8760719299316406,-4.349987030029297,-4.5724406242370605,0.18881607055664062,0.6963686943054199,0.22245359420776367,0.8851847648620605,0.4112696647644043,0.5075526237487793,0.03363752365112305,20,4,0.8,run_08_s80_scientific,scientific,0.8
610,H,0,gnnexplainer,0.8,-0.44238173961639404,-0.12397131323814392,-0.37248969078063965,-0.615548849105835,0.17316710948944092,0.49157753586769104,0.2430591583251953,0.3184104263782501,0.0698920488357544,0.3184104263782501,0.0698920488357544,24,5,0.7916666666666666,run_08_s80_scientific,scientific,0.8
610,H,1,gnnexplainer,0.8,-0.1651545912027359,-0.0917191132903099,-0.18120327591896057,-0.12229462713003159,0.042859964072704315,0.03057551383972168,0.058908648788928986,0.073435477912426,0.01604868471622467,-0.012284450232982635,0.01604868471622467,24,5,0.7916666666666666,run_08_s80_scientific,scientific,0.8
610,H,2,gnnexplainer,0.8,-0.13610506057739258,-0.036360226571559906,-0.13134455680847168,-0.1601894050836563,0.024084344506263733,0.1238291785120964,0.02884484827518463,0.09974483400583267,0.0047605037689208984,0.09974483400583267,0.0047605037689208984,24,5,0.7916666666666666,run_08_s80_scientific,scientific,0.8
610,H,3,gnnexplainer,0.8,-0.1795758754014969,-0.10483186691999435,-0.20931175351142883,-0.18318936228752136,0.003613486886024475,0.07835749536752701,0.02612239122390747,0.07474400848150253,0.029735878109931946,0.07474400848150253,0.022508904337882996,24,5,0.7916666666666666,run_08_s80_scientific,scientific,0.8
610,H,4,gnnexplainer,0.8,-0.500056803226471,-0.4289266765117645,-0.11308269202709198,-0.6312503814697266,0.13119357824325562,0.20232370495796204,0.5181676894426346,0.07113012671470642,0.38697411119937897,0.07113012671470642,0.38697411119937897,24,5,0.7916666666666666,run_08_s80_scientific,scientific,0.8
610,H,5,gnnexplainer,0.8,-0.14004060626029968,-0.08305557072162628,-0.12527984380722046,-0.12377718091011047,0.01626342535018921,0.04072161018848419,0.0015026628971099854,0.0569850355386734,0.014760762453079224,0.024458184838294983,-0.014760762453079224,24,5,0.7916666666666666,run_08_s80_scientific,scientific,0.8
610,H,6,gnnexplainer,0.8,-0.12860378623008728,-0.050092149525880814,-0.14827880263328552,-0.14696994423866272,0.01836615800857544,0.0968777947127819,0.0013088583946228027,0.07851163670420647,0.019675016403198242,0.07851163670420647,-0.017057299613952637,24,5,0.7916666666666666,run_08_s80_scientific,scientific,0.8
610,H,7,gnnexplainer,0.8,-0.16811057925224304,-0.1080278754234314,-0.1877257376909256,-0.19154877960681915,0.02343820035457611,0.08352090418338776,0.0038230419158935547,0.060082703828811646,0.019615158438682556,0.060082703828811646,-0.019615158438682556,24,5,0.7916666666666666,run_08_s80_scientific,scientific,0.8
610,C,0,gnnexplainer,0.8,-16.07822036743164,-12.924394607543945,-13.492737770080566,-18.057586669921875,1.9793663024902344,5.13319206237793,4.564848899841309,3.1538257598876953,2.585482597351074,3.1538257598876953,2.585482597351074,24,5,0.7916666666666666,run_08_s80_scientific,scientific,0.8
610,C,1,gnnexplainer,0.8,-16.779712677001953,-11.573576927185059,-14.149618148803711,-17.75385856628418,0.9741458892822266,6.180281639099121,3.6042404174804688,5.2061357498168945,2.630094528198242,5.2061357498168945,2.630094528198242,24,5,0.7916666666666666,run_08_s80_scientific,scientific,0.8
610,C,2,gnnexplainer,0.8,-1.856040596961975,-2.944143533706665,-3.249692440032959,-2.5053277015686035,0.6492871046066284,0.4388158321380615,0.7443647384643555,1.08810293674469,1.3936518430709839,-0.2104712724685669,0.09507763385772705,24,5,0.7916666666666666,run_08_s80_scientific,scientific,0.8
610,C,3,gnnexplainer,0.8,-1.9090392589569092,-2.762437343597412,-2.744126081466675,-2.3740406036376953,0.46500134468078613,0.3883967399597168,0.3700854778289795,0.8533980846405029,0.8350868225097656,-0.07660460472106934,-0.09491586685180664,24,5,0.7916666666666666,run_08_s80_scientific,scientific,0.8
620,H,0,gnnexplainer,0.8,-0.22838380932807922,-0.12123450636863708,-0.2236398458480835,-0.2509962022304535,0.022612392902374268,0.1297616958618164,0.027356356382369995,0.10714930295944214,0.0047439634799957275,0.10714930295944214,0.0047439634799957275,32,7,0.78125,run_08_s80_scientific,scientific,0.8
620,H,1,gnnexplainer,0.8,-0.228367418050766,-0.13281188905239105,-0.2120988667011261,-0.24986469745635986,0.021497279405593872,0.11705280840396881,0.037765830755233765,0.09555552899837494,0.016268551349639893,0.09555552899837494,0.016268551349639893,32,7,0.78125,run_08_s80_scientific,scientific,0.8
620,H,2,gnnexplainer,0.8,-0.2283584177494049,-0.12490714341402054,-0.24890702962875366,-0.2488207370042801,0.020462319254875183,0.12391359359025955,8.629262447357178e-05,0.10345127433538437,0.020548611879348755,0.10345127433538437,-0.02037602663040161,32,7,0.78125,run_08_s80_scientific,scientific,0.8
620,H,3,gnnexplainer,0.8,-0.22839093208312988,-0.12811899185180664,-0.22313907742500305,-0.25204017758369446,0.023649245500564575,0.12392118573188782,0.028901100158691406,0.10027194023132324,0.005251854658126831,0.10027194023132324,0.005251854658126831,32,7,0.78125,run_08_s80_scientific,scientific,0.8
620,H,4,gnnexplainer,0.8,-0.22839006781578064,-0.1258668452501297,-0.24527189135551453,-0.251996248960495,0.023606181144714355,0.1261294037103653,0.006724357604980469,0.10252322256565094,0.016881823539733887,0.10252322256565094,-0.016881823539733887,32,7,0.78125,run_08_s80_scientific,scientific,0.8
620,H,5,gnnexplainer,0.8,-0.22836831212043762,-0.12953728437423706,-0.24887412786483765,-0.24986469745635986,0.02149638533592224,0.1203274130821228,0.0009905695915222168,0.09883102774620056,0.020505815744400024,0.09883102774620056,-0.020505815744400024,32,7,0.78125,run_08_s80_scientific,scientific,0.8
620,H,6,gnnexplainer,0.8,-0.00035447627305984497,-0.027801502496004105,-0.014528609812259674,0.08161692321300507,0.08197139948606491,0.10941842570900917,0.09614553302526474,0.02744702622294426,0.014174133539199829,0.02744702622294426,0.014174133539199829,32,7,0.78125,run_08_s80_scientific,scientific,0.8
620,H,7,gnnexplainer,0.8,-0.0003616511821746826,-0.04049959406256676,-0.03246025741100311,0.0810290277004242,0.08139067888259888,0.12152862176299095,0.11348928511142731,0.040137942880392075,0.03209860622882843,0.040137942880392075,0.03209860622882843,32,7,0.78125,run_08_s80_scientific,scientific,0.8
620,H,8,gnnexplainer,0.8,-0.00035750120878219604,-0.03799448907375336,-0.02094893902540207,0.08161692321300507,0.08197442442178726,0.11961141228675842,0.10256586223840714,0.03763698786497116,0.020591437816619873,0.03763698786497116,0.020591437816619873,32,7,0.78125,run_08_s80_scientific,scientific,0.8
620,H,9,gnnexplainer,0.8,-0.01004878431558609,-0.0801863744854927,0.0008627697825431824,0.17055636644363403,0.18060515075922012,0.25074274092912674,0.16969359666109085,0.07013759016990662,0.010911554098129272,0.07013759016990662,-0.010911554098129272,32,7,0.78125,run_08_s80_scientific,scientific,0.8
620,C,0,gnnexplainer,0.8,-8.43395709991455,-7.682812213897705,-5.790283679962158,-8.185676574707031,0.24828052520751953,0.5028643608093262,2.395392894744873,0.7511448860168457,2.6436734199523926,0.25458383560180664,2.1471123695373535,32,7,0.78125,run_08_s80_scientific,scientific,0.8
620,C,1,gnnexplainer,0.8,-8.439017295837402,-6.134513854980469,-7.096332550048828,-8.185914039611816,0.25310325622558594,2.0514001846313477,1.0895814895629883,2.3045034408569336,1.3426847457885742,1.7982969284057617,0.8364782333374023,32,7,0.78125,run_08_s80_scientific,scientific,0.8
620,C,2,gnnexplainer,0.8,-8.438666343688965,-7.355091571807861,-5.321493625640869,-8.188501358032227,0.2501649856567383,0.8334097862243652,2.8670077323913574,1.0835747718811035,3.1171727180480957,0.583244800567627,2.616842746734619,32,7,0.78125,run_08_s80_scientific,scientific,0.8
620,C,3,gnnexplainer,0.8,-8.43066120147705,-6.4140625,-7.8217453956604,-8.189264297485352,0.24139690399169922,1.7752017974853516,0.36751890182495117,2.016598701477051,0.6089158058166504,1.5338048934936523,0.12612199783325195,32,7,0.78125,run_08_s80_scientific,scientific,0.8
620,C,4,gnnexplainer,0.8,-8.43023681640625,-7.120180130004883,-6.795153617858887,-8.187677383422852,0.24255943298339844,1.0674972534179688,1.3925237655639648,1.3100566864013672,1.6350831985473633,0.8249378204345703,1.1499643325805664,32,7,0.78125,run_08_s80_scientific,scientific,0.8
620,C,5,gnnexplainer,0.8,-8.442373275756836,-7.324329376220703,-6.727321147918701,-8.186501502990723,0.2558717727661133,0.8621721267700195,1.4591803550720215,1.1180438995361328,1.7150521278381348,0.6063003540039062,1.2033085823059082,32,7,0.78125,run_08_s80_scientific,scientific,0.8
620,C,6,gnnexplainer,0.8,0.4642379879951477,-1.2301586866378784,0.16509629786014557,1.20413076877594,0.7398927807807922,2.4342894554138184,1.0390344709157944,1.6943966746330261,0.29914169013500214,1.6943966746330261,0.29914169013500214,32,7,0.78125,run_08_s80_scientific,scientific,0.8
640,H,0,gnnexplainer,0.8,-0.21126306056976318,-0.11535950005054474,-0.1804724931716919,0.13790667057037354,0.3491697311401367,0.2532661706209183,0.31837916374206543,0.09590356051921844,0.03079056739807129,-0.09590356051921844,-0.03079056739807129,38,8,0.7894736842105263,run_08_s80_scientific,scientific,0.8
640,H,1,gnnexplainer,0.8,-0.21125224232673645,-0.1257619708776474,-0.279122531414032,0.13790667057037354,0.34915891289711,0.26366864144802094,0.4170292019844055,0.08549027144908905,0.06787028908729553,-0.08549027144908905,0.06787028908729553,38,8,0.7894736842105263,run_08_s80_scientific,scientific,0.8
640,H,2,gnnexplainer,0.8,-0.04018162190914154,-0.05701123923063278,-0.028778530657291412,-0.010049479082226753,0.030132142826914787,0.04696176014840603,0.01872905157506466,0.01682961732149124,0.011403091251850128,0.01682961732149124,-0.011403091251850128,38,8,0.7894736842105263,run_08_s80_scientific,scientific,0.8
640,H,3,gnnexplainer,0.8,-0.02698579430580139,-0.06109447777271271,-0.016171060502529144,-0.030795302242040634,0.0038095079362392426,0.030299175530672073,0.01462424173951149,0.034108683466911316,0.010814733803272247,0.02648966759443283,0.010814733803272247,38,8,0.7894736842105263,run_08_s80_scientific,scientific,0.8
640,H,4,gnnexplainer,0.8,-0.029253706336021423,-0.0639139860868454,-0.043581098318099976,-0.03988323733210564,0.010629530996084213,0.02403074875473976,0.003697860985994339,0.034660279750823975,0.014327391982078552,0.013401217758655548,-0.006931670010089874,38,8,0.7894736842105263,run_08_s80_scientific,scientific,0.8
640,H,5,gnnexplainer,0.8,-0.07945401221513748,-0.05949355661869049,-0.11367271095514297,-0.08353185653686523,0.004077844321727753,0.024038299918174744,0.03014085441827774,0.01996045559644699,0.03421869874000549,0.01996045559644699,0.026063010096549988,38,8,0.7894736842105263,run_08_s80_scientific,scientific,0.8
640,H,6,gnnexplainer,0.8,-0.11835552006959915,-0.10991941392421722,-0.1379968672990799,-0.10661061108112335,0.0117449089884758,0.003308802843093872,0.03138625621795654,0.008436106145381927,0.019641347229480743,-0.008436106145381927,0.019641347229480743,38,8,0.7894736842105263,run_08_s80_scientific,scientific,0.8
640,H,7,gnnexplainer,0.8,-0.06900552660226822,-0.08400806039571762,-0.1084984838962555,-0.07117222994565964,0.0021667033433914185,0.012835830450057983,0.037326253950595856,0.015002533793449402,0.039492957293987274,0.010669127106666565,0.03515955060720444,38,8,0.7894736842105263,run_08_s80_scientific,scientific,0.8
640,H,8,gnnexplainer,0.8,-0.10110029578208923,-0.1451004445552826,-0.09321334958076477,-0.12511934340000153,0.024019047617912292,0.019981101155281067,0.031905993819236755,0.04400014877319336,0.007886946201324463,-0.004037946462631226,0.007886946201324463,38,8,0.7894736842105263,run_08_s80_scientific,scientific,0.8
640,H,9,gnnexplainer,0.8,-0.07945292443037033,-0.07211987674236298,-0.09225364774465561,-0.08353185653686523,0.0040789321064949036,0.011411979794502258,0.008721791207790375,0.007333047688007355,0.012800723314285278,0.007333047688007355,0.004642859101295471,38,8,0.7894736842105263,run_08_s80_scientific,scientific,0.8
640,H,10,gnnexplainer,0.8,-0.11835354566574097,-0.1262332946062088,-0.12302912771701813,-0.10661061108112335,0.011742934584617615,0.01962268352508545,0.016418516635894775,0.007879748940467834,0.004675582051277161,0.007879748940467834,0.004675582051277161,38,8,0.7894736842105263,run_08_s80_scientific,scientific,0.8
640,H,11,gnnexplainer,0.8,-0.04018741473555565,-0.0657087117433548,-0.05851125717163086,-0.010049479082226753,0.030137935653328896,0.055659232661128044,0.048461778089404106,0.02552129700779915,0.01832384243607521,0.02552129700779915,0.01832384243607521,38,8,0.7894736842105263,run_08_s80_scientific,scientific,0.8
640,H,12,gnnexplainer,0.8,-0.029250383377075195,-0.030271906405687332,-0.0424337275326252,-0.04088323935866356,0.011632855981588364,0.010611332952976227,0.0015504881739616394,0.0010215230286121368,0.013183344155550003,-0.0010215230286121368,-0.010082367807626724,38,8,0.7894736842105263,run_08_s80_scientific,scientific,0.8
640,H,13,gnnexplainer,0.8,-0.026982992887496948,-0.0658259466290474,-0.03475932404398918,-0.030795302242040634,0.003812309354543686,0.03503064438700676,0.003964021801948547,0.038842953741550446,0.007776331156492233,0.031218335032463074,0.00015171244740486145,38,8,0.7894736842105263,run_08_s80_scientific,scientific,0.8
640,C,0,gnnexplainer,0.8,-7.860611915588379,-6.549017429351807,-8.367657661437988,-8.271045684814453,0.4104337692260742,1.7220282554626465,0.09661197662353516,1.3115944862365723,0.5070457458496094,1.3115944862365723,-0.31382179260253906,38,8,0.7894736842105263,run_08_s80_scientific,scientific,0.8
640,C,1,gnnexplainer,0.8,-7.8596673011779785,-5.702165603637695,-7.675130844116211,-8.270045280456543,0.41037797927856445,2.5678796768188477,0.594914436340332,2.157501697540283,0.18453645706176758,2.157501697540283,0.18453645706176758,38,8,0.7894736842105263,run_08_s80_scientific,scientific,0.8
640,C,2,gnnexplainer,0.8,-0.4793398380279541,-2.351013660430908,-0.7211340665817261,-0.608948290348053,0.12960845232009888,1.7420653700828552,0.1121857762336731,1.871673822402954,0.24179422855377197,1.6124569177627563,-0.01742267608642578,38,8,0.7894736842105263,run_08_s80_scientific,scientific,0.8
640,C,3,gnnexplainer,0.8,-1.0577682256698608,-3.147315740585327,-1.778999924659729,-1.4114946126937866,0.3537263870239258,1.7358211278915405,0.3675053119659424,2.0895475149154663,0.7212316989898682,1.3820947408676147,0.013778924942016602,38,8,0.7894736842105263,run_08_s80_scientific,scientific,0.8
640,C,4,gnnexplainer,0.8,-1.6062666177749634,-3.7526745796203613,-1.51022469997406,-2.1460978984832764,0.539831280708313,1.606576681137085,0.6358731985092163,2.146407961845398,0.09604191780090332,1.066745400428772,0.09604191780090332,38,8,0.7894736842105263,run_08_s80_scientific,scientific,0.8
640,C,5,gnnexplainer,0.8,-1.0578246116638184,-2.84556245803833,-1.6627705097198486,-1.4114511013031006,0.3536264896392822,1.4341113567352295,0.25131940841674805,1.7877378463745117,0.6049458980560303,1.0804848670959473,-0.10230708122253418,38,8,0.7894736842105263,run_08_s80_scientific,scientific,0.8
640,C,6,gnnexplainer,0.8,-0.47932881116867065,-1.6460684537887573,-0.7555053234100342,-0.6109034419059753,0.1315746307373047,1.035165011882782,0.14460188150405884,1.1667396426200867,0.2761765122413635,0.9035903811454773,0.01302725076675415,38,8,0.7894736842105263,run_08_s80_scientific,scientific,0.8
650,H,0,gnnexplainer,0.8,-0.034940771758556366,-0.05184716731309891,-0.02434370294213295,-0.047470711171627045,0.012529939413070679,0.004376456141471863,0.023127008229494095,0.01690639555454254,0.010597068816423416,-0.008153483271598816,0.010597068816423416,40,8,0.8,run_08_s80_scientific,scientific,0.8
650,H,1,gnnexplainer,0.8,-0.06100916862487793,-0.11710323393344879,-0.05697739124298096,-0.0373387411236763,0.02367042750120163,0.07976449280977249,0.019638650119304657,0.05609406530857086,0.004031777381896973,0.05609406530857086,-0.004031777381896973,40,8,0.8,run_08_s80_scientific,scientific,0.8
650,H,2,gnnexplainer,0.8,-0.024738125503063202,-0.03521119803190231,-0.015743430703878403,-0.021102281287312508,0.0036358442157506943,0.014108916744589806,0.005358850583434105,0.010473072528839111,0.0089946947991848,0.010473072528839111,0.0017230063676834106,40,8,0.8,run_08_s80_scientific,scientific,0.8
650,H,3,gnnexplainer,0.8,-0.10827633738517761,-0.11145305633544922,-0.10289602726697922,-0.09628623723983765,0.011990100145339966,0.015166819095611572,0.006609790027141571,0.0031767189502716064,0.005380310118198395,0.0031767189502716064,-0.005380310118198395,40,8,0.8,run_08_s80_scientific,scientific,0.8
650,H,4,gnnexplainer,0.8,-0.05421527847647667,-0.05426608398556709,-0.04856787249445915,-0.1060146912932396,0.051799412816762924,0.0517486073076725,0.05744681879878044,5.0805509090423584e-05,0.005647405982017517,-5.0805509090423584e-05,0.005647405982017517,40,8,0.8,run_08_s80_scientific,scientific,0.8
650,H,5,gnnexplainer,0.8,-0.0340970978140831,-0.06988970935344696,-0.02118535339832306,-0.045926790684461594,0.011829692870378494,0.023962918668985367,0.024741437286138535,0.03579261153936386,0.01291174441576004,0.012133225798606873,0.01291174441576004,40,8,0.8,run_08_s80_scientific,scientific,0.8
650,H,6,gnnexplainer,0.8,-0.023676138371229172,-0.05206622928380966,-0.04398695379495621,-0.01910228095948696,0.00457385741174221,0.0329639483243227,0.024884672835469246,0.02839009091258049,0.020310815423727036,0.02839009091258049,0.020310815423727036,40,8,0.8,run_08_s80_scientific,scientific,0.8
650,H,7,gnnexplainer,0.8,-0.05934511870145798,-0.11904315650463104,-0.06101367250084877,-0.03475097194314003,0.024594146758317947,0.08429218456149101,0.02626270055770874,0.059698037803173065,0.0016685537993907928,0.059698037803173065,0.0016685537993907928,40,8,0.8,run_08_s80_scientific,scientific,0.8
650,H,8,gnnexplainer,0.8,-0.03394071012735367,-0.06420676410198212,-0.07114363461732864,-0.04692678898572922,0.01298607885837555,0.0172799751162529,0.024216845631599426,0.03026605397462845,0.037202924489974976,0.00429389625787735,0.011230766773223877,40,8,0.8,run_08_s80_scientific,scientific,0.8
650,H,9,gnnexplainer,0.8,-0.05895303934812546,-0.10818056762218475,-0.05795653536915779,-0.03479496389627457,0.02415807545185089,0.07338560372591019,0.023161571472883224,0.049227528274059296,0.0009965039789676666,0.049227528274059296,-0.0009965039789676666,40,8,0.8,run_08_s80_scientific,scientific,0.8
650,H,10,gnnexplainer,0.8,-0.023587524890899658,-0.043147012591362,-0.03991798311471939,-0.020102281123399734,0.0034852437674999237,0.023044731467962265,0.019815701991319656,0.01955948770046234,0.016330458223819733,0.01955948770046234,0.016330458223819733,40,8,0.8,run_08_s80_scientific,scientific,0.8
650,H,11,gnnexplainer,0.8,-0.10841157287359238,-0.1124257892370224,-0.09312529861927032,-0.09524228423833847,0.013169288635253906,0.01718350499868393,0.0021169856190681458,0.004014216363430023,0.015286274254322052,0.004014216363430023,-0.01105230301618576,40,8,0.8,run_08_s80_scientific,scientific,0.8
650,H,12,gnnexplainer,0.8,-0.05435436591506004,-0.032493844628334045,-0.044346705079078674,-0.10497073829174042,0.050616372376680374,0.07247689366340637,0.06062403321266174,0.021860521286725998,0.010007660835981369,0.021860521286725998,0.010007660835981369,40,8,0.8,run_08_s80_scientific,scientific,0.8
650,H,13,gnnexplainer,0.8,-0.06090754270553589,-0.11329132318496704,-0.06093938648700714,-0.03579496219754219,0.025112580507993698,0.07749636098742485,0.02514442428946495,0.05238378047943115,3.184378147125244e-05,0.05238378047943115,3.184378147125244e-05,40,8,0.8,run_08_s80_scientific,scientific,0.8
650,H,14,gnnexplainer,0.8,-0.03507107496261597,-0.04655732959508896,-0.047445256263017654,-0.04792679101228714,0.012855716049671173,0.0013694614171981812,0.0004815347492694855,0.011486254632472992,0.012374181300401688,-0.011486254632472992,-0.012374181300401688,40,8,0.8,run_08_s80_scientific,scientific,0.8
650,H,15,gnnexplainer,0.8,-0.024672776460647583,-0.02008630335330963,-0.07036483287811279,-0.01910228095948696,0.005570495501160622,0.00098402239382267,0.05126255191862583,0.004586473107337952,0.04569205641746521,-0.004586473107337952,0.04569205641746521,40,8,0.8,run_08_s80_scientific,scientific,0.8
650,C,0,gnnexplainer,0.8,-0.6039972305297852,-3.094780445098877,-0.23325201869010925,-0.7945148944854736,0.19051766395568848,2.3002655506134033,0.5612628757953644,2.490783214569092,0.3707452118396759,2.109747886657715,0.3707452118396759,40,8,0.8,run_08_s80_scientific,scientific,0.8
650,C,1,gnnexplainer,0.8,-0.9427768588066101,-3.7283802032470703,-0.6811251044273376,-1.2854688167572021,0.34269195795059204,2.442911386489868,0.6043437123298645,2.78560334444046,0.26165175437927246,2.100219428539276,0.26165175437927246,40,8,0.8,run_08_s80_scientific,scientific,0.8
650,C,2,gnnexplainer,0.8,-0.6430948376655579,-2.589712142944336,-0.33217185735702515,-0.7869271636009216,0.14383232593536377,1.8027849793434143,0.4547553062438965,1.946617305278778,0.3109229803085327,1.6589526534080505,0.3109229803085327,40,8,0.8,run_08_s80_scientific,scientific,0.8
650,C,3,gnnexplainer,0.8,-0.6416166424751282,-2.742055654525757,-0.2922796607017517,-0.7869707942008972,0.14535415172576904,1.9550848603248596,0.4946911334991455,2.1004390120506287,0.34933698177337646,1.8097307085990906,0.34933698177337646,40,8,0.8,run_08_s80_scientific,scientific,0.8
650,C,4,gnnexplainer,0.8,-0.942050039768219,-3.5429608821868896,-1.1814446449279785,-1.282924771308899,0.34087473154067993,2.2600361108779907,0.10148012638092041,2.6009108424186707,0.23939460515975952,1.9191613793373108,-0.23939460515975952,40,8,0.8,run_08_s80_scientific,scientific,0.8
650,C,5,gnnexplainer,0.8,-0.60410076379776,-2.6945595741271973,-0.6054957509040833,-0.7939702272415161,0.1898694634437561,1.9005893468856812,0.18847447633743286,2.0904588103294373,0.0013949871063232422,1.710719883441925,-0.0013949871063232422,40,8,0.8,run_08_s80_scientific,scientific,0.8
740,H,1,gnnexplainer,0.8,-0.026137936860322952,-0.046871624886989594,-0.022400882095098495,0.03481113538146019,0.06094907224178314,0.08168276026844978,0.057212017476558685,0.02073368802666664,0.003737054765224457,0.02073368802666664,-0.003737054765224457,34,7,0.7941176470588236,run_08_s80_scientific,scientific,0.8
740,H,2,gnnexplainer,0.8,-0.04452488198876381,-0.10701548308134079,-0.08601129055023193,-0.0694003626704216,0.02487548068165779,0.03761512041091919,0.016610927879810333,0.06249060109257698,0.041486408561468124,0.012739639729261398,-0.008264552801847458,34,7,0.7941176470588236,run_08_s80_scientific,scientific,0.8
740,H,3,gnnexplainer,0.8,-0.04864649474620819,-0.10137248039245605,-0.08717361092567444,-0.03524171933531761,0.01340477541089058,0.06613076105713844,0.05193189159035683,0.052725985646247864,0.03852711617946625,0.052725985646247864,0.03852711617946625,34,7,0.7941176470588236,run_08_s80_scientific,scientific,0.8
740,H,4,gnnexplainer,0.8,-0.044288262724876404,-0.06280822306871414,-0.0986437052488327,-0.06663717329502106,0.022348910570144653,0.0038289502263069153,0.032006531953811646,0.018519960343837738,0.0543554425239563,-0.018519960343837738,0.009657621383666992,34,7,0.7941176470588236,run_08_s80_scientific,scientific,0.8
740,H,5,gnnexplainer,0.8,-0.02385552227497101,-0.061057813465595245,0.00014579296112060547,0.03422334045171738,0.058078862726688385,0.09528115391731262,0.03407754749059677,0.03720229119062424,0.024001315236091614,0.03720229119062424,-0.024001315236091614,34,7,0.7941176470588236,run_08_s80_scientific,scientific,0.8
740,H,6,gnnexplainer,0.8,-0.046978406608104706,-0.0934092178940773,-0.08297159522771835,-0.03061004728078842,0.016368359327316284,0.06279917061328888,0.05236154794692993,0.046430811285972595,0.03599318861961365,0.046430811285972595,0.03599318861961365,34,7,0.7941176470588236,run_08_s80_scientific,scientific,0.8
740,H,9,gnnexplainer,0.8,-0.04696982726454735,-0.07708758860826492,-0.05284937843680382,-0.11217248439788818,0.06520265713334084,0.03508489578962326,0.059323105961084366,0.030117761343717575,0.00587955117225647,-0.030117761343717575,-0.00587955117225647,34,7,0.7941176470588236,run_08_s80_scientific,scientific,0.8
740,H,10,gnnexplainer,0.8,-0.046655893325805664,-0.07003236562013626,-0.048953402787446976,-0.10799708962440491,0.06134119629859924,0.037964724004268646,0.05904368683695793,0.023376472294330597,0.0022975094616413116,-0.023376472294330597,-0.0022975094616413116,34,7,0.7941176470588236,run_08_s80_scientific,scientific,0.8
740,H,11,gnnexplainer,0.8,-0.03764323145151138,-0.06242644786834717,-0.05492647737264633,0.028855061158537865,0.06649829261004925,0.09128150902688503,0.0837815385311842,0.024783216416835785,0.01728324592113495,0.024783216416835785,0.01728324592113495,34,7,0.7941176470588236,run_08_s80_scientific,scientific,0.8
740,C,0,gnnexplainer,0.8,0.018430694937705994,-1.1172161102294922,-1.5258235931396484,0.41184088587760925,0.39341019093990326,1.5290569961071014,1.9376644790172577,1.1356468051671982,1.5442542880773544,1.1356468051671982,1.5442542880773544,34,7,0.7941176470588236,run_08_s80_scientific,scientific,0.8
740,C,1,gnnexplainer,0.8,0.007801875472068787,-2.6794142723083496,-1.1193076372146606,0.3751834034919739,0.3673815280199051,3.0545976758003235,1.4944910407066345,2.6872161477804184,1.1271095126867294,2.6872161477804184,1.1271095126867294,34,7,0.7941176470588236,run_08_s80_scientific,scientific,0.8
740,C,2,gnnexplainer,0.8,-0.3508378267288208,-1.5460454225540161,-0.8461546301841736,0.5169197916984558,0.8677576184272766,2.062965214252472,1.3630744218826294,1.1952075958251953,0.4953168034553528,1.1952075958251953,0.4953168034553528,34,7,0.7941176470588236,run_08_s80_scientific,scientific,0.8
50,H,0,gnnexplainer,0.9,-0.18866461515426636,-0.07091587781906128,-0.1876755952835083,-0.18572446703910828,0.002940148115158081,0.114808589220047,0.0019511282444000244,0.11774873733520508,0.0009890198707580566,0.11186844110488892,-0.0009890198707580566,30,3,0.9,run_09_s90_zero,zero,0.9
50,H,1,gnnexplainer,0.9,-0.19408667087554932,-0.08076924085617065,-0.15565840899944305,-0.1745053380727768,0.019581332802772522,0.09373609721660614,0.01884692907333374,0.11331743001937866,0.03842826187610626,0.07415476441383362,-0.0007344037294387817,30,3,0.9,run_09_s90_zero,zero,0.9
50,H,2,gnnexplainer,0.9,-0.13721123337745667,-0.15156272053718567,-0.10692325234413147,-0.1240059956908226,0.013205237686634064,0.027556724846363068,0.01708274334669113,0.014351487159729004,0.030287981033325195,0.014351487159729004,0.003877505660057068,30,3,0.9,run_09_s90_zero,zero,0.9
50,H,3,gnnexplainer,0.9,-0.06269896030426025,-0.08732098340988159,-0.06442972272634506,-0.029461706057190895,0.03323725424706936,0.0578592773526907,0.03496801666915417,0.024622023105621338,0.0017307624220848083,0.024622023105621338,0.0017307624220848083,30,3,0.9,run_09_s90_zero,zero,0.9
50,H,4,gnnexplainer,0.9,-0.05592544749379158,-0.09001298248767853,-0.07854041457176208,-0.08866342157125473,0.03273797407746315,0.0013495609164237976,0.010123006999492645,0.03408753499388695,0.022614967077970505,-0.03138841316103935,-0.022614967077970505,30,3,0.9,run_09_s90_zero,zero,0.9
50,H,5,gnnexplainer,0.9,-0.08462868630886078,-0.06429892778396606,-0.10942009091377258,-0.06410186737775803,0.020526818931102753,0.00019706040620803833,0.04531822353601456,0.020329758524894714,0.024791404604911804,-0.020329758524894714,0.024791404604911804,30,3,0.9,run_09_s90_zero,zero,0.9
50,H,6,gnnexplainer,0.9,-0.33054494857788086,-0.13754698634147644,-0.32083410024642944,-0.3011716902256012,0.029373258352279663,0.16362470388412476,0.019662410020828247,0.19299796223640442,0.009710848331451416,0.1342514455318451,-0.009710848331451416,30,3,0.9,run_09_s90_zero,zero,0.9
50,H,7,gnnexplainer,0.9,-0.3257949948310852,-0.14116057753562927,-0.2798103094100952,-0.362988144159317,0.03719314932823181,0.22182756662368774,0.0831778347492218,0.18463441729545593,0.04598468542098999,0.18463441729545593,0.04598468542098999,30,3,0.9,run_09_s90_zero,zero,0.9
50,C,0,gnnexplainer,0.9,-3.4731967449188232,-2.2788543701171875,-2.8419785499572754,-3.638505220413208,0.16530847549438477,1.3596508502960205,0.7965266704559326,1.1943423748016357,0.6312181949615479,1.1943423748016357,0.6312181949615479,30,3,0.9,run_09_s90_zero,zero,0.9
50,C,1,gnnexplainer,0.9,-2.626781463623047,-3.7812254428863525,-2.0815017223358154,-2.7032065391540527,0.07642507553100586,1.0780189037322998,0.6217048168182373,1.1544439792633057,0.5452797412872314,1.001593828201294,0.5452797412872314,30,3,0.9,run_09_s90_zero,zero,0.9
50,C,2,gnnexplainer,0.9,-2.6187326908111572,-1.965856671333313,-2.551445245742798,-3.0836172103881836,0.46488451957702637,1.1177605390548706,0.5321719646453857,0.6528760194778442,0.06728744506835938,0.6528760194778442,0.06728744506835938,30,3,0.9,run_09_s90_zero,zero,0.9
50,C,3,gnnexplainer,0.9,-12.352452278137207,-11.346724510192871,-7.571724891662598,-11.829119682312012,0.5233325958251953,0.4823951721191406,4.257394790649414,1.005727767944336,4.780727386474609,-0.04093742370605469,3.7340621948242188,30,3,0.9,run_09_s90_zero,zero,0.9
50,C,4,gnnexplainer,0.9,-12.56570053100586,-10.48247241973877,-8.376713752746582,-12.671215057373047,0.1055145263671875,2.1887426376342773,4.294501304626465,2.08322811126709,4.188986778259277,2.08322811126709,4.188986778259277,30,3,0.9,run_09_s90_zero,zero,0.9
50,C,5,gnnexplainer,0.9,-1.2540905475616455,-2.6603469848632812,-2.434967517852783,-1.9315294027328491,0.6774388551712036,0.7288175821304321,0.5034381151199341,1.4062564373016357,1.1808769702911377,0.051378726959228516,-0.17400074005126953,30,3,0.9,run_09_s90_zero,zero,0.9
170,H,0,gnnexplainer,0.9,-0.08065252006053925,-0.10759894549846649,-0.08727412670850754,-0.026961499825119972,0.05369102023541927,0.08063744567334652,0.060312626883387566,0.026946425437927246,0.006621606647968292,0.026946425437927246,0.006621606647968292,42,5,0.8809523809523809,run_09_s90_zero,zero,0.9
170,H,1,gnnexplainer,0.9,-0.08064423501491547,-0.10083252936601639,-0.07951538264751434,-0.027961499989032745,0.05268273502588272,0.07287102937698364,0.0515538826584816,0.02018829435110092,0.001128852367401123,0.02018829435110092,-0.001128852367401123,42,5,0.8809523809523809,run_09_s90_zero,zero,0.9
170,H,2,gnnexplainer,0.9,-0.08063553273677826,-0.09766746312379837,-0.09503666311502457,-0.027961499989032745,0.052674032747745514,0.06970596313476562,0.06707516312599182,0.01703193038702011,0.014401130378246307,0.01703193038702011,0.014401130378246307,42,5,0.8809523809523809,run_09_s90_zero,zero,0.9
170,H,3,gnnexplainer,0.9,-0.08062697947025299,-0.10687274485826492,-0.09981077164411545,-0.026961499825119972,0.05366547964513302,0.07991124503314495,0.07284927181899548,0.026245765388011932,0.019183792173862457,0.026245765388011932,0.019183792173862457,42,5,0.8809523809523809,run_09_s90_zero,zero,0.9
170,H,4,gnnexplainer,0.9,-0.07791470736265182,-0.09900340437889099,-0.08172821998596191,-0.027961499989032745,0.04995320737361908,0.07104190438985825,0.05376671999692917,0.021088697016239166,0.003813512623310089,0.021088697016239166,0.003813512623310089,42,5,0.8809523809523809,run_09_s90_zero,zero,0.9
170,H,5,gnnexplainer,0.9,-0.07790467888116837,-0.10198929905891418,-0.08687923103570938,-0.026961499825119972,0.05094317905604839,0.07502779923379421,0.05991773121058941,0.02408462017774582,0.008974552154541016,0.02408462017774582,0.008974552154541016,42,5,0.8809523809523809,run_09_s90_zero,zero,0.9
170,H,6,gnnexplainer,0.9,-0.07790350168943405,-0.10062189400196075,-0.0898108184337616,-0.026961499825119972,0.05094200186431408,0.07366039417684078,0.06284931860864162,0.022718392312526703,0.011907316744327545,0.022718392312526703,0.011907316744327545,42,5,0.8809523809523809,run_09_s90_zero,zero,0.9
170,H,7,gnnexplainer,0.9,-0.07790827751159668,-0.10423627495765686,-0.07928165048360825,-0.02896150015294552,0.04894677735865116,0.07527477480471134,0.05032015033066273,0.02632799744606018,0.0013733729720115662,0.02632799744606018,0.0013733729720115662,42,5,0.8809523809523809,run_09_s90_zero,zero,0.9
170,H,8,gnnexplainer,0.9,-0.07964935898780823,-0.09983818233013153,-0.08760308474302292,-0.02691764011979103,0.0527317188680172,0.0729205422103405,0.06068544462323189,0.020188823342323303,0.007953725755214691,0.020188823342323303,0.007953725755214691,42,5,0.8809523809523809,run_09_s90_zero,zero,0.9
170,H,9,gnnexplainer,0.9,-0.0796414166688919,-0.09355761855840683,-0.0767689049243927,-0.025917639955878258,0.05372377671301365,0.06763997860252857,0.05085126496851444,0.013916201889514923,0.0028725117444992065,0.013916201889514923,-0.0028725117444992065,42,5,0.8809523809523809,run_09_s90_zero,zero,0.9
170,H,10,gnnexplainer,0.9,-0.07964157313108444,-0.09515731036663055,-0.07283397018909454,-0.025917639955878258,0.053723933175206184,0.0692396704107523,0.046916330233216286,0.015515737235546112,0.006807602941989899,0.015515737235546112,-0.006807602941989899,42,5,0.8809523809523809,run_09_s90_zero,zero,0.9
170,H,11,gnnexplainer,0.9,-0.07965811342000961,-0.09926930069923401,-0.08628907054662704,-0.02896150015294552,0.050696613267064095,0.07030780054628849,0.057327570393681526,0.019611187279224396,0.006630957126617432,0.019611187279224396,0.006630957126617432,42,5,0.8809523809523809,run_09_s90_zero,zero,0.9
170,C,0,gnnexplainer,0.9,-2.0284276008605957,-2.4069955348968506,-2.168273448944092,-2.175614595413208,0.1471869945526123,0.23138093948364258,0.007341146469116211,0.3785679340362549,0.1398458480834961,0.08419394493103027,-0.1398458480834961,42,5,0.8809523809523809,run_09_s90_zero,zero,0.9
170,C,1,gnnexplainer,0.9,-2.0285582542419434,-2.640035629272461,-2.1380202770233154,-2.1761586666107178,0.14760041236877441,0.46387696266174316,0.038138389587402344,0.6114773750305176,0.10946202278137207,0.31627655029296875,-0.10946202278137207,42,5,0.8809523809523809,run_09_s90_zero,zero,0.9
170,C,2,gnnexplainer,0.9,-2.1927924156188965,-3.3705039024353027,-2.020737409591675,-2.1926145553588867,0.00017786026000976562,1.177889347076416,0.17187714576721191,1.1777114868164062,0.17205500602722168,1.1777114868164062,0.17169928550720215,42,5,0.8809523809523809,run_09_s90_zero,zero,0.9
170,C,3,gnnexplainer,0.9,-2.1926939487457275,-2.8903965950012207,-1.7567830085754395,-2.179614543914795,0.013079404830932617,0.7107820510864258,0.42283153533935547,0.6977026462554932,0.4359109401702881,0.6977026462554932,0.40975213050842285,42,5,0.8809523809523809,run_09_s90_zero,zero,0.9
170,C,4,gnnexplainer,0.9,-2.0527212619781494,-2.7817251682281494,-1.6324065923690796,-2.1881580352783203,0.1354367733001709,0.5935671329498291,0.5557514429092407,0.72900390625,0.4203146696090698,0.4581303596496582,0.4203146696090698,42,5,0.8809523809523809,run_09_s90_zero,zero,0.9
170,C,5,gnnexplainer,0.9,-2.0526702404022217,-2.451188087463379,-2.2903096675872803,-2.174614429473877,0.12194418907165527,0.27657365798950195,0.11569523811340332,0.3985178470611572,0.2376394271850586,0.15462946891784668,-0.006248950958251953,42,5,0.8809523809523809,run_09_s90_zero,zero,0.9
270,H,0,gnnexplainer,0.9,-0.06326740980148315,-0.05743875727057457,-0.06719093024730682,-0.04426804184913635,0.018999367952346802,0.013170715421438217,0.02292288839817047,0.005828652530908585,0.003923520445823669,-0.005828652530908585,0.003923520445823669,22,3,0.8636363636363636,run_09_s90_zero,zero,0.9
270,H,1,gnnexplainer,0.9,-0.06325238198041916,-0.03019752725958824,-0.07803264260292053,-0.04426804184913635,0.018984340131282806,0.014070514589548111,0.03376460075378418,0.03305485472083092,0.014780260622501373,-0.0049138255417346954,0.014780260622501373,22,3,0.8636363636363636,run_09_s90_zero,zero,0.9
270,H,2,gnnexplainer,0.9,-0.11182482540607452,-0.11965952068567276,-0.1152217835187912,-0.1254609227180481,0.013636097311973572,0.005801402032375336,0.010239139199256897,0.007834695279598236,0.003396958112716675,-0.007834695279598236,-0.003396958112716675,22,3,0.8636363636363636,run_09_s90_zero,zero,0.9
270,H,3,gnnexplainer,0.9,-0.11181138455867767,-0.15829738974571228,-0.11313343048095703,-0.12491703033447266,0.013105645775794983,0.033380359411239624,0.011783599853515625,0.04648600518703461,0.001322045922279358,0.02027471363544464,-0.001322045922279358,22,3,0.8636363636363636,run_09_s90_zero,zero,0.9
270,H,4,gnnexplainer,0.9,-0.11182227730751038,-0.08129077404737473,-0.1090473085641861,-0.12646092474460602,0.014638647437095642,0.04517015069723129,0.017413616180419922,0.03053150326013565,0.00277496874332428,0.03053150326013565,0.00277496874332428,22,3,0.8636363636363636,run_09_s90_zero,zero,0.9
270,H,5,gnnexplainer,0.9,-0.11181676387786865,-0.07710561901330948,-0.12358041107654572,-0.12591703236103058,0.014100268483161926,0.0488114133477211,0.0023366212844848633,0.034711144864559174,0.011763647198677063,0.034711144864559174,-0.011763647198677063,22,3,0.8636363636363636,run_09_s90_zero,zero,0.9
270,C,0,gnnexplainer,0.9,-0.8327508568763733,-3.1336448192596436,-1.1308143138885498,-0.4850490391254425,0.3477018177509308,2.648595780134201,0.6457652747631073,2.3008939623832703,0.2980634570121765,2.3008939623832703,0.2980634570121765,22,3,0.8636363636363636,run_09_s90_zero,zero,0.9
270,C,1,gnnexplainer,0.9,-3.084488868713379,-1.714626669883728,-2.5659093856811523,-2.464503288269043,0.6199855804443359,0.7498766183853149,0.10140609741210938,1.3698621988296509,0.5185794830322266,0.129891037940979,-0.5185794830322266,22,3,0.8636363636363636,run_09_s90_zero,zero,0.9
270,C,2,gnnexplainer,0.9,-14.785540580749512,-11.97204875946045,-12.650768280029297,-16.523923873901367,1.7383832931518555,4.551875114440918,3.8731555938720703,2.8134918212890625,2.134772300720215,2.8134918212890625,2.134772300720215,22,3,0.8636363636363636,run_09_s90_zero,zero,0.9
270,C,3,gnnexplainer,0.9,-3.084531784057617,-4.43496561050415,-2.77876877784729,-2.4825034141540527,0.6020283699035645,1.9524621963500977,0.2962653636932373,1.3504338264465332,0.30576300621032715,1.3504338264465332,-0.30576300621032715,22,3,0.8636363636363636,run_09_s90_zero,zero,0.9
330,H,0,gnnexplainer,0.9,-0.05332114174962044,-0.07288764417171478,-0.06960888206958771,-0.03665326535701752,0.01666787639260292,0.036234378814697266,0.03295561671257019,0.019566502422094345,0.01628774031996727,0.019566502422094345,0.01628774031996727,22,3,0.8636363636363636,run_09_s90_zero,zero,0.9
330,H,1,gnnexplainer,0.9,-0.04627763852477074,-0.1073506772518158,-0.045049551874399185,-0.05347871407866478,0.007201075553894043,0.053871963173151016,0.008429162204265594,0.06107303872704506,0.0012280866503715515,0.04667088761925697,0.0012280866503715515,22,3,0.8636363636363636,run_09_s90_zero,zero,0.9
330,H,2,gnnexplainer,0.9,-0.04633069783449173,-0.07324544340372086,-0.04221540316939354,-0.052478715777397156,0.006148017942905426,0.0207667276263237,0.010263312608003616,0.026914745569229126,0.00411529466509819,0.014618709683418274,0.00411529466509819,22,3,0.8636363636363636,run_09_s90_zero,zero,0.9
330,H,3,gnnexplainer,0.9,-0.018737804144620895,-0.03679652512073517,-0.03662784397602081,-0.028382685035467148,0.009644880890846252,0.00841384008526802,0.008245158940553665,0.018058720976114273,0.017890039831399918,-0.0012310408055782318,-0.0013997219502925873,22,3,0.8636363636363636,run_09_s90_zero,zero,0.9
330,H,4,gnnexplainer,0.9,-0.01875194162130356,-0.033959951251745224,-0.04200620949268341,-0.02938268519937992,0.010630743578076363,0.004577266052365303,0.01262352429330349,0.015208009630441666,0.023254267871379852,-0.00605347752571106,0.001992780715227127,22,3,0.8636363636363636,run_09_s90_zero,zero,0.9
330,H,5,gnnexplainer,0.9,-0.08483874797821045,-0.12387149035930634,-0.10661600530147552,-0.05086393281817436,0.03397481516003609,0.07300755754113197,0.05575207248330116,0.039032742381095886,0.021777257323265076,0.039032742381095886,0.021777257323265076,22,3,0.8636363636363636,run_09_s90_zero,zero,0.9
330,H,6,gnnexplainer,0.9,-0.14934495091438293,-0.1267569214105606,-0.2321854531764984,-0.19063477218151093,0.04128982126712799,0.06387785077095032,0.04155068099498749,0.022588029503822327,0.08284050226211548,0.022588029503822327,0.00026085972785949707,22,3,0.8636363636363636,run_09_s90_zero,zero,0.9
330,C,0,gnnexplainer,0.9,-1.6009703874588013,-2.152437686920166,-3.5431323051452637,-1.5042518377304077,0.09671854972839355,0.6481858491897583,2.038880467414856,0.5514672994613647,1.9421619176864624,0.5514672994613647,1.9421619176864624,22,3,0.8636363636363636,run_09_s90_zero,zero,0.9
330,C,1,gnnexplainer,0.9,-1.3574010133743286,-1.598218560218811,-3.0696723461151123,-1.1874029636383057,0.16999804973602295,0.41081559658050537,1.8822693824768066,0.24081754684448242,1.7122713327407837,0.24081754684448242,1.7122713327407837,22,3,0.8636363636363636,run_09_s90_zero,zero,0.9
330,C,2,gnnexplainer,0.9,-6.480936527252197,-6.176299095153809,-8.271775245666504,-7.547578811645508,1.0666422843933105,1.3712797164916992,0.7241964340209961,0.30463743209838867,1.7908387184143066,0.30463743209838867,-0.34244585037231445,22,3,0.8636363636363636,run_09_s90_zero,zero,0.9
360,H,0,gnnexplainer,0.9,-0.33236026763916016,-0.14534050226211548,-0.30023056268692017,-0.3191285729408264,0.01323169469833374,0.17378807067871094,0.01889801025390625,0.18701976537704468,0.03212970495223999,0.1605563759803772,0.00566631555557251,24,3,0.875,run_09_s90_zero,zero,0.9
360,H,1,gnnexplainer,0.9,-0.342712938785553,-0.14994829893112183,-0.32199013233184814,-0.26153138279914856,0.08118155598640442,0.11158308386802673,0.060458749532699585,0.19276463985443115,0.020722806453704834,0.030401527881622314,-0.020722806453704834,24,3,0.875,run_09_s90_zero,zero,0.9
360,H,2,gnnexplainer,0.9,-0.14684848487377167,-0.05598755180835724,-0.0878453180193901,-0.1154087483882904,0.03143973648548126,0.059421196579933167,0.0275634303689003,0.09086093306541443,0.05900316685438156,0.027981460094451904,-0.003876306116580963,24,3,0.875,run_09_s90_zero,zero,0.9
360,H,3,gnnexplainer,0.9,-0.14511096477508545,-0.04348157346248627,-0.1293703317642212,-0.14733904600143433,0.002228081226348877,0.10385747253894806,0.017968714237213135,0.10162939131259918,0.015740633010864258,0.10162939131259918,0.015740633010864258,24,3,0.875,run_09_s90_zero,zero,0.9
360,H,4,gnnexplainer,0.9,-0.13666847348213196,-0.03740938752889633,-0.13607856631278992,-0.11875949054956436,0.017908982932567596,0.08135010302066803,0.017319075763225555,0.09925908595323563,0.000589907169342041,0.06344112008810043,-0.000589907169342041,24,3,0.875,run_09_s90_zero,zero,0.9
360,H,5,gnnexplainer,0.9,-0.1832352876663208,-0.08576667308807373,-0.1761997640132904,-0.16926804184913635,0.013967245817184448,0.08350136876106262,0.006931722164154053,0.09746861457824707,0.0070355236530303955,0.06953412294387817,-0.0070355236530303955,24,3,0.875,run_09_s90_zero,zero,0.9
360,H,6,gnnexplainer,0.9,-0.17076992988586426,-0.09705080091953278,-0.17177659273147583,-0.20832136273384094,0.037551432847976685,0.11127056181430817,0.03654477000236511,0.07371912896633148,0.0010066628456115723,0.07371912896633148,-0.0010066628456115723,24,3,0.875,run_09_s90_zero,zero,0.9
360,C,0,gnnexplainer,0.9,-3.523756980895996,-2.6845242977142334,-2.738629102706909,-4.043220043182373,0.519463062286377,1.3586957454681396,1.3045909404754639,0.8392326831817627,0.7851278781890869,0.8392326831817627,0.7851278781890869,24,3,0.875,run_09_s90_zero,zero,0.9
360,C,1,gnnexplainer,0.9,-14.09076976776123,-12.819944381713867,-10.768431663513184,-14.111479759216309,0.020709991455078125,1.2915353775024414,3.343048095703125,1.2708253860473633,3.322338104248047,1.2708253860473633,3.322338104248047,24,3,0.875,run_09_s90_zero,zero,0.9
360,C,2,gnnexplainer,0.9,-11.013855934143066,-9.655089378356934,-6.540651798248291,-9.470762252807617,1.5430936813354492,0.1843271255493164,2.930110454559326,1.3587665557861328,4.473204135894775,-1.3587665557861328,1.387016773223877,24,3,0.875,run_09_s90_zero,zero,0.9
360,C,3,gnnexplainer,0.9,-1.671934723854065,-2.9980664253234863,-1.8157824277877808,-1.504056692123413,0.16787803173065186,1.4940097332000732,0.3117257356643677,1.3261317014694214,0.14384770393371582,1.3261317014694214,0.14384770393371582,24,3,0.875,run_09_s90_zero,zero,0.9
380,H,0,gnnexplainer,0.9,-0.13993945717811584,-0.03876735270023346,-0.06475460529327393,-0.11915438622236252,0.020785070955753326,0.08038703352212906,0.05439978092908859,0.10117210447788239,0.07518485188484192,0.05960196256637573,0.033614709973335266,24,3,0.875,run_09_s90_zero,zero,0.9
380,H,1,gnnexplainer,0.9,-0.13264447450637817,-0.06312345713376999,-0.11484970152378082,-0.1529437154531479,0.020299240946769714,0.0898202583193779,0.038094013929367065,0.06952101737260818,0.01779477298259735,0.06952101737260818,0.01779477298259735,24,3,0.875,run_09_s90_zero,zero,0.9
380,H,2,gnnexplainer,0.9,-0.13482002913951874,-0.05769734084606171,-0.04802243039011955,-0.11749634146690369,0.01732368767261505,0.05979900062084198,0.06947391107678413,0.07712268829345703,0.08679759874939919,0.04247531294822693,0.05215022340416908,24,3,0.875,run_09_s90_zero,zero,0.9
380,H,3,gnnexplainer,0.9,-0.1763220578432083,-0.10585547983646393,-0.1634734869003296,-0.2253120243549347,0.04898996651172638,0.11945654451847076,0.0618385374546051,0.07046657800674438,0.012848570942878723,0.07046657800674438,0.012848570942878723,24,3,0.875,run_09_s90_zero,zero,0.9
380,H,4,gnnexplainer,0.9,-0.17767122387886047,-0.1136929988861084,-0.20479831099510193,-0.19009250402450562,0.012421280145645142,0.07639950513839722,0.014705806970596313,0.06397822499275208,0.027127087116241455,0.06397822499275208,0.002284526824951172,24,3,0.875,run_09_s90_zero,zero,0.9
380,H,5,gnnexplainer,0.9,-0.019281115382909775,-0.022884711623191833,-0.025857262313365936,0.054915860295295715,0.07419697567820549,0.07780057191848755,0.08077312260866165,0.0036035962402820587,0.0065761469304561615,0.0036035962402820587,0.0065761469304561615,24,3,0.875,run_09_s90_zero,zero,0.9
380,H,6,gnnexplainer,0.9,-0.02779546007514,-0.06145360320806503,-0.02772756665945053,-0.026584316045045853,0.0012111440300941467,0.03486928716301918,0.0011432506144046783,0.033658143132925034,6.789341568946838e-05,0.033658143132925034,-6.789341568946838e-05,24,3,0.875,run_09_s90_zero,zero,0.9
380,H,7,gnnexplainer,0.9,-0.025298241525888443,-0.020660709589719772,-0.04962858930230141,-0.0037771498318761587,0.021521091694012284,0.016883559757843614,0.04585143947042525,0.004637531936168671,0.024330347776412964,-0.004637531936168671,0.024330347776412964,24,3,0.875,run_09_s90_zero,zero,0.9
380,C,0,gnnexplainer,0.9,-0.011481314897537231,-0.9913955330848694,-2.5533313751220703,0.17328409850597382,0.18476541340351105,1.1646796315908432,2.726615473628044,0.9799142181873322,2.541850060224533,0.9799142181873322,2.541850060224533,24,3,0.875,run_09_s90_zero,zero,0.9
380,C,1,gnnexplainer,0.9,-2.963667631149292,-2.249476671218872,-3.8845438957214355,-2.9316675662994385,0.032000064849853516,0.6821908950805664,0.9528763294219971,0.7141909599304199,0.9208762645721436,0.6501908302307129,0.9208762645721436,24,3,0.875,run_09_s90_zero,zero,0.9
380,C,2,gnnexplainer,0.9,-15.949727058410645,-16.026411056518555,-12.52713394165039,-16.425132751464844,0.4754056930541992,0.39872169494628906,3.897998809814453,0.07668399810791016,3.422593116760254,-0.07668399810791016,3.422593116760254,24,3,0.875,run_09_s90_zero,zero,0.9
380,C,3,gnnexplainer,0.9,-1.695212483406067,-2.7151355743408203,-1.4398373365402222,-1.3898565769195557,0.30535590648651123,1.3252789974212646,0.049980759620666504,1.0199230909347534,0.2553751468658447,1.0199230909347534,-0.2553751468658447,24,3,0.875,run_09_s90_zero,zero,0.9
450,H,0,gnnexplainer,0.9,-0.04355114698410034,-0.02996404469013214,-0.06896985322237015,0.03275012969970703,0.07630127668380737,0.06271417438983917,0.10171998292207718,0.0135871022939682,0.025418706238269806,-0.0135871022939682,0.025418706238269806,30,3,0.9,run_09_s90_zero,zero,0.9
450,H,1,gnnexplainer,0.9,-0.06927318125963211,-0.06657841801643372,-0.03390749916434288,-0.0715140700340271,0.002240888774394989,0.004935652017593384,0.03760657086968422,0.0026947632431983948,0.03536568209528923,0.0026947632431983948,0.03536568209528923,30,3,0.9,run_09_s90_zero,zero,0.9
450,H,2,gnnexplainer,0.9,-0.06935058534145355,-0.036523230373859406,-0.07019634544849396,-0.07355805486440659,0.0042074695229530334,0.03703482449054718,0.003361709415912628,0.03282735496759415,0.0008457601070404053,0.03282735496759415,-0.0008457601070404053,30,3,0.9,run_09_s90_zero,zero,0.9
450,H,3,gnnexplainer,0.9,-0.14339891076087952,-0.11929963529109955,-0.14203903079032898,-0.23171529173851013,0.08831638097763062,0.11241565644741058,0.08967626094818115,0.024099275469779968,0.0013598799705505371,0.024099275469779968,0.0013598799705505371,30,3,0.9,run_09_s90_zero,zero,0.9
450,C,0,gnnexplainer,0.9,-5.920004844665527,-7.815443992614746,-4.272525310516357,-7.761427879333496,1.8414230346679688,0.05401611328125,3.4889025688171387,1.8954391479492188,1.64747953414917,-1.7874069213867188,1.64747953414917,30,3,0.9,run_09_s90_zero,zero,0.9
450,C,1,gnnexplainer,0.9,-8.008285522460938,-6.991378307342529,-7.007416725158691,-9.08093547821045,1.0726499557495117,2.08955717086792,2.073518753051758,1.0169072151184082,1.000868797302246,1.0169072151184082,1.000868797302246,30,3,0.9,run_09_s90_zero,zero,0.9
450,C,2,gnnexplainer,0.9,-0.7208598256111145,-1.8487311601638794,-0.9343429207801819,-0.7991183996200562,0.07825857400894165,1.0496127605438232,0.13522452116012573,1.127871334552765,0.21348309516906738,0.9713541865348816,0.05696594715118408,30,3,0.9,run_09_s90_zero,zero,0.9
450,C,3,gnnexplainer,0.9,-5.4790120124816895,-3.83156418800354,-5.468841075897217,-5.140366077423096,0.33864593505859375,1.3088018894195557,0.3284749984741211,1.6474478244781494,0.010170936584472656,0.9701559543609619,-0.010170936584472656,30,3,0.9,run_09_s90_zero,zero,0.9
450,C,4,gnnexplainer,0.9,-3.9353888034820557,-4.313093662261963,-2.9614944458007812,-3.6308069229125977,0.304581880569458,0.6822867393493652,0.6693124771118164,0.3777048587799072,0.9738943576812744,0.3777048587799072,0.3647305965423584,30,3,0.9,run_09_s90_zero,zero,0.9
490,H,0,gnnexplainer,0.9,-0.17315952479839325,-0.10012515634298325,-0.17177549004554749,-0.23058383166790009,0.057424306869506836,0.13045867532491684,0.0588083416223526,0.07303436845541,0.0013840347528457642,0.07303436845541,0.0013840347528457642,30,3,0.9,run_09_s90_zero,zero,0.9
490,H,1,gnnexplainer,0.9,-0.15685632824897766,-0.10225348174571991,-0.16050124168395996,-0.249619260430336,0.09276293218135834,0.1473657786846161,0.08911801874637604,0.05460284650325775,0.0036449134349823,0.05460284650325775,-0.0036449134349823,30,3,0.9,run_09_s90_zero,zero,0.9
490,H,2,gnnexplainer,0.9,-0.18034976720809937,-0.13081640005111694,-0.1965034008026123,-0.26599687337875366,0.0856471061706543,0.13518047332763672,0.06949347257614136,0.04953336715698242,0.01615363359451294,0.04953336715698242,-0.01615363359451294,30,3,0.9,run_09_s90_zero,zero,0.9
490,H,5,gnnexplainer,0.9,-0.12873896956443787,-0.08715030550956726,-0.1721593737602234,-0.1509436070919037,0.02220463752746582,0.06379330158233643,0.021215766668319702,0.041588664054870605,0.04342040419578552,0.041588664054870605,-0.0009888708591461182,30,3,0.9,run_09_s90_zero,zero,0.9
490,H,6,gnnexplainer,0.9,-0.12632957100868225,-0.06547175347805023,-0.09388807415962219,-0.1284528225660324,0.0021232515573501587,0.06298106908798218,0.03456474840641022,0.06085781753063202,0.03244149684906006,0.06085781753063202,0.03244149684906006,30,3,0.9,run_09_s90_zero,zero,0.9
490,C,0,gnnexplainer,0.9,-3.129530668258667,-2.1127939224243164,-2.239220142364502,-4.111388683319092,0.9818580150604248,1.9985947608947754,1.8721685409545898,1.0167367458343506,0.890310525894165,1.0167367458343506,0.890310525894165,30,3,0.9,run_09_s90_zero,zero,0.9
490,C,1,gnnexplainer,0.9,-15.582393646240234,-14.531302452087402,-11.044819831848145,-16.991817474365234,1.409423828125,2.460515022277832,5.94699764251709,1.051091194152832,4.53757381439209,1.051091194152832,4.53757381439209,30,3,0.9,run_09_s90_zero,zero,0.9
490,C,2,gnnexplainer,0.9,-3.881084442138672,-2.476788282394409,-2.6650094985961914,-4.111124038696289,0.2300395965576172,1.6343357563018799,1.4461145401000977,1.4042961597442627,1.2160749435424805,1.4042961597442627,1.2160749435424805,30,3,0.9,run_09_s90_zero,zero,0.9
490,C,3,gnnexplainer,0.9,-2.2796802520751953,-2.3996686935424805,-2.531892776489258,-3.4353280067443848,1.1556477546691895,1.0356593132019043,0.903435230255127,0.11998844146728516,0.2522125244140625,-0.11998844146728516,-0.2522125244140625,30,3,0.9,run_09_s90_zero,zero,0.9
510,H,0,gnnexplainer,0.9,-0.0641452819108963,-0.07964504510164261,-0.10029057413339615,-0.06858395785093307,0.004438675940036774,0.011061087250709534,0.031706616282463074,0.015499763190746307,0.03614529222249985,0.00662241131067276,0.0272679403424263,38,4,0.8947368421052632,run_09_s90_zero,zero,0.9
510,H,1,gnnexplainer,0.9,-0.07207746058702469,-0.08714176714420319,-0.10445860028266907,-0.10737372934818268,0.03529626876115799,0.020231962203979492,0.002915129065513611,0.015064306557178497,0.03238113969564438,-0.015064306557178497,-0.03238113969564438,38,4,0.8947368421052632,run_09_s90_zero,zero,0.9
510,H,2,gnnexplainer,0.9,-0.054743897169828415,-0.09325702488422394,-0.05953696742653847,-0.030469827353954315,0.0242740698158741,0.06278719753026962,0.029067140072584152,0.03851312771439552,0.0047930702567100525,0.03851312771439552,0.0047930702567100525,38,4,0.8947368421052632,run_09_s90_zero,zero,0.9
510,H,3,gnnexplainer,0.9,-0.0725153461098671,-0.08237114548683167,-0.10987146198749542,-0.1194084882736206,0.04689314216375351,0.03703734278678894,0.009537026286125183,0.009855799376964569,0.037356115877628326,-0.009855799376964569,-0.037356115877628326,38,4,0.8947368421052632,run_09_s90_zero,zero,0.9
510,H,4,gnnexplainer,0.9,-0.06956268846988678,-0.11455754935741425,-0.08413535356521606,-0.058769065886735916,0.010793622583150864,0.05578848347067833,0.02536628767848015,0.044994860887527466,0.014572665095329285,0.044994860887527466,0.014572665095329285,38,4,0.8947368421052632,run_09_s90_zero,zero,0.9
510,H,5,gnnexplainer,0.9,-0.06805552542209625,-0.0708281621336937,-0.10830102860927582,-0.07969000190496445,0.011634476482868195,0.008861839771270752,0.02861102670431137,0.0027726367115974426,0.040245503187179565,-0.0027726367115974426,0.016976550221443176,38,4,0.8947368421052632,run_09_s90_zero,zero,0.9
510,H,6,gnnexplainer,0.9,-0.040923863649368286,-0.03748708218336105,-0.07934027165174484,-0.04133903980255127,0.0004151761531829834,0.003851957619190216,0.03800123184919357,0.0034367814660072327,0.038416408002376556,0.0034367814660072327,0.03758605569601059,38,4,0.8947368421052632,run_09_s90_zero,zero,0.9
510,H,7,gnnexplainer,0.9,-0.02234116941690445,-0.004800260066986084,-0.04590369388461113,-0.03561985865235329,0.013278689235448837,0.030819598585367203,0.010283835232257843,0.017540909349918365,0.02356252446770668,0.017540909349918365,-0.0029948540031909943,38,4,0.8947368421052632,run_09_s90_zero,zero,0.9
510,H,8,gnnexplainer,0.9,-0.057253893464803696,-0.05613420903682709,-0.09332123398780823,-0.0713830441236496,0.014129150658845901,0.01524883508682251,0.02193818986415863,0.0011196844279766083,0.03606734052300453,0.0011196844279766083,0.007809039205312729,38,4,0.8947368421052632,run_09_s90_zero,zero,0.9
510,H,9,gnnexplainer,0.9,-0.06739038974046707,-0.07304320484399796,-0.08347441256046295,-0.08068999648094177,0.013299606740474701,0.007646791636943817,0.002784416079521179,0.005652815103530884,0.01608402281999588,-0.005652815103530884,-0.010515190660953522,38,4,0.8947368421052632,run_09_s90_zero,zero,0.9
510,C,0,gnnexplainer,0.9,-3.183384895324707,-2.918609619140625,-2.903458595275879,-2.6794397830963135,0.5039451122283936,0.23916983604431152,0.22401881217956543,0.26477527618408203,0.2799263000488281,-0.26477527618408203,-0.2799263000488281,38,4,0.8947368421052632,run_09_s90_zero,zero,0.9
510,C,1,gnnexplainer,0.9,-2.929103136062622,-2.4267635345458984,-2.4778504371643066,-2.8548877239227295,0.07421541213989258,0.42812418937683105,0.37703728675842285,0.5023396015167236,0.45125269889831543,0.3539087772369385,0.3028218746185303,38,4,0.8947368421052632,run_09_s90_zero,zero,0.9
510,C,2,gnnexplainer,0.9,-4.82141637802124,-3.8545849323272705,-3.6120657920837402,-4.148713111877441,0.6727032661437988,0.2941281795501709,0.5366473197937012,0.9668314456939697,1.2093505859375,-0.37857508659362793,-0.13605594635009766,38,4,0.8947368421052632,run_09_s90_zero,zero,0.9
510,C,3,gnnexplainer,0.9,-1.93549382686615,-1.9199978113174438,-2.998258590698242,-0.3196980357170105,1.6157957911491394,1.6002997756004333,2.6785605549812317,0.015496015548706055,1.0627647638320923,-0.015496015548706055,1.0627647638320923,38,4,0.8947368421052632,run_09_s90_zero,zero,0.9
510,C,4,gnnexplainer,0.9,-0.8245482444763184,-1.2896597385406494,-2.22078537940979,-0.5578681230545044,0.26668012142181396,0.731791615486145,1.6629172563552856,0.46511149406433105,1.3962371349334717,0.46511149406433105,1.3962371349334717,38,4,0.8947368421052632,run_09_s90_zero,zero,0.9
510,C,5,gnnexplainer,0.9,-1.521938443183899,-2.299102783203125,-2.4347341060638428,-0.3343559503555298,1.1875824928283691,1.9647468328475952,2.100378155708313,0.7771643400192261,0.9127956628799438,0.7771643400192261,0.9127956628799438,38,4,0.8947368421052632,run_09_s90_zero,zero,0.9
530,H,0,gnnexplainer,0.9,-0.08534625172615051,-0.06856849789619446,-0.08169998973608017,-0.16678637266159058,0.08144012093544006,0.09821787476539612,0.0850863829255104,0.016777753829956055,0.003646261990070343,0.016777753829956055,0.003646261990070343,20,2,0.9,run_09_s90_zero,zero,0.9
530,H,1,gnnexplainer,0.9,-0.09019753336906433,-0.07921992242336273,-0.08838273584842682,-0.13316234946250916,0.042964816093444824,0.05394242703914642,0.044779613614082336,0.010977610945701599,0.0018147975206375122,0.010977610945701599,0.0018147975206375122,20,2,0.9,run_09_s90_zero,zero,0.9
530,H,2,gnnexplainer,0.9,-0.030807171016931534,-0.020432107150554657,-0.08043786138296127,-0.0575319267809391,0.02672475576400757,0.037099819630384445,0.02290593460202217,0.010375063866376877,0.04963069036602974,0.010375063866376877,-0.0038188211619853973,20,2,0.9,run_09_s90_zero,zero,0.9
530,H,3,gnnexplainer,0.9,-0.04008097946643829,-0.08700351417064667,-0.054020024836063385,-0.04089127480983734,0.0008102953433990479,0.046112239360809326,0.013128750026226044,0.046922534704208374,0.013939045369625092,0.04530194401741028,0.012318454682826996,20,2,0.9,run_09_s90_zero,zero,0.9
530,H,4,gnnexplainer,0.9,-0.03763440251350403,-0.09969514608383179,-0.1043088361620903,-0.06429433822631836,0.02665993571281433,0.03540080785751343,0.04001449793577194,0.06206074357032776,0.06667443364858627,0.008740872144699097,0.013354562222957611,20,2,0.9,run_09_s90_zero,zero,0.9
530,C,0,gnnexplainer,0.9,-2.6694869995117188,-3.036893367767334,-3.081840753555298,-2.8974430561065674,0.22795605659484863,0.1394503116607666,0.18439769744873047,0.36740636825561523,0.4123537540435791,-0.08850574493408203,-0.043558359146118164,20,2,0.9,run_09_s90_zero,zero,0.9
530,C,1,gnnexplainer,0.9,-3.2187187671661377,-4.17995548248291,-3.3153600692749023,-2.7582390308380127,0.460479736328125,1.4217164516448975,0.5571210384368896,0.9612367153167725,0.09664130210876465,0.9612367153167725,0.09664130210876465,20,2,0.9,run_09_s90_zero,zero,0.9
530,C,2,gnnexplainer,0.9,-4.761256694793701,-4.135663986206055,-3.997196912765503,-4.5724406242370605,0.18881607055664062,0.43677663803100586,0.5752437114715576,0.6255927085876465,0.7640597820281982,0.24796056747436523,0.386427640914917,20,2,0.9,run_09_s90_zero,zero,0.9
610,H,0,gnnexplainer,0.9,-0.44238173961639404,-0.3682207465171814,-0.15085360407829285,-0.615548849105835,0.17316710948944092,0.24732810258865356,0.4646952450275421,0.07416099309921265,0.2915281355381012,0.07416099309921265,0.2915281355381012,24,3,0.875,run_09_s90_zero,zero,0.9
610,H,1,gnnexplainer,0.9,-0.1651545912027359,-0.17488110065460205,-0.09965597838163376,-0.12229462713003159,0.042859964072704315,0.052586473524570465,0.022638648748397827,0.00972650945186615,0.06549861282110214,0.00972650945186615,-0.020221315324306488,24,3,0.875,run_09_s90_zero,zero,0.9
610,H,2,gnnexplainer,0.9,-0.13610506057739258,-0.04770444333553314,-0.1462751179933548,-0.1601894050836563,0.024084344506263733,0.11248496174812317,0.013914287090301514,0.08840061724185944,0.01017005741596222,0.08840061724185944,-0.01017005741596222,24,3,0.875,run_09_s90_zero,zero,0.9
610,H,3,gnnexplainer,0.9,-0.1795758754014969,-0.09844326972961426,-0.17466658353805542,-0.18318936228752136,0.003613486886024475,0.0847460925579071,0.008522778749465942,0.08113260567188263,0.004909291863441467,0.08113260567188263,0.004909291863441467,24,3,0.875,run_09_s90_zero,zero,0.9
610,H,4,gnnexplainer,0.9,-0.500056803226471,-0.3954848051071167,-0.12515303492546082,-0.6312503814697266,0.13119357824325562,0.23576557636260986,0.5060973465442657,0.10457199811935425,0.37490376830101013,0.10457199811935425,0.37490376830101013,24,3,0.875,run_09_s90_zero,zero,0.9
610,H,5,gnnexplainer,0.9,-0.14004060626029968,-0.060853663831949234,-0.17803499102592468,-0.12377718091011047,0.01626342535018921,0.06292351707816124,0.05425781011581421,0.07918694242835045,0.037994384765625,0.04666009172797203,0.037994384765625,24,3,0.875,run_09_s90_zero,zero,0.9
610,H,6,gnnexplainer,0.9,-0.12860378623008728,-0.04963110759854317,-0.12630292773246765,-0.14696994423866272,0.01836615800857544,0.09733883664011955,0.02066701650619507,0.07897267863154411,0.002300858497619629,0.07897267863154411,0.002300858497619629,24,3,0.875,run_09_s90_zero,zero,0.9
610,H,7,gnnexplainer,0.9,-0.16811057925224304,-0.10278236120939255,-0.18511494994163513,-0.19154877960681915,0.02343820035457611,0.0887664183974266,0.006433829665184021,0.0653282180428505,0.01700437068939209,0.0653282180428505,-0.01700437068939209,24,3,0.875,run_09_s90_zero,zero,0.9
610,C,0,gnnexplainer,0.9,-16.07822036743164,-13.2110013961792,-13.055876731872559,-18.057586669921875,1.9793663024902344,4.846585273742676,5.001709938049316,2.8672189712524414,3.022343635559082,2.8672189712524414,3.022343635559082,24,3,0.875,run_09_s90_zero,zero,0.9
610,C,1,gnnexplainer,0.9,-16.779712677001953,-11.899921417236328,-17.60547637939453,-17.75385856628418,0.9741458892822266,5.853937149047852,0.14838218688964844,4.879791259765625,0.8257637023925781,4.879791259765625,-0.8257637023925781,24,3,0.875,run_09_s90_zero,zero,0.9
610,C,2,gnnexplainer,0.9,-1.856040596961975,-1.7780510187149048,-3.1687843799591064,-2.5053277015686035,0.6492871046066284,0.7272766828536987,0.6634566783905029,0.07798957824707031,1.3127437829971313,0.07798957824707031,0.014169573783874512,24,3,0.875,run_09_s90_zero,zero,0.9
610,C,3,gnnexplainer,0.9,-1.9090392589569092,-1.9833080768585205,-2.463378667831421,-2.3740406036376953,0.46500134468078613,0.3907325267791748,0.08933806419372559,0.07426881790161133,0.5543394088745117,-0.07426881790161133,-0.37566328048706055,24,3,0.875,run_09_s90_zero,zero,0.9
620,H,0,gnnexplainer,0.9,-0.22838380932807922,-0.1187862753868103,-0.2526601552963257,-0.2509962022304535,0.022612392902374268,0.1322099268436432,0.0016639530658721924,0.10959753394126892,0.02427634596824646,0.10959753394126892,-0.020948439836502075,32,4,0.875,run_09_s90_zero,zero,0.9
620,H,1,gnnexplainer,0.9,-0.228367418050766,-0.12167283892631531,-0.3116447925567627,-0.24986469745635986,0.021497279405593872,0.12819185853004456,0.06178009510040283,0.10669457912445068,0.0832773745059967,0.10669457912445068,0.04028281569480896,32,4,0.875,run_09_s90_zero,zero,0.9
620,H,2,gnnexplainer,0.9,-0.2283584177494049,-0.11971496045589447,-0.2422339916229248,-0.2488207370042801,0.020462319254875183,0.12910577654838562,0.006586745381355286,0.10864345729351044,0.013875573873519897,0.10864345729351044,-0.013875573873519897,32,4,0.875,run_09_s90_zero,zero,0.9
620,H,3,gnnexplainer,0.9,-0.22839093208312988,-0.12841573357582092,-0.19237813353538513,-0.25204017758369446,0.023649245500564575,0.12362444400787354,0.059662044048309326,0.09997519850730896,0.03601279854774475,0.09997519850730896,0.03601279854774475,32,4,0.875,run_09_s90_zero,zero,0.9
620,H,4,gnnexplainer,0.9,-0.22839006781578064,-0.1442263424396515,-0.2607181668281555,-0.251996248960495,0.023606181144714355,0.1077699065208435,0.008721917867660522,0.08416372537612915,0.03232809901237488,0.08416372537612915,-0.014884263277053833,32,4,0.875,run_09_s90_zero,zero,0.9
620,H,5,gnnexplainer,0.9,-0.22836831212043762,-0.1304655373096466,-0.22322949767112732,-0.24986469745635986,0.02149638533592224,0.11939916014671326,0.026635199785232544,0.09790277481079102,0.005138814449310303,0.09790277481079102,0.005138814449310303,32,4,0.875,run_09_s90_zero,zero,0.9
620,H,6,gnnexplainer,0.9,-0.00035447627305984497,-0.018434852361679077,-0.018832512199878693,0.08161692321300507,0.08197139948606491,0.10005177557468414,0.10044943541288376,0.018080376088619232,0.018478035926818848,0.018080376088619232,0.018478035926818848,32,4,0.875,run_09_s90_zero,zero,0.9
620,H,7,gnnexplainer,0.9,-0.0003616511821746826,-0.011494409292936325,-0.02892831712961197,0.0810290277004242,0.08139067888259888,0.09252343699336052,0.10995734483003616,0.011132758110761642,0.028566665947437286,0.011132758110761642,0.028566665947437286,32,4,0.875,run_09_s90_zero,zero,0.9
620,H,8,gnnexplainer,0.9,-0.00035750120878219604,-0.04102315753698349,-0.03482510894536972,0.08161692321300507,0.08197442442178726,0.12264008074998856,0.11644203215837479,0.040665656328201294,0.034467607736587524,0.040665656328201294,0.034467607736587524,32,4,0.875,run_09_s90_zero,zero,0.9
620,H,9,gnnexplainer,0.9,-0.01004878431558609,-0.11278541386127472,-0.03606449067592621,0.17055636644363403,0.18060515075922012,0.28334178030490875,0.20662085711956024,0.10273662954568863,0.02601570636034012,0.10273662954568863,0.02601570636034012,32,4,0.875,run_09_s90_zero,zero,0.9
620,C,0,gnnexplainer,0.9,-8.43395709991455,-6.531833171844482,-5.333789348602295,-8.185676574707031,0.24828052520751953,1.6538434028625488,2.8518872261047363,1.9021239280700684,3.100167751312256,1.4055628776550293,2.603606700897217,32,4,0.875,run_09_s90_zero,zero,0.9
620,C,1,gnnexplainer,0.9,-8.439017295837402,-8.050639152526855,-6.495631217956543,-8.185914039611816,0.25310325622558594,0.13527488708496094,1.6902828216552734,0.3883781433105469,1.9433860778808594,-0.117828369140625,1.4371795654296875,32,4,0.875,run_09_s90_zero,zero,0.9
620,C,2,gnnexplainer,0.9,-8.438666343688965,-7.592410564422607,-6.194454193115234,-8.188501358032227,0.2501649856567383,0.5960907936096191,1.9940471649169922,0.8462557792663574,2.2442121505737305,0.34592580795288086,1.743882179260254,32,4,0.875,run_09_s90_zero,zero,0.9
620,C,3,gnnexplainer,0.9,-8.43066120147705,-8.323684692382812,-6.407812595367432,-8.189264297485352,0.24139690399169922,0.13442039489746094,1.78145170211792,0.10697650909423828,2.022848606109619,-0.10697650909423828,1.5400547981262207,32,4,0.875,run_09_s90_zero,zero,0.9
620,C,4,gnnexplainer,0.9,-8.43023681640625,-9.184361457824707,-5.141191005706787,-8.187677383422852,0.24255943298339844,0.9966840744018555,3.0464863777160645,0.754124641418457,3.289045810699463,0.754124641418457,2.803926944732666,32,4,0.875,run_09_s90_zero,zero,0.9
620,C,5,gnnexplainer,0.9,-8.442373275756836,-6.204279899597168,-7.102170467376709,-8.186501502990723,0.2558717727661133,1.9822216033935547,1.0843310356140137,2.238093376159668,1.340202808380127,1.7263498306274414,0.8284592628479004,32,4,0.875,run_09_s90_zero,zero,0.9
620,C,6,gnnexplainer,0.9,0.4642379879951477,-0.5065072178840637,-0.33222121000289917,1.20413076877594,0.7398927807807922,1.7106379866600037,1.5363519787788391,0.9707452058792114,0.7964591979980469,0.9707452058792114,0.7964591979980469,32,4,0.875,run_09_s90_zero,zero,0.9
640,H,0,gnnexplainer,0.9,-0.21126306056976318,-0.119334377348423,-0.24494415521621704,0.13790667057037354,0.3491697311401367,0.25724104791879654,0.3828508257865906,0.09192868322134018,0.03368109464645386,-0.09192868322134018,0.03368109464645386,38,4,0.8947368421052632,run_09_s90_zero,zero,0.9
640,H,1,gnnexplainer,0.9,-0.21125224232673645,-0.1138061136007309,-0.19980213046073914,0.13790667057037354,0.34915891289711,0.25171278417110443,0.33770880103111267,0.09744612872600555,0.011450111865997314,-0.09744612872600555,-0.011450111865997314,38,4,0.8947368421052632,run_09_s90_zero,zero,0.9
640,H,2,gnnexplainer,0.9,-0.04018162190914154,-0.042984191328287125,-0.04790366068482399,-0.010049479082226753,0.030132142826914787,0.03293471224606037,0.03785418160259724,0.002802569419145584,0.007722038775682449,0.002802569419145584,0.007722038775682449,38,4,0.8947368421052632,run_09_s90_zero,zero,0.9
640,H,3,gnnexplainer,0.9,-0.02698579430580139,-0.047057099640369415,-0.02382834255695343,-0.030795302242040634,0.0038095079362392426,0.01626179739832878,0.006966959685087204,0.020071305334568024,0.0031574517488479614,0.012452289462089539,0.0031574517488479614,38,4,0.8947368421052632,run_09_s90_zero,zero,0.9
640,H,4,gnnexplainer,0.9,-0.029253706336021423,-0.07601583003997803,-0.03927426040172577,-0.03988323733210564,0.010629530996084213,0.03613259270787239,0.0006089769303798676,0.046762123703956604,0.010020554065704346,0.025503061711788177,-0.010020554065704346,38,4,0.8947368421052632,run_09_s90_zero,zero,0.9
640,H,5,gnnexplainer,0.9,-0.07945401221513748,-0.055256325751543045,-0.0960032045841217,-0.08353185653686523,0.004077844321727753,0.02827553078532219,0.01247134804725647,0.024197686463594437,0.016549192368984222,0.024197686463594437,0.008393503725528717,38,4,0.8947368421052632,run_09_s90_zero,zero,0.9
640,H,6,gnnexplainer,0.9,-0.11835552006959915,-0.14019539952278137,-0.1385689377784729,-0.10661061108112335,0.0117449089884758,0.03358478844165802,0.03195832669734955,0.02183987945318222,0.02021341770887375,0.02183987945318222,0.02021341770887375,38,4,0.8947368421052632,run_09_s90_zero,zero,0.9
640,H,7,gnnexplainer,0.9,-0.06900552660226822,-0.07341261208057404,-0.11117184907197952,-0.07117222994565964,0.0021667033433914185,0.002240382134914398,0.039999619126319885,0.004407085478305817,0.042166322469711304,7.367879152297974e-05,0.03783291578292847,38,4,0.8947368421052632,run_09_s90_zero,zero,0.9
640,H,8,gnnexplainer,0.9,-0.10110029578208923,-0.09879949688911438,-0.11827748268842697,-0.12511934340000153,0.024019047617912292,0.026319846510887146,0.0068418607115745544,0.0023007988929748535,0.017177186906337738,0.0023007988929748535,-0.017177186906337738,38,4,0.8947368421052632,run_09_s90_zero,zero,0.9
640,H,9,gnnexplainer,0.9,-0.07945292443037033,-0.08334539830684662,-0.07802831381559372,-0.08353185653686523,0.0040789321064949036,0.00018645823001861572,0.005503542721271515,0.003892473876476288,0.0014246106147766113,-0.003892473876476288,0.0014246106147766113,38,4,0.8947368421052632,run_09_s90_zero,zero,0.9
640,H,10,gnnexplainer,0.9,-0.11835354566574097,-0.10385716706514359,-0.13767197728157043,-0.10661061108112335,0.011742934584617615,0.002753444015979767,0.031061366200447083,0.014496378600597382,0.019318431615829468,-0.008989490568637848,0.019318431615829468,38,4,0.8947368421052632,run_09_s90_zero,zero,0.9
640,H,11,gnnexplainer,0.9,-0.04018741473555565,-0.04991115629673004,-0.07142574340105057,-0.010049479082226753,0.030137935653328896,0.03986167721450329,0.061376264318823814,0.009723741561174393,0.03123832866549492,0.009723741561174393,0.03123832866549492,38,4,0.8947368421052632,run_09_s90_zero,zero,0.9
640,H,12,gnnexplainer,0.9,-0.029250383377075195,-0.048561692237854004,-0.03169514983892441,-0.04088323935866356,0.011632855981588364,0.007678452879190445,0.009188089519739151,0.01931130886077881,0.0024447664618492126,-0.003954403102397919,-0.0024447664618492126,38,4,0.8947368421052632,run_09_s90_zero,zero,0.9
640,H,13,gnnexplainer,0.9,-0.026982992887496948,-0.053220074623823166,-0.040148504078388214,-0.030795302242040634,0.003812309354543686,0.022424772381782532,0.00935320183634758,0.026237081736326218,0.013165511190891266,0.018612463027238846,0.005540892481803894,38,4,0.8947368421052632,run_09_s90_zero,zero,0.9
640,C,0,gnnexplainer,0.9,-7.860611915588379,-6.2896728515625,-9.067246437072754,-8.271045684814453,0.4104337692260742,1.9813728332519531,0.7962007522583008,1.570939064025879,1.206634521484375,1.570939064025879,0.38576698303222656,38,4,0.8947368421052632,run_09_s90_zero,zero,0.9
640,C,1,gnnexplainer,0.9,-7.8596673011779785,-7.436537742614746,-7.557342052459717,-8.270045280456543,0.41037797927856445,0.8335075378417969,0.7127032279968262,0.4231295585632324,0.3023252487182617,0.4231295585632324,0.3023252487182617,38,4,0.8947368421052632,run_09_s90_zero,zero,0.9
640,C,2,gnnexplainer,0.9,-0.4793398380279541,-1.9756889343261719,-1.6686186790466309,-0.608948290348053,0.12960845232009888,1.366740643978119,1.0596703886985779,1.4963490962982178,1.1892788410186768,1.23713219165802,0.930061936378479,38,4,0.8947368421052632,run_09_s90_zero,zero,0.9
640,C,3,gnnexplainer,0.9,-1.0577682256698608,-3.7030487060546875,-1.6281405687332153,-1.4114946126937866,0.3537263870239258,2.291554093360901,0.2166459560394287,2.6452804803848267,0.5703723430633545,1.937827706336975,-0.13708043098449707,38,4,0.8947368421052632,run_09_s90_zero,zero,0.9
640,C,4,gnnexplainer,0.9,-1.6062666177749634,-3.2541446685791016,-2.56687593460083,-2.1460978984832764,0.539831280708313,1.1080467700958252,0.4207780361175537,1.6478780508041382,0.9606093168258667,0.5682154893875122,-0.11905324459075928,38,4,0.8947368421052632,run_09_s90_zero,zero,0.9
640,C,5,gnnexplainer,0.9,-1.0578246116638184,-2.0131754875183105,-2.3494014739990234,-1.4114511013031006,0.3536264896392822,0.60172438621521,0.9379503726959229,0.9553508758544922,1.291576862335205,0.24809789657592773,0.5843238830566406,38,4,0.8947368421052632,run_09_s90_zero,zero,0.9
640,C,6,gnnexplainer,0.9,-0.47932881116867065,-1.5001078844070435,-1.5866509675979614,-0.6109034419059753,0.1315746307373047,0.8892044425010681,0.9757475256919861,1.0207790732383728,1.1073221564292908,0.7576298117637634,0.8441728949546814,38,4,0.8947368421052632,run_09_s90_zero,zero,0.9
650,H,0,gnnexplainer,0.9,-0.034940771758556366,-0.05812617391347885,-0.0853394865989685,-0.047470711171627045,0.012529939413070679,0.010655462741851807,0.03786877542734146,0.023185402154922485,0.05039871484041214,-0.001874476671218872,0.025338836014270782,40,4,0.9,run_09_s90_zero,zero,0.9
650,H,1,gnnexplainer,0.9,-0.06100916862487793,-0.10687848925590515,-0.07637983560562134,-0.0373387411236763,0.02367042750120163,0.06953974813222885,0.03904109448194504,0.04586932063102722,0.015370666980743408,0.04586932063102722,0.015370666980743408,40,4,0.9,run_09_s90_zero,zero,0.9
650,H,2,gnnexplainer,0.9,-0.024738125503063202,-0.01134546846151352,-0.028360027819871902,-0.021102281287312508,0.0036358442157506943,0.009756812825798988,0.007257746532559395,0.013392657041549683,0.0036219023168087006,0.006120968610048294,0.0036219023168087006,40,4,0.9,run_09_s90_zero,zero,0.9
650,H,3,gnnexplainer,0.9,-0.10827633738517761,-0.10009825974702835,-0.11056297272443771,-0.09628623723983765,0.011990100145339966,0.0038120225071907043,0.014276735484600067,0.008178077638149261,0.0022866353392601013,-0.008178077638149261,0.0022866353392601013,40,4,0.9,run_09_s90_zero,zero,0.9
650,H,4,gnnexplainer,0.9,-0.05421527847647667,-0.05039331316947937,-0.05938345566391945,-0.1060146912932396,0.051799412816762924,0.05562137812376022,0.046631235629320145,0.003821965306997299,0.0051681771874427795,0.003821965306997299,-0.0051681771874427795,40,4,0.9,run_09_s90_zero,zero,0.9
650,H,5,gnnexplainer,0.9,-0.0340970978140831,-0.010993428528308868,-0.035980843007564545,-0.045926790684461594,0.011829692870378494,0.034933362156152725,0.009945947676897049,0.02310366928577423,0.0018837451934814453,0.02310366928577423,-0.0018837451934814453,40,4,0.9,run_09_s90_zero,zero,0.9
650,H,6,gnnexplainer,0.9,-0.023676138371229172,-0.030940700322389603,-0.05375171825289726,-0.01910228095948696,0.00457385741174221,0.011838419362902641,0.0346494372934103,0.007264561951160431,0.03007557988166809,0.007264561951160431,0.03007557988166809,40,4,0.9,run_09_s90_zero,zero,0.9
650,H,7,gnnexplainer,0.9,-0.05934511870145798,-0.11292359232902527,-0.09045509248971939,-0.03475097194314003,0.024594146758317947,0.07817262038588524,0.05570412054657936,0.05357847362756729,0.031109973788261414,0.05357847362756729,0.031109973788261414,40,4,0.9,run_09_s90_zero,zero,0.9
650,H,8,gnnexplainer,0.9,-0.03394071012735367,-0.03513186797499657,-0.06087633967399597,-0.04692678898572922,0.01298607885837555,0.01179492101073265,0.013949550688266754,0.0011911578476428986,0.026935629546642303,-0.0011911578476428986,0.0009634718298912048,40,4,0.9,run_09_s90_zero,zero,0.9
650,H,9,gnnexplainer,0.9,-0.05895303934812546,-0.1046312227845192,-0.05248508229851723,-0.03479496389627457,0.02415807545185089,0.06983625888824463,0.01769011840224266,0.04567818343639374,0.006467957049608231,0.04567818343639374,-0.006467957049608231,40,4,0.9,run_09_s90_zero,zero,0.9
650,H,10,gnnexplainer,0.9,-0.023587524890899658,-0.007917240262031555,-0.04259404540061951,-0.020102281123399734,0.0034852437674999237,0.01218504086136818,0.022491764277219772,0.015670284628868103,0.01900652050971985,0.008699797093868256,0.01900652050971985,40,4,0.9,run_09_s90_zero,zero,0.9
650,H,11,gnnexplainer,0.9,-0.10841157287359238,-0.10275386273860931,-0.10085287690162659,-0.09524228423833847,0.013169288635253906,0.0075115785002708435,0.0056105926632881165,0.005657710134983063,0.00755869597196579,-0.005657710134983063,-0.00755869597196579,40,4,0.9,run_09_s90_zero,zero,0.9
650,H,12,gnnexplainer,0.9,-0.05435436591506004,-0.05896059423685074,-0.041624765843153,-0.10497073829174042,0.050616372376680374,0.04601014405488968,0.06334597244858742,0.004606228321790695,0.012729600071907043,-0.004606228321790695,0.012729600071907043,40,4,0.9,run_09_s90_zero,zero,0.9
650,H,13,gnnexplainer,0.9,-0.06090754270553589,-0.10504564642906189,-0.08975333720445633,-0.03579496219754219,0.025112580507993698,0.0692506842315197,0.05395837500691414,0.044138103723526,0.02884579449892044,0.044138103723526,0.02884579449892044,40,4,0.9,run_09_s90_zero,zero,0.9
650,H,14,gnnexplainer,0.9,-0.03507107496261597,-0.05383661761879921,-0.05956326052546501,-0.04792679101228714,0.012855716049671173,0.00590982660651207,0.011636469513177872,0.018765542656183243,0.024492185562849045,-0.006945889443159103,-0.0012192465364933014,40,4,0.9,run_09_s90_zero,zero,0.9
650,H,15,gnnexplainer,0.9,-0.024672776460647583,-0.06283111870288849,-0.041540950536727905,-0.01910228095948696,0.005570495501160622,0.04372883774340153,0.022438669577240944,0.038158342242240906,0.016868174076080322,0.038158342242240906,0.016868174076080322,40,4,0.9,run_09_s90_zero,zero,0.9
650,C,0,gnnexplainer,0.9,-0.6039972305297852,-2.0235838890075684,-0.6994916796684265,-0.7945148944854736,0.19051766395568848,1.2290689945220947,0.09502321481704712,1.4195866584777832,0.09549444913864136,1.0385513305664062,-0.09549444913864136,40,4,0.9,run_09_s90_zero,zero,0.9
650,C,1,gnnexplainer,0.9,-0.9427768588066101,-0.9677833914756775,-2.1962220668792725,-1.2854688167572021,0.34269195795059204,0.31768542528152466,0.9107532501220703,0.025006532669067383,1.2534452080726624,-0.025006532669067383,0.5680612921714783,40,4,0.9,run_09_s90_zero,zero,0.9
650,C,2,gnnexplainer,0.9,-0.6430948376655579,-2.2799577713012695,-1.2671769857406616,-0.7869271636009216,0.14383232593536377,1.493030607700348,0.48024982213974,1.6368629336357117,0.6240821480751038,1.3491982817649841,0.3364174962043762,40,4,0.9,run_09_s90_zero,zero,0.9
650,C,3,gnnexplainer,0.9,-0.6416166424751282,-1.749494194984436,-1.0367240905761719,-0.7869707942008972,0.14535415172576904,0.9625234007835388,0.24975329637527466,1.1078775525093079,0.3951074481010437,0.8171692490577698,0.10439914464950562,40,4,0.9,run_09_s90_zero,zero,0.9
650,C,4,gnnexplainer,0.9,-0.942050039768219,-3.2162582874298096,-1.85342538356781,-1.282924771308899,0.34087473154067993,1.9333335161209106,0.5705006122589111,2.2742082476615906,0.9113753437995911,1.5924587845802307,0.2296258807182312,40,4,0.9,run_09_s90_zero,zero,0.9
650,C,5,gnnexplainer,0.9,-0.60410076379776,-2.4183506965637207,-0.7432684898376465,-0.7939702272415161,0.1898694634437561,1.6243804693222046,0.05070173740386963,1.8142499327659607,0.13916772603988647,1.4345110058784485,-0.13916772603988647,40,4,0.9,run_09_s90_zero,zero,0.9
740,H,1,gnnexplainer,0.9,-0.026137936860322952,-0.08134189248085022,-0.017883166670799255,0.03481113538146019,0.06094907224178314,0.11615302786231041,0.052694302052259445,0.05520395562052727,0.008254770189523697,0.05520395562052727,-0.008254770189523697,34,4,0.8823529411764706,run_09_s90_zero,zero,0.9
740,H,2,gnnexplainer,0.9,-0.04452488198876381,-0.07486888021230698,-0.09249920397996902,-0.0694003626704216,0.02487548068165779,0.005468517541885376,0.023098841309547424,0.030343998223543167,0.047974321991205215,-0.019406963139772415,-0.0017766393721103668,34,4,0.8823529411764706,run_09_s90_zero,zero,0.9
740,H,3,gnnexplainer,0.9,-0.04864649474620819,-0.08839750289916992,-0.12062227725982666,-0.03524171933531761,0.01340477541089058,0.05315578356385231,0.08538055792450905,0.03975100815296173,0.07197578251361847,0.03975100815296173,0.07197578251361847,34,4,0.8823529411764706,run_09_s90_zero,zero,0.9
740,H,4,gnnexplainer,0.9,-0.044288262724876404,-0.0840420126914978,-0.09269225597381592,-0.06663717329502106,0.022348910570144653,0.017404839396476746,0.02605508267879486,0.0397537499666214,0.048403993248939514,-0.004944071173667908,0.0037061721086502075,34,4,0.8823529411764706,run_09_s90_zero,zero,0.9
740,H,5,gnnexplainer,0.9,-0.02385552227497101,-0.05047678202390671,-0.04137813299894333,0.03422334045171738,0.058078862726688385,0.08470012247562408,0.0756014734506607,0.0266212597489357,0.01752261072397232,0.0266212597489357,0.01752261072397232,34,4,0.8823529411764706,run_09_s90_zero,zero,0.9
740,H,6,gnnexplainer,0.9,-0.046978406608104706,-0.11748145520687103,-0.07739641517400742,-0.03061004728078842,0.016368359327316284,0.08687140792608261,0.046786367893218994,0.07050304859876633,0.03041800856590271,0.07050304859876633,0.03041800856590271,34,4,0.8823529411764706,run_09_s90_zero,zero,0.9
740,H,9,gnnexplainer,0.9,-0.04696982726454735,-0.06630104780197144,-0.0697796419262886,-0.11217248439788818,0.06520265713334084,0.04587143659591675,0.04239284247159958,0.019331220537424088,0.022809814661741257,-0.019331220537424088,-0.022809814661741257,34,4,0.8823529411764706,run_09_s90_zero,zero,0.9
740,H,10,gnnexplainer,0.9,-0.046655893325805664,-0.033617470413446426,-0.08068729937076569,-0.10799708962440491,0.06134119629859924,0.07437961921095848,0.02730979025363922,0.013038422912359238,0.03403140604496002,0.013038422912359238,-0.03403140604496002,34,4,0.8823529411764706,run_09_s90_zero,zero,0.9
740,H,11,gnnexplainer,0.9,-0.03764323145151138,-0.04074886441230774,-0.02299470826983452,0.028855061158537865,0.06649829261004925,0.0696039255708456,0.05184976942837238,0.003105632960796356,0.014648523181676865,0.003105632960796356,-0.014648523181676865,34,4,0.8823529411764706,run_09_s90_zero,zero,0.9
740,C,0,gnnexplainer,0.9,0.018430694937705994,-0.5207686424255371,-3.670814037322998,0.41184088587760925,0.39341019093990326,0.9326095283031464,4.082654923200607,0.5391993373632431,3.689244732260704,0.5391993373632431,3.689244732260704,34,4,0.8823529411764706,run_09_s90_zero,zero,0.9
740,C,1,gnnexplainer,0.9,0.007801875472068787,-0.6271654367446899,-3.232363700866699,0.3751834034919739,0.3673815280199051,1.0023488402366638,3.607547104358673,0.6349673122167587,3.240165576338768,0.6349673122167587,3.240165576338768,34,4,0.8823529411764706,run_09_s90_zero,zero,0.9
740,C,2,gnnexplainer,0.9,-0.3508378267288208,-1.4506834745407104,-1.8799769878387451,0.5169197916984558,0.8677576184272766,1.9676032662391663,2.396896779537201,1.0998456478118896,1.5291391611099243,1.0998456478118896,1.5291391611099243,34,4,0.8823529411764706,run_09_s90_zero,zero,0.9
50,H,0,gnnexplainer,0.9,-0.18866461515426636,-0.08249656856060028,-0.2001509666442871,-0.18572446703910828,0.002940148115158081,0.103227898478508,0.014426499605178833,0.10616804659366608,0.011486351490020752,0.10028775036334991,0.011486351490020752,30,3,0.9,run_10_s90_scientific,scientific,0.9
50,H,1,gnnexplainer,0.9,-0.19408667087554932,-0.0730590969324112,-0.16847097873687744,-0.1745053380727768,0.019581332802772522,0.1014462411403656,0.006034359335899353,0.12102757394313812,0.025615692138671875,0.08186490833759308,-0.013546973466873169,30,3,0.9,run_10_s90_scientific,scientific,0.9
50,H,2,gnnexplainer,0.9,-0.13721123337745667,-0.1519184112548828,-0.09149406850337982,-0.1240059956908226,0.013205237686634064,0.02791241556406021,0.03251192718744278,0.014707177877426147,0.04571716487407684,0.014707177877426147,0.019306689500808716,30,3,0.9,run_10_s90_scientific,scientific,0.9
50,H,3,gnnexplainer,0.9,-0.06269896030426025,-0.06613823026418686,-0.0637039765715599,-0.029461706057190895,0.03323725424706936,0.036676524206995964,0.03424227051436901,0.0034392699599266052,0.001005016267299652,0.0034392699599266052,0.001005016267299652,30,3,0.9,run_10_s90_scientific,scientific,0.9
50,H,4,gnnexplainer,0.9,-0.05592544749379158,-0.0630607008934021,-0.08727222681045532,-0.08866342157125473,0.03273797407746315,0.02560272067785263,0.001391194760799408,0.007135253399610519,0.03134677931666374,-0.007135253399610519,-0.03134677931666374,30,3,0.9,run_10_s90_scientific,scientific,0.9
50,H,5,gnnexplainer,0.9,-0.08462868630886078,-0.0892375111579895,-0.10936722159385681,-0.06410186737775803,0.020526818931102753,0.025135643780231476,0.045265354216098785,0.004608824849128723,0.024738535284996033,0.004608824849128723,0.024738535284996033,30,3,0.9,run_10_s90_scientific,scientific,0.9
50,H,6,gnnexplainer,0.9,-0.33054494857788086,-0.13951146602630615,-0.3564603924751282,-0.3011716902256012,0.029373258352279663,0.16166022419929504,0.05528870224952698,0.1910334825515747,0.025915443897247314,0.13228696584701538,0.025915443897247314,30,3,0.9,run_10_s90_scientific,scientific,0.9
50,H,7,gnnexplainer,0.9,-0.3257949948310852,-0.22892475128173828,-0.13999933004379272,-0.362988144159317,0.03719314932823181,0.13406339287757874,0.2229888141155243,0.09687024354934692,0.18579566478729248,0.09687024354934692,0.18579566478729248,30,3,0.9,run_10_s90_scientific,scientific,0.9
50,C,0,gnnexplainer,0.9,-3.4731967449188232,-1.6168397665023804,-3.4952263832092285,-3.638505220413208,0.16530847549438477,2.0216654539108276,0.1432788372039795,1.8563569784164429,0.022029638290405273,1.8563569784164429,-0.022029638290405273,30,3,0.9,run_10_s90_scientific,scientific,0.9
50,C,1,gnnexplainer,0.9,-2.626781463623047,-2.43864107131958,-3.6632046699523926,-2.7032065391540527,0.07642507553100586,0.26456546783447266,0.9599981307983398,0.1881403923034668,1.0364232063293457,0.1881403923034668,0.883573055267334,30,3,0.9,run_10_s90_scientific,scientific,0.9
50,C,2,gnnexplainer,0.9,-2.6187326908111572,-3.337282657623291,-2.5479817390441895,-3.0836172103881836,0.46488451957702637,0.2536654472351074,0.5356354713439941,0.7185499668121338,0.07075095176696777,-0.21121907234191895,0.07075095176696777,30,3,0.9,run_10_s90_scientific,scientific,0.9
50,C,3,gnnexplainer,0.9,-12.352452278137207,-11.934160232543945,-8.272832870483398,-11.829119682312012,0.5233325958251953,0.1050405502319336,3.5562868118286133,0.4182920455932617,4.079619407653809,-0.4182920455932617,3.032954216003418,30,3,0.9,run_10_s90_scientific,scientific,0.9
50,C,4,gnnexplainer,0.9,-12.56570053100586,-11.552018165588379,-9.579081535339355,-12.671215057373047,0.1055145263671875,1.119196891784668,3.0921335220336914,1.0136823654174805,2.986618995666504,1.0136823654174805,2.986618995666504,30,3,0.9,run_10_s90_scientific,scientific,0.9
50,C,5,gnnexplainer,0.9,-1.2540905475616455,-1.1938828229904175,-2.5001230239868164,-1.9315294027328491,0.6774388551712036,0.7376465797424316,0.5685936212539673,0.06020772457122803,1.246032476425171,0.06020772457122803,-0.10884523391723633,30,3,0.9,run_10_s90_scientific,scientific,0.9
170,H,0,gnnexplainer,0.9,-0.08065252006053925,-0.11220548301935196,-0.09227386862039566,-0.026961499825119972,0.05369102023541927,0.08524398319423199,0.06531236879527569,0.031552962958812714,0.011621348559856415,0.031552962958812714,0.011621348559856415,42,5,0.8809523809523809,run_10_s90_scientific,scientific,0.9
170,H,1,gnnexplainer,0.9,-0.08064423501491547,-0.08573846518993378,-0.09915745258331299,-0.027961499989032745,0.05268273502588272,0.05777696520090103,0.07119595259428024,0.0050942301750183105,0.018513217568397522,0.0050942301750183105,0.018513217568397522,42,5,0.8809523809523809,run_10_s90_scientific,scientific,0.9
170,H,2,gnnexplainer,0.9,-0.08063553273677826,-0.09192731231451035,-0.09745605289936066,-0.027961499989032745,0.052674032747745514,0.0639658123254776,0.06949455291032791,0.011291779577732086,0.016820520162582397,0.011291779577732086,0.016820520162582397,42,5,0.8809523809523809,run_10_s90_scientific,scientific,0.9
170,H,3,gnnexplainer,0.9,-0.08062697947025299,-0.11377877742052078,-0.08548746258020401,-0.026961499825119972,0.05366547964513302,0.08681727759540081,0.05852596275508404,0.03315179795026779,0.004860483109951019,0.03315179795026779,0.004860483109951019,42,5,0.8809523809523809,run_10_s90_scientific,scientific,0.9
170,H,4,gnnexplainer,0.9,-0.07791470736265182,-0.11283145844936371,-0.0819033682346344,-0.027961499989032745,0.04995320737361908,0.08486995846033096,0.053941868245601654,0.034916751086711884,0.0039886608719825745,0.034916751086711884,0.0039886608719825745,42,5,0.8809523809523809,run_10_s90_scientific,scientific,0.9
170,H,5,gnnexplainer,0.9,-0.07790467888116837,-0.10193868726491928,-0.07829964905977249,-0.026961499825119972,0.05094317905604839,0.07497718743979931,0.05133814923465252,0.024034008383750916,0.000394970178604126,0.024034008383750916,0.000394970178604126,42,5,0.8809523809523809,run_10_s90_scientific,scientific,0.9
170,H,6,gnnexplainer,0.9,-0.07790350168943405,-0.11323176324367523,-0.0803048238158226,-0.026961499825119972,0.05094200186431408,0.08627026341855526,0.05334332399070263,0.03532826155424118,0.00240132212638855,0.03532826155424118,0.00240132212638855,42,5,0.8809523809523809,run_10_s90_scientific,scientific,0.9
170,H,7,gnnexplainer,0.9,-0.07790827751159668,-0.10609094053506851,-0.08426366001367569,-0.02896150015294552,0.04894677735865116,0.077129440382123,0.05530215986073017,0.028182663023471832,0.00635538250207901,0.028182663023471832,0.00635538250207901,42,5,0.8809523809523809,run_10_s90_scientific,scientific,0.9
170,H,8,gnnexplainer,0.9,-0.07964935898780823,-0.10520368814468384,-0.08647478371858597,-0.02691764011979103,0.0527317188680172,0.07828604802489281,0.05955714359879494,0.02555432915687561,0.0068254247307777405,0.02555432915687561,0.0068254247307777405,42,5,0.8809523809523809,run_10_s90_scientific,scientific,0.9
170,H,9,gnnexplainer,0.9,-0.0796414166688919,-0.11322909593582153,-0.08256599307060242,-0.025917639955878258,0.05372377671301365,0.08731145597994328,0.05664835311472416,0.033587679266929626,0.0029245764017105103,0.033587679266929626,0.0029245764017105103,42,5,0.8809523809523809,run_10_s90_scientific,scientific,0.9
170,H,10,gnnexplainer,0.9,-0.07964157313108444,-0.1019231453537941,-0.08115176111459732,-0.025917639955878258,0.053723933175206184,0.07600550539791584,0.05523412115871906,0.022281572222709656,0.0015101879835128784,0.022281572222709656,0.0015101879835128784,42,5,0.8809523809523809,run_10_s90_scientific,scientific,0.9
170,H,11,gnnexplainer,0.9,-0.07965811342000961,-0.10236706584692001,-0.089144267141819,-0.02896150015294552,0.050696613267064095,0.0734055656939745,0.06018276698887348,0.0227089524269104,0.009486153721809387,0.0227089524269104,0.009486153721809387,42,5,0.8809523809523809,run_10_s90_scientific,scientific,0.9
170,C,0,gnnexplainer,0.9,-2.0284276008605957,-3.40977144241333,-1.6323800086975098,-2.175614595413208,0.1471869945526123,1.234156847000122,0.5432345867156982,1.3813438415527344,0.39604759216308594,1.0869698524475098,0.39604759216308594,42,5,0.8809523809523809,run_10_s90_scientific,scientific,0.9
170,C,1,gnnexplainer,0.9,-2.0285582542419434,-2.9218435287475586,-1.7977368831634521,-2.1761586666107178,0.14760041236877441,0.7456848621368408,0.3784217834472656,0.8932852745056152,0.2308213710784912,0.5980844497680664,0.2308213710784912,42,5,0.8809523809523809,run_10_s90_scientific,scientific,0.9
170,C,2,gnnexplainer,0.9,-2.1927924156188965,-3.154048442840576,-1.6565104722976685,-2.1926145553588867,0.00017786026000976562,0.9614338874816895,0.5361040830612183,0.9612560272216797,0.536281943321228,0.9612560272216797,0.5359262228012085,42,5,0.8809523809523809,run_10_s90_scientific,scientific,0.9
170,C,3,gnnexplainer,0.9,-2.1926939487457275,-2.4242801666259766,-1.958775520324707,-2.179614543914795,0.013079404830932617,0.24466562271118164,0.2208390235900879,0.23158621788024902,0.2339184284210205,0.23158621788024902,0.20775961875915527,42,5,0.8809523809523809,run_10_s90_scientific,scientific,0.9
170,C,4,gnnexplainer,0.9,-2.0527212619781494,-2.6912858486175537,-2.247474193572998,-2.1881580352783203,0.1354367733001709,0.5031278133392334,0.059316158294677734,0.6385645866394043,0.19475293159484863,0.3676910400390625,-0.07612061500549316,42,5,0.8809523809523809,run_10_s90_scientific,scientific,0.9
170,C,5,gnnexplainer,0.9,-2.0526702404022217,-2.469905138015747,-1.7286938428878784,-2.174614429473877,0.12194418907165527,0.2952907085418701,0.44592058658599854,0.4172348976135254,0.32397639751434326,0.17334651947021484,0.32397639751434326,42,5,0.8809523809523809,run_10_s90_scientific,scientific,0.9
270,H,0,gnnexplainer,0.9,-0.06326740980148315,-0.06936628371477127,-0.06700631976127625,-0.04426804184913635,0.018999367952346802,0.025098241865634918,0.022738277912139893,0.0060988739132881165,0.003738909959793091,0.0060988739132881165,0.003738909959793091,22,3,0.8636363636363636,run_10_s90_scientific,scientific,0.9
270,H,1,gnnexplainer,0.9,-0.06325238198041916,-0.05251510441303253,-0.07416392862796783,-0.04426804184913635,0.018984340131282806,0.00824706256389618,0.029895886778831482,0.010737277567386627,0.010911546647548676,-0.010737277567386627,0.010911546647548676,22,3,0.8636363636363636,run_10_s90_scientific,scientific,0.9
270,H,2,gnnexplainer,0.9,-0.11182482540607452,-0.06299540400505066,-0.12550613284111023,-0.1254609227180481,0.013636097311973572,0.062465518712997437,4.521012306213379e-05,0.048829421401023865,0.013681307435035706,0.048829421401023865,-0.013590887188911438,22,3,0.8636363636363636,run_10_s90_scientific,scientific,0.9
270,H,3,gnnexplainer,0.9,-0.11181138455867767,-0.11676110327243805,-0.1122681200504303,-0.12491703033447266,0.013105645775794983,0.008155927062034607,0.012648910284042358,0.004949718713760376,0.0004567354917526245,-0.004949718713760376,-0.0004567354917526245,22,3,0.8636363636363636,run_10_s90_scientific,scientific,0.9
270,H,4,gnnexplainer,0.9,-0.11182227730751038,-0.14244015514850616,-0.11218956857919693,-0.12646092474460602,0.014638647437095642,0.015979230403900146,0.014271356165409088,0.03061787784099579,0.00036729127168655396,0.0013405829668045044,-0.00036729127168655396,22,3,0.8636363636363636,run_10_s90_scientific,scientific,0.9
270,H,5,gnnexplainer,0.9,-0.11181676387786865,-0.10822086036205292,-0.13245120644569397,-0.12591703236103058,0.014100268483161926,0.01769617199897766,0.006534174084663391,0.003595903515815735,0.020634442567825317,0.003595903515815735,-0.007566094398498535,22,3,0.8636363636363636,run_10_s90_scientific,scientific,0.9
270,C,0,gnnexplainer,0.9,-0.8327508568763733,-1.6889797449111938,-0.8677746653556824,-0.4850490391254425,0.3477018177509308,1.2039307057857513,0.38272562623023987,0.8562288880348206,0.03502380847930908,0.8562288880348206,0.03502380847930908,22,3,0.8636363636363636,run_10_s90_scientific,scientific,0.9
270,C,1,gnnexplainer,0.9,-3.084488868713379,-3.831435203552246,-2.6983208656311035,-2.464503288269043,0.6199855804443359,1.3669319152832031,0.23381757736206055,0.7469463348388672,0.3861680030822754,0.7469463348388672,-0.3861680030822754,22,3,0.8636363636363636,run_10_s90_scientific,scientific,0.9
270,C,2,gnnexplainer,0.9,-14.785540580749512,-13.936539649963379,-9.696237564086914,-16.523923873901367,1.7383832931518555,2.5873842239379883,6.827686309814453,0.8490009307861328,5.089303016662598,0.8490009307861328,5.089303016662598,22,3,0.8636363636363636,run_10_s90_scientific,scientific,0.9
270,C,3,gnnexplainer,0.9,-3.084531784057617,-3.4518301486968994,-3.041421413421631,-2.4825034141540527,0.6020283699035645,0.9693267345428467,0.5589179992675781,0.3672983646392822,0.04311037063598633,0.3672983646392822,-0.04311037063598633,22,3,0.8636363636363636,run_10_s90_scientific,scientific,0.9
330,H,0,gnnexplainer,0.9,-0.05332114174962044,-0.06814320385456085,-0.06750252097845078,-0.03665326535701752,0.01666787639260292,0.031489938497543335,0.030849255621433258,0.014822062104940414,0.014181379228830338,0.014822062104940414,0.014181379228830338,22,3,0.8636363636363636,run_10_s90_scientific,scientific,0.9
330,H,1,gnnexplainer,0.9,-0.04627763852477074,-0.04298759996891022,-0.09831570088863373,-0.05347871407866478,0.007201075553894043,0.010491114109754562,0.04483698680996895,0.0032900385558605194,0.05203806236386299,0.0032900385558605194,0.037635911256074905,22,3,0.8636363636363636,run_10_s90_scientific,scientific,0.9
330,H,2,gnnexplainer,0.9,-0.04633069783449173,-0.04547335207462311,-0.041287705302238464,-0.052478715777397156,0.006148017942905426,0.007005363702774048,0.011191010475158691,0.0008573457598686218,0.005042992532253265,0.0008573457598686218,0.005042992532253265,22,3,0.8636363636363636,run_10_s90_scientific,scientific,0.9
330,H,3,gnnexplainer,0.9,-0.018737804144620895,-0.03714048117399216,-0.04768240079283714,-0.028382685035467148,0.009644880890846252,0.00875779613852501,0.019299715757369995,0.01840267702937126,0.028944596648216248,-0.0008870847523212433,0.009654834866523743,22,3,0.8636363636363636,run_10_s90_scientific,scientific,0.9
330,H,4,gnnexplainer,0.9,-0.01875194162130356,-0.01638948544859886,-0.03238067030906677,-0.02938268519937992,0.010630743578076363,0.01299319975078106,0.0029979851096868515,0.0023624561727046967,0.013628728687763214,0.0023624561727046967,-0.007632758468389511,22,3,0.8636363636363636,run_10_s90_scientific,scientific,0.9
330,H,5,gnnexplainer,0.9,-0.08483874797821045,-0.1290341317653656,-0.10619732737541199,-0.05086393281817436,0.03397481516003609,0.07817019894719124,0.055333394557237625,0.04419538378715515,0.021358579397201538,0.04419538378715515,0.021358579397201538,22,3,0.8636363636363636,run_10_s90_scientific,scientific,0.9
330,H,6,gnnexplainer,0.9,-0.14934495091438293,-0.10870303213596344,-0.17532628774642944,-0.19063477218151093,0.04128982126712799,0.08193174004554749,0.015308484435081482,0.040641918778419495,0.02598133683204651,0.040641918778419495,-0.02598133683204651,22,3,0.8636363636363636,run_10_s90_scientific,scientific,0.9
330,C,0,gnnexplainer,0.9,-1.6009703874588013,-2.43349027633667,-2.283830165863037,-1.5042518377304077,0.09671854972839355,0.9292384386062622,0.7795783281326294,0.8325198888778687,0.6828597784042358,0.8325198888778687,0.6828597784042358,22,3,0.8636363636363636,run_10_s90_scientific,scientific,0.9
330,C,1,gnnexplainer,0.9,-1.3574010133743286,-1.9283326864242554,-1.80916166305542,-1.1874029636383057,0.16999804973602295,0.7409297227859497,0.6217586994171143,0.5709316730499268,0.4517606496810913,0.5709316730499268,0.4517606496810913,22,3,0.8636363636363636,run_10_s90_scientific,scientific,0.9
330,C,2,gnnexplainer,0.9,-6.480936527252197,-5.584790229797363,-9.065545082092285,-7.547578811645508,1.0666422843933105,1.9627885818481445,1.5179662704467773,0.896146297454834,2.584608554840088,0.896146297454834,0.4513239860534668,22,3,0.8636363636363636,run_10_s90_scientific,scientific,0.9
360,H,0,gnnexplainer,0.9,-0.33236026763916016,-0.1324116289615631,-0.32880473136901855,-0.3191285729408264,0.01323169469833374,0.1867169439792633,0.009676158428192139,0.19994863867759705,0.0035555362701416016,0.17348524928092957,-0.0035555362701416016,24,3,0.875,run_10_s90_scientific,scientific,0.9
360,H,1,gnnexplainer,0.9,-0.342712938785553,-0.14728125929832458,-0.30182939767837524,-0.26153138279914856,0.08118155598640442,0.11425012350082397,0.040298014879226685,0.1954316794872284,0.040883541107177734,0.033068567514419556,-0.040883541107177734,24,3,0.875,run_10_s90_scientific,scientific,0.9
360,H,2,gnnexplainer,0.9,-0.14684848487377167,-0.05433766543865204,-0.16076946258544922,-0.1154087483882904,0.03143973648548126,0.06107108294963837,0.045360714197158813,0.09251081943511963,0.013920977711677551,0.029631346464157104,0.013920977711677551,24,3,0.875,run_10_s90_scientific,scientific,0.9
360,H,3,gnnexplainer,0.9,-0.14511096477508545,-0.0636596828699112,-0.14224472641944885,-0.14733904600143433,0.002228081226348877,0.08367936313152313,0.005094319581985474,0.08145128190517426,0.0028662383556365967,0.08145128190517426,0.0028662383556365967,24,3,0.875,run_10_s90_scientific,scientific,0.9
360,H,4,gnnexplainer,0.9,-0.13666847348213196,-0.03884381055831909,-0.13534417748451233,-0.11875949054956436,0.017908982932567596,0.07991567999124527,0.016584686934947968,0.09782466292381287,0.001324295997619629,0.06200669705867767,-0.001324295997619629,24,3,0.875,run_10_s90_scientific,scientific,0.9
360,H,5,gnnexplainer,0.9,-0.1832352876663208,-0.09575757384300232,-0.1612781584262848,-0.16926804184913635,0.013967245817184448,0.07351046800613403,0.007989883422851562,0.08747771382331848,0.02195712924003601,0.059543222188949585,-0.005977362394332886,24,3,0.875,run_10_s90_scientific,scientific,0.9
360,H,6,gnnexplainer,0.9,-0.17076992988586426,-0.07827942818403244,-0.1561664640903473,-0.20832136273384094,0.037551432847976685,0.1300419345498085,0.05215489864349365,0.09249050170183182,0.014603465795516968,0.09249050170183182,0.014603465795516968,24,3,0.875,run_10_s90_scientific,scientific,0.9
360,C,0,gnnexplainer,0.9,-3.523756980895996,-3.0676610469818115,-2.1015851497650146,-4.043220043182373,0.519463062286377,0.9755589962005615,1.9416348934173584,0.45609593391418457,1.4221718311309814,0.45609593391418457,1.4221718311309814,24,3,0.875,run_10_s90_scientific,scientific,0.9
360,C,1,gnnexplainer,0.9,-14.09076976776123,-14.28485107421875,-9.041885375976562,-14.111479759216309,0.020709991455078125,0.1733713150024414,5.069594383239746,0.19408130645751953,5.048884391784668,0.15266132354736328,5.048884391784668,24,3,0.875,run_10_s90_scientific,scientific,0.9
360,C,2,gnnexplainer,0.9,-11.013855934143066,-9.071690559387207,-7.006026744842529,-9.470762252807617,1.5430936813354492,0.39907169342041016,2.464735507965088,1.9421653747558594,4.007829189300537,-1.144021987915039,0.9216418266296387,24,3,0.875,run_10_s90_scientific,scientific,0.9
360,C,3,gnnexplainer,0.9,-1.671934723854065,-2.2420437335968018,-0.973722517490387,-1.504056692123413,0.16787803173065186,0.7379870414733887,0.5303341746330261,0.5701090097427368,0.698212206363678,0.5701090097427368,0.36245614290237427,24,3,0.875,run_10_s90_scientific,scientific,0.9
380,H,0,gnnexplainer,0.9,-0.13993945717811584,-0.08252209424972534,-0.05307835713028908,-0.11915438622236252,0.020785070955753326,0.036632291972637177,0.06607602909207344,0.0574173629283905,0.08686110004782677,0.01584722101688385,0.045290958136320114,24,3,0.875,run_10_s90_scientific,scientific,0.9
380,H,1,gnnexplainer,0.9,-0.13264447450637817,-0.08032958954572678,-0.13625255227088928,-0.1529437154531479,0.020299240946769714,0.07261412590742111,0.016691163182258606,0.0523148849606514,0.0036080777645111084,0.0523148849606514,-0.0036080777645111084,24,3,0.875,run_10_s90_scientific,scientific,0.9
380,H,2,gnnexplainer,0.9,-0.13482002913951874,-0.05275668203830719,-0.04962587356567383,-0.11749634146690369,0.01732368767261505,0.0647396594285965,0.06787046790122986,0.08206334710121155,0.08519415557384491,0.047415971755981445,0.05054678022861481,24,3,0.875,run_10_s90_scientific,scientific,0.9
380,H,3,gnnexplainer,0.9,-0.1763220578432083,-0.11890013515949249,-0.1544191539287567,-0.2253120243549347,0.04898996651172638,0.1064118891954422,0.07089287042617798,0.05742192268371582,0.0219029039144516,0.05742192268371582,0.0219029039144516,24,3,0.875,run_10_s90_scientific,scientific,0.9
380,H,4,gnnexplainer,0.9,-0.17767122387886047,-0.10768254101276398,-0.20060744881629944,-0.19009250402450562,0.012421280145645142,0.08240996301174164,0.010514944791793823,0.0699886828660965,0.022936224937438965,0.0699886828660965,-0.0019063353538513184,24,3,0.875,run_10_s90_scientific,scientific,0.9
380,H,5,gnnexplainer,0.9,-0.019281115382909775,-0.0616765022277832,-0.05034990608692169,0.054915860295295715,0.07419697567820549,0.11659236252307892,0.10526576638221741,0.04239538684487343,0.031068790704011917,0.04239538684487343,0.031068790704011917,24,3,0.875,run_10_s90_scientific,scientific,0.9
380,H,6,gnnexplainer,0.9,-0.02779546007514,-0.03574118763208389,-0.01625211536884308,-0.026584316045045853,0.0012111440300941467,0.00915687158703804,0.010332200676202774,0.007945727556943893,0.01154334470629692,0.007945727556943893,0.009121056646108627,24,3,0.875,run_10_s90_scientific,scientific,0.9
380,H,7,gnnexplainer,0.9,-0.025298241525888443,-0.057928815484046936,-0.035905446857213974,-0.0037771498318761587,0.021521091694012284,0.05415166565217078,0.032128297025337815,0.03263057395815849,0.010607205331325531,0.03263057395815849,0.010607205331325531,24,3,0.875,run_10_s90_scientific,scientific,0.9
380,C,0,gnnexplainer,0.9,-0.011481314897537231,-1.583778738975525,-1.448418140411377,0.17328409850597382,0.18476541340351105,1.7570628374814987,1.6217022389173508,1.5722974240779877,1.4369368255138397,1.5722974240779877,1.4369368255138397,24,3,0.875,run_10_s90_scientific,scientific,0.9
380,C,1,gnnexplainer,0.9,-2.963667631149292,-3.0076847076416016,-4.250555992126465,-2.9316675662994385,0.032000064849853516,0.07601714134216309,1.3188884258270264,0.04401707649230957,1.2868883609771729,0.04401707649230957,1.2868883609771729,24,3,0.875,run_10_s90_scientific,scientific,0.9
380,C,2,gnnexplainer,0.9,-15.949727058410645,-15.039262771606445,-14.452500343322754,-16.425132751464844,0.4754056930541992,1.3858699798583984,1.9726324081420898,0.9104642868041992,1.4972267150878906,0.9104642868041992,1.4972267150878906,24,3,0.875,run_10_s90_scientific,scientific,0.9
380,C,3,gnnexplainer,0.9,-1.695212483406067,-2.6428418159484863,-1.3886942863464355,-1.3898565769195557,0.30535590648651123,1.2529852390289307,0.0011622905731201172,0.9476293325424194,0.30651819705963135,0.9476293325424194,-0.3041936159133911,24,3,0.875,run_10_s90_scientific,scientific,0.9
450,H,0,gnnexplainer,0.9,-0.04355114698410034,-0.03492768108844757,-0.07222214341163635,0.03275012969970703,0.07630127668380737,0.0676778107881546,0.10497227311134338,0.008623465895652771,0.02867099642753601,-0.008623465895652771,0.02867099642753601,30,3,0.9,run_10_s90_scientific,scientific,0.9
450,H,1,gnnexplainer,0.9,-0.06927318125963211,-0.07160833477973938,-0.035462383180856705,-0.0715140700340271,0.002240888774394989,9.426474571228027e-05,0.036051686853170395,0.0023351535201072693,0.033810798078775406,-0.0021466240286827087,0.033810798078775406,30,3,0.9,run_10_s90_scientific,scientific,0.9
450,H,2,gnnexplainer,0.9,-0.06935058534145355,-0.1292148232460022,-0.04081400856375694,-0.07355805486440659,0.0042074695229530334,0.05565676838159561,0.03274404630064964,0.059864237904548645,0.02853657677769661,0.05144929885864258,0.02853657677769661,30,3,0.9,run_10_s90_scientific,scientific,0.9
450,H,3,gnnexplainer,0.9,-0.14339891076087952,-0.12733003497123718,-0.17682170867919922,-0.23171529173851013,0.08831638097763062,0.10438525676727295,0.05489358305931091,0.016068875789642334,0.0334227979183197,0.016068875789642334,-0.0334227979183197,30,3,0.9,run_10_s90_scientific,scientific,0.9
450,C,0,gnnexplainer,0.9,-5.920004844665527,-4.788207530975342,-6.657013416290283,-7.761427879333496,1.8414230346679688,2.9732203483581543,1.104414463043213,1.1317973136901855,0.7370085716247559,1.1317973136901855,-0.7370085716247559,30,3,0.9,run_10_s90_scientific,scientific,0.9
450,C,1,gnnexplainer,0.9,-8.008285522460938,-7.330528259277344,-6.6003522872924805,-9.08093547821045,1.0726499557495117,1.7504072189331055,2.4805831909179688,0.6777572631835938,1.407933235168457,0.6777572631835938,1.407933235168457,30,3,0.9,run_10_s90_scientific,scientific,0.9
450,C,2,gnnexplainer,0.9,-0.7208598256111145,-2.1256818771362305,-1.3043428659439087,-0.7991183996200562,0.07825857400894165,1.3265634775161743,0.5052244663238525,1.404822051525116,0.5834830403327942,1.2483049035072327,0.4269658923149109,30,3,0.9,run_10_s90_scientific,scientific,0.9
450,C,3,gnnexplainer,0.9,-5.4790120124816895,-4.648118495941162,-5.399416446685791,-5.140366077423096,0.33864593505859375,0.4922475814819336,0.2590503692626953,0.8308935165405273,0.07959556579589844,0.15360164642333984,-0.07959556579589844,30,3,0.9,run_10_s90_scientific,scientific,0.9
450,C,4,gnnexplainer,0.9,-3.9353888034820557,-3.2630248069763184,-3.3747200965881348,-3.6308069229125977,0.304581880569458,0.3677821159362793,0.2560868263244629,0.6723639965057373,0.5606687068939209,0.06320023536682129,-0.04849505424499512,30,3,0.9,run_10_s90_scientific,scientific,0.9
490,H,0,gnnexplainer,0.9,-0.17315952479839325,-0.09730500727891922,-0.15854278206825256,-0.23058383166790009,0.057424306869506836,0.13327882438898087,0.07204104959964752,0.07585451751947403,0.014616742730140686,0.07585451751947403,0.014616742730140686,30,3,0.9,run_10_s90_scientific,scientific,0.9
490,H,1,gnnexplainer,0.9,-0.15685632824897766,-0.09135419130325317,-0.15714415907859802,-0.249619260430336,0.09276293218135834,0.15826506912708282,0.09247510135173798,0.06550213694572449,0.00028783082962036133,0.06550213694572449,-0.00028783082962036133,30,3,0.9,run_10_s90_scientific,scientific,0.9
490,H,2,gnnexplainer,0.9,-0.18034976720809937,-0.12534581124782562,-0.18530747294425964,-0.26599687337875366,0.0856471061706543,0.14065106213092804,0.08068940043449402,0.05500395596027374,0.004957705736160278,0.05500395596027374,-0.004957705736160278,30,3,0.9,run_10_s90_scientific,scientific,0.9
490,H,5,gnnexplainer,0.9,-0.12873896956443787,-0.07044465839862823,-0.07073785364627838,-0.1509436070919037,0.02220463752746582,0.08049894869327545,0.0802057534456253,0.05829431116580963,0.058001115918159485,0.05829431116580963,0.058001115918159485,30,3,0.9,run_10_s90_scientific,scientific,0.9
490,H,6,gnnexplainer,0.9,-0.12632957100868225,-0.085220105946064,-0.0837465301156044,-0.1284528225660324,0.0021232515573501587,0.043232716619968414,0.04470629245042801,0.041109465062618256,0.04258304089307785,0.041109465062618256,0.04258304089307785,30,3,0.9,run_10_s90_scientific,scientific,0.9
490,C,0,gnnexplainer,0.9,-3.129530668258667,-2.866270065307617,-2.49835467338562,-4.111388683319092,0.9818580150604248,1.2451186180114746,1.6130340099334717,0.2632606029510498,0.6311759948730469,0.2632606029510498,0.6311759948730469,30,3,0.9,run_10_s90_scientific,scientific,0.9
490,C,1,gnnexplainer,0.9,-15.582393646240234,-13.038432121276855,-12.60058879852295,-16.991817474365234,1.409423828125,3.953385353088379,4.391228675842285,2.543961524963379,2.981804847717285,2.543961524963379,2.981804847717285,30,3,0.9,run_10_s90_scientific,scientific,0.9
490,C,2,gnnexplainer,0.9,-3.881084442138672,-3.2244081497192383,-3.272336959838867,-4.111124038696289,0.2300395965576172,0.8867158889770508,0.8387870788574219,0.6566762924194336,0.6087474822998047,0.6566762924194336,0.6087474822998047,30,3,0.9,run_10_s90_scientific,scientific,0.9
490,C,3,gnnexplainer,0.9,-2.2796802520751953,-2.8703536987304688,-2.757347583770752,-3.4353280067443848,1.1556477546691895,0.564974308013916,0.6779804229736328,0.5906734466552734,0.47766733169555664,-0.5906734466552734,-0.47766733169555664,30,3,0.9,run_10_s90_scientific,scientific,0.9
510,H,0,gnnexplainer,0.9,-0.0641452819108963,-0.07216867804527283,-0.07565920054912567,-0.06858395785093307,0.004438675940036774,0.003584720194339752,0.0070752426981925964,0.008023396134376526,0.01151391863822937,-0.0008539557456970215,0.0026365667581558228,38,4,0.8947368421052632,run_10_s90_scientific,scientific,0.9
510,H,1,gnnexplainer,0.9,-0.07207746058702469,-0.07275359332561493,-0.10552792996168137,-0.10737372934818268,0.03529626876115799,0.03462013602256775,0.0018457993865013123,0.0006761327385902405,0.03345046937465668,-0.0006761327385902405,-0.03345046937465668,38,4,0.8947368421052632,run_10_s90_scientific,scientific,0.9
510,H,2,gnnexplainer,0.9,-0.054743897169828415,-0.08279823511838913,-0.11582076549530029,-0.030469827353954315,0.0242740698158741,0.052328407764434814,0.08535093814134598,0.028054337948560715,0.06107686832547188,0.028054337948560715,0.06107686832547188,38,4,0.8947368421052632,run_10_s90_scientific,scientific,0.9
510,H,3,gnnexplainer,0.9,-0.0725153461098671,-0.08839845657348633,-0.10985632240772247,-0.1194084882736206,0.04689314216375351,0.031010031700134277,0.009552165865898132,0.015883110463619232,0.03734097629785538,-0.015883110463619232,-0.03734097629785538,38,4,0.8947368421052632,run_10_s90_scientific,scientific,0.9
510,H,4,gnnexplainer,0.9,-0.06956268846988678,-0.09141775220632553,-0.11134346574544907,-0.058769065886735916,0.010793622583150864,0.032648686319589615,0.05257439985871315,0.02185506373643875,0.041780777275562286,0.02185506373643875,0.041780777275562286,38,4,0.8947368421052632,run_10_s90_scientific,scientific,0.9
510,H,5,gnnexplainer,0.9,-0.06805552542209625,-0.09837066382169724,-0.07863179594278336,-0.07969000190496445,0.011634476482868195,0.018680661916732788,0.0010582059621810913,0.030315138399600983,0.010576270520687103,0.0070461854338645935,-0.010576270520687103,38,4,0.8947368421052632,run_10_s90_scientific,scientific,0.9
510,H,6,gnnexplainer,0.9,-0.040923863649368286,-0.03960711881518364,-0.07433070242404938,-0.04133903980255127,0.0004151761531829834,0.00173192098736763,0.03299166262149811,0.0013167448341846466,0.03340683877468109,0.0013167448341846466,0.032576486468315125,38,4,0.8947368421052632,run_10_s90_scientific,scientific,0.9
510,H,7,gnnexplainer,0.9,-0.02234116941690445,-0.02693207561969757,-0.060987986624240875,-0.03561985865235329,0.013278689235448837,0.008687783032655716,0.02536812797188759,0.004590906202793121,0.038646817207336426,-0.004590906202793121,0.012089438736438751,38,4,0.8947368421052632,run_10_s90_scientific,scientific,0.9
510,H,8,gnnexplainer,0.9,-0.057253893464803696,-0.035659197717905045,-0.0864580050110817,-0.0713830441236496,0.014129150658845901,0.03572384640574455,0.015074960887432098,0.02159469574689865,0.029204111546278,0.02159469574689865,0.0009458102285861969,38,4,0.8947368421052632,run_10_s90_scientific,scientific,0.9
510,H,9,gnnexplainer,0.9,-0.06739038974046707,-0.07178975641727448,-0.10662272572517395,-0.08068999648094177,0.013299606740474701,0.008900240063667297,0.025932729244232178,0.0043993666768074036,0.03923233598470688,-0.0043993666768074036,0.012633122503757477,38,4,0.8947368421052632,run_10_s90_scientific,scientific,0.9
510,C,0,gnnexplainer,0.9,-3.183384895324707,-3.0222251415252686,-2.7067880630493164,-2.6794397830963135,0.5039451122283936,0.3427853584289551,0.02734827995300293,0.16115975379943848,0.4765968322753906,-0.16115975379943848,-0.4765968322753906,38,4,0.8947368421052632,run_10_s90_scientific,scientific,0.9
510,C,1,gnnexplainer,0.9,-2.929103136062622,-3.054368734359741,-3.0050764083862305,-2.8548877239227295,0.07421541213989258,0.19948101043701172,0.15018868446350098,0.12526559829711914,0.0759732723236084,0.12526559829711914,0.0759732723236084,38,4,0.8947368421052632,run_10_s90_scientific,scientific,0.9
510,C,2,gnnexplainer,0.9,-4.82141637802124,-3.9580202102661133,-3.1866917610168457,-4.148713111877441,0.6727032661437988,0.19069290161132812,0.9620213508605957,0.863396167755127,1.6347246170043945,-0.4820103645324707,0.2893180847167969,38,4,0.8947368421052632,run_10_s90_scientific,scientific,0.9
510,C,3,gnnexplainer,0.9,-1.93549382686615,-2.641078472137451,-2.539900302886963,-0.3196980357170105,1.6157957911491394,2.3213804364204407,2.2202022671699524,0.7055846452713013,0.604406476020813,0.7055846452713013,0.604406476020813,38,4,0.8947368421052632,run_10_s90_scientific,scientific,0.9
510,C,4,gnnexplainer,0.9,-0.8245482444763184,-1.9503930807113647,-1.572230577468872,-0.5578681230545044,0.26668012142181396,1.3925249576568604,1.0143624544143677,1.1258448362350464,0.7476823329925537,1.1258448362350464,0.7476823329925537,38,4,0.8947368421052632,run_10_s90_scientific,scientific,0.9
510,C,5,gnnexplainer,0.9,-1.521938443183899,-2.77344012260437,-1.567150592803955,-0.3343559503555298,1.1875824928283691,2.4390841722488403,1.2327946424484253,1.2515016794204712,0.04521214962005615,1.2515016794204712,0.04521214962005615,38,4,0.8947368421052632,run_10_s90_scientific,scientific,0.9
530,H,0,gnnexplainer,0.9,-0.08534625172615051,-0.07893242686986923,-0.09529061615467072,-0.16678637266159058,0.08144012093544006,0.08785394579172134,0.07149575650691986,0.0064138248562812805,0.009944364428520203,0.0064138248562812805,-0.009944364428520203,20,2,0.9,run_10_s90_scientific,scientific,0.9
530,H,1,gnnexplainer,0.9,-0.09019753336906433,-0.09537462145090103,-0.09436027705669403,-0.13316234946250916,0.042964816093444824,0.037787728011608124,0.038802072405815125,0.0051770880818367004,0.0041627436876297,-0.0051770880818367004,-0.0041627436876297,20,2,0.9,run_10_s90_scientific,scientific,0.9
530,H,2,gnnexplainer,0.9,-0.030807171016931534,-0.019804395735263824,-0.0735388770699501,-0.0575319267809391,0.02672475576400757,0.03772753104567528,0.016006950289011,0.01100277528166771,0.04273170605301857,0.01100277528166771,-0.010717805474996567,20,2,0.9,run_10_s90_scientific,scientific,0.9
530,H,3,gnnexplainer,0.9,-0.04008097946643829,-0.09304317086935043,-0.05189548060297966,-0.04089127480983734,0.0008102953433990479,0.05215189605951309,0.011004205793142319,0.05296219140291214,0.011814501136541367,0.051341600716114044,0.010193910449743271,20,2,0.9,run_10_s90_scientific,scientific,0.9
530,H,4,gnnexplainer,0.9,-0.03763440251350403,-0.07315880060195923,-0.09412866085767746,-0.06429433822631836,0.02665993571281433,0.00886446237564087,0.0298343226313591,0.0355243980884552,0.05649425834417343,-0.017795473337173462,0.0031743869185447693,20,2,0.9,run_10_s90_scientific,scientific,0.9
530,C,0,gnnexplainer,0.9,-2.6694869995117188,-2.9835364818573,-2.2757856845855713,-2.8974430561065674,0.22795605659484863,0.08609342575073242,0.6216573715209961,0.31404948234558105,0.39370131492614746,-0.1418626308441162,0.39370131492614746,20,2,0.9,run_10_s90_scientific,scientific,0.9
530,C,1,gnnexplainer,0.9,-3.2187187671661377,-3.6558213233947754,-3.436671733856201,-2.7582390308380127,0.460479736328125,0.8975822925567627,0.6784327030181885,0.4371025562286377,0.21795296669006348,0.4371025562286377,0.21795296669006348,20,2,0.9,run_10_s90_scientific,scientific,0.9
530,C,2,gnnexplainer,0.9,-4.761256694793701,-4.094908237457275,-4.5789947509765625,-4.5724406242370605,0.18881607055664062,0.47753238677978516,0.006554126739501953,0.6663484573364258,0.18226194381713867,0.28871631622314453,-0.18226194381713867,20,2,0.9,run_10_s90_scientific,scientific,0.9
610,H,0,gnnexplainer,0.9,-0.44238173961639404,-0.3355759084224701,-0.1256716549396515,-0.615548849105835,0.17316710948944092,0.27997294068336487,0.48987719416618347,0.10680583119392395,0.31671008467674255,0.10680583119392395,0.31671008467674255,24,3,0.875,run_10_s90_scientific,scientific,0.9
610,H,1,gnnexplainer,0.9,-0.1651545912027359,-0.10322368144989014,-0.1621796190738678,-0.12229462713003159,0.042859964072704315,0.01907094568014145,0.03988499194383621,0.061930909752845764,0.002974972128868103,-0.023789018392562866,-0.002974972128868103,24,3,0.875,run_10_s90_scientific,scientific,0.9
610,H,2,gnnexplainer,0.9,-0.13610506057739258,-0.058136824518442154,-0.1345440149307251,-0.1601894050836563,0.024084344506263733,0.10205258056521416,0.025645390152931213,0.07796823605895042,0.0015610456466674805,0.07796823605895042,0.0015610456466674805,24,3,0.875,run_10_s90_scientific,scientific,0.9
610,H,3,gnnexplainer,0.9,-0.1795758754014969,-0.09893788397312164,-0.15317443013191223,-0.18318936228752136,0.003613486886024475,0.08425147831439972,0.03001493215560913,0.08063799142837524,0.026401445269584656,0.08063799142837524,0.026401445269584656,24,3,0.875,run_10_s90_scientific,scientific,0.9
610,H,4,gnnexplainer,0.9,-0.500056803226471,-0.13112682104110718,-0.47657790780067444,-0.6312503814697266,0.13119357824325562,0.5001235604286194,0.15467247366905212,0.36892998218536377,0.02347889542579651,0.36892998218536377,0.02347889542579651,24,3,0.875,run_10_s90_scientific,scientific,0.9
610,H,5,gnnexplainer,0.9,-0.14004060626029968,-0.06269818544387817,-0.1587929129600525,-0.12377718091011047,0.01626342535018921,0.0610789954662323,0.03501573204994202,0.07734242081642151,0.018752306699752808,0.04481557011604309,0.018752306699752808,24,3,0.875,run_10_s90_scientific,scientific,0.9
610,H,6,gnnexplainer,0.9,-0.12860378623008728,-0.045876216143369675,-0.1533418893814087,-0.14696994423866272,0.01836615800857544,0.10109372809529305,0.006371945142745972,0.0827275700867176,0.02473810315132141,0.0827275700867176,-0.011994212865829468,24,3,0.875,run_10_s90_scientific,scientific,0.9
610,H,7,gnnexplainer,0.9,-0.16811057925224304,-0.10184711217880249,-0.17052149772644043,-0.19154877960681915,0.02343820035457611,0.08970166742801666,0.021027281880378723,0.06626346707344055,0.0024109184741973877,0.06626346707344055,-0.0024109184741973877,24,3,0.875,run_10_s90_scientific,scientific,0.9
610,C,0,gnnexplainer,0.9,-16.07822036743164,-14.062824249267578,-15.20836067199707,-18.057586669921875,1.9793663024902344,3.994762420654297,2.8492259979248047,2.0153961181640625,0.8698596954345703,2.0153961181640625,0.8698596954345703,24,3,0.875,run_10_s90_scientific,scientific,0.9
610,C,1,gnnexplainer,0.9,-16.779712677001953,-12.698779106140137,-14.941911697387695,-17.75385856628418,0.9741458892822266,5.055079460144043,2.8119468688964844,4.080933570861816,1.8378009796142578,4.080933570861816,1.8378009796142578,24,3,0.875,run_10_s90_scientific,scientific,0.9
610,C,2,gnnexplainer,0.9,-1.856040596961975,-1.3182411193847656,-3.0241127014160156,-2.5053277015686035,0.6492871046066284,1.187086582183838,0.5187849998474121,0.5377994775772095,1.1680721044540405,0.5377994775772095,-0.1305021047592163,24,3,0.875,run_10_s90_scientific,scientific,0.9
610,C,3,gnnexplainer,0.9,-1.9090392589569092,-0.9982953071594238,-2.558098077774048,-2.3740406036376953,0.46500134468078613,1.3757452964782715,0.18405747413635254,0.9107439517974854,0.6490588188171387,0.9107439517974854,-0.2809438705444336,24,3,0.875,run_10_s90_scientific,scientific,0.9
620,H,0,gnnexplainer,0.9,-0.22838380932807922,-0.12002171576023102,-0.21345794200897217,-0.2509962022304535,0.022612392902374268,0.13097448647022247,0.03753826022148132,0.1083620935678482,0.014925867319107056,0.1083620935678482,0.014925867319107056,32,4,0.875,run_10_s90_scientific,scientific,0.9
620,H,1,gnnexplainer,0.9,-0.228367418050766,-0.14095938205718994,-0.24514740705490112,-0.24986469745635986,0.021497279405593872,0.10890531539916992,0.00471729040145874,0.08740803599357605,0.016779989004135132,0.08740803599357605,-0.016779989004135132,32,4,0.875,run_10_s90_scientific,scientific,0.9
620,H,2,gnnexplainer,0.9,-0.2283584177494049,-0.12986323237419128,-0.24619200825691223,-0.2488207370042801,0.020462319254875183,0.1189575046300888,0.002628728747367859,0.09849518537521362,0.017833590507507324,0.09849518537521362,-0.017833590507507324,32,4,0.875,run_10_s90_scientific,scientific,0.9
620,H,3,gnnexplainer,0.9,-0.22839093208312988,-0.13147762417793274,-0.26613548398017883,-0.25204017758369446,0.023649245500564575,0.12056255340576172,0.014095306396484375,0.09691330790519714,0.03774455189704895,0.09691330790519714,-0.0095539391040802,32,4,0.875,run_10_s90_scientific,scientific,0.9
620,H,4,gnnexplainer,0.9,-0.22839006781578064,-0.11803016066551208,-0.25156277418136597,-0.251996248960495,0.023606181144714355,0.1339660882949829,0.0004334747791290283,0.11035990715026855,0.023172706365585327,0.11035990715026855,-0.023172706365585327,32,4,0.875,run_10_s90_scientific,scientific,0.9
620,H,5,gnnexplainer,0.9,-0.22836831212043762,-0.13429611921310425,-0.26398348808288574,-0.24986469745635986,0.02149638533592224,0.11556857824325562,0.014118790626525879,0.09407219290733337,0.03561517596244812,0.09407219290733337,-0.007377594709396362,32,4,0.875,run_10_s90_scientific,scientific,0.9
620,H,6,gnnexplainer,0.9,-0.00035447627305984497,-0.031184185296297073,-0.011982832103967667,0.08161692321300507,0.08197139948606491,0.11280110850930214,0.09359975531697273,0.03082970902323723,0.011628355830907822,0.03082970902323723,0.011628355830907822,32,4,0.875,run_10_s90_scientific,scientific,0.9
620,H,7,gnnexplainer,0.9,-0.0003616511821746826,-0.029210049659013748,0.012435957789421082,0.0810290277004242,0.08139067888259888,0.11023907735943794,0.06859306991100311,0.028848398476839066,0.012797608971595764,0.028848398476839066,-0.012797608971595764,32,4,0.875,run_10_s90_scientific,scientific,0.9
620,H,8,gnnexplainer,0.9,-0.00035750120878219604,-0.015177778899669647,-0.005418509244918823,0.08161692321300507,0.08197442442178726,0.09679470211267471,0.08703543245792389,0.014820277690887451,0.005061008036136627,0.014820277690887451,0.005061008036136627,32,4,0.875,run_10_s90_scientific,scientific,0.9
620,H,9,gnnexplainer,0.9,-0.01004878431558609,-0.0887661725282669,-0.04930686578154564,0.17055636644363403,0.18060515075922012,0.25932253897190094,0.21986323222517967,0.07871738821268082,0.03925808146595955,0.07871738821268082,0.03925808146595955,32,4,0.875,run_10_s90_scientific,scientific,0.9
620,C,0,gnnexplainer,0.9,-8.43395709991455,-7.354836463928223,-6.331967830657959,-8.185676574707031,0.24828052520751953,0.8308401107788086,1.8537087440490723,1.0791206359863281,2.101989269256592,0.5825595855712891,1.6054282188415527,32,4,0.875,run_10_s90_scientific,scientific,0.9
620,C,1,gnnexplainer,0.9,-8.439017295837402,-6.931365489959717,-5.132291316986084,-8.185914039611816,0.25310325622558594,1.2545485496520996,3.0536227226257324,1.5076518058776855,3.3067259788513184,1.0014452934265137,2.8005194664001465,32,4,0.875,run_10_s90_scientific,scientific,0.9
620,C,2,gnnexplainer,0.9,-8.438666343688965,-7.693806171417236,-6.748016834259033,-8.188501358032227,0.2501649856567383,0.49469518661499023,1.4404845237731934,0.7448601722717285,1.6906495094299316,0.24453020095825195,1.190319538116455,32,4,0.875,run_10_s90_scientific,scientific,0.9
620,C,3,gnnexplainer,0.9,-8.43066120147705,-6.356789588928223,-4.373239040374756,-8.189264297485352,0.24139690399169922,1.832474708557129,3.8160252571105957,2.073871612548828,4.057422161102295,1.5910778045654297,3.5746283531188965,32,4,0.875,run_10_s90_scientific,scientific,0.9
620,C,4,gnnexplainer,0.9,-8.43023681640625,-6.639170169830322,-5.768402576446533,-8.187677383422852,0.24255943298339844,1.5485072135925293,2.4192748069763184,1.7910666465759277,2.661834239959717,1.3059477806091309,2.17671537399292,32,4,0.875,run_10_s90_scientific,scientific,0.9
620,C,5,gnnexplainer,0.9,-8.442373275756836,-6.62249231338501,-6.100002765655518,-8.186501502990723,0.2558717727661133,1.564009189605713,2.086498737335205,1.8198809623718262,2.3423705101013184,1.3081374168395996,1.8306269645690918,32,4,0.875,run_10_s90_scientific,scientific,0.9
620,C,6,gnnexplainer,0.9,0.4642379879951477,-0.4693279266357422,-0.4443507194519043,1.20413076877594,0.7398927807807922,1.6734586954116821,1.6484814882278442,0.9335659146308899,0.908588707447052,0.9335659146308899,0.908588707447052,32,4,0.875,run_10_s90_scientific,scientific,0.9
640,H,0,gnnexplainer,0.9,-0.21126306056976318,-0.13087108731269836,-0.13908988237380981,0.13790667057037354,0.3491697311401367,0.2687777578830719,0.27699655294418335,0.08039197325706482,0.07217317819595337,-0.08039197325706482,-0.07217317819595337,38,4,0.8947368421052632,run_10_s90_scientific,scientific,0.9
640,H,1,gnnexplainer,0.9,-0.21125224232673645,-0.10834010690450668,-0.2002882957458496,0.13790667057037354,0.34915891289711,0.24624677747488022,0.33819496631622314,0.10291213542222977,0.01096394658088684,-0.10291213542222977,-0.01096394658088684,38,4,0.8947368421052632,run_10_s90_scientific,scientific,0.9
640,H,2,gnnexplainer,0.9,-0.04018162190914154,-0.049586907029151917,-0.058447953313589096,-0.010049479082226753,0.030132142826914787,0.03953742794692516,0.04839847423136234,0.009405285120010376,0.018266331404447556,0.009405285120010376,0.018266331404447556,38,4,0.8947368421052632,run_10_s90_scientific,scientific,0.9
640,H,3,gnnexplainer,0.9,-0.02698579430580139,-0.032384105026721954,-0.03282320871949196,-0.030795302242040634,0.0038095079362392426,0.0015888027846813202,0.0020279064774513245,0.005398310720920563,0.005837414413690567,-0.0022207051515579224,-0.001781601458787918,38,4,0.8947368421052632,run_10_s90_scientific,scientific,0.9
640,H,4,gnnexplainer,0.9,-0.029253706336021423,-0.06169933080673218,-0.026554390788078308,-0.03988323733210564,0.010629530996084213,0.02181609347462654,0.013328846544027328,0.032445624470710754,0.0026993155479431152,0.011186562478542328,0.0026993155479431152,38,4,0.8947368421052632,run_10_s90_scientific,scientific,0.9
640,H,5,gnnexplainer,0.9,-0.07945401221513748,-0.06251589953899384,-0.10127422213554382,-0.08353185653686523,0.004077844321727753,0.0210159569978714,0.01774236559867859,0.016938112676143646,0.02182020992040634,0.016938112676143646,0.013664521276950836,38,4,0.8947368421052632,run_10_s90_scientific,scientific,0.9
640,H,6,gnnexplainer,0.9,-0.11835552006959915,-0.13428238034248352,-0.11553110927343369,-0.10661061108112335,0.0117449089884758,0.02767176926136017,0.008920498192310333,0.01592686027288437,0.0028244107961654663,0.01592686027288437,-0.0028244107961654663,38,4,0.8947368421052632,run_10_s90_scientific,scientific,0.9
640,H,7,gnnexplainer,0.9,-0.06900552660226822,-0.08588168025016785,-0.10915762186050415,-0.07117222994565964,0.0021667033433914185,0.01470945030450821,0.03798539191484451,0.016876153647899628,0.04015209525823593,0.01254274696111679,0.035818688571453094,38,4,0.8947368421052632,run_10_s90_scientific,scientific,0.9
640,H,8,gnnexplainer,0.9,-0.10110029578208923,-0.12547430396080017,-0.17775723338127136,-0.12511934340000153,0.024019047617912292,0.000354960560798645,0.052637889981269836,0.024374008178710938,0.07665693759918213,-0.023664087057113647,0.028618842363357544,38,4,0.8947368421052632,run_10_s90_scientific,scientific,0.9
640,H,9,gnnexplainer,0.9,-0.07945292443037033,-0.09468143433332443,-0.09261293709278107,-0.08353185653686523,0.0040789321064949036,0.011149577796459198,0.009081080555915833,0.015228509902954102,0.013160012662410736,0.007070645689964294,0.005002148449420929,38,4,0.8947368421052632,run_10_s90_scientific,scientific,0.9
640,H,10,gnnexplainer,0.9,-0.11835354566574097,-0.15954726934432983,-0.12770754098892212,-0.10661061108112335,0.011742934584617615,0.05293665826320648,0.021096929907798767,0.04119372367858887,0.009353995323181152,0.04119372367858887,0.009353995323181152,38,4,0.8947368421052632,run_10_s90_scientific,scientific,0.9
640,H,11,gnnexplainer,0.9,-0.04018741473555565,-0.055326007306575775,-0.05378051847219467,-0.010049479082226753,0.030137935653328896,0.04527652822434902,0.04373103938996792,0.015138592571020126,0.013593103736639023,0.015138592571020126,0.013593103736639023,38,4,0.8947368421052632,run_10_s90_scientific,scientific,0.9
640,H,12,gnnexplainer,0.9,-0.029250383377075195,-0.05978797748684883,-0.050227899104356766,-0.04088323935866356,0.011632855981588364,0.018904738128185272,0.009344659745693207,0.030537594109773636,0.02097751572728157,0.007271882146596909,-0.002288196235895157,38,4,0.8947368421052632,run_10_s90_scientific,scientific,0.9
640,H,13,gnnexplainer,0.9,-0.026982992887496948,-0.03661554306745529,-0.04728320613503456,-0.030795302242040634,0.003812309354543686,0.005820240825414658,0.016487903892993927,0.009632550179958344,0.020300213247537613,0.0020079314708709717,0.012675594538450241,38,4,0.8947368421052632,run_10_s90_scientific,scientific,0.9
640,C,0,gnnexplainer,0.9,-7.860611915588379,-6.201030254364014,-6.680812835693359,-8.271045684814453,0.4104337692260742,2.0700154304504395,1.5902328491210938,1.6595816612243652,1.1797990798950195,1.6595816612243652,1.1797990798950195,38,4,0.8947368421052632,run_10_s90_scientific,scientific,0.9
640,C,1,gnnexplainer,0.9,-7.8596673011779785,-7.51304292678833,-6.663576602935791,-8.270045280456543,0.41037797927856445,0.7570023536682129,1.606468677520752,0.34662437438964844,1.1960906982421875,0.34662437438964844,1.1960906982421875,38,4,0.8947368421052632,run_10_s90_scientific,scientific,0.9
640,C,2,gnnexplainer,0.9,-0.4793398380279541,-1.0311657190322876,-1.280128836631775,-0.608948290348053,0.12960845232009888,0.4222174286842346,0.6711805462837219,0.5518258810043335,0.8007889986038208,0.29260897636413574,0.541572093963623,38,4,0.8947368421052632,run_10_s90_scientific,scientific,0.9
640,C,3,gnnexplainer,0.9,-1.0577682256698608,-1.7112107276916504,-1.3011298179626465,-1.4114946126937866,0.3537263870239258,0.29971611499786377,0.11036479473114014,0.6534425020217896,0.24336159229278564,-0.05401027202606201,-0.24336159229278564,38,4,0.8947368421052632,run_10_s90_scientific,scientific,0.9
640,C,4,gnnexplainer,0.9,-1.6062666177749634,-3.064138174057007,-1.285109519958496,-2.1460978984832764,0.539831280708313,0.9180402755737305,0.8609883785247803,1.4578715562820435,0.3211570978164673,0.3782089948654175,0.3211570978164673,38,4,0.8947368421052632,run_10_s90_scientific,scientific,0.9
640,C,5,gnnexplainer,0.9,-1.0578246116638184,-3.1045613288879395,-1.7823023796081543,-1.4114511013031006,0.3536264896392822,1.6931102275848389,0.3708512783050537,2.046736717224121,0.7244777679443359,1.3394837379455566,0.017224788665771484,38,4,0.8947368421052632,run_10_s90_scientific,scientific,0.9
640,C,6,gnnexplainer,0.9,-0.47932881116867065,-0.7948612570762634,-1.140305519104004,-0.6109034419059753,0.1315746307373047,0.18395781517028809,0.5294020771980286,0.3155324459075928,0.6609767079353333,0.0523831844329834,0.3978274464607239,38,4,0.8947368421052632,run_10_s90_scientific,scientific,0.9
650,H,0,gnnexplainer,0.9,-0.034940771758556366,-0.04961562901735306,-0.08041352778673172,-0.047470711171627045,0.012529939413070679,0.002144917845726013,0.032942816615104675,0.014674857258796692,0.045472756028175354,-0.010385021567344666,0.020412877202033997,40,4,0.9,run_10_s90_scientific,scientific,0.9
650,H,1,gnnexplainer,0.9,-0.06100916862487793,-0.09505445510149002,-0.09188374876976013,-0.0373387411236763,0.02367042750120163,0.05771571397781372,0.05454500764608383,0.03404528647661209,0.030874580144882202,0.03404528647661209,0.030874580144882202,40,4,0.9,run_10_s90_scientific,scientific,0.9
650,H,2,gnnexplainer,0.9,-0.024738125503063202,-0.044017381966114044,-0.055956486612558365,-0.021102281287312508,0.0036358442157506943,0.022915100678801537,0.03485420532524586,0.019279256463050842,0.031218361109495163,0.019279256463050842,0.031218361109495163,40,4,0.9,run_10_s90_scientific,scientific,0.9
650,H,3,gnnexplainer,0.9,-0.10827633738517761,-0.1168520599603653,-0.09188298881053925,-0.09628623723983765,0.011990100145339966,0.02056582272052765,0.004403248429298401,0.008575722575187683,0.016393348574638367,0.008575722575187683,-0.007586851716041565,40,4,0.9,run_10_s90_scientific,scientific,0.9
650,H,4,gnnexplainer,0.9,-0.05421527847647667,-0.1452917754650116,-0.020047582685947418,-0.1060146912932396,0.051799412816762924,0.039277084171772,0.08596710860729218,0.09107649698853493,0.03416769579052925,-0.012522328644990921,0.03416769579052925,40,4,0.9,run_10_s90_scientific,scientific,0.9
650,H,5,gnnexplainer,0.9,-0.0340970978140831,-0.04974065348505974,-0.05863037705421448,-0.045926790684461594,0.011829692870378494,0.0038138628005981445,0.012703586369752884,0.01564355567097664,0.024533279240131378,-0.00801583006978035,0.0008738934993743896,40,4,0.9,run_10_s90_scientific,scientific,0.9
650,H,6,gnnexplainer,0.9,-0.023676138371229172,-0.052479974925518036,-0.01801154762506485,-0.01910228095948696,0.00457385741174221,0.033377693966031075,0.0010907333344221115,0.028803836554288864,0.005664590746164322,0.028803836554288864,-0.003483124077320099,40,4,0.9,run_10_s90_scientific,scientific,0.9
650,H,7,gnnexplainer,0.9,-0.05934511870145798,-0.09469234943389893,-0.06559524685144424,-0.03475097194314003,0.024594146758317947,0.059941377490758896,0.030844274908304214,0.03534723073244095,0.006250128149986267,0.03534723073244095,0.006250128149986267,40,4,0.9,run_10_s90_scientific,scientific,0.9
650,H,8,gnnexplainer,0.9,-0.03394071012735367,-0.03892488405108452,-0.06650842726230621,-0.04692678898572922,0.01298607885837555,0.008001904934644699,0.019581638276576996,0.00498417392373085,0.032567717134952545,-0.00498417392373085,0.0065955594182014465,40,4,0.9,run_10_s90_scientific,scientific,0.9
650,H,9,gnnexplainer,0.9,-0.05895303934812546,-0.10044244676828384,-0.07404807955026627,-0.03479496389627457,0.02415807545185089,0.06564748287200928,0.0392531156539917,0.041489407420158386,0.015095040202140808,0.041489407420158386,0.015095040202140808,40,4,0.9,run_10_s90_scientific,scientific,0.9
650,H,10,gnnexplainer,0.9,-0.023587524890899658,-0.014500409364700317,-0.03139515221118927,-0.020102281123399734,0.0034852437674999237,0.005601871758699417,0.011292871087789536,0.00908711552619934,0.007807627320289612,0.0021166279911994934,0.007807627320289612,40,4,0.9,run_10_s90_scientific,scientific,0.9
650,H,11,gnnexplainer,0.9,-0.10841157287359238,-0.11998368799686432,-0.13292953372001648,-0.09524228423833847,0.013169288635253906,0.02474140375852585,0.03768724948167801,0.011572115123271942,0.024517960846424103,0.011572115123271942,0.024517960846424103,40,4,0.9,run_10_s90_scientific,scientific,0.9
650,H,12,gnnexplainer,0.9,-0.05435436591506004,-0.041512370109558105,-0.03301146253943443,-0.10497073829174042,0.050616372376680374,0.06345836818218231,0.07195927575230598,0.012841995805501938,0.02134290337562561,0.012841995805501938,0.02134290337562561,40,4,0.9,run_10_s90_scientific,scientific,0.9
650,H,13,gnnexplainer,0.9,-0.06090754270553589,-0.11105215549468994,-0.08977347612380981,-0.03579496219754219,0.025112580507993698,0.07525719329714775,0.053978513926267624,0.05014461278915405,0.028865933418273926,0.05014461278915405,0.028865933418273926,40,4,0.9,run_10_s90_scientific,scientific,0.9
650,H,14,gnnexplainer,0.9,-0.03507107496261597,-0.03942491114139557,-0.06462100893259048,-0.04792679101228714,0.012855716049671173,0.008501879870891571,0.016694217920303345,0.004353836178779602,0.029549933969974518,-0.004353836178779602,0.0038385018706321716,40,4,0.9,run_10_s90_scientific,scientific,0.9
650,H,15,gnnexplainer,0.9,-0.024672776460647583,-0.02991589903831482,-0.03369602933526039,-0.01910228095948696,0.005570495501160622,0.010813618078827858,0.01459374837577343,0.005243122577667236,0.009023252874612808,0.005243122577667236,0.009023252874612808,40,4,0.9,run_10_s90_scientific,scientific,0.9
650,C,0,gnnexplainer,0.9,-0.6039972305297852,-1.3520030975341797,-1.3147445917129517,-0.7945148944854736,0.19051766395568848,0.557488203048706,0.520229697227478,0.7480058670043945,0.7107473611831665,0.3669705390930176,0.32971203327178955,40,4,0.9,run_10_s90_scientific,scientific,0.9
650,C,1,gnnexplainer,0.9,-0.9427768588066101,-3.218801498413086,-1.8272534608840942,-1.2854688167572021,0.34269195795059204,1.9333326816558838,0.5417846441268921,2.276024639606476,0.8844766020774841,1.5906407237052917,0.19909268617630005,40,4,0.9,run_10_s90_scientific,scientific,0.9
650,C,2,gnnexplainer,0.9,-0.6430948376655579,-1.412761926651001,-1.3588151931762695,-0.7869271636009216,0.14383232593536377,0.6258347630500793,0.5718880295753479,0.7696670889854431,0.7157203555107117,0.4820024371147156,0.42805570363998413,40,4,0.9,run_10_s90_scientific,scientific,0.9
650,C,3,gnnexplainer,0.9,-0.6416166424751282,-2.2936413288116455,-1.2347865104675293,-0.7869707942008972,0.14535415172576904,1.5066705346107483,0.4478157162666321,1.6520246863365173,0.5931698679924011,1.3613163828849792,0.30246156454086304,40,4,0.9,run_10_s90_scientific,scientific,0.9
650,C,4,gnnexplainer,0.9,-0.942050039768219,-1.8483974933624268,-2.1094536781311035,-1.282924771308899,0.34087473154067993,0.5654727220535278,0.8265289068222046,0.9063474535942078,1.1674036383628845,0.2245979905128479,0.48565417528152466,40,4,0.9,run_10_s90_scientific,scientific,0.9
650,C,5,gnnexplainer,0.9,-0.60410076379776,-1.6712900400161743,-1.1864662170410156,-0.7939702272415161,0.1898694634437561,0.8773198127746582,0.3924959897994995,1.0671892762184143,0.5823654532432556,0.6874503493309021,0.2026265263557434,40,4,0.9,run_10_s90_scientific,scientific,0.9
740,H,1,gnnexplainer,0.9,-0.026137936860322952,-0.028757542371749878,-0.0545208603143692,0.03481113538146019,0.06094907224178314,0.06356867775321007,0.08933199569582939,0.0026196055114269257,0.02838292345404625,0.0026196055114269257,0.02838292345404625,34,4,0.8823529411764706,run_10_s90_scientific,scientific,0.9
740,H,2,gnnexplainer,0.9,-0.04452488198876381,-0.08490421622991562,-0.10987735539674759,-0.0694003626704216,0.02487548068165779,0.015503853559494019,0.04047699272632599,0.04037933424115181,0.06535247340798378,-0.009371627122163773,0.015601512044668198,34,4,0.8823529411764706,run_10_s90_scientific,scientific,0.9
740,H,3,gnnexplainer,0.9,-0.04864649474620819,-0.09216004610061646,-0.07115336507558823,-0.03524171933531761,0.01340477541089058,0.05691832676529884,0.035911645740270615,0.043513551354408264,0.022506870329380035,0.043513551354408264,0.022506870329380035,34,4,0.8823529411764706,run_10_s90_scientific,scientific,0.9
740,H,4,gnnexplainer,0.9,-0.044288262724876404,-0.08353464305400848,-0.09454470127820969,-0.06663717329502106,0.022348910570144653,0.016897469758987427,0.02790752798318863,0.03924638032913208,0.05025643855333328,-0.0054514408111572266,0.005558617413043976,34,4,0.8823529411764706,run_10_s90_scientific,scientific,0.9
740,H,5,gnnexplainer,0.9,-0.02385552227497101,-0.06767705827951431,-0.049866557121276855,0.03422334045171738,0.058078862726688385,0.10190039873123169,0.08408989757299423,0.043821536004543304,0.026011034846305847,0.043821536004543304,0.026011034846305847,34,4,0.8823529411764706,run_10_s90_scientific,scientific,0.9
740,H,6,gnnexplainer,0.9,-0.046978406608104706,-0.1048063188791275,-0.08000554144382477,-0.03061004728078842,0.016368359327316284,0.07419627159833908,0.049395494163036346,0.0578279122710228,0.03302713483572006,0.0578279122710228,0.03302713483572006,34,4,0.8823529411764706,run_10_s90_scientific,scientific,0.9
740,H,9,gnnexplainer,0.9,-0.04696982726454735,-0.08054037392139435,-0.07027754187583923,-0.11217248439788818,0.06520265713334084,0.031632110476493835,0.04189494252204895,0.033570546656847,0.023307714611291885,-0.033570546656847,-0.023307714611291885,34,4,0.8823529411764706,run_10_s90_scientific,scientific,0.9
740,H,10,gnnexplainer,0.9,-0.046655893325805664,-0.06453079730272293,-0.06647184491157532,-0.10799708962440491,0.06134119629859924,0.043466292321681976,0.04152524471282959,0.017874903976917267,0.019815951585769653,-0.017874903976917267,-0.019815951585769653,34,4,0.8823529411764706,run_10_s90_scientific,scientific,0.9
740,H,11,gnnexplainer,0.9,-0.03764323145151138,-0.0290236696600914,-0.007237762212753296,0.028855061158537865,0.06649829261004925,0.057878730818629265,0.03609282337129116,0.008619561791419983,0.030405469238758087,-0.008619561791419983,-0.030405469238758087,34,4,0.8823529411764706,run_10_s90_scientific,scientific,0.9
740,C,0,gnnexplainer,0.9,0.018430694937705994,-0.4095851182937622,-3.453178644180298,0.41184088587760925,0.39341019093990326,0.8214260041713715,3.865019530057907,0.4280158132314682,3.471609339118004,0.4280158132314682,3.471609339118004,34,4,0.8823529411764706,run_10_s90_scientific,scientific,0.9
740,C,1,gnnexplainer,0.9,0.007801875472068787,-0.047274768352508545,-2.861081123352051,0.3751834034919739,0.3673815280199051,0.4224581718444824,3.2362645268440247,0.05507664382457733,2.8688829988241196,0.05507664382457733,2.8688829988241196,34,4,0.8823529411764706,run_10_s90_scientific,scientific,0.9
740,C,2,gnnexplainer,0.9,-0.3508378267288208,-1.867232084274292,-2.010939121246338,0.5169197916984558,0.8677576184272766,2.384151875972748,2.5278589129447937,1.5163942575454712,1.660101294517517,1.5163942575454712,1.660101294517517,34,4,0.8823529411764706,run_10_s90_scientific,scientific,0.9
