graph_idx, node_type, node_idx, method      , sparsity_target, pred_orig              , pred_drop             , pred_keep             , target                 , error_orig            , error_drop            , error_keep           , fid_plus_model        , fid_minus_model       , fid_plus_error_delta   , fid_minus_error_delta  , n_incident_edges, k_incident_edges, actual_sparsity_edge
        0, H        ,        0, gnnexplainer,             0.9, -0.17736566066741943   , -0.1930956244468689   , -0.0197460800409317   , -0.17985659837722778   , 0.0024909377098083496 , 0.013239026069641113  , 0.16011051833629608  , 0.015729963779449463  , 0.15761958062648773   , 0.010748088359832764   , 0.15761958062648773    ,                2,                1,   0.5
        0, H        ,        1, gnnexplainer,             0.9, -0.14692381024360657   , -0.15315589308738708  , -0.044371068477630615 , -0.14272424578666687   , 0.004199564456939697  , 0.010431647300720215  , 0.09835317730903625  , 0.006232082843780518  , 0.10255274176597595   , 0.006232082843780518   , 0.09415361285209656    ,                2,                1,   0.5
        0, H        ,        2, gnnexplainer,             0.9, -0.17736902832984924   , -0.051046669483184814 , -0.1767091155052185   , -0.18340036273002625   , 0.006031334400177002  , 0.13235369324684143   , 0.006691247224807739 , 0.12632235884666443   , 0.0006599128246307373 , 0.12632235884666443    , 0.0006599128246307373  ,                2,                1,   0.5
        0, H        ,        3, gnnexplainer,             0.9, -0.5146532654762268    , -0.6039762496948242   , -0.15245717763900757  , -0.5416102409362793    , 0.02695697546005249   , 0.06236600875854492   , 0.38915306329727173  , 0.08932298421859741   , 0.36219608783721924   , 0.03540903329849243    , 0.36219608783721924    ,                2,                1,   0.5
        0, H        ,        4, gnnexplainer,             0.9, -0.28085559606552124   , -0.27338820695877075  , -0.13233022391796112  , -0.29296109080314636   , 0.012105494737625122  , 0.01957288384437561   , 0.16063086688518524  , 0.007467389106750488  , 0.14852537214756012   , 0.007467389106750488   , 0.14852537214756012    ,                2,                1,   0.5
        0, H        ,        5, gnnexplainer,             0.9, -0.3452540338039398    , -0.14860862493515015  , -0.2898692786693573   , -0.3744361400604248    , 0.029182106256484985  , 0.22582751512527466   , 0.0845668613910675   , 0.19664540886878967   , 0.05538475513458252   , 0.19664540886878967    , 0.05538475513458252    ,                2,                1,   0.5
        0, C        ,        0, gnnexplainer,             0.9, -2.104891777038574     , -2.3166990280151367   , -1.5883992910385132   , -2.1809728145599365    , 0.0760810375213623    , 0.1357262134552002    , 0.5925735235214233   , 0.2118072509765625    , 0.516492486000061     , 0.05964517593383789    , 0.516492486000061      ,                8,                1,   0.875
        0, C        ,        1, gnnexplainer,             0.9, -17.136962890625       , -17.673110961914062   , -9.44556713104248     , -16.9322566986084      , 0.20470619201660156   , 0.7408542633056641    , 7.486689567565918    , 0.5361480712890625    , 7.6913957595825195    , 0.5361480712890625     , 7.281983375549316      ,                6,                1,   0.8333333333333334
        0, C        ,        2, gnnexplainer,             0.9, -8.5090970993042       , -7.064982891082764    , -5.7514262199401855   , -8.388336181640625     , 0.12076091766357422   , 1.3233532905578613    , 2.6369099617004395   , 1.4441142082214355    , 2.7576708793640137    , 1.202592372894287      , 2.5161490440368652     ,                6,                1,   0.8333333333333334
        0, C        ,        3, gnnexplainer,             0.9, -6.361694812774658     , -4.925405025482178    , -4.535048961639404    , -6.655499458312988     , 0.2938046455383301    , 1.7300944328308105    , 2.120450496673584    , 1.4362897872924805    , 1.826645851135254     , 1.4362897872924805     , 1.826645851135254      ,                4,                1,   0.75
        0, C        ,        4, gnnexplainer,             0.9, -12.114175796508789    , -12.661050796508789   , -8.435807228088379    , -12.745342254638672    , 0.6311664581298828    , 0.08429145812988281   , 4.309535026550293    , 0.546875              , 3.67836856842041      , -0.546875              , 3.67836856842041       ,                4,                1,   0.75
       10, H        ,        0, gnnexplainer,             0.9, -0.05451575666666031   , -0.08065107464790344  , -0.061422597616910934 , -0.05126853287220001   , 0.0032472237944602966 , 0.02938254177570343   , 0.010154064744710922 , 0.026135317981243134  , 0.006906840950250626  , 0.026135317981243134   , 0.006906840950250626   ,                2,                1,   0.5
       10, H        ,        1, gnnexplainer,             0.9, -0.04886791482567787   , -0.059601329267024994 , -0.07603807747364044  , -0.046680811792612076  , 0.002187103033065796  , 0.012920517474412918  , 0.029357265681028366 , 0.010733414441347122  , 0.02717016264796257   , 0.010733414441347122   , 0.02717016264796257    ,                2,                1,   0.5
       10, H        ,        2, gnnexplainer,             0.9, -0.05451619252562523   , -0.06720522046089172  , -0.08551347255706787  , -0.05026853457093239   , 0.004247657954692841  , 0.016936685889959335  , 0.03524493798613548  , 0.012689027935266495  , 0.030997280031442642  , 0.012689027935266495   , 0.030997280031442642   ,                2,                1,   0.5
       10, H        ,        3, gnnexplainer,             0.9, -0.04886849597096443   , -0.060733623802661896 , -0.07342306524515152  , -0.046680811792612076  , 0.002187684178352356  , 0.01405281201004982   , 0.026742253452539444 , 0.011865127831697464  , 0.024554569274187088  , 0.011865127831697464   , 0.024554569274187088   ,                2,                1,   0.5
       10, H        ,        4, gnnexplainer,             0.9, -0.04886763170361519   , -0.0811288133263588   , -0.052433278411626816 , -0.04568081349134445   , 0.0031868182122707367 , 0.03544799983501434   , 0.006752464920282364 , 0.03226118162274361   , 0.003565646708011627  , 0.03226118162274361    , 0.003565646708011627   ,                2,                1,   0.5
       10, H        ,        5, gnnexplainer,             0.9, -0.0545157715678215    , -0.05616611987352371  , -0.09940379858016968  , -0.05026853457093239   , 0.004247236996889114  , 0.005897585302591324  , 0.04913526400923729  , 0.0016503483057022095 , 0.044888027012348175  , 0.0016503483057022095  , 0.044888027012348175   ,                2,                1,   0.5
       10, H        ,        6, gnnexplainer,             0.9, -0.05451630800962448   , -0.06654475629329681  , -0.0628504753112793   , -0.05026853457093239   , 0.004247773438692093  , 0.016276221722364426  , 0.012581940740346909 , 0.012028448283672333  , 0.008334167301654816  , 0.012028448283672333   , 0.008334167301654816   ,                2,                1,   0.5
       10, H        ,        7, gnnexplainer,             0.9, -0.04886893182992935   , -0.05397620052099228  , -0.061311956495046616 , -0.046680811792612076  , 0.002188120037317276  , 0.007295388728380203  , 0.01463114470243454  , 0.005107268691062927  , 0.012443024665117264  , 0.005107268691062927   , 0.012443024665117264   ,                2,                1,   0.5
       10, C        ,        0, gnnexplainer,             0.9, -0.5910308361053467    , -0.5006930828094482   , -2.2760846614837646   , -0.7767053842544556    , 0.1856745481491089    , 0.2760123014450073    , 1.499379277229309    , 0.09033775329589844   , 1.685053825378418     , 0.09033775329589844    , 1.3137047290802002     ,                8,                1,   0.875
       10, C        ,        1, gnnexplainer,             0.9, -0.5910441279411316    , -0.5212822556495667   , -2.6158838272094727   , -0.7707053422927856    , 0.17966121435165405   , 0.249423086643219     , 1.845178484916687    , 0.06976187229156494   , 2.024839699268341     , 0.06976187229156494    , 1.665517270565033      ,                8,                1,   0.875
       10, C        ,        2, gnnexplainer,             0.9, -0.5910332798957825    , -1.0359214544296265   , -2.0803704261779785   , -0.7707053422927856    , 0.17967206239700317   , 0.2652161121368408    , 1.3096650838851929   , 0.444888174533844     , 1.489337146282196     , 0.08554404973983765    , 1.1299930214881897     ,                8,                1,   0.875
       10, C        ,        3, gnnexplainer,             0.9, -0.5910433530807495    , -0.451977014541626    , -2.240225076675415    , -0.7736613750457764    , 0.18261802196502686   , 0.3216843605041504    , 1.4665637016296387   , 0.13906633853912354   , 1.6491817235946655    , 0.13906633853912354    , 1.2839456796646118     ,                8,                1,   0.875
       20, H        ,        0, gnnexplainer,             0.9, -0.2313065528869629    , -0.12682503461837769  , -0.21959024667739868  , -0.25103986263275146   , 0.019733309745788574  , 0.12421482801437378   , 0.03144961595535278  , 0.1044815182685852    , 0.011716306209564209  , 0.1044815182685852     , 0.011716306209564209   ,                2,                1,   0.5
       20, H        ,        1, gnnexplainer,             0.9, -0.23125052452087402   , -0.23370575904846191  , -0.12408134341239929  , -0.2520398497581482    , 0.02078932523727417   , 0.01833409070968628   , 0.1279585063457489   , 0.0024552345275878906 , 0.10716918110847473   , -0.0024552345275878906 , 0.10716918110847473    ,                2,                1,   0.5
       20, H        ,        2, gnnexplainer,             0.9, -0.2312517762184143    , -0.13702985644340515  , -0.20917755365371704  , -0.2520398497581482    , 0.020788073539733887  , 0.11500999331474304   , 0.04286229610443115  , 0.09422191977500916   , 0.022074222564697266  , 0.09422191977500916    , 0.022074222564697266   ,                2,                1,   0.5
       20, H        ,        3, gnnexplainer,             0.9, -0.23129862546920776   , -0.13097721338272095  , -0.21109303832054138  , -0.25103986263275146   , 0.0197412371635437    , 0.12006264925003052   , 0.03994682431221008  , 0.10032141208648682   , 0.020205587148666382  , 0.10032141208648682    , 0.020205587148666382   ,                2,                1,   0.5
       20, H        ,        4, gnnexplainer,             0.9, -0.2312755286693573    , -0.12253236025571823  , -0.19560569524765015  , -0.2520398497581482    , 0.020764321088790894  , 0.12950748950242996   , 0.05643415451049805  , 0.10874316841363907   , 0.03566983342170715   , 0.10874316841363907    , 0.03566983342170715    ,                2,                1,   0.5
       20, H        ,        5, gnnexplainer,             0.9, -0.23128050565719604   , -0.20350196957588196  , -0.13651002943515778  , -0.2520398497581482    , 0.02075934410095215   , 0.048537880182266235  , 0.11552982032299042  , 0.027778536081314087  , 0.09477047622203827   , 0.027778536081314087   , 0.09477047622203827    ,                2,                1,   0.5
       20, C        ,        0, gnnexplainer,             0.9, -8.444268226623535     , -7.67544412612915     , -6.077533721923828    , -8.145360946655273     , 0.2989072799682617    , 0.46991682052612305   , 2.0678272247314453   , 0.7688241004943848    , 2.366734504699707     , 0.17100954055786133    , 1.7689199447631836     ,                6,                1,   0.8333333333333334
       20, C        ,        1, gnnexplainer,             0.9, -8.444039344787598     , -7.295633792877197    , -7.678199768066406    , -8.147904396057129     , 0.29613494873046875   , 0.8522706031799316    , 0.46970462799072266  , 1.1484055519104004    , 0.7658395767211914    , 0.5561356544494629     , 0.1735696792602539     ,                6,                1,   0.8333333333333334
       20, C        ,        2, gnnexplainer,             0.9, -8.44495677947998      , -8.450620651245117    , -6.25817346572876     , -8.148948669433594     , 0.2960081100463867    , 0.30167198181152344   , 1.890775203704834    , 0.005663871765136719  , 2.1867833137512207    , 0.005663871765136719   , 1.5947670936584473     ,                6,                1,   0.8333333333333334
       20, C        ,        3, gnnexplainer,             0.9, -8.445212364196777     , -7.888073921203613    , -6.54327917098999     , -8.14694881439209      , 0.2982635498046875    , 0.25887489318847656   , 1.6036696434020996   , 0.5571384429931641    , 1.901933193206787     , -0.03938865661621094   , 1.305406093597412      ,                6,                1,   0.8333333333333334
       20, C        ,        4, gnnexplainer,             0.9, -8.443939208984375     , -7.773842811584473    , -7.143590450286865    , -8.146904945373535     , 0.29703426361083984   , 0.3730621337890625    , 1.00331449508667     , 0.6700963973999023    , 1.3003487586975098    , 0.07602787017822266    , 0.7062802314758301     ,                6,                1,   0.8333333333333334
       20, C        ,        5, gnnexplainer,             0.9, -8.444053649902344     , -7.627980709075928    , -7.107741355895996    , -8.146361351013184     , 0.29769229888916016   , 0.5183806419372559    , 1.0386199951171875   , 0.816072940826416     , 1.3363122940063477    , 0.2206883430480957     , 0.7409276962280273     ,                6,                1,   0.8333333333333334
       30, H        ,        0, gnnexplainer,             0.9, -0.0907490998506546    , -0.09663595259189606  , -0.09462533891201019  , -0.12868109345436096   , 0.03793199360370636   , 0.032045140862464905  , 0.03405575454235077  , 0.005886852741241455  , 0.003876239061355591  , -0.005886852741241455  , -0.003876239061355591  ,                2,                1,   0.5
       30, H        ,        1, gnnexplainer,             0.9, -0.05737382173538208   , -0.09590503573417664  , -0.050290513783693314 , -0.047584664076566696  , 0.009789157658815384  , 0.04832037165760994   , 0.0027058497071266174, 0.038531213998794556  , 0.0070833079516887665 , 0.038531213998794556   , -0.0070833079516887665 ,                2,                1,   0.5
       30, H        ,        2, gnnexplainer,             0.9, -0.19207677245140076   , -0.07132036983966827  , -0.19611075520515442  , -0.21381264925003052   , 0.02173587679862976   , 0.14249227941036224   , 0.0177018940448761   , 0.12075640261173248   , 0.004033982753753662  , 0.12075640261173248    , -0.004033982753753662  ,                2,                1,   0.5
       30, H        ,        3, gnnexplainer,             0.9, -0.19023951888084412   , -0.18871384859085083  , -0.06184767559170723  , -0.17307570576667786   , 0.01716381311416626   , 0.015638142824172974  , 0.11122803017497063  , 0.0015256702899932861 , 0.1283918432891369    , -0.0015256702899932861 , 0.09406421706080437    ,                2,                1,   0.5
       30, H        ,        4, gnnexplainer,             0.9, -0.3380805552005768    , -0.12414021790027618  , -0.3682708144187927   , -0.3381540775299072    , 7.352232933044434e-05 , 0.21401385962963104   , 0.030116736888885498 , 0.2139403373003006    , 0.030190259218215942  , 0.2139403373003006     , 0.030043214559555054   ,                2,                1,   0.5
       30, H        ,        5, gnnexplainer,             0.9, -0.33808597922325134   , -0.14292973279953003  , -0.2967730164527893   , -0.3381540775299072    , 6.809830665588379e-05 , 0.1952243447303772    , 0.04138106107711792  , 0.1951562464237213    , 0.041312962770462036  , 0.1951562464237213     , 0.041312962770462036   ,                2,                1,   0.5
       30, H        ,        6, gnnexplainer,             0.9, -0.192081481218338     , -0.19497385621070862  , -0.06445688009262085  , -0.21381264925003052   , 0.021731168031692505  , 0.0188387930393219    , 0.14935576915740967  , 0.0028923749923706055 , 0.12762460112571716   , -0.0028923749923706055 , 0.12762460112571716    ,                2,                1,   0.5
       30, H        ,        7, gnnexplainer,             0.9, -0.19024446606636047   , -0.21127000451087952  , -0.05265039950609207  , -0.1714879274368286    , 0.01875653862953186   , 0.0397820770740509    , 0.11883752793073654  , 0.021025538444519043  , 0.1375940665602684    , 0.021025538444519043   , 0.10008098930120468    ,                2,                1,   0.5
       30, C        ,        0, gnnexplainer,             0.9, -1.615869164466858     , -2.2639644145965576   , -2.418471336364746    , -1.5885530710220337    , 0.02731609344482422   , 0.6754113435745239    , 0.8299182653427124   , 0.6480952501296997    , 0.8026021718978882    , 0.6480952501296997     , 0.8026021718978882     ,                8,                1,   0.875
       30, C        ,        1, gnnexplainer,             0.9, -3.2298240661621094    , -3.269092082977295    , -2.361323118209839    , -3.0082218647003174    , 0.221602201461792     , 0.26087021827697754   , 0.6468987464904785   , 0.03926801681518555   , 0.8685009479522705    , 0.03926801681518555    , 0.4252965450286865     ,                8,                1,   0.875
       30, C        ,        2, gnnexplainer,             0.9, -12.875408172607422    , -10.910764694213867   , -7.151937961578369    , -12.421451568603516    , 0.45395660400390625   , 1.5106868743896484    , 5.2695136070251465   , 1.9646434783935547    , 5.723470211029053     , 1.0567302703857422     , 4.81555700302124       ,                6,                1,   0.8333333333333334
       30, C        ,        3, gnnexplainer,             0.9, -12.87525463104248     , -10.717135429382324   , -10.477669715881348   , -12.42249584197998     , 0.4527587890625       , 1.7053604125976562    , 1.9448261260986328   , 2.1581192016601562    , 2.397584915161133     , 1.2526016235351562     , 1.4920673370361328     ,                6,                1,   0.8333333333333334
       30, C        ,        4, gnnexplainer,             0.9, -3.2296955585479736    , -3.5684139728546143   , -2.311239719390869    , -3.0098090171813965    , 0.21988654136657715   , 0.5586049556732178    , 0.6985692977905273   , 0.3387184143066406    , 0.9184558391571045    , 0.3387184143066406     , 0.4786827564239502     ,                8,                1,   0.875
       40, H        ,        0, gnnexplainer,             0.9, -0.29488253593444824   , -0.14413172006607056  , -0.28274062275886536  , -0.3286808133125305    , 0.033798277378082275  , 0.18454909324645996   , 0.04594019055366516  , 0.15075081586837769   , 0.012141913175582886  , 0.15075081586837769    , 0.012141913175582886   ,                2,                1,   0.5
       40, H        ,        1, gnnexplainer,             0.9, -0.2948724627494812    , -0.13999336957931519  , -0.2547449767589569   , -0.32968080043792725   , 0.034808337688446045  , 0.18968743085861206   , 0.07493582367897034  , 0.15487909317016602   , 0.04012748599052429   , 0.15487909317016602    , 0.04012748599052429    ,                2,                1,   0.5
       40, H        ,        2, gnnexplainer,             0.9, -0.09831997007131577   , -0.10775966942310333  , -0.030078407377004623 , -0.0859522819519043    , 0.012367688119411469  , 0.021807387471199036  , 0.05587387457489967  , 0.009439699351787567  , 0.06824156269431114   , 0.009439699351787567   , 0.043506186455488205   ,                2,                1,   0.5
       40, H        ,        3, gnnexplainer,             0.9, -0.10229311138391495   , -0.12736663222312927  , -0.04060394689440727  , -0.09553185105323792   , 0.0067612603306770325 , 0.03183478116989136   , 0.05492790415883064  , 0.025073520839214325  , 0.061689164489507675  , 0.025073520839214325   , 0.04816664382815361    ,                2,                1,   0.5
       40, H        ,        4, gnnexplainer,             0.9, -0.1030576229095459    , -0.0189581960439682   , -0.12510427832603455  , -0.10788288712501526   , 0.00482526421546936   , 0.08892469108104706   , 0.017221391201019287 , 0.0840994268655777    , 0.022046655416488647  , 0.0840994268655777     , 0.012396126985549927   ,                2,                1,   0.5
       40, H        ,        5, gnnexplainer,             0.9, -0.103059321641922     , -0.04500245302915573  , -0.11808213591575623  , -0.10788288712501526   , 0.004823565483093262  , 0.06288043409585953   , 0.010199248790740967 , 0.058056868612766266  , 0.015022814273834229  , 0.058056868612766266   , 0.005375683307647705   ,                2,                1,   0.5
       40, H        ,        6, gnnexplainer,             0.9, -0.09832146018743515   , -0.049537353217601776 , -0.12376011908054352  , -0.08695228397846222   , 0.011369176208972931  , 0.03741493076086044   , 0.0368078351020813   , 0.048784106969833374  , 0.025438658893108368  , 0.026045754551887512   , 0.025438658893108368   ,                2,                1,   0.5
       40, H        ,        7, gnnexplainer,             0.9, -0.10230148583650589   , -0.11454401910305023  , -0.02584175020456314  , -0.09607572108507156   , 0.006225764751434326  , 0.018468298017978668  , 0.07023397088050842  , 0.012242533266544342  , 0.07645973563194275   , 0.012242533266544342   , 0.0640082061290741     ,                2,                1,   0.5
       40, C        ,        0, gnnexplainer,             0.9, -7.908596038818359     , -8.32919979095459     , -4.278946399688721    , -7.250866889953613     , 0.6577291488647461    , 1.0783329010009766    , 2.9719204902648926   , 0.42060375213623047   , 3.6296496391296387    , 0.42060375213623047    , 2.3141913414001465     ,                6,                1,   0.8333333333333334
       40, C        ,        1, gnnexplainer,             0.9, -17.15376853942871     , -16.156335830688477   , -16.66754913330078    , -17.124717712402344    , 0.029050827026367188  , 0.9683818817138672    , 0.4571685791015625   , 0.9974327087402344    , 0.4862194061279297    , 0.9393310546875        , 0.4281177520751953     ,                4,                1,   0.75
       40, C        ,        2, gnnexplainer,             0.9, -7.908130168914795     , -8.015352249145508    , -4.7002482414245605   , -7.251823425292969     , 0.6563067436218262    , 0.7635288238525391    , 2.551575183868408    , 0.10722208023071289   , 3.2078819274902344    , 0.10722208023071289    , 1.895268440246582      ,                6,                1,   0.8333333333333334
       40, C        ,        3, gnnexplainer,             0.9, -0.5602575540542603    , -1.0058058500289917   , -1.6883010864257812   , -0.6550225019454956    , 0.09476494789123535   , 0.3507833480834961    , 1.0332785844802856   , 0.44554829597473145   , 1.128043532371521     , 0.25601840019226074    , 0.9385136365890503     ,                8,                1,   0.875
       40, C        ,        4, gnnexplainer,             0.9, -0.5603219866752625    , -1.0673730373382568   , -1.3767560720443726   , -0.6576103568077087    , 0.09728837013244629   , 0.4097626805305481    , 0.7191457152366638   , 0.5070510506629944    , 0.8164340853691101    , 0.3124743103981018     , 0.6218573451042175     ,                8,                1,   0.875
       50, H        ,        0, gnnexplainer,             0.9, -0.18866461515426636   , -0.2066531777381897   , -0.0780441090464592   , -0.18572446703910828   , 0.002940148115158081  , 0.02092871069908142   , 0.10768035799264908  , 0.01798856258392334   , 0.11062050610780716   , 0.01798856258392334    , 0.104740209877491      ,                2,                1,   0.5
       50, H        ,        1, gnnexplainer,             0.9, -0.19408667087554932   , -0.06130430847406387  , -0.22127610445022583  , -0.1745053380727768    , 0.019581332802772522  , 0.11320102959871292   , 0.046770766377449036 , 0.13278236240148544   , 0.027189433574676514  , 0.0936196967959404     , 0.027189433574676514   ,                2,                1,   0.5
       50, H        ,        2, gnnexplainer,             0.9, -0.13721123337745667   , -0.17501413822174072  , -0.09166299551725388  , -0.1240059956908226    , 0.013205237686634064  , 0.05100814253091812   , 0.032343000173568726 , 0.03780290484428406   , 0.04554823786020279   , 0.03780290484428406    , 0.019137762486934662   ,                2,                1,   0.5
       50, H        ,        3, gnnexplainer,             0.9, -0.06269896030426025   , -0.09179390966892242  , -0.0701306015253067   , -0.029461706057190895  , 0.03323725424706936   , 0.06233220361173153   , 0.04066889546811581  , 0.02909494936466217   , 0.007431641221046448  , 0.02909494936466217    , 0.007431641221046448   ,                2,                1,   0.5
       50, H        ,        4, gnnexplainer,             0.9, -0.05592544749379158   , -0.047616876661777496 , -0.0508430153131485   , -0.08866342157125473   , 0.03273797407746315   , 0.041046544909477234  , 0.03782040625810623  , 0.008308570832014084  , 0.005082432180643082  , 0.008308570832014084   , 0.005082432180643082   ,                2,                1,   0.5
       50, H        ,        5, gnnexplainer,             0.9, -0.08462868630886078   , -0.18037882447242737  , -0.08066654205322266  , -0.06410186737775803   , 0.020526818931102753  , 0.11627695709466934   , 0.01656467467546463  , 0.09575013816356659   , 0.0039621442556381226 , 0.09575013816356659    , -0.0039621442556381226 ,                2,                1,   0.5
       50, H        ,        6, gnnexplainer,             0.9, -0.33054494857788086   , -0.13944825530052185  , -0.33351391553878784  , -0.3011716902256012    , 0.029373258352279663  , 0.16172343492507935   , 0.032342225313186646 , 0.191096693277359     , 0.0029689669609069824 , 0.13235017657279968    , 0.0029689669609069824  ,                2,                1,   0.5
       50, H        ,        7, gnnexplainer,             0.9, -0.3257949948310852    , -0.3010282516479492   , -0.1326492875814438   , -0.362988144159317     , 0.03719314932823181   , 0.0619598925113678    , 0.23033885657787323  , 0.024766743183135986  , 0.19314570724964142   , 0.024766743183135986   , 0.19314570724964142    ,                2,                1,   0.5
       50, C        ,        0, gnnexplainer,             0.9, -3.4731967449188232    , -3.642916679382324    , -2.5126352310180664   , -3.638505220413208     , 0.16530847549438477   , 0.004411458969116211  , 1.1258699893951416   , 0.16971993446350098   , 0.9605615139007568    , -0.16089701652526855   , 0.9605615139007568     ,                8,                1,   0.875
       50, C        ,        1, gnnexplainer,             0.9, -2.626781463623047     , -3.6732022762298584   , -2.2711668014526367   , -2.7032065391540527    , 0.07642507553100586   , 0.9699957370758057    , 0.432039737701416    , 1.0464208126068115    , 0.35561466217041016   , 0.8935706615447998     , 0.35561466217041016    ,                8,                1,   0.875
       50, C        ,        2, gnnexplainer,             0.9, -2.6187326908111572    , -2.977940320968628    , -2.208224058151245    , -3.0836172103881836    , 0.46488451957702637   , 0.10567688941955566   , 0.8753931522369385   , 0.3592076301574707    , 0.4105086326599121    , -0.3592076301574707    , 0.4105086326599121     ,                8,                1,   0.875
       50, C        ,        3, gnnexplainer,             0.9, -12.352452278137207    , -12.074950218200684   , -9.412259101867676    , -11.829119682312012    , 0.5233325958251953    , 0.24583053588867188   , 2.416860580444336    , 0.27750205993652344   , 2.9401931762695312    , -0.27750205993652344   , 1.8935279846191406     ,                6,                1,   0.8333333333333334
       50, C        ,        4, gnnexplainer,             0.9, -12.56570053100586     , -12.368614196777344   , -8.9027681350708      , -12.671215057373047    , 0.1055145263671875    , 0.3026008605957031    , 3.768446922302246    , 0.19708633422851562   , 3.6629323959350586    , 0.19708633422851562    , 3.6629323959350586     ,                6,                1,   0.8333333333333334
       50, C        ,        5, gnnexplainer,             0.9, -1.2540905475616455    , -1.7012379169464111   , -2.395155429840088    , -1.9315294027328491    , 0.6774388551712036    , 0.230291485786438     , 0.46362602710723877  , 0.4471473693847656    , 1.1410648822784424    , -0.4471473693847656    , -0.21381282806396484   ,                8,                1,   0.875
       60, H        ,        0, gnnexplainer,             0.9, -0.15097780525684357   , -0.14815270900726318  , -0.033440057188272476 , -0.14997045695781708   , 0.0010073482990264893 , 0.001817747950553894  , 0.1165303997695446   , 0.0028250962495803833 , 0.11753774806857109   , 0.0008103996515274048  , 0.11552305147051811    ,                2,                1,   0.5
       60, H        ,        1, gnnexplainer,             0.9, -0.1324499100446701    , -0.08057254552841187  , -0.1342003345489502   , -0.09751375764608383   , 0.03493615239858627   , 0.016941212117671967  , 0.036686576902866364 , 0.05187736451625824   , 0.0017504245042800903 , -0.017994940280914307  , 0.0017504245042800903  ,                2,                1,   0.5
       60, H        ,        2, gnnexplainer,             0.9, -0.15090197324752808   , -0.17108237743377686  , -0.048568375408649445 , -0.15051423013210297   , 0.00038774311542510986, 0.02056814730167389   , 0.10194585472345352  , 0.02018040418624878   , 0.10233359783887863   , 0.02018040418624878    , 0.10155811160802841    ,                2,                1,   0.5
       60, H        ,        3, gnnexplainer,             0.9, -0.33914846181869507   , -0.3950279653072357   , -0.14786934852600098  , -0.3611016869544983    , 0.021953225135803223  , 0.03392627835273743   , 0.21323233842849731  , 0.05587950348854065   , 0.1912791132926941    , 0.011973053216934204   , 0.1912791132926941     ,                2,                1,   0.5
       60, H        ,        4, gnnexplainer,             0.9, -0.12922048568725586   , -0.0891416072845459   , -0.10756901651620865  , -0.11608413606882095   , 0.013136349618434906  , 0.026942528784275055  , 0.008515119552612305 , 0.04007887840270996   , 0.02165146917104721   , 0.013806179165840149   , -0.004621230065822601  ,                2,                1,   0.5
       60, H        ,        5, gnnexplainer,             0.9, -0.11980047821998596   , -0.15053892135620117  , -0.042859941720962524 , -0.1072341725230217    , 0.012566305696964264  , 0.043304748833179474  , 0.06437423080205917  , 0.03073844313621521   , 0.07694053649902344   , 0.03073844313621521    , 0.05180792510509491    ,                2,                1,   0.5
       60, H        ,        6, gnnexplainer,             0.9, -0.1212349608540535    , -0.1474975347518921   , -0.026881366968154907 , -0.10564631968736649   , 0.015588641166687012  , 0.041851215064525604  , 0.07876495271921158  , 0.026262573897838593  , 0.09435359388589859   , 0.026262573897838593   , 0.06317631155252457    ,                2,                1,   0.5
       60, H        ,        7, gnnexplainer,             0.9, -0.13311204314231873   , -0.1414089798927307   , -0.03420861065387726  , -0.13005854189395905   , 0.00305350124835968   , 0.011350437998771667  , 0.09584993124008179  , 0.008296936750411987  , 0.09890343248844147   , 0.008296936750411987   , 0.0927964299917221     ,                2,                1,   0.5
       60, H        ,        8, gnnexplainer,             0.9, -0.12041299045085907   , -0.02895701304078102  , -0.10916365683078766  , -0.11315438151359558   , 0.007258608937263489  , 0.08419736847281456   , 0.003990724682807922 , 0.09145597741007805   , 0.011249333620071411  , 0.07693875953555107    , -0.0032678842544555664 ,                2,                1,   0.5
       60, H        ,        9, gnnexplainer,             0.9, -0.1321820467710495    , -0.13459649682044983  , -0.05099497735500336  , -0.1316463202238083    , 0.0005357265472412109 , 0.0029501765966415405 , 0.08065134286880493  , 0.0024144500494003296 , 0.08118706941604614   , 0.0024144500494003296  , 0.08011561632156372    ,                2,                1,   0.5
       60, C        ,        0, gnnexplainer,             0.9, -1.2536066770553589    , -1.7418826818466187   , -2.25887393951416     , -1.4363102912902832    , 0.18270361423492432   , 0.30557239055633545   , 0.822563648223877    , 0.48827600479125977   , 1.0052672624588013    , 0.12286877632141113    , 0.6398600339889526     ,                8,                1,   0.875
       60, C        ,        1, gnnexplainer,             0.9, -11.765027046203613    , -10.217979431152344   , -6.860351085662842    , -10.832813262939453    , 0.9322137832641602    , 0.6148338317871094    , 3.9724621772766113   , 1.5470476150512695    , 4.9046759605407715    , -0.3173799514770508    , 3.040248394012451      ,                6,                1,   0.8333333333333334
       60, C        ,        2, gnnexplainer,             0.9, -12.83496379852295     , -11.292668342590332   , -10.0267972946167     , -12.055366516113281    , 0.779597282409668     , 0.7626981735229492    , 2.028569221496582    , 1.5422954559326172    , 2.80816650390625      , -0.01689910888671875   , 1.248971939086914      ,                6,                1,   0.8333333333333334
       60, C        ,        3, gnnexplainer,             0.9, -1.4039491415023804    , -1.6301811933517456   , -2.2103400230407715   , -1.2828102111816406    , 0.12113893032073975   , 0.347370982170105     , 0.9275298118591309   , 0.22623205184936523   , 0.8063908815383911    , 0.22623205184936523    , 0.8063908815383911     ,                8,                1,   0.875
       60, C        ,        4, gnnexplainer,             0.9, -1.8668973445892334    , -2.2652342319488525   , -2.2626020908355713   , -1.9992175102233887    , 0.13232016563415527   , 0.26601672172546387   , 0.2633845806121826   , 0.39833688735961914   , 0.3957047462463379    , 0.1336965560913086     , 0.13106441497802734    ,                8,                1,   0.875
       70, H        ,        0, gnnexplainer,             0.9, -0.21777480840682983   , -0.10191960632801056  , -0.27300480008125305  , -0.2288912832736969    , 0.011116474866867065  , 0.12697167694568634   , 0.04411351680755615  , 0.11585520207881927   , 0.05522999167442322   , 0.11585520207881927    , 0.03299704194068909    ,                2,                1,   0.5
       70, H        ,        1, gnnexplainer,             0.9, -0.2177737057209015    , -0.08318299055099487  , -0.23581641912460327  , -0.2288912832736969    , 0.01111757755279541   , 0.14570829272270203   , 0.006925135850906372 , 0.13459071516990662   , 0.018042713403701782  , 0.13459071516990662    , -0.004192441701889038  ,                2,                1,   0.5
       70, H        ,        2, gnnexplainer,             0.9, -0.42994076013565063   , -0.45380622148513794  , -0.15482935309410095  , -0.43758425116539      , 0.00764349102973938   , 0.016221970319747925  , 0.28275489807128906  , 0.023865461349487305  , 0.2751114070415497    , 0.008578479290008545   , 0.2751114070415497     ,                2,                1,   0.5
       70, H        ,        3, gnnexplainer,             0.9, -0.4298734664916992    , -0.33103686571121216  , -0.15078237652778625  , -0.4359964430332184    , 0.006122976541519165  , 0.10495957732200623   , 0.28521406650543213  , 0.09883660078048706   , 0.27909108996391296   , 0.09883660078048706    , 0.27909108996391296    ,                2,                1,   0.5
       70, H        ,        4, gnnexplainer,             0.9, -0.1671881079673767    , -0.14469772577285767  , -0.09714731574058533  , -0.16839148104190826   , 0.0012033730745315552 , 0.023693755269050598  , 0.07124416530132294  , 0.022490382194519043  , 0.07004079222679138   , 0.022490382194519043   , 0.07004079222679138    ,                2,                1,   0.5
       70, H        ,        5, gnnexplainer,             0.9, -0.1672239601612091    , -0.10915451496839523  , -0.1872502863407135   , -0.17097912728786469   , 0.0037551671266555786 , 0.06182461231946945   , 0.016271159052848816 , 0.05806944519281387   , 0.020026326179504395  , 0.05806944519281387    , 0.012515991926193237   ,                2,                1,   0.5
       70, H        ,        6, gnnexplainer,             0.9, -0.42992478609085083   , -0.3994617760181427   , -0.1542094200849533   , -0.43699654936790466   , 0.007071763277053833  , 0.03753477334976196   , 0.28278712928295135  , 0.03046301007270813   , 0.2757153660058975    , 0.03046301007270813    , 0.2757153660058975     ,                2,                1,   0.5
       70, H        ,        7, gnnexplainer,             0.9, -0.4298591613769531    , -0.34757179021835327  , -0.1377267837524414   , -0.4369964301586151    , 0.007137268781661987  , 0.08942463994026184   , 0.2992696464061737   , 0.08228737115859985   , 0.2921323776245117    , 0.08228737115859985    , 0.2921323776245117     ,                2,                1,   0.5
       70, C        ,        0, gnnexplainer,             0.9, -14.926131248474121    , -14.695448875427246   , -9.431234359741211    , -13.971240043640137    , 0.9548912048339844    , 0.7242088317871094    , 4.540005683898926    , 0.230682373046875     , 5.49489688873291      , -0.230682373046875     , 3.5851144790649414     ,                6,                1,   0.8333333333333334
       70, C        ,        1, gnnexplainer,             0.9, -14.925315856933594    , -14.475506782531738   , -10.230402946472168   , -13.960783958435059    , 0.9645318984985352    , 0.5147228240966797    , 3.7303810119628906   , 0.44980907440185547   , 4.694912910461426     , -0.44980907440185547   , 2.7658491134643555     ,                6,                1,   0.8333333333333334
       70, C        ,        2, gnnexplainer,             0.9, -4.708176136016846     , -4.045458793640137    , -2.5257151126861572   , -4.4604339599609375    , 0.2477421760559082    , 0.4149751663208008    , 1.9347188472747803   , 0.662717342376709     , 2.1824610233306885    , 0.16723299026489258    , 1.686976671218872      ,                8,                1,   0.875
       70, C        ,        3, gnnexplainer,             0.9, -7.178130626678467     , -6.991918563842773    , -4.234579086303711    , -6.963056564331055     , 0.2150740623474121    , 0.02886199951171875   , 2.7284774780273438   , 0.18621206283569336   , 2.943551540374756     , -0.18621206283569336   , 2.5134034156799316     ,                8,                1,   0.875
       70, C        ,        4, gnnexplainer,             0.9, -4.70876407623291      , -5.309898376464844    , -2.750555992126465    , -4.446389675140381     , 0.2623744010925293    , 0.8635087013244629    , 1.695833683013916    , 0.6011343002319336    , 1.9582080841064453    , 0.6011343002319336     , 1.4334592819213867     ,                8,                1,   0.875
       70, C        ,        5, gnnexplainer,             0.9, -14.924627304077148    , -16.253192901611328   , -10.30892276763916    , -13.959739685058594    , 0.9648876190185547    , 2.2934532165527344    , 3.6508169174194336   , 1.3285655975341797    , 4.615704536437988     , 1.3285655975341797     , 2.685929298400879      ,                6,                1,   0.8333333333333334
       70, C        ,        6, gnnexplainer,             0.9, -14.925527572631836    , -16.089229583740234   , -9.055591583251953    , -13.99178409576416     , 0.9337434768676758    , 2.097445487976074     , 4.936192512512207    , 1.1637020111083984    , 5.869935989379883     , 1.1637020111083984     , 4.002449035644531      ,                6,                1,   0.8333333333333334
       80, H        ,        0, gnnexplainer,             0.9, -0.027418017387390137  , -0.033087357878685    , -0.07141777127981186  , -0.01740874908864498   , 0.010009268298745155  , 0.015678608790040016  , 0.05400902219116688  , 0.005669340491294861  , 0.04399975389242172   , 0.005669340491294861   , 0.04399975389242172    ,                2,                1,   0.5
       80, H        ,        1, gnnexplainer,             0.9, -0.09810314327478409   , -0.14497050642967224  , -0.11271519958972931  , -0.10289161652326584   , 0.0047884732484817505 , 0.0420788899064064    , 0.00982358306646347  , 0.04686736315488815   , 0.014612056314945221  , 0.03729041665792465    , 0.00503510981798172    ,                2,                1,   0.5
       80, H        ,        2, gnnexplainer,             0.9, -0.17148622870445251   , -0.15994304418563843  , -0.07536473870277405  , -0.15494415163993835   , 0.01654207706451416   , 0.004998892545700073  , 0.0795794129371643   , 0.011543184518814087  , 0.09612149000167847   , -0.011543184518814087  , 0.06303733587265015    ,                2,                1,   0.5
       80, H        ,        3, gnnexplainer,             0.9, -0.1750560700893402    , -0.06602197140455246  , -0.15229594707489014  , -0.2196807712316513    , 0.044624701142311096  , 0.15365879982709885   , 0.06738482415676117  , 0.10903409868478775   , 0.022760123014450073  , 0.10903409868478775    , 0.022760123014450073   ,                2,                1,   0.5
       80, H        ,        4, gnnexplainer,             0.9, -0.17506587505340576   , -0.07775957882404327  , -0.20473742485046387  , -0.21868076920509338   , 0.04361489415168762   , 0.1409211903810501    , 0.013943344354629517 , 0.09730629622936249   , 0.029671549797058105  , 0.09730629622936249    , -0.029671549797058105  ,                2,                1,   0.5
       80, H        ,        5, gnnexplainer,             0.9, -0.1715124100446701    , -0.07038921862840652  , -0.18065862357616425  , -0.1559881865978241    , 0.015524223446846008  , 0.08559896796941757   , 0.02467043697834015  , 0.10112319141626358   , 0.00914621353149414   , 0.07007474452257156    , 0.00914621353149414    ,                2,                1,   0.5
       80, H        ,        6, gnnexplainer,             0.9, -0.02744060382246971   , -0.07287144660949707  , -0.03779744356870651  , -0.017996521666646004  , 0.009444082155823708  , 0.05487492494285107   , 0.01980092190206051  , 0.04543084278702736   , 0.010356839746236801  , 0.04543084278702736    , 0.010356839746236801   ,                2,                1,   0.5
       80, H        ,        7, gnnexplainer,             0.9, -0.09812439233064651   , -0.10926251113414764  , -0.11292403191328049  , -0.10184769332408905   , 0.0037233009934425354 , 0.007414817810058594  , 0.011076338589191437 , 0.01113811880350113   , 0.014799639582633972  , 0.0036915168166160583  , 0.007353037595748901   ,                2,                1,   0.5
       80, H        ,        8, gnnexplainer,             0.9, -0.27809271216392517   , -0.29166507720947266  , -0.14004184305667877  , -0.2789176404476166    , 0.0008249282836914062 , 0.012747436761856079  , 0.1388757973909378   , 0.013572365045547485  , 0.1380508691072464    , 0.011922508478164673   , 0.1380508691072464     ,                2,                1,   0.5
       80, H        ,        9, gnnexplainer,             0.9, -0.2780750095844269    , -0.25452566146850586  , -0.14212849736213684  , -0.2763298749923706    , 0.0017451345920562744 , 0.021804213523864746  , 0.13420137763023376  , 0.02354934811592102   , 0.13594651222229004   , 0.02005907893180847    , 0.1324562430381775     ,                2,                1,   0.5
       80, C        ,        0, gnnexplainer,             0.9, -1.342687726020813     , -1.5005055665969849   , -2.2039906978607178   , -1.346888780593872     , 0.004201054573059082  , 0.1536167860031128    , 0.8571019172668457   , 0.15781784057617188   , 0.8613029718399048    , 0.1494157314300537     , 0.8529008626937866     ,                8,                1,   0.875
       80, C        ,        1, gnnexplainer,             0.9, -1.342779278755188     , -1.3012558221817017   , -1.972145915031433    , -1.3468447923660278    , 0.004065513610839844  , 0.04558897018432617   , 0.6253011226654053   , 0.04152345657348633   , 0.6293666362762451    , 0.04152345657348633    , 0.6212356090545654     ,                8,                1,   0.875
       80, C        ,        2, gnnexplainer,             0.9, -1.8862941265106201    , -1.0307457447052002   , -2.3274192810058594   , -1.9850852489471436    , 0.09879112243652344   , 0.9543395042419434    , 0.3423340320587158   , 0.8555483818054199    , 0.44112515449523926   , 0.8555483818054199     , 0.24354290962219238    ,                8,                1,   0.875
       80, C        ,        3, gnnexplainer,             0.9, -8.737034797668457     , -8.35037612915039     , -5.502166271209717    , -8.796553611755371     , 0.05951881408691406   , 0.44617748260498047   , 3.2943873405456543   , 0.3866586685180664    , 3.2348685264587402    , 0.3866586685180664     , 3.2348685264587402     ,                6,                1,   0.8333333333333334
       80, C        ,        4, gnnexplainer,             0.9, -21.28660011291504     , -24.18228530883789    , -20.054079055786133   , -22.162132263183594    , 0.8755321502685547    , 2.020153045654297     , 2.108053207397461    , 2.8956851959228516    , 1.2325210571289062    , 1.1446208953857422     , 1.2325210571289062     ,                4,                1,   0.75
       80, C        ,        5, gnnexplainer,             0.9, -8.737071990966797     , -8.143957138061523    , -6.410491943359375    , -8.791465759277344     , 0.054393768310546875  , 0.6475086212158203    , 2.3809738159179688   , 0.5931148529052734    , 2.326580047607422     , 0.5931148529052734     , 2.326580047607422      ,                6,                1,   0.8333333333333334
       80, C        ,        6, gnnexplainer,             0.9, -1.8864959478378296    , -3.4045321941375732   , -2.29239821434021     , -1.9855414628982544    , 0.0990455150604248    , 1.4189907312393188    , 0.30685675144195557  , 1.5180362462997437    , 0.40590226650238037   , 1.319945216178894      , 0.20781123638153076    ,                8,                1,   0.875
       90, H        ,        0, gnnexplainer,             0.9, -0.19845396280288696   , -0.20135092735290527  , -0.0852903202176094   , -0.18835611641407013   , 0.010097846388816833  , 0.012994810938835144  , 0.10306579619646072  , 0.0028969645500183105 , 0.11316364258527756   , 0.0028969645500183105  , 0.09296794980764389    ,                2,                1,   0.5
       90, H        ,        1, gnnexplainer,             0.9, -0.20235732197761536   , -0.09566748887300491  , -0.22719207406044006  , -0.219400092959404     , 0.017042770981788635  , 0.12373260408639908   , 0.007791981101036072 , 0.10668983310461044   , 0.024834752082824707  , 0.10668983310461044    , -0.009250789880752563  ,                2,                1,   0.5
       90, H        ,        2, gnnexplainer,             0.9, -0.1984298825263977    , -0.18375399708747864  , -0.08582186698913574  , -0.1873561292886734    , 0.011073753237724304  , 0.003602132201194763  , 0.10153426229953766  , 0.014675885438919067  , 0.11260801553726196   , -0.007471621036529541  , 0.09046050906181335    ,                2,                1,   0.5
       90, H        ,        3, gnnexplainer,             0.9, -0.20235946774482727   , -0.21278980374336243  , -0.09501853585243225  , -0.22040009498596191   , 0.018040627241134644  , 0.007610291242599487  , 0.12538155913352966  , 0.010430335998535156  , 0.10734093189239502   , -0.010430335998535156  , 0.10734093189239502    ,                2,                1,   0.5
       90, H        ,        4, gnnexplainer,             0.9, -0.06380801647901535   , -0.08066901564598083  , -0.09532787650823593  , -0.03918096795678139   , 0.024627048522233963  , 0.04148804768919945   , 0.056146908551454544 , 0.016860999166965485  , 0.03151986002922058   , 0.016860999166965485   , 0.03151986002922058    ,                2,                1,   0.5
       90, H        ,        5, gnnexplainer,             0.9, -0.06375089287757874   , -0.09301029145717621  , -0.0908571407198906   , -0.037637174129486084  , 0.02611371874809265   , 0.055373117327690125  , 0.05321996659040451  , 0.029259398579597473  , 0.02710624784231186   , 0.029259398579597473   , 0.02710624784231186    ,                2,                1,   0.5
       90, H        ,        6, gnnexplainer,             0.9, -0.05907628312706947   , -0.04647262394428253  , -0.10035933554172516  , -0.01996183581650257   , 0.0391144473105669    , 0.02651078812777996   , 0.08039749972522259  , 0.012603659182786942  , 0.041283052414655685  , -0.012603659182786942  , 0.041283052414655685   ,                2,                1,   0.5
       90, H        ,        7, gnnexplainer,             0.9, -0.058992184698581696  , -0.0868937075138092   , -0.08365477621555328  , -0.018961835652589798  , 0.0400303490459919    , 0.0679318718612194    , 0.06469294056296349  , 0.02790152281522751   , 0.024662591516971588  , 0.02790152281522751    , 0.024662591516971588   ,                2,                1,   0.5
       90, H        ,        8, gnnexplainer,             0.9, -0.31759434938430786   , -0.1279124915599823   , -0.3274622857570648   , -0.3272422254085541    , 0.009647876024246216  , 0.19932973384857178   , 0.0002200603485107422, 0.18968185782432556   , 0.009867936372756958  , 0.18968185782432556    , -0.009427815675735474  ,                2,                1,   0.5
       90, H        ,        9, gnnexplainer,             0.9, -0.31764090061187744   , -0.2792086601257324   , -0.10119114816188812  , -0.3277859687805176    , 0.010145068168640137  , 0.048577308654785156  , 0.22659482061862946  , 0.03843224048614502   , 0.21644975244998932   , 0.03843224048614502    , 0.21644975244998932    ,                2,                1,   0.5
       90, C        ,        0, gnnexplainer,             0.9, -12.436816215515137    , -10.520379066467285   , -9.692766189575195    , -12.177125930786133    , 0.2596902847290039    , 1.6567468643188477    , 2.4843597412109375   , 1.9164371490478516    , 2.7440500259399414    , 1.3970565795898438     , 2.2246694564819336     ,                6,                1,   0.8333333333333334
       90, C        ,        1, gnnexplainer,             0.9, -12.437957763671875    , -12.148260116577148   , -9.088830947875977    , -12.184125900268555    , 0.2538318634033203    , 0.03586578369140625   , 3.095294952392578    , 0.28969764709472656   , 3.3491268157958984    , -0.21796607971191406   , 2.841463088989258      ,                6,                1,   0.8333333333333334
       90, C        ,        2, gnnexplainer,             0.9, -3.3234734535217285    , -3.2499945163726807   , -3.026343822479248    , -3.5679590702056885    , 0.24448561668395996   , 0.3179645538330078    , 0.5416152477264404   , 0.07347893714904785   , 0.29712963104248047   , 0.07347893714904785    , 0.29712963104248047    ,                8,                1,   0.875
       90, C        ,        3, gnnexplainer,             0.9, -4.7014851570129395    , -5.630037784576416    , -2.266115665435791    , -2.562379837036133     , 2.1391053199768066    , 3.067657947540283     , 0.2962641716003418   , 0.9285526275634766    , 2.4353694915771484    , 0.9285526275634766     , -1.8428411483764648    ,                8,                1,   0.875
       90, C        ,        4, gnnexplainer,             0.9, -3.3242270946502686    , -2.8865723609924316   , -2.501749277114868    , -3.576958417892456     , 0.2527313232421875    , 0.6903860569000244    , 1.075209140777588    , 0.4376547336578369    , 0.8224778175354004    , 0.4376547336578369     , 0.8224778175354004     ,                8,                1,   0.875
       90, C        ,        5, gnnexplainer,             0.9, -1.3100483417510986    , -1.4260296821594238   , -2.181342601776123    , -2.483546018600464     , 1.1734976768493652    , 1.05751633644104      , 0.3022034168243408   , 0.1159813404083252    , 0.8712942600250244    , -0.1159813404083252    , -0.8712942600250244    ,                8,                1,   0.875
       90, C        ,        6, gnnexplainer,             0.9, -1.1793450117111206    , -1.9276983737945557   , -2.1136999130249023   , -1.6082209348678589    , 0.4288759231567383    , 0.3194774389266968    , 0.5054789781570435   , 0.7483533620834351    , 0.9343549013137817    , -0.1093984842300415    , 0.07660305500030518    ,                8,                1,   0.875
      100, H        ,        0, gnnexplainer,             0.9, -0.16505244374275208   , -0.19919583201408386  , -0.04033612832427025  , -0.10940049588680267   , 0.0556519478559494    , 0.08979533612728119   , 0.06906436756253242  , 0.03414338827133179   , 0.12471631541848183   , 0.03414338827133179    , 0.013412419706583023   ,                2,                1,   0.5
      100, H        ,        1, gnnexplainer,             0.9, -0.24087098240852356   , -0.13886776566505432  , -0.27382558584213257  , -0.23804831504821777   , 0.002822667360305786  , 0.09918054938316345   , 0.035777270793914795 , 0.10200321674346924   , 0.03295460343360901   , 0.09635788202285767    , 0.03295460343360901    ,                2,                1,   0.5
      100, H        ,        2, gnnexplainer,             0.9, -0.2091895043849945    , -0.05580795556306839  , -0.20891505479812622  , -0.20094415545463562   , 0.008245348930358887  , 0.14513619989156723   , 0.0079708993434906   , 0.15338154882192612   , 0.00027444958686828613, 0.13689085096120834    , -0.00027444958686828613,                2,                1,   0.5
      100, H        ,        3, gnnexplainer,             0.9, -0.21013423800468445   , -0.2357800006866455   , -0.04612431675195694  , -0.20724231004714966   , 0.00289192795753479   , 0.02853769063949585   , 0.16111799329519272  , 0.02564576268196106   , 0.1640099212527275    , 0.02564576268196106    , 0.15822606533765793    ,                2,                1,   0.5
      100, H        ,        4, gnnexplainer,             0.9, -0.16471192240715027   , -0.15554139018058777  , -0.061829932034015656 , -0.10781259089708328   , 0.056899331510066986  , 0.047728799283504486  , 0.04598265886306763  , 0.0091705322265625    , 0.10288199037313461   , -0.0091705322265625    , -0.010916672646999359  ,                2,                1,   0.5
      100, H        ,        5, gnnexplainer,             0.9, -0.2407250702381134    , -0.13523253798484802  , -0.22057276964187622  , -0.23804831504821777   , 0.00267675518989563   , 0.10281577706336975   , 0.017475545406341553 , 0.10549253225326538   , 0.020152300596237183  , 0.10013902187347412    , 0.014798790216445923   ,                2,                1,   0.5
      100, H        ,        6, gnnexplainer,             0.9, -0.20908507704734802   , -0.059409208595752716 , -0.23422685265541077  , -0.19790023565292358   , 0.011184841394424438  , 0.13849102705717087   , 0.03632661700248718  , 0.1496758684515953    , 0.025141775608062744  , 0.12730618566274643    , 0.025141775608062744   ,                2,                1,   0.5
      100, H        ,        7, gnnexplainer,             0.9, -0.21006450057029724   , -0.233239084482193    , -0.05072043463587761  , -0.207830011844635     , 0.0022344887256622314 , 0.025409072637557983  , 0.1571095772087574   , 0.023174583911895752  , 0.15934406593441963   , 0.023174583911895752   , 0.15487508848309517    ,                2,                1,   0.5
      100, H        ,        8, gnnexplainer,             0.9, -0.3806816339492798    , -0.13716071844100952  , -0.3829907476902008   , -0.3755839467048645    , 0.005097687244415283  , 0.23842322826385498   , 0.007406800985336304 , 0.24352091550827026   , 0.0023091137409210205 , 0.2333255410194397     , 0.0023091137409210205  ,                2,                1,   0.5
      100, H        ,        9, gnnexplainer,             0.9, -0.38972845673561096   , -0.14158357679843903  , -0.3850124478340149   , -0.3989441692829132    , 0.009215712547302246  , 0.2573605924844742    , 0.013931721448898315 , 0.24814487993717194   , 0.004716008901596069  , 0.24814487993717194    , 0.004716008901596069   ,                2,                1,   0.5
      100, H        ,       10, gnnexplainer,             0.9, -0.38028034567832947   , -0.35622137784957886  , -0.12591736018657684  , -0.3761277496814728    , 0.0041525959968566895 , 0.01990637183189392   , 0.25021038949489594  , 0.02405896782875061   , 0.2543629854917526    , 0.01575377583503723    , 0.24605779349803925    ,                2,                1,   0.5
      100, H        ,       11, gnnexplainer,             0.9, -0.3896745443344116    , -0.13792496919631958  , -0.3634674549102783   , -0.39840036630630493   , 0.00872582197189331   , 0.26047539710998535   , 0.03493291139602661  , 0.25174957513809204   , 0.0262070894241333    , 0.25174957513809204    , 0.0262070894241333     ,                2,                1,   0.5
      100, C        ,        0, gnnexplainer,             0.9, -13.191910743713379    , -12.235833168029785   , -8.82022476196289     , -12.375083923339844    , 0.8168268203735352    , 0.1392507553100586    , 3.554859161376953    , 0.9560775756835938    , 4.371685981750488     , -0.6775760650634766    , 2.738032341003418      ,                6,                1,   0.8333333333333334
      100, C        ,        1, gnnexplainer,             0.9, -12.811239242553711    , -12.470419883728027   , -8.614211082458496    , -11.804821014404297    , 1.006418228149414     , 0.6655988693237305    , 3.190609931945801    , 0.3408193588256836    , 4.197028160095215     , -0.3408193588256836    , 2.1841917037963867     ,                6,                1,   0.8333333333333334
      100, C        ,        2, gnnexplainer,             0.9, -1.691351294517517     , -2.1039865016937256   , -2.516728639602661    , -1.6737298965454102    , 0.017621397972106934  , 0.43025660514831543   , 0.842998743057251    , 0.4126352071762085    , 0.825377345085144     , 0.4126352071762085     , 0.825377345085144      ,                8,                1,   0.875
      100, C        ,        3, gnnexplainer,             0.9, -2.3674747943878174    , -2.905092239379883    , -1.6911331415176392   , -2.5376546382904053    , 0.1701798439025879    , 0.36743760108947754   , 0.8465214967727661   , 0.5376174449920654    , 0.6763416528701782    , 0.19725775718688965    , 0.6763416528701782     ,                8,                1,   0.875
      100, C        ,        4, gnnexplainer,             0.9, -13.185250282287598    , -11.06530475616455    , -8.157570838928223    , -12.36849594116211     , 0.8167543411254883    , 1.3031911849975586    , 4.210925102233887    , 2.119945526123047     , 5.027679443359375     , 0.4864368438720703     , 3.3941707611083984     ,                6,                1,   0.8333333333333334
      100, C        ,        5, gnnexplainer,             0.9, -12.811102867126465    , -13.464555740356445   , -6.513821601867676    , -11.801776885986328    , 1.0093259811401367    , 1.6627788543701172    , 5.287955284118652    , 0.6534528732299805    , 6.297281265258789     , 0.6534528732299805     , 4.278629302978516      ,                6,                1,   0.8333333333333334
      100, C        ,        6, gnnexplainer,             0.9, -1.6923617124557495    , -2.027435302734375    , -2.216942548751831    , -1.6883175373077393    , 0.004044175148010254  , 0.33911776542663574   , 0.5286250114440918   , 0.3350735902786255    , 0.5245808362960815    , 0.3350735902786255     , 0.5245808362960815     ,                8,                1,   0.875
      100, C        ,        7, gnnexplainer,             0.9, -2.3703835010528564    , -3.251265525817871    , -2.135838508605957    , -2.541698694229126     , 0.17131519317626953   , 0.7095668315887451    , 0.40586018562316895  , 0.8808820247650146    , 0.23454499244689941   , 0.5382516384124756     , 0.23454499244689941    ,                8,                1,   0.875
      110, H        ,        1, gnnexplainer,             0.9, -0.10920101404190063   , -0.14938408136367798  , -0.1253216415643692   , -0.1273377686738968    , 0.018136754631996155  , 0.02204631268978119   , 0.002016127109527588 , 0.040183067321777344  , 0.016120627522468567  , 0.003909558057785034   , -0.016120627522468567  ,                2,                1,   0.5
      110, H        ,        2, gnnexplainer,             0.9, -0.2283031940460205    , -0.1978231966495514   , -0.1415485143661499   , -0.2402072548866272    , 0.01190406084060669   , 0.042384058237075806  , 0.0986587405204773   , 0.030479997396469116  , 0.0867546796798706    , 0.030479997396469116   , 0.0867546796798706     ,                2,                1,   0.5
      110, H        ,        3, gnnexplainer,             0.9, -0.22828683257102966   , -0.11828392744064331  , -0.18116134405136108  , -0.2402072548866272    , 0.011920422315597534  , 0.12192332744598389   , 0.05904591083526611  , 0.11000290513038635   , 0.04712548851966858   , 0.11000290513038635    , 0.04712548851966858    ,                2,                1,   0.5
      110, H        ,        4, gnnexplainer,             0.9, -0.10920549184083939   , -0.10177900642156601  , -0.15006178617477417  , -0.1273377686738968    , 0.018132276833057404  , 0.02555876225233078   , 0.02272401750087738  , 0.0074264854192733765 , 0.040856294333934784  , 0.0074264854192733765  , 0.004591740667819977   ,                2,                1,   0.5
      110, C        ,        0, gnnexplainer,             0.9, -7.126373767852783     , -8.16330623626709     , -4.727180004119873    , -6.972162246704102     , 0.15421152114868164   , 1.1911439895629883    , 2.2449822425842285   , 1.0369324684143066    , 2.39919376373291      , 1.0369324684143066     , 2.090770721435547      ,                6,                1,   0.8333333333333334
      110, C        ,        1, gnnexplainer,             0.9, -8.055039405822754     , -8.196259498596191    , -6.070047855377197    , -7.537105083465576     , 0.5179343223571777    , 0.6591544151306152    , 1.467057228088379    , 0.1412200927734375    , 1.9849915504455566    , 0.1412200927734375     , 0.9491229057312012     ,                6,                1,   0.8333333333333334
      110, C        ,        2, gnnexplainer,             0.9, -8.055413246154785     , -8.204355239868164    , -6.0989861488342285   , -7.534061431884766     , 0.5213518142700195    , 0.6702938079833984    , 1.435075283050537    , 0.1489419937133789    , 1.9564270973205566    , 0.1489419937133789     , 0.9137234687805176     ,                6,                1,   0.8333333333333334
      110, C        ,        3, gnnexplainer,             0.9, -7.12748384475708      , -5.478255748748779    , -5.929073810577393    , -6.973206043243408     , 0.15427780151367188   , 1.494950294494629     , 1.0441322326660156   , 1.6492280960083008    , 1.1984100341796875    , 1.340672492980957      , 0.8898544311523438     ,                6,                1,   0.8333333333333334
      120, H        ,        0, gnnexplainer,             0.9, -0.026907838881015778  , -0.03316236659884453  , -0.05239678919315338  , -0.022540390491485596  , 0.004367448389530182  , 0.010621976107358932  , 0.029856398701667786 , 0.006254527717828751  , 0.025488950312137604  , 0.006254527717828751   , 0.025488950312137604   ,                2,                1,   0.5
      120, H        ,        1, gnnexplainer,             0.9, -0.024174585938453674  , -0.03444361686706543  , -0.04299825429916382  , -0.036847420036792755  , 0.01267283409833908   , 0.0024038031697273254 , 0.006150834262371063 , 0.010269030928611755  , 0.018823668360710144  , -0.010269030928611755  , -0.006521999835968018  ,                2,                1,   0.5
      120, H        ,        2, gnnexplainer,             0.9, -0.016211897134780884  , -0.027589283883571625 , -0.027033716440200806 , -0.007022771053016186  , 0.009189126081764698  , 0.02056651283055544   , 0.02001094538718462  , 0.011377386748790741  , 0.010821819305419922  , 0.011377386748790741   , 0.010821819305419922   ,                2,                1,   0.5
      120, H        ,        3, gnnexplainer,             0.9, -0.024155650287866592  , -0.027932029217481613 , -0.0467500165104866   , -0.036847420036792755  , 0.012691769748926163  , 0.008915390819311142  , 0.009902596473693848 , 0.0037763789296150208 , 0.02259436622262001   , -0.0037763789296150208 , -0.002789173275232315  ,                2,                1,   0.5
      120, H        ,        4, gnnexplainer,             0.9, -0.02690637856721878   , -0.031871236860752106 , -0.044208064675331116 , -0.021996520459651947  , 0.0049098581075668335 , 0.009874716401100159  , 0.02221154421567917  , 0.004964858293533325  , 0.017301686108112335  , 0.004964858293533325   , 0.017301686108112335   ,                2,                1,   0.5
      120, H        ,        5, gnnexplainer,             0.9, -0.016217783093452454  , -0.046684227883815765 , -0.05449114367365837  , -0.008022771216928959  , 0.008195011876523495  , 0.038661456666886806  , 0.04646837245672941  , 0.030466444790363312  , 0.03827336058020592   , 0.030466444790363312   , 0.03827336058020592    ,                2,                1,   0.5
      120, H        ,        6, gnnexplainer,             0.9, -0.16145449876785278   , -0.18265190720558167  , -0.0745319351553917   , -0.20456579327583313   , 0.04311129450798035   , 0.021913886070251465  , 0.13003385812044144  , 0.021197408437728882  , 0.08692256361246109   , -0.021197408437728882  , 0.08692256361246109    ,                2,                1,   0.5
      120, C        ,        0, gnnexplainer,             0.9, -0.556962251663208     , -1.1689602136611938   , -1.7056046724319458   , -0.4133473336696625    , 0.14361491799354553   , 0.7556128799915314    , 1.2922573387622833   , 0.6119979619979858    , 1.1486424207687378    , 0.6119979619979858     , 1.1486424207687378     ,                8,                1,   0.875
      120, C        ,        1, gnnexplainer,             0.9, -1.7020940780639648    , -2.307371139526367    , -1.7487196922302246   , -0.9140114188194275    , 0.7880826592445374    , 1.3933597207069397    , 0.8347082734107971   , 0.6052770614624023    , 0.046625614166259766  , 0.6052770614624023     , 0.046625614166259766   ,                8,                1,   0.875
      120, C        ,        2, gnnexplainer,             0.9, -0.5564891695976257    , -1.0076266527175903   , -2.4515771865844727   , -0.41389089822769165   , 0.14259827136993408   , 0.5937357544898987    , 2.037686288356781    , 0.4511374831199646    , 1.895088016986847     , 0.4511374831199646     , 1.895088016986847      ,                8,                1,   0.875
      120, C        ,        3, gnnexplainer,             0.9, -7.377636909484863     , -8.520353317260742    , -6.57860803604126     , -8.616695404052734     , 1.239058494567871     , 0.09634208679199219   , 2.0380873680114746   , 1.142716407775879     , 0.7990288734436035    , -1.142716407775879     , 0.7990288734436035     ,                4,                1,   0.75
      130, H        ,        0, gnnexplainer,             0.9, -0.1311126947402954    , -0.12761080265045166  , -0.03294648602604866  , -0.11868922412395477   , 0.012423470616340637  , 0.008921578526496887  , 0.08574273809790611  , 0.00350189208984375   , 0.09816620871424675   , -0.00350189208984375   , 0.07331926748156548    ,                2,                1,   0.5
      130, H        ,        1, gnnexplainer,             0.9, -0.15854422748088837   , -0.026279613375663757 , -0.1757487654685974   , -0.1594705879688263    , 0.0009263604879379272 , 0.13319097459316254   , 0.016278177499771118 , 0.1322646141052246    , 0.017204537987709045  , 0.1322646141052246     , 0.015351817011833191   ,                2,                1,   0.5
      130, H        ,        2, gnnexplainer,             0.9, -0.1584237813949585    , -0.0451924167573452   , -0.14779916405677795  , -0.15842658281326294   , 2.8014183044433594e-06, 0.11323416605591774   , 0.010627418756484985 , 0.1132313646376133    , 0.010624617338180542  , 0.1132313646376133     , 0.010624617338180542   ,                2,                1,   0.5
      130, H        ,        3, gnnexplainer,             0.9, -0.23272719979286194   , -0.2298494577407837   , -0.07560671865940094  , -0.22668899595737457   , 0.006038203835487366  , 0.0031604617834091187 , 0.15108227729797363  , 0.002877742052078247  , 0.157120481133461     , -0.002877742052078247  , 0.14504407346248627    ,                2,                1,   0.5
      130, H        ,        4, gnnexplainer,             0.9, -0.2368205487728119    , -0.21493491530418396  , -0.09210333973169327  , -0.22668899595737457   , 0.010131552815437317  , 0.011754080653190613  , 0.1345856562256813   , 0.02188563346862793   , 0.14471720904111862   , 0.001622527837753296   , 0.12445410341024399    ,                2,                1,   0.5
      130, H        ,        5, gnnexplainer,             0.9, -0.3973259925842285    , -0.3731566071510315   , -0.15142938494682312  , -0.42484647035598755   , 0.027520477771759033  , 0.051689863204956055  , 0.27341708540916443  , 0.02416938543319702   , 0.2458966076374054    , 0.02416938543319702    , 0.2458966076374054     ,                2,                1,   0.5
      130, H        ,        6, gnnexplainer,             0.9, -0.2744962275028229    , -0.28218722343444824  , -0.1327631175518036   , -0.29372507333755493   , 0.019228845834732056  , 0.01153784990310669   , 0.16096195578575134  , 0.007690995931625366  , 0.1417331099510193    , -0.007690995931625366  , 0.1417331099510193     ,                2,                1,   0.5
      130, C        ,        0, gnnexplainer,             0.9, -1.7423796653747559    , -1.8741239309310913   , -2.4000816345214844   , -1.7884330749511719    , 0.046053409576416016  , 0.08569085597991943   , 0.6116485595703125   , 0.13174426555633545   , 0.6577019691467285    , 0.03963744640350342    , 0.5655951499938965     ,                8,                1,   0.875
      130, C        ,        1, gnnexplainer,             0.9, -13.461849212646484    , -14.393990516662598   , -8.190807342529297    , -13.720624923706055    , 0.2587757110595703    , 0.673365592956543     , 5.529817581176758    , 0.9321413040161133    , 5.2710418701171875    , 0.41458988189697266    , 5.2710418701171875     ,                6,                1,   0.8333333333333334
      130, C        ,        2, gnnexplainer,             0.9, -10.232084274291992    , -10.250899314880371   , -6.4036641120910645   , -9.822896003723145     , 0.40918827056884766   , 0.42800331115722656   , 3.41923189163208     , 0.018815040588378906  , 3.8284201622009277    , 0.018815040588378906   , 3.0100436210632324     ,                6,                1,   0.8333333333333334
      130, C        ,        3, gnnexplainer,             0.9, -1.1955355405807495    , -0.882113516330719    , -1.8346749544143677   , -1.3442350625991821    , 0.14869952201843262   , 0.46212154626846313   , 0.49043989181518555  , 0.3134220242500305    , 0.6391394138336182    , 0.3134220242500305     , 0.34174036979675293    ,                8,                1,   0.875
      130, C        ,        4, gnnexplainer,             0.9, -8.084129333496094     , -9.103813171386719    , -6.681822776794434    , -9.0869722366333       , 1.002842903137207     , 0.01684093475341797   , 2.405149459838867    , 1.019683837890625     , 1.4023065567016602    , -0.9860019683837891    , 1.4023065567016602     ,                4,                1,   0.75
      140, H        ,        0, gnnexplainer,             0.9, -0.0984337329864502    , -0.1107327863574028   , -0.09449376165866852  , -0.10207520425319672   , 0.003641471266746521  , 0.008657582104206085  , 0.007581442594528198 , 0.012299053370952606  , 0.003939971327781677  , 0.005016110837459564   , 0.003939971327781677   ,                2,                1,   0.5
      140, H        ,        1, gnnexplainer,             0.9, -0.09144803881645203   , -0.06250713765621185  , -0.08865369856357574  , -0.1094622015953064    , 0.01801416277885437   , 0.04695506393909454   , 0.020808503031730652 , 0.028940901160240173  , 0.0027943402528762817 , 0.028940901160240173   , 0.0027943402528762817  ,                2,                1,   0.5
      140, H        ,        2, gnnexplainer,             0.9, -0.01340533047914505   , -0.028107598423957825 , -0.04055266082286835  , -0.00036484748125076294, 0.013040482997894287  , 0.027742750942707062  , 0.040187813341617584 , 0.014702267944812775  , 0.027147330343723297  , 0.014702267944812775   , 0.027147330343723297   ,                2,                1,   0.5
      140, H        ,        3, gnnexplainer,             0.9, -0.020646415650844574  , -0.01650213450193405  , -0.03759212791919708  , -0.017760200425982475  , 0.0028862152248620987 , 0.0012580659240484238 , 0.019831927493214607 , 0.0041442811489105225 , 0.01694571226835251   , -0.001628149300813675  , 0.01694571226835251    ,                2,                1,   0.5
      140, H        ,        4, gnnexplainer,             0.9, -0.015238117426633835  , -0.04176974296569824  , -0.017926909029483795 , -0.02005835622549057   , 0.004820238798856735  , 0.021711386740207672  , 0.002131447196006775 , 0.026531625539064407  , 0.0026887916028499603 , 0.016891147941350937   , -0.0026887916028499603 ,                2,                1,   0.5
      140, H        ,        5, gnnexplainer,             0.9, -0.18500816822052002   , -0.1654319167137146   , -0.10355989634990692  , -0.18887393176555634   , 0.003865763545036316  , 0.023442015051841736  , 0.08531403541564941  , 0.01957625150680542   , 0.0814482718706131    , 0.01957625150680542    , 0.0814482718706131     ,                2,                1,   0.5
      140, C        ,        0, gnnexplainer,             0.9, -2.5951755046844482    , -2.671144485473633    , -2.5768604278564453   , -2.7672555446624756    , 0.17208003997802734   , 0.09611105918884277   , 0.19039511680603027  , 0.07596898078918457   , 0.01831507682800293   , -0.07596898078918457   , 0.01831507682800293    ,                8,                1,   0.875
      140, C        ,        1, gnnexplainer,             0.9, -2.5963597297668457    , -2.349752426147461    , -2.427704334259033    , -2.800291061401367     , 0.20393133163452148   , 0.45053863525390625   , 0.372586727142334    , 0.24660730361938477   , 0.1686553955078125    , 0.24660730361938477    , 0.1686553955078125     ,                8,                1,   0.875
      140, C        ,        2, gnnexplainer,             0.9, -0.5036308169364929    , -0.5072881579399109   , -2.28248929977417     , -0.6263213157653809    , 0.12269049882888794   , 0.11903315782546997   , 1.656167984008789    , 0.0036573410034179688 , 1.778858482837677     , -0.0036573410034179688 , 1.5334774851799011     ,                8,                1,   0.875
      150, H        ,        2, gnnexplainer,             0.9, -0.060744572430849075  , -0.056085068732500076 , -0.07028571516275406  , -0.05671580880880356   , 0.004028763622045517  , 0.0006307400763034821 , 0.0135699063539505   , 0.004659503698348999  , 0.009541142731904984  , -0.003398023545742035  , 0.009541142731904984   ,                2,                1,   0.5
      150, H        ,        3, gnnexplainer,             0.9, -0.07155074179172516   , -0.08092139661312103  , -0.07420646399259567  , -0.068961501121521     , 0.0025892406702041626 , 0.011959895491600037  , 0.0052449628710746765, 0.009370654821395874  , 0.002655722200870514  , 0.009370654821395874   , 0.002655722200870514   ,                2,                1,   0.5
      150, H        ,        4, gnnexplainer,             0.9, -0.060738157480955124  , -0.05554956570267677  , -0.058059096336364746 , -0.05671580880880356   , 0.0040223486721515656 , 0.0011662431061267853 , 0.0013432875275611877, 0.005188591778278351  , 0.002679061144590378  , -0.0028561055660247803 , -0.002679061144590378  ,                2,                1,   0.5
      150, H        ,        5, gnnexplainer,             0.9, -0.07154551148414612   , -0.06146319583058357  , -0.09226393699645996  , -0.068961501121521     , 0.002584010362625122  , 0.007498305290937424  , 0.023302435874938965 , 0.010082315653562546  , 0.020718425512313843  , 0.004914294928312302   , 0.020718425512313843   ,                2,                1,   0.5
      150, H        ,        6, gnnexplainer,             0.9, -0.07154706120491028   , -0.09061022102832794  , -0.0739513486623764   , -0.068961501121521     , 0.0025855600833892822 , 0.021648719906806946  , 0.004989847540855408 , 0.019063159823417664  , 0.0024042874574661255 , 0.019063159823417664   , 0.0024042874574661255  ,                2,                1,   0.5
      150, H        ,        7, gnnexplainer,             0.9, -0.06074276193976402   , -0.07233844697475433  , -0.07406137883663177  , -0.05771580711007118   , 0.0030269548296928406 , 0.014622639864683151  , 0.016345571726560593 , 0.01159568503499031   , 0.013318616896867752  , 0.01159568503499031    , 0.013318616896867752   ,                2,                1,   0.5
      150, H        ,        8, gnnexplainer,             0.9, -0.0607454888522625    , -0.06524933129549026  , -0.05810287222266197  , -0.05671580880880356   , 0.004029680043458939  , 0.008533522486686707  , 0.0013870634138584137, 0.004503842443227768  , 0.002642616629600525  , 0.004503842443227768   , -0.002642616629600525  ,                2,                1,   0.5
      150, H        ,        9, gnnexplainer,             0.9, -0.07154908776283264   , -0.07089833915233612  , -0.07288628071546555  , -0.068961501121521     , 0.0025875866413116455 , 0.0019368380308151245 , 0.0039247795939445496, 0.000650748610496521  , 0.001337192952632904  , -0.000650748610496521  , 0.001337192952632904   ,                2,                1,   0.5
      150, C        ,        0, gnnexplainer,             0.9, -1.8284080028533936    , -2.029081344604492    , -2.550067663192749    , -1.9433090686798096    , 0.11490106582641602   , 0.08577227592468262   , 0.6067585945129395   , 0.20067334175109863   , 0.7216596603393555    , -0.0291287899017334    , 0.49185752868652344    ,                8,                1,   0.875
      150, C        ,        1, gnnexplainer,             0.9, -1.8284770250320435    , -1.839856505393982    , -2.10935640335083     , -1.9437216520309448    , 0.11524462699890137   , 0.10386514663696289   , 0.16563475131988525  , 0.011379480361938477  , 0.2808793783187866    , -0.011379480361938477  , 0.05039012432098389    ,                8,                1,   0.875
      150, C        ,        2, gnnexplainer,             0.9, -1.828346848487854     , -1.6373087167739868   , -2.3614730834960938   , -1.9387212991714478    , 0.11037445068359375   , 0.30141258239746094   , 0.422751784324646    , 0.1910381317138672    , 0.5331262350082397    , 0.1910381317138672     , 0.31237733364105225    ,                8,                1,   0.875
      150, C        ,        3, gnnexplainer,             0.9, -1.8283494710922241    , -1.852529764175415    , -2.5630786418914795   , -1.9353091716766357    , 0.10695970058441162   , 0.0827794075012207    , 0.6277694702148438   , 0.024180293083190918  , 0.7347291707992554    , -0.024180293083190918  , 0.5208097696304321     ,                8,                1,   0.875
      160, H        ,        1, gnnexplainer,             0.9, -0.2100701630115509    , -0.1339752972126007   , -0.20824381709098816  , -0.20504018664360046   , 0.0050299763679504395 , 0.07106488943099976   , 0.0032036304473876953, 0.0760948657989502    , 0.0018263459205627441 , 0.06603491306304932    , -0.0018263459205627441 ,                2,                1,   0.5
      160, H        ,        2, gnnexplainer,             0.9, -0.1512194126844406    , -0.1436673104763031   , -0.1127614974975586   , -0.10492520779371262   , 0.046294204890728     , 0.038742102682590485  , 0.007836289703845978 , 0.007552102208137512  , 0.03845791518688202   , -0.007552102208137512  , -0.03845791518688202   ,                2,                1,   0.5
      160, H        ,        3, gnnexplainer,             0.9, -0.18834778666496277   , -0.1117388904094696   , -0.169923335313797    , -0.2090143859386444    , 0.02066659927368164   , 0.0972754955291748    , 0.03909105062484741  , 0.07660889625549316   , 0.01842445135116577   , 0.07660889625549316    , 0.01842445135116577    ,                2,                1,   0.5
      160, H        ,        4, gnnexplainer,             0.9, -0.21834146976470947   , -0.094742052257061    , -0.1793251633644104   , -0.23812811076641083   , 0.019786641001701355  , 0.14338605850934982   , 0.05880294740200043  , 0.12359941750764847   , 0.03901630640029907   , 0.12359941750764847    , 0.03901630640029907    ,                2,                1,   0.5
      160, H        ,        5, gnnexplainer,             0.9, -0.0991494357585907    , -0.13242773711681366  , -0.08642647415399551  , -0.08956525474786758   , 0.009584181010723114  , 0.042862482368946075  , 0.0031387805938720703, 0.03327830135822296   , 0.012722961604595184  , 0.03327830135822296    , -0.006445400416851044  ,                2,                1,   0.5
      160, H        ,        6, gnnexplainer,             0.9, -0.1886419951915741    , -0.1741325855255127   , -0.12906795740127563  , -0.21079523861408234   , 0.02215324342250824   , 0.03666265308856964   , 0.0817272812128067   , 0.014509409666061401  , 0.05957403779029846   , 0.014509409666061401   , 0.05957403779029846    ,                2,                1,   0.5
      160, C        ,        0, gnnexplainer,             0.9, -7.5301594734191895    , -7.972109317779541    , -5.342247486114502    , -7.402536869049072     , 0.1276226043701172    , 0.5695724487304688    , 2.0602893829345703   , 0.44194984436035156   , 2.1879119873046875    , 0.44194984436035156    , 1.9326667785644531     ,                6,                1,   0.8333333333333334
      160, C        ,        1, gnnexplainer,             0.9, -7.5201239585876465    , -7.823526859283447    , -6.23238468170166     , -7.246370792388916     , 0.27375316619873047   , 0.5771560668945312    , 1.0139861106872559   , 0.3034029006958008    , 1.2877392768859863    , 0.3034029006958008     , 0.7402329444885254     ,                6,                1,   0.8333333333333334
      160, C        ,        2, gnnexplainer,             0.9, -6.183011054992676     , -6.980950355529785    , -4.161036968231201    , -6.147225379943848     , 0.035785675048828125  , 0.8337249755859375    , 1.9861884117126465   , 0.7979393005371094    , 2.0219740867614746    , 0.7979393005371094     , 1.9504027366638184     ,                6,                1,   0.8333333333333334
      160, C        ,        3, gnnexplainer,             0.9, -5.202700614929199     , -5.268285274505615    , -5.814330101013184    , -5.3162150382995605    , 0.11351442337036133   , 0.04792976379394531   , 0.49811506271362305  , 0.06558465957641602   , 0.6116294860839844    , -0.06558465957641602   , 0.3846006393432617     ,                6,                1,   0.8333333333333334
      160, C        ,        4, gnnexplainer,             0.9, -5.638463020324707     , -5.548383712768555    , -5.190488815307617    , -5.957389831542969     , 0.3189268112182617    , 0.40900611877441406   , 0.7669010162353516   , 0.09007930755615234   , 0.44797420501708984   , 0.09007930755615234    , 0.44797420501708984    ,                6,                1,   0.8333333333333334
      160, C        ,        5, gnnexplainer,             0.9, -7.49840784072876      , -6.892663955688477    , -6.289123058319092    , -7.291740894317627     , 0.2066669464111328    , 0.3990769386291504    , 1.0026178359985352   , 0.6057438850402832    , 1.209284782409668     , 0.19240999221801758    , 0.7959508895874023     ,                6,                1,   0.8333333333333334
      160, C        ,        6, gnnexplainer,             0.9, -7.5932207107543945    , -8.25499153137207     , -6.676311016082764    , -7.899500846862793     , 0.30628013610839844   , 0.35549068450927734   , 1.2231898307800293   , 0.6617708206176758    , 0.9169096946716309    , 0.049210548400878906   , 0.9169096946716309     ,                6,                1,   0.8333333333333334
      160, C        ,        7, gnnexplainer,             0.9, -6.825346946716309     , -6.2890543937683105   , -5.0901055335998535   , -7.095738887786865     , 0.27039194107055664   , 0.8066844940185547    , 2.0056333541870117   , 0.536292552947998     , 1.735241413116455     , 0.536292552947998      , 1.735241413116455      ,                6,                1,   0.8333333333333334
      170, H        ,        0, gnnexplainer,             0.9, -0.08065252006053925   , -0.10697945207357407  , -0.0931205153465271   , -0.026961499825119972  , 0.05369102023541927   , 0.0800179522484541    , 0.06615901552140713  , 0.02632693201303482   , 0.012467995285987854  , 0.02632693201303482    , 0.012467995285987854   ,                2,                1,   0.5
      170, H        ,        1, gnnexplainer,             0.9, -0.08064423501491547   , -0.11392676830291748  , -0.09387820959091187  , -0.027961499989032745  , 0.05268273502588272   , 0.08596526831388474   , 0.06591670960187912  , 0.033282533288002014  , 0.013233974575996399  , 0.033282533288002014   , 0.013233974575996399   ,                2,                1,   0.5
      170, H        ,        2, gnnexplainer,             0.9, -0.08063553273677826   , -0.09274071455001831  , -0.07970697432756424  , -0.027961499989032745  , 0.052674032747745514  , 0.06477921456098557   , 0.051745474338531494 , 0.012105181813240051  , 0.0009285584092140198 , 0.012105181813240051   , -0.0009285584092140198 ,                2,                1,   0.5
      170, H        ,        3, gnnexplainer,             0.9, -0.08062697947025299   , -0.10395590960979462  , -0.08569402247667313  , -0.026961499825119972  , 0.05366547964513302   , 0.07699440978467464   , 0.058732522651553154 , 0.023328930139541626  , 0.0050670430064201355 , 0.023328930139541626   , 0.0050670430064201355  ,                2,                1,   0.5
      170, H        ,        4, gnnexplainer,             0.9, -0.07791470736265182   , -0.11638758331537247  , -0.08416330814361572  , -0.027961499989032745  , 0.04995320737361908   , 0.08842608332633972   , 0.05620180815458298  , 0.03847287595272064   , 0.006248600780963898  , 0.03847287595272064    , 0.006248600780963898   ,                2,                1,   0.5
      170, H        ,        5, gnnexplainer,             0.9, -0.07790467888116837   , -0.086887888610363    , -0.08673473447561264  , -0.026961499825119972  , 0.05094317905604839   , 0.059926388785243034  , 0.05977323465049267  , 0.008983209729194641  , 0.008830055594444275  , 0.008983209729194641   , 0.008830055594444275   ,                2,                1,   0.5
      170, H        ,        6, gnnexplainer,             0.9, -0.07790350168943405   , -0.10163182020187378  , -0.08057710528373718  , -0.026961499825119972  , 0.05094200186431408   , 0.07467032037675381   , 0.05361560545861721  , 0.023728318512439728  , 0.002673603594303131  , 0.023728318512439728   , 0.002673603594303131   ,                2,                1,   0.5
      170, H        ,        7, gnnexplainer,             0.9, -0.07790827751159668   , -0.09222473949193954  , -0.10241994261741638  , -0.02896150015294552   , 0.04894677735865116   , 0.06326323933899403   , 0.07345844246447086  , 0.014316461980342865  , 0.024511665105819702  , 0.014316461980342865   , 0.024511665105819702   ,                2,                1,   0.5
      170, H        ,        8, gnnexplainer,             0.9, -0.07964935898780823   , -0.0905008465051651   , -0.10889483243227005  , -0.02691764011979103   , 0.0527317188680172    , 0.06358320638537407   , 0.08197719231247902  , 0.010851487517356873  , 0.029245473444461823  , 0.010851487517356873   , 0.029245473444461823   ,                2,                1,   0.5
      170, H        ,        9, gnnexplainer,             0.9, -0.0796414166688919    , -0.0982016921043396   , -0.09674043953418732  , -0.025917639955878258  , 0.05372377671301365   , 0.07228405214846134   , 0.07082279957830906  , 0.018560275435447693  , 0.01709902286529541   , 0.018560275435447693   , 0.01709902286529541    ,                2,                1,   0.5
      170, H        ,       10, gnnexplainer,             0.9, -0.07964157313108444   , -0.09167763590812683  , -0.08904659748077393  , -0.025917639955878258  , 0.053723933175206184  , 0.06575999595224857   , 0.06312895752489567  , 0.012036062777042389  , 0.009405024349689484  , 0.012036062777042389   , 0.009405024349689484   ,                2,                1,   0.5
      170, H        ,       11, gnnexplainer,             0.9, -0.07965811342000961   , -0.10249673575162888  , -0.09174467623233795  , -0.02896150015294552   , 0.050696613267064095  , 0.07353523559868336   , 0.06278317607939243  , 0.022838622331619263  , 0.012086562812328339  , 0.022838622331619263   , 0.012086562812328339   ,                2,                1,   0.5
      170, C        ,        0, gnnexplainer,             0.9, -2.0284276008605957    , -2.335212230682373    , -2.883749485015869    , -2.175614595413208     , 0.1471869945526123    , 0.15959763526916504   , 0.7081348896026611   , 0.30678462982177734   , 0.8553218841552734    , 0.012410640716552734   , 0.5609478950500488     ,                8,                1,   0.875
      170, C        ,        1, gnnexplainer,             0.9, -2.0285582542419434    , -2.0141801834106445   , -2.3680715560913086   , -2.1761586666107178    , 0.14760041236877441   , 0.16197848320007324   , 0.19191288948059082  , 0.014378070831298828  , 0.33951330184936523   , 0.014378070831298828   , 0.044312477111816406   ,                8,                1,   0.875
      170, C        ,        2, gnnexplainer,             0.9, -2.1927924156188965    , -2.290616512298584    , -2.3020172119140625   , -2.1926145553588867    , 0.00017786026000976562, 0.09800195693969727   , 0.10940265655517578  , 0.0978240966796875    , 0.10922479629516602   , 0.0978240966796875     , 0.10922479629516602    ,                8,                1,   0.875
      170, C        ,        3, gnnexplainer,             0.9, -2.1926939487457275    , -2.2206223011016846   , -2.3299360275268555   , -2.179614543914795     , 0.013079404830932617  , 0.04100775718688965   , 0.15032148361206055  , 0.02792835235595703   , 0.13724207878112793   , 0.02792835235595703    , 0.13724207878112793    ,                8,                1,   0.875
      170, C        ,        4, gnnexplainer,             0.9, -2.0527212619781494    , -2.4584567546844482   , -3.0484554767608643   , -2.1881580352783203    , 0.1354367733001709    , 0.27029871940612793   , 0.860297441482544    , 0.40573549270629883   , 0.9957342147827148    , 0.13486194610595703    , 0.724860668182373      ,                8,                1,   0.875
      170, C        ,        5, gnnexplainer,             0.9, -2.0526702404022217    , -1.7835050821304321   , -2.629296064376831    , -2.174614429473877     , 0.12194418907165527   , 0.3911093473434448    , 0.4546816349029541   , 0.26916515827178955   , 0.5766258239746094    , 0.26916515827178955    , 0.33273744583129883    ,                8,                1,   0.875
      180, H        ,        0, gnnexplainer,             0.9, -0.4140334129333496    , -0.14429014921188354  , -0.33500146865844727  , -0.580960750579834     , 0.16692733764648438   , 0.43667060136795044   , 0.24595928192138672  , 0.26974326372146606   , 0.07903194427490234   , 0.26974326372146606    , 0.07903194427490234    ,                2,                1,   0.5
      180, H        ,        1, gnnexplainer,             0.9, -0.42723187804222107   , -0.1334170401096344   , -0.36454182863235474  , -0.4130914807319641    , 0.014140397310256958  , 0.2796744406223297    , 0.048549652099609375 , 0.29381483793258667   , 0.06269004940986633   , 0.26553404331207275    , 0.03440925478935242    ,                2,                1,   0.5
      180, H        ,        2, gnnexplainer,             0.9, -0.36503866314888      , -0.31445062160491943  , -0.1476660817861557   , -0.4001104235649109    , 0.035071760416030884  , 0.08565980195999146   , 0.2524443417787552   , 0.05058804154396057   , 0.2173725813627243    , 0.05058804154396057    , 0.2173725813627243     ,                2,                1,   0.5
      180, H        ,        3, gnnexplainer,             0.9, -0.38936370611190796   , -0.12480905652046204  , -0.3309350907802582   , -0.484222948551178     , 0.09485924243927002   , 0.35941389203071594   , 0.1532878577709198   , 0.2645546495914459    , 0.05842861533164978   , 0.2645546495914459     , 0.05842861533164978    ,                2,                1,   0.5
      180, C        ,        0, gnnexplainer,             0.9, -13.228137016296387    , -11.420217514038086   , -12.574278831481934   , -14.357091903686523    , 1.1289548873901367    , 2.9368743896484375    , 1.7828130722045898   , 1.8079195022583008    , 0.6538581848144531    , 1.8079195022583008     , 0.6538581848144531     ,                6,                1,   0.8333333333333334
      180, C        ,        1, gnnexplainer,             0.9, -11.906601905822754    , -13.563600540161133   , -7.3844428062438965   , -10.998719215393066    , 0.9078826904296875    , 2.5648813247680664    , 3.61427640914917     , 1.656998634338379     , 4.522159099578857     , 1.656998634338379      , 2.7063937187194824     ,                6,                1,   0.8333333333333334
      180, C        ,        2, gnnexplainer,             0.9, -15.376887321472168    , -12.795440673828125   , -11.342520713806152   , -17.9969425201416      , 2.6200551986694336    , 5.201501846313477     , 6.654421806335449    , 2.581446647644043     , 4.034366607666016     , 2.581446647644043      , 4.034366607666016      ,                6,                1,   0.8333333333333334
      190, H        ,        0, gnnexplainer,             0.9, -0.1807706356048584    , -0.1521047055721283   , -0.1879785805940628   , -0.18715476989746094   , 0.006384134292602539  , 0.03505006432533264   , 0.0008238106966018677, 0.028665930032730103  , 0.007207944989204407  , 0.028665930032730103   , -0.005560323596000671  ,                2,                1,   0.5
      190, H        ,        1, gnnexplainer,             0.9, -0.2865673005580902    , -0.24507266283035278  , -0.14339619874954224  , -0.2963302731513977    , 0.009762972593307495  , 0.05125761032104492   , 0.15293407440185547  , 0.04149463772773743   , 0.14317110180854797   , 0.04149463772773743    , 0.14317110180854797    ,                2,                1,   0.5
      190, H        ,        2, gnnexplainer,             0.9, -0.29753315448760986   , -0.27096953988075256  , -0.15033936500549316  , -0.3346013128757477    , 0.03706815838813782   , 0.06363177299499512   , 0.18426194787025452  , 0.0265636146068573    , 0.1471937894821167    , 0.0265636146068573     , 0.1471937894821167     ,                2,                1,   0.5
      190, C        ,        0, gnnexplainer,             0.9, -7.1621785163879395    , -7.145575523376465    , -5.443332672119141    , -6.9586501121521       , 0.20352840423583984   , 0.18692541122436523   , 1.515317440032959    , 0.01660299301147461   , 1.7188458442687988    , -0.01660299301147461   , 1.3117890357971191     ,                6,                1,   0.8333333333333334
      190, C        ,        1, gnnexplainer,             0.9, -11.264604568481445    , -12.779458045959473   , -8.442474365234375    , -11.209294319152832    , 0.05531024932861328   , 1.5701637268066406    , 2.766819953918457    , 1.5148534774780273    , 2.8221302032470703    , 1.5148534774780273     , 2.7115097045898438     ,                6,                1,   0.8333333333333334
      190, C        ,        2, gnnexplainer,             0.9, -9.726898193359375     , -7.469069480895996    , -8.280919075012207    , -9.844695091247559     , 0.1177968978881836    , 2.3756256103515625    , 1.5637760162353516   , 2.257828712463379     , 1.445979118347168     , 2.257828712463379      , 1.445979118347168      ,                6,                1,   0.8333333333333334
      200, H        ,        0, gnnexplainer,             0.9, -0.034489769488573074  , -0.037614259868860245 , -0.034106239676475525 , -0.05202356353402138   , 0.017533794045448303  , 0.014409303665161133  , 0.017917323857545853 , 0.0031244903802871704 , 0.00038352981209754944, -0.0031244903802871704 , 0.00038352981209754944 ,                2,                1,   0.5
      200, H        ,        1, gnnexplainer,             0.9, -0.13321912288665771   , -0.08968417346477509  , -0.18408465385437012  , -0.14146092534065247   , 0.008241802453994751  , 0.05177675187587738   , 0.04262372851371765  , 0.04353494942188263   , 0.0508655309677124    , 0.04353494942188263    , 0.0343819260597229     ,                2,                1,   0.5
      200, H        ,        3, gnnexplainer,             0.9, -0.133228600025177     , -0.08545070141553879  , -0.12942323088645935  , -0.14141695201396942   , 0.00818835198879242   , 0.055966250598430634  , 0.01199372112751007  , 0.047777898609638214  , 0.0038053691387176514 , 0.047777898609638214   , 0.0038053691387176514  ,                2,                1,   0.5
      200, H        ,        4, gnnexplainer,             0.9, -0.034488316625356674  , -0.03299098089337349  , -0.049532413482666016 , -0.05361136794090271   , 0.019123051315546036  , 0.02062038704752922   , 0.004078954458236694 , 0.0014973357319831848 , 0.015044096857309341  , 0.0014973357319831848  , -0.015044096857309341  ,                2,                1,   0.5
      200, H        ,        5, gnnexplainer,             0.9, -0.022977739572525024  , -0.054824136197566986 , -0.015443366020917892 , 0.022021647542715073   , 0.0449993871152401    , 0.07684578374028206   , 0.037465013563632965 , 0.03184639662504196   , 0.007534373551607132  , 0.03184639662504196    , -0.007534373551607132  ,                2,                1,   0.5
      200, C        ,        0, gnnexplainer,             0.9, -0.3257913291454315    , -0.7021104693412781   , -2.037665605545044    , -0.32692858576774597   , 0.0011372566223144531 , 0.3751818835735321    , 1.710737019777298    , 0.37631914019584656   , 1.7118742763996124    , 0.37404462695121765    , 1.7095997631549835     ,                8,                1,   0.875
      200, C        ,        1, gnnexplainer,             0.9, -3.543595314025879     , -3.298149585723877    , -2.7643628120422363   , -3.714416265487671     , 0.170820951461792     , 0.41626667976379395   , 0.9500534534454346   , 0.24544572830200195   , 0.7792325019836426    , 0.24544572830200195    , 0.7792325019836426     ,                8,                1,   0.875
      210, H        ,        0, gnnexplainer,             0.9, -0.23647749423980713   , -0.13966897130012512  , -0.19460079073905945  , -0.2668735980987549    , 0.030396103858947754  , 0.12720462679862976   , 0.07227280735969543  , 0.096808522939682     , 0.04187670350074768   , 0.096808522939682      , 0.04187670350074768    ,                2,                1,   0.5
      210, H        ,        1, gnnexplainer,             0.9, -0.16990628838539124   , -0.1551957130432129   , -0.15755242109298706  , -0.22000466287136078   , 0.05009837448596954   , 0.06480894982814789   , 0.06245224177837372  , 0.014710575342178345  , 0.012353867292404175  , 0.014710575342178345   , 0.012353867292404175   ,                2,                1,   0.5
      210, H        ,        2, gnnexplainer,             0.9, -0.16991707682609558   , -0.16595911979675293  , -0.1685601770877838   , -0.22000466287136078   , 0.0500875860452652    , 0.05404554307460785   , 0.051444485783576965 , 0.003957957029342651  , 0.0013568997383117676 , 0.003957957029342651   , 0.0013568997383117676  ,                2,                1,   0.5
      210, H        ,        3, gnnexplainer,             0.9, -0.23645758628845215   , -0.21136531233787537  , -0.12436476349830627  , -0.2668735980987549    , 0.030416011810302734  , 0.05550828576087952   , 0.1425088346004486   , 0.025092273950576782  , 0.11209282279014587   , 0.025092273950576782   , 0.11209282279014587    ,                2,                1,   0.5
      210, C        ,        0, gnnexplainer,             0.9, -8.039193153381348     , -9.628767013549805    , -6.705739498138428    , -8.148537635803223     , 0.109344482421875     , 1.480229377746582     , 1.442798137664795    , 1.589573860168457     , 1.33345365524292      , 1.370884895324707      , 1.33345365524292       ,                6,                1,   0.8333333333333334
      210, C        ,        1, gnnexplainer,             0.9, -8.50687313079834      , -7.756402969360352    , -5.4804368019104      , -8.832358360290527     , 0.3254852294921875    , 1.0759553909301758    , 3.351921558380127    , 0.7504701614379883    , 3.0264363288879395    , 0.7504701614379883     , 3.0264363288879395     ,                6,                1,   0.8333333333333334
      210, C        ,        2, gnnexplainer,             0.9, -8.50603199005127      , -8.832515716552734    , -6.584765911102295    , -8.827771186828613     , 0.32173919677734375   , 0.004744529724121094  , 2.2430052757263184   , 0.32648372650146484   , 1.9212660789489746    , -0.31699466705322266   , 1.9212660789489746     ,                6,                1,   0.8333333333333334
      210, C        ,        3, gnnexplainer,             0.9, -8.038690567016602     , -7.883159160614014    , -6.610716819763184    , -8.147125244140625     , 0.10843467712402344   , 0.26396608352661133   , 1.5364084243774414   , 0.1555314064025879    , 1.427973747253418     , 0.1555314064025879     , 1.427973747253418      ,                6,                1,   0.8333333333333334
      220, H        ,        0, gnnexplainer,             0.9, -0.12581287324428558   , -0.07053341716527939  , -0.1286834180355072   , -0.12012752145528793   , 0.00568535178899765   , 0.049594104290008545  , 0.008555896580219269 , 0.055279456079006195  , 0.0028705447912216187 , 0.043908752501010895   , 0.0028705447912216187  ,                2,                1,   0.5
      220, H        ,        1, gnnexplainer,             0.9, -0.12583093345165253   , -0.08633917570114136  , -0.1367679238319397   , -0.12267136573791504   , 0.003159567713737488  , 0.03633219003677368   , 0.014096558094024658 , 0.03949175775051117   , 0.01093699038028717   , 0.033172622323036194   , 0.01093699038028717    ,                2,                1,   0.5
      220, H        ,        2, gnnexplainer,             0.9, -0.13292518258094788   , -0.15078194439411163  , -0.060748059302568436 , -0.1407589614391327    , 0.007833778858184814  , 0.010022982954978943  , 0.08001090213656425  , 0.017856761813163757  , 0.07217712327837944   , 0.0021892040967941284  , 0.07217712327837944    ,                2,                1,   0.5
      220, H        ,        3, gnnexplainer,             0.9, -0.30496641993522644   , -0.20120978355407715  , -0.1530132293701172   , -0.3256283104419708    , 0.020661890506744385  , 0.12441852688789368   , 0.17261508107185364  , 0.10375663638114929   , 0.15195319056510925   , 0.10375663638114929    , 0.15195319056510925    ,                2,                1,   0.5
      220, C        ,        0, gnnexplainer,             0.9, -2.0644288063049316    , -2.8813953399658203   , -2.020902395248413    , -2.234189033508301     , 0.16976022720336914   , 0.6472063064575195    , 0.2132866382598877   , 0.8169665336608887    , 0.043526411056518555  , 0.4774460792541504     , 0.043526411056518555   ,                8,                1,   0.875
      220, C        ,        1, gnnexplainer,             0.9, -12.214133262634277    , -11.597187995910645   , -10.369003295898438   , -13.03568172454834     , 0.8215484619140625    , 1.4384937286376953    , 2.6666784286499023   , 0.6169452667236328    , 1.8451299667358398    , 0.6169452667236328     , 1.8451299667358398     ,                6,                1,   0.8333333333333334
      220, C        ,        2, gnnexplainer,             0.9, -4.342121601104736     , -3.166360855102539    , -5.045619487762451    , -5.104192733764648     , 0.7620711326599121    , 1.9378318786621094    , 0.058573246002197266 , 1.1757607460021973    , 0.7034978866577148    , 1.1757607460021973     , -0.7034978866577148    ,                4,                1,   0.75
      220, C        ,        3, gnnexplainer,             0.9, -12.242667198181152    , -11.974384307861328   , -11.274521827697754   , -13.445884704589844    , 1.2032175064086914    , 1.4715003967285156    , 2.17136287689209     , 0.2682828903198242    , 0.9681453704833984    , 0.2682828903198242     , 0.9681453704833984     ,                4,                1,   0.75
      230, H        ,        0, gnnexplainer,             0.9, -0.2030012011528015    , -0.1094287559390068   , -0.2591163218021393   , -0.21884571015834808   , 0.01584450900554657   , 0.10941695421934128   , 0.0402706116437912   , 0.09357244521379471   , 0.05611512064933777   , 0.09357244521379471    , 0.02442610263824463    ,                2,                1,   0.5
      230, H        ,        1, gnnexplainer,             0.9, -0.2874872386455536    , -0.26220330595970154  , -0.17046275734901428  , -0.30968761444091797   , 0.02220037579536438   , 0.04748430848121643   , 0.1392248570919037   , 0.02528393268585205   , 0.1170244812965393    , 0.02528393268585205    , 0.1170244812965393     ,                2,                1,   0.5
      230, H        ,        2, gnnexplainer,             0.9, -0.3155067265033722    , -0.12894272804260254  , -0.23887944221496582  , -0.3863656520843506    , 0.0708589255809784    , 0.25742292404174805   , 0.14748620986938477  , 0.18656399846076965   , 0.07662728428840637   , 0.18656399846076965    , 0.07662728428840637    ,                2,                1,   0.5
      230, H        ,        3, gnnexplainer,             0.9, -0.32843202352523804   , -0.15053227543830872  , -0.24002572894096375  , -0.32730403542518616   , 0.0011279881000518799 , 0.17677175998687744   , 0.08727830648422241  , 0.17789974808692932   , 0.08840629458427429   , 0.17564377188682556    , 0.08615031838417053    ,                2,                1,   0.5
      230, C        ,        0, gnnexplainer,             0.9, -10.362349510192871    , -8.983135223388672    , -6.857244968414307    , -10.109193801879883    , 0.2531557083129883    , 1.126058578491211     , 3.251948833465576    , 1.3792142868041992    , 3.5051045417785645    , 0.8729028701782227     , 2.998793125152588      ,                6,                1,   0.8333333333333334
      230, C        ,        1, gnnexplainer,             0.9, -11.193920135498047    , -10.723119735717773   , -8.057153701782227    , -11.781682968139648    , 0.5877628326416016    , 1.058563232421875     , 3.724529266357422    , 0.47080039978027344   , 3.1367664337158203    , 0.47080039978027344    , 3.1367664337158203     ,                6,                1,   0.8333333333333334
      230, C        ,        2, gnnexplainer,             0.9, -7.439911842346191     , -7.520131587982178    , -7.191686630249023    , -8.401256561279297     , 0.9613447189331055    , 0.8811249732971191    , 1.2095699310302734   , 0.08021974563598633   , 0.24822521209716797   , -0.08021974563598633   , 0.24822521209716797    ,                6,                1,   0.8333333333333334
      240, H        ,        0, gnnexplainer,             0.9, -0.1345895230770111    , -0.09309536218643188  , -0.14668968319892883  , -0.15137328207492828   , 0.016783758997917175  , 0.0582779198884964    , 0.004683598875999451 , 0.041494160890579224  , 0.012100160121917725  , 0.041494160890579224   , -0.012100160121917725  ,                2,                1,   0.5
      240, H        ,        1, gnnexplainer,             0.9, -0.14339777827262878   , -0.163726806640625    , -0.09240343421697617  , -0.1149962767958641    , 0.02840150147676468   , 0.048730529844760895  , 0.02259284257888794  , 0.020329028367996216  , 0.05099434405565262   , 0.020329028367996216   , -0.0058086588978767395 ,                2,                1,   0.5
      240, H        ,        2, gnnexplainer,             0.9, -0.13762378692626953   , -0.06090269982814789  , -0.14821556210517883  , -0.11920677125453949   , 0.01841701567173004   , 0.0583040714263916    , 0.029008790850639343 , 0.07672108709812164   , 0.010591775178909302  , 0.03988705575466156    , 0.010591775178909302   ,                2,                1,   0.5
      240, H        ,        3, gnnexplainer,             0.9, -0.1375492811203003    , -0.06661023199558258  , -0.1324169933795929   , -0.11866297572851181   , 0.018886305391788483  , 0.05205274373292923   , 0.013754017651081085 , 0.07093904912471771   , 0.0051322877407073975 , 0.03316643834114075    , -0.0051322877407073975 ,                2,                1,   0.5
      240, H        ,        4, gnnexplainer,             0.9, -0.1345309019088745    , -0.14619746804237366  , -0.08087833225727081  , -0.15396107733249664   , 0.01943017542362213   , 0.007763609290122986  , 0.07308274507522583  , 0.011666566133499146  , 0.0536525696516037    , -0.011666566133499146  , 0.0536525696516037     ,                2,                1,   0.5
      240, H        ,        5, gnnexplainer,             0.9, -0.14335748553276062   , -0.1808813512325287   , -0.057453155517578125 , -0.11599627882242203   , 0.027361206710338593  , 0.06488507241010666   , 0.0585431233048439   , 0.037523865699768066  , 0.0859043300151825    , 0.037523865699768066   , 0.03118191659450531    ,                2,                1,   0.5
      240, C        ,        0, gnnexplainer,             0.9, -1.66313636302948      , -1.8037952184677124   , -1.8946431875228882   , -1.621073603630066     , 0.04206275939941406   , 0.18272161483764648   , 0.27356958389282227  , 0.14065885543823242   , 0.2315068244934082    , 0.14065885543823242    , 0.2315068244934082     ,                8,                1,   0.875
      240, C        ,        1, gnnexplainer,             0.9, -16.23794174194336     , -17.081851959228516   , -10.021628379821777   , -16.60723114013672     , 0.3692893981933594    , 0.4746208190917969    , 6.585602760314941    , 0.8439102172851562    , 6.216313362121582     , 0.1053314208984375     , 6.216313362121582      ,                6,                1,   0.8333333333333334
      240, C        ,        2, gnnexplainer,             0.9, -1.661763310432434     , -1.3662097454071045   , -2.572417736053467    , -1.6210734844207764    , 0.040689826011657715  , 0.2548637390136719    , 0.9513442516326904   , 0.2955535650253296    , 0.9106544256210327    , 0.21417391300201416    , 0.9106544256210327     ,                8,                1,   0.875
      250, H        ,        2, gnnexplainer,             0.9, -0.03465791791677475   , -0.055321332067251205 , -0.040307383984327316 , -0.020232999697327614  , 0.014424918219447136  , 0.03508833236992359   , 0.020074384286999702 , 0.020663414150476456  , 0.0056494660675525665 , 0.020663414150476456   , 0.0056494660675525665  ,                2,                1,   0.5
      250, H        ,        3, gnnexplainer,             0.9, -0.05936936289072037   , -0.06636423617601395  , -0.09304213523864746  , -0.07985581457614899   , 0.02048645168542862   , 0.01349157840013504   , 0.013186320662498474 , 0.006994873285293579  , 0.033672772347927094  , -0.006994873285293579  , -0.007300131022930145  ,                2,                1,   0.5
      250, H        ,        4, gnnexplainer,             0.9, -0.0622079074382782    , -0.08810435980558395  , -0.047885697335004807 , -0.06425908952951431   , 0.0020511820912361145 , 0.02384527027606964   , 0.016373392194509506 , 0.025896452367305756  , 0.014322210103273392  , 0.021794088184833527   , 0.014322210103273392   ,                2,                1,   0.5
      250, C        ,        0, gnnexplainer,             0.9, -2.622307062149048     , -2.614001512527466    , -3.799821376800537    , -2.464592218399048     , 0.15771484375         , 0.14940929412841797   , 1.3352291584014893   , 0.008305549621582031  , 1.1775143146514893    , -0.008305549621582031  , 1.1775143146514893     ,                8,                1,   0.875
      250, C        ,        1, gnnexplainer,             0.9, -3.9620678424835205    , -4.522603511810303    , -4.645383834838867    , -5.086487293243408     , 1.1244194507598877    , 0.5638837814331055    , 0.441103458404541    , 0.5605356693267822    , 0.6833159923553467    , -0.5605356693267822    , -0.6833159923553467    ,                6,                1,   0.8333333333333334
      260, H        ,        0, gnnexplainer,             0.9, 0.0003446415066719055  , -0.02372666448354721  , -0.04932912811636925  , -0.009390936233103275  , 0.00973557773977518   , 0.014335728250443935  , 0.03993819188326597  , 0.024071305990219116  , 0.04967376962304115   , 0.004600150510668755   , 0.03020261414349079    ,                2,                1,   0.5
      260, H        ,        1, gnnexplainer,             0.9, 0.019153334200382233   , -0.03813637048006058  , 0.010092705488204956  , 0.04626734182238579    , 0.027114007622003555  , 0.08440371230244637   , 0.03617463633418083  , 0.05728970468044281   , 0.009060628712177277  , 0.05728970468044281    , 0.009060628712177277   ,                2,                1,   0.5
      260, H        ,        2, gnnexplainer,             0.9, 0.0003376379609107971  , -0.04616686329245567  , 0.03342694789171219   , -0.0078032175078988075 , 0.008140855468809605  , 0.038363645784556866  , 0.041230165399610996 , 0.04650450125336647   , 0.03308930993080139   , 0.03022279031574726    , 0.03308930993080139    ,                2,                1,   0.5
      260, H        ,        3, gnnexplainer,             0.9, -0.07890325784683228   , -0.10444698482751846  , -0.08564896881580353  , -0.1017669215798378    , 0.022863663733005524  , 0.002680063247680664  , 0.01611795276403427  , 0.025543726980686188  , 0.0067457109689712524 , -0.02018360048532486   , -0.0067457109689712524 ,                2,                1,   0.5
      260, H        ,        4, gnnexplainer,             0.9, -0.0789167657494545    , -0.09055078029632568  , -0.11199863255023956  , -0.1017669215798378    , 0.0228501558303833    , 0.011216141283512115  , 0.010231710970401764 , 0.011634014546871185  , 0.033081866800785065  , -0.011634014546871185  , -0.012618444859981537  ,                2,                1,   0.5
      260, C        ,        0, gnnexplainer,             0.9, 0.7428683042526245     , 0.19608347117900848   , -1.263436198234558    , 0.5184339284896851     , 0.22443437576293945   , 0.3223504573106766    , 1.7818701267242432   , 0.546784833073616     , 2.0063045024871826    , 0.09791608154773712    , 1.5574357509613037     ,                8,                1,   0.875
      260, C        ,        1, gnnexplainer,             0.9, -4.510427474975586     , -5.012850284576416    , -3.0301449298858643   , -5.044675350189209     , 0.534247875213623     , 0.03182506561279297   , 2.0145304203033447   , 0.5024228096008301    , 1.4802825450897217    , -0.5024228096008301    , 1.4802825450897217     ,                8,                1,   0.875
      270, H        ,        0, gnnexplainer,             0.9, -0.06326740980148315   , -0.0764269307255745   , -0.07788845151662827  , -0.04426804184913635   , 0.018999367952346802  , 0.03215888887643814   , 0.03362040966749191  , 0.013159520924091339  , 0.014621041715145111  , 0.013159520924091339   , 0.014621041715145111   ,                2,                1,   0.5
      270, H        ,        1, gnnexplainer,             0.9, -0.06325238198041916   , -0.06636665016412735  , -0.10141777992248535  , -0.04426804184913635   , 0.018984340131282806  , 0.022098608314990997  , 0.057149738073349    , 0.003114268183708191  , 0.03816539794206619   , 0.003114268183708191   , 0.03816539794206619    ,                2,                1,   0.5
      270, H        ,        2, gnnexplainer,             0.9, -0.11182482540607452   , -0.11496765166521072  , -0.13217663764953613  , -0.1254609227180481    , 0.013636097311973572  , 0.010493271052837372  , 0.006715714931488037 , 0.0031428262591362    , 0.02035181224346161   , -0.0031428262591362    , -0.006920382380485535  ,                2,                1,   0.5
      270, H        ,        3, gnnexplainer,             0.9, -0.11181138455867767   , -0.10995928198099136  , -0.12409394979476929  , -0.12491703033447266   , 0.013105645775794983  , 0.014957748353481293  , 0.0008230805397033691, 0.0018521025776863098 , 0.012282565236091614  , 0.0018521025776863098  , -0.012282565236091614  ,                2,                1,   0.5
      270, H        ,        4, gnnexplainer,             0.9, -0.11182227730751038   , -0.11603029072284698  , -0.11025457084178925  , -0.12646092474460602   , 0.014638647437095642  , 0.010430634021759033  , 0.016206353902816772 , 0.004208013415336609  , 0.0015677064657211304 , -0.004208013415336609  , 0.0015677064657211304  ,                2,                1,   0.5
      270, H        ,        5, gnnexplainer,             0.9, -0.11181676387786865   , -0.12208733707666397  , -0.11643100529909134  , -0.12591703236103058   , 0.014100268483161926  , 0.0038296952843666077 , 0.00948602706193924  , 0.010270573198795319  , 0.004614241421222687  , -0.010270573198795319  , -0.004614241421222687  ,                2,                1,   0.5
      270, C        ,        0, gnnexplainer,             0.9, -0.8327508568763733    , -0.6053104996681213   , -1.9383240938186646   , -0.4850490391254425    , 0.3477018177509308    , 0.12026146054267883   , 1.453275054693222    , 0.22744035720825195   , 1.1055732369422913    , -0.22744035720825195   , 1.1055732369422913     ,                8,                1,   0.875
      270, C        ,        1, gnnexplainer,             0.9, -3.084488868713379     , -4.02591609954834     , -2.932300090789795    , -2.464503288269043     , 0.6199855804443359    , 1.5614128112792969    , 0.46779680252075195  , 0.9414272308349609    , 0.15218877792358398   , 0.9414272308349609     , -0.15218877792358398   ,                8,                1,   0.875
      270, C        ,        2, gnnexplainer,             0.9, -14.785540580749512    , -17.096359252929688   , -12.025479316711426   , -16.523923873901367    , 1.7383832931518555    , 0.5724353790283203    , 4.498444557189941    , 2.310818672180176     , 2.760061264038086     , -1.1659479141235352    , 2.760061264038086      ,                6,                1,   0.8333333333333334
      270, C        ,        3, gnnexplainer,             0.9, -3.084531784057617     , -2.6786599159240723   , -2.714505672454834    , -2.4825034141540527    , 0.6020283699035645    , 0.19615650177001953   , 0.23200225830078125  , 0.4058718681335449    , 0.3700261116027832    , -0.4058718681335449    , -0.3700261116027832    ,                8,                1,   0.875
      280, H        ,        0, gnnexplainer,             0.9, -0.22599098086357117   , -0.19992291927337646  , -0.09296160936355591  , -0.2499614953994751    , 0.02397051453590393   , 0.05003857612609863   , 0.1569998860359192   , 0.026068061590194702  , 0.13302937150001526   , 0.026068061590194702   , 0.13302937150001526    ,                2,                1,   0.5
      280, H        ,        1, gnnexplainer,             0.9, -0.22598201036453247   , -0.10231427848339081  , -0.21148556470870972  , -0.2509615123271942    , 0.024979501962661743  , 0.1486472338438034    , 0.0394759476184845   , 0.12366773188114166   , 0.014496445655822754  , 0.12366773188114166    , 0.014496445655822754   ,                2,                1,   0.5
      280, H        ,        2, gnnexplainer,             0.9, -0.2821786403656006    , -0.1390497386455536   , -0.27121874690055847  , -0.3321199119091034    , 0.04994127154350281   , 0.1930701732635498    , 0.06090116500854492  , 0.143128901720047     , 0.010959893465042114  , 0.143128901720047      , 0.010959893465042114   ,                2,                1,   0.5
      280, H        ,        3, gnnexplainer,             0.9, -0.2821632921695709    , -0.12850740551948547  , -0.23443767428398132  , -0.3321199119091034    , 0.04995661973953247   , 0.20361250638961792   , 0.09768223762512207  , 0.15365588665008545   , 0.0477256178855896    , 0.15365588665008545    , 0.0477256178855896     ,                2,                1,   0.5
      280, H        ,        4, gnnexplainer,             0.9, -0.2259845733642578    , -0.20627161860466003  , -0.10019172728061676  , -0.2509615123271942    , 0.0249769389629364    , 0.04468989372253418   , 0.15076978504657745  , 0.01971295475959778   , 0.12579284608364105   , 0.01971295475959778    , 0.12579284608364105    ,                2,                1,   0.5
      280, H        ,        5, gnnexplainer,             0.9, -0.2259654700756073    , -0.0869210883975029   , -0.2088150680065155   , -0.2509615123271942    , 0.024996042251586914  , 0.16404042392969131   , 0.04214644432067871  , 0.1390443816781044    , 0.017150402069091797  , 0.1390443816781044     , 0.017150402069091797   ,                2,                1,   0.5
      280, C        ,        0, gnnexplainer,             0.9, -4.9430832862854       , -4.5440449714660645   , -2.790329933166504    , -4.9927568435668945    , 0.04967355728149414   , 0.4487118721008301    , 2.2024269104003906   , 0.39903831481933594   , 2.1527533531188965    , 0.39903831481933594    , 2.1527533531188965     ,                8,                1,   0.875
      280, C        ,        1, gnnexplainer,             0.9, -10.940352439880371    , -9.777177810668945    , -9.019261360168457    , -11.189003944396973    , 0.24865150451660156   , 1.4118261337280273    , 2.1697425842285156   , 1.1631746292114258    , 1.921091079711914     , 1.1631746292114258     , 1.921091079711914      ,                6,                1,   0.8333333333333334
      280, C        ,        2, gnnexplainer,             0.9, -10.940851211547852    , -10.737946510314941   , -7.84205436706543     , -11.188003540039062    , 0.24715232849121094   , 0.4500570297241211    , 3.345949172973633    , 0.20290470123291016   , 3.098796844482422     , 0.20290470123291016    , 3.098796844482422      ,                6,                1,   0.8333333333333334
      280, C        ,        3, gnnexplainer,             0.9, -4.943481922149658     , -5.232719898223877    , -3.0183489322662354   , -4.990756988525391     , 0.04727506637573242   , 0.24196290969848633   , 1.9724080562591553   , 0.28923797607421875   , 1.9251329898834229    , 0.1946878433227539     , 1.9251329898834229     ,                8,                1,   0.875
      290, H        ,        0, gnnexplainer,             0.9, -0.04753636196255684   , -0.051452621817588806 , -0.05968863144516945  , -0.05760163441300392   , 0.010065272450447083  , 0.006149012595415115  , 0.0020869970321655273, 0.003916259855031967  , 0.01215226948261261   , -0.003916259855031967  , -0.007978275418281555  ,                2,                1,   0.5
      290, H        ,        1, gnnexplainer,             0.9, -0.060450807213783264  , -0.07307018339633942  , -0.07514706254005432  , -0.0901627317070961    , 0.029711924493312836  , 0.017092548310756683  , 0.015015669167041779 , 0.012619376182556152  , 0.014696255326271057  , -0.012619376182556152  , -0.014696255326271057  ,                2,                1,   0.5
      290, H        ,        2, gnnexplainer,             0.9, -0.048537492752075195  , -0.05183551460504532  , -0.06647655367851257  , -0.05605786293745041   , 0.007520370185375214  , 0.00422234833240509   , 0.010418690741062164 , 0.0032980218529701233 , 0.017939060926437378  , -0.0032980218529701233 , 0.0028983205556869507  ,                2,                1,   0.5
      290, H        ,        3, gnnexplainer,             0.9, -0.07070638239383698   , -0.06543093919754028  , -0.06959033012390137  , -0.08853138238191605   , 0.01782499998807907   , 0.023100443184375763  , 0.01894105225801468  , 0.005275443196296692  , 0.001116052269935608  , 0.005275443196296692   , 0.001116052269935608   ,                2,                1,   0.5
      290, H        ,        4, gnnexplainer,             0.9, -0.07213258743286133   , -0.08206787705421448  , -0.0809633880853653   , -0.08753141015768051   , 0.015398822724819183  , 0.005463533103466034  , 0.006568022072315216 , 0.00993528962135315   , 0.008830800652503967  , -0.00993528962135315   , -0.008830800652503967  ,                2,                1,   0.5
      290, H        ,        5, gnnexplainer,             0.9, -0.05040064454078674   , -0.041500408202409744 , -0.03770025074481964  , -0.034128013998270035  , 0.01627263054251671   , 0.0073723942041397095 , 0.0035722367465496063, 0.008900236338376999  , 0.012700393795967102  , -0.008900236338376999  , -0.012700393795967102  ,                2,                1,   0.5
      290, C        ,        0, gnnexplainer,             0.9, -0.543329656124115     , -0.721046507358551    , -2.3598344326019287   , -0.5325660705566406    , 0.010763585567474365  , 0.1884804368019104    , 1.827268362045288    , 0.17771685123443604   , 1.8165047764778137    , 0.17771685123443604    , 1.8165047764778137     ,                8,                1,   0.875
      290, C        ,        1, gnnexplainer,             0.9, -8.505365371704102     , -6.1642069816589355   , -8.67530632019043     , -9.229554176330566     , 0.7241888046264648    , 3.065347194671631     , 0.5542478561401367   , 2.341158390045166     , 0.16994094848632812   , 2.341158390045166      , -0.16994094848632812   ,                6,                1,   0.8333333333333334
      290, C        ,        2, gnnexplainer,             0.9, -2.5550858974456787    , -2.883955240249634    , -2.4150846004486084   , -2.5992493629455566    , 0.04416346549987793   , 0.28470587730407715   , 0.18416476249694824  , 0.3288693428039551    , 0.1400012969970703    , 0.24054241180419922    , 0.1400012969970703     ,                8,                1,   0.875
      300, H        ,        0, gnnexplainer,             0.9, -0.06958092749118805   , -0.07503114640712738  , -0.0865703746676445   , -0.08605746179819107   , 0.01647653430700302   , 0.01102631539106369   , 0.0005129128694534302, 0.005450218915939331  , 0.01698944717645645   , -0.005450218915939331  , -0.01596362143754959   ,                2,                1,   0.5
      300, H        ,        1, gnnexplainer,             0.9, -0.06714077293872833   , -0.07537183910608292  , -0.08512645959854126  , -0.07875944674015045   , 0.01161867380142212   , 0.0033876076340675354 , 0.006367012858390808 , 0.008231066167354584  , 0.017985686659812927  , -0.008231066167354584  , -0.005251660943031311  ,                2,                1,   0.5
      300, H        ,        2, gnnexplainer,             0.9, -0.0695362314581871    , -0.07843293994665146  , -0.06981097161769867  , -0.08605746179819107   , 0.016521230340003967  , 0.007624521851539612  , 0.0162464901804924   , 0.008896708488464355  , 0.00027474015951156616, -0.008896708488464355  , -0.00027474015951156616,                2,                1,   0.5
      300, H        ,        3, gnnexplainer,             0.9, -0.06731872260570526   , -0.07070694118738174  , -0.0898791253566742   , -0.07721565663814545   , 0.009896934032440186  , 0.006508715450763702  , 0.012663468718528748 , 0.003388218581676483  , 0.022560402750968933  , -0.003388218581676483  , 0.002766534686088562   ,                2,                1,   0.5
      300, H        ,        4, gnnexplainer,             0.9, -0.10052531957626343   , -0.08878570795059204  , -0.08537640422582626  , -0.11600466817617416   , 0.015479348599910736  , 0.027218960225582123  , 0.0306282639503479   , 0.011739611625671387  , 0.015148915350437164  , 0.011739611625671387   , 0.015148915350437164   ,                2,                1,   0.5
      300, H        ,        5, gnnexplainer,             0.9, -0.09891652315855026   , -0.08136410266160965  , -0.07835643738508224  , -0.13061054050922394   , 0.031694017350673676  , 0.04924643784761429   , 0.05225410312414169  , 0.017552420496940613  , 0.020560085773468018  , 0.017552420496940613   , 0.020560085773468018   ,                2,                1,   0.5
      300, C        ,        0, gnnexplainer,             0.9, -3.202805519104004     , -2.9429585933685303   , -2.9716858863830566   , -3.33225154876709      , 0.12944602966308594   , 0.38929295539855957   , 0.3605656623840332   , 0.25984692573547363   , 0.23111963272094727   , 0.25984692573547363    , 0.23111963272094727    ,                8,                1,   0.875
      300, C        ,        1, gnnexplainer,             0.9, -4.3137288093566895    , -4.315440654754639    , -3.9482524394989014   , -4.747330665588379     , 0.43360185623168945   , 0.43189001083374023   , 0.7990782260894775   , 0.0017118453979492188 , 0.3654763698577881    , -0.0017118453979492188 , 0.3654763698577881     ,                8,                1,   0.875
      300, C        ,        2, gnnexplainer,             0.9, -3.1968472003936768    , -3.3525166511535645   , -3.2225608825683594   , -3.3372950553894043    , 0.14044785499572754   , 0.015221595764160156  , 0.11473417282104492  , 0.1556694507598877    , 0.025713682174682617  , -0.12522625923156738   , -0.025713682174682617  ,                8,                1,   0.875
      310, H        ,        0, gnnexplainer,             0.9, -0.0355219691991806    , -0.053751081228256226 , -0.039487965404987335 , -0.08007647097110748   , 0.04455450177192688   , 0.026325389742851257  , 0.04058850556612015  , 0.018229112029075623  , 0.003965996205806732  , -0.018229112029075623  , -0.003965996205806732  ,                2,                1,   0.5
      310, H        ,        1, gnnexplainer,             0.9, -0.035343900322914124  , -0.040441617369651794 , -0.020527847111225128 , -0.03837461397051811   , 0.0030307136476039886 , 0.0020670033991336823 , 0.017846766859292984 , 0.005097717046737671  , 0.014816053211688995  , -0.0009637102484703064 , 0.014816053211688995   ,                2,                1,   0.5
      310, H        ,        2, gnnexplainer,             0.9, -0.02546413242816925   , -0.045504651963710785 , -0.04999058321118355  , -0.0010578647488728166 , 0.024406267679296434  , 0.04444678721483797   , 0.04893271846231073  , 0.020040519535541534  , 0.024526450783014297  , 0.020040519535541534   , 0.024526450783014297   ,                2,                1,   0.5
      310, H        ,        3, gnnexplainer,             0.9, -0.041259534657001495  , -0.04997588321566582  , -0.042966872453689575 , -0.023427002131938934  , 0.01783253252506256   , 0.026548881083726883  , 0.01953987032175064  , 0.008716348558664322  , 0.0017073377966880798 , 0.008716348558664322   , 0.0017073377966880798  ,                2,                1,   0.5
      310, H        ,        4, gnnexplainer,             0.9, -0.027915768325328827  , -0.027108807116746902 , -0.051390402019023895 , -0.06256695091724396   , 0.03465118259191513   , 0.035458143800497055  , 0.011176548898220062 , 0.0008069612085819244 , 0.02347463369369507   , 0.0008069612085819244  , -0.02347463369369507   ,                2,                1,   0.5
      310, H        ,        5, gnnexplainer,             0.9, -0.03132101148366928   , -0.051518671214580536 , -0.044008057564496994 , -0.01763719879090786   , 0.013683812692761421  , 0.033881472423672676  , 0.026370858773589134 , 0.020197659730911255  , 0.012687046080827713  , 0.020197659730911255   , 0.012687046080827713   ,                2,                1,   0.5
      310, H        ,        6, gnnexplainer,             0.9, -0.20543628931045532   , -0.10891548544168472  , -0.22848796844482422  , -0.19942589104175568   , 0.006010398268699646  , 0.09051040560007095   , 0.029062077403068542 , 0.0965208038687706    , 0.023051679134368896  , 0.08450000733137131    , 0.023051679134368896   ,                2,                1,   0.5
      310, C        ,        0, gnnexplainer,             0.9, -0.5892735719680786    , -0.4561645984649658   , -2.5303235054016113   , -0.6736989617347717    , 0.08442538976669312   , 0.2175343632698059    , 1.8566245436668396   , 0.1331089735031128    , 1.9410499334335327    , 0.1331089735031128     , 1.7721991539001465     ,                8,                1,   0.875
      310, C        ,        1, gnnexplainer,             0.9, -3.2601821422576904    , -3.5634520053863525   , -1.9739525318145752   , -3.5733420848846436    , 0.3131599426269531    , 0.009890079498291016  , 1.5993895530700684   , 0.3032698631286621    , 1.2862296104431152    , -0.3032698631286621    , 1.2862296104431152     ,                8,                1,   0.875
      310, C        ,        2, gnnexplainer,             0.9, -0.822724461555481     , -1.4197230339050293   , -2.735955238342285    , -0.6833547949790955    , 0.1393696665763855    , 0.7363682389259338    , 2.0526004433631897   , 0.5969985723495483    , 1.9132307767868042    , 0.5969985723495483     , 1.9132307767868042     ,                8,                1,   0.875
      320, H        ,        0, gnnexplainer,             0.9, -0.11680196225643158   , -0.11664040386676788  , -0.06310389190912247  , -0.11250480264425278   , 0.0042971596121788025 , 0.004135601222515106  , 0.04940091073513031  , 0.0001615583896636963 , 0.05369807034730911   , -0.0001615583896636963 , 0.04510375112295151    ,                2,                1,   0.5
      320, H        ,        1, gnnexplainer,             0.9, -0.1167914867401123    , -0.07412318885326385  , -0.14040520787239075  , -0.11150480061769485   , 0.00528668612241745   , 0.037381611764431     , 0.028900407254695892 , 0.04266829788684845   , 0.023613721132278442  , 0.03209492564201355    , 0.023613721132278442   ,                2,                1,   0.5
      320, H        ,        3, gnnexplainer,             0.9, -0.09785197675228119   , -0.08082501590251923  , -0.10253477096557617  , -0.10867230594158173   , 0.010820329189300537  , 0.0278472900390625    , 0.006137534976005554 , 0.017026960849761963  , 0.004682794213294983  , 0.017026960849761963   , -0.004682794213294983  ,                2,                1,   0.5
      320, H        ,        4, gnnexplainer,             0.9, -0.09792423993349075   , -0.10836508125066757  , -0.06135069206357002  , -0.11026007682085037   , 0.01233583688735962   , 0.0018949955701828003 , 0.04890938475728035  , 0.010440841317176819  , 0.03657354786992073   , -0.010440841317176819  , 0.03657354786992073    ,                2,                1,   0.5
      320, H        ,        5, gnnexplainer,             0.9, -0.02358342707157135   , -0.030926119536161423 , -0.04460815712809563  , -0.0052159917540848255 , 0.018367435317486525  , 0.025710127782076597  , 0.0393921653740108   , 0.007342692464590073  , 0.021024730056524277  , 0.007342692464590073   , 0.021024730056524277   ,                2,                1,   0.5
      320, H        ,        6, gnnexplainer,             0.9, -0.026808444410562515  , -0.04980025440454483  , -0.03886424005031586  , -0.028812643140554428  , 0.002004198729991913  , 0.020987611263990402  , 0.010051596909761429 , 0.022991809993982315  , 0.012055795639753342  , 0.01898341253399849    , 0.008047398179769516   ,                2,                1,   0.5
      320, H        ,        7, gnnexplainer,             0.9, -0.023555252701044083  , -0.011672630906105042 , -0.011628784239292145 , -0.005759708117693663  , 0.01779554458335042   , 0.005912922788411379  , 0.005869076121598482 , 0.011882621794939041  , 0.011926468461751938  , -0.011882621794939041  , -0.011926468461751938  ,                2,                1,   0.5
      320, C        ,        0, gnnexplainer,             0.9, -0.33521604537963867   , -0.42404139041900635  , -2.4724109172821045   , -0.2236022800207138    , 0.11161376535892487   , 0.20043911039829254   , 2.2488086372613907   , 0.08882534503936768   , 2.137194871902466     , 0.08882534503936768    , 2.137194871902466      ,                8,                1,   0.875
      320, C        ,        1, gnnexplainer,             0.9, -1.2432812452316284    , -1.603129267692566    , -2.55820369720459     , -1.168932318687439     , 0.07434892654418945   , 0.43419694900512695   , 1.3892713785171509   , 0.3598480224609375    , 1.3149224519729614    , 0.3598480224609375     , 1.3149224519729614     ,                8,                1,   0.875
      320, C        ,        2, gnnexplainer,             0.9, -3.738448143005371     , -3.9124033451080322   , -2.9574882984161377   , -4.107529640197754     , 0.3690814971923828    , 0.19512629508972168   , 1.1500413417816162   , 0.17395520210266113   , 0.7809598445892334    , -0.17395520210266113   , 0.7809598445892334     ,                8,                1,   0.875
      330, H        ,        0, gnnexplainer,             0.9, -0.05332114174962044   , -0.05536052584648132  , -0.049089960753917694 , -0.03665326535701752   , 0.01666787639260292   , 0.018707260489463806  , 0.012436695396900177 , 0.0020393840968608856 , 0.0042311809957027435 , 0.0020393840968608856  , -0.0042311809957027435 ,                2,                1,   0.5
      330, H        ,        1, gnnexplainer,             0.9, -0.04627763852477074   , -0.041757732629776    , -0.06577380001544952  , -0.05347871407866478   , 0.007201075553894043  , 0.011720981448888779  , 0.012295085936784744 , 0.004519905894994736  , 0.019496161490678787  , 0.004519905894994736   , 0.005094010382890701   ,                2,                1,   0.5
      330, H        ,        2, gnnexplainer,             0.9, -0.04633069783449173   , -0.03973468020558357  , -0.04999423027038574  , -0.052478715777397156  , 0.006148017942905426  , 0.012744035571813583  , 0.0024844855070114136, 0.006596017628908157  , 0.0036635324358940125 , 0.006596017628908157   , -0.0036635324358940125 ,                2,                1,   0.5
      330, H        ,        3, gnnexplainer,             0.9, -0.018737804144620895  , -0.05375552177429199  , -0.03776411712169647  , -0.028382685035467148  , 0.009644880890846252  , 0.025372836738824844  , 0.009381432086229324 , 0.0350177176296711    , 0.019026312977075577  , 0.015727955847978592   , -0.0002634488046169281 ,                2,                1,   0.5
      330, H        ,        4, gnnexplainer,             0.9, -0.01875194162130356   , -0.032137736678123474 , -0.03798285126686096  , -0.02938268519937992   , 0.010630743578076363  , 0.002755051478743553  , 0.008600166067481041 , 0.013385795056819916  , 0.019230909645557404  , -0.00787569209933281   , -0.0020305775105953217 ,                2,                1,   0.5
      330, H        ,        5, gnnexplainer,             0.9, -0.08483874797821045   , -0.12641556560993195  , -0.09641660749912262  , -0.05086393281817436   , 0.03397481516003609   , 0.07555163279175758   , 0.04555267468094826  , 0.0415768176317215    , 0.01157785952091217   , 0.0415768176317215     , 0.01157785952091217    ,                2,                1,   0.5
      330, H        ,        6, gnnexplainer,             0.9, -0.14934495091438293   , -0.17559945583343506  , -0.10132898390293121  , -0.19063477218151093   , 0.04128982126712799   , 0.015035316348075867  , 0.08930578827857971  , 0.026254504919052124  , 0.04801596701145172   , -0.026254504919052124  , 0.04801596701145172    ,                2,                1,   0.5
      330, C        ,        0, gnnexplainer,             0.9, -1.6009703874588013    , -2.1744935512542725   , -3.5278851985931396   , -1.5042518377304077    , 0.09671854972839355   , 0.6702417135238647    , 2.023633360862732    , 0.5735231637954712    , 1.9269148111343384    , 0.5735231637954712     , 1.9269148111343384     ,                8,                1,   0.875
      330, C        ,        1, gnnexplainer,             0.9, -1.3574010133743286    , -1.7669367790222168   , -2.8567616939544678   , -1.1874029636383057    , 0.16999804973602295   , 0.5795338153839111    , 1.669358730316162    , 0.4095357656478882    , 1.4993606805801392    , 0.4095357656478882     , 1.4993606805801392     ,                8,                1,   0.875
      330, C        ,        2, gnnexplainer,             0.9, -6.480936527252197     , -6.411362648010254    , -6.579339981079102    , -7.547578811645508     , 1.0666422843933105    , 1.136216163635254     , 0.9682388305664062   , 0.06957387924194336   , 0.0984034538269043    , 0.06957387924194336    , -0.0984034538269043    ,                6,                1,   0.8333333333333334
      340, H        ,        0, gnnexplainer,             0.9, -0.18115732073783875   , -0.1856125295162201   , -0.0656915083527565   , -0.17389942705631256   , 0.007257893681526184  , 0.011713102459907532  , 0.10820791870355606  , 0.004455208778381348  , 0.11546581238508224   , 0.004455208778381348   , 0.10095002502202988    ,                2,                1,   0.5
      340, H        ,        1, gnnexplainer,             0.9, -0.18116766214370728   , -0.06127563863992691  , -0.1733725368976593   , -0.17389942705631256   , 0.007268235087394714  , 0.11262378841638565   , 0.0005268901586532593, 0.11989202350378036   , 0.007795125246047974  , 0.10535555332899094    , -0.006741344928741455  ,                2,                1,   0.5
      340, H        ,        2, gnnexplainer,             0.9, -0.1291559636592865    , -0.1345793902873993   , -0.09869609773159027  , -0.12675082683563232   , 0.002405136823654175  , 0.007828563451766968  , 0.028054729104042053 , 0.005423426628112793  , 0.030459865927696228  , 0.005423426628112793   , 0.02564959228038788    ,                2,                1,   0.5
      340, H        ,        3, gnnexplainer,             0.9, -0.1291477382183075    , -0.15262706577777863  , -0.10415536165237427  , -0.12675082683563232   , 0.002396911382675171  , 0.0258762389421463    , 0.022595465183258057 , 0.02347932755947113   , 0.024992376565933228  , 0.02347932755947113    , 0.020198553800582886   ,                2,                1,   0.5
      340, H        ,        4, gnnexplainer,             0.9, -0.29237431287765503   , -0.12410776317119598  , -0.21344715356826782  , -0.33352357149124146   , 0.041149258613586426  , 0.20941580832004547   , 0.12007641792297363  , 0.16826654970645905   , 0.07892715930938721   , 0.16826654970645905    , 0.07892715930938721    ,                2,                1,   0.5
      340, H        ,        5, gnnexplainer,             0.9, -0.5400928854942322    , -0.14106592535972595  , -0.5824999213218689   , -0.5608901381492615    , 0.020797252655029297  , 0.4198242127895355    , 0.021609783172607422 , 0.3990269601345062    , 0.04240703582763672   , 0.3990269601345062     , 0.000812530517578125   ,                2,                1,   0.5
      340, C        ,        0, gnnexplainer,             0.9, -3.2474417686462402    , -3.4793548583984375   , -2.490251302719116    , -3.4242684841156006    , 0.17682671546936035   , 0.055086374282836914  , 0.9340171813964844   , 0.23191308975219727   , 0.757190465927124     , -0.12174034118652344   , 0.757190465927124      ,                8,                1,   0.875
      340, C        ,        1, gnnexplainer,             0.9, -2.8188884258270264    , -2.7646172046661377   , -2.699857473373413    , -2.863839864730835     , 0.044951438903808594  , 0.09922266006469727   , 0.16398239135742188  , 0.05427122116088867   , 0.11903095245361328   , 0.05427122116088867    , 0.11903095245361328    ,                8,                1,   0.875
      340, C        ,        2, gnnexplainer,             0.9, -12.434992790222168    , -13.819461822509766   , -9.223212242126465    , -12.157820701599121    , 0.2771720886230469    , 1.6616411209106445    , 2.9346084594726562   , 1.3844690322875977    , 3.211780548095703     , 1.3844690322875977     , 2.6574363708496094     ,                6,                1,   0.8333333333333334
      340, C        ,        3, gnnexplainer,             0.9, -10.483654975891113    , -11.224726676940918   , -8.16205883026123     , -10.058283805847168    , 0.4253711700439453    , 1.16644287109375      , 1.8962249755859375   , 0.7410717010498047    , 2.321596145629883     , 0.7410717010498047     , 1.4708538055419922     ,                6,                1,   0.8333333333333334
      340, C        ,        4, gnnexplainer,             0.9, -19.241262435913086    , -17.442066192626953   , -14.192939758300781   , -18.589996337890625    , 0.6512660980224609    , 1.1479301452636719    , 4.397056579589844    , 1.7991962432861328    , 5.048322677612305     , 0.49666404724121094    , 3.745790481567383      ,                6,                1,   0.8333333333333334
      350, H        ,        0, gnnexplainer,             0.9, -0.06534451246261597   , -0.07982760667800903  , -0.10256807506084442  , -0.0681978166103363    , 0.002853304147720337  , 0.01162979006767273   , 0.03437025845050812  , 0.014483094215393066  , 0.037223562598228455  , 0.008776485919952393   , 0.03151695430278778    ,                2,                1,   0.5
      350, H        ,        1, gnnexplainer,             0.9, -0.03144040331244469   , -0.04743586480617523  , -0.05583413317799568  , -0.030978085473179817  , 0.0004623178392648697 , 0.016457779332995415  , 0.024856047704815865 , 0.015995461493730545  , 0.024393729865550995  , 0.015995461493730545   , 0.024393729865550995   ,                2,                1,   0.5
      350, H        ,        2, gnnexplainer,             0.9, -0.07487679272890091   , -0.1002269759774208   , -0.08065475523471832  , -0.09739954024553299   , 0.02252274751663208   , 0.0028274357318878174 , 0.016744785010814667 , 0.025350183248519897  , 0.005777962505817413  , -0.019695311784744263  , -0.005777962505817413  ,                2,                1,   0.5
      350, H        ,        3, gnnexplainer,             0.9, -0.059731826186180115  , -0.075676828622818    , -0.08276102691888809  , -0.05384648218750954   , 0.005885343998670578  , 0.021830346435308456  , 0.028914544731378555 , 0.01594500243663788   , 0.023029200732707977  , 0.01594500243663788    , 0.023029200732707977   ,                2,                1,   0.5
      350, H        ,        4, gnnexplainer,             0.9, -0.10681454837322235   , -0.11101733148097992  , -0.10808078199625015  , -0.10548743605613708   , 0.0013271123170852661 , 0.0055298954248428345 , 0.0025933459401130676, 0.004202783107757568  , 0.0012662336230278015 , 0.004202783107757568   , 0.0012662336230278015  ,                2,                1,   0.5
      350, H        ,        5, gnnexplainer,             0.9, -0.09936700761318207   , -0.10733886808156967  , -0.08525197952985764  , -0.12250534445047379   , 0.023138336837291718  , 0.015166476368904114  , 0.03725336492061615  , 0.007971860468387604  , 0.014115028083324432  , -0.007971860468387604  , 0.014115028083324432   ,                2,                1,   0.5
      350, C        ,        0, gnnexplainer,             0.9, -0.7885818481445312    , -1.501167893409729    , -1.708139419555664    , -0.7839327454566956    , 0.004649102687835693  , 0.7172351479530334    , 0.9242066740989685   , 0.7125860452651978    , 0.9195575714111328    , 0.7125860452651978     , 0.9195575714111328     ,                8,                1,   0.875
      350, C        ,        1, gnnexplainer,             0.9, -1.2296100854873657    , -0.9423427581787109   , -1.790298581123352    , -1.5208369493484497    , 0.291226863861084     , 0.5784941911697388    , 0.26946163177490234  , 0.2872673273086548    , 0.5606884956359863    , 0.2872673273086548     , -0.02176523208618164   ,                8,                1,   0.875
      350, C        ,        2, gnnexplainer,             0.9, -7.713656425476074     , -7.9730658531188965   , -5.638739109039307    , -9.297120094299316     , 1.5834636688232422    , 1.32405424118042      , 3.6583809852600098   , 0.25940942764282227   , 2.0749173164367676    , -0.25940942764282227   , 2.0749173164367676     ,                6,                1,   0.8333333333333334
      350, C        ,        3, gnnexplainer,             0.9, -3.042293071746826     , -2.8508224487304688   , -2.747303009033203    , -3.2585976123809814    , 0.21630454063415527   , 0.4077751636505127    , 0.5112946033477783   , 0.19147062301635742   , 0.29499006271362305   , 0.19147062301635742    , 0.29499006271362305    ,                8,                1,   0.875
      360, H        ,        0, gnnexplainer,             0.9, -0.33236026763916016   , -0.3232501149177551   , -0.13575315475463867  , -0.3191285729408264    , 0.01323169469833374   , 0.004121541976928711  , 0.18337541818618774  , 0.00911015272140503   , 0.19660711288452148   , -0.00911015272140503   , 0.170143723487854      ,                2,                1,   0.5
      360, H        ,        1, gnnexplainer,             0.9, -0.342712938785553     , -0.1312548816204071   , -0.2693644165992737   , -0.26153138279914856   , 0.08118155598640442   , 0.13027650117874146   , 0.007833033800125122 , 0.21145805716514587   , 0.0733485221862793    , 0.049094945192337036   , -0.0733485221862793    ,                2,                1,   0.5
      360, H        ,        2, gnnexplainer,             0.9, -0.14684848487377167   , -0.04025094956159592  , -0.15737879276275635  , -0.1154087483882904    , 0.03143973648548126   , 0.07515779882669449   , 0.04197004437446594  , 0.10659753531217575   , 0.01053030788898468   , 0.043718062341213226   , 0.01053030788898468    ,                2,                1,   0.5
      360, H        ,        3, gnnexplainer,             0.9, -0.14511096477508545   , -0.04889801889657974  , -0.15334537625312805  , -0.14733904600143433   , 0.002228081226348877  , 0.09844102710485458   , 0.006006330251693726 , 0.0962129458785057    , 0.008234411478042603  , 0.0962129458785057     , 0.0037782490253448486  ,                2,                1,   0.5
      360, H        ,        4, gnnexplainer,             0.9, -0.13666847348213196   , -0.03965482860803604  , -0.12595489621162415  , -0.11875949054956436   , 0.017908982932567596  , 0.07910466194152832   , 0.007195405662059784 , 0.09701364487409592   , 0.010713577270507812  , 0.061195679008960724   , -0.010713577270507812  ,                2,                1,   0.5
      360, H        ,        5, gnnexplainer,             0.9, -0.1832352876663208    , -0.19457125663757324  , -0.09572787582874298  , -0.16926804184913635   , 0.013967245817184448  , 0.02530321478843689   , 0.07354016602039337  , 0.011335968971252441  , 0.08750741183757782   , 0.011335968971252441   , 0.05957292020320892    ,                2,                1,   0.5
      360, H        ,        6, gnnexplainer,             0.9, -0.17076992988586426   , -0.08379684388637543  , -0.15673787891864777  , -0.20832136273384094   , 0.037551432847976685  , 0.12452451884746552   , 0.051583483815193176 , 0.08697308599948883   , 0.014032050967216492  , 0.08697308599948883    , 0.014032050967216492   ,                2,                1,   0.5
      360, C        ,        0, gnnexplainer,             0.9, -3.523756980895996     , -4.1738409996032715   , -2.2440690994262695   , -4.043220043182373     , 0.519463062286377     , 0.13062095642089844   , 1.7991509437561035   , 0.6500840187072754    , 1.2796878814697266    , -0.3888421058654785    , 1.2796878814697266     ,                8,                1,   0.875
      360, C        ,        1, gnnexplainer,             0.9, -14.09076976776123     , -14.046916961669922   , -10.358481407165527   , -14.111479759216309    , 0.020709991455078125  , 0.06456279754638672   , 3.7529983520507812   , 0.043852806091308594  , 3.732288360595703     , 0.043852806091308594   , 3.732288360595703      ,                6,                1,   0.8333333333333334
      360, C        ,        2, gnnexplainer,             0.9, -11.013855934143066    , -12.782432556152344   , -7.167102813720703    , -9.470762252807617     , 1.5430936813354492    , 3.3116703033447266    , 2.303659439086914    , 1.7685766220092773    , 3.8467531204223633    , 1.7685766220092773     , 0.7605657577514648     ,                6,                1,   0.8333333333333334
      360, C        ,        3, gnnexplainer,             0.9, -1.671934723854065     , -1.7296911478042603   , -1.5905826091766357   , -1.504056692123413     , 0.16787803173065186   , 0.22563445568084717   , 0.08652591705322266  , 0.05775642395019531   , 0.0813521146774292    , 0.05775642395019531    , -0.0813521146774292    ,                8,                1,   0.875
      370, H        ,        0, gnnexplainer,             0.9, -0.04373524710536003   , -0.05973989889025688  , -0.06756675988435745  , -0.043864715844392776  , 0.00012946873903274536, 0.015875183045864105  , 0.023702044039964676 , 0.01600465178489685   , 0.02383151277899742   , 0.01574571430683136    , 0.02357257530093193    ,                2,                1,   0.5
      370, H        ,        1, gnnexplainer,             0.9, -0.08122873306274414   , -0.09481700509786606  , -0.08954836428165436  , -0.10652264207601547   , 0.025293909013271332  , 0.011705636978149414  , 0.016974277794361115 , 0.013588272035121918  , 0.008319631218910217  , -0.013588272035121918  , -0.008319631218910217  ,                2,                1,   0.5
      370, H        ,        2, gnnexplainer,             0.9, -0.04370501637458801   , -0.067625030875206    , -0.06837882846593857  , -0.04432092234492302   , 0.0006159059703350067 , 0.023304108530282974  , 0.02405790612101555  , 0.02392001450061798   , 0.024673812091350555  , 0.022688202559947968   , 0.023442000150680542   ,                2,                1,   0.5
      370, H        ,        3, gnnexplainer,             0.9, -0.08113130182027817   , -0.08376706391572952  , -0.0844191312789917   , -0.1071104109287262    , 0.02597910910844803   , 0.023343347012996674  , 0.022691279649734497 , 0.002635762095451355  , 0.0032878294587135315 , -0.002635762095451355  , -0.0032878294587135315 ,                2,                1,   0.5
      370, H        ,        4, gnnexplainer,             0.9, -0.09458783268928528   , -0.08550418168306351  , -0.08304819464683533  , -0.12378595769405365   , 0.02919812500476837   , 0.03828177601099014   , 0.04073776304721832  , 0.009083651006221771  , 0.011539638042449951  , 0.009083651006221771   , 0.011539638042449951   ,                2,                1,   0.5
      370, H        ,        5, gnnexplainer,             0.9, -0.09251999855041504   , -0.08932394534349442  , -0.08892087638378143  , -0.10366342216730118   , 0.011143423616886139  , 0.014339476823806763  , 0.014742545783519745 , 0.0031960532069206238 , 0.003599122166633606  , 0.0031960532069206238  , 0.003599122166633606   ,                2,                1,   0.5
      370, H        ,        6, gnnexplainer,             0.9, -0.09253235906362534   , -0.10293152928352356  , -0.07200190424919128  , -0.10366342216730118   , 0.011131063103675842  , 0.0007318928837776184 , 0.031661517918109894 , 0.010399170219898224  , 0.02053045481443405   , -0.010399170219898224  , 0.02053045481443405    ,                2,                1,   0.5
      370, H        ,        7, gnnexplainer,             0.9, -0.09459247440099716   , -0.09927749633789062  , -0.06849578022956848  , -0.12478595972061157   , 0.03019348531961441   , 0.025508463382720947  , 0.05629017949104309  , 0.004685021936893463  , 0.02609669417142868   , -0.004685021936893463  , 0.02609669417142868    ,                2,                1,   0.5
      370, C        ,        0, gnnexplainer,             0.9, -1.4683328866958618    , -1.935141921043396    , -2.2757091522216797   , -1.4808326959609985    , 0.012499809265136719  , 0.45430922508239746   , 0.7948764562606812   , 0.4668090343475342    , 0.8073762655258179    , 0.44180941581726074    , 0.7823766469955444     ,                8,                1,   0.875
      370, C        ,        1, gnnexplainer,             0.9, -1.4679588079452515    , -2.0660910606384277   , -2.0216774940490723   , -1.475832223892212     , 0.00787341594696045   , 0.5902588367462158    , 0.5458452701568604   , 0.5981322526931763    , 0.5537186861038208    , 0.5823854207992554     , 0.5379718542098999     ,                8,                1,   0.875
      370, C        ,        2, gnnexplainer,             0.9, -3.5274667739868164    , -3.52152156829834     , -2.9450297355651855   , -3.6214356422424316    , 0.09396886825561523   , 0.0999140739440918    , 0.6764059066772461   , 0.0059452056884765625 , 0.5824370384216309    , 0.0059452056884765625  , 0.5824370384216309     ,                8,                1,   0.875
      370, C        ,        3, gnnexplainer,             0.9, -3.5281639099121094    , -3.4385716915130615   , -2.931220293045044    , -3.6274356842041016    , 0.09927177429199219   , 0.18886399269104004   , 0.6962153911590576   , 0.08959221839904785   , 0.5969436168670654    , 0.08959221839904785    , 0.5969436168670654     ,                8,                1,   0.875
      380, H        ,        0, gnnexplainer,             0.9, -0.13993945717811584   , -0.1498863697052002   , -0.054310306906700134 , -0.11915438622236252   , 0.020785070955753326  , 0.030731983482837677  , 0.06484407931566238  , 0.00994691252708435   , 0.08562915027141571   , 0.00994691252708435    , 0.04405900835990906    ,                2,                1,   0.5
      380, H        ,        1, gnnexplainer,             0.9, -0.13264447450637817   , -0.1427655816078186   , -0.09584861993789673  , -0.1529437154531479    , 0.020299240946769714  , 0.010178133845329285  , 0.05709509551525116  , 0.01012110710144043   , 0.036795854568481445  , -0.01012110710144043   , 0.036795854568481445   ,                2,                1,   0.5
      380, H        ,        2, gnnexplainer,             0.9, -0.13482002913951874   , -0.041154347360134125 , -0.12994489073753357  , -0.11749634146690369   , 0.01732368767261505   , 0.07634199410676956   , 0.012448549270629883 , 0.09366568177938461   , 0.0048751384019851685 , 0.05901830643415451    , -0.0048751384019851685 ,                2,                1,   0.5
      380, H        ,        3, gnnexplainer,             0.9, -0.1763220578432083    , -0.17246365547180176  , -0.1212024986743927   , -0.2253120243549347    , 0.04898996651172638   , 0.052848368883132935  , 0.10410952568054199  , 0.003858402371406555  , 0.05511955916881561   , 0.003858402371406555   , 0.05511955916881561    ,                2,                1,   0.5
      380, H        ,        4, gnnexplainer,             0.9, -0.17767122387886047   , -0.11248420178890228  , -0.1715090274810791   , -0.19009250402450562   , 0.012421280145645142  , 0.07760830223560333   , 0.018583476543426514 , 0.06518702208995819   , 0.006162196397781372  , 0.06518702208995819    , 0.006162196397781372   ,                2,                1,   0.5
      380, H        ,        5, gnnexplainer,             0.9, -0.019281115382909775  , -0.04317463934421539  , -0.012885645031929016 , 0.054915860295295715   , 0.07419697567820549   , 0.09809049963951111   , 0.06780150532722473  , 0.02389352396130562   , 0.006395470350980759  , 0.02389352396130562    , -0.006395470350980759  ,                2,                1,   0.5
      380, H        ,        6, gnnexplainer,             0.9, -0.02779546007514      , -0.056366875767707825 , -0.044987089931964874 , -0.026584316045045853  , 0.0012111440300941467 , 0.029782559722661972  , 0.01840277388691902  , 0.028571415692567825  , 0.017191629856824875  , 0.028571415692567825   , 0.017191629856824875   ,                2,                1,   0.5
      380, H        ,        7, gnnexplainer,             0.9, -0.025298241525888443  , -0.0506771057844162   , -0.02488437294960022  , -0.0037771498318761587 , 0.021521091694012284  , 0.04689995595254004   , 0.02110722311772406  , 0.025378864258527756  , 0.00041386857628822327, 0.025378864258527756   , -0.00041386857628822327,                2,                1,   0.5
      380, C        ,        0, gnnexplainer,             0.9, -0.011481314897537231  , -0.31811100244522095  , -1.5071114301681519   , 0.17328409850597382    , 0.18476541340351105   , 0.49139510095119476   , 1.6803955286741257   , 0.3066296875476837    , 1.4956301152706146    , 0.3066296875476837     , 1.4956301152706146     ,                8,                1,   0.875
      380, C        ,        1, gnnexplainer,             0.9, -2.963667631149292     , -4.383270740509033    , -2.492253303527832    , -2.9316675662994385    , 0.032000064849853516  , 1.4516031742095947    , 0.43941426277160645  , 1.4196031093597412    , 0.47141432762145996   , 1.4196031093597412     , 0.40741419792175293    ,                8,                1,   0.875
      380, C        ,        2, gnnexplainer,             0.9, -15.949727058410645    , -15.544858932495117   , -12.840760231018066   , -16.425132751464844    , 0.4754056930541992    , 0.8802738189697266    , 3.5843725204467773   , 0.40486812591552734   , 3.108966827392578     , 0.40486812591552734    , 3.108966827392578      ,                6,                1,   0.8333333333333334
      380, C        ,        3, gnnexplainer,             0.9, -1.695212483406067     , -2.110931158065796    , -2.5149312019348145   , -1.3898565769195557    , 0.30535590648651123   , 0.7210745811462402    , 1.1250746250152588   , 0.415718674659729     , 0.8197187185287476    , 0.415718674659729      , 0.8197187185287476     ,                8,                1,   0.875
      390, H        ,        0, gnnexplainer,             0.9, -0.03780381754040718   , -0.06219925731420517  , -0.06666474044322968  , -0.057084448635578156  , 0.019280631095170975  , 0.005114808678627014  , 0.00958029180765152  , 0.02439543977379799   , 0.028860922902822495  , -0.01416582241654396   , -0.009700339287519455  ,                2,                1,   0.5
      390, H        ,        1, gnnexplainer,             0.9, -0.02758379653096199   , -0.038770973682403564 , -0.052849262952804565 , 0.0038715696427971125  , 0.0314553661737591    , 0.04264254332520068   , 0.05672083259560168  , 0.011187177151441574  , 0.025265466421842575  , 0.011187177151441574   , 0.025265466421842575   ,                2,                1,   0.5
      390, H        ,        2, gnnexplainer,             0.9, -0.0059972964227199554 , -0.04256235808134079  , -0.013719134032726288 , 0.024161603301763535   , 0.03015889972448349   , 0.06672396138310432   , 0.03788073733448982  , 0.036565061658620834  , 0.007721837610006332  , 0.036565061658620834   , 0.007721837610006332   ,                2,                1,   0.5
      390, H        ,        3, gnnexplainer,             0.9, -0.10396658629179001   , -0.11899082362651825  , -0.1229359358549118   , -0.09493395686149597   , 0.009032629430294037  , 0.024056866765022278  , 0.028001978993415833 , 0.015024237334728241  , 0.018969349563121796  , 0.015024237334728241   , 0.018969349563121796   ,                2,                1,   0.5
      390, C        ,        0, gnnexplainer,             0.9, -0.03710620105266571   , -0.5492058992385864   , -2.1758551597595215   , -0.4875047206878662    , 0.4503985196352005    , 0.061701178550720215  , 1.6883504390716553   , 0.5120996981859207    , 2.1387489587068558    , -0.3886973410844803    , 1.2379519194364548     ,                8,                1,   0.875
      390, C        ,        1, gnnexplainer,             0.9, -2.6328485012054443    , -2.6318931579589844   , -2.3453056812286377   , -2.5278682708740234    , 0.1049802303314209    , 0.10402488708496094   , 0.18256258964538574  , 0.0009553432464599609 , 0.28754281997680664   , -0.0009553432464599609 , 0.07758235931396484    ,                8,                1,   0.875
      390, C        ,        2, gnnexplainer,             0.9, -8.109528541564941     , -7.276601314544678    , -6.4487833976745605   , -9.012655258178711     , 0.9031267166137695    , 1.7360539436340332    , 2.5638718605041504   , 0.8329272270202637    , 1.6607451438903809    , 0.8329272270202637     , 1.6607451438903809     ,                6,                1,   0.8333333333333334
      400, H        ,        0, gnnexplainer,             0.9, -0.10246573388576508   , -0.08253399282693863  , -0.14406785368919373  , -0.09440877288579941   , 0.008056960999965668  , 0.011874780058860779  , 0.04965908080339432  , 0.019931741058826447  , 0.04160211980342865   , 0.003817819058895111   , 0.04160211980342865    ,                2,                1,   0.5
      400, H        ,        1, gnnexplainer,             0.9, -0.07642756402492523   , -0.052491914480924606 , -0.10870370268821716  , -0.0521015040576458    , 0.024326059967279434  , 0.0003904104232788086 , 0.056602198630571365 , 0.023935649544000626  , 0.03227613866329193   , -0.023935649544000626  , 0.03227613866329193    ,                2,                1,   0.5
      400, H        ,        2, gnnexplainer,             0.9, -0.10249046236276627   , -0.11798398941755295  , -0.0948539525270462   , -0.09440882503986359   , 0.00808163732290268   , 0.02357516437768936   , 0.0004451274871826172, 0.015493527054786682  , 0.007636509835720062  , 0.015493527054786682   , -0.007636509835720062  ,                2,                1,   0.5
      400, H        ,        3, gnnexplainer,             0.9, -0.07642314583063126   , -0.0659537985920906   , -0.09218168258666992  , -0.0521015040576458    , 0.02432164177298546   , 0.013852294534444809  , 0.040080178529024124 , 0.01046934723854065   , 0.015758536756038666  , -0.01046934723854065   , 0.015758536756038666   ,                2,                1,   0.5
      400, H        ,        4, gnnexplainer,             0.9, -0.1314217746257782    , -0.14219576120376587  , -0.0962086170911789   , -0.11559242010116577   , 0.015829354524612427  , 0.026603341102600098  , 0.019383803009986877 , 0.010773986577987671  , 0.035213157534599304  , 0.010773986577987671   , 0.0035544484853744507  ,                2,                1,   0.5
      400, H        ,        5, gnnexplainer,             0.9, -0.1402265429496765    , -0.15978479385375977  , -0.09949414432048798  , -0.1680401861667633    , 0.027813643217086792  , 0.00825539231300354   , 0.06854604184627533  , 0.019558250904083252  , 0.04073239862918854   , -0.019558250904083252  , 0.04073239862918854    ,                2,                1,   0.5
      400, H        ,        6, gnnexplainer,             0.9, -0.14020320773124695   , -0.09972928464412689  , -0.14550015330314636  , -0.1700841337442398    , 0.02988092601299286   , 0.07035484910011292   , 0.024583980441093445 , 0.040473923087120056  , 0.005296945571899414  , 0.040473923087120056   , -0.005296945571899414  ,                2,                1,   0.5
      400, H        ,        7, gnnexplainer,             0.9, -0.13137146830558777   , -0.08819273114204407  , -0.12922433018684387  , -0.1165924146771431    , 0.014779053628444672  , 0.02839968353509903   , 0.012631915509700775 , 0.0431787371635437    , 0.0021471381187438965 , 0.013620629906654358   , -0.0021471381187438965 ,                2,                1,   0.5
      400, C        ,        0, gnnexplainer,             0.9, -1.4263479709625244    , -1.2881122827529907   , -2.1437828540802      , -1.3942843675613403    , 0.03206360340118408   , 0.10617208480834961   , 0.7494984865188599   , 0.1382356882095337    , 0.7174348831176758    , 0.07410848140716553    , 0.7174348831176758     ,                8,                1,   0.875
      400, C        ,        1, gnnexplainer,             0.9, -1.4266356229782104    , -1.2850083112716675   , -1.8691200017929077   , -1.4002841711044312    , 0.026351451873779297  , 0.11527585983276367   , 0.46883583068847656  , 0.14162731170654297   , 0.44248437881469727   , 0.08892440795898438    , 0.44248437881469727    ,                8,                1,   0.875
      400, C        ,        2, gnnexplainer,             0.9, -2.614194869995117     , -3.4457287788391113   , -2.3200531005859375   , -3.0759077072143555    , 0.4617128372192383    , 0.36982107162475586   , 0.755854606628418    , 0.8315339088439941    , 0.2941417694091797    , -0.09189176559448242   , 0.2941417694091797     ,                8,                1,   0.875
      400, C        ,        3, gnnexplainer,             0.9, -15.79722785949707     , -14.580336570739746   , -15.953329086303711   , -16.819684982299805    , 1.0224571228027344    , 2.2393484115600586    , 0.8663558959960938   , 1.2168912887573242    , 0.15610122680664062   , 1.2168912887573242     , -0.15610122680664062   ,                6,                1,   0.8333333333333334
      400, C        ,        4, gnnexplainer,             0.9, -2.6150918006896973    , -1.2586508989334106   , -2.9942283630371094   , -3.0838639736175537    , 0.46877217292785645   , 1.825213074684143     , 0.08963561058044434  , 1.3564409017562866    , 0.3791365623474121    , 1.3564409017562866     , -0.3791365623474121    ,                8,                1,   0.875
      410, H        ,        0, gnnexplainer,             0.9, -0.06788772344589233   , -0.07899262011051178  , -0.08343570679426193  , -0.06429516524076462   , 0.003592558205127716  , 0.014697454869747162  , 0.019140541553497314 , 0.011104896664619446  , 0.015547983348369598  , 0.011104896664619446   , 0.015547983348369598   ,                2,                1,   0.5
      410, H        ,        1, gnnexplainer,             0.9, -0.06581828743219376   , -0.0872001126408577   , -0.0657704547047615   , -0.07624254375696182   , 0.010424256324768066  , 0.010957568883895874  , 0.010472089052200317 , 0.02138182520866394   , 4.7832727432250977e-05, 0.0005333125591278076  , 4.7832727432250977e-05 ,                2,                1,   0.5
      410, H        ,        2, gnnexplainer,             0.9, -0.08466397970914841   , -0.13262253999710083  , -0.09458591043949127  , -0.12143554538488388   , 0.036771565675735474  , 0.01118699461221695   , 0.02684963494539261  , 0.04795856028795242   , 0.009921930730342865  , -0.025584571063518524  , -0.009921930730342865  ,                2,                1,   0.5
      410, H        ,        3, gnnexplainer,             0.9, -0.035918645560741425  , -0.030820008367300034 , -0.057808972895145416 , -0.011128109879791737  , 0.024790535680949688  , 0.019691898487508297  , 0.04668086301535368  , 0.005098637193441391  , 0.02189032733440399   , -0.005098637193441391  , 0.02189032733440399    ,                2,                1,   0.5
      410, H        ,        4, gnnexplainer,             0.9, -0.06789251416921616   , -0.05630548298358917  , -0.05009102076292038  , -0.06429516524076462   , 0.003597348928451538  , 0.007989682257175446  , 0.014204144477844238 , 0.011587031185626984  , 0.017801493406295776  , 0.0043923333287239075  , 0.0106067955493927     ,                2,                1,   0.5
      410, H        ,        5, gnnexplainer,             0.9, -0.0658133253455162    , -0.07899430394172668  , -0.05531308427453041  , -0.07724254578351974   , 0.01142922043800354   , 0.0017517581582069397 , 0.021929461508989334 , 0.01318097859621048   , 0.010500241070985794  , -0.0096774622797966    , 0.010500241070985794   ,                2,                1,   0.5
      410, H        ,        6, gnnexplainer,             0.9, -0.0054015591740608215 , -0.10548259317874908  , -0.028661951422691345 , -0.009750496596097946  , 0.004348937422037125  , 0.09573209658265114   , 0.0189114548265934   , 0.10008103400468826   , 0.023260392248630524  , 0.09138315916061401    , 0.014562517404556274   ,                2,                1,   0.5
      410, H        ,        7, gnnexplainer,             0.9, -0.005390949547290802  , -0.027408026158809662 , -0.08628281205892563  , -0.008706634864211082  , 0.0033156853169202805 , 0.01870139129459858   , 0.07757617719471455  , 0.02201707661151886   , 0.08089186251163483   , 0.015385705977678299   , 0.07426049187779427    ,                2,                1,   0.5
      410, C        ,        0, gnnexplainer,             0.9, -3.6658596992492676    , -3.2579729557037354   , -3.574429512023926    , -3.6321778297424316    , 0.03368186950683594   , 0.3742048740386963    , 0.05774831771850586  , 0.4078867435455322    , 0.0914301872253418    , 0.34052300453186035    , 0.024066448211669922   ,                8,                1,   0.875
      410, C        ,        1, gnnexplainer,             0.9, -3.665705680847168     , -3.9606330394744873   , -2.853820323944092    , -3.6361777782440186    , 0.029527902603149414  , 0.32445526123046875   , 0.7823574542999268   , 0.29492735862731934   , 0.8118853569030762    , 0.29492735862731934    , 0.7528295516967773     ,                8,                1,   0.875
      410, C        ,        2, gnnexplainer,             0.9, -1.215968132019043     , -1.0611426830291748   , -1.9274232387542725   , -1.389151692390442     , 0.17318356037139893   , 0.3280090093612671    , 0.5382715463638306   , 0.15482544898986816   , 0.7114551067352295    , 0.15482544898986816    , 0.36508798599243164    ,                8,                1,   0.875
      410, C        ,        3, gnnexplainer,             0.9, -1.2410415410995483    , -2.084101438522339    , -2.5151596069335938   , -1.23424232006073      , 0.006799221038818359  , 0.8498591184616089    , 1.2809172868728638   , 0.8430598974227905    , 1.2741180658340454    , 0.8430598974227905     , 1.2741180658340454     ,                8,                1,   0.875
      410, C        ,        4, gnnexplainer,             0.9, -1.2161126136779785    , -1.9762542247772217   , -1.9145129919052124   , -1.3961957693099976    , 0.18008315563201904   , 0.5800584554672241    , 0.5183172225952148   , 0.7601416110992432    , 0.6984003782272339    , 0.3999752998352051     , 0.3382340669631958     ,                8,                1,   0.875
      420, H        ,        0, gnnexplainer,             0.9, -0.11554992198944092   , -0.05369164049625397  , -0.1303422898054123   , -0.10301388800144196   , 0.012536033987998962  , 0.04932224750518799   , 0.027328401803970337 , 0.06185828149318695   , 0.014792367815971375  , 0.036786213517189026   , 0.014792367815971375   ,                2,                1,   0.5
      420, H        ,        1, gnnexplainer,             0.9, -0.1274656355381012    , -0.0922735258936882   , -0.1238955408334732   , -0.12237372994422913   , 0.00509190559387207   , 0.030100204050540924  , 0.0015218108892440796, 0.035192109644412994  , 0.0035700947046279907 , 0.025008298456668854   , -0.0035700947046279907 ,                2,                1,   0.5
      420, H        ,        2, gnnexplainer,             0.9, -0.12995630502700806   , -0.08520348370075226  , -0.15536296367645264  , -0.13875049352645874   , 0.008794188499450684  , 0.05354700982570648   , 0.016612470149993896 , 0.0447528213262558    , 0.02540665864944458   , 0.0447528213262558     , 0.007818281650543213   ,                2,                1,   0.5
      420, H        ,        3, gnnexplainer,             0.9, -0.12045943737030029   , -0.08775508403778076  , -0.10227447748184204  , -0.1417776346206665    , 0.02131819725036621   , 0.05402255058288574   , 0.03950315713882446  , 0.03270435333251953   , 0.018184959888458252  , 0.03270435333251953    , 0.018184959888458252   ,                2,                1,   0.5
      420, H        ,        4, gnnexplainer,             0.9, -0.12049415707588196   , -0.1104540228843689   , -0.09617637097835541  , -0.1253821849822998    , 0.004888027906417847  , 0.014928162097930908  , 0.029205814003944397 , 0.010040134191513062  , 0.02431778609752655   , 0.010040134191513062   , 0.02431778609752655    ,                2,                1,   0.5
      420, C        ,        0, gnnexplainer,             0.9, -3.2180049419403076    , -3.1245310306549072   , -2.871006727218628    , -3.2470529079437256    , 0.02904796600341797   , 0.12252187728881836   , 0.37604618072509766  , 0.09347391128540039   , 0.3469982147216797    , 0.09347391128540039    , 0.3469982147216797     ,                8,                1,   0.875
      420, C        ,        1, gnnexplainer,             0.9, -3.06760573387146      , -3.1890220642089844   , -2.9794113636016846   , -2.733438730239868     , 0.3341670036315918    , 0.4555833339691162    , 0.2459726333618164   , 0.12141633033752441   , 0.08819437026977539   , 0.12141633033752441    , -0.08819437026977539   ,                8,                1,   0.875
      420, C        ,        2, gnnexplainer,             0.9, -3.273740291595459     , -3.4954216480255127   , -2.886223793029785    , -3.265650510787964     , 0.008089780807495117  , 0.22977113723754883   , 0.3794267177581787   , 0.2216813564300537    , 0.38751649856567383   , 0.2216813564300537     , 0.3713369369506836     ,                8,                1,   0.875
      430, H        ,        0, gnnexplainer,             0.9, -0.035303592681884766  , -0.04534647613763809  , -0.11704519391059875  , -0.028109626844525337  , 0.007193965837359428  , 0.017236849293112755  , 0.08893556706607342  , 0.010042883455753326  , 0.08174160122871399   , 0.010042883455753326   , 0.08174160122871399    ,                2,                1,   0.5
      430, H        ,        1, gnnexplainer,             0.9, -0.03156699240207672   , -0.10596255958080292  , -0.0487087219953537   , -0.046241145581007004  , 0.014674153178930283  , 0.059721413999795914  , 0.002467576414346695 , 0.0743955671787262    , 0.017141729593276978  , 0.04504726082086563    , -0.012206576764583588  ,                2,                1,   0.5
      430, H        ,        2, gnnexplainer,             0.9, -0.09449046850204468   , -0.09623059630393982  , -0.12117674201726913  , -0.08611804246902466   , 0.00837242603302002   , 0.010112553834915161  , 0.035058699548244476 , 0.0017401278018951416 , 0.026686273515224457  , 0.0017401278018951416  , 0.026686273515224457   ,                2,                1,   0.5
      430, H        ,        4, gnnexplainer,             0.9, -0.37773847579956055   , -0.36916568875312805  , -0.12676405906677246  , -0.3608199656009674    , 0.01691851019859314   , 0.008345723152160645  , 0.23405590653419495  , 0.008572787046432495  , 0.2509744167327881    , -0.008572787046432495  , 0.2171373963356018     ,                2,                1,   0.5
      430, H        ,        5, gnnexplainer,             0.9, -0.38157323002815247   , -0.1339435875415802   , -0.32336920499801636  , -0.3773472011089325    , 0.004226028919219971  , 0.2434036135673523    , 0.05397799611091614  , 0.24762964248657227   , 0.05820402503013611   , 0.23917758464813232    , 0.04975196719169617    ,                2,                1,   0.5
      430, H        ,        6, gnnexplainer,             0.9, -0.36146605014801025   , -0.25757405161857605  , -0.11969324946403503  , -0.38455814123153687   , 0.02309209108352661   , 0.12698408961296082   , 0.26486489176750183  , 0.1038919985294342    , 0.24177280068397522   , 0.1038919985294342     , 0.24177280068397522    ,                2,                1,   0.5
      430, C        ,        0, gnnexplainer,             0.9, -1.6228567361831665    , -2.191593647003174    , -2.456218719482422    , -1.468566656112671     , 0.1542900800704956    , 0.7230269908905029    , 0.987652063369751    , 0.5687369108200073    , 0.8333619832992554    , 0.5687369108200073     , 0.8333619832992554     ,                8,                1,   0.875
      430, C        ,        1, gnnexplainer,             0.9, -5.71925687789917      , -5.896215438842773    , -4.774258136749268    , -6.611371994018555     , 0.8921151161193848    , 0.7151565551757812    , 1.837113857269287    , 0.17695856094360352   , 0.9449987411499023    , -0.17695856094360352   , 0.9449987411499023     ,                6,                1,   0.8333333333333334
      430, C        ,        2, gnnexplainer,             0.9, -2.514878273010254     , -2.362636089324951    , -2.2619948387145996   , -2.538264513015747     , 0.023386240005493164  , 0.1756284236907959    , 0.27626967430114746  , 0.15224218368530273   , 0.2528834342956543    , 0.15224218368530273    , 0.2528834342956543     ,                8,                1,   0.875
      430, C        ,        3, gnnexplainer,             0.9, -13.054512023925781    , -12.139784812927246   , -8.771394729614258    , -12.801044464111328    , 0.2534675598144531    , 0.661259651184082     , 4.02964973449707     , 0.9147272109985352    , 4.283117294311523     , 0.4077920913696289     , 3.776182174682617      ,                6,                1,   0.8333333333333334
      430, C        ,        4, gnnexplainer,             0.9, -12.267698287963867    , -10.241780281066895   , -8.1118745803833      , -12.072532653808594    , 0.19516563415527344   , 1.8307523727416992    , 3.960658073425293    , 2.0259180068969727    , 4.155823707580566     , 1.6355867385864258     , 3.7654924392700195     ,                6,                1,   0.8333333333333334
      440, H        ,        0, gnnexplainer,             0.9, -0.173091858625412     , -0.17821004986763     , -0.1079956665635109   , -0.17105746269226074   , 0.002034395933151245  , 0.007152587175369263  , 0.06306179612874985  , 0.005118191242218018  , 0.06509619206190109   , 0.005118191242218018   , 0.0610274001955986     ,                2,                1,   0.5
      440, H        ,        1, gnnexplainer,             0.9, -0.11586949229240417   , -0.13176606595516205  , -0.12869039177894592  , -0.12198732793331146   , 0.006117835640907288  , 0.009778738021850586  , 0.0067030638456344604, 0.015896573662757874  , 0.012820899486541748  , 0.0036609023809432983  , 0.0005852282047271729  ,                2,                1,   0.5
      440, H        ,        2, gnnexplainer,             0.9, -0.02511736750602722   , -0.0224652960896492   , -0.05379260331392288  , -0.050234172493219376  , 0.025116804987192154  , 0.027768876403570175  , 0.0035584308207035065, 0.0026520714163780212 , 0.02867523580789566   , 0.0026520714163780212  , -0.021558374166488647  ,                2,                1,   0.5
      440, H        ,        3, gnnexplainer,             0.9, -0.025093700736761093  , -0.025578506290912628 , -0.060991767793893814 , -0.00895293615758419   , 0.016140764579176903  , 0.016625570133328438  , 0.052038831636309624 , 0.00048480555415153503, 0.03589806705713272   , 0.00048480555415153503 , 0.03589806705713272    ,                2,                1,   0.5
      440, H        ,        4, gnnexplainer,             0.9, -0.025449000298976898  , -0.03895170986652374  , -0.0388902872800827   , -0.02700575813651085   , 0.0015567578375339508 , 0.011945951730012894  , 0.011884529143571854 , 0.013502709567546844  , 0.013441286981105804  , 0.010389193892478943   , 0.010327771306037903   ,                2,                1,   0.5
      440, C        ,        0, gnnexplainer,             0.9, -3.238034725189209     , -3.353752613067627    , -2.343020439147949    , -3.5290541648864746    , 0.2910194396972656    , 0.17530155181884766   , 1.1860337257385254   , 0.11571788787841797   , 0.8950142860412598    , -0.11571788787841797   , 0.8950142860412598     ,                8,                1,   0.875
      440, C        ,        1, gnnexplainer,             0.9, -12.357522964477539    , -12.165051460266113   , -9.419571876525879    , -12.59865665435791     , 0.2411336898803711    , 0.4336051940917969    , 3.1790847778320312   , 0.19247150421142578   , 2.93795108795166      , 0.19247150421142578    , 2.93795108795166       ,                6,                1,   0.8333333333333334
      440, C        ,        2, gnnexplainer,             0.9, -5.144594669342041     , -5.207985877990723    , -5.158475875854492    , -5.474212646484375     , 0.329617977142334     , 0.26622676849365234   , 0.3157367706298828   , 0.06339120864868164   , 0.013881206512451172  , -0.06339120864868164   , -0.013881206512451172  ,                6,                1,   0.8333333333333334
      440, C        ,        3, gnnexplainer,             0.9, -6.445936679840088     , -6.370062351226807    , -5.087202548980713    , -6.965696334838867     , 0.5197596549987793    , 0.5956339836120605    , 1.8784937858581543   , 0.07587432861328125   , 1.358734130859375     , 0.07587432861328125    , 1.358734130859375      ,                6,                1,   0.8333333333333334
      440, C        ,        4, gnnexplainer,             0.9, 0.25813132524490356    , -0.08036559075117111  , -1.3402857780456543   , 0.2522205412387848     , 0.005910784006118774  , 0.3325861319899559    , 1.592506319284439    , 0.3384969159960747    , 1.5984171032905579    , 0.3266753479838371     , 1.5865955352783203     ,                8,                1,   0.875
      450, H        ,        0, gnnexplainer,             0.9, -0.04355114698410034   , -0.009519293904304504 , -0.05189161002635956  , 0.03275012969970703    , 0.07630127668380737   , 0.042269423604011536  , 0.08464173972606659  , 0.03403185307979584   , 0.008340463042259216  , -0.03403185307979584   , 0.008340463042259216   ,                2,                1,   0.5
      450, H        ,        1, gnnexplainer,             0.9, -0.06927318125963211   , -0.04820717126131058  , -0.13488158583641052  , -0.0715140700340271    , 0.002240888774394989  , 0.023306898772716522  , 0.06336751580238342  , 0.021066009998321533  , 0.06560840457677841   , 0.021066009998321533   , 0.061126627027988434   ,                2,                1,   0.5
      450, H        ,        2, gnnexplainer,             0.9, -0.06935058534145355   , -0.10213256627321243  , -0.03520252928137779  , -0.07355805486440659   , 0.0042074695229530334 , 0.028574511408805847  , 0.03835552558302879  , 0.03278198093175888   , 0.03414805606007576   , 0.024367041885852814   , 0.03414805606007576    ,                2,                1,   0.5
      450, H        ,        3, gnnexplainer,             0.9, -0.14339891076087952   , -0.13363073766231537  , -0.1216420903801918   , -0.23171529173851013   , 0.08831638097763062   , 0.09808455407619476   , 0.11007320135831833  , 0.009768173098564148  , 0.021756820380687714  , 0.009768173098564148   , 0.021756820380687714   ,                2,                1,   0.5
      450, C        ,        0, gnnexplainer,             0.9, -5.920004844665527     , -6.302178859710693    , -4.693222522735596    , -7.761427879333496     , 1.8414230346679688    , 1.4592490196228027    , 3.0682053565979004   , 0.382174015045166     , 1.2267823219299316    , -0.382174015045166     , 1.2267823219299316     ,                6,                1,   0.8333333333333334
      450, C        ,        1, gnnexplainer,             0.9, -8.008285522460938     , -8.68563461303711     , -6.793142318725586    , -9.08093547821045      , 1.0726499557495117    , 0.39530086517333984   , 2.2877931594848633   , 0.6773490905761719    , 1.2151432037353516    , -0.6773490905761719    , 1.2151432037353516     ,                6,                1,   0.8333333333333334
      450, C        ,        2, gnnexplainer,             0.9, -0.7208598256111145    , -0.37270450592041016  , -2.3593897819519043   , -0.7991183996200562    , 0.07825857400894165   , 0.426413893699646     , 1.5602713823318481   , 0.34815531969070435   , 1.6385299563407898    , 0.34815531969070435    , 1.4820128083229065     ,                8,                1,   0.875
      450, C        ,        3, gnnexplainer,             0.9, -5.4790120124816895    , -4.915817737579346    , -6.347541332244873    , -5.140366077423096     , 0.33864593505859375   , 0.22454833984375      , 1.2071752548217773   , 0.5631942749023438    , 0.8685293197631836    , -0.11409759521484375   , 0.8685293197631836     ,                6,                1,   0.8333333333333334
      450, C        ,        4, gnnexplainer,             0.9, -3.9353888034820557    , -3.7010581493377686   , -4.55733060836792     , -3.6308069229125977    , 0.304581880569458     , 0.0702512264251709    , 0.9265236854553223   , 0.2343306541442871    , 0.6219418048858643    , -0.2343306541442871    , 0.6219418048858643     ,                6,                1,   0.8333333333333334
      460, H        ,        0, gnnexplainer,             0.9, -0.043785881251096725  , -0.05602971836924553  , -0.03922121226787567  , -0.015303579159080982  , 0.028482302092015743  , 0.04072613921016455   , 0.02391763310879469  , 0.012243837118148804  , 0.004564668983221054  , 0.012243837118148804   , -0.004564668983221054  ,                2,                1,   0.5
      460, H        ,        1, gnnexplainer,             0.9, -0.07185396552085876   , -0.07524622976779938  , -0.09006872773170471  , -0.08878634124994278   , 0.016932375729084015  , 0.013540111482143402  , 0.0012823864817619324, 0.003392264246940613  , 0.018214762210845947  , -0.003392264246940613  , -0.015649989247322083  ,                2,                1,   0.5
      460, H        ,        2, gnnexplainer,             0.9, -0.04139140248298645   , -0.0535958856344223   , -0.05057884007692337  , -0.04766342043876648   , 0.006272017955780029  , 0.005932465195655823  , 0.002915419638156891 , 0.012204483151435852  , 0.00918743759393692   , -0.00033955276012420654, -0.0033565983176231384 ,                2,                1,   0.5
      460, H        ,        3, gnnexplainer,             0.9, -0.1064658984541893    , -0.09204688668251038  , -0.0747242420911789   , -0.12816256284713745   , 0.02169666439294815   , 0.036115676164627075  , 0.05343832075595856  , 0.014419011771678925  , 0.031741656363010406  , 0.014419011771678925   , 0.031741656363010406   ,                2,                1,   0.5
      460, H        ,        4, gnnexplainer,             0.9, -0.04387911036610603   , -0.08626791089773178  , -0.045538559556007385 , -0.07319828867912292   , 0.02931917831301689   , 0.013069622218608856  , 0.02765972912311554  , 0.04238880053162575   , 0.001659449189901352  , -0.016249556094408035  , -0.001659449189901352  ,                2,                1,   0.5
      460, H        ,        5, gnnexplainer,             0.9, -0.06584247946739197   , -0.10568681359291077  , -0.08201967179775238  , -0.06691791117191315   , 0.0010754317045211792 , 0.03876890242099762   , 0.015101760625839233 , 0.0398443341255188    , 0.016177192330360413  , 0.03769347071647644    , 0.014026328921318054   ,                2,                1,   0.5
      460, H        ,        6, gnnexplainer,             0.9, -0.03435482084751129   , -0.052842218428850174 , -0.05700197443366051  , -0.03555815666913986   , 0.0012033358216285706 , 0.017284061759710312  , 0.021443817764520645 , 0.018487397581338882  , 0.022647153586149216  , 0.01608072593808174    , 0.020240481942892075   ,                2,                1,   0.5
      460, H        ,        7, gnnexplainer,             0.9, -0.012830819934606552  , -0.04526768624782562  , -0.01814345270395279  , -0.019224893301725388  , 0.0063940733671188354 , 0.026042792946100235  , 0.0010814405977725983, 0.03243686631321907   , 0.005312632769346237  , 0.0196487195789814     , -0.005312632769346237  ,                2,                1,   0.5
      460, H        ,        8, gnnexplainer,             0.9, -0.025535907596349716  , -0.058562953025102615 , -0.056251365691423416 , -0.05107570067048073   , 0.025539793074131012  , 0.007487252354621887  , 0.005175665020942688 , 0.0330270454287529    , 0.0307154580950737    , -0.018052540719509125  , -0.020364128053188324  ,                2,                1,   0.5
      460, H        ,        9, gnnexplainer,             0.9, -0.011747792363166809  , -0.0206635519862175   , -0.03287466987967491  , 0.01088925451040268    , 0.02263704687356949   , 0.03155280649662018   , 0.04376392439007759  , 0.00891575962305069   , 0.021126877516508102  , 0.00891575962305069    , 0.021126877516508102   ,                2,                1,   0.5
      460, C        ,        0, gnnexplainer,             0.9, -4.247857570648193     , -4.918773174285889    , -3.592432975769043    , -4.765948295593262     , 0.5180907249450684    , 0.15282487869262695   , 1.1735153198242188   , 0.6709156036376953    , 0.6554245948791504    , -0.3652658462524414    , 0.6554245948791504     ,                8,                1,   0.875
      460, C        ,        1, gnnexplainer,             0.9, -2.4831478595733643    , -3.0224413871765137   , -2.965169906616211    , -2.5882418155670166    , 0.10509395599365234   , 0.43419957160949707   , 0.37692809104919434  , 0.5392935276031494    , 0.4820220470428467    , 0.3291056156158447     , 0.271834135055542      ,                8,                1,   0.875
      460, C        ,        2, gnnexplainer,             0.9, 0.3663378357887268     , 0.07881252467632294   , -1.3273018598556519   , 0.3210907578468323     , 0.04524707794189453   , 0.24227823317050934   , 1.6483926177024841   , 0.28752531111240387   , 1.6936396956443787    , 0.1970311552286148     , 1.6031455397605896     ,                8,                1,   0.875
      460, C        ,        3, gnnexplainer,             0.9, -1.7728098630905151    , -1.882031798362732    , -2.1527276039123535   , -1.8821203708648682    , 0.10931050777435303   , 8.857250213623047e-05 , 0.27060723304748535  , 0.1092219352722168    , 0.3799177408218384    , -0.1092219352722168    , 0.16129672527313232    ,                8,                1,   0.875
      470, H        ,        0, gnnexplainer,             0.9, -0.05952444300055504   , -0.06922424584627151  , -0.057000309228897095 , -0.053031232208013535  , 0.006493210792541504  , 0.01619301363825798   , 0.00396907702088356  , 0.009699802845716476  , 0.0025241337716579437 , 0.009699802845716476   , -0.0025241337716579437 ,                2,                1,   0.5
      470, H        ,        1, gnnexplainer,             0.9, -0.05956923961639404   , -0.05892623960971832  , -0.0698542520403862   , -0.04844353348016739   , 0.011125706136226654  , 0.010482706129550934  , 0.02141071856021881  , 0.0006430000066757202 , 0.010285012423992157  , -0.0006430000066757202 , 0.010285012423992157   ,                2,                1,   0.5
      470, H        ,        2, gnnexplainer,             0.9, -0.054433196783065796  , -0.06058195233345032  , -0.06083710491657257  , -0.07911962270736694   , 0.024686425924301147  , 0.018537670373916626  , 0.018282517790794373 , 0.0061487555503845215 , 0.006403908133506775  , -0.0061487555503845215 , -0.006403908133506775  ,                2,                1,   0.5
      470, H        ,        3, gnnexplainer,             0.9, -0.17491021752357483   , -0.14346423745155334  , -0.13021013140678406  , -0.18564572930335999   , 0.010735511779785156  , 0.04218149185180664   , 0.05543559789657593  , 0.031445980072021484  , 0.04470008611679077   , 0.031445980072021484   , 0.04470008611679077    ,                2,                1,   0.5
      470, H        ,        4, gnnexplainer,             0.9, -0.23593086004257202   , -0.13449546694755554  , -0.21076160669326782  , -0.23634721338748932   , 0.00041635334491729736, 0.10185174643993378   , 0.025585606694221497 , 0.10143539309501648   , 0.0251692533493042    , 0.10143539309501648    , 0.0251692533493042     ,                2,                1,   0.5
      470, H        ,        5, gnnexplainer,             0.9, -0.20896568894386292   , -0.12073816359043121  , -0.15434494614601135  , -0.20029433071613312   , 0.008671358227729797  , 0.0795561671257019    , 0.045949384570121765 , 0.0882275253534317    , 0.05462074279785156   , 0.0708848088979721     , 0.03727802634239197    ,                2,                1,   0.5
      470, H        ,        6, gnnexplainer,             0.9, -0.23940086364746094   , -0.12027477473020554  , -0.24155312776565552  , -0.24425962567329407   , 0.00485876202583313   , 0.12398485094308853   , 0.00270649790763855  , 0.1191260889172554    , 0.00215226411819458   , 0.1191260889172554     , -0.00215226411819458   ,                2,                1,   0.5
      470, H        ,        7, gnnexplainer,             0.9, -0.14705747365951538   , -0.11631110310554504  , -0.16329774260520935  , -0.14684659242630005   , 0.00021088123321533203, 0.030535489320755005  , 0.016451150178909302 , 0.030746370553970337  , 0.01624026894569397   , 0.030324608087539673   , 0.01624026894569397    ,                2,                1,   0.5
      470, C        ,        0, gnnexplainer,             0.9, -7.144142150878906     , -7.267569065093994    , -6.754474639892578    , -6.739404678344727     , 0.4047374725341797    , 0.5281643867492676    , 0.015069961547851562 , 0.12342691421508789   , 0.3896675109863281    , 0.12342691421508789    , -0.3896675109863281    ,                6,                1,   0.8333333333333334
      470, C        ,        1, gnnexplainer,             0.9, -8.570443153381348     , -7.922957420349121    , -7.1233344078063965   , -8.243026733398438     , 0.32741641998291016   , 0.3200693130493164    , 1.119692325592041    , 0.6474857330322266    , 1.4471087455749512    , -0.00734710693359375   , 0.7922759056091309     ,                6,                1,   0.8333333333333334
      470, C        ,        2, gnnexplainer,             0.9, -7.305014610290527     , -7.172935962677002    , -6.219872951507568    , -6.8385820388793945    , 0.4664325714111328    , 0.3343539237976074    , 0.6187090873718262   , 0.1320786476135254    , 1.085141658782959     , -0.1320786476135254    , 0.15227651596069336    ,                6,                1,   0.8333333333333334
      470, C        ,        3, gnnexplainer,             0.9, -8.564128875732422     , -9.87885856628418     , -7.7498674392700195   , -8.469472885131836     , 0.09465599060058594   , 1.4093856811523438    , 0.7196054458618164   , 1.3147296905517578    , 0.8142614364624023    , 1.3147296905517578     , 0.6249494552612305     ,                6,                1,   0.8333333333333334
      470, C        ,        4, gnnexplainer,             0.9, -6.1385979652404785    , -6.516617774963379    , -5.160811901092529    , -6.0845866203308105    , 0.05401134490966797   , 0.43203115463256836   , 0.9237747192382812   , 0.3780198097229004    , 0.9777860641479492    , 0.3780198097229004     , 0.8697633743286133     ,                6,                1,   0.8333333333333334
      470, C        ,        5, gnnexplainer,             0.9, -7.271572589874268     , -6.602338790893555    , -7.50212287902832     , -7.651252746582031     , 0.37968015670776367   , 1.0489139556884766    , 0.14912986755371094  , 0.6692337989807129    , 0.23055028915405273   , 0.6692337989807129     , -0.23055028915405273   ,                6,                1,   0.8333333333333334
      470, C        ,        6, gnnexplainer,             0.9, -2.0932846069335938    , -2.3142435550689697   , -2.473139524459839    , -2.1557068824768066    , 0.06242227554321289   , 0.15853667259216309   , 0.3174326419830322   , 0.22095894813537598   , 0.3798549175262451    , 0.0961143970489502     , 0.25501036643981934    ,                8,                1,   0.875
      480, H        ,        0, gnnexplainer,             0.9, -0.2637091279029846    , -0.2708396911621094   , -0.09973571449518204  , -0.25941720604896545   , 0.004291921854019165  , 0.011422485113143921  , 0.15968149155378342  , 0.007130563259124756  , 0.16397341340780258   , 0.007130563259124756   , 0.15538956969976425    ,                2,                1,   0.5
      480, H        ,        1, gnnexplainer,             0.9, -0.2441394329071045    , -0.26220598816871643  , -0.1156076118350029   , -0.24930313229560852   , 0.005163699388504028  , 0.01290285587310791   , 0.13369552046060562  , 0.01806655526161194   , 0.1285318210721016    , 0.007739156484603882   , 0.1285318210721016     ,                2,                1,   0.5
      480, H        ,        2, gnnexplainer,             0.9, -0.11225125938653946   , -0.11349107325077057  , -0.0857686996459961   , -0.1182067021727562    , 0.005955442786216736  , 0.004715628921985626  , 0.0324380025267601   , 0.0012398138642311096 , 0.026482559740543365  , -0.0012398138642311096 , 0.026482559740543365   ,                2,                1,   0.5
      480, H        ,        3, gnnexplainer,             0.9, -0.11104927957057953   , -0.08369757980108261  , -0.11643022298812866  , -0.11688289046287537   , 0.005833610892295837  , 0.033185310661792755  , 0.0004526674747467041, 0.027351699769496918  , 0.005380943417549133  , 0.027351699769496918   , -0.005380943417549133  ,                2,                1,   0.5
      480, H        ,        5, gnnexplainer,             0.9, -0.5830456614494324    , -0.1230345144867897   , -0.5812772512435913   , -0.6012064814567566    , 0.01816082000732422   , 0.4781719669699669    , 0.019929230213165283 , 0.46001114696264267   , 0.0017684102058410645 , 0.46001114696264267    , 0.0017684102058410645  ,                2,                1,   0.5
      480, C        ,        0, gnnexplainer,             0.9, -3.1684627532958984    , -3.514916181564331    , -2.7219014167785645   , -3.1351423263549805    , 0.03332042694091797   , 0.3797738552093506    , 0.413240909576416    , 0.3464534282684326    , 0.446561336517334     , 0.3464534282684326     , 0.37992048263549805    ,                8,                1,   0.875
      480, C        ,        1, gnnexplainer,             0.9, -3.570256471633911     , -3.239835739135742    , -2.4896042346954346   , -3.335395574569702     , 0.23486089706420898   , 0.09555983543395996   , 0.8457913398742676   , 0.33042073249816895   , 1.0806522369384766    , -0.13930106163024902   , 0.6109304428100586     ,                8,                1,   0.875
      480, C        ,        2, gnnexplainer,             0.9, -5.203941345214844     , -5.762238025665283    , -3.1420559883117676   , -4.873226165771484     , 0.3307151794433594    , 0.8890118598937988    , 1.7311701774597168   , 0.5582966804504395    , 2.061885356903076     , 0.5582966804504395     , 1.4004549980163574     ,                8,                1,   0.875
      480, C        ,        3, gnnexplainer,             0.9, -17.36349868774414     , -18.408702850341797   , -14.936898231506348   , -17.733488082885742    , 0.36998939514160156   , 0.6752147674560547    , 2.7965898513793945   , 1.0452041625976562    , 2.426600456237793     , 0.3052253723144531     , 2.426600456237793      ,                6,                1,   0.8333333333333334
      490, H        ,        0, gnnexplainer,             0.9, -0.17315952479839325   , -0.1569429636001587   , -0.0915890634059906   , -0.23058383166790009   , 0.057424306869506836  , 0.0736408680677414    , 0.13899476826190948  , 0.016216561198234558  , 0.08157046139240265   , 0.016216561198234558   , 0.08157046139240265    ,                2,                1,   0.5
      490, H        ,        1, gnnexplainer,             0.9, -0.15685632824897766   , -0.15578076243400574  , -0.10981480777263641  , -0.249619260430336     , 0.09276293218135834   , 0.09383849799633026   , 0.13980445265769958  , 0.0010755658149719238 , 0.04704152047634125   , 0.0010755658149719238  , 0.04704152047634125    ,                2,                1,   0.5
      490, H        ,        2, gnnexplainer,             0.9, -0.18034976720809937   , -0.09655382484197617  , -0.17597976326942444  , -0.26599687337875366   , 0.0856471061706543    , 0.1694430485367775    , 0.09001711010932922  , 0.0837959423661232    , 0.004370003938674927  , 0.0837959423661232     , 0.004370003938674927   ,                2,                1,   0.5
      490, H        ,        5, gnnexplainer,             0.9, -0.12873896956443787   , -0.17995384335517883  , -0.08805273473262787  , -0.1509436070919037    , 0.02220463752746582   , 0.029010236263275146  , 0.06289087235927582  , 0.05121487379074097   , 0.04068623483181      , 0.006805598735809326   , 0.04068623483181       ,                2,                1,   0.5
      490, H        ,        6, gnnexplainer,             0.9, -0.12632957100868225   , -0.0778278112411499   , -0.141971617937088    , -0.1284528225660324    , 0.0021232515573501587 , 0.05062501132488251   , 0.013518795371055603 , 0.04850175976753235   , 0.01564204692840576   , 0.04850175976753235    , 0.011395543813705444   ,                2,                1,   0.5
      490, C        ,        0, gnnexplainer,             0.9, -3.129530668258667     , -4.239513397216797    , -2.0985159873962402   , -4.111388683319092     , 0.9818580150604248    , 0.12812471389770508   , 2.0128726959228516   , 1.1099827289581299    , 1.0310146808624268    , -0.8537333011627197    , 1.0310146808624268     ,                8,                1,   0.875
      490, C        ,        1, gnnexplainer,             0.9, -15.582393646240234    , -15.256348609924316   , -12.665236473083496   , -16.991817474365234    , 1.409423828125        , 1.735468864440918     , 4.326581001281738    , 0.32604503631591797   , 2.9171571731567383    , 0.32604503631591797    , 2.9171571731567383     ,                6,                1,   0.8333333333333334
      490, C        ,        2, gnnexplainer,             0.9, -3.881084442138672     , -3.910100221633911    , -3.183070659637451    , -4.111124038696289     , 0.2300395965576172    , 0.20102381706237793   , 0.9280533790588379   , 0.029015779495239258  , 0.6980137825012207    , -0.029015779495239258  , 0.6980137825012207     ,                8,                1,   0.875
      490, C        ,        3, gnnexplainer,             0.9, -2.2796802520751953    , -2.3188984394073486   , -2.3533051013946533   , -3.4353280067443848    , 1.1556477546691895    , 1.1164295673370361    , 1.0820229053497314   , 0.03921818733215332   , 0.07362484931945801   , -0.03921818733215332   , -0.07362484931945801   ,                8,                1,   0.875
      500, H        ,        0, gnnexplainer,             0.9, -0.08378373086452484   , -0.08385605365037918  , -0.08184204995632172  , -0.10653185099363327   , 0.02274812012910843   , 0.02267579734325409   , 0.024689801037311554 , 7.23227858543396e-05  , 0.001941680908203125  , -7.23227858543396e-05  , 0.001941680908203125   ,                2,                1,   0.5
      500, H        ,        1, gnnexplainer,             0.9, -0.09802645444869995   , -0.10296110808849335  , -0.1292857676744461   , -0.09490861743688583   , 0.0031178370118141174 , 0.008052490651607513  , 0.03437715023756027  , 0.004934653639793396  , 0.031259313225746155  , 0.004934653639793396   , 0.031259313225746155   ,                2,                1,   0.5
      500, H        ,        2, gnnexplainer,             0.9, -0.022096559405326843  , -0.03018222749233246  , -0.05317103862762451  , -0.014496341347694397  , 0.007600218057632446  , 0.01568588614463806   , 0.038674697279930115 , 0.008085668087005615  , 0.03107447922229767   , 0.008085668087005615   , 0.03107447922229767    ,                2,                1,   0.5
      500, H        ,        3, gnnexplainer,             0.9, -0.11143986880779266   , -0.14251095056533813  , -0.11401994526386261  , -0.10435646027326584   , 0.007083408534526825  , 0.038154490292072296  , 0.009663484990596771 , 0.03107108175754547   , 0.0025800764560699463 , 0.03107108175754547    , 0.0025800764560699463  ,                2,                1,   0.5
      500, H        ,        4, gnnexplainer,             0.9, -0.07920713722705841   , -0.059617262333631516 , -0.1324087679386139   , -0.07894282042980194   , 0.0002643167972564697 , 0.019325558096170425  , 0.05346594750881195  , 0.019589874893426895  , 0.05320163071155548   , 0.019061241298913956   , 0.05320163071155548    ,                2,                1,   0.5
      500, H        ,        5, gnnexplainer,             0.9, -0.07803400605916977   , -0.07556737959384918  , -0.09248244762420654  , -0.08696994185447693   , 0.00893593579530716   , 0.011402562260627747  , 0.005512505769729614 , 0.002466626465320587  , 0.014448441565036774  , 0.002466626465320587   , -0.003423430025577545  ,                2,                1,   0.5
      500, H        ,        6, gnnexplainer,             0.9, -0.075496606528759     , -0.09130020439624786  , -0.06281565874814987  , -0.06850533932447433   , 0.006991267204284668  , 0.02279486507177353   , 0.005689680576324463 , 0.01580359786748886   , 0.01268094778060913   , 0.01580359786748886    , -0.001301586627960205  ,                2,                1,   0.5
      500, C        ,        0, gnnexplainer,             0.9, -3.034438371658325     , -3.2487540245056152   , -2.947725772857666    , -3.292292833328247     , 0.2578544616699219    , 0.043538808822631836  , 0.34456706047058105  , 0.21431565284729004   , 0.08671259880065918   , -0.21431565284729004   , 0.08671259880065918    ,                8,                1,   0.875
      500, C        ,        1, gnnexplainer,             0.9, -7.740678310394287     , -7.946194171905518    , -7.11061429977417     , -8.960823059082031     , 1.2201447486877441    , 1.0146288871765137    , 1.8502087593078613   , 0.20551586151123047   , 0.6300640106201172    , -0.20551586151123047   , 0.6300640106201172     ,                6,                1,   0.8333333333333334
      500, C        ,        2, gnnexplainer,             0.9, -1.4245024919509888    , -2.1083850860595703   , -1.8293792009353638   , -1.6536439657211304    , 0.2291414737701416    , 0.45474112033843994   , 0.1757352352142334   , 0.6838825941085815    , 0.404876708984375     , 0.22559964656829834    , -0.0534062385559082    ,                8,                1,   0.875
      500, C        ,        3, gnnexplainer,             0.9, -1.2647517919540405    , -1.219323754310608    , -2.327235698699951    , -1.4779253005981445    , 0.213173508644104     , 0.2586015462875366    , 0.8493103981018066   , 0.04542803764343262   , 1.0624839067459106    , 0.04542803764343262    , 0.6361368894577026     ,                8,                1,   0.875
      500, C        ,        4, gnnexplainer,             0.9, -2.3937554359436035    , -2.66983699798584     , -2.551421880722046    , -2.5561444759368896    , 0.16238903999328613   , 0.1136925220489502    , 0.00472259521484375  , 0.27608156204223633   , 0.15766644477844238   , -0.04869651794433594   , -0.15766644477844238   ,                8,                1,   0.875
      510, H        ,        0, gnnexplainer,             0.9, -0.0641452819108963    , -0.06348354369401932  , -0.05557335168123245  , -0.06858395785093307   , 0.004438675940036774  , 0.005100414156913757  , 0.013010606169700623 , 0.0006617382168769836 , 0.008571930229663849  , 0.0006617382168769836  , 0.008571930229663849   ,                2,                1,   0.5
      510, H        ,        1, gnnexplainer,             0.9, -0.07207746058702469   , -0.09685344249010086  , -0.0579347237944603   , -0.10737372934818268   , 0.03529626876115799   , 0.010520286858081818  , 0.04943900555372238  , 0.024775981903076172  , 0.014142736792564392  , -0.024775981903076172  , 0.014142736792564392   ,                2,                1,   0.5
      510, H        ,        2, gnnexplainer,             0.9, -0.054743897169828415  , -0.06373097002506256  , -0.08202376961708069  , -0.030469827353954315  , 0.0242740698158741    , 0.033261142671108246  , 0.05155394226312637  , 0.008987072855234146  , 0.027279872447252274  , 0.008987072855234146   , 0.027279872447252274   ,                2,                1,   0.5
      510, H        ,        3, gnnexplainer,             0.9, -0.0725153461098671    , -0.11814304441213608  , -0.09056667983531952  , -0.1194084882736206    , 0.04689314216375351   , 0.0012654438614845276 , 0.028841808438301086 , 0.04562769830226898   , 0.018051333725452423  , -0.04562769830226898   , -0.018051333725452423  ,                2,                1,   0.5
      510, H        ,        4, gnnexplainer,             0.9, -0.06956268846988678   , -0.07897032052278519  , -0.11820472031831741  , -0.058769065886735916  , 0.010793622583150864  , 0.02020125463604927   , 0.0594356544315815   , 0.009407632052898407  , 0.048642031848430634  , 0.009407632052898407   , 0.048642031848430634   ,                2,                1,   0.5
      510, H        ,        5, gnnexplainer,             0.9, -0.06805552542209625   , -0.09911248087882996  , -0.10657321661710739  , -0.07969000190496445   , 0.011634476482868195  , 0.01942247897386551   , 0.026883214712142944 , 0.031056955456733704  , 0.03851769119501114   , 0.0077880024909973145  , 0.01524873822927475    ,                2,                1,   0.5
      510, H        ,        6, gnnexplainer,             0.9, -0.040923863649368286  , -0.03845011442899704  , -0.08685821294784546  , -0.04133903980255127   , 0.0004151761531829834 , 0.0028889253735542297 , 0.04551917314529419  , 0.0024737492203712463 , 0.04593434929847717   , 0.0024737492203712463  , 0.045103996992111206   ,                2,                1,   0.5
      510, H        ,        7, gnnexplainer,             0.9, -0.02234116941690445   , -0.060284946113824844 , -0.01668744906783104  , -0.03561985865235329   , 0.013278689235448837  , 0.024665087461471558  , 0.018932409584522247 , 0.037943776696920395  , 0.00565372034907341   , 0.01138639822602272    , 0.00565372034907341    ,                2,                1,   0.5
      510, H        ,        8, gnnexplainer,             0.9, -0.057253893464803696  , -0.060786206275224686 , -0.09652382880449295  , -0.0713830441236496    , 0.014129150658845901  , 0.010596837848424911  , 0.025140784680843353 , 0.00353231281042099   , 0.039269935339689255  , -0.00353231281042099   , 0.011011634021997452   ,                2,                1,   0.5
      510, H        ,        9, gnnexplainer,             0.9, -0.06739038974046707   , -0.09532682597637177  , -0.06757419556379318  , -0.08068999648094177   , 0.013299606740474701  , 0.014636829495429993  , 0.01311580091714859  , 0.027936436235904694  , 0.00018380582332611084, 0.0013372227549552917  , -0.00018380582332611084,                2,                1,   0.5
      510, C        ,        0, gnnexplainer,             0.9, -3.183384895324707     , -3.2123658657073975   , -2.765249252319336    , -2.6794397830963135    , 0.5039451122283936    , 0.532926082611084     , 0.08580946922302246  , 0.02898097038269043   , 0.4181356430053711    , 0.02898097038269043    , -0.4181356430053711    ,                8,                1,   0.875
      510, C        ,        1, gnnexplainer,             0.9, -2.929103136062622     , -3.197645664215088    , -2.7920825481414795   , -2.8548877239227295    , 0.07421541213989258   , 0.3427579402923584    , 0.06280517578125     , 0.2685425281524658    , 0.13702058792114258   , 0.2685425281524658     , -0.011410236358642578  ,                8,                1,   0.875
      510, C        ,        2, gnnexplainer,             0.9, -4.82141637802124      , -4.754453182220459    , -3.0059025287628174   , -4.148713111877441     , 0.6727032661437988    , 0.6057400703430176    , 1.142810583114624    , 0.06696319580078125   , 1.8155138492584229    , -0.06696319580078125   , 0.4701073169708252     ,                8,                1,   0.875
      510, C        ,        3, gnnexplainer,             0.9, -1.93549382686615      , -2.169771194458008    , -2.1765546798706055   , -0.3196980357170105    , 1.6157957911491394    , 1.8500731587409973    , 1.856856644153595    , 0.2342773675918579    , 0.24106085300445557   , 0.2342773675918579     , 0.24106085300445557    ,                8,                1,   0.875
      510, C        ,        4, gnnexplainer,             0.9, -0.8245482444763184    , -0.6802318096160889   , -2.124366283416748    , -0.5578681230545044    , 0.26668012142181396   , 0.12236368656158447   , 1.5664981603622437   , 0.1443164348602295    , 1.2998180389404297    , -0.1443164348602295    , 1.2998180389404297     ,                8,                1,   0.875
      510, C        ,        5, gnnexplainer,             0.9, -1.521938443183899     , -1.5290837287902832   , -1.9433157444000244   , -0.3343559503555298    , 1.1875824928283691    , 1.1947277784347534    , 1.6089597940444946   , 0.007145285606384277  , 0.4213773012161255    , 0.007145285606384277   , 0.4213773012161255     ,                8,                1,   0.875
      520, H        ,        0, gnnexplainer,             0.9, -0.07483188062906265   , -0.039860114455223083 , -0.09622125327587128  , -0.08798813819885254   , 0.013156257569789886  , 0.048128023743629456  , 0.008233115077018738 , 0.03497176617383957   , 0.021389372646808624  , 0.03497176617383957    , -0.004923142492771149  ,                2,                1,   0.5
      520, H        ,        1, gnnexplainer,             0.9, -0.0839877501130104    , -0.07765863835811615  , -0.04684805870056152  , -0.07020726054906845   , 0.013780489563941956  , 0.007451377809047699  , 0.023359201848506927 , 0.006329111754894257  , 0.03713969141244888   , -0.006329111754894257  , 0.009578712284564972   ,                2,                1,   0.5
      520, H        ,        2, gnnexplainer,             0.9, -0.09250085800886154   , -0.08403556048870087  , -0.039426255971193314 , -0.09876027703285217   , 0.006259419023990631  , 0.014724716544151306  , 0.05933402106165886  , 0.008465297520160675  , 0.05307460203766823   , 0.008465297520160675   , 0.05307460203766823    ,                2,                1,   0.5
      520, H        ,        3, gnnexplainer,             0.9, -0.08420766144990921   , -0.14257265627384186  , -0.03408839553594589  , -0.08206676691770554   , 0.0021408945322036743 , 0.06050588935613632   , 0.047978371381759644 , 0.05836499482393265   , 0.05011926591396332   , 0.05836499482393265    , 0.04583747684955597    ,                2,                1,   0.5
      520, H        ,        4, gnnexplainer,             0.9, -0.09416072070598602   , -0.09376347064971924  , -0.1034872829914093   , -0.10170742124319077   , 0.007546700537204742  , 0.007943950593471527  , 0.0017798617482185364, 0.00039725005626678467, 0.009326562285423279  , 0.00039725005626678467 , -0.005766838788986206  ,                2,                1,   0.5
      520, H        ,        5, gnnexplainer,             0.9, -0.09825107455253601   , -0.10511773824691772  , -0.10343831032514572  , -0.1209438294172287    , 0.022692754864692688  , 0.015826091170310974  , 0.017505519092082977 , 0.006866663694381714  , 0.005187235772609711  , -0.006866663694381714  , -0.005187235772609711  ,                2,                1,   0.5
      520, H        ,        6, gnnexplainer,             0.9, -0.09382067620754242   , -0.08062116801738739  , -0.0736716017127037   , -0.11070739477872849   , 0.016886718571186066  , 0.030086226761341095  , 0.03703579306602478  , 0.01319950819015503   , 0.020149074494838715  , 0.01319950819015503    , 0.020149074494838715   ,                2,                1,   0.5
      520, H        ,        7, gnnexplainer,             0.9, -0.08741485327482224   , -0.05460774898529053  , -0.09961795806884766  , -0.07625960558652878   , 0.011155247688293457  , 0.02165185660123825   , 0.023358352482318878 , 0.03280710428953171   , 0.012203104794025421  , 0.010496608912944794   , 0.012203104794025421   ,                2,                1,   0.5
      520, H        ,        8, gnnexplainer,             0.9, -0.05939744412899017   , -0.08689097315073013  , -0.06506656110286713  , -0.08428621292114258   , 0.024888768792152405  , 0.002604760229587555  , 0.01921965181827545  , 0.02749352902173996   , 0.005669116973876953  , -0.02228400856256485   , -0.005669116973876953  ,                2,                1,   0.5
      520, H        ,        9, gnnexplainer,             0.9, -0.09688574820756912   , -0.10041944682598114  , -0.13153599202632904  , -0.09776833653450012   , 0.0008825883269309998 , 0.002651110291481018  , 0.03376765549182892  , 0.003533698618412018  , 0.03465024381875992   , 0.0017685219645500183  , 0.03288506716489792    ,                2,                1,   0.5
      520, H        ,       10, gnnexplainer,             0.9, -0.059439800679683685  , -0.07308900356292725  , -0.043769143521785736 , -0.05434755980968475   , 0.005092240869998932  , 0.018741443753242493  , 0.010578416287899017 , 0.01364920288324356   , 0.01567065715789795   , 0.01364920288324356    , 0.0054861754179000854  ,                2,                1,   0.5
      520, H        ,       11, gnnexplainer,             0.9, -0.1003698855638504    , -0.08972294628620148  , -0.11564446985721588  , -0.10915524512529373   , 0.008785359561443329  , 0.019432298839092255  , 0.00648922473192215  , 0.010646939277648926  , 0.015274584293365479  , 0.010646939277648926   , -0.002296134829521179  ,                2,                1,   0.5
      520, C        ,        0, gnnexplainer,             0.9, -1.1828290224075317    , -1.8754018545150757   , -1.844565510749817    , -1.3801279067993164    , 0.19729888439178467   , 0.4952739477157593    , 0.4644376039505005   , 0.692572832107544     , 0.6617364883422852    , 0.2979750633239746     , 0.2671387195587158     ,                8,                1,   0.875
      520, C        ,        1, gnnexplainer,             0.9, -1.3974918127059937    , -1.9648371934890747   , -2.332719326019287    , -1.8805304765701294    , 0.48303866386413574   , 0.08430671691894531   , 0.4521888494491577   , 0.567345380783081     , 0.9352275133132935    , -0.39873194694519043   , -0.030849814414978027  ,                8,                1,   0.875
      520, C        ,        2, gnnexplainer,             0.9, -1.1253440380096436    , -1.5141738653182983   , -2.5064477920532227   , -1.1852757930755615    , 0.05993175506591797   , 0.3288980722427368    , 1.3211719989776611   , 0.3888298273086548    , 1.381103754043579     , 0.26896631717681885    , 1.2612402439117432     ,                8,                1,   0.875
      520, C        ,        3, gnnexplainer,             0.9, -3.0030300617218018    , -3.1363978385925293   , -2.5619454383850098   , -3.2553117275238037    , 0.25228166580200195   , 0.11891388893127441   , 0.693366289138794    , 0.13336777687072754   , 0.441084623336792     , -0.13336777687072754   , 0.441084623336792      ,                8,                1,   0.875
      520, C        ,        4, gnnexplainer,             0.9, -3.0563297271728516    , -3.3097903728485107   , -2.6845812797546387   , -3.4153201580047607    , 0.3589904308319092    , 0.10552978515625      , 0.7307388782501221   , 0.2534606456756592    , 0.3717484474182129    , -0.2534606456756592    , 0.3717484474182129     ,                8,                1,   0.875
      520, C        ,        5, gnnexplainer,             0.9, -1.2444478273391724    , -1.7593919038772583   , -2.0939228534698486   , -1.3090484142303467    , 0.06460058689117432   , 0.4503434896469116    , 0.784874439239502    , 0.5149440765380859    , 0.8494750261306763    , 0.3857429027557373     , 0.7202738523483276     ,                8,                1,   0.875
      530, H        ,        0, gnnexplainer,             0.9, -0.08534625172615051   , -0.08495761454105377  , -0.09542391449213028  , -0.16678637266159058   , 0.08144012093544006   , 0.0818287581205368    , 0.0713624581694603   , 0.0003886371850967407 , 0.010077662765979767  , 0.0003886371850967407  , -0.010077662765979767  ,                2,                1,   0.5
      530, H        ,        1, gnnexplainer,             0.9, -0.09019753336906433   , -0.06503726541996002  , -0.07772847265005112  , -0.13316234946250916   , 0.042964816093444824  , 0.06812508404254913   , 0.05543387681245804  , 0.02516026794910431   , 0.012469060719013214  , 0.02516026794910431    , 0.012469060719013214   ,                2,                1,   0.5
      530, H        ,        2, gnnexplainer,             0.9, -0.030807171016931534  , -0.004511281847953796 , -0.06267820298671722  , -0.0575319267809391    , 0.02672475576400757   , 0.053020644932985306  , 0.005146276205778122 , 0.026295889168977737  , 0.03187103196978569   , 0.026295889168977737   , -0.021578479558229446  ,                2,                1,   0.5
      530, H        ,        3, gnnexplainer,             0.9, -0.04008097946643829   , -0.028018370270729065 , -0.069228895008564    , -0.04089127480983734   , 0.0008102953433990479 , 0.012872904539108276  , 0.028337620198726654 , 0.012062609195709229  , 0.029147915542125702  , 0.012062609195709229   , 0.027527324855327606   ,                2,                1,   0.5
      530, H        ,        4, gnnexplainer,             0.9, -0.03763440251350403   , -0.0975232943892479   , -0.037244923412799835 , -0.06429433822631836   , 0.02665993571281433   , 0.033228956162929535  , 0.027049414813518524 , 0.059888891875743866  , 0.0003894791007041931 , 0.006569020450115204   , 0.0003894791007041931  ,                2,                1,   0.5
      530, C        ,        0, gnnexplainer,             0.9, -2.6694869995117188    , -3.025353193283081    , -2.8393959999084473   , -2.8974430561065674    , 0.22795605659484863   , 0.12791013717651367   , 0.05804705619812012  , 0.3558661937713623    , 0.16990900039672852   , -0.10004591941833496   , -0.16990900039672852   ,                8,                1,   0.875
      530, C        ,        1, gnnexplainer,             0.9, -3.2187187671661377    , -3.807554244995117    , -3.0887691974639893   , -2.7582390308380127    , 0.460479736328125     , 1.0493152141571045    , 0.33053016662597656  , 0.5888354778289795    , 0.12994956970214844   , 0.5888354778289795     , -0.12994956970214844   ,                8,                1,   0.875
      530, C        ,        2, gnnexplainer,             0.9, -4.761256694793701     , -4.7097392082214355   , -4.552245616912842    , -4.5724406242370605    , 0.18881607055664062   , 0.137298583984375     , 0.02019500732421875  , 0.051517486572265625  , 0.20901107788085938   , -0.051517486572265625  , -0.16862106323242188   ,                8,                1,   0.875
      540, H        ,        0, gnnexplainer,             0.9, -0.22079989314079285   , -0.10320264101028442  , -0.24751520156860352  , -0.23696942627429962   , 0.016169533133506775  , 0.1337667852640152    , 0.010545775294303894 , 0.11759725213050842   , 0.02671530842781067   , 0.11759725213050842    , -0.005623757839202881  ,                2,                1,   0.5
      540, H        ,        1, gnnexplainer,             0.9, -0.20938971638679504   , -0.1709516942501068   , -0.12070591747760773  , -0.18371453881263733   , 0.025675177574157715  , 0.012762844562530518  , 0.0630086213350296   , 0.03843802213668823   , 0.08868379890918732   , -0.012912333011627197  , 0.03733344376087189    ,                2,                1,   0.5
      540, H        ,        2, gnnexplainer,             0.9, -0.3819287121295929    , -0.3854353427886963   , -0.13304519653320312  , -0.3960494101047516    , 0.014120697975158691  , 0.010614067316055298  , 0.26300421357154846  , 0.0035066306591033936 , 0.24888351559638977   , -0.0035066306591033936 , 0.24888351559638977    ,                2,                1,   0.5
      540, H        ,        3, gnnexplainer,             0.9, -0.402263343334198     , -0.15199483931064606  , -0.31464260816574097  , -0.371830016374588     , 0.030433326959609985  , 0.21983517706394196   , 0.057187408208847046 , 0.25026850402355194   , 0.08762073516845703   , 0.18940185010433197    , 0.02675408124923706    ,                2,                1,   0.5
      540, H        ,        4, gnnexplainer,             0.9, -0.3794374167919159    , -0.12128573656082153  , -0.4260420501232147   , -0.4645843207836151    , 0.08514690399169922   , 0.3432985842227936    , 0.03854227066040039  , 0.25815168023109436   , 0.04660463333129883   , 0.25815168023109436    , -0.04660463333129883   ,                2,                1,   0.5
      540, C        ,        0, gnnexplainer,             0.9, -12.738444328308105    , -10.593749046325684   , -7.443678379058838    , -12.523726463317871    , 0.21471786499023438   , 1.9299774169921875    , 5.080048084259033    , 2.144695281982422     , 5.294765949249268     , 1.7152595520019531     , 4.865330219268799      ,                6,                1,   0.8333333333333334
      540, C        ,        1, gnnexplainer,             0.9, -12.982415199279785    , -12.930337905883789   , -8.050423622131348    , -13.155298233032227    , 0.1728830337524414    , 0.2249603271484375    , 5.104874610900879    , 0.052077293395996094  , 4.9319915771484375    , 0.052077293395996094   , 4.9319915771484375     ,                6,                1,   0.8333333333333334
      540, C        ,        2, gnnexplainer,             0.9, -3.183546781539917     , -3.976301431655884    , -2.4822521209716797   , -2.8943095207214355    , 0.28923726081848145   , 1.0819919109344482    , 0.41205739974975586  , 0.7927546501159668    , 0.7012946605682373    , 0.7927546501159668     , 0.12282013893127441    ,                8,                1,   0.875
      540, C        ,        3, gnnexplainer,             0.9, -9.12212085723877      , -9.279112815856934    , -7.896517276763916    , -10.408849716186523    , 1.286728858947754     , 1.1297369003295898    , 2.5123324394226074   , 0.15699195861816406   , 1.2256035804748535    , -0.15699195861816406   , 1.2256035804748535     ,                6,                1,   0.8333333333333334
      550, H        ,        0, gnnexplainer,             0.9, -0.21816495060920715   , -0.20738351345062256  , -0.15079885721206665  , -0.20504797995090485   , 0.013116970658302307  , 0.0023355334997177124 , 0.054249122738838196 , 0.010781437158584595  , 0.0673660933971405    , -0.010781437158584595  , 0.04113215208053589    ,                2,                1,   0.5
      550, H        ,        1, gnnexplainer,             0.9, -0.23760801553726196   , -0.19909831881523132  , -0.13690528273582458  , -0.25395262241363525   , 0.01634460687637329   , 0.05485430359840393   , 0.11704733967781067  , 0.03850969672203064   , 0.10070273280143738   , 0.03850969672203064    , 0.10070273280143738    ,                2,                1,   0.5
      550, H        ,        2, gnnexplainer,             0.9, -0.18680161237716675   , -0.16153305768966675  , -0.12677711248397827  , -0.1915663629770279    , 0.004764750599861145  , 0.030033305287361145  , 0.06478925049304962  , 0.0252685546875       , 0.06002449989318848   , 0.0252685546875        , 0.06002449989318848    ,                2,                1,   0.5
      550, H        ,        3, gnnexplainer,             0.9, -0.18683534860610962   , -0.16848114132881165  , -0.12611952424049377  , -0.19152235984802246   , 0.004687011241912842  , 0.023041218519210815  , 0.06540283560752869  , 0.018354207277297974  , 0.060715824365615845  , 0.018354207277297974   , 0.060715824365615845   ,                2,                1,   0.5
      550, H        ,        4, gnnexplainer,             0.9, -0.2376207411289215    , -0.27118009328842163  , -0.12153689563274384  , -0.253908634185791     , 0.016287893056869507  , 0.017271459102630615  , 0.13237173855304718  , 0.03355935215950012   , 0.11608384549617767   , 0.0009835660457611084  , 0.11608384549617767    ,                2,                1,   0.5
      550, C        ,        0, gnnexplainer,             0.9, -7.466970920562744     , -6.1308064460754395   , -6.24318265914917     , -7.487302303314209     , 0.020331382751464844  , 1.3564958572387695    , 1.244119644165039    , 1.3361644744873047    , 1.2237882614135742    , 1.3361644744873047     , 1.2237882614135742     ,                6,                1,   0.8333333333333334
      550, C        ,        1, gnnexplainer,             0.9, -8.670175552368164     , -8.102899551391602    , -6.022945880889893    , -8.586553573608398     , 0.08362197875976562   , 0.4836540222167969    , 2.563607692718506    , 0.5672760009765625    , 2.6472296714782715    , 0.40003204345703125    , 2.4799857139587402     ,                6,                1,   0.8333333333333334
      550, C        ,        2, gnnexplainer,             0.9, -7.088015079498291     , -6.67715311050415     , -5.077794075012207    , -6.653168678283691     , 0.4348464012145996    , 0.023984432220458984  , 1.5753746032714844   , 0.4108619689941406    , 2.010221004486084     , -0.4108619689941406    , 1.1405282020568848     ,                6,                1,   0.8333333333333334
      550, C        ,        3, gnnexplainer,             0.9, -7.849673271179199     , -8.322881698608398    , -7.809604167938232    , -8.760916709899902     , 0.9112434387207031    , 0.4380350112915039    , 0.9513125419616699   , 0.4732084274291992    , 0.0400691032409668    , -0.4732084274291992    , 0.0400691032409668     ,                6,                1,   0.8333333333333334
      550, C        ,        4, gnnexplainer,             0.9, -7.088089466094971     , -8.249247550964355    , -6.701400279998779    , -6.657597064971924     , 0.4304924011230469    , 1.5916504859924316    , 0.04380321502685547  , 1.1611580848693848    , 0.3866891860961914    , 1.1611580848693848     , -0.3866891860961914    ,                6,                1,   0.8333333333333334
      550, C        ,        5, gnnexplainer,             0.9, -8.670262336730957     , -8.58983039855957     , -7.479355812072754    , -8.637860298156738     , 0.03240203857421875   , 0.04802989959716797   , 1.1585044860839844   , 0.08043193817138672   , 1.1909065246582031    , 0.01562786102294922    , 1.1261024475097656     ,                6,                1,   0.8333333333333334
      560, H        ,        0, gnnexplainer,             0.9, -0.3207143545150757    , -0.13828152418136597  , -0.1981595754623413   , -0.37208327651023865   , 0.051368921995162964  , 0.23380175232887268   , 0.17392370104789734  , 0.18243283033370972   , 0.12255477905273438   , 0.18243283033370972    , 0.12255477905273438    ,                2,                1,   0.5
      560, H        ,        1, gnnexplainer,             0.9, -0.32242637872695923   , -0.1224244236946106   , -0.26810315251350403  , -0.3541015088558197    , 0.031675130128860474  , 0.2316770851612091    , 0.08599835634231567  , 0.20000195503234863   , 0.0543232262134552    , 0.20000195503234863    , 0.0543232262134552     ,                2,                1,   0.5
      560, H        ,        2, gnnexplainer,             0.9, -0.11253227293491364   , -0.10935799777507782  , -0.05220614746212959  , -0.10897886753082275   , 0.0035534054040908813 , 0.0003791302442550659 , 0.05677272006869316  , 0.0031742751598358154 , 0.06032612547278404   , -0.0031742751598358154 , 0.05321931466460228    ,                2,                1,   0.5
      560, H        ,        3, gnnexplainer,             0.9, -0.13752040266990662   , -0.15097090601921082  , -0.09846532344818115  , -0.1452067643404007    , 0.00768636167049408   , 0.00576414167881012   , 0.04674144089221954  , 0.0134505033493042    , 0.039055079221725464  , -0.00192221999168396   , 0.039055079221725464   ,                2,                1,   0.5
      560, H        ,        4, gnnexplainer,             0.9, -0.13224159181118011   , -0.08976265043020248  , -0.12176809459924698  , -0.09958270192146301   , 0.0326588898897171    , 0.009820051491260529  , 0.022185392677783966 , 0.04247894138097763   , 0.010473497211933136  , -0.022838838398456573  , -0.010473497211933136  ,                2,                1,   0.5
      560, C        ,        0, gnnexplainer,             0.9, -8.111145973205566     , -7.764054298400879    , -7.279160499572754    , -7.71408224105835      , 0.3970637321472168    , 0.0499720573425293    , 0.4349217414855957   , 0.3470916748046875    , 0.8319854736328125    , -0.3470916748046875    , 0.037858009338378906   ,                6,                1,   0.8333333333333334
      560, C        ,        1, gnnexplainer,             0.9, -21.60605239868164     , -21.553354263305664   , -15.146893501281738   , -21.820945739746094    , 0.21489334106445312   , 0.2675914764404297    , 6.6740522384643555   , 0.05269813537597656   , 6.459158897399902     , 0.05269813537597656    , 6.459158897399902      ,                4,                1,   0.75
      560, C        ,        2, gnnexplainer,             0.9, -9.139358520507812     , -9.372757911682129    , -7.007514953613281    , -9.405034065246582     , 0.26567554473876953   , 0.032276153564453125  , 2.397519111633301    , 0.2333993911743164    , 2.1318435668945312    , -0.2333993911743164    , 2.1318435668945312     ,                6,                1,   0.8333333333333334
      560, C        ,        3, gnnexplainer,             0.9, -14.056706428527832    , -14.371302604675293   , -10.942065238952637   , -14.057149887084961    , 0.00044345855712890625, 0.31415271759033203   , 3.115084648132324    , 0.31459617614746094   , 3.1146411895751953    , 0.3137092590332031     , 3.1146411895751953     ,                6,                1,   0.8333333333333334
      560, C        ,        4, gnnexplainer,             0.9, -1.9412438869476318    , -1.7836545705795288   , -2.411684274673462    , -1.653899908065796     , 0.28734397888183594   , 0.1297546625137329    , 0.757784366607666    , 0.15758931636810303   , 0.4704403877258301    , -0.15758931636810303   , 0.4704403877258301     ,                8,                1,   0.875
      570, H        ,        0, gnnexplainer,             0.9, -0.04078424349427223   , -0.05310477316379547  , -0.03240072727203369  , -0.05070741847157478   , 0.009923174977302551  , 0.002397354692220688  , 0.018306691199541092 , 0.01232052966952324   , 0.00838351622223854   , -0.007525820285081863  , 0.00838351622223854    ,                2,                1,   0.5
      570, H        ,        1, gnnexplainer,             0.9, -0.03742873668670654   , -0.05776253715157509  , -0.03854234144091606  , -0.030681097880005836  , 0.0067476388067007065 , 0.027081439271569252  , 0.007861243560910225 , 0.020333800464868546  , 0.0011136047542095184 , 0.020333800464868546   , 0.0011136047542095184  ,                2,                1,   0.5
      570, H        ,        2, gnnexplainer,             0.9, -0.03891298547387123   , -0.05463157594203949  , -0.06943346560001373  , -0.057856567203998566  , 0.018943581730127335  , 0.003224991261959076  , 0.011576898396015167 , 0.01571859046816826   , 0.030520480126142502  , -0.01571859046816826   , -0.007366683334112167  ,                2,                1,   0.5
      570, H        ,        3, gnnexplainer,             0.9, -0.09598304331302643   , -0.08507896214723587  , -0.04952073097229004  , -0.06626889854669571   , 0.02971414476633072   , 0.01881006360054016   , 0.01674816757440567  , 0.010904081165790558  , 0.04646231234073639   , -0.010904081165790558  , -0.012965977191925049  ,                2,                1,   0.5
      570, H        ,        4, gnnexplainer,             0.9, -0.13319672644138336   , -0.17923632264137268  , -0.09164313226938248  , -0.1481378972530365    , 0.014941170811653137  , 0.03109842538833618   , 0.05649476498365402  , 0.04603959619998932   , 0.041553594172000885  , 0.016157254576683044   , 0.041553594172000885   ,                2,                1,   0.5
      570, H        ,        5, gnnexplainer,             0.9, -0.14630435407161713   , -0.17174366116523743  , -0.06824079900979996  , -0.1412951648235321    , 0.005009189248085022  , 0.030448496341705322  , 0.07305436581373215  , 0.0254393070936203    , 0.07806355506181717   , 0.0254393070936203     , 0.06804517656564713    ,                2,                1,   0.5
      570, H        ,        6, gnnexplainer,             0.9, -0.13606444001197815   , -0.15607067942619324  , -0.059658654034137726 , -0.1590236872434616    , 0.02295924723148346   , 0.0029530078172683716 , 0.09936503320932388  , 0.020006239414215088  , 0.07640578597784042   , -0.020006239414215088  , 0.07640578597784042    ,                2,                1,   0.5
      570, H        ,        7, gnnexplainer,             0.9, -0.08489236235618591   , -0.10050676017999649  , -0.10261055082082748  , -0.08626879006624222   , 0.001376427710056305  , 0.014237970113754272  , 0.016341760754585266 , 0.015614397823810577  , 0.01771818846464157   , 0.012861542403697968   , 0.014965333044528961   ,                2,                1,   0.5
      570, H        ,        8, gnnexplainer,             0.9, -0.093735471367836     , -0.10726697742938995  , -0.07898928225040436  , -0.07775163650512695   , 0.015983834862709045  , 0.029515340924263     , 0.0012376457452774048, 0.013531506061553955  , 0.01474618911743164   , 0.013531506061553955   , -0.01474618911743164   ,                2,                1,   0.5
      570, C        ,        0, gnnexplainer,             0.9, -0.3928559422492981    , -0.1442095786333084   , -2.227983236312866    , -0.6006723046302795    , 0.20781636238098145   , 0.45646272599697113   , 1.6273109316825867   , 0.24864636361598969   , 1.8351272940635681    , 0.24864636361598969    , 1.4194945693016052     ,                8,                1,   0.875
      570, C        ,        1, gnnexplainer,             0.9, -2.5305607318878174    , -2.819441795349121    , -2.5520076751708984   , -2.3829500675201416    , 0.14761066436767578   , 0.4364917278289795    , 0.16905760765075684  , 0.2888810634613037    , 0.021446943283081055  , 0.2888810634613037     , 0.021446943283081055   ,                8,                1,   0.875
      570, C        ,        2, gnnexplainer,             0.9, -2.6105427742004395    , -2.305642604827881    , -2.415800094604492    , -2.563300609588623     , 0.047242164611816406  , 0.2576580047607422    , 0.14750051498413086  , 0.3049001693725586    , 0.19474267959594727   , 0.21041584014892578    , 0.10025835037231445    ,                8,                1,   0.875
      570, C        ,        3, gnnexplainer,             0.9, -2.6095263957977295    , -2.913167953491211    , -3.007450580596924    , -2.3603243827819824    , 0.24920201301574707   , 0.5528435707092285    , 0.6471261978149414   , 0.30364155769348145   , 0.39792418479919434   , 0.30364155769348145    , 0.39792418479919434    ,                8,                1,   0.875
      580, H        ,        0, gnnexplainer,             0.9, -0.04235192760825157   , -0.06591280549764633  , -0.04896831512451172  , -0.04554123803973198   , 0.0031893104314804077 , 0.020371567457914352  , 0.0034270770847797394, 0.02356087788939476   , 0.006616387516260147  , 0.017182257026433945   , 0.00023776665329933167 ,                2,                1,   0.5
      580, H        ,        1, gnnexplainer,             0.9, -0.043576814234256744  , -0.07252506911754608  , -0.031537823379039764 , -0.04554123803973198   , 0.001964423805475235  , 0.026983831077814102  , 0.014003414660692215 , 0.028948254883289337  , 0.01203899085521698   , 0.025019407272338867   , 0.01203899085521698    ,                2,                1,   0.5
      580, H        ,        2, gnnexplainer,             0.9, -0.043507542461156845  , -0.08271877467632294  , -0.055197250097990036 , -0.04399748146533966   , 0.0004899390041828156 , 0.038721293210983276  , 0.011199768632650375 , 0.03921123221516609   , 0.011689707636833191  , 0.03823135420680046    , 0.01070982962846756    ,                2,                1,   0.5
      580, H        ,        3, gnnexplainer,             0.9, -0.0433424636721611    , -0.03240199387073517  , -0.08261838555335999  , -0.045541051775217056  , 0.002198588103055954  , 0.013139057904481888  , 0.03707733377814293  , 0.010940469801425934  , 0.03927592188119888   , 0.010940469801425934   , 0.034878745675086975   ,                2,                1,   0.5
      580, H        ,        4, gnnexplainer,             0.9, -0.0425414964556694    , -0.09505434334278107  , -0.042290881276130676 , -0.045541051775217056  , 0.002999555319547653  , 0.04951329156756401   , 0.00325017049908638  , 0.052512846887111664  , 0.0002506151795387268 , 0.04651373624801636    , 0.0002506151795387268  ,                2,                1,   0.5
      580, H        ,        5, gnnexplainer,             0.9, -0.04241779446601868   , -0.044724464416503906 , -0.09636573493480682  , -0.04395351558923721   , 0.0015357211232185364 , 0.0007709488272666931 , 0.05241221934556961  , 0.0023066699504852295 , 0.05394794046878815   , -0.0007647722959518433 , 0.050876498222351074   ,                2,                1,   0.5
      580, H        ,        6, gnnexplainer,             0.9, -0.04345360025763512   , -0.07467309385538101  , -0.05168096348643303  , -0.04195351526141167   , 0.0015000849962234497 , 0.032719578593969345  , 0.009727448225021362 , 0.031219493597745895  , 0.008227363228797913  , 0.031219493597745895   , 0.008227363228797913   ,                2,                1,   0.5
      580, H        ,        7, gnnexplainer,             0.9, -0.043632037937641144  , -0.06576241552829742  , -0.05646499618887901  , -0.04395327344536781   , 0.0003212355077266693 , 0.02180914208292961   , 0.0125117227435112   , 0.02213037759065628   , 0.01283295825123787   , 0.021487906575202942   , 0.01219048723578453    ,                2,                1,   0.5
      580, H        ,        8, gnnexplainer,             0.9, -0.0435342900454998    , -0.042813606560230255 , -0.07045657932758331  , -0.04654105380177498   , 0.003006763756275177  , 0.0037274472415447235 , 0.023915525525808334 , 0.0007206834852695465 , 0.02692228928208351   , 0.0007206834852695465  , 0.020908761769533157   ,                2,                1,   0.5
      580, H        ,        9, gnnexplainer,             0.9, -0.043753091245889664  , -0.04078557714819908  , -0.08636966347694397  , -0.044953517615795135  , 0.0012004263699054718 , 0.004167940467596054  , 0.041416145861148834 , 0.0029675140976905823 , 0.042616572231054306  , 0.0029675140976905823  , 0.04021571949124336    ,                2,                1,   0.5
      580, H        ,       10, gnnexplainer,             0.9, -0.04323994368314743   , -0.07132420688867569  , -0.05557833984494209  , -0.045541051775217056  , 0.002301108092069626  , 0.025783155113458633  , 0.010037288069725037 , 0.02808426320552826   , 0.012338396161794662  , 0.023482047021389008   , 0.007736179977655411   ,                2,                1,   0.5
      580, H        ,       11, gnnexplainer,             0.9, -0.04322100803256035   , -0.04758690670132637  , -0.06358630210161209  , -0.044997479766607285  , 0.001776471734046936  , 0.0025894269347190857 , 0.018588822335004807 , 0.004365898668766022  , 0.020365294069051743  , 0.0008129552006721497  , 0.01681235060095787    ,                2,                1,   0.5
      580, C        ,        0, gnnexplainer,             0.9, -0.27294546365737915   , -0.23626482486724854  , -4.0236592292785645   , -0.6115632057189941    , 0.338617742061615     , 0.3752983808517456    , 3.4120960235595703   , 0.036680638790130615  , 3.7507137656211853    , 0.036680638790130615   , 3.0734782814979553     ,                8,                1,   0.875
      580, C        ,        1, gnnexplainer,             0.9, -0.2834798991680145    , -0.5753382444381714   , -4.426133155822754    , -0.6180190443992615    , 0.33453914523124695   , 0.04268079996109009   , 3.8081141114234924   , 0.29185834527015686   , 4.142653256654739     , -0.29185834527015686   , 3.4735749661922455     ,                8,                1,   0.875
      580, C        ,        2, gnnexplainer,             0.9, -0.2823028564453125    , -0.45430004596710205  , -3.9587912559509277   , -0.6124318242073059    , 0.3301289677619934    , 0.15813177824020386   , 3.346359431743622    , 0.17199718952178955   , 3.6764883995056152    , -0.17199718952178955   , 3.0162304639816284     ,                8,                1,   0.875
      580, C        ,        3, gnnexplainer,             0.9, -0.229669451713562     , -0.7006164193153381   , -4.336506366729736    , -0.6140190958976746    , 0.38434964418411255   , 0.08659732341766357   , 3.7224872708320618   , 0.4709469676017761    , 4.106836915016174     , -0.297752320766449     , 3.338137626647949      ,                6,                1,   0.8333333333333334
      590, H        ,        0, gnnexplainer,             0.9, -0.14293953776359558   , -0.12368003278970718  , -0.14158669114112854  , -0.1338300108909607    , 0.009109526872634888  , 0.01014997810125351   , 0.007756680250167847 , 0.019259504973888397  , 0.001352846622467041  , 0.0010404512286186218  , -0.001352846622467041  ,                2,                1,   0.5
      590, H        ,        1, gnnexplainer,             0.9, -0.14340117573738098   , -0.13958531618118286  , -0.15530389547348022  , -0.13859327137470245   , 0.004807904362678528  , 0.0009920448064804077 , 0.01671062409877777  , 0.00381585955619812   , 0.011902719736099243  , -0.00381585955619812   , 0.011902719736099243   ,                2,                1,   0.5
      590, H        ,        2, gnnexplainer,             0.9, -0.023313183337450027  , -0.025777209550142288 , -0.040155258029699326 , -0.022724760696291924  , 0.0005884226411581039 , 0.0030524488538503647 , 0.017430497333407402 , 0.0024640262126922607 , 0.016842074692249298  , 0.0024640262126922607  , 0.016842074692249298   ,                2,                1,   0.5
      590, H        ,        3, gnnexplainer,             0.9, -0.023027494549751282  , -0.02040143683552742  , -0.04413222149014473  , -0.01633944734930992   , 0.0066880472004413605 , 0.004061989486217499  , 0.02779277414083481  , 0.0026260577142238617 , 0.021104726940393448  , -0.0026260577142238617 , 0.021104726940393448   ,                2,                1,   0.5
      590, H        ,        4, gnnexplainer,             0.9, -0.02282804623246193   , -0.028897162526845932 , -0.04420798271894455  , -0.035707395523786545  , 0.012879349291324615  , 0.006810232996940613  , 0.008500587195158005 , 0.006069116294384003  , 0.02137993648648262   , -0.006069116294384003  , -0.004378762096166611  ,                2,                1,   0.5
      590, H        ,        5, gnnexplainer,             0.9, -0.13274767994880676   , -0.10647862404584885  , -0.15450546145439148  , -0.1511107236146927    , 0.018363043665885925  , 0.04463209956884384   , 0.0033947378396987915, 0.026269055902957916  , 0.021757781505584717  , 0.026269055902957916   , -0.014968305826187134  ,                2,                1,   0.5
      590, H        ,        6, gnnexplainer,             0.9, -0.13121137022972107   , -0.09377049654722214  , -0.1398567259311676   , -0.1433034986257553    , 0.01209212839603424   , 0.04953300207853317   , 0.0034467726945877075, 0.03744087368249893   , 0.008645355701446533  , 0.03744087368249893    , -0.008645355701446533  ,                2,                1,   0.5
      590, H        ,        7, gnnexplainer,             0.9, -0.026960529386997223  , -0.039937179535627365 , -0.040108755230903625 , -0.038032058626413345  , 0.011071529239416122  , 0.0019051209092140198 , 0.00207669660449028  , 0.012976650148630142  , 0.013148225843906403  , -0.009166408330202103  , -0.008994832634925842  ,                2,                1,   0.5
      590, H        ,        8, gnnexplainer,             0.9, -0.020974505692720413  , -0.03447619080543518  , -0.03621361404657364  , -0.020383045077323914  , 0.0005914606153964996 , 0.014093145728111267  , 0.015830568969249725 , 0.013501685112714767  , 0.015239108353853226  , 0.013501685112714767   , 0.015239108353853226   ,                2,                1,   0.5
      590, H        ,        9, gnnexplainer,             0.9, -0.023163825273513794  , -0.03991758078336716  , -0.05396702140569687  , -0.0226810984313488    , 0.0004827268421649933 , 0.017236482352018356  , 0.03128592297434807  , 0.016753755509853363  , 0.030803196132183075  , 0.016753755509853363   , 0.030803196132183075   ,                2,                1,   0.5
      590, H        ,       10, gnnexplainer,             0.9, -0.06866036355495453   , -0.10928439348936081  , -0.053774066269397736 , -0.0829530879855156    , 0.014292724430561066  , 0.026331305503845215  , 0.02917902171611786  , 0.04062402993440628   , 0.014886297285556793  , 0.01203858107328415    , 0.014886297285556793   ,                2,                1,   0.5
      590, H        ,       11, gnnexplainer,             0.9, -0.05154766887426376   , -0.04385325312614441  , -0.07309546321630478  , -0.06334792077541351   , 0.01180025190114975   , 0.019494667649269104  , 0.009747542440891266 , 0.007694415748119354  , 0.021547794342041016  , 0.007694415748119354   , -0.002052709460258484  ,                2,                1,   0.5
      590, H        ,       12, gnnexplainer,             0.9, -0.08349312096834183   , -0.10968372225761414  , -0.1030566543340683   , -0.07983888685703278   , 0.0036542341113090515 , 0.02984483540058136   , 0.023217767477035522 , 0.02619060128927231   , 0.01956353336572647   , 0.02619060128927231    , 0.01956353336572647    ,                2,                1,   0.5
      590, C        ,        0, gnnexplainer,             0.9, -1.8581264019012451    , -1.4594939947128296   , -2.3495068550109863   , -1.8519742488861084    , 0.006152153015136719  , 0.3924802541732788    , 0.49753260612487793  , 0.3986324071884155    , 0.4913804531097412    , 0.3863281011581421     , 0.4913804531097412     ,                8,                1,   0.875
      590, C        ,        1, gnnexplainer,             0.9, -1.9640873670578003    , -1.6862043142318726   , -2.259920597076416    , -2.013819694519043     , 0.049732327461242676  , 0.3276153802871704    , 0.24610090255737305  , 0.27788305282592773   , 0.2958332300186157    , 0.27788305282592773    , 0.19636857509613037    ,                8,                1,   0.875
      590, C        ,        2, gnnexplainer,             0.9, -0.603567361831665     , -0.4988892078399658   , -2.062401294708252    , -0.8569616675376892    , 0.25339430570602417   , 0.3580724596977234    , 1.2054396271705627   , 0.10467815399169922   , 1.458833932876587     , 0.10467815399169922    , 0.9520453214645386     ,                8,                1,   0.875
      590, C        ,        3, gnnexplainer,             0.9, -0.34139642119407654   , -0.3452673852443695   , -2.0462241172790527   , -0.4723472595214844    , 0.13095083832740784   , 0.12707987427711487   , 1.5738768577575684   , 0.0038709640502929688 , 1.7048276960849762    , -0.0038709640502929688 , 1.4429260194301605     ,                8,                1,   0.875
      590, C        ,        4, gnnexplainer,             0.9, -0.352691113948822     , -0.33999723196029663  , -1.9715421199798584   , -0.44840162992477417   , 0.09571051597595215   , 0.10840439796447754   , 1.5231404900550842   , 0.01269388198852539   , 1.6188510060310364    , 0.01269388198852539    , 1.427429974079132      ,                8,                1,   0.875
      600, H        ,        0, gnnexplainer,             0.9, -0.07144060730934143   , -0.084352508187294    , -0.10684586316347122  , -0.053101032972335815  , 0.018339574337005615  , 0.03125147521495819   , 0.053744830191135406 , 0.012911900877952576  , 0.03540525585412979   , 0.012911900877952576   , 0.03540525585412979    ,                2,                1,   0.5
      600, H        ,        1, gnnexplainer,             0.9, -0.04814918339252472   , -0.0650106817483902   , -0.07530058920383453  , -0.07022406905889511   , 0.022074885666370392  , 0.005213387310504913  , 0.005076520144939423 , 0.01686149835586548   , 0.027151405811309814  , -0.01686149835586548   , -0.01699836552143097   ,                2,                1,   0.5
      600, H        ,        2, gnnexplainer,             0.9, -0.048137836158275604  , -0.07060608267784119  , -0.05396550893783569  , -0.06722407042980194   , 0.019086234271526337  , 0.0033820122480392456 , 0.013258561491966248 , 0.022468246519565582  , 0.005827672779560089  , -0.01570422202348709   , -0.005827672779560089  ,                2,                1,   0.5
      600, H        ,        3, gnnexplainer,             0.9, -0.048149775713682175  , -0.05783946067094803  , -0.06229628622531891  , -0.07022406905889511   , 0.022074293345212936  , 0.012384608387947083  , 0.007927782833576202 , 0.009689684957265854  , 0.014146510511636734  , -0.009689684957265854  , -0.014146510511636734  ,                2,                1,   0.5
      600, H        ,        4, gnnexplainer,             0.9, -0.07144029438495636   , -0.07469172030687332  , -0.09626299142837524  , -0.053101032972335815  , 0.018339261412620544  , 0.021590687334537506  , 0.04316195845603943  , 0.0032514259219169617 , 0.024822697043418884  , 0.0032514259219169617  , 0.024822697043418884   ,                2,                1,   0.5
      600, H        ,        5, gnnexplainer,             0.9, -0.04813896864652634   , -0.07887063175439835  , -0.060364652425050735 , -0.06822406500577927   , 0.02008509635925293   , 0.01064656674861908   , 0.007859412580728531 , 0.03073166310787201   , 0.012225683778524399  , -0.00943852961063385   , -0.012225683778524399  ,                2,                1,   0.5
      600, H        ,        6, gnnexplainer,             0.9, -0.11660151183605194   , -0.1523013710975647   , -0.10163189470767975  , -0.21545280516147614   , 0.0988512933254242    , 0.06315143406391144   , 0.11382091045379639  , 0.035699859261512756  , 0.014969617128372192  , -0.035699859261512756  , 0.014969617128372192   ,                2,                1,   0.5
      600, H        ,        7, gnnexplainer,             0.9, -0.11660009622573853   , -0.1468740701675415   , -0.11734749376773834  , -0.2144528031349182    , 0.09785270690917969   , 0.06757873296737671   , 0.09710530936717987  , 0.03027397394180298   , 0.0007473975419998169 , -0.03027397394180298   , -0.0007473975419998169 ,                2,                1,   0.5
      600, C        ,        0, gnnexplainer,             0.9, -6.1166510581970215    , -6.342179298400879    , -5.165668487548828    , -7.98489236831665      , 1.868241310119629     , 1.6427130699157715    , 2.8192238807678223   , 0.22552824020385742   , 0.9509825706481934    , -0.22552824020385742   , 0.9509825706481934     ,                6,                1,   0.8333333333333334
      600, C        ,        1, gnnexplainer,             0.9, -6.116570949554443     , -5.6139116287231445   , -5.334132671356201    , -7.9583048820495605    , 1.8417339324951172    , 2.344393253326416     , 2.6241722106933594   , 0.5026593208312988    , 0.7824382781982422    , 0.5026593208312988     , 0.7824382781982422     ,                6,                1,   0.8333333333333334
      600, C        ,        2, gnnexplainer,             0.9, -16.820642471313477    , -19.765857696533203   , -17.670391082763672   , -18.30533790588379     , 1.4846954345703125    , 1.460519790649414     , 0.6349468231201172   , 2.9452152252197266    , 0.8497486114501953    , -0.024175643920898438  , -0.8497486114501953    ,                4,                1,   0.75
      600, C        ,        3, gnnexplainer,             0.9, -2.0360281467437744    , -2.1401195526123047   , -2.494328022003174    , -1.6463894844055176    , 0.38963866233825684   , 0.4937300682067871    , 0.8479385375976562   , 0.10409140586853027   , 0.4582998752593994    , 0.10409140586853027    , 0.4582998752593994     ,                8,                1,   0.875
      600, C        ,        4, gnnexplainer,             0.9, -2.0360162258148193    , -2.6252527236938477   , -2.1736931800842285   , -1.652389407157898     , 0.3836268186569214    , 0.9728633165359497    , 0.5213037729263306   , 0.5892364978790283    , 0.13767695426940918   , 0.5892364978790283     , 0.13767695426940918    ,                8,                1,   0.875
      610, H        ,        0, gnnexplainer,             0.9, -0.44238173961639404   , -0.5427311658859253   , -0.12687548995018005  , -0.615548849105835     , 0.17316710948944092   , 0.07281768321990967   , 0.4886733591556549   , 0.10034942626953125   , 0.315506249666214     , -0.10034942626953125   , 0.315506249666214      ,                2,                1,   0.5
      610, H        ,        1, gnnexplainer,             0.9, -0.1651545912027359    , -0.09482982754707336  , -0.19034641981124878  , -0.12229462713003159   , 0.042859964072704315  , 0.02746479958295822   , 0.0680517926812172   , 0.07032476365566254   , 0.02519182860851288   , -0.015395164489746094  , 0.02519182860851288    ,                2,                1,   0.5
      610, H        ,        2, gnnexplainer,             0.9, -0.13610506057739258   , -0.06277070939540863  , -0.1426798701286316   , -0.1601894050836563    , 0.024084344506263733  , 0.09741869568824768   , 0.01750953495502472  , 0.07333435118198395   , 0.006574809551239014  , 0.07333435118198395    , -0.006574809551239014  ,                2,                1,   0.5
      610, H        ,        3, gnnexplainer,             0.9, -0.1795758754014969    , -0.20586851239204407  , -0.10539838671684265  , -0.18318936228752136   , 0.003613486886024475  , 0.022679150104522705  , 0.07779097557067871  , 0.02629263699054718   , 0.07417748868465424   , 0.01906566321849823    , 0.07417748868465424    ,                2,                1,   0.5
      610, H        ,        4, gnnexplainer,             0.9, -0.500056803226471     , -0.569588840007782    , -0.12061992287635803  , -0.6312503814697266    , 0.13119357824325562   , 0.06166154146194458   , 0.5106304585933685   , 0.06953203678131104   , 0.3794368803501129    , -0.06953203678131104   , 0.3794368803501129     ,                2,                1,   0.5
      610, H        ,        5, gnnexplainer,             0.9, -0.14004060626029968   , -0.05560126155614853  , -0.1422942876815796   , -0.12377718091011047   , 0.01626342535018921   , 0.06817591935396194   , 0.018517106771469116 , 0.08443934470415115   , 0.0022536814212799072 , 0.051912494003772736   , 0.0022536814212799072  ,                2,                1,   0.5
      610, H        ,        6, gnnexplainer,             0.9, -0.12860378623008728   , -0.050043266266584396 , -0.11941026151180267  , -0.14696994423866272   , 0.01836615800857544   , 0.09692667797207832   , 0.027559682726860046 , 0.07856051996350288   , 0.009193524718284607  , 0.07856051996350288    , 0.009193524718284607   ,                2,                1,   0.5
      610, H        ,        7, gnnexplainer,             0.9, -0.16811057925224304   , -0.09763392806053162  , -0.18100354075431824  , -0.19154877960681915   , 0.02343820035457611   , 0.09391485154628754   , 0.010545238852500916 , 0.07047665119171143   , 0.012892961502075195  , 0.07047665119171143    , -0.012892961502075195  ,                2,                1,   0.5
      610, C        ,        0, gnnexplainer,             0.9, -16.07822036743164     , -17.392822265625      , -12.748644828796387   , -18.057586669921875    , 1.9793663024902344    , 0.664764404296875     , 5.308941841125488    , 1.3146018981933594    , 3.329575538635254     , -1.3146018981933594    , 3.329575538635254      ,                6,                1,   0.8333333333333334
      610, C        ,        1, gnnexplainer,             0.9, -16.779712677001953    , -16.212987899780273   , -13.624957084655762   , -17.75385856628418     , 0.9741458892822266    , 1.5408706665039062    , 4.128901481628418    , 0.5667247772216797    , 3.1547555923461914    , 0.5667247772216797     , 3.1547555923461914     ,                6,                1,   0.8333333333333334
      610, C        ,        2, gnnexplainer,             0.9, -1.856040596961975     , -2.409594774246216    , -2.649458885192871    , -2.5053277015686035    , 0.6492871046066284    , 0.0957329273223877    , 0.14413118362426758  , 0.5535541772842407    , 0.793418288230896     , -0.5535541772842407    , -0.5051559209823608    ,                8,                1,   0.875
      610, C        ,        3, gnnexplainer,             0.9, -1.9090392589569092    , -2.9342784881591797   , -2.153287887573242    , -2.3740406036376953    , 0.46500134468078613   , 0.5602378845214844    , 0.22075271606445312  , 1.0252392292022705    , 0.244248628616333     , 0.09523653984069824    , -0.244248628616333     ,                8,                1,   0.875
      620, H        ,        0, gnnexplainer,             0.9, -0.22838380932807922   , -0.23941972851753235  , -0.12119066715240479  , -0.2509962022304535    , 0.022612392902374268  , 0.011576473712921143  , 0.1298055350780487   , 0.011035919189453125  , 0.10719314217567444   , -0.011035919189453125  , 0.10719314217567444    ,                2,                1,   0.5
      620, H        ,        1, gnnexplainer,             0.9, -0.228367418050766     , -0.21534594893455505  , -0.14679443836212158  , -0.24986469745635986   , 0.021497279405593872  , 0.03451874852180481   , 0.10307025909423828  , 0.013021469116210938  , 0.08157297968864441   , 0.013021469116210938   , 0.08157297968864441    ,                2,                1,   0.5
      620, H        ,        2, gnnexplainer,             0.9, -0.2283584177494049    , -0.14061540365219116  , -0.203627347946167    , -0.2488207370042801    , 0.020462319254875183  , 0.10820533335208893   , 0.0451933890581131   , 0.08774301409721375   , 0.024731069803237915  , 0.08774301409721375    , 0.024731069803237915   ,                2,                1,   0.5
      620, H        ,        3, gnnexplainer,             0.9, -0.22839093208312988   , -0.18860465288162231  , -0.12390424311161041  , -0.25204017758369446   , 0.023649245500564575  , 0.06343552470207214   , 0.12813593447208405  , 0.03978627920150757   , 0.10448668897151947   , 0.03978627920150757    , 0.10448668897151947    ,                2,                1,   0.5
      620, H        ,        4, gnnexplainer,             0.9, -0.22839006781578064   , -0.24099737405776978  , -0.12858164310455322  , -0.251996248960495     , 0.023606181144714355  , 0.01099887490272522   , 0.12341460585594177  , 0.012607306241989136  , 0.09980842471122742   , -0.012607306241989136  , 0.09980842471122742    ,                2,                1,   0.5
      620, H        ,        5, gnnexplainer,             0.9, -0.22836831212043762   , -0.2306453287601471   , -0.1259264051914215   , -0.24986469745635986   , 0.02149638533592224   , 0.01921936869621277   , 0.12393829226493835  , 0.0022770166397094727 , 0.10244190692901611   , -0.0022770166397094727 , 0.10244190692901611    ,                2,                1,   0.5
      620, H        ,        6, gnnexplainer,             0.9, -0.00035447627305984497, 0.02576092630624771   , -0.03981892019510269  , 0.08161692321300507    , 0.08197139948606491   , 0.055855996906757355  , 0.12143584340810776  , 0.026115402579307556  , 0.03946444392204285   , -0.026115402579307556  , 0.03946444392204285    ,                2,                1,   0.5
      620, H        ,        7, gnnexplainer,             0.9, -0.0003616511821746826 , -0.02110416814684868  , -0.018010661005973816 , 0.0810290277004242     , 0.08139067888259888   , 0.10213319584727287   , 0.09903968870639801  , 0.020742516964673996  , 0.017649009823799133  , 0.020742516964673996   , 0.017649009823799133   ,                2,                1,   0.5
      620, H        ,        8, gnnexplainer,             0.9, -0.00035750120878219604, -0.037033870816230774 , -0.005439724773168564 , 0.08161692321300507    , 0.08197442442178726   , 0.11865079402923584   , 0.08705664798617363  , 0.03667636960744858   , 0.005082223564386368  , 0.03667636960744858    , 0.005082223564386368   ,                2,                1,   0.5
      620, H        ,        9, gnnexplainer,             0.9, -0.01004878431558609   , -0.0537017360329628   , -0.00780043751001358  , 0.17055636644363403    , 0.18060515075922012   , 0.22425810247659683   , 0.1783568039536476   , 0.04365295171737671   , 0.0022483468055725098 , 0.04365295171737671    , -0.0022483468055725098 ,                2,                1,   0.5
      620, C        ,        0, gnnexplainer,             0.9, -8.43395709991455      , -8.918591499328613    , -6.389554977416992    , -8.185676574707031     , 0.24828052520751953   , 0.732914924621582     , 1.796121597290039    , 0.4846343994140625    , 2.0444021224975586    , 0.4846343994140625     , 1.5478410720825195     ,                6,                1,   0.8333333333333334
      620, C        ,        1, gnnexplainer,             0.9, -8.439017295837402     , -5.852806568145752    , -8.121212005615234    , -8.185914039611816     , 0.25310325622558594   , 2.3331074714660645    , 0.06470203399658203  , 2.5862107276916504    , 0.31780529022216797   , 2.0800042152404785     , -0.1884012222290039    ,                6,                1,   0.8333333333333334
      620, C        ,        2, gnnexplainer,             0.9, -8.438666343688965     , -5.477977752685547    , -6.757771015167236    , -8.188501358032227     , 0.2501649856567383    , 2.7105236053466797    , 1.4307303428649902   , 2.960688591003418     , 1.6808953285217285    , 2.4603586196899414     , 1.180565357208252      ,                6,                1,   0.8333333333333334
      620, C        ,        3, gnnexplainer,             0.9, -8.43066120147705      , -8.04626750946045     , -5.968001842498779    , -8.189264297485352     , 0.24139690399169922   , 0.14299678802490234   , 2.2212624549865723   , 0.38439369201660156   , 2.4626593589782715    , -0.09840011596679688   , 1.979865550994873      ,                6,                1,   0.8333333333333334
      620, C        ,        4, gnnexplainer,             0.9, -8.43023681640625      , -7.827836990356445    , -6.239455223083496    , -8.187677383422852     , 0.24255943298339844   , 0.35984039306640625   , 1.9482221603393555   , 0.6023998260498047    , 2.190781593322754     , 0.11728096008300781    , 1.705662727355957      ,                6,                1,   0.8333333333333334
      620, C        ,        5, gnnexplainer,             0.9, -8.442373275756836     , -8.895316123962402    , -5.579959392547607    , -8.186501502990723     , 0.2558717727661133    , 0.7088146209716797    , 2.6065421104431152   , 0.4529428482055664    , 2.8624138832092285    , 0.4529428482055664     , 2.350670337677002      ,                6,                1,   0.8333333333333334
      620, C        ,        6, gnnexplainer,             0.9, 0.4642379879951477     , 0.2904054522514343    , -1.980919599533081    , 1.20413076877594       , 0.7398927807807922    , 0.9137253165245056    , 3.185050368309021    , 0.17383253574371338   , 2.4451575875282288    , 0.17383253574371338    , 2.4451575875282288     ,                8,                1,   0.875
      630, H        ,        0, gnnexplainer,             0.9, -0.02311921864748001   , -0.04648900032043457  , -0.012035585939884186 , -0.025250257924199104  , 0.0021310392767190933 , 0.021238742396235466  , 0.013214671984314919 , 0.02336978167295456   , 0.011083632707595825  , 0.019107703119516373   , 0.011083632707595825   ,                2,                1,   0.5
      630, H        ,        1, gnnexplainer,             0.9, -0.03730684518814087   , -0.03756316378712654  , -0.07204865664243698  , -0.038969941437244415  , 0.0016630962491035461 , 0.0014067776501178741 , 0.033078715205192566 , 0.000256318598985672  , 0.03474181145429611   , -0.000256318598985672  , 0.03141561895608902    ,                2,                1,   0.5
      630, H        ,        2, gnnexplainer,             0.9, -0.0716160386800766    , -0.10816007107496262  , -0.12022129446268082  , -0.06771529465913773   , 0.0039007440209388733 , 0.04044477641582489   , 0.05250599980354309  , 0.03654403239488602   , 0.04860525578260422   , 0.03654403239488602    , 0.04860525578260422    ,                2,                1,   0.5
      630, H        ,        4, gnnexplainer,             0.9, -0.0682767927646637    , -0.08230475336313248  , -0.11542805284261703  , -0.06947855651378632   , 0.0012017637491226196 , 0.012826196849346161  , 0.04594949632883072  , 0.01402796059846878   , 0.04715126007795334   , 0.011624433100223541   , 0.0447477325797081     ,                2,                1,   0.5
      630, H        ,        5, gnnexplainer,             0.9, -0.049337469041347504  , -0.09375904500484467  , -0.05501149967312813  , -0.04885619133710861   , 0.0004812777042388916 , 0.04490285366773605   , 0.006155308336019516 , 0.04442157596349716   , 0.005674030631780624  , 0.04442157596349716    , 0.005674030631780624   ,                2,                1,   0.5
      630, H        ,        6, gnnexplainer,             0.9, -0.004342615604400635  , -0.014496807008981705 , -0.058142486959695816 , -0.01280344370752573   , 0.008460828103125095  , 0.0016933633014559746 , 0.045339043252170086 , 0.01015419140458107   , 0.05379987135529518   , -0.006767464801669121  , 0.03687821514904499    ,                2,                1,   0.5
      630, H        ,        7, gnnexplainer,             0.9, -0.4479888677597046    , -0.40564048290252686  , -0.128991961479187    , -0.45876866579055786   , 0.010779798030853271  , 0.053128182888031006  , 0.32977670431137085  , 0.042348384857177734  , 0.3189969062805176    , 0.042348384857177734   , 0.3189969062805176     ,                2,                1,   0.5
      630, H        ,        8, gnnexplainer,             0.9, -0.5106724500656128    , -0.43995410203933716  , -0.1936436891555786   , -0.4803043007850647    , 0.030368149280548096  , 0.04035019874572754   , 0.2866606116294861   , 0.07071834802627563   , 0.3170287609100342    , 0.009982049465179443   , 0.256292462348938      ,                2,                1,   0.5
      630, H        ,        9, gnnexplainer,             0.9, -0.4643908739089966    , -0.39309927821159363  , -0.1342557966709137   , -0.48453184962272644   , 0.02014097571372986   , 0.09143257141113281   , 0.35027605295181274  , 0.07129159569740295   , 0.3301350772380829    , 0.07129159569740295    , 0.3301350772380829     ,                2,                1,   0.5
      630, H        ,       10, gnnexplainer,             0.9, -0.5328218936920166    , -0.20999306440353394  , -0.5121942758560181   , -0.5533307194709778    , 0.02050882577896118   , 0.34333765506744385   , 0.04113644361495972  , 0.32282882928848267   , 0.020627617835998535  , 0.32282882928848267    , 0.020627617835998535   ,                2,                1,   0.5
      630, C        ,        0, gnnexplainer,             0.9, -0.585507869720459     , -0.4817737340927124   , -2.435105323791504    , -0.7319445610046387    , 0.1464366912841797    , 0.25017082691192627   , 1.7031607627868652   , 0.10373413562774658   , 1.849597454071045     , 0.10373413562774658    , 1.5567240715026855     ,                8,                1,   0.875
      630, C        ,        1, gnnexplainer,             0.9, -6.7654547691345215    , -6.470520496368408    , -5.813047885894775    , -7.420319557189941     , 0.6548647880554199    , 0.9497990608215332    , 1.607271671295166    , 0.2949342727661133    , 0.9524068832397461    , 0.2949342727661133     , 0.9524068832397461     ,                6,                1,   0.8333333333333334
      630, C        ,        2, gnnexplainer,             0.9, -0.999916136264801     , -1.091454029083252    , -2.7681305408477783   , -0.9909263849258423    , 0.00898975133895874   , 0.10052764415740967   , 1.777204155921936    , 0.09153789281845093   , 1.7682144045829773    , 0.09153789281845093    , 1.7682144045829773     ,                8,                1,   0.875
      630, C        ,        3, gnnexplainer,             0.9, -13.794824600219727    , -14.697698593139648   , -9.620902061462402    , -13.486979484558105    , 0.3078451156616211    , 1.210719108581543     , 3.866077423095703    , 0.9028739929199219    , 4.173922538757324     , 0.9028739929199219     , 3.558232307434082      ,                6,                1,   0.8333333333333334
      630, C        ,        4, gnnexplainer,             0.9, -14.877642631530762    , -12.047274589538574   , -8.497559547424316    , -14.350349426269531    , 0.5272932052612305    , 2.303074836730957     , 5.852789878845215    , 2.8303680419921875    , 6.380083084106445     , 1.7757816314697266     , 5.325496673583984      ,                6,                1,   0.8333333333333334
      640, H        ,        0, gnnexplainer,             0.9, -0.21126306056976318   , -0.11484028398990631  , -0.18942713737487793  , 0.13790667057037354    , 0.3491697311401367    , 0.25274695456027985   , 0.32733380794525146  , 0.09642277657985687   , 0.021835923194885254  , -0.09642277657985687   , -0.021835923194885254  ,                2,                1,   0.5
      640, H        ,        1, gnnexplainer,             0.9, -0.21125224232673645   , -0.2116623818874359   , -0.1304992437362671   , 0.13790667057037354    , 0.34915891289711      , 0.34956905245780945   , 0.2684059143066406   , 0.0004101395606994629 , 0.08075299859046936   , 0.0004101395606994629  , -0.08075299859046936   ,                2,                1,   0.5
      640, H        ,        2, gnnexplainer,             0.9, -0.04018162190914154   , -0.057110000401735306 , -0.06645654141902924  , -0.010049479082226753  , 0.030132142826914787  , 0.04706052131950855   , 0.05640706233680248  , 0.016928378492593765  , 0.026274919509887695  , 0.016928378492593765   , 0.026274919509887695   ,                2,                1,   0.5
      640, H        ,        3, gnnexplainer,             0.9, -0.02698579430580139   , -0.018398791551589966 , -0.03680141270160675  , -0.030795302242040634  , 0.0038095079362392426 , 0.012396510690450668  , 0.006006110459566116 , 0.008587002754211426  , 0.009815618395805359  , 0.008587002754211426   , 0.0021966025233268738  ,                2,                1,   0.5
      640, H        ,        4, gnnexplainer,             0.9, -0.029253706336021423  , -0.05290491133928299  , -0.04771636426448822  , -0.03988323733210564   , 0.010629530996084213  , 0.013021674007177353  , 0.007833126932382584 , 0.023651205003261566  , 0.018462657928466797  , 0.0023921430110931396  , -0.0027964040637016296 ,                2,                1,   0.5
      640, H        ,        5, gnnexplainer,             0.9, -0.07945401221513748   , -0.08580362051725388  , -0.0973757952451706   , -0.08353185653686523   , 0.004077844321727753  , 0.0022717639803886414 , 0.013843938708305359 , 0.006349608302116394  , 0.01792178303003311   , -0.0018060803413391113 , 0.009766094386577606   ,                2,                1,   0.5
      640, H        ,        6, gnnexplainer,             0.9, -0.11835552006959915   , -0.13329021632671356  , -0.11111244559288025  , -0.10661061108112335   , 0.0117449089884758    , 0.02667960524559021   , 0.004501834511756897 , 0.01493469625711441   , 0.007243074476718903  , 0.01493469625711441    , -0.007243074476718903  ,                2,                1,   0.5
      640, H        ,        7, gnnexplainer,             0.9, -0.06900552660226822   , -0.09951579570770264  , -0.12357860803604126  , -0.07117222994565964   , 0.0021667033433914185 , 0.028343565762043     , 0.05240637809038162  , 0.030510269105434418  , 0.05457308143377304   , 0.02617686241865158    , 0.050239674746990204   ,                2,                1,   0.5
      640, H        ,        8, gnnexplainer,             0.9, -0.10110029578208923   , -0.12932083010673523  , -0.13682258129119873  , -0.12511934340000153   , 0.024019047617912292  , 0.004201486706733704  , 0.011703237891197205 , 0.028220534324645996  , 0.0357222855091095    , -0.01981756091117859   , -0.012315809726715088  ,                2,                1,   0.5
      640, H        ,        9, gnnexplainer,             0.9, -0.07945292443037033   , -0.09452755749225616  , -0.09426716715097427  , -0.08353185653686523   , 0.0040789321064949036 , 0.01099570095539093   , 0.01073531061410904  , 0.015074633061885834  , 0.014814242720603943  , 0.006916768848896027   , 0.006656378507614136   ,                2,                1,   0.5
      640, H        ,       10, gnnexplainer,             0.9, -0.11835354566574097   , -0.14690229296684265  , -0.12784269452095032  , -0.10661061108112335   , 0.011742934584617615  , 0.0402916818857193    , 0.021232083439826965 , 0.028548747301101685  , 0.00948914885520935   , 0.028548747301101685   , 0.00948914885520935    ,                2,                1,   0.5
      640, H        ,       11, gnnexplainer,             0.9, -0.04018741473555565   , -0.06493694335222244  , -0.04115293174982071  , -0.010049479082226753  , 0.030137935653328896  , 0.05488746426999569   , 0.031103452667593956 , 0.024749528616666794  , 0.0009655170142650604 , 0.024749528616666794   , 0.0009655170142650604  ,                2,                1,   0.5
      640, H        ,       12, gnnexplainer,             0.9, -0.029250383377075195  , -0.05001481622457504  , -0.04236182942986488  , -0.04088323935866356   , 0.011632855981588364  , 0.009131576865911484  , 0.0014785900712013245, 0.020764432847499847  , 0.013111446052789688  , -0.00250127911567688   , -0.01015426591038704   ,                2,                1,   0.5
      640, H        ,       13, gnnexplainer,             0.9, -0.026982992887496948  , -0.02319585531949997  , -0.031924616545438766 , -0.030795302242040634  , 0.003812309354543686  , 0.007599446922540665  , 0.0011293143033981323, 0.0037871375679969788 , 0.004941623657941818  , 0.0037871375679969788  , -0.0026829950511455536 ,                2,                1,   0.5
      640, C        ,        0, gnnexplainer,             0.9, -7.860611915588379     , -8.042684555053711    , -7.697324275970459    , -8.271045684814453     , 0.4104337692260742    , 0.2283611297607422    , 0.5737214088439941   , 0.18207263946533203   , 0.16328763961791992   , -0.18207263946533203   , 0.16328763961791992    ,                4,                1,   0.75
      640, C        ,        1, gnnexplainer,             0.9, -7.8596673011779785    , -9.003244400024414    , -6.99570894241333     , -8.270045280456543     , 0.41037797927856445   , 0.7331991195678711    , 1.274336338043213    , 1.1435770988464355    , 0.8639583587646484    , 0.32282114028930664    , 0.8639583587646484     ,                4,                1,   0.75
      640, C        ,        2, gnnexplainer,             0.9, -0.4793398380279541    , -0.9539523720741272   , -2.4386038780212402   , -0.608948290348053     , 0.12960845232009888   , 0.3450040817260742    , 1.8296555876731873   , 0.4746125340461731    , 1.9592640399932861    , 0.21539562940597534    , 1.7000471353530884     ,                8,                1,   0.875
      640, C        ,        3, gnnexplainer,             0.9, -1.0577682256698608    , -2.180826187133789    , -2.542274236679077    , -1.4114946126937866    , 0.3537263870239258    , 0.7693315744400024    , 1.1307796239852905   , 1.1230579614639282    , 1.4845060110092163    , 0.41560518741607666    , 0.7770532369613647     ,                8,                1,   0.875
      640, C        ,        4, gnnexplainer,             0.9, -1.6062666177749634    , -2.309661388397217    , -2.365403175354004    , -2.1460978984832764    , 0.539831280708313     , 0.16356348991394043   , 0.21930527687072754  , 0.7033947706222534    , 0.7591365575790405    , -0.37626779079437256   , -0.32052600383758545   ,                8,                1,   0.875
      640, C        ,        5, gnnexplainer,             0.9, -1.0578246116638184    , -0.9885058999061584   , -2.3194985389709473   , -1.4114511013031006    , 0.3536264896392822    , 0.42294520139694214   , 0.9080474376678467   , 0.06931871175765991   , 1.261673927307129     , 0.06931871175765991    , 0.5544209480285645     ,                8,                1,   0.875
      640, C        ,        6, gnnexplainer,             0.9, -0.47932881116867065   , -0.3948938250541687   , -2.4986867904663086   , -0.6109034419059753    , 0.1315746307373047    , 0.21600961685180664   , 1.8877833485603333   , 0.08443498611450195   , 2.019357979297638     , 0.08443498611450195    , 1.7562087178230286     ,                8,                1,   0.875
      650, H        ,        0, gnnexplainer,             0.9, -0.034940771758556366  , -0.045676302164793015 , -0.049410130828619    , -0.047470711171627045  , 0.012529939413070679  , 0.0017944090068340302 , 0.0019394196569919586, 0.010735530406236649  , 0.014469359070062637  , -0.010735530406236649  , -0.01059051975607872   ,                2,                1,   0.5
      650, H        ,        1, gnnexplainer,             0.9, -0.06100916862487793   , -0.10162683576345444  , -0.07588353008031845  , -0.0373387411236763    , 0.02367042750120163   , 0.06428809463977814   , 0.03854478895664215  , 0.04061766713857651   , 0.014874361455440521  , 0.04061766713857651    , 0.014874361455440521   ,                2,                1,   0.5
      650, H        ,        2, gnnexplainer,             0.9, -0.024738125503063202  , -0.04564150422811508  , -0.025878749787807465 , -0.021102281287312508  , 0.0036358442157506943 , 0.024539222940802574  , 0.004776468500494957 , 0.02090337872505188   , 0.0011406242847442627 , 0.02090337872505188    , 0.0011406242847442627  ,                2,                1,   0.5
      650, H        ,        3, gnnexplainer,             0.9, -0.10827633738517761   , -0.14146992564201355  , -0.09017005562782288  , -0.09628623723983765   , 0.011990100145339966  , 0.0451836884021759    , 0.0061161816120147705, 0.03319358825683594   , 0.018106281757354736  , 0.03319358825683594    , -0.005873918533325195  ,                2,                1,   0.5
      650, H        ,        4, gnnexplainer,             0.9, -0.05421527847647667   , -0.06878048181533813  , -0.04354612156748772  , -0.1060146912932396    , 0.051799412816762924  , 0.03723420947790146   , 0.06246856972575188  , 0.014565203338861465  , 0.010669156908988953  , -0.014565203338861465  , 0.010669156908988953   ,                2,                1,   0.5
      650, H        ,        5, gnnexplainer,             0.9, -0.0340970978140831    , -0.056765999644994736 , -0.0400044322013855   , -0.045926790684461594  , 0.011829692870378494  , 0.010839208960533142  , 0.005922358483076096 , 0.022668901830911636  , 0.005907334387302399  , -0.0009904839098453522 , -0.005907334387302399  ,                2,                1,   0.5
      650, H        ,        6, gnnexplainer,             0.9, -0.023676138371229172  , -0.022302336990833282 , -0.030188456177711487 , -0.01910228095948696   , 0.00457385741174221   , 0.003200056031346321  , 0.011086175218224525 , 0.0013738013803958893 , 0.006512317806482315  , -0.0013738013803958893 , 0.006512317806482315   ,                2,                1,   0.5
      650, H        ,        7, gnnexplainer,             0.9, -0.05934511870145798   , -0.10295289754867554  , -0.07642722129821777  , -0.03475097194314003   , 0.024594146758317947  , 0.06820192560553551   , 0.041676249355077744 , 0.04360777884721756   , 0.017082102596759796  , 0.04360777884721756    , 0.017082102596759796   ,                2,                1,   0.5
      650, H        ,        8, gnnexplainer,             0.9, -0.03394071012735367   , -0.05961305648088455  , -0.04317808523774147  , -0.04692678898572922   , 0.01298607885837555   , 0.012686267495155334  , 0.003748703747987747 , 0.025672346353530884  , 0.009237375110387802  , -0.00029981136322021484, -0.009237375110387802  ,                2,                1,   0.5
      650, H        ,        9, gnnexplainer,             0.9, -0.05895303934812546   , -0.08851560205221176  , -0.1039290651679039   , -0.03479496389627457   , 0.02415807545185089   , 0.053720638155937195  , 0.06913410127162933  , 0.029562562704086304  , 0.04497602581977844   , 0.029562562704086304   , 0.04497602581977844    ,                2,                1,   0.5
      650, H        ,       10, gnnexplainer,             0.9, -0.023587524890899658  , -0.03934955224394798  , -0.02792433649301529  , -0.020102281123399734  , 0.0034852437674999237 , 0.01924727112054825   , 0.007822055369615555 , 0.015762027353048325  , 0.004336811602115631  , 0.015762027353048325   , 0.004336811602115631   ,                2,                1,   0.5
      650, H        ,       11, gnnexplainer,             0.9, -0.10841157287359238   , -0.10726325213909149  , -0.16550421714782715  , -0.09524228423833847   , 0.013169288635253906  , 0.012020967900753021  , 0.07026193290948868  , 0.001148320734500885  , 0.05709264427423477   , -0.001148320734500885  , 0.05709264427423477    ,                2,                1,   0.5
      650, H        ,       12, gnnexplainer,             0.9, -0.05435436591506004   , -0.03456085920333862  , -0.061336882412433624 , -0.10497073829174042   , 0.050616372376680374  , 0.0704098790884018    , 0.04363385587930679  , 0.01979350671172142   , 0.006982516497373581  , 0.01979350671172142    , -0.006982516497373581  ,                2,                1,   0.5
      650, H        ,       13, gnnexplainer,             0.9, -0.06090754270553589   , -0.05575941503047943  , -0.11610738188028336  , -0.03579496219754219   , 0.025112580507993698  , 0.01996445283293724   , 0.08031241968274117  , 0.0051481276750564575 , 0.05519983917474747   , -0.0051481276750564575 , 0.05519983917474747    ,                2,                1,   0.5
      650, H        ,       14, gnnexplainer,             0.9, -0.03507107496261597   , -0.04468635469675064  , -0.07812851667404175  , -0.04792679101228714   , 0.012855716049671173  , 0.003240436315536499  , 0.030201725661754608 , 0.009615279734134674  , 0.04305744171142578   , -0.009615279734134674  , 0.017346009612083435   ,                2,                1,   0.5
      650, H        ,       15, gnnexplainer,             0.9, -0.024672776460647583  , -0.04273751378059387  , -0.019166111946105957 , -0.01910228095948696   , 0.005570495501160622  , 0.02363523282110691   , 6.383098661899567e-05, 0.01806473731994629   , 0.005506664514541626  , 0.01806473731994629    , -0.005506664514541626  ,                2,                1,   0.5
      650, C        ,        0, gnnexplainer,             0.9, -0.6039972305297852    , -1.2134944200515747   , -1.6401914358139038   , -0.7945148944854736    , 0.19051766395568848   , 0.4189795255661011    , 0.8456765413284302   , 0.6094971895217896    , 1.0361942052841187    , 0.2284618616104126     , 0.6551588773727417     ,                8,                1,   0.875
      650, C        ,        1, gnnexplainer,             0.9, -0.9427768588066101    , -0.9441480040550232   , -2.0762221813201904   , -1.2854688167572021    , 0.34269195795059204   , 0.34132081270217896   , 0.7907533645629883   , 0.001371145248413086  , 1.1334453225135803    , -0.001371145248413086  , 0.44806140661239624    ,                8,                1,   0.875
      650, C        ,        2, gnnexplainer,             0.9, -0.6430948376655579    , -0.36341041326522827  , -2.2201714515686035   , -0.7869271636009216    , 0.14383232593536377   , 0.42351675033569336   , 1.4332442879676819   , 0.2796844244003296    , 1.5770766139030457    , 0.2796844244003296     , 1.2894119620323181     ,                8,                1,   0.875
      650, C        ,        3, gnnexplainer,             0.9, -0.6416166424751282    , -0.6367034912109375   , -2.3614957332611084   , -0.7869707942008972    , 0.14535415172576904   , 0.15026730298995972   , 1.5745249390602112   , 0.004913151264190674  , 1.7198790907859802    , 0.004913151264190674   , 1.4291707873344421     ,                8,                1,   0.875
      650, C        ,        4, gnnexplainer,             0.9, -0.942050039768219     , -1.2481257915496826   , -2.0174686908721924   , -1.282924771308899     , 0.34087473154067993   , 0.03479897975921631   , 0.7345439195632935   , 0.3060757517814636    , 1.0754186511039734    , -0.3060757517814636    , 0.3936691880226135     ,                8,                1,   0.875
      650, C        ,        5, gnnexplainer,             0.9, -0.60410076379776      , -0.7416759729385376   , -2.3028831481933594   , -0.7939702272415161    , 0.1898694634437561    , 0.052294254302978516  , 1.5089129209518433   , 0.1375752091407776    , 1.6987823843955994    , -0.1375752091407776    , 1.3190434575080872     ,                8,                1,   0.875
      660, H        ,        0, gnnexplainer,             0.9, -0.16517344117164612   , -0.19653800129890442  , -0.14694783091545105  , -0.20275944471359253   , 0.03758600354194641   , 0.00622144341468811   , 0.05581161379814148  , 0.0313645601272583    , 0.01822561025619507   , -0.0313645601272583    , 0.01822561025619507    ,                2,                1,   0.5
      660, H        ,        1, gnnexplainer,             0.9, -0.1645946204662323    , -0.14880704879760742  , -0.17080891132354736  , -0.20275944471359253   , 0.03816482424736023   , 0.05395239591598511   , 0.031950533390045166 , 0.015787571668624878  , 0.0062142908573150635 , 0.015787571668624878   , -0.0062142908573150635 ,                2,                1,   0.5
      660, H        ,        2, gnnexplainer,             0.9, -0.1664506494998932    , -0.16282621026039124  , -0.1555252969264984   , -0.20075945556163788   , 0.03430880606174469   , 0.03793324530124664   , 0.045234158635139465 , 0.003624439239501953  , 0.010925352573394775  , 0.003624439239501953   , 0.010925352573394775   ,                2,                1,   0.5
      660, H        ,        3, gnnexplainer,             0.9, -0.16647592186927795   , -0.17250007390975952  , -0.17516258358955383  , -0.20375944674015045   , 0.0372835248708725    , 0.03125937283039093   , 0.02859686315059662  , 0.006024152040481567  , 0.008686661720275879  , -0.006024152040481567  , -0.008686661720275879  ,                2,                1,   0.5
      660, H        ,        4, gnnexplainer,             0.9, -0.16462445259094238   , -0.1903027594089508   , -0.1544996201992035   , -0.20221565663814545   , 0.037591204047203064  , 0.011912897229194641  , 0.047716036438941956 , 0.025678306818008423  , 0.010124832391738892  , -0.025678306818008423  , 0.010124832391738892   ,                2,                1,   0.5
      660, C        ,        0, gnnexplainer,             0.9, -7.038024425506592     , -7.210358619689941    , -5.529210567474365    , -6.987955093383789     , 0.050069332122802734  , 0.22240352630615234   , 1.4587445259094238   , 0.1723341941833496    , 1.5088138580322266    , 0.1723341941833496     , 1.408675193786621      ,                6,                1,   0.8333333333333334
      660, C        ,        1, gnnexplainer,             0.9, -7.038747310638428     , -7.086438179016113    , -5.654304504394531    , -7.023499011993408     , 0.015248298645019531  , 0.06293916702270508   , 1.369194507598877    , 0.04769086837768555   , 1.3844428062438965    , 0.04769086837768555    , 1.3539462089538574     ,                6,                1,   0.8333333333333334
      660, C        ,        2, gnnexplainer,             0.9, -6.839990139007568     , -7.02768611907959     , -5.509796142578125    , -7.008410930633545     , 0.16842079162597656   , 0.019275188446044922  , 1.49861478805542     , 0.18769598007202148   , 1.3301939964294434    , -0.14914560317993164   , 1.3301939964294434     ,                6,                1,   0.8333333333333334
      660, C        ,        3, gnnexplainer,             0.9, -6.853241443634033     , -6.0429253578186035   , -4.979273319244385    , -7.023411273956299     , 0.17016983032226562   , 0.9804859161376953    , 2.044137954711914    , 0.8103160858154297    , 1.8739681243896484    , 0.8103160858154297     , 1.8739681243896484     ,                8,                1,   0.875
      660, C        ,        4, gnnexplainer,             0.9, -6.838660717010498     , -6.046077728271484    , -5.888312339782715    , -7.0013227462768555    , 0.16266202926635742   , 0.9552450180053711    , 1.1130104064941406   , 0.7925829887390137    , 0.9503483772277832    , 0.7925829887390137     , 0.9503483772277832     ,                6,                1,   0.8333333333333334
      670, H        ,        0, gnnexplainer,             0.9, -0.12615878880023956   , -0.056136198341846466 , -0.1290494203567505   , -0.11269008368253708   , 0.013468705117702484  , 0.05655388534069061   , 0.01635933667421341  , 0.0700225904583931    , 0.0028906315565109253 , 0.04308518022298813    , 0.0028906315565109253  ,                2,                1,   0.5
      670, H        ,        1, gnnexplainer,             0.9, -0.13615170121192932   , -0.0659894198179245   , -0.16024085879325867  , -0.13299790024757385   , 0.0031538009643554688 , 0.06700848042964935   , 0.027242958545684814 , 0.07016228139400482   , 0.024089157581329346  , 0.06385467946529388    , 0.024089157581329346   ,                2,                1,   0.5
      670, H        ,        2, gnnexplainer,             0.9, -0.12615621089935303   , -0.09646391868591309  , -0.035224974155426025 , -0.11327777057886124   , 0.01287844032049179   , 0.01681385189294815   , 0.07805279642343521  , 0.02969229221343994   , 0.090931236743927     , 0.00393541157245636    , 0.06517435610294342    ,                2,                1,   0.5
      670, H        ,        3, gnnexplainer,             0.9, -0.1208568587899208    , -0.1401093751192093   , -0.05910904332995415  , -0.11427777260541916   , 0.006579086184501648  , 0.02583160251379013   , 0.05516872927546501  , 0.019252516329288483  , 0.06174781545996666   , 0.019252516329288483   , 0.048589643090963364   ,                2,                1,   0.5
      670, H        ,        4, gnnexplainer,             0.9, -0.1313440203666687    , -0.15196916460990906  , -0.06316909193992615  , -0.13399790227413177   , 0.0026538819074630737 , 0.017971262335777283  , 0.07082881033420563  , 0.020625144243240356  , 0.06817492842674255   , 0.015317380428314209   , 0.06817492842674255    ,                2,                1,   0.5
      670, H        ,        5, gnnexplainer,             0.9, -0.12088869512081146   , -0.12816685438156128  , -0.05682795122265816  , -0.116277776658535     , 0.004610918462276459  , 0.011889077723026276  , 0.059449825435876846 , 0.007278159260749817  , 0.0640607438981533    , 0.007278159260749817   , 0.05483890697360039    ,                2,                1,   0.5
      670, H        ,        6, gnnexplainer,             0.9, -0.12363876402378082   , -0.04559618607163429  , -0.1365325152873993   , -0.11223382502794266   , 0.011404938995838165  , 0.06663763895630836   , 0.024298690259456635 , 0.07804257795214653   , 0.01289375126361847   , 0.0552326999604702     , 0.01289375126361847    ,                2,                1,   0.5
      670, H        ,        7, gnnexplainer,             0.9, -0.13401181995868683   , -0.05581765994429588  , -0.15109513700008392  , -0.1345856636762619    , 0.0005738437175750732 , 0.07876800373196602   , 0.01650947332382202  , 0.07819416001439095   , 0.017083317041397095  , 0.07819416001439095    , 0.015935629606246948   ,                2,                1,   0.5
      670, H        ,        8, gnnexplainer,             0.9, -0.12363122403621674   , -0.10548949986696243  , -0.05444439500570297  , -0.11269008368253708   , 0.010941140353679657  , 0.007200583815574646  , 0.058245688676834106 , 0.018141724169254303  , 0.06918682903051376   , -0.003740556538105011  , 0.04730454832315445    ,                2,                1,   0.5
      670, C        ,        0, gnnexplainer,             0.9, -7.337776184082031     , -8.041083335876465    , -4.308915615081787    , -7.250162601470947     , 0.08761358261108398   , 0.7909207344055176    , 2.94124698638916     , 0.7033071517944336    , 3.028860569000244     , 0.7033071517944336     , 2.853633403778076      ,                8,                1,   0.875
      670, C        ,        1, gnnexplainer,             0.9, -2.7511672973632812    , -1.6741012334823608   , -2.5714645385742188   , -2.665163278579712     , 0.08600401878356934   , 0.9910620450973511    , 0.09369874000549316  , 1.0770660638809204    , 0.1797027587890625    , 0.9050580263137817     , 0.007694721221923828   ,                8,                1,   0.875
      670, C        ,        2, gnnexplainer,             0.9, -2.7469482421875       , -3.088303565979004    , -2.330331325531006    , -2.672163248062134     , 0.07478499412536621   , 0.4161403179168701    , 0.34183192253112793  , 0.3413553237915039    , 0.41661691665649414   , 0.3413553237915039     , 0.2670469284057617     ,                8,                1,   0.875
      670, C        ,        3, gnnexplainer,             0.9, -2.741644859313965     , -2.4747047424316406   , -2.245976209640503    , -2.6667068004608154    , 0.07493805885314941   , 0.1920020580291748    , 0.4207305908203125   , 0.2669401168823242    , 0.4956686496734619    , 0.11706399917602539    , 0.3457925319671631     ,                8,                1,   0.875
      680, H        ,        0, gnnexplainer,             0.9, -0.24025121331214905   , -0.3455383777618408   , -0.12216109037399292  , -0.2213812917470932    , 0.018869921565055847  , 0.12415708601474762   , 0.09922020137310028  , 0.10528716444969177   , 0.11809012293815613   , 0.10528716444969177    , 0.08035027980804443    ,                2,                1,   0.5
      680, H        ,        1, gnnexplainer,             0.9, -0.08660456538200378   , -0.05912940204143524  , -0.0945320576429367   , -0.011197688989341259  , 0.07540687639266253   , 0.04793171305209398   , 0.08333436865359545  , 0.027475163340568542  , 0.007927492260932922  , -0.027475163340568542  , 0.007927492260932922   ,                2,                1,   0.5
      680, H        ,        2, gnnexplainer,             0.9, -0.07427486777305603   , -0.10240957140922546  , -0.034090228378772736 , -0.04261809587478638   , 0.03165677189826965   , 0.05979147553443909   , 0.008527867496013641 , 0.028134703636169434  , 0.040184639394283295  , 0.028134703636169434   , -0.023128904402256012  ,                2,                1,   0.5
      680, H        ,        3, gnnexplainer,             0.9, -0.07880909740924835   , -0.10180008411407471  , -0.042901620268821716 , -0.030108986422419548  , 0.048700110986828804  , 0.07169109769165516   , 0.012792633846402168 , 0.022990986704826355  , 0.035907477140426636  , 0.022990986704826355   , -0.035907477140426636  ,                2,                1,   0.5
      680, H        ,        4, gnnexplainer,             0.9, -0.07428210973739624   , -0.03978419303894043  , -0.09725768864154816  , -0.04466203227639198   , 0.029620077461004257  , 0.004877839237451553  , 0.052595656365156174 , 0.03449791669845581   , 0.022975578904151917  , -0.024742238223552704  , 0.022975578904151917   ,                2,                1,   0.5
      680, H        ,        5, gnnexplainer,             0.9, -0.08689076453447342   , -0.04112839698791504  , -0.10525001585483551  , -0.010153764858841896  , 0.07673699967563152   , 0.030974632129073143  , 0.09509625099599361  , 0.04576236754655838   , 0.01835925132036209   , -0.04576236754655838   , 0.01835925132036209    ,                2,                1,   0.5
      680, H        ,        6, gnnexplainer,             0.9, -0.07900640368461609   , -0.08542026579380035  , -0.06270493566989899  , -0.029152963310480118  , 0.04985344037413597   , 0.056267302483320236  , 0.03355197235941887  , 0.006413862109184265  , 0.016301468014717102  , 0.006413862109184265   , -0.016301468014717102  ,                2,                1,   0.5
      680, C        ,        0, gnnexplainer,             0.9, -4.818810939788818     , -4.691293716430664    , -3.3798139095306396   , -5.345205783843994     , 0.5263948440551758    , 0.6539120674133301    , 1.9653918743133545   , 0.1275172233581543    , 1.4389970302581787    , 0.1275172233581543     , 1.4389970302581787     ,                8,                1,   0.875
      680, C        ,        1, gnnexplainer,             0.9, -1.2843044996261597    , -1.0235121250152588   , -2.5409891605377197   , -1.2986263036727905    , 0.01432180404663086   , 0.27511417865753174   , 1.2423628568649292   , 0.2607923746109009    , 1.25668466091156      , 0.2607923746109009     , 1.2280410528182983     ,                8,                1,   0.875
      680, C        ,        2, gnnexplainer,             0.9, -1.3026031255722046    , -1.3871277570724487   , -1.872410774230957    , -1.2954069375991821    , 0.007196187973022461  , 0.0917208194732666    , 0.5770038366317749   , 0.08452463150024414   , 0.5698076486587524    , 0.08452463150024414    , 0.5698076486587524     ,                8,                1,   0.875
      690, H        ,        0, gnnexplainer,             0.9, -0.0707128494977951    , -0.0807909369468689   , -0.11979939043521881  , -0.0933745801448822    , 0.022661730647087097  , 0.012583643198013306  , 0.02642481029033661  , 0.010078087449073792  , 0.049086540937423706  , -0.010078087449073792  , 0.0037630796432495117  ,                2,                1,   0.5
      690, H        ,        1, gnnexplainer,             0.9, -0.0695280060172081    , -0.10491421818733215  , -0.07731607556343079  , -0.07876035571098328   , 0.009232349693775177  , 0.026153862476348877  , 0.0014442801475524902, 0.035386212170124054  , 0.007788069546222687  , 0.0169215127825737     , -0.007788069546222687  ,                2,                1,   0.5
      690, H        ,        2, gnnexplainer,             0.9, -0.06974300742149353   , -0.11161712557077408  , -0.08301614224910736  , -0.07261136919260025   , 0.00286836177110672   , 0.03900575637817383   , 0.01040477305650711  , 0.04187411814928055   , 0.01327313482761383   , 0.03613739460706711    , 0.007536411285400391   ,                2,                1,   0.5
      690, H        ,        3, gnnexplainer,             0.9, -0.13492387533187866   , -0.13627655804157257  , -0.10262453556060791  , -0.13056695461273193   , 0.0043569207191467285 , 0.005709603428840637  , 0.027942419052124023 , 0.0013526827096939087 , 0.03229933977127075   , 0.0013526827096939087  , 0.023585498332977295   ,                2,                1,   0.5
      690, H        ,        4, gnnexplainer,             0.9, -0.1396944522857666    , -0.17188191413879395  , -0.11872351169586182  , -0.1455758512020111    , 0.005881398916244507  , 0.026306062936782837  , 0.026852339506149292 , 0.032187461853027344  , 0.020970940589904785  , 0.02042466402053833    , 0.020970940589904785   ,                2,                1,   0.5
      690, H        ,        5, gnnexplainer,             0.9, -0.10029534995555878   , -0.051166046410799026 , -0.11465691775083542  , -0.1371104121208191    , 0.036815062165260315  , 0.08594436571002007   , 0.022453494369983673 , 0.04912930354475975   , 0.014361567795276642  , 0.04912930354475975    , -0.014361567795276642  ,                2,                1,   0.5
      690, H        ,        6, gnnexplainer,             0.9, -0.10252399742603302   , -0.06480304896831512  , -0.14070343971252441  , -0.09293525665998459   , 0.009588740766048431  , 0.028132207691669464  , 0.047768183052539825 , 0.037720948457717896  , 0.038179442286491394  , 0.018543466925621033   , 0.038179442286491394   ,                2,                1,   0.5
      690, H        ,        7, gnnexplainer,             0.9, -0.04147017374634743   , -0.06160208210349083  , -0.03639400005340576  , 0.008627315983176231   , 0.05009748972952366   , 0.07022939808666706   , 0.04502131603658199  , 0.020131908357143402  , 0.005076173692941666  , 0.020131908357143402   , -0.005076173692941666  ,                2,                1,   0.5
      690, H        ,        8, gnnexplainer,             0.9, -0.05369195714592934   , -0.07321908324956894  , -0.06279673427343369  , -0.07826009392738342   , 0.024568136781454086  , 0.005041010677814484  , 0.015463359653949738 , 0.019527126103639603  , 0.009104777127504349  , -0.019527126103639603  , -0.009104777127504349  ,                2,                1,   0.5
      690, H        ,        9, gnnexplainer,             0.9, -0.04400085657835007   , -0.07005935907363892  , -0.05875757336616516  , -0.06557556241750717   , 0.021574705839157104  , 0.004483796656131744  , 0.0068179890513420105, 0.02605850249528885   , 0.014756716787815094  , -0.01709090918302536   , -0.014756716787815094  ,                2,                1,   0.5
      690, C        ,        0, gnnexplainer,             0.9, -1.1725621223449707    , -1.0148184299468994   , -2.991400718688965    , -1.38539457321167      , 0.21283245086669922   , 0.3705761432647705    , 1.606006145477295    , 0.1577436923980713    , 1.8188385963439941    , 0.1577436923980713     , 1.3931736946105957     ,                8,                1,   0.875
      690, C        ,        1, gnnexplainer,             0.9, -3.5884628295898438    , -4.076666831970215    , -2.960416316986084    , -3.684644937515259     , 0.09618210792541504   , 0.39202189445495605   , 0.7242286205291748   , 0.4882040023803711    , 0.6280465126037598    , 0.295839786529541      , 0.6280465126037598     ,                8,                1,   0.875
      690, C        ,        2, gnnexplainer,             0.9, -1.2125436067581177    , -2.205038070678711    , -1.7256815433502197   , -1.5031408071517944    , 0.29059720039367676   , 0.7018972635269165    , 0.2225407361984253   , 0.9924944639205933    , 0.513137936592102     , 0.41130006313323975    , -0.06805646419525146   ,                8,                1,   0.875
      690, C        ,        3, gnnexplainer,             0.9, -1.085555076599121     , -1.3840433359146118   , -1.9157613515853882   , -1.4930760860443115    , 0.40752100944519043   , 0.10903275012969971   , 0.42268526554107666  , 0.2984882593154907    , 0.8302062749862671    , -0.2984882593154907    , 0.01516425609588623    ,                8,                1,   0.875
      700, H        ,        0, gnnexplainer,             0.9, -0.035926997661590576  , -0.04340224340558052  , -0.06835433840751648  , -0.03716272860765457   , 0.0012357309460639954 , 0.006239514797925949  , 0.031191609799861908 , 0.0074752457439899445 , 0.0324273407459259    , 0.005003783851861954   , 0.029955878853797913   ,                2,                1,   0.5
      700, H        ,        1, gnnexplainer,             0.9, -0.0361982099711895    , -0.07803216576576233  , -0.044606003910303116 , -0.03653114661574364   , 0.0003329366445541382 , 0.04150101915001869   , 0.008074857294559479 , 0.04183395579457283   , 0.008407793939113617  , 0.041168082505464554   , 0.007741920650005341   ,                2,                1,   0.5
      700, H        ,        2, gnnexplainer,             0.9, -0.04495701193809509   , -0.0785965770483017   , -0.053832851350307465 , -0.06704018265008926   , 0.02208317071199417   , 0.011556394398212433  , 0.0132073312997818   , 0.033639565110206604  , 0.008875839412212372  , -0.010526776313781738  , -0.008875839412212372  ,                2,                1,   0.5
      700, H        ,        3, gnnexplainer,             0.9, -0.03590233251452446   , -0.047283466905355453 , -0.06346774846315384  , -0.03711884841322899   , 0.0012165158987045288 , 0.010164618492126465  , 0.02634890004992485  , 0.011381134390830994  , 0.02756541594862938   , 0.008948102593421936   , 0.02513238415122032    ,                2,                1,   0.5
      700, H        ,        4, gnnexplainer,             0.9, -0.03629269078373909   , -0.048232417553663254 , -0.06571310758590698  , -0.039118848741054535  , 0.002826157957315445  , 0.009113568812608719  , 0.026594258844852448 , 0.011939726769924164  , 0.029420416802167892  , 0.006287410855293274   , 0.023768100887537003   ,                2,                1,   0.5
      700, H        ,        5, gnnexplainer,             0.9, -0.04491594806313515   , -0.04075293615460396  , -0.10202284157276154  , -0.06804018467664719   , 0.02312423661351204   , 0.027287248522043228  , 0.03398265689611435  , 0.004163011908531189  , 0.05710689350962639   , 0.004163011908531189   , 0.01085842028260231    ,                2,                1,   0.5
      700, C        ,        0, gnnexplainer,             0.9, -0.38066256046295166   , -0.682017982006073    , -2.6278743743896484   , -0.6804971098899841    , 0.29983454942703247   , 0.0015208721160888672 , 1.9473772644996643   , 0.30135542154312134   , 2.2472118139266968    , -0.2983136773109436    , 1.6475427150726318     ,                8,                1,   0.875
      700, C        ,        1, gnnexplainer,             0.9, -0.38045936822891235   , -0.042563989758491516 , -3.2195260524749756   , -0.6880847811698914    , 0.307625412940979     , 0.6455207914113998    , 2.5314412713050842   , 0.33789537847042084   , 2.8390666842460632    , 0.33789537847042084    , 2.2238158583641052     ,                8,                1,   0.875
      710, H        ,        0, gnnexplainer,             0.9, -0.029907673597335815  , -0.059640079736709595 , -0.03662759065628052  , 0.002635101554915309   , 0.032542775152251124  , 0.062275181291624904  , 0.039262692211195827 , 0.02973240613937378   , 0.006719917058944702  , 0.02973240613937378    , 0.006719917058944702   ,                2,                1,   0.5
      710, H        ,        1, gnnexplainer,             0.9, -0.03134346753358841   , -0.08547822386026382  , -0.04001946002244949  , -0.0008914239588193595 , 0.03045204357476905   , 0.08458679990144446   , 0.039128036063630134 , 0.054134756326675415  , 0.008675992488861084  , 0.054134756326675415   , 0.008675992488861084   ,                2,                1,   0.5
      710, H        ,        2, gnnexplainer,             0.9, -0.046400636434555054  , -0.10152959823608398  , -0.062107447534799576 , -0.028294291347265244  , 0.01810634508728981   , 0.07323530688881874   , 0.03381315618753433  , 0.05512896180152893   , 0.015706811100244522  , 0.05512896180152893    , 0.015706811100244522   ,                2,                1,   0.5
      710, H        ,        3, gnnexplainer,             0.9, -0.03167620301246643   , -0.05421045422554016  , -0.06785836070775986  , -0.040400464087724686  , 0.008724261075258255  , 0.013809990137815475  , 0.02745789662003517  , 0.02253425121307373   , 0.036182157695293427  , 0.0050857290625572205  , 0.018733635544776917   ,                2,                1,   0.5
      710, H        ,        4, gnnexplainer,             0.9, -0.030396439135074615  , -0.07843605428934097  , -0.0589129813015461   , -0.03430350497364998   , 0.003907065838575363  , 0.044132549315690994  , 0.024609476327896118 , 0.04803961515426636   , 0.02851654216647148   , 0.04022548347711563    , 0.020702410489320755   ,                2,                1,   0.5
      710, H        ,        5, gnnexplainer,             0.9, -0.03176030144095421   , -0.03016076236963272  , -0.07921221852302551  , -0.04444428160786629   , 0.012683980166912079  , 0.014283519238233566  , 0.034767936915159225 , 0.0015995390713214874 , 0.047451917082071304  , 0.0015995390713214874  , 0.022083956748247147   ,                2,                1,   0.5
      710, H        ,        6, gnnexplainer,             0.9, -0.14905980229377747   , -0.006786353886127472 , -0.13870841264724731  , -0.1345662921667099    , 0.014493510127067566  , 0.12777993828058243   , 0.0041421204805374146, 0.14227344840765      , 0.010351389646530151  , 0.11328642815351486    , -0.010351389646530151  ,                2,                1,   0.5
      710, H        ,        7, gnnexplainer,             0.9, -0.1790233850479126    , -0.19889286160469055  , -0.03464387357234955  , -0.1694617122411728    , 0.009561672806739807  , 0.02943114936351776   , 0.13481783866882324  , 0.019869476556777954  , 0.14437951147556305   , 0.019869476556777954   , 0.12525616586208344    ,                2,                1,   0.5
      710, H        ,        8, gnnexplainer,             0.9, -0.17922937870025635   , -0.17805787920951843  , -0.029894817620515823 , -0.16887393593788147   , 0.010355442762374878  , 0.009183943271636963  , 0.13897911831736565  , 0.001171499490737915  , 0.14933456107974052   , -0.001171499490737915  , 0.12862367555499077    ,                2,                1,   0.5
      710, H        ,        9, gnnexplainer,             0.9, -0.3067755103111267    , -0.24624481797218323  , -0.22014442086219788  , -0.4650583565235138    , 0.15828284621238708   , 0.21881353855133057   , 0.24491393566131592  , 0.06053069233894348   , 0.08663108944892883   , 0.06053069233894348    , 0.08663108944892883    ,                2,                1,   0.5
      710, H        ,       10, gnnexplainer,             0.9, -0.451644629240036     , -0.4232403337955475   , -0.16627264022827148  , -0.4848386347293854    , 0.033194005489349365  , 0.06159830093383789   , 0.3185659945011139   , 0.028404295444488525  , 0.2853719890117645    , 0.028404295444488525   , 0.2853719890117645     ,                2,                1,   0.5
      710, C        ,        0, gnnexplainer,             0.9, -11.389664649963379    , -10.991438865661621   , -9.7531099319458      , -12.55687141418457     , 1.1672067642211914    , 1.5654325485229492    , 2.8037614822387695   , 0.3982257843017578    , 1.6365547180175781    , 0.3982257843017578     , 1.6365547180175781     ,                6,                1,   0.8333333333333334
      710, C        ,        1, gnnexplainer,             0.9, 0.07263192534446716    , -0.29121118783950806  , -2.596950054168701    , -0.11629685759544373   , 0.1889287829399109    , 0.17491433024406433   , 2.4806531965732574   , 0.3638431131839752    , 2.6695819795131683    , -0.014014452695846558  , 2.2917244136333466     ,                8,                1,   0.875
      710, C        ,        2, gnnexplainer,             0.9, -0.14685508608818054   , 0.11301718652248383   , -2.251577138900757    , 0.3469945788383484     , 0.49384966492652893   , 0.23397739231586456   , 2.5985717177391052   , 0.25987227261066437   , 2.1047220528125763    , -0.25987227261066437   , 2.1047220528125763     ,                8,                1,   0.875
      710, C        ,        3, gnnexplainer,             0.9, -15.248257637023926    , -17.209598541259766   , -11.370898246765137   , -15.769149780273438    , 0.5208921432495117    , 1.4404487609863281    , 4.398251533508301    , 1.9613409042358398    , 3.877359390258789     , 0.9195566177368164     , 3.877359390258789      ,                6,                1,   0.8333333333333334
      710, C        ,        4, gnnexplainer,             0.9, -2.3723719120025635    , -1.078279972076416    , -3.236536741256714    , -2.314819097518921     , 0.05755281448364258   , 1.2365391254425049    , 0.921717643737793    , 1.2940919399261475    , 0.8641648292541504    , 1.1789863109588623     , 0.8641648292541504     ,                8,                1,   0.875
      720, H        ,        0, gnnexplainer,             0.9, -0.030818387866020203  , -0.07790079712867737  , -0.045155059546232224 , -0.03239096701145172   , 0.0015725791454315186 , 0.04550983011722565   , 0.012764092534780502 , 0.047082409262657166  , 0.014336671680212021  , 0.04393725097179413    , 0.011191513389348984   ,                2,                1,   0.5
      720, H        ,        1, gnnexplainer,             0.9, -0.030843473970890045  , -0.027013927698135376 , -0.08575278520584106  , -0.035978708416223526  , 0.005135234445333481  , 0.00896478071808815   , 0.04977407678961754  , 0.003829546272754669  , 0.05490931123495102   , 0.003829546272754669   , 0.04463884234428406    ,                2,                1,   0.5
      720, H        ,        2, gnnexplainer,             0.9, -0.02091902494430542   , -0.03389281779527664  , -0.0582435205578804   , 0.039741404354572296   , 0.060660429298877716  , 0.07363422214984894   , 0.0979849249124527   , 0.012973792850971222  , 0.03732449561357498   , 0.012973792850971222   , 0.03732449561357498    ,                2,                1,   0.5
      720, H        ,        3, gnnexplainer,             0.9, -0.022700466215610504  , -0.03556591272354126  , -0.06688878685235977  , 0.039741404354572296   , 0.0624418705701828    , 0.07530731707811356   , 0.10663019120693207  , 0.012865446507930756  , 0.04418832063674927   , 0.012865446507930756   , 0.04418832063674927    ,                2,                1,   0.5
      720, H        ,        4, gnnexplainer,             0.9, -0.031085029244422913  , -0.039951276034116745 , -0.08685868978500366  , -0.03539096564054489   , 0.004305936396121979  , 0.004560310393571854  , 0.05146772414445877  , 0.008866246789693832  , 0.05577366054058075   , 0.0002543739974498749  , 0.04716178774833679    ,                2,                1,   0.5
      720, H        ,        5, gnnexplainer,             0.9, -0.031113430857658386  , -0.0777890682220459   , -0.04819738492369652  , -0.03443499654531479   , 0.0033215656876564026 , 0.04335407167673111   , 0.013762388378381729 , 0.04667563736438751   , 0.01708395406603813   , 0.04003250598907471    , 0.010440822690725327   ,                2,                1,   0.5
      720, H        ,        6, gnnexplainer,             0.9, -0.02127540111541748   , -0.05481373518705368  , -0.034864187240600586 , 0.04074140638113022    , 0.0620168074965477    , 0.0955551415681839    , 0.0756055936217308   , 0.0335383340716362    , 0.013588786125183105  , 0.0335383340716362     , 0.013588786125183105   ,                2,                1,   0.5
      720, H        ,        7, gnnexplainer,             0.9, -0.030897706747055054  , -0.04596033692359924  , -0.07788784056901932  , -0.035978708416223526  , 0.005081001669168472  , 0.009981628507375717  , 0.04190913215279579  , 0.01506263017654419   , 0.046990133821964264  , 0.004900626838207245   , 0.03682813048362732    ,                2,                1,   0.5
      720, H        ,        8, gnnexplainer,             0.9, -0.03089657425880432   , -0.055171944200992584 , -0.07051078230142593  , -0.033390991389751434  , 0.002494417130947113  , 0.02178095281124115   , 0.0371197909116745   , 0.024275369942188263  , 0.03961420804262161   , 0.019286535680294037   , 0.034625373780727386   ,                2,                1,   0.5
      720, C        ,        0, gnnexplainer,             0.9, 0.033948659896850586   , -0.09770524501800537  , -3.299808979034424    , -0.10624776780605316   , 0.14019642770290375   , 0.00854252278804779   , 3.1935612112283707   , 0.13165390491485596   , 3.3337576389312744    , -0.13165390491485596   , 3.053364783525467      ,                8,                1,   0.875
      720, C        ,        1, gnnexplainer,             0.9, 0.02956150472164154    , 0.044139593839645386  , -3.2794060707092285   , -0.10224776715040207   , 0.1318092718720436    , 0.14638736099004745   , 3.1771583035588264   , 0.014578089118003845  , 3.30896757543087      , 0.014578089118003845   , 3.045349031686783      ,                8,                1,   0.875
      720, C        ,        2, gnnexplainer,             0.9, 0.05101829767227173    , 0.022277668118476868  , -3.4343037605285645   , -0.108247771859169     , 0.15926606953144073   , 0.13052543997764587   , 3.3260559886693954   , 0.02874062955379486   , 3.485322058200836     , -0.02874062955379486   , 3.1667899191379547     ,                8,                1,   0.875
      730, H        ,        0, gnnexplainer,             0.9, -0.035426877439022064  , -0.08281929790973663  , -0.04812800511717796  , -0.0828036293387413    , 0.04737675189971924   , 1.566857099533081e-05 , 0.03467562422156334  , 0.04739242047071457   , 0.012701127678155899  , -0.04736108332872391   , -0.012701127678155899  ,                2,                1,   0.5
      730, H        ,        1, gnnexplainer,             0.9, -0.03928791359066963   , -0.09765982627868652  , -0.048403050750494    , -0.05672350898385048   , 0.017435595393180847  , 0.040936317294836044  , 0.008320458233356476 , 0.05837191268801689   , 0.009115137159824371  , 0.023500721901655197   , -0.009115137159824371  ,                2,                1,   0.5
      730, H        ,        2, gnnexplainer,             0.9, -0.03550073876976967   , -0.07546977698802948  , -0.04771013930439949  , -0.08534755557775497   , 0.049846816807985306  , 0.009877778589725494  , 0.037637416273355484 , 0.03996903821825981   , 0.012209400534629822  , -0.03996903821825981   , -0.012209400534629822  ,                2,                1,   0.5
      730, H        ,        3, gnnexplainer,             0.9, -0.0567883662879467    , -0.0962596908211708   , -0.07630862295627594  , -0.04140743240714073   , 0.01538093388080597   , 0.054852258414030075  , 0.03490119054913521  , 0.039471324533224106  , 0.01952025666832924   , 0.039471324533224106   , 0.01952025666832924    ,                2,                1,   0.5
      730, H        ,        4, gnnexplainer,             0.9, -0.03714349865913391   , -0.0465170294046402   , -0.08717627078294754  , -0.0656544640660286    , 0.028510965406894684  , 0.019137434661388397  , 0.021521806716918945 , 0.009373530745506287  , 0.05003277212381363   , -0.009373530745506287  , -0.0069891586899757385 ,                2,                1,   0.5
      730, H        ,        5, gnnexplainer,             0.9, -0.03714146837592125   , -0.04562469571828842  , -0.0601290687918663   , -0.0651107206940651    , 0.027969252318143845  , 0.019486024975776672  , 0.0049816519021987915, 0.008483227342367172  , 0.022987600415945053  , -0.008483227342367172  , -0.022987600415945053  ,                2,                1,   0.5
      730, H        ,        6, gnnexplainer,             0.9, -0.32388418912887573   , -0.21644377708435059  , -0.2582519054412842   , -0.46070948243141174   , 0.136825293302536     , 0.24426570534706116   , 0.20245757699012756  , 0.10744041204452515   , 0.06563228368759155   , 0.10744041204452515    , 0.06563228368759155    ,                2,                1,   0.5
      730, H        ,        7, gnnexplainer,             0.9, -0.17179745435714722   , -0.1676059365272522   , -0.05516217648983002  , -0.13185574114322662   , 0.03994171321392059   , 0.035750195384025574  , 0.0766935646533966   , 0.0041915178298950195 , 0.1166352778673172    , -0.0041915178298950195 , 0.03675185143947601    ,                2,                1,   0.5
      730, H        ,        8, gnnexplainer,             0.9, -0.22268977761268616   , -0.24286922812461853  , -0.04182868450880051  , -0.24749764800071716   , 0.024807870388031006  , 0.004628419876098633  , 0.20566896349191666  , 0.020179450511932373  , 0.18086109310388565   , -0.020179450511932373  , 0.18086109310388565    ,                2,                1,   0.5
      730, H        ,        9, gnnexplainer,             0.9, -0.22261035442352295   , -0.04726949706673622  , -0.25599077343940735  , -0.2490854412317276    , 0.02647508680820465   , 0.20181594416499138   , 0.0069053322076797485, 0.17534085735678673   , 0.0333804190158844    , 0.17534085735678673    , -0.019569754600524902  ,                2,                1,   0.5
      730, C        ,        0, gnnexplainer,             0.9, -13.518061637878418    , -12.676513671875      , -9.076350212097168    , -15.34196949005127     , 1.8239078521728516    , 2.6654558181762695    , 6.265619277954102    , 0.841547966003418     , 4.44171142578125      , 0.841547966003418      , 4.44171142578125       ,                6,                1,   0.8333333333333334
      730, C        ,        1, gnnexplainer,             0.9, -0.1171511858701706    , -0.13143819570541382  , -2.4596121311187744   , -0.7952368259429932    , 0.6780856400728226    , 0.6637986302375793    , 1.6643753051757812   , 0.014287009835243225  , 2.342460945248604     , -0.014287009835243225  , 0.9862896651029587     ,                8,                1,   0.875
      730, C        ,        2, gnnexplainer,             0.9, 0.009718835353851318   , -0.19957804679870605  , -2.1637990474700928   , -0.42918500304222107   , 0.4389038383960724    , 0.22960695624351501   , 1.7346140444278717   , 0.20929688215255737   , 2.173517882823944     , -0.20929688215255737   , 1.2957102060317993     ,                8,                1,   0.875
      730, C        ,        3, gnnexplainer,             0.9, -1.7342995405197144    , -1.9696441888809204   , -2.3076281547546387   , -2.1860930919647217    , 0.4517935514450073    , 0.21644890308380127   , 0.12153506278991699  , 0.23534464836120605   , 0.5733286142349243    , -0.23534464836120605   , -0.33025848865509033   ,                8,                1,   0.875
      740, H        ,        1, gnnexplainer,             0.9, -0.026137936860322952  , -0.03977736830711365  , -0.061045121401548386 , 0.03481113538146019    , 0.06094907224178314   , 0.07458850368857384   , 0.09585625678300858  , 0.013639431446790695  , 0.03490718454122543   , 0.013639431446790695   , 0.03490718454122543    ,                2,                1,   0.5
      740, H        ,        2, gnnexplainer,             0.9, -0.04452488198876381   , -0.09266112744808197  , -0.054760001599788666 , -0.0694003626704216    , 0.02487548068165779   , 0.02326076477766037   , 0.014640361070632935 , 0.04813624545931816   , 0.010235119611024857  , -0.0016147159039974213 , -0.010235119611024857  ,                2,                1,   0.5
      740, H        ,        3, gnnexplainer,             0.9, -0.04864649474620819   , -0.08767765015363693  , -0.07180871069431305  , -0.03524171933531761   , 0.01340477541089058   , 0.05243593081831932   , 0.03656699135899544  , 0.03903115540742874   , 0.02316221594810486   , 0.03903115540742874    , 0.02316221594810486    ,                2,                1,   0.5
      740, H        ,        4, gnnexplainer,             0.9, -0.044288262724876404  , -0.08724291622638702  , -0.06614074110984802  , -0.06663717329502106   , 0.022348910570144653  , 0.020605742931365967  , 0.0004964321851730347, 0.04295465350151062   , 0.02185247838497162   , -0.0017431676387786865 , -0.02185247838497162   ,                2,                1,   0.5
      740, H        ,        5, gnnexplainer,             0.9, -0.02385552227497101   , -0.013102110475301743 , -0.06551149487495422  , 0.03422334045171738    , 0.058078862726688385  , 0.04732545092701912   , 0.0997348353266716   , 0.010753411799669266  , 0.041655972599983215  , -0.010753411799669266  , 0.041655972599983215   ,                2,                1,   0.5
      740, H        ,        6, gnnexplainer,             0.9, -0.046978406608104706  , -0.04939749464392662  , -0.09367305785417557  , -0.03061004728078842   , 0.016368359327316284  , 0.0187874473631382    , 0.06306301057338715  , 0.0024190880358219147 , 0.04669465124607086   , 0.0024190880358219147  , 0.04669465124607086    ,                2,                1,   0.5
      740, H        ,        9, gnnexplainer,             0.9, -0.04696982726454735   , -0.09063597023487091  , -0.09020936489105225  , -0.11217248439788818   , 0.06520265713334084   , 0.021536514163017273  , 0.021963119506835938 , 0.04366614297032356   , 0.0432395376265049    , -0.04366614297032356   , -0.0432395376265049    ,                2,                1,   0.5
      740, H        ,       10, gnnexplainer,             0.9, -0.046655893325805664  , -0.08362577855587006  , -0.06691159307956696  , -0.10799708962440491   , 0.06134119629859924   , 0.02437131106853485   , 0.04108549654483795  , 0.03696988523006439   , 0.02025569975376129   , -0.03696988523006439   , -0.02025569975376129   ,                2,                1,   0.5
      740, H        ,       11, gnnexplainer,             0.9, -0.03764323145151138   , -0.06374306976795197  , -0.05002985894680023  , 0.028855061158537865   , 0.06649829261004925   , 0.09259813092648983   , 0.0788849201053381   , 0.026099838316440582  , 0.012386627495288849  , 0.026099838316440582   , 0.012386627495288849   ,                2,                1,   0.5
      740, C        ,        0, gnnexplainer,             0.9, 0.018430694937705994   , -0.4076874256134033   , -2.5018274784088135   , 0.41184088587760925    , 0.39341019093990326   , 0.8195283114910126    , 2.9136683642864227   , 0.4261181205511093    , 2.5202581733465195    , 0.4261181205511093     , 2.5202581733465195     ,                8,                1,   0.875
      740, C        ,        1, gnnexplainer,             0.9, 0.007801875472068787   , -0.15007556974887848  , -2.86590576171875     , 0.3751834034919739     , 0.3673815280199051    , 0.5252589732408524    , 3.241089165210724    , 0.15787744522094727   , 2.873707637190819     , 0.15787744522094727    , 2.873707637190819      ,                8,                1,   0.875
      740, C        ,        2, gnnexplainer,             0.9, -0.3508378267288208    , -0.14214012026786804  , -3.2988991737365723   , 0.5169197916984558     , 0.8677576184272766    , 0.6590599119663239    , 3.815818965435028    , 0.20869770646095276   , 2.9480613470077515    , -0.20869770646095276   , 2.9480613470077515     ,                8,                1,   0.875
      750, H        ,        0, gnnexplainer,             0.9, 0.03798817843198776    , 0.020295478403568268  , -0.08667898923158646  , 0.012653836980462074   , 0.025334341451525688  , 0.0076416414231061935 , 0.09933282621204853  , 0.017692700028419495  , 0.12466716766357422   , -0.017692700028419495  , 0.07399848476052284    ,                2,                1,   0.5
      750, H        ,        1, gnnexplainer,             0.9, 0.04782714694738388    , -0.07449351996183395  , 0.027669131755828857  , 0.05693499743938446    , 0.00910785049200058   , 0.13142851740121841   , 0.029265865683555603 , 0.12232066690921783   , 0.020158015191555023  , 0.12232066690921783    , 0.020158015191555023   ,                2,                1,   0.5
      750, H        ,        2, gnnexplainer,             0.9, 0.03197725862264633    , -0.08150671422481537  , -0.0016848444938659668, 0.005504594184458256   , 0.026472664438188076  , 0.08701130840927362   , 0.0071894386783242226, 0.1134839728474617    , 0.0336621031165123    , 0.06053864397108555    , -0.019283225759863853  ,                2,                1,   0.5
      750, H        ,        4, gnnexplainer,             0.9, -0.04084251821041107   , -0.07644771039485931  , -0.043443188071250916 , -0.05818985030055046   , 0.01734733209013939   , 0.018257860094308853  , 0.014746662229299545 , 0.03560519218444824   , 0.0026006698608398438 , 0.0009105280041694641  , -0.0026006698608398438 ,                2,                1,   0.5
      750, H        ,        5, gnnexplainer,             0.9, -0.05701668933033943   , -0.05522814393043518  , -0.09340258687734604  , -0.05391708016395569   , 0.0030996091663837433 , 0.0013110637664794922 , 0.03948550671339035  , 0.001788545399904251  , 0.03638589754700661   , -0.001788545399904251  , 0.03638589754700661    ,                2,                1,   0.5
      750, H        ,        6, gnnexplainer,             0.9, -0.06438229978084564   , -0.09006009995937347  , -0.06664074212312698  , -0.06305703520774841   , 0.001325264573097229  , 0.02700306475162506   , 0.0035837069153785706, 0.025677800178527832  , 0.0022584423422813416 , 0.025677800178527832   , 0.0022584423422813416  ,                2,                1,   0.5
      750, C        ,        0, gnnexplainer,             0.9, 0.374545156955719      , 0.3640732765197754    , -2.9576265811920166   , -0.010089988820254803  , 0.3846351457759738    , 0.3741632653400302    , 2.947536592371762    , 0.010471880435943604  , 3.3321717381477356    , -0.010471880435943604  , 2.562901446595788      ,                8,                1,   0.875
      750, C        ,        1, gnnexplainer,             0.9, -2.2758126258850098    , -2.3898167610168457   , -3.303920030593872    , -2.108027696609497     , 0.1677849292755127    , 0.28178906440734863   , 1.195892333984375    , 0.11400413513183594   , 1.0281074047088623    , 0.11400413513183594    , 1.0281074047088623     ,                8,                1,   0.875
      760, H        ,        0, gnnexplainer,             0.9, 4.727393388748169e-05  , -0.015214789658784866 , -0.0880279466509819   , 0.021837875247001648   , 0.021790601313114166  , 0.037052664905786514  , 0.10986582189798355  , 0.015262063592672348  , 0.08807522058486938   , 0.015262063592672348   , 0.08807522058486938    ,                2,                1,   0.5
      760, H        ,        1, gnnexplainer,             0.9, -0.005665414035320282  , -0.00927378237247467  , -0.09286181628704071  , -0.032697971910238266  , 0.027032557874917984  , 0.023424189537763596  , 0.060163844376802444 , 0.0036083683371543884 , 0.08719640225172043   , -0.0036083683371543884 , 0.03313128650188446    ,                2,                1,   0.5
      760, H        ,        2, gnnexplainer,             0.9, -0.005677040666341782  , -0.09662508964538574  , -0.03267486393451691  , -0.031697869300842285  , 0.026020828634500504  , 0.06492722034454346   , 0.0009769946336746216, 0.09094804897904396   , 0.026997823268175125  , 0.038906391710042953   , -0.025043834000825882  ,                2,                1,   0.5
      760, H        ,        3, gnnexplainer,             0.9, -0.005807690322399139  , -0.09205808490514755  , -0.025670722126960754 , -0.031697869300842285  , 0.025890178978443146  , 0.06036021560430527   , 0.006027147173881531 , 0.08625039458274841   , 0.019863031804561615  , 0.03447003662586212    , -0.019863031804561615  ,                2,                1,   0.5
      760, H        ,        4, gnnexplainer,             0.9, -0.005804672837257385  , -0.004253905266523361 , -0.09559696167707443  , -0.032697971910238266  , 0.02689329907298088   , 0.028444066643714905  , 0.06289898976683617  , 0.001550767570734024  , 0.08979228883981705   , 0.001550767570734024   , 0.036005690693855286   ,                2,                1,   0.5
      760, H        ,        5, gnnexplainer,             0.9, -9.080767631530762e-05 , -0.01907678321003914  , -0.08543568104505539  , 0.02283787541091442    , 0.02292868308722973   , 0.04191465862095356   , 0.10827355645596981  , 0.01898597553372383   , 0.08534487336874008   , 0.01898597553372383    , 0.08534487336874008    ,                2,                1,   0.5
      760, H        ,        6, gnnexplainer,             0.9, -0.0056715309619903564 , -0.0042314715683460236, -0.09437630325555801  , -0.03369797393679619   , 0.028026442974805832  , 0.029466502368450165  , 0.060678329318761826 , 0.0014400593936443329 , 0.08870477229356766   , 0.0014400593936443329  , 0.032651886343955994   ,                2,                1,   0.5
      760, H        ,        7, gnnexplainer,             0.9, -0.005666367709636688  , -0.10124041140079498  , -0.024552464485168457 , -0.032697971910238266  , 0.027031604200601578  , 0.06854243949055672   , 0.008145507425069809 , 0.0955740436911583    , 0.01888609677553177   , 0.04151083528995514    , -0.01888609677553177   ,                2,                1,   0.5
      760, H        ,        8, gnnexplainer,             0.9, 5.183368921279907e-05  , -0.0770830363035202   , -0.013310343027114868 , 0.020793870091438293   , 0.020742036402225494  , 0.0978769063949585    , 0.03410421311855316  , 0.077134869992733     , 0.013362176716327667  , 0.077134869992733      , 0.013362176716327667   ,                2,                1,   0.5
      760, C        ,        0, gnnexplainer,             0.9, 0.250580370426178      , -0.2816222906112671   , -3.3053770065307617   , -0.37623172998428345   , 0.6268121004104614    , 0.09460943937301636   , 2.9291452765464783   , 0.5322026610374451    , 3.5559573769569397    , -0.5322026610374451    , 2.302333176136017      ,                8,                1,   0.875
      760, C        ,        1, gnnexplainer,             0.9, 0.2503671646118164     , 0.05608925223350525   , -3.245119094848633    , -0.36823153495788574   , 0.6185986995697021    , 0.424320787191391     , 2.876887559890747    , 0.19427791237831116   , 3.495486259460449     , -0.19427791237831116   , 2.258288860321045      ,                8,                1,   0.875
      760, C        ,        2, gnnexplainer,             0.9, 0.25308263301849365    , 0.16399548947811127   , -3.3665995597839355   , -0.3672311007976532    , 0.6203137338161469    , 0.5312265902757645    , 2.9993684589862823   , 0.08908714354038239   , 3.619682192802429     , -0.08908714354038239   , 2.3790547251701355     ,                8,                1,   0.875
      770, H        ,        1, gnnexplainer,             0.9, -0.0732889175415039    , -0.08711434155702591  , -0.11349359899759293  , -0.01663626730442047   , 0.056652650237083435  , 0.07047807425260544   , 0.09685733169317245  , 0.013825424015522003  , 0.04020468145608902   , 0.013825424015522003   , 0.04020468145608902    ,                2,                1,   0.5
      770, H        ,        2, gnnexplainer,             0.9, -0.07004798203706741   , -0.12026578187942505  , -0.06946252286434174  , -0.025075281038880348  , 0.044972700998187065  , 0.0951905008405447    , 0.04438724182546139  , 0.050217799842357635  , 0.0005854591727256775 , 0.050217799842357635   , -0.0005854591727256775 ,                2,                1,   0.5
      770, H        ,        3, gnnexplainer,             0.9, -0.06038928031921387   , -0.07419805973768234  , -0.06004204601049423  , -0.007469826843589544  , 0.05291945347562432   , 0.0667282328940928    , 0.05257221916690469  , 0.013808779418468475  , 0.000347234308719635  , 0.013808779418468475   , -0.000347234308719635  ,                2,                1,   0.5
      770, H        ,        4, gnnexplainer,             0.9, -0.04499819129705429   , -0.09312616288661957  , -0.04909161478281021  , -0.06121565401554108   , 0.016217462718486786  , 0.03191050887107849   , 0.012124039232730865 , 0.04812797158956528   , 0.00409342348575592   , 0.015693046152591705   , -0.00409342348575592   ,                2,                1,   0.5
      770, H        ,        5, gnnexplainer,             0.9, -0.042951442301273346  , -0.05969008803367615  , -0.12011618912220001  , -0.06089085713028908   , 0.017939414829015732  , 0.0012007690966129303 , 0.059225331991910934 , 0.0167386457324028    , 0.07716474682092667   , -0.0167386457324028    , 0.0412859171628952     ,                2,                1,   0.5
      770, H        ,        6, gnnexplainer,             0.9, -0.03130123019218445   , -0.106796994805336    , -0.019439104944467545 , -0.062093108892440796  , 0.030791878700256348  , 0.0447038859128952    , 0.04265400394797325  , 0.07549576461315155   , 0.011862125247716904  , 0.013912007212638855   , 0.011862125247716904   ,                2,                1,   0.5
      770, H        ,        7, gnnexplainer,             0.9, -0.03276588022708893   , -0.041184838861227036 , -0.09837818145751953  , -0.03362821787595749   , 0.0008623376488685608 , 0.0075566209852695465 , 0.06474996358156204  , 0.008418958634138107  , 0.0656123012304306    , 0.006694283336400986   , 0.06388762593269348    ,                2,                1,   0.5
      770, H        ,        8, gnnexplainer,             0.9, -0.036026906222105026  , -0.042011842131614685 , -0.11874456703662872  , -0.03030337207019329   , 0.0057235341519117355 , 0.011708470061421394  , 0.08844119496643543  , 0.005984935909509659  , 0.0827176608145237    , 0.005984935909509659   , 0.0827176608145237     ,                2,                1,   0.5
      770, H        ,        9, gnnexplainer,             0.9, -0.04427007585763931   , -0.05278775468468666  , -0.1118156760931015   , -0.00425025774165988   , 0.04001981811597943   , 0.04853749694302678   , 0.10756541835144162  , 0.008517678827047348  , 0.06754560023546219   , 0.008517678827047348   , 0.06754560023546219    ,                2,                1,   0.5
      770, C        ,        0, gnnexplainer,             0.9, -0.9625418782234192    , -1.2137200832366943   , -3.2392659187316895   , -0.08352521806955338   , 0.8790166601538658    , 1.130194865167141     , 3.155740700662136    , 0.25117820501327515   , 2.2767240405082703    , 0.25117820501327515    , 2.2767240405082703     ,                8,                1,   0.875
      770, C        ,        1, gnnexplainer,             0.9, -0.7458785176277161    , -1.0527067184448242   , -2.6811671257019043   , -0.9185637831687927    , 0.17268526554107666   , 0.1341429352760315    , 1.7626033425331116   , 0.30682820081710815   , 1.9352886080741882    , -0.038542330265045166  , 1.589918076992035      ,                8,                1,   0.875
      770, C        ,        2, gnnexplainer,             0.9, -0.7222520709037781    , -1.2639975547790527   , -2.8258020877838135   , -0.7592434883117676    , 0.0369914174079895    , 0.5047540664672852    , 2.066558599472046    , 0.5417454838752747    , 2.1035500168800354    , 0.46776264905929565    , 2.0295671820640564     ,                8,                1,   0.875
      780, H        ,        0, gnnexplainer,             0.9, -0.03424498438835144   , -0.050786420702934265 , -0.07844668626785278  , -0.056654516607522964  , 0.022409532219171524  , 0.005868095904588699  , 0.02179216966032982  , 0.016541436314582825  , 0.04420170187950134   , -0.016541436314582825  , -0.0006173625588417053 ,                2,                1,   0.5
      780, H        ,        1, gnnexplainer,             0.9, -0.032329708337783813  , -0.09281698614358902  , -0.0558285191655159   , -0.05837373062968254   , 0.026044022291898727  , 0.03444325551390648   , 0.0025452114641666412, 0.060487277805805206  , 0.023498810827732086  , 0.008399233222007751   , -0.023498810827732086  ,                2,                1,   0.5
      780, H        ,        2, gnnexplainer,             0.9, -0.03186064958572388   , -0.0530131533741951   , -0.08967182040214539  , -0.03147009387612343   , 0.0003905557096004486 , 0.02154305949807167   , 0.05820172652602196  , 0.021152503788471222  , 0.05781117081642151   , 0.021152503788471222   , 0.05781117081642151    ,                2,                1,   0.5
      780, H        ,        3, gnnexplainer,             0.9, -0.031894534826278687  , -0.09951770305633545  , -0.0437198206782341   , -0.04506674408912659   , 0.0131722092628479    , 0.05445095896720886   , 0.0013469234108924866, 0.06762316823005676   , 0.011825285851955414  , 0.04127874970436096    , -0.011825285851955414  ,                2,                1,   0.5
      780, H        ,        4, gnnexplainer,             0.9, -0.04471692442893982   , -0.11281871795654297  , -0.060612283647060394 , -0.07389127463102341   , 0.029174350202083588  , 0.03892744332551956   , 0.013278990983963013 , 0.06810179352760315   , 0.015895359218120575  , 0.009753093123435974   , -0.015895359218120575  ,                2,                1,   0.5
      780, H        ,        5, gnnexplainer,             0.9, -0.03157210350036621   , -0.042958833277225494 , -0.10332848876714706  , -0.012759707868099213  , 0.018812395632267     , 0.030199125409126282  , 0.09056878089904785  , 0.011386729776859283  , 0.07175638526678085   , 0.011386729776859283   , 0.07175638526678085    ,                2,                1,   0.5
      780, H        ,        6, gnnexplainer,             0.9, -0.11845442652702332   , -0.1339758336544037   , -0.12754900753498077  , -0.141023188829422     , 0.02256876230239868   , 0.0070473551750183105 , 0.013474181294441223 , 0.015521407127380371  , 0.009094581007957458  , -0.015521407127380371  , -0.009094581007957458  ,                2,                1,   0.5
      780, H        ,        7, gnnexplainer,             0.9, -0.11560752242803574   , -0.12182193994522095  , -0.13145816326141357  , -0.0901457667350769    , 0.025461755692958832  , 0.03167617321014404   , 0.04131239652633667  , 0.006214417517185211  , 0.015850640833377838  , 0.006214417517185211   , 0.015850640833377838   ,                2,                1,   0.5
      780, H        ,        8, gnnexplainer,             0.9, -0.01577598601579666   , -0.04213333874940872  , -0.028577283024787903 , -0.004935253411531448  , 0.010840732604265213  , 0.037198085337877274  , 0.023642029613256454 , 0.02635735273361206   , 0.012801297008991241  , 0.02635735273361206    , 0.012801297008991241   ,                2,                1,   0.5
      780, H        ,        9, gnnexplainer,             0.9, -0.026045523583889008  , -0.07518382370471954  , -0.04700712487101555  , -0.037373729050159454  , 0.011328205466270447  , 0.03781009465456009   , 0.009633395820856094 , 0.049138300120830536  , 0.02096160128712654   , 0.026481889188289642   , -0.0016948096454143524 ,                2,                1,   0.5
      780, H        ,       10, gnnexplainer,             0.9, -0.01670726388692856   , -0.020669586956501007 , -0.02941945195198059  , -0.01834755763411522   , 0.0016402937471866608 , 0.002322029322385788  , 0.011071894317865372 , 0.003962323069572449  , 0.012712188065052032  , 0.0006817355751991272  , 0.009431600570678711   ,                2,                1,   0.5
      780, C        ,        0, gnnexplainer,             0.9, -2.245131492614746     , -2.3605852127075195   , -2.771926164627075    , -2.4785163402557373    , 0.2333848476409912    , 0.11793112754821777   , 0.2934098243713379   , 0.11545372009277344   , 0.5267946720123291    , -0.11545372009277344   , 0.06002497673034668    ,                8,                1,   0.875
      780, C        ,        1, gnnexplainer,             0.9, -0.6139510869979858    , -1.2032744884490967   , -2.4504764080047607   , -1.039336919784546     , 0.42538583278656006   , 0.16393756866455078   , 1.4111394882202148   , 0.5893234014511108    , 1.836525321006775     , -0.2614482641220093    , 0.9857536554336548     ,                8,                1,   0.875
      780, C        ,        2, gnnexplainer,             0.9, -0.5631346106529236    , -0.9514585733413696   , -2.1096343994140625   , -1.1567139625549316    , 0.5935793519020081    , 0.205255389213562     , 0.9529204368591309   , 0.38832396268844604   , 1.546499788761139     , -0.38832396268844604   , 0.3593410849571228     ,                8,                1,   0.875
      780, C        ,        3, gnnexplainer,             0.9, -0.17754033207893372   , 0.12474580109119415   , -1.9850413799285889   , -0.23499566316604614   , 0.05745533108711243   , 0.3597414642572403    , 1.7500457167625427   , 0.30228613317012787   , 1.8075010478496552    , 0.30228613317012787    , 1.6925903856754303     ,                8,                1,   0.875
      790, H        ,        0, gnnexplainer,             0.9, -0.1566060185432434    , -0.13993564248085022  , -0.18967744708061218  , -0.19559159874916077   , 0.03898558020591736   , 0.05565595626831055   , 0.005914151668548584 , 0.01667037606239319   , 0.033071428537368774  , 0.01667037606239319    , -0.033071428537368774  ,                2,                1,   0.5
      790, H        ,        1, gnnexplainer,             0.9, -0.3371109962463379    , -0.2915261685848236   , -0.13659045100212097  , -0.36851513385772705   , 0.03140413761138916   , 0.07698896527290344   , 0.23192468285560608  , 0.04558482766151428   , 0.20052054524421692   , 0.04558482766151428    , 0.20052054524421692    ,                2,                1,   0.5
      790, H        ,        2, gnnexplainer,             0.9, -0.33711645007133484   , -0.14595595002174377  , -0.33323293924331665  , -0.36851513385772705   , 0.03139868378639221   , 0.22255918383598328   , 0.0352821946144104   , 0.19116050004959106   , 0.0038835108280181885 , 0.19116050004959106    , 0.0038835108280181885  ,                2,                1,   0.5
      790, H        ,        3, gnnexplainer,             0.9, -0.15660420060157776   , -0.22658905386924744  , -0.16322648525238037  , -0.19459159672260284   , 0.037987396121025085  , 0.03199745714664459   , 0.03136511147022247  , 0.06998485326766968   , 0.006622284650802612  , -0.005989938974380493  , -0.006622284650802612  ,                2,                1,   0.5
      790, C        ,        0, gnnexplainer,             0.9, -10.634777069091797    , -10.836668968200684   , -7.199080944061279    , -10.57038688659668     , 0.06439018249511719   , 0.2662820816040039    , 3.3713059425354004   , 0.20189189910888672   , 3.4356961250305176    , 0.20189189910888672    , 3.306915760040283      ,                6,                1,   0.8333333333333334
      790, C        ,        1, gnnexplainer,             0.9, -9.197672843933105     , -9.782553672790527    , -7.306514263153076    , -8.774187088012695     , 0.42348575592041016   , 1.008366584777832     , 1.4676728248596191   , 0.5848808288574219    , 1.8911585807800293    , 0.5848808288574219     , 1.044187068939209      ,                6,                1,   0.8333333333333334
      790, C        ,        2, gnnexplainer,             0.9, -9.197479248046875     , -8.746983528137207    , -7.211242198944092    , -8.773186683654785     , 0.42429256439208984   , 0.026203155517578125  , 1.5619444847106934   , 0.45049571990966797   , 1.9862370491027832    , -0.3980894088745117    , 1.1376519203186035     ,                6,                1,   0.8333333333333334
      790, C        ,        3, gnnexplainer,             0.9, -10.634745597839355    , -12.430347442626953   , -8.604217529296875    , -10.566387176513672    , 0.0683584213256836    , 1.8639602661132812    , 1.9621696472167969   , 1.7956018447875977    , 2.0305280685424805    , 1.7956018447875977     , 1.8938112258911133     ,                6,                1,   0.8333333333333334
      800, H        ,        0, gnnexplainer,             0.9, -0.04008062183856964   , -0.08433432877063751  , -0.04957139119505882  , -0.00392476050183177   , 0.03615586133673787   , 0.08040956826880574   , 0.04564663069322705  , 0.04425370693206787   , 0.009490769356489182  , 0.04425370693206787    , 0.009490769356489182   ,                2,                1,   0.5
      800, H        ,        1, gnnexplainer,             0.9, -0.06288813054561615   , -0.0931297242641449   , -0.050365597009658813 , -0.06460889428853989   , 0.0017207637429237366 , 0.02852082997560501   , 0.014243297278881073 , 0.030241593718528748  , 0.012522533535957336  , 0.026800066232681274   , 0.012522533535957336   ,                2,                1,   0.5
      800, H        ,        2, gnnexplainer,             0.9, -0.13370493054389954   , -0.14766493439674377  , -0.12847253680229187  , -0.06662619113922119   , 0.06707873940467834   , 0.08103874325752258   , 0.06184634566307068  , 0.013960003852844238  , 0.005232393741607666  , 0.013960003852844238   , -0.005232393741607666  ,                2,                1,   0.5
      800, H        ,        3, gnnexplainer,             0.9, -0.1176520437002182    , -0.11542437225580215  , -0.1293403059244156   , -0.08588121831417084   , 0.03177082538604736   , 0.029543153941631317  , 0.04345908761024475  , 0.002227671444416046  , 0.011688262224197388  , -0.002227671444416046  , 0.011688262224197388   ,                2,                1,   0.5
      800, H        ,        4, gnnexplainer,             0.9, -0.1279604732990265    , -0.1303480565547943   , -0.12498141080141068  , -0.10061817616224289   , 0.0273422971367836    , 0.029729880392551422  , 0.024363234639167786 , 0.0023875832557678223 , 0.002979062497615814  , 0.0023875832557678223  , -0.002979062497615814  ,                2,                1,   0.5
      800, H        ,        5, gnnexplainer,             0.9, -0.12032494693994522   , -0.12426472455263138  , -0.11629089713096619  , -0.15654033422470093   , 0.03621538728475571   , 0.03227560967206955   , 0.04024943709373474  , 0.003939777612686157  , 0.004034049808979034  , -0.003939777612686157  , 0.004034049808979034   ,                2,                1,   0.5
      800, C        ,        0, gnnexplainer,             0.9, -3.4272639751434326    , -3.776857852935791    , -3.2260196208953857   , -4.065162658691406     , 0.6378986835479736    , 0.28830480575561523   , 0.8391430377960205   , 0.3495938777923584    , 0.20124435424804688   , -0.3495938777923584    , 0.20124435424804688    ,                8,                1,   0.875
      800, C        ,        1, gnnexplainer,             0.9, -1.4055085182189941    , -1.8181871175765991   , -2.2915358543395996   , -1.6483420133590698    , 0.24283349514007568   , 0.1698451042175293    , 0.6431938409805298   , 0.412678599357605     , 0.8860273361206055    , -0.07298839092254639   , 0.4003603458404541     ,                8,                1,   0.875
      800, C        ,        2, gnnexplainer,             0.9, -3.5648629665374756    , -3.4725539684295654   , -3.2447073459625244   , -3.949789524078369     , 0.38492655754089355   , 0.4772355556488037    , 0.7050821781158447   , 0.09230899810791016   , 0.32015562057495117   , 0.09230899810791016    , 0.32015562057495117    ,                8,                1,   0.875
      810, H        ,        0, gnnexplainer,             0.9, -0.01645805314183235   , -0.0456400029361248   , -0.031425610184669495 , 0.0017052999464794993  , 0.01816335308831185   , 0.0473453028826043    , 0.033130910131148994 , 0.02918194979429245   , 0.014967557042837143  , 0.02918194979429245    , 0.014967557042837143   ,                2,                1,   0.5
      810, H        ,        1, gnnexplainer,             0.9, -0.016928408294916153  , -0.03375937417149544  , -0.05898671597242355  , -0.051049478352069855  , 0.0341210700571537    , 0.017290104180574417  , 0.007937237620353699 , 0.016830965876579285  , 0.0420583076775074    , -0.016830965876579285  , -0.026183832436800003  ,                2,                1,   0.5
      810, H        ,        2, gnnexplainer,             0.9, -0.016515642404556274  , -0.046802930533885956 , -0.03313611447811127  , -0.004584239795804024  , 0.01193140260875225   , 0.04221869073808193   , 0.028551874682307243 , 0.03028728812932968   , 0.016620472073554993  , 0.03028728812932968    , 0.016620472073554993   ,                2,                1,   0.5
      810, H        ,        3, gnnexplainer,             0.9, -0.07311180979013443   , -0.10080273449420929  , -0.09157122671604156  , -0.08859267830848694   , 0.015480868518352509  , 0.012210056185722351  , 0.0029785484075546265, 0.02769092470407486   , 0.018459416925907135  , -0.0032708123326301575 , -0.012502320110797882  ,                2,                1,   0.5
      810, H        ,        4, gnnexplainer,             0.9, -0.06668403744697571   , -0.11718940734863281  , -0.09152176976203918  , -0.03610100969672203   , 0.030583027750253677  , 0.08108839765191078   , 0.055420760065317154 , 0.050505369901657104  , 0.024837732315063477  , 0.050505369901657104   , 0.024837732315063477   ,                2,                1,   0.5
      810, H        ,        5, gnnexplainer,             0.9, -0.12751621007919312   , -0.18657249212265015  , -0.10926847904920578  , -0.17983891069889069   , 0.05232270061969757   , 0.0067335814237594604 , 0.0705704316496849   , 0.05905628204345703   , 0.018247731029987335  , -0.04558911919593811   , 0.018247731029987335   ,                2,                1,   0.5
      810, H        ,        6, gnnexplainer,             0.9, -0.13160119950771332   , -0.15389373898506165  , -0.13293418288230896  , -0.09926728159189224   , 0.032333917915821075  , 0.0546264573931694    , 0.03366690129041672  , 0.022292539477348328  , 0.001332983374595642  , 0.022292539477348328   , 0.001332983374595642   ,                2,                1,   0.5
      810, C        ,        0, gnnexplainer,             0.9, -0.4026767611503601    , -0.7022551894187927   , -2.3269541263580322   , -0.35611748695373535   , 0.046559274196624756  , 0.3461377024650574    , 1.9708366394042969   , 0.2995784282684326    , 1.9242773652076721    , 0.2995784282684326     , 1.9242773652076721     ,                8,                1,   0.875
      810, C        ,        1, gnnexplainer,             0.9, -1.161831021308899     , -1.118406891822815    , -2.3595407009124756   , -1.2437807321548462    , 0.08194971084594727   , 0.12537384033203125   , 1.1157599687576294   , 0.043424129486083984  , 1.1977096796035767    , 0.043424129486083984   , 1.0338102579116821     ,                8,                1,   0.875
      810, C        ,        2, gnnexplainer,             0.9, -2.8222055435180664    , -3.7118990421295166   , -2.42476749420166     , -3.1748270988464355    , 0.35262155532836914   , 0.537071943283081     , 0.7500596046447754   , 0.8896934986114502    , 0.39743804931640625   , 0.18445038795471191    , 0.39743804931640625    ,                8,                1,   0.875
      820, H        ,        0, gnnexplainer,             0.9, -0.029714003205299377  , -0.04902895539999008  , -0.02799389511346817  , 0.003012357745319605   , 0.03272636095061898   , 0.05204131314530969   , 0.031006252858787775 , 0.019314952194690704  , 0.0017201080918312073 , 0.019314952194690704   , -0.0017201080918312073 ,                2,                1,   0.5
      820, H        ,        1, gnnexplainer,             0.9, -0.04886847734451294   , -0.0643368512392044   , -0.055993515998125076 , -0.0987340658903122    , 0.049865588545799255  , 0.03439721465110779   , 0.04274054989218712  , 0.015468373894691467  , 0.007125038653612137  , -0.015468373894691467  , -0.007125038653612137  ,                2,                1,   0.5
      820, H        ,        2, gnnexplainer,             0.9, -0.049396395683288574  , -0.07116716355085373  , -0.050291337072849274 , -0.08754105120897293   , 0.03814465552568436   , 0.0163738876581192    , 0.03724971413612366  , 0.021770767867565155  , 0.0008949413895606995 , -0.021770767867565155  , -0.0008949413895606995 ,                2,                1,   0.5
      820, H        ,        3, gnnexplainer,             0.9, -0.31523609161376953   , -0.2896682024002075   , -0.11958641558885574  , -0.27846091985702515   , 0.036775171756744385  , 0.011207282543182373  , 0.1588745042681694   , 0.02556788921356201   , 0.1956496760249138    , -0.02556788921356201   , 0.12209933251142502    ,                2,                1,   0.5
      820, H        ,        4, gnnexplainer,             0.9, -0.030459731817245483  , -0.042033009231090546 , -0.05193210393190384  , -0.035943612456321716  , 0.005483880639076233  , 0.006089396774768829  , 0.015988491475582123 , 0.011573277413845062  , 0.021472372114658356  , 0.0006055161356925964  , 0.01050461083650589    ,                2,                1,   0.5
      820, H        ,        5, gnnexplainer,             0.9, -0.053988318890333176  , -0.06529673933982849  , -0.04194202274084091  , -0.054794806987047195  , 0.0008064880967140198 , 0.010501932352781296  , 0.012852784246206284 , 0.011308420449495316  , 0.012046296149492264  , 0.009695444256067276   , 0.012046296149492264   ,                2,                1,   0.5
      820, H        ,        6, gnnexplainer,             0.9, -0.041283395141363144  , -0.04371142387390137  , -0.04798080772161484  , -0.005083596333861351  , 0.03619979880750179   , 0.038627827540040016  , 0.04289721138775349  , 0.0024280287325382233 , 0.006697412580251694  , 0.0024280287325382233  , 0.006697412580251694   ,                2,                1,   0.5
      820, C        ,        0, gnnexplainer,             0.9, -0.7508315443992615    , -1.0996209383010864   , -1.6465579271316528   , -0.6585195064544678    , 0.0923120379447937    , 0.44110143184661865   , 0.9880384206771851   , 0.34878939390182495   , 0.8957263827323914    , 0.34878939390182495    , 0.8957263827323914     ,                8,                1,   0.875
      820, C        ,        1, gnnexplainer,             0.9, -5.107137203216553     , -5.051656246185303    , -2.99666690826416     , -4.582784175872803     , 0.52435302734375      , 0.4688720703125       , 1.5861172676086426   , 0.05548095703125      , 2.1104702949523926    , -0.05548095703125      , 1.0617642402648926     ,                8,                1,   0.875
      820, C        ,        2, gnnexplainer,             0.9, -1.0149331092834473    , -1.2228318452835083   , -2.4978580474853516   , -1.1788182258605957    , 0.16388511657714844   , 0.0440136194229126    , 1.3190398216247559   , 0.20789873600006104   , 1.4829249382019043    , -0.11987149715423584   , 1.1551547050476074     ,                8,                1,   0.875
      830, H        ,        0, gnnexplainer,             0.9, -0.05090108886361122   , -0.06125010550022125  , -0.08820904046297073  , -0.042531080543994904  , 0.008370008319616318  , 0.01871902495622635   , 0.04567795991897583  , 0.010349016636610031  , 0.03730795159935951   , 0.010349016636610031   , 0.03730795159935951    ,                2,                1,   0.5
      830, H        ,        1, gnnexplainer,             0.9, -0.04001126438379288   , -0.05612654611468315  , -0.06182101368904114  , -0.0557594932615757    , 0.01574822887778282   , 0.0003670528531074524 , 0.006061520427465439 , 0.016115281730890274  , 0.02180974930524826   , -0.01538117602467537   , -0.009686708450317383  ,                2,                1,   0.5
      830, H        ,        2, gnnexplainer,             0.9, -0.06224847212433815   , -0.12920299172401428  , -0.07211852073669434  , -0.041714537888765335  , 0.020533934235572815  , 0.08748845383524895   , 0.030403982847929    , 0.06695451959967613   , 0.009870048612356186  , 0.06695451959967613    , 0.009870048612356186   ,                2,                1,   0.5
      830, H        ,        3, gnnexplainer,             0.9, -0.06268128752708435   , -0.07845596969127655  , -0.11826851963996887  , -0.09828542917966843   , 0.035604141652584076  , 0.019829459488391876  , 0.019983090460300446 , 0.0157746821641922    , 0.05558723211288452   , -0.0157746821641922    , -0.01562105119228363   ,                2,                1,   0.5
      830, H        ,        4, gnnexplainer,             0.9, -0.06445484608411789   , -0.06155284121632576  , -0.13247323036193848  , -0.01999492011964321   , 0.04445992596447468   , 0.04155792109668255   , 0.11247831024229527  , 0.0029020048677921295 , 0.06801838427782059   , -0.0029020048677921295 , 0.06801838427782059    ,                2,                1,   0.5
      830, H        ,        5, gnnexplainer,             0.9, -0.05990423634648323   , -0.10928650200366974  , -0.07734265923500061  , -0.05457375571131706   , 0.005330480635166168  , 0.054712746292352676  , 0.022768903523683548 , 0.04938226565718651   , 0.01743842288851738   , 0.04938226565718651    , 0.01743842288851738    ,                2,                1,   0.5
      830, H        ,        6, gnnexplainer,             0.9, -0.05964216589927673   , -0.07204174250364304  , -0.088222436606884    , -0.1007235050201416    , 0.04108133912086487   , 0.028681762516498566  , 0.012501068413257599 , 0.012399576604366302  , 0.02858027070760727   , -0.012399576604366302  , -0.02858027070760727   ,                2,                1,   0.5
      830, C        ,        0, gnnexplainer,             0.9, -1.7842061519622803    , -2.542482852935791    , -2.896385908126831    , -1.9674350023269653    , 0.18322885036468506   , 0.5750478506088257    , 0.9289509057998657   , 0.7582767009735107    , 1.1121797561645508    , 0.3918190002441406     , 0.7457220554351807     ,                8,                1,   0.875
      830, C        ,        1, gnnexplainer,             0.9, -1.786185622215271     , -1.890580177307129    , -2.7465639114379883   , -2.238614559173584     , 0.452428936958313     , 0.3480343818664551    , 0.5079493522644043   , 0.10439455509185791   , 0.9603782892227173    , -0.10439455509185791   , 0.05552041530609131    ,                8,                1,   0.875
      830, C        ,        2, gnnexplainer,             0.9, -3.4910733699798584    , -3.7259089946746826   , -3.585341215133667    , -3.8502185344696045    , 0.3591451644897461    , 0.12430953979492188   , 0.2648773193359375   , 0.23483562469482422   , 0.0942678451538086    , -0.23483562469482422   , -0.0942678451538086    ,                8,                1,   0.875
      840, H        ,        0, gnnexplainer,             0.9, -0.23221775889396667   , -0.15202294290065765  , -0.18195658922195435  , -0.11911804229021072   , 0.11309971660375595   , 0.03290490061044693   , 0.06283854693174362  , 0.08019481599330902   , 0.05026116967201233   , -0.08019481599330902   , -0.05026116967201233   ,                2,                1,   0.5
      840, H        ,        1, gnnexplainer,             0.9, -0.233944833278656     , -0.12144442647695541  , -0.24719062447547913  , -0.1911974847316742    , 0.04274734854698181   , 0.06975305825471878   , 0.05599313974380493  , 0.11250040680170059   , 0.01324579119682312   , 0.02700570970773697    , 0.01324579119682312    ,                2,                1,   0.5
      840, H        ,        2, gnnexplainer,             0.9, -0.22122281789779663   , -0.1435069739818573   , -0.21860730648040771  , -0.13553033769130707   , 0.08569248020648956   , 0.007976636290550232  , 0.08307696878910065  , 0.07771584391593933   , 0.002615511417388916  , -0.07771584391593933   , -0.002615511417388916  ,                2,                1,   0.5
      840, H        ,        3, gnnexplainer,             0.9, -0.2379944920539856    , -0.1070951372385025   , -0.2652450203895569   , -0.20381151139736176   , 0.03418298065662384   , 0.09671637415885925   , 0.06143350899219513  , 0.1308993548154831    , 0.02725052833557129   , 0.06253339350223541    , 0.02725052833557129    ,                2,                1,   0.5
      840, H        ,        4, gnnexplainer,             0.9, -0.2333136796951294    , -0.1294509768486023   , -0.25118598341941833  , -0.18588173389434814   , 0.04743194580078125   , 0.05643075704574585   , 0.06530424952507019  , 0.1038627028465271    , 0.01787230372428894   , 0.0089988112449646     , 0.01787230372428894    ,                2,                1,   0.5
      840, C        ,        0, gnnexplainer,             0.9, -7.870670795440674     , -5.040236473083496    , -6.3867506980896      , -7.24313497543335      , 0.6275358200073242    , 2.2028985023498535    , 0.85638427734375     , 2.8304343223571777    , 1.4839200973510742    , 1.5753626823425293     , 0.22884845733642578    ,                6,                1,   0.8333333333333334
      840, C        ,        1, gnnexplainer,             0.9, -8.116994857788086     , -8.428130149841309    , -7.033924579620361    , -8.200384140014648     , 0.0833892822265625    , 0.22774600982666016   , 1.166459560394287    , 0.31113529205322266   , 1.0830702781677246    , 0.14435672760009766    , 1.0830702781677246     ,                6,                1,   0.8333333333333334
      840, C        ,        2, gnnexplainer,             0.9, -7.5919365882873535    , -7.545413970947266    , -6.737564563751221    , -7.147254943847656     , 0.44468164443969727   , 0.3981590270996094    , 0.40969038009643555  , 0.04652261734008789   , 0.8543720245361328    , -0.04652261734008789   , -0.03499126434326172   ,                6,                1,   0.8333333333333334
      840, C        ,        3, gnnexplainer,             0.9, -8.119890213012695     , -8.458224296569824    , -5.460371494293213    , -8.205798149108887     , 0.0859079360961914    , 0.2524261474609375    , 2.745426654815674    , 0.3383340835571289    , 2.6595187187194824    , 0.1665182113647461     , 2.6595187187194824     ,                6,                1,   0.8333333333333334
      840, C        ,        4, gnnexplainer,             0.9, -7.902196407318115     , -8.08719253540039     , -5.852509021759033    , -7.484918117523193     , 0.4172782897949219    , 0.6022744178771973    , 1.6324090957641602   , 0.1849961280822754    , 2.049687385559082     , 0.1849961280822754     , 1.2151308059692383     ,                6,                1,   0.8333333333333334
      840, C        ,        5, gnnexplainer,             0.9, -7.574882507324219     , -7.134248733520508    , -6.394485950469971    , -9.38199234008789      , 1.8071098327636719    , 2.247743606567383     , 2.98750638961792     , 0.44063377380371094   , 1.180396556854248     , 0.44063377380371094    , 1.180396556854248      ,                6,                1,   0.8333333333333334
      850, H        ,        0, gnnexplainer,             0.9, -0.09305834770202637   , -0.12442569434642792  , -0.08285211026668549  , -0.0937066376209259    , 0.0006482899188995361 , 0.030719056725502014  , 0.010854527354240417 , 0.03136734664440155   , 0.010206237435340881  , 0.030070766806602478   , 0.010206237435340881   ,                2,                1,   0.5
      850, H        ,        1, gnnexplainer,             0.9, -0.11718978732824326   , -0.12757277488708496  , -0.12716150283813477  , -0.12615437805652618   , 0.008964590728282928  , 0.0014183968305587769 , 0.0010071247816085815, 0.010382987558841705  , 0.00997171550989151   , -0.007546193897724152  , -0.007957465946674347  ,                2,                1,   0.5
      850, H        ,        2, gnnexplainer,             0.9, -0.09304233640432358   , -0.07862918078899384  , -0.10458990931510925  , -0.0937066376209259    , 0.0006643012166023254 , 0.015077456831932068  , 0.01088327169418335  , 0.014413155615329742  , 0.011547572910785675  , 0.014413155615329742   , 0.010218970477581024   ,                2,                1,   0.5
      850, H        ,        3, gnnexplainer,             0.9, -0.11714059859514236   , -0.1440993845462799   , -0.12219536304473877  , -0.1271982640028       , 0.010057665407657623  , 0.01690112054347992   , 0.005002900958061218 , 0.026958785951137543  , 0.005054764449596405  , 0.006843455135822296   , -0.005054764449596405  ,                2,                1,   0.5
      850, H        ,        4, gnnexplainer,             0.9, -0.07356497645378113   , -0.08049989491701126  , -0.10872262716293335  , -0.03950480371713638   , 0.034060172736644745  , 0.04099509119987488   , 0.06921782344579697  , 0.006934918463230133  , 0.03515765070915222   , 0.006934918463230133   , 0.03515765070915222    ,                2,                1,   0.5
      850, H        ,        5, gnnexplainer,             0.9, -0.07058652490377426   , -0.07665705680847168  , -0.0867321714758873   , -0.08933819830417633   , 0.01875167340040207   , 0.012681141495704651  , 0.002606026828289032 , 0.006070531904697418  , 0.016145646572113037  , -0.006070531904697418  , -0.016145646572113037  ,                2,                1,   0.5
      850, H        ,        6, gnnexplainer,             0.9, -0.07058120518922806   , -0.07919061183929443  , -0.06945532560348511  , -0.09088212251663208   , 0.020300917327404022  , 0.011691510677337646  , 0.021426796913146973 , 0.008609406650066376  , 0.0011258795857429504 , -0.008609406650066376  , 0.0011258795857429504  ,                2,                1,   0.5
      850, H        ,        7, gnnexplainer,             0.9, -0.07355833798646927   , -0.08726760745048523  , -0.06926222145557404  , -0.04050480201840401   , 0.03305353596806526   , 0.04676280543208122   , 0.02875741943717003  , 0.01370926946401596   , 0.004296116530895233  , 0.01370926946401596    , -0.004296116530895233  ,                2,                1,   0.5
      850, C        ,        0, gnnexplainer,             0.9, -2.4203362464904785    , -3.0573713779449463   , -2.559965133666992    , -2.4804482460021973    , 0.06011199951171875   , 0.576923131942749     , 0.07951688766479492  , 0.6370351314544678    , 0.13962888717651367   , 0.5168111324310303     , 0.019404888153076172   ,                8,                1,   0.875
      850, C        ,        1, gnnexplainer,             0.9, -1.7363786697387695    , -1.630755066871643    , -2.592360496520996    , -2.0469255447387695    , 0.310546875           , 0.41617047786712646   , 0.5454349517822266   , 0.10562360286712646   , 0.8559818267822266    , 0.10562360286712646    , 0.23488807678222656    ,                8,                1,   0.875
      850, C        ,        2, gnnexplainer,             0.9, -1.735222578048706     , -1.8090318441390991   , -2.5284202098846436   , -2.044881820678711     , 0.3096592426300049    , 0.23584997653961182   , 0.4835383892059326   , 0.07380926609039307   , 0.7931976318359375    , -0.07380926609039307   , 0.17387914657592773    ,                8,                1,   0.875
      850, C        ,        3, gnnexplainer,             0.9, -2.4205479621887207    , -2.812932014465332    , -3.1377904415130615   , -2.5094480514526367    , 0.08890008926391602   , 0.3034839630126953    , 0.6283423900604248   , 0.39238405227661133   , 0.7172424793243408    , 0.2145838737487793     , 0.5394423007965088     ,                8,                1,   0.875
      860, H        ,        0, gnnexplainer,             0.9, -0.05994417518377304   , -0.11245033144950867  , -0.06403102725744247  , -0.029250698164105415  , 0.030693477019667625  , 0.08319963328540325   , 0.03478032909333706  , 0.052506156265735626  , 0.004086852073669434  , 0.052506156265735626   , 0.004086852073669434   ,                2,                1,   0.5
      860, H        ,        1, gnnexplainer,             0.9, -0.0608404204249382    , -0.07712170481681824  , -0.10440012067556381  , -0.11045248061418533   , 0.04961206018924713   , 0.033330775797367096  , 0.006052359938621521 , 0.016281284391880035  , 0.04355970025062561   , -0.016281284391880035  , -0.04355970025062561   ,                2,                1,   0.5
      860, H        ,        2, gnnexplainer,             0.9, -0.13180316984653473   , -0.11375931650400162  , -0.13915371894836426  , -0.16006632149219513   , 0.0282631516456604    , 0.04630700498819351   , 0.02091260254383087  , 0.01804385334253311   , 0.007350549101829529  , 0.01804385334253311    , -0.007350549101829529  ,                2,                1,   0.5
      860, H        ,        3, gnnexplainer,             0.9, -0.1155354380607605    , -0.12291610240936279  , -0.10139720141887665  , -0.09367170184850693   , 0.02186373621225357   , 0.029244400560855865  , 0.0077254995703697205, 0.007380664348602295  , 0.01413823664188385   , 0.007380664348602295   , -0.01413823664188385   ,                2,                1,   0.5
      860, H        ,        4, gnnexplainer,             0.9, -0.11464446783065796   , -0.12884443998336792  , -0.18012802302837372  , -0.1239691823720932    , 0.009324714541435242  , 0.004875257611274719  , 0.05615884065628052  , 0.014199972152709961  , 0.06548355519771576   , -0.0044494569301605225 , 0.046834126114845276   ,                2,                1,   0.5
      860, H        ,        5, gnnexplainer,             0.9, -0.10237365961074829   , -0.13247090578079224  , -0.11285802721977234  , -0.12439107894897461   , 0.02201741933822632   , 0.008079826831817627  , 0.01153305172920227  , 0.030097246170043945  , 0.010484367609024048  , -0.013937592506408691  , -0.010484367609024048  ,                2,                1,   0.5
      860, H        ,        6, gnnexplainer,             0.9, -0.020093884319067     , -0.02831771969795227  , -0.06349772959947586  , -0.02909271791577339   , 0.00899883359670639   , 0.0007749982178211212 , 0.03440501168370247  , 0.00822383537888527   , 0.04340384528040886   , -0.00822383537888527   , 0.02540617808699608    ,                2,                1,   0.5
      860, H        ,        7, gnnexplainer,             0.9, -0.016619041562080383  , -0.030860207974910736 , -0.049763865768909454 , -0.01250502374023199   , 0.0041140178218483925 , 0.018355184234678745  , 0.037258842028677464 , 0.014241166412830353  , 0.03314482420682907   , 0.014241166412830353   , 0.03314482420682907    ,                2,                1,   0.5
      860, H        ,        8, gnnexplainer,             0.9, -0.05660799518227577   , -0.09397517144680023  , -0.07868446409702301  , -0.10453114658594131   , 0.04792315140366554   , 0.010555975139141083  , 0.025846682488918304 , 0.03736717626452446   , 0.022076468914747238  , -0.03736717626452446   , -0.022076468914747238  ,                2,                1,   0.5
      860, C        ,        0, gnnexplainer,             0.9, -4.584624767303467     , -4.558925151824951    , -4.451572895050049    , -5.240227222442627     , 0.6556024551391602    , 0.6813020706176758    , 0.7886543273925781   , 0.025699615478515625  , 0.13305187225341797   , 0.025699615478515625   , 0.13305187225341797    ,                8,                1,   0.875
      860, C        ,        1, gnnexplainer,             0.9, -2.8677186965942383    , -2.6011269092559814   , -2.865809679031372    , -2.7840986251831055    , 0.08362007141113281   , 0.18297171592712402   , 0.0817110538482666   , 0.26659178733825684   , 0.001909017562866211  , 0.09935164451599121    , -0.001909017562866211  ,                8,                1,   0.875
      860, C        ,        2, gnnexplainer,             0.9, -3.1105546951293945    , -3.323063373565674    , -3.177067279815674    , -3.243563175201416     , 0.13300848007202148   , 0.07950019836425781   , 0.06649589538574219  , 0.2125086784362793    , 0.0665125846862793    , -0.05350828170776367   , -0.0665125846862793    ,                8,                1,   0.875
      860, C        ,        3, gnnexplainer,             0.9, -1.7109287977218628    , -1.177111268043518    , -2.2075743675231934   , -1.6472264528274536    , 0.06370234489440918   , 0.47011518478393555   , 0.5603479146957397   , 0.5338175296783447    , 0.49664556980133057   , 0.40641283988952637    , 0.49664556980133057    ,                8,                1,   0.875
      870, H        ,        0, gnnexplainer,             0.9, -0.18764856457710266   , -0.19422507286071777  , -0.2098020613193512   , -0.26033154129981995   , 0.07268297672271729   , 0.06610646843910217   , 0.05052947998046875  , 0.006576508283615112  , 0.022153496742248535  , -0.006576508283615112  , -0.022153496742248535  ,                2,                1,   0.5
      870, C        ,        0, gnnexplainer,             0.9, -12.882357597351074    , -12.946041107177734   , -9.739072799682617    , -14.859903335571289    , 1.9775457382202148    , 1.9138622283935547    , 5.120830535888672    , 0.06368350982666016   , 3.143284797668457     , -0.06368350982666016   , 3.143284797668457      ,                8,                1,   0.875
      880, H        ,        0, gnnexplainer,             0.9, -0.21155187487602234   , -0.2073458731174469   , -0.12440857291221619  , -0.23855718970298767   , 0.027005314826965332  , 0.03121131658554077   , 0.11414861679077148  , 0.0042060017585754395 , 0.08714330196380615   , 0.0042060017585754395  , 0.08714330196380615    ,                2,                1,   0.5
      880, H        ,        1, gnnexplainer,             0.9, -0.21241360902786255   , -0.24158722162246704  , -0.11424650251865387  , -0.26826804876327515   , 0.0558544397354126    , 0.026680827140808105  , 0.15402154624462128  , 0.029173612594604492  , 0.09816710650920868   , -0.029173612594604492  , 0.09816710650920868    ,                2,                1,   0.5
      880, H        ,        2, gnnexplainer,             0.9, -0.21155494451522827   , -0.11874125152826309  , -0.19743260741233826  , -0.23855718970298767   , 0.0270022451877594    , 0.11981593817472458   , 0.041124582290649414 , 0.09281369298696518   , 0.014122337102890015  , 0.09281369298696518    , 0.014122337102890015   ,                2,                1,   0.5
      880, H        ,        3, gnnexplainer,             0.9, -0.21241816878318787   , -0.1190803125500679   , -0.22241592407226562  , -0.26826804876327515   , 0.05584987998008728   , 0.14918773621320724   , 0.04585212469100952  , 0.09333785623311996   , 0.009997755289077759  , 0.09333785623311996    , -0.009997755289077759  ,                2,                1,   0.5
      880, C        ,        0, gnnexplainer,             0.9, -4.905505657196045     , -5.057986736297607    , -3.860666275024414    , -5.532802104949951     , 0.6272964477539062    , 0.47481536865234375   , 1.672135829925537    , 0.1524810791015625    , 1.0448393821716309    , -0.1524810791015625    , 1.0448393821716309     ,                8,                1,   0.875
      880, C        ,        1, gnnexplainer,             0.9, -4.905829906463623     , -4.8175859451293945   , -3.7906675338745117   , -5.532802104949951     , 0.6269721984863281    , 0.7152161598205566    , 1.7421345710754395   , 0.08824396133422852   , 1.1151623725891113    , 0.08824396133422852    , 1.1151623725891113     ,                8,                1,   0.875
      890, H        ,        0, gnnexplainer,             0.9, -0.35190799832344055   , -0.17946484684944153  , -0.36458471417427063  , -0.4185471832752228    , 0.06663918495178223   , 0.23908233642578125   , 0.05396246910095215  , 0.17244315147399902   , 0.012676715850830078  , 0.17244315147399902    , -0.012676715850830078  ,                2,                1,   0.5
      890, H        ,        1, gnnexplainer,             0.9, -0.02108565717935562   , -0.044579919427633286 , -0.014876686036586761 , 0.00025937226018868387 , 0.021345029439544305  , 0.04483929168782197   , 0.015136058296775445 , 0.023494262248277664  , 0.00620897114276886   , 0.023494262248277664   , -0.00620897114276886   ,                2,                1,   0.5
      890, H        ,        2, gnnexplainer,             0.9, -0.021085664629936218  , -0.015498220920562744 , -0.046625204384326935 , 0.0012593722203746438  , 0.022345036850310862  , 0.016757593140937388  , 0.04788457660470158  , 0.005587443709373474  , 0.025539539754390717  , -0.005587443709373474  , 0.025539539754390717   ,                2,                1,   0.5
      890, H        ,        3, gnnexplainer,             0.9, -0.038662128150463104  , -0.07812811434268951  , -0.04681908339262009  , -0.07812710106372833   , 0.03946497291326523   , 1.0132789611816406e-06, 0.031308017671108246 , 0.03946598619222641   , 0.008156955242156982  , -0.03946395963430405   , -0.008156955242156982  ,                2,                1,   0.5
      890, C        ,        0, gnnexplainer,             0.9, -11.069295883178711    , -11.46158218383789    , -5.709433555603027    , -12.233343124389648    , 1.1640472412109375    , 0.7717609405517578    , 6.523909568786621    , 0.3922863006591797    , 5.359862327575684     , -0.3922863006591797    , 5.359862327575684      ,                8,                1,   0.875
      890, C        ,        1, gnnexplainer,             0.9, -0.8538639545440674    , -0.9300533533096313   , -2.5692458152770996   , -0.9634795188903809    , 0.10961556434631348   , 0.03342616558074951   , 1.6057662963867188   , 0.07618939876556396   , 1.7153818607330322    , -0.07618939876556396   , 1.4961507320404053     ,                8,                1,   0.875
      900, H        ,        0, gnnexplainer,             0.9, -0.23734065890312195   , -0.13913573324680328  , -0.24574804306030273  , -0.23693415522575378   , 0.00040650367736816406, 0.0977984219789505    , 0.00881388783454895  , 0.09820492565631866   , 0.008407384157180786  , 0.09739191830158234    , 0.008407384157180786   ,                2,                1,   0.5
      900, H        ,        1, gnnexplainer,             0.9, -0.23688927292823792   , -0.24165856838226318  , -0.12656959891319275  , -0.2758202850818634    , 0.03893101215362549   , 0.03416171669960022   , 0.14925068616867065  , 0.0047692954540252686 , 0.11031967401504517   , -0.0047692954540252686 , 0.11031967401504517    ,                2,                1,   0.5
      900, H        ,        2, gnnexplainer,             0.9, -0.37867453694343567   , -0.2861086428165436   , -0.13049782812595367  , -0.40071579813957214   , 0.022041261196136475  , 0.11460715532302856   , 0.27021797001361847  , 0.09256589412689209   , 0.248176708817482     , 0.09256589412689209    , 0.248176708817482      ,                2,                1,   0.5
      900, H        ,        3, gnnexplainer,             0.9, -0.4016248881816864    , -0.1356537938117981   , -0.3647112250328064   , -0.41469818353652954   , 0.01307329535484314   , 0.27904438972473145   , 0.049986958503723145 , 0.2659710943698883    , 0.036913663148880005  , 0.2659710943698883     , 0.036913663148880005   ,                2,                1,   0.5
      900, H        ,        4, gnnexplainer,             0.9, -0.38052332401275635   , -0.35500362515449524  , -0.13994482159614563  , -0.46154922246932983   , 0.08102589845657349   , 0.1065455973148346    , 0.3216044008731842   , 0.02551969885826111   , 0.24057850241661072   , 0.02551969885826111    , 0.24057850241661072    ,                2,                1,   0.5
      900, C        ,        0, gnnexplainer,             0.9, -12.715232849121094    , -11.155051231384277   , -7.164455890655518    , -13.110637664794922    , 0.3954048156738281    , 1.9555864334106445    , 5.946181774139404    , 1.5601816177368164    , 5.550776958465576     , 1.5601816177368164     , 5.550776958465576      ,                6,                1,   0.8333333333333334
      900, C        ,        1, gnnexplainer,             0.9, -12.514914512634277    , -11.84827995300293    , -10.270261764526367   , -12.389410972595215    , 0.1255035400390625    , 0.5411310195922852    , 2.1191492080688477   , 0.6666345596313477    , 2.24465274810791      , 0.41562747955322266    , 1.9936456680297852     ,                6,                1,   0.8333333333333334
      900, C        ,        2, gnnexplainer,             0.9, -6.116671085357666     , -5.925200462341309    , -3.627176523208618    , -6.054717063903809     , 0.06195402145385742   , 0.1295166015625       , 2.4275405406951904   , 0.19147062301635742   , 2.489494562149048     , 0.06756258010864258    , 2.365586519241333      ,                8,                1,   0.875
      910, H        ,        0, gnnexplainer,             0.9, -0.16885484755039215   , -0.16729556024074554  , -0.024509519338607788 , -0.16111931204795837   , 0.007735535502433777  , 0.00617624819278717   , 0.13660979270935059  , 0.0015592873096466064 , 0.14434532821178436   , -0.0015592873096466064 , 0.1288742572069168     ,                2,                1,   0.5
      910, H        ,        1, gnnexplainer,             0.9, -0.1363462209701538    , -0.13374969363212585  , -0.022056423127651215 , -0.10531982034444809   , 0.03102640062570572   , 0.028429873287677765  , 0.08326339721679688  , 0.002596527338027954  , 0.1142897978425026    , -0.002596527338027954  , 0.052236996591091156   ,                2,                1,   0.5
      910, H        ,        2, gnnexplainer,             0.9, -0.16885198652744293   , -0.17176127433776855  , -0.020425617694854736 , -0.16216327250003815   , 0.006688714027404785  , 0.009598001837730408  , 0.1417376548051834   , 0.0029092878103256226 , 0.1484263688325882    , 0.0029092878103256226  , 0.13504894077777863    ,                2,                1,   0.5
      910, H        ,        3, gnnexplainer,             0.9, -0.3977031707763672    , -0.3462280333042145   , -0.1286868453025818   , -0.417776495218277     , 0.02007332444190979   , 0.0715484619140625    , 0.2890896499156952   , 0.05147513747215271   , 0.2690163254737854    , 0.05147513747215271    , 0.2690163254737854     ,                2,                1,   0.5
      910, H        ,        4, gnnexplainer,             0.9, -0.2610219419002533    , -0.2004481852054596   , -0.2666553556919098   , -0.28138047456741333   , 0.020358532667160034  , 0.08093228936195374   , 0.01472511887550354  , 0.0605737566947937    , 0.005633413791656494  , 0.0605737566947937     , -0.005633413791656494  ,                2,                1,   0.5
      910, C        ,        0, gnnexplainer,             0.9, -1.60006844997406      , -1.9965418577194214   , -2.4938783645629883   , -1.5980899333953857    , 0.0019785165786743164 , 0.39845192432403564   , 0.8957884311676025   , 0.39647340774536133   , 0.8938099145889282    , 0.39647340774536133    , 0.8938099145889282     ,                8,                1,   0.875
      910, C        ,        1, gnnexplainer,             0.9, -13.066161155700684    , -11.091862678527832   , -6.609685897827148    , -13.050590515136719    , 0.015570640563964844  , 1.9587278366088867    , 6.44090461730957     , 1.9742984771728516    , 6.456475257873535     , 1.9431571960449219     , 6.4253339767456055     ,                6,                1,   0.8333333333333334
      910, C        ,        2, gnnexplainer,             0.9, -11.957037925720215    , -11.818924903869629   , -7.734279155731201    , -12.2492036819458      , 0.29216575622558594   , 0.4302787780761719    , 4.5149245262146      , 0.13811302185058594   , 4.222758769989014     , 0.13811302185058594    , 4.222758769989014      ,                6,                1,   0.8333333333333334
      920, H        ,        0, gnnexplainer,             0.9, -0.010900169610977173  , -0.018787726759910583 , -0.02401050180196762  , -0.02646115981042385   , 0.015560990199446678  , 0.0076734330505132675 , 0.00245065800845623  , 0.00788755714893341   , 0.013110332190990448  , -0.00788755714893341   , -0.013110332190990448  ,                2,                1,   0.5
      920, H        ,        1, gnnexplainer,             0.9, -0.010878454893827438  , -0.03195156157016754  , -0.0527225024998188   , -0.027461189776659012  , 0.016582734882831573  , 0.00449037179350853   , 0.02526131272315979  , 0.021073106676340103  , 0.041844047605991364  , -0.012092363089323044  , 0.008678577840328217   ,                2,                1,   0.5
      920, H        ,        2, gnnexplainer,             0.9, -0.0056606680154800415 , -0.037408508360385895 , -0.01801547408103943  , 0.04227575287222862    , 0.047936420887708664  , 0.07968426123261452   , 0.06029122695326805  , 0.03174784034490585   , 0.012354806065559387  , 0.03174784034490585    , 0.012354806065559387   ,                2,                1,   0.5
      920, H        ,        3, gnnexplainer,             0.9, -0.1473551094532013    , -0.1647891104221344   , -0.11996541917324066  , -0.1532231569290161    , 0.005868047475814819  , 0.011565953493118286  , 0.03325773775577545  , 0.017434000968933105  , 0.027389690279960632  , 0.005697906017303467   , 0.027389690279960632   ,                2,                1,   0.5
      920, H        ,        4, gnnexplainer,             0.9, -0.1474318951368332    , -0.10031165927648544  , -0.15575391054153442  , -0.15263541042804718   , 0.005203515291213989  , 0.05232375115156174   , 0.0031185001134872437, 0.04712023586034775   , 0.008322015404701233  , 0.04712023586034775    , -0.0020850151777267456 ,                2,                1,   0.5
      920, C        ,        0, gnnexplainer,             0.9, -0.013007238507270813  , -0.3580459952354431   , -1.6520942449569702   , -0.21122358739376068   , 0.19821634888648987   , 0.14682240784168243   , 1.4408706575632095   , 0.3450387567281723    , 1.6390870064496994    , -0.051393941044807434  , 1.2426543086767197     ,                8,                1,   0.875
      920, C        ,        1, gnnexplainer,             0.9, -2.8118417263031006    , -3.139779806137085    , -2.4616661071777344   , -2.92391037940979      , 0.11206865310668945   , 0.21586942672729492   , 0.46224427223205566  , 0.3279380798339844    , 0.3501756191253662    , 0.10380077362060547    , 0.3501756191253662     ,                8,                1,   0.875
      920, C        ,        2, gnnexplainer,             0.9, -11.745789527893066    , -12.664090156555176   , -10.222456932067871   , -13.146695137023926    , 1.4009056091308594    , 0.48260498046875      , 2.9242382049560547   , 0.9183006286621094    , 1.5233325958251953    , -0.9183006286621094    , 1.5233325958251953     ,                6,                1,   0.8333333333333334
      930, H        ,        0, gnnexplainer,             0.9, -0.07836125046014786   , -0.038177523761987686 , -0.0906597375869751   , -0.055776793509721756  , 0.0225844569504261    , 0.01759926974773407   , 0.03488294407725334  , 0.04018372669816017   , 0.01229848712682724   , -0.004985187202692032  , 0.01229848712682724    ,                2,                1,   0.5
      930, H        ,        1, gnnexplainer,             0.9, -0.09898994863033295   , -0.11081663519144058  , -0.078617163002491    , -0.12190913408994675   , 0.0229191854596138    , 0.011092498898506165  , 0.04329197108745575  , 0.011826686561107635  , 0.02037278562784195   , -0.011826686561107635  , 0.02037278562784195    ,                2,                1,   0.5
      930, H        ,        2, gnnexplainer,             0.9, -0.07956928014755249   , -0.10236243158578873  , -0.02198135480284691  , -0.09325166046619415   , 0.013682380318641663  , 0.009110771119594574  , 0.07127030566334724  , 0.022793151438236237  , 0.05758792534470558   , -0.004571609199047089  , 0.05758792534470558    ,                2,                1,   0.5
      930, H        ,        3, gnnexplainer,             0.9, -0.32701802253723145   , -0.2608731985092163   , -0.15910440683364868  , -0.3476186692714691    , 0.02060064673423767   , 0.08674547076225281   , 0.18851426243782043  , 0.06614482402801514   , 0.16791361570358276   , 0.06614482402801514    , 0.16791361570358276    ,                2,                1,   0.5
      930, H        ,        4, gnnexplainer,             0.9, -0.31885063648223877   , -0.3288930356502533   , -0.12441782653331757  , -0.3440757095813751    , 0.025225073099136353  , 0.015182673931121826  , 0.21965788304805756  , 0.010042399168014526  , 0.1944328099489212    , -0.010042399168014526  , 0.1944328099489212     ,                2,                1,   0.5
      930, C        ,        0, gnnexplainer,             0.9, -0.49499887228012085   , -0.6322542428970337   , -2.2533183097839355   , -0.35320693254470825   , 0.1417919397354126    , 0.27904731035232544   , 1.9001113772392273   , 0.13725537061691284   , 1.7583194375038147    , 0.13725537061691284    , 1.7583194375038147     ,                8,                1,   0.875
      930, C        ,        1, gnnexplainer,             0.9, -2.1293272972106934    , -2.9643473625183105   , -1.507987380027771    , -2.5098164081573486    , 0.3804891109466553    , 0.4545309543609619    , 1.0018290281295776   , 0.8350200653076172    , 0.6213399171829224    , 0.07404184341430664    , 0.6213399171829224     ,                6,                1,   0.8333333333333334
      930, C        ,        2, gnnexplainer,             0.9, -7.135551929473877     , -6.9734625816345215   , -4.55656623840332     , -6.9585771560668945    , 0.17697477340698242   , 0.014885425567626953  , 2.402010917663574    , 0.16208934783935547   , 2.5789856910705566    , -0.16208934783935547   , 2.225036144256592      ,                8,                1,   0.875
      930, C        ,        3, gnnexplainer,             0.9, -6.269104480743408     , -6.236629962921143    , -7.143342018127441    , -7.788299083709717     , 1.5191946029663086    , 1.5516691207885742    , 0.6449570655822754   , 0.032474517822265625  , 0.8742375373840332    , 0.032474517822265625   , -0.8742375373840332    ,                4,                1,   0.75
