stage,edge_size,edge_ent,node_feat_size,node_feat_ent,lr,epochs,graph_idx,node_type,node_idx,target_value,seed_runs,feature_mask_var_mean,edge_mask_var_mean,mask_var_mean
A,0.1,0.001,1e-12,1e-12,0.01,150,640,H,0,0.13790667057037354,5,1.8152325545753286e-05,0.00021486614111279498,0.00011650923332927413
A,0.1,0.0001,1e-12,1e-12,0.01,150,640,H,0,0.13790667057037354,5,1.8128426389737208e-05,0.00021530993127703014,0.00011671917883338367
A,0.1,1e-05,1e-12,1e-12,0.01,150,640,H,0,0.13790667057037354,5,1.8132726487439497e-05,0.0002153673951512225,0.00011675006081933101
A,0.1,1e-06,1e-12,1e-12,0.01,150,640,H,0,0.13790667057037354,5,1.812947590066601e-05,0.00021556802660549932,0.00011684875125308267
A,0.1,0.1,1e-12,1e-12,0.01,150,650,H,12,-0.10497073829174042,5,6.781772197382279e-05,0.0007158297729402019,0.0003918237474570124
A,0.01,0.01,1e-12,1e-12,0.01,150,650,H,12,-0.10497073829174042,5,6.717474774328972e-05,0.0007309710173254925,0.0003990728825343911
A,0.01,0.01,1e-12,1e-12,0.01,150,640,H,0,0.13790667057037354,5,1.8796935746520787e-05,0.0008944986193168347,0.00045664777753167774
A,0.1,0.01,1e-12,1e-12,0.01,150,650,H,12,-0.10497073829174042,5,6.639085175112486e-05,0.001085353556429558,0.0005758722040903415
A,0.01,0.001,1e-12,1e-12,0.01,150,650,H,12,-0.10497073829174042,5,6.64267103918846e-05,0.0011059759699755302,0.0005862013401837073
A,0.1,0.001,1e-12,1e-12,0.01,150,650,H,12,-0.10497073829174042,5,7.688461651243319e-05,0.00111363415126573,0.0005952593838890817
A,0.1,0.0001,1e-12,1e-12,0.01,150,650,H,12,-0.10497073829174042,5,7.703651095807351e-05,0.0011163798800525714,0.0005967081955053225
A,0.1,1e-05,1e-12,1e-12,0.01,150,650,H,12,-0.10497073829174042,5,7.703687591536189e-05,0.0011166489706019701,0.000596842923258666
A,0.1,1e-06,1e-12,1e-12,0.01,150,650,H,12,-0.10497073829174042,5,7.703690211622478e-05,0.001116674611497377,0.0005968557568068009
A,0.01,0.0001,1e-12,1e-12,0.01,150,650,H,12,-0.10497073829174042,5,6.620711930596909e-05,0.001134553800434679,0.0006003804598703241
A,0.01,1e-05,1e-12,1e-12,0.01,150,650,H,12,-0.10497073829174042,5,6.609443356515411e-05,0.0011371713763831883,0.0006016329049741712
A,0.01,1e-06,1e-12,1e-12,0.01,150,650,H,12,-0.10497073829174042,5,6.609195884840692e-05,0.0011374509415423796,0.0006017714501953932
A,0.001,0.001,1e-12,1e-12,0.01,150,650,H,12,-0.10497073829174042,5,6.915384356723349e-05,0.0016956380337452438,0.0008823959386562386
A,0.001,0.0001,1e-12,1e-12,0.01,150,650,H,12,-0.10497073829174042,5,7.422430270252381e-05,0.0022058381571933338,0.0011400312299479289
A,0.001,1e-06,1e-12,1e-12,0.01,150,650,H,12,-0.10497073829174042,5,7.37125184552624e-05,0.0022213173697758033,0.0011475149441155328
A,0.001,1e-05,1e-12,1e-12,0.01,150,650,H,12,-0.10497073829174042,5,7.415026251800844e-05,0.002224090532952889,0.0011491203977354487
A,1e-05,1e-06,1e-12,1e-12,0.01,150,650,H,12,-0.10497073829174042,5,8.358018590168072e-05,0.0033738665380191437,0.001728723361960412
A,0.001,1e-06,1e-12,1e-12,0.01,150,380,H,2,-0.11749634146690369,5,0.00223884056952654,0.001245515462511122,0.0017421780160188308
A,1e-06,1e-06,1e-12,1e-12,0.01,150,650,H,12,-0.10497073829174042,5,8.505944716153573e-05,0.0033999836484547076,0.0017425215478081217
A,0.001,1e-05,1e-12,1e-12,0.01,150,380,H,2,-0.11749634146690369,5,0.0022371834848995452,0.0012633775014277582,0.0017502804931636517
A,1e-05,1e-05,1e-12,1e-12,0.01,150,650,H,12,-0.10497073829174042,5,8.4080317488308e-05,0.003437342153945195,0.0017607112357167515
A,1e-06,1e-05,1e-12,1e-12,0.01,150,650,H,12,-0.10497073829174042,5,8.569978024357025e-05,0.003461579926705412,0.001773639853474491
A,0.001,0.0001,1e-12,1e-12,0.01,150,380,H,2,-0.11749634146690369,5,0.002213997499628172,0.0014337384711180334,0.0018238679853731026
A,1e-05,0.0001,1e-12,1e-12,0.01,150,650,H,12,-0.10497073829174042,5,9.00559635251618e-05,0.004100344887518333,0.0020952004255217474
A,1e-06,0.0001,1e-12,1e-12,0.01,150,650,H,12,-0.10497073829174042,5,9.263975201115431e-05,0.004108706868303784,0.002100673310157469
A,0.01,1e-06,1e-12,1e-12,0.01,150,640,H,0,0.13790667057037354,5,0.00514641297649714,0.0001796569746424126,0.002663034975569776
A,0.01,1e-05,1e-12,1e-12,0.01,150,640,H,0,0.13790667057037354,5,0.005146416324270752,0.0001799541971272234,0.0026631852606989878
A,0.01,0.0001,1e-12,1e-12,0.01,150,640,H,0,0.13790667057037354,5,0.005146430370065174,0.0001808527745804156,0.002663641572322795
A,0.01,0.001,1e-12,1e-12,0.01,150,640,H,0,0.13790667057037354,5,0.005147211661451959,0.00024272420334511938,0.002694967932398539
A,0.001,1e-06,1e-12,1e-12,0.01,150,640,H,0,0.13790667057037354,5,0.005196787431856011,0.00040825928664773415,0.0028025233592518725
A,0.001,1e-05,1e-12,1e-12,0.01,150,640,H,0,0.13790667057037354,5,0.005196722448228312,0.00040875099071257636,0.0028027367194704443
A,0.0001,1e-06,1e-12,1e-12,0.01,150,640,H,0,0.13790667057037354,5,0.005193530777183354,0.0004134937693865481,0.0028035122732849513
A,0.0001,0.0001,1e-12,1e-12,0.01,150,640,H,0,0.13790667057037354,5,0.0051910343192861745,0.00041608966370702664,0.0028035619914966005
A,0.0001,1e-05,1e-12,1e-12,0.01,150,640,H,0,0.13790667057037354,5,0.005193592508108535,0.00041427455969554215,0.0028039335339020387
A,0.001,0.0001,1e-12,1e-12,0.01,150,640,H,0,0.13790667057037354,5,0.005197433486521416,0.0004136797804247295,0.0028055566334730725
A,1e-05,0.0001,1e-12,1e-12,0.01,150,640,H,0,0.13790667057037354,5,0.005194103107145252,0.00042371367467069376,0.002808908390907973
A,1e-05,1e-06,1e-12,1e-12,0.01,150,640,H,0,0.13790667057037354,5,0.005211423764374285,0.00043818970766167797,0.0028248067360179814
A,1e-06,1e-06,1e-12,1e-12,0.01,150,640,H,0,0.13790667057037354,5,0.00521164735817943,0.00043976830393958725,0.0028257078310595088
A,1e-05,0.001,1e-12,1e-12,0.01,150,640,H,0,0.13790667057037354,5,0.005179419259123048,0.0004723221465376071,0.0028258707028303276
A,1e-06,0.001,1e-12,1e-12,0.01,150,640,H,0,0.13790667057037354,5,0.005179111703199718,0.0004734997228524662,0.002826305713026092
A,1e-05,1e-05,1e-12,1e-12,0.01,150,640,H,0,0.13790667057037354,5,0.0052135668410088765,0.000439766129978807,0.0028266664854938416
A,1e-06,1e-05,1e-12,1e-12,0.01,150,640,H,0,0.13790667057037354,5,0.0052132443823833695,0.0004413516326231104,0.00282729800750324
A,0.0001,0.001,1e-12,1e-12,0.01,150,640,H,0,0.13790667057037354,5,0.005191489678754109,0.0004633176901324987,0.0028274036844433037
A,1e-06,0.0001,1e-12,1e-12,0.01,150,640,H,0,0.13790667057037354,5,0.005213649959842704,0.00044421405820827437,0.0028289320090254893
A,0.001,0.001,1e-12,1e-12,0.01,150,640,H,0,0.13790667057037354,5,0.005193836469528372,0.000466597801523676,0.002830217135526024
A,0.001,1e-06,1e-12,1e-12,0.01,150,170,H,3,-0.026961499825119972,5,0.005573157593916707,0.0006885921857157484,0.0031308748898162277
A,0.001,1e-05,1e-12,1e-12,0.01,150,170,H,3,-0.026961499825119972,5,0.005573114078626142,0.0006985986401129196,0.003135856359369531
A,0.001,0.0001,1e-12,1e-12,0.01,150,170,H,3,-0.026961499825119972,5,0.005570081576731515,0.0007850666711259181,0.0031775741239287165
A,0.0001,0.01,1e-12,1e-12,0.01,150,640,H,0,0.13790667057037354,5,0.005207506168422097,0.001546623373413354,0.0033770647709177254
A,0.001,0.01,1e-12,1e-12,0.01,150,640,H,0,0.13790667057037354,5,0.0051943941927873735,0.0016739662976551985,0.003434180245221286
A,1e-05,0.01,1e-12,1e-12,0.01,150,640,H,0,0.13790667057037354,5,0.005208693570399221,0.0016854263153763325,0.003447059942887777
A,1e-06,0.01,1e-12,1e-12,0.01,150,640,H,0,0.13790667057037354,5,0.0052082263422313394,0.0016954595002022187,0.003451842921216779
A,0.001,0.001,1e-12,1e-12,0.01,150,170,H,3,-0.026961499825119972,5,0.005591079078310606,0.001563481749828526,0.003577280414069566
A,0.0001,1e-06,1e-12,1e-12,0.01,150,650,H,12,-0.10497073829174042,5,0.0035262685726088747,0.0036500392611142725,0.003588153916861574
A,0.0001,1e-05,1e-12,1e-12,0.01,150,650,H,12,-0.10497073829174042,5,0.00352838266776884,0.0036996297187234005,0.00361400619324612
A,0.1,0.1,1e-12,1e-12,0.01,150,380,H,2,-0.11749634146690369,5,0.002085964049632258,0.005250190006411248,0.003668077028021753
A,0.01,0.01,1e-12,1e-12,0.01,150,380,H,2,-0.11749634146690369,5,0.002089263935100056,0.005349011194526714,0.0037191375648133853
A,0.001,1e-05,1e-12,1e-12,0.01,150,610,H,6,-0.14696994423866272,5,0.006653866593395176,0.0008590849873006334,0.0037564757903479047
A,0.001,1e-06,1e-12,1e-12,0.01,150,610,H,6,-0.14696994423866272,5,0.006654754296613566,0.0008585257829689396,0.0037566400397912527
A,0.001,0.0001,1e-12,1e-12,0.01,150,610,H,6,-0.14696994423866272,5,0.006653997701044214,0.0008638753926187802,0.0037589365468314972
A,0.001,0.01,1e-12,1e-12,0.01,150,610,H,6,-0.14696994423866272,5,0.007024602130294583,0.0005167556359282344,0.0037706788831114086
A,0.001,0.001,1e-12,1e-12,0.01,150,610,H,6,-0.14696994423866272,5,0.006707391088804744,0.0008939769335884762,0.00380068401119661
A,0.0001,0.001,1e-12,1e-12,0.01,150,610,H,6,-0.14696994423866272,5,0.007119648799773567,0.0007855059046551104,0.003952577352214339
A,1e-06,0.001,1e-12,1e-12,0.01,150,610,H,6,-0.14696994423866272,5,0.007233401877801745,0.0007692595310157913,0.004001330704408768
A,0.0001,1e-05,1e-12,1e-12,0.01,150,610,H,6,-0.14696994423866272,5,0.007202346232318373,0.0008037891667048314,0.004003067699511602
A,0.0001,1e-06,1e-12,1e-12,0.01,150,610,H,6,-0.14696994423866272,5,0.007202048672713955,0.0008041488993934821,0.004003098786053719
A,0.0001,0.0001,1e-12,1e-12,0.01,150,610,H,6,-0.14696994423866272,5,0.007200990095241836,0.0008064252253433324,0.004003707660292584
A,0.0001,0.0001,1e-12,1e-12,0.01,150,650,H,12,-0.10497073829174042,5,0.003544420605808993,0.004483517435748326,0.004013969020778659
A,1e-05,1e-05,1e-12,1e-12,0.01,150,610,H,6,-0.14696994423866272,5,0.007262578096444422,0.0007894231833707009,0.004026000639907562
A,1e-05,0.0001,1e-12,1e-12,0.01,150,610,H,6,-0.14696994423866272,5,0.0072649196957214595,0.0007891165930750787,0.004027018144398269
A,1e-05,0.001,1e-12,1e-12,0.01,150,610,H,6,-0.14696994423866272,5,0.007285175855070493,0.0007700137851597334,0.004027594820115114
A,1e-06,0.0001,1e-12,1e-12,0.01,150,610,H,6,-0.14696994423866272,5,0.007266617959731888,0.0007891536548815737,0.004027885807306731
A,1e-05,1e-06,1e-12,1e-12,0.01,150,610,H,6,-0.14696994423866272,5,0.007268736469447653,0.0007897725251230271,0.00402925449728534
A,1e-06,1e-06,1e-12,1e-12,0.01,150,610,H,6,-0.14696994423866272,5,0.007276427645248854,0.0007902391943034104,0.004033333419776132
A,1e-06,1e-05,1e-12,1e-12,0.01,150,610,H,6,-0.14696994423866272,5,0.00728525526142317,0.0007904139093707841,0.004037834585396977
A,0.1,0.01,1e-12,1e-12,0.01,150,380,H,2,-0.11749634146690369,5,0.0021134132666542796,0.006196159004452851,0.0041547861355535655
A,0.1,0.001,1e-12,1e-12,0.01,150,380,H,2,-0.11749634146690369,5,0.0021142143199775073,0.006299437812306623,0.004206826066142065
A,0.1,0.0001,1e-12,1e-12,0.01,150,380,H,2,-0.11749634146690369,5,0.0021145865574768966,0.0063098578940822495,0.004212222225779573
A,0.01,0.001,1e-12,1e-12,0.01,150,380,H,2,-0.11749634146690369,5,0.0021113168417368354,0.006313235800183658,0.004212276320960247
A,0.1,1e-05,1e-12,1e-12,0.01,150,380,H,2,-0.11749634146690369,5,0.0021146010277878916,0.006310901166688083,0.0042127510972379874
A,0.1,1e-06,1e-12,1e-12,0.01,150,380,H,2,-0.11749634146690369,5,0.0021146021510739027,0.006311007680631589,0.004212804915852746
A,0.01,0.0001,1e-12,1e-12,0.01,150,380,H,2,-0.11749634146690369,5,0.002113041289752054,0.006419374095951803,0.004266207692851929
A,0.01,1e-05,1e-12,1e-12,0.01,150,380,H,2,-0.11749634146690369,5,0.0021140773176505927,0.006430144697618055,0.004272111007634324
A,0.01,1e-06,1e-12,1e-12,0.01,150,380,H,2,-0.11749634146690369,5,0.0021140905048257076,0.0064312221558993875,0.004272656330362548
A,0.0001,1e-06,1e-12,1e-12,0.01,150,380,H,2,-0.11749634146690369,5,0.006144520849591307,0.0027925696754212484,0.004468545262506278
A,0.0001,1e-05,1e-12,1e-12,0.01,150,380,H,2,-0.11749634146690369,5,0.006144407318554618,0.002836501076022273,0.004490454197288446
A,0.0001,1e-06,1e-12,1e-12,0.01,150,490,H,6,-0.1284528225660324,5,0.00648429963970879,0.002572087119593363,0.004528193379651076
A,0.0001,1e-05,1e-12,1e-12,0.01,150,490,H,6,-0.1284528225660324,5,0.00648372491911679,0.002612101240460589,0.004547913079788689
A,1e-06,1e-06,1e-12,1e-12,0.01,150,490,H,6,-0.1284528225660324,5,0.006407187030587143,0.002817205087765445,0.004612196059176294
A,1e-05,1e-06,1e-12,1e-12,0.01,150,490,H,6,-0.1284528225660324,5,0.00639834841566239,0.002832702460809884,0.004615525438236137
A,1e-06,1e-05,1e-12,1e-12,0.01,150,490,H,6,-0.1284528225660324,5,0.006403093206394033,0.002860449828324789,0.004631771517359411
A,1e-05,1e-05,1e-12,1e-12,0.01,150,490,H,6,-0.1284528225660324,5,0.006395906213402904,0.0028796118657463407,0.004637759039574622
A,0.1,0.01,1e-12,1e-12,0.01,150,640,H,0,0.13790667057037354,5,1.836442484857619e-05,0.009442158476924796,0.004730261450886686
A,0.0001,0.0001,1e-12,1e-12,0.01,150,490,H,6,-0.1284528225660324,5,0.006469941874799543,0.0030094461206314803,0.0047396939977155115
A,0.001,0.001,1e-12,1e-12,0.01,150,380,H,2,-0.11749634146690369,5,0.0021485956667991247,0.007355175597255422,0.004751885632027273
A,0.0001,0.0001,1e-12,1e-12,0.01,150,380,H,2,-0.11749634146690369,5,0.006157637424120689,0.0034049744124691013,0.004781305918294895
A,1e-05,0.0001,1e-12,1e-12,0.01,150,490,H,6,-0.1284528225660324,5,0.006393176949778435,0.003210120727939909,0.004801648838859172
A,0.1,0.1,1e-12,1e-12,0.01,150,640,H,0,0.13790667057037354,5,1.737700597477566e-05,0.009693948601584115,0.004855662803779445
A,1e-05,1e-06,1e-12,1e-12,0.01,150,380,H,2,-0.11749634146690369,5,0.006406648051084513,0.0037441277491549836,0.0050753879001197485
A,1e-05,1e-05,1e-12,1e-12,0.01,150,380,H,2,-0.11749634146690369,5,0.006410838553985105,0.0037880867867687586,0.005099462670376932
A,1e-06,1e-06,1e-12,1e-12,0.01,150,380,H,2,-0.11749634146690369,5,0.0064188856914198225,0.0038087931941400656,0.005113839442779944
A,1e-06,1e-05,1e-12,1e-12,0.01,150,380,H,2,-0.11749634146690369,5,0.00642343402654599,0.003849239619197747,0.005136336822871868
A,1e-05,0.0001,1e-12,1e-12,0.01,150,380,H,2,-0.11749634146690369,5,0.006443460545054354,0.004266616758257058,0.005355038651655706
A,1e-06,0.0001,1e-12,1e-12,0.01,150,380,H,2,-0.11749634146690369,5,0.006451600653596304,0.004305465943686642,0.005378533298641473
A,1e-06,0.001,1e-12,1e-12,0.01,150,650,H,12,-0.10497073829174042,5,0.00019261464342544302,0.012429964573112429,0.006311289608268936
A,1e-05,0.001,1e-12,1e-12,0.01,150,650,H,12,-0.10497073829174042,5,0.00018748286501093936,0.012687708065110853,0.006437595465060896
A,1e-06,0.0001,1e-12,1e-12,0.01,150,490,H,6,-0.1284528225660324,5,0.010038920642766293,0.0032545418362578,0.006646731239512047
A,0.0001,0.001,1e-12,1e-12,0.01,150,490,H,6,-0.1284528225660324,5,0.00656465254055877,0.006892265849360797,0.0067284591949597836
A,1e-06,0.001,1e-12,1e-12,0.01,150,380,H,2,-0.11749634146690369,5,0.00630153290596713,0.008695952354782294,0.007498742630374712
A,1e-05,0.001,1e-12,1e-12,0.01,150,380,H,2,-0.11749634146690369,5,0.006253575050624831,0.008918639409813096,0.007586107230218964
A,0.0001,0.001,1e-12,1e-12,0.01,150,380,H,2,-0.11749634146690369,5,0.006082482939089431,0.009140934138057303,0.007611708538573367
A,0.01,0.01,1e-12,1e-12,0.01,150,610,H,6,-0.14696994423866272,5,0.009102243703807808,0.0065372244571610776,0.007819734080484444
A,0.1,0.1,1e-12,1e-12,0.01,150,610,H,6,-0.14696994423866272,5,0.009129980878111043,0.006517981004161361,0.007823980941136201
A,0.001,0.001,1e-12,1e-12,0.01,150,640,H,4,-0.03988323733210564,5,0.015430429633380018,0.0008549281390489494,0.008142678886214484
A,0.1,0.01,1e-12,1e-12,0.01,150,610,H,6,-0.14696994423866272,5,0.009090846795900968,0.007515109402228326,0.008302978099064648
A,0.1,0.0001,1e-12,1e-12,0.01,150,610,H,6,-0.14696994423866272,5,0.009107973309931473,0.007640199827454584,0.00837408656869303
A,0.1,1e-05,1e-12,1e-12,0.01,150,610,H,6,-0.14696994423866272,5,0.009107412510358006,0.007641350292927288,0.008374381401642646
A,0.1,1e-06,1e-12,1e-12,0.01,150,610,H,6,-0.14696994423866272,5,0.009107413803358565,0.007641467205686982,0.008374440504522775
A,0.1,0.001,1e-12,1e-12,0.01,150,610,H,6,-0.14696994423866272,5,0.009120458416459093,0.007628714633883185,0.008374586525171139
A,0.01,0.001,1e-12,1e-12,0.01,150,610,H,6,-0.14696994423866272,5,0.009157446622064714,0.007820725171505762,0.008489085896785237
A,0.01,1e-05,1e-12,1e-12,0.01,150,610,H,6,-0.14696994423866272,5,0.009111338992465173,0.00799108499767634,0.008551211995070756
A,0.01,1e-06,1e-12,1e-12,0.01,150,610,H,6,-0.14696994423866272,5,0.009113853274112432,0.007993535911187255,0.008553694592649843
A,0.01,0.0001,1e-12,1e-12,0.01,150,610,H,6,-0.14696994423866272,5,0.009130390363236152,0.007977064864524345,0.00855372761388025
A,0.0001,0.001,1e-12,1e-12,0.01,150,650,H,12,-0.10497073829174042,5,0.0003178684799483259,0.0170166643299855,0.008667266404966914
A,0.1,0.1,1e-12,1e-12,0.01,150,490,H,6,-0.1284528225660324,5,0.0048458593710485895,0.013694953829258638,0.009270406600153614
A,0.01,0.01,1e-12,1e-12,0.01,150,490,H,6,-0.1284528225660324,5,0.0048419696081985,0.013857006379192606,0.009349487993695553
A,0.0001,0.0001,1e-12,1e-12,0.01,150,640,H,4,-0.03988323733210564,5,0.019271663171717468,0.0011951191471409927,0.01023339115942923
A,0.1,0.1,1e-12,1e-12,0.01,150,170,H,3,-0.026961499825119972,5,0.011492684455479442,0.009103288699685104,0.010297986577582272
A,0.01,0.01,1e-12,1e-12,0.01,150,170,H,3,-0.026961499825119972,5,0.011500012065472569,0.009444352911507527,0.010472182488490047
A,0.001,0.001,1e-12,1e-12,0.01,150,330,H,4,-0.02938268519937992,5,0.01085170704267807,0.010737590155621772,0.010794648599149921
A,0.001,0.0001,1e-12,1e-12,0.01,150,620,H,3,-0.25204017758369446,5,0.02161813493782776,0.00025679954057864055,0.0109374672392032
A,0.001,1e-05,1e-12,1e-12,0.01,150,620,H,3,-0.25204017758369446,5,0.021626429494424795,0.0002558506735979904,0.010941140084011394
A,0.001,1e-06,1e-12,1e-12,0.01,150,620,H,3,-0.25204017758369446,5,0.02162696152034291,0.0002560422227841741,0.010941501871563543
A,0.1,0.01,1e-12,1e-12,0.01,150,490,H,6,-0.1284528225660324,5,0.004736009448271873,0.01747900526471092,0.011107507356491396
A,0.01,0.001,1e-12,1e-12,0.01,150,490,H,6,-0.1284528225660324,5,0.004720170264989894,0.01773926400786323,0.011229717136426561
A,0.1,0.001,1e-12,1e-12,0.01,150,490,H,6,-0.1284528225660324,5,0.004734768215771105,0.017849251166288608,0.011292009691029857
A,0.1,0.0001,1e-12,1e-12,0.01,150,490,H,6,-0.1284528225660324,5,0.004725975508822902,0.017886308759287317,0.011306142134055109
A,0.1,1e-05,1e-12,1e-12,0.01,150,490,H,6,-0.1284528225660324,5,0.004725968000683926,0.01789002334635743,0.011307995673520678
A,0.1,1e-06,1e-12,1e-12,0.01,150,490,H,6,-0.1284528225660324,5,0.00472596675142363,0.017890388310891688,0.011308177531157659
A,0.0001,1e-06,1e-12,1e-12,0.01,150,640,H,4,-0.03988323733210564,5,0.021998589541077224,0.0007830909656885866,0.011390840253382904
A,0.01,0.0001,1e-12,1e-12,0.01,150,490,H,6,-0.1284528225660324,5,0.004690827272412744,0.01812447925188236,0.011407653262147552
A,0.1,0.01,1e-12,1e-12,0.01,150,170,H,3,-0.026961499825119972,5,0.011398615432449211,0.011417087626581068,0.01140785152951514
A,0.0001,1e-05,1e-12,1e-12,0.01,150,640,H,4,-0.03988323733210564,5,0.02202157873508585,0.0008154810873995898,0.01141852991124272
A,0.01,1e-05,1e-12,1e-12,0.01,150,490,H,6,-0.1284528225660324,5,0.004691026901035858,0.01816295968737592,0.011426993294205889
A,0.01,1e-06,1e-12,1e-12,0.01,150,490,H,6,-0.1284528225660324,5,0.004691018478732776,0.018166809740909073,0.011428914109820925
A,0.001,0.001,1e-12,1e-12,0.01,150,620,H,6,0.08161692321300507,5,0.022555965179966206,0.00031597430276022467,0.011435969741363215
A,0.1,0.001,1e-12,1e-12,0.01,150,170,H,3,-0.026961499825119972,5,0.011396798703681342,0.011637798925395692,0.011517298814538517
A,0.01,0.001,1e-12,1e-12,0.01,150,170,H,3,-0.026961499825119972,5,0.011389857189130444,0.011660463250279234,0.011525160219704839
A,0.1,0.0001,1e-12,1e-12,0.01,150,170,H,3,-0.026961499825119972,5,0.011395397531514157,0.011660308186651758,0.011527852859082957
A,0.1,1e-05,1e-12,1e-12,0.01,150,170,H,3,-0.026961499825119972,5,0.011395172354349007,0.011662531068911228,0.011528851711630117
A,0.1,1e-06,1e-12,1e-12,0.01,150,170,H,3,-0.026961499825119972,5,0.011395170097947705,0.011662756053677174,0.01152896307581244
A,0.01,0.0001,1e-12,1e-12,0.01,150,170,H,3,-0.026961499825119972,5,0.01140082101471743,0.011939603895301439,0.011670212455009436
A,0.01,1e-05,1e-12,1e-12,0.01,150,170,H,3,-0.026961499825119972,5,0.011399001487386115,0.011966317727156887,0.011682659607271502
A,0.01,1e-06,1e-12,1e-12,0.01,150,170,H,3,-0.026961499825119972,5,0.011398786336761087,0.011969044824157286,0.011683915580459187
A,0.01,0.01,1e-12,1e-12,0.01,150,330,H,4,-0.02938268519937992,5,0.010911751777190632,0.012551623550258979,0.011731687663724805
A,0.1,0.1,1e-12,1e-12,0.01,150,330,H,4,-0.02938268519937992,5,0.010910091231015833,0.01275443564021481,0.01183226343561532
A,0.001,0.0001,1e-12,1e-12,0.01,150,330,H,4,-0.02938268519937992,5,0.010883937338743295,0.012927785397339318,0.011905861368041306
A,0.001,0.0001,1e-12,1e-12,0.01,150,490,H,6,-0.1284528225660324,5,0.00010336085201870583,0.023776404196099277,0.011939882524058991
A,0.001,1e-05,1e-12,1e-12,0.01,150,330,H,4,-0.02938268519937992,5,0.010875359057926722,0.013181272543150005,0.012028315800538363
A,0.001,1e-06,1e-12,1e-12,0.01,150,330,H,4,-0.02938268519937992,5,0.010874654470860372,0.013203092484133495,0.012038873477496933
A,0.001,1e-05,1e-12,1e-12,0.01,150,490,H,6,-0.1284528225660324,5,0.00010354100059626,0.02401327833437925,0.012058409667487755
A,0.001,1e-06,1e-12,1e-12,0.01,150,490,H,6,-0.1284528225660324,5,0.000103418644748801,0.024043520900629146,0.012073469772688973
A,0.01,0.01,1e-12,1e-12,0.01,150,620,H,2,-0.2488207370042801,5,0.025050415586563058,0.00032251585600377556,0.012686465721283418
A,0.01,0.01,1e-12,1e-12,0.01,150,640,H,4,-0.03988323733210564,5,0.015368241687445406,0.010300732116450426,0.012834486901947915
A,0.1,0.1,1e-12,1e-12,0.01,150,640,H,4,-0.03988323733210564,5,0.015361466820357116,0.010347829340694946,0.01285464808052603
A,0.01,0.001,1e-12,1e-12,0.01,150,330,H,4,-0.02938268519937992,5,0.010864413636797791,0.014910018617538288,0.01288721612716804
A,0.01,1e-06,1e-12,1e-12,0.01,150,620,H,2,-0.2488207370042801,5,0.025528130869962997,0.00040317683199930337,0.01296565385098115
A,0.01,1e-05,1e-12,1e-12,0.01,150,620,H,2,-0.2488207370042801,5,0.025527010381231122,0.00040513346384287276,0.012966071922536997
A,0.01,0.0001,1e-12,1e-12,0.01,150,620,H,2,-0.2488207370042801,5,0.025520649901695752,0.000418006202133796,0.012969328051914773
A,0.01,0.001,1e-12,1e-12,0.01,150,620,H,2,-0.2488207370042801,5,0.025450932452046937,0.0005075583742427624,0.01297924541314485
A,0.1,0.01,1e-12,1e-12,0.01,150,330,H,4,-0.02938268519937992,5,0.010861983287846917,0.015099673622646703,0.012980828455246809
A,0.01,0.0001,1e-12,1e-12,0.01,150,330,H,4,-0.02938268519937992,5,0.01085987635282347,0.015164123575093686,0.013011999963958578
A,0.01,1e-05,1e-12,1e-12,0.01,150,330,H,4,-0.02938268519937992,5,0.010858951860111937,0.015189645243951945,0.013024298552031941
A,0.01,1e-06,1e-12,1e-12,0.01,150,330,H,4,-0.02938268519937992,5,0.010858919347291414,0.015192227471565962,0.013025573409428687
A,0.1,0.001,1e-12,1e-12,0.01,150,330,H,4,-0.02938268519937992,5,0.010857616340215148,0.015353053968827288,0.013105335154521218
A,0.1,0.0001,1e-12,1e-12,0.01,150,330,H,4,-0.02938268519937992,5,0.010857207074687826,0.015378563427030699,0.013117885250859263
A,0.1,1e-05,1e-12,1e-12,0.01,150,330,H,4,-0.02938268519937992,5,0.010857094459349034,0.0153811068904239,0.013119100674886468
A,0.1,1e-06,1e-12,1e-12,0.01,150,330,H,4,-0.02938268519937992,5,0.01085709211537818,0.01538135909455458,0.01311922560496638
A,0.001,0.0001,1e-12,1e-12,0.01,150,640,H,4,-0.03988323733210564,5,0.015297011633431647,0.011365718538760686,0.013331365086096166
A,0.1,0.1,1e-12,1e-12,0.01,150,510,C,1,-2.8548877239227295,5,0.015385693110596831,0.01137911184837707,0.013382402479486952
A,0.001,1e-05,1e-12,1e-12,0.01,150,640,H,4,-0.03988323733210564,5,0.01528166451543572,0.011529574399477587,0.013405619457456653
A,0.001,1e-06,1e-12,1e-12,0.01,150,640,H,4,-0.03988323733210564,5,0.015280231997409601,0.011546060406507009,0.013413146201958305
A,0.001,0.0001,1e-12,1e-12,0.01,150,620,H,6,0.08161692321300507,5,0.02663250276648728,0.0003258108716214281,0.013479156819054353
A,0.001,1e-05,1e-12,1e-12,0.01,150,620,H,6,0.08161692321300507,5,0.026636887092051354,0.00032627113246121555,0.013481579112256285
A,0.001,1e-06,1e-12,1e-12,0.01,150,620,H,6,0.08161692321300507,5,0.02663998640472252,0.000326354122667567,0.013483170263695044
A,0.01,0.001,1e-12,1e-12,0.01,150,640,H,4,-0.03988323733210564,5,0.015230785900046364,0.011802031453699291,0.013516408676872827
A,0.1,0.01,1e-12,1e-12,0.01,150,640,H,4,-0.03988323733210564,5,0.015223049413592094,0.011852137858949528,0.013537593636270811
A,0.01,0.0001,1e-12,1e-12,0.01,150,640,H,4,-0.03988323733210564,5,0.015214819324241617,0.011967858174067703,0.01359133874915466
A,0.01,1e-05,1e-12,1e-12,0.01,150,640,H,4,-0.03988323733210564,5,0.015213396339296465,0.01198461158319062,0.013599003961243541
A,0.01,1e-06,1e-12,1e-12,0.01,150,640,H,4,-0.03988323733210564,5,0.015213248070972714,0.011986282546032623,0.013599765308502668
A,0.1,0.001,1e-12,1e-12,0.01,150,640,H,4,-0.03988323733210564,5,0.015207113982427514,0.01201821230905722,0.013612663145742367
A,0.1,0.0001,1e-12,1e-12,0.01,150,640,H,4,-0.03988323733210564,5,0.015205287470998936,0.012034981105837457,0.013620134288418196
A,0.1,1e-05,1e-12,1e-12,0.01,150,640,H,4,-0.03988323733210564,5,0.015205095649581047,0.012036660286191481,0.013620877967886264
A,0.1,1e-06,1e-12,1e-12,0.01,150,640,H,4,-0.03988323733210564,5,0.0152050798665229,0.012036826371661001,0.01362095311909195
A,0.1,0.01,1e-12,1e-12,0.01,150,170,C,0,-2.175614595413208,5,0.01459402684497059,0.013492025313886848,0.014043026079428719
A,0.1,0.01,1e-12,1e-12,0.01,150,510,C,1,-2.8548877239227295,5,0.015284601895254653,0.012806076423960797,0.014045339159607725
A,0.1,0.0001,1e-12,1e-12,0.01,150,170,C,0,-2.175614595413208,5,0.014595226909058052,0.013495788584555283,0.014045507746806667
A,0.1,1e-05,1e-12,1e-12,0.01,150,170,C,0,-2.175614595413208,5,0.014595146729637763,0.013495891250826588,0.014045518990232176
A,0.1,1e-06,1e-12,1e-12,0.01,150,170,C,0,-2.175614595413208,5,0.014595148235558665,0.01349588997207082,0.014045519103814743
A,0.1,0.001,1e-12,1e-12,0.01,150,170,C,0,-2.175614595413208,5,0.014593822819598179,0.01349756708916472,0.01404569495438145
A,0.1,0.001,1e-12,1e-12,0.01,150,510,C,1,-2.8548877239227295,5,0.015273512653650108,0.012950667929559859,0.014112090291604984
A,0.1,0.0001,1e-12,1e-12,0.01,150,510,C,1,-2.8548877239227295,5,0.015272320837830623,0.01296513738253368,0.014118729110182152
A,0.1,1e-05,1e-12,1e-12,0.01,150,510,C,1,-2.8548877239227295,5,0.015272201541175276,0.012966587585646233,0.014119394563410754
A,0.1,1e-06,1e-12,1e-12,0.01,150,510,C,1,-2.8548877239227295,5,0.015272189385759244,0.012966730869315008,0.014119460127537127
A,0.1,0.01,1e-12,1e-12,0.01,150,620,H,3,-0.25204017758369446,5,0.0186259625664217,0.01016163824563944,0.01439380040603057
A,0.1,0.001,1e-12,1e-12,0.01,150,620,H,3,-0.25204017758369446,5,0.018612377694797837,0.010490115772248804,0.01455124673352332
A,0.1,0.1,1e-12,1e-12,0.01,150,620,H,3,-0.25204017758369446,5,0.020228629563207583,0.00888163794753826,0.014555133755372922
A,0.1,0.0001,1e-12,1e-12,0.01,150,620,H,3,-0.25204017758369446,5,0.018610810016887875,0.010526032659574797,0.014568421338231337
A,0.1,1e-05,1e-12,1e-12,0.01,150,620,H,3,-0.25204017758369446,5,0.018610813331513286,0.010529434600982528,0.014570123966247907
A,0.1,1e-06,1e-12,1e-12,0.01,150,620,H,3,-0.25204017758369446,5,0.01861083108992313,0.010529802349775172,0.01457031671984915
A,0.01,0.01,1e-12,1e-12,0.01,150,620,H,3,-0.25204017758369446,5,0.029065115017541634,0.00014061362491659679,0.014602864321229115
A,1e-06,0.001,1e-12,1e-12,0.01,150,650,H,15,-0.01910228095948696,5,0.027429731702431865,0.0018069239287456184,0.014618327815588741
A,0.001,0.001,1e-12,1e-12,0.01,150,510,H,8,-0.0713830441236496,5,0.020669721727270957,0.008632666503227374,0.014651194115249165
A,1e-05,0.001,1e-12,1e-12,0.01,150,650,H,15,-0.01910228095948696,5,0.027466751914743515,0.0019927247671905944,0.014729738340967054
A,0.01,0.01,1e-12,1e-12,0.01,150,510,H,8,-0.0713830441236496,5,0.020520644322639794,0.008967945774439334,0.014744295048539564
A,0.0001,1e-05,1e-12,1e-12,0.01,150,650,H,6,-0.01910228095948696,5,0.029191950197975408,0.00031043500997995465,0.014751192603977682
A,0.0001,1e-06,1e-12,1e-12,0.01,150,650,H,6,-0.01910228095948696,5,0.029203455607113318,0.0003022822605525732,0.014752868933832946
A,0.1,0.1,1e-12,1e-12,0.01,150,510,H,8,-0.0713830441236496,5,0.020505715072425188,0.009003239853965433,0.01475447746319531
A,0.01,0.001,1e-12,1e-12,0.01,150,620,H,3,-0.25204017758369446,5,0.029438370733635852,0.0001645559314411571,0.014801463332538504
A,0.01,0.0001,1e-12,1e-12,0.01,150,620,H,3,-0.25204017758369446,5,0.029502849572195063,0.00013106865323166516,0.014816959112713364
A,0.01,1e-05,1e-12,1e-12,0.01,150,620,H,3,-0.25204017758369446,5,0.029511189792451677,0.0001272789323739687,0.014819234362412823
A,0.01,1e-06,1e-12,1e-12,0.01,150,620,H,3,-0.25204017758369446,5,0.02951201069549217,0.00012690240455938805,0.014819456550025778
A,1e-05,1e-06,1e-12,1e-12,0.01,150,640,H,9,-0.08353185653686523,5,0.021573431180932558,0.008110922349535895,0.014842176765234225
A,0.001,0.0001,1e-12,1e-12,0.01,150,510,H,8,-0.0713830441236496,5,0.02042660256083022,0.010239392952719239,0.01533299775677473
A,0.1,0.1,1e-12,1e-12,0.01,150,640,H,9,-0.08353185653686523,5,0.018997069788086206,0.011688779931018623,0.015342924859552414
A,0.01,0.01,1e-12,1e-12,0.01,150,640,H,9,-0.08353185653686523,5,0.01899750853986696,0.011688704052223413,0.015343106296045187
A,0.001,0.001,1e-12,1e-12,0.01,150,640,H,9,-0.08353185653686523,5,0.018997998426685595,0.011702534838116032,0.015350266632400814
A,0.001,1e-05,1e-12,1e-12,0.01,150,510,H,8,-0.0713830441236496,5,0.02039629949364179,0.01041702766250385,0.01540666357807282
A,0.001,1e-06,1e-12,1e-12,0.01,150,510,H,8,-0.0713830441236496,5,0.020393301615956618,0.010434943749748394,0.015414122682852506
A,0.0001,1e-06,1e-12,1e-12,0.01,150,640,H,13,-0.030795302242040634,5,0.030927476659848678,0.0004834979947282392,0.015705487327288457
A,0.1,0.1,1e-12,1e-12,0.01,150,170,C,0,-2.175614595413208,5,0.017583034559666953,0.013839154149959457,0.015711094354813205
A,0.0001,1e-05,1e-12,1e-12,0.01,150,640,H,13,-0.030795302242040634,5,0.030929866486051547,0.0005238118678405358,0.01572683917694604
A,0.0001,0.0001,1e-12,1e-12,0.01,150,650,H,6,-0.01910228095948696,5,0.031111364059351058,0.00038508071959071795,0.01574822238947089
A,0.1,0.01,1e-12,1e-12,0.01,150,640,H,9,-0.08353185653686523,5,0.018091406942977117,0.013822762390130628,0.01595708466655387
A,0.0001,0.0001,1e-12,1e-12,0.01,150,640,H,9,-0.08353185653686523,5,0.01888294589768825,0.013031401933116324,0.015957173915402287
A,0.01,0.001,1e-12,1e-12,0.01,150,640,H,9,-0.08353185653686523,5,0.018091331616830977,0.013823722075969025,0.015957526846400002
A,0.001,0.0001,1e-12,1e-12,0.01,150,640,H,9,-0.08353185653686523,5,0.01808815899760636,0.013846104758540322,0.01596713187807334
A,0.1,0.001,1e-12,1e-12,0.01,150,640,H,9,-0.08353185653686523,5,0.018066954659385036,0.014057222369049872,0.016062088514217455
A,0.01,0.0001,1e-12,1e-12,0.01,150,640,H,9,-0.08353185653686523,5,0.01806737214056688,0.014058258341686062,0.01606281524112647
A,0.1,0.0001,1e-12,1e-12,0.01,150,640,H,9,-0.08353185653686523,5,0.01806459463548717,0.01408085726634322,0.016072725950915197
A,0.1,1e-05,1e-12,1e-12,0.01,150,640,H,9,-0.08353185653686523,5,0.01806438252998958,0.014083221933822943,0.016073802231906263
A,0.1,1e-06,1e-12,1e-12,0.01,150,640,H,9,-0.08353185653686523,5,0.018064357776487065,0.014083453033976314,0.016073905405231688
A,0.001,1e-05,1e-12,1e-12,0.01,150,640,H,9,-0.08353185653686523,5,0.01806796978037008,0.014081219257873735,0.01607459451912191
A,0.01,1e-05,1e-12,1e-12,0.01,150,640,H,9,-0.08353185653686523,5,0.018068011398188435,0.014081901818741338,0.016074956608464887
A,0.01,1e-06,1e-12,1e-12,0.01,150,640,H,9,-0.08353185653686523,5,0.01806776150275614,0.014084264831795519,0.01607601316727583
A,0.001,1e-06,1e-12,1e-12,0.01,150,640,H,9,-0.08353185653686523,5,0.01806567184099656,0.014104879302949413,0.016085275571972986
A,0.0001,0.0001,1e-12,1e-12,0.01,150,640,H,13,-0.030795302242040634,5,0.030909495682759087,0.0014790875372408152,0.016194291609999953
A,0.001,0.001,1e-12,1e-12,0.01,150,650,H,15,-0.01910228095948696,5,0.03136679813115945,0.0010573183529285668,0.01621205824204401
A,0.1,0.1,1e-12,1e-12,0.01,150,650,H,15,-0.01910228095948696,5,0.03145587672534866,0.001038359411751033,0.016247118068549844
A,0.01,0.01,1e-12,1e-12,0.01,150,650,H,15,-0.01910228095948696,5,0.03148234248387913,0.0010368301373411537,0.01625958631061014
A,1e-05,1e-05,1e-12,1e-12,0.01,150,640,H,9,-0.08353185653686523,5,0.021777198563387133,0.0107607571777627,0.016268977870574915
A,0.1,0.001,1e-12,1e-12,0.01,150,650,H,15,-0.01910228095948696,5,0.03135240475723431,0.0011909221653511534,0.016271663461292732
A,0.1,0.01,1e-12,1e-12,0.01,150,650,H,15,-0.01910228095948696,5,0.03136427585219329,0.0011791380252304238,0.01627170693871186
A,0.1,0.0001,1e-12,1e-12,0.01,150,650,H,15,-0.01910228095948696,5,0.03135177888003024,0.001192073200292798,0.01627192604016152
A,0.1,1e-05,1e-12,1e-12,0.01,150,650,H,15,-0.01910228095948696,5,0.03135413909820796,0.001192195981534132,0.016273167539871045
A,0.1,1e-06,1e-12,1e-12,0.01,150,650,H,15,-0.01910228095948696,5,0.03135413114889589,0.0011922066767909455,0.016273168912843416
A,0.0001,1e-05,1e-12,1e-12,0.01,150,650,H,15,-0.01910228095948696,5,0.030585644492746453,0.0019775578830821417,0.0162816011879143
A,0.01,0.001,1e-12,1e-12,0.01,150,650,H,15,-0.01910228095948696,5,0.03138660025845901,0.001181076454555168,0.01628383835650709
A,0.0001,1e-06,1e-12,1e-12,0.01,150,650,H,15,-0.01910228095948696,5,0.030601717626317197,0.0019683435618987485,0.016285030594107974
A,0.01,0.0001,1e-12,1e-12,0.01,150,650,H,15,-0.01910228095948696,5,0.03137948078572287,0.001193180676513732,0.0162863307311183
A,0.01,1e-05,1e-12,1e-12,0.01,150,650,H,15,-0.01910228095948696,5,0.031378456461797405,0.0011943379248703766,0.01628639719333389
A,0.01,1e-06,1e-12,1e-12,0.01,150,650,H,15,-0.01910228095948696,5,0.03137835614800884,0.0011944543829175824,0.01628640526546321
A,0.0001,1e-05,1e-12,1e-12,0.01,150,640,H,9,-0.08353185653686523,5,0.017999155426600928,0.01504316698754149,0.016521161207071207
A,0.1,1.0,1e-12,1e-12,0.01,150,650,H,6,-0.01910228095948696,5,0.029397119099773522,0.003729927584991612,0.016563523342382567
A,0.0001,1e-06,1e-12,1e-12,0.01,150,640,H,9,-0.08353185653686523,5,0.017978340779665918,0.015262407463832839,0.016620374121749378
A,0.01,0.001,1e-12,1e-12,0.01,150,510,H,8,-0.0713830441236496,5,0.020255222075294652,0.014020933320628258,0.017138077697961454
A,0.1,0.01,1e-12,1e-12,0.01,150,510,H,8,-0.0713830441236496,5,0.020236467368945403,0.014070961946639995,0.0171537146577927
A,0.1,0.1,1e-12,1e-12,0.01,150,270,C,1,-2.464503288269043,5,0.01897320645819389,0.015410505809187498,0.017191856133690692
A,0.1,0.1,1e-12,1e-12,0.01,150,620,H,2,-0.2488207370042801,5,0.02703489959019152,0.0073569901684733974,0.01719594487933246
A,0.01,0.0001,1e-12,1e-12,0.01,150,510,H,8,-0.0713830441236496,5,0.020220537490090715,0.014247454305607832,0.017233995897849273
A,0.01,1e-05,1e-12,1e-12,0.01,150,510,H,8,-0.0713830441236496,5,0.020216479216548636,0.014270407575734546,0.01724344339614159
A,0.01,1e-06,1e-12,1e-12,0.01,150,510,H,8,-0.0713830441236496,5,0.02021614674856219,0.01427269916133083,0.01724442295494651
A,0.1,0.001,1e-12,1e-12,0.01,150,510,H,8,-0.0713830441236496,5,0.020200215539546817,0.014297950928301707,0.01724908323392426
A,0.1,0.0001,1e-12,1e-12,0.01,150,510,H,8,-0.0713830441236496,5,0.020196303712057776,0.014320956110167222,0.0172586299111125
A,0.1,1e-05,1e-12,1e-12,0.01,150,510,H,8,-0.0713830441236496,5,0.020195949127609688,0.014323265087689859,0.017259607107649774
A,0.1,1e-06,1e-12,1e-12,0.01,150,510,H,8,-0.0713830441236496,5,0.02019591186615852,0.014323487971909684,0.017259699919034102
A,0.001,0.0001,1e-12,1e-12,0.01,150,650,H,15,-0.01910228095948696,5,0.03400531188383176,0.0012398581989201407,0.01762258504137595
A,0.001,0.0001,1e-12,1e-12,0.01,150,650,H,6,-0.01910228095948696,5,0.027998655764691533,0.007700885124795641,0.017849770444743587
A,0.001,1e-05,1e-12,1e-12,0.01,150,650,H,6,-0.01910228095948696,5,0.027992809053095265,0.007835023714876543,0.017913916383985904
A,0.0001,0.0001,1e-12,1e-12,0.01,150,650,H,15,-0.01910228095948696,5,0.03369217975417702,0.0021506546727617605,0.01792141721346939
A,0.001,1e-06,1e-12,1e-12,0.01,150,650,H,6,-0.01910228095948696,5,0.0279938060530793,0.007850041975600651,0.017921924014339976
A,0.1,0.01,1e-12,1e-12,0.01,150,270,C,1,-2.464503288269043,5,0.018961529773421745,0.017088591346697775,0.018025060560059758
A,0.1,0.001,1e-12,1e-12,0.01,150,270,C,1,-2.464503288269043,5,0.018945648426607918,0.017157717284694486,0.018051682855651202
A,0.1,0.0001,1e-12,1e-12,0.01,150,270,C,1,-2.464503288269043,5,0.01894461544720355,0.017164397795920883,0.018054506621562216
A,0.1,1e-05,1e-12,1e-12,0.01,150,270,C,1,-2.464503288269043,5,0.018944480797460927,0.017165093843744088,0.018054787320602506
A,0.1,1e-06,1e-12,1e-12,0.01,150,270,C,1,-2.464503288269043,5,0.018944467723716944,0.017165165614965762,0.018054816669341354
A,0.001,0.001,1e-12,1e-12,0.01,150,650,H,6,-0.01910228095948696,5,0.030814158074641194,0.0065900002432971935,0.018702079158969195
A,0.1,0.1,1e-12,1e-12,0.01,150,530,C,1,-2.7582390308380127,5,0.024647157695819273,0.01323755876136505,0.018942358228592162
A,0.1,1e-06,1e-12,1e-12,0.01,150,170,C,3,-2.179614543914795,5,0.015346169354143247,0.022574047326948492,0.01896010834054587
A,0.1,1e-05,1e-12,1e-12,0.01,150,170,C,3,-2.179614543914795,5,0.015346183451962397,0.022574321826562993,0.018960252639262695
A,0.1,0.0001,1e-12,1e-12,0.01,150,170,C,3,-2.179614543914795,5,0.015346176656005924,0.022577105073087328,0.018961640864546627
A,0.1,0.001,1e-12,1e-12,0.01,150,170,C,3,-2.179614543914795,5,0.015346445613180321,0.02260373991094372,0.01897509276206202
A,0.1,0.01,1e-12,1e-12,0.01,150,530,C,1,-2.7582390308380127,5,0.024696430848252193,0.013416688809535591,0.01905655982889389
A,0.1,0.001,1e-12,1e-12,0.01,150,530,C,1,-2.7582390308380127,5,0.02470021154993867,0.01346192705957745,0.019081069304758058
A,0.1,0.0001,1e-12,1e-12,0.01,150,530,C,1,-2.7582390308380127,5,0.024700353762535945,0.013466672214546744,0.019083512988541343
A,0.1,1e-05,1e-12,1e-12,0.01,150,530,C,1,-2.7582390308380127,5,0.024700381184000697,0.013467152610563858,0.019083766897282278
A,0.1,1e-06,1e-12,1e-12,0.01,150,530,C,1,-2.7582390308380127,5,0.02470038394270658,0.013467199255815075,0.019083791599260828
A,0.1,0.01,1e-12,1e-12,0.01,150,170,C,3,-2.179614543914795,5,0.015346225311012237,0.022884639765538034,0.019115432538275134
A,0.01,1e-06,1e-12,1e-12,0.01,150,510,C,1,-2.8548877239227295,5,0.01413437074126986,0.0252690973858983,0.01970173406358408
A,0.01,1e-05,1e-12,1e-12,0.01,150,510,C,1,-2.8548877239227295,5,0.014134399712469672,0.02526914392235159,0.019701771817410632
A,0.01,0.0001,1e-12,1e-12,0.01,150,510,C,1,-2.8548877239227295,5,0.014134641872756752,0.025269787013557428,0.01970221444315709
A,0.01,0.001,1e-12,1e-12,0.01,150,510,C,1,-2.8548877239227295,5,0.014137498083217013,0.025276075373433064,0.01970678672832504
A,0.001,0.001,1e-12,1e-12,0.01,150,330,H,1,-0.05347871407866478,5,0.031838701711064794,0.007605375110414929,0.019722038410739863
A,0.0001,0.0001,1e-12,1e-12,0.01,150,510,H,8,-0.0713830441236496,5,0.023873537198433187,0.015632856475882733,0.01975319683715796
A,0.01,0.01,1e-12,1e-12,0.01,150,510,C,1,-2.8548877239227295,5,0.014166024654903265,0.025446864051925533,0.019806444353414398
A,0.01,0.01,1e-12,1e-12,0.01,150,650,H,6,-0.01910228095948696,5,0.02777344786717865,0.011922902608280984,0.019848175237729818
A,0.1,0.1,1e-12,1e-12,0.01,150,650,H,6,-0.01910228095948696,5,0.02776316063067282,0.01211377946951057,0.019938470050091694
A,0.01,0.001,1e-12,1e-12,0.01,150,650,H,6,-0.01910228095948696,5,0.0278532891780701,0.013487151590343974,0.020670220384207037
A,0.001,1e-05,1e-12,1e-12,0.01,150,650,H,15,-0.01910228095948696,5,0.03377280259734812,0.007585221928245777,0.020679012262796947
A,0.001,1e-06,1e-12,1e-12,0.01,150,650,H,15,-0.01910228095948696,5,0.03377160988201946,0.0076010890331197345,0.020686349457569597
A,0.001,0.001,1e-12,1e-12,0.01,150,490,H,6,-0.1284528225660324,5,0.004577697908772163,0.036830849376452736,0.020704273642612448
A,0.01,0.0001,1e-12,1e-12,0.01,150,650,H,6,-0.01910228095948696,5,0.027842519441699763,0.013662527278134525,0.020752523359917143
A,0.1,0.01,1e-12,1e-12,0.01,150,650,H,6,-0.01910228095948696,5,0.02784412947763855,0.013670075360820457,0.020757102419229505
A,0.01,1e-05,1e-12,1e-12,0.01,150,650,H,6,-0.01910228095948696,5,0.027841501146639136,0.013680328096952916,0.020760914621796026
A,0.01,1e-06,1e-12,1e-12,0.01,150,650,H,6,-0.01910228095948696,5,0.027841424528460463,0.013682110418551465,0.020761767473505964
A,0.1,0.001,1e-12,1e-12,0.01,150,650,H,6,-0.01910228095948696,5,0.027691986210634224,0.013843698255443944,0.020767842233039083
A,0.1,0.0001,1e-12,1e-12,0.01,150,650,H,6,-0.01910228095948696,5,0.027692191580126452,0.013861257331358255,0.020776724455742353
A,0.1,1e-05,1e-12,1e-12,0.01,150,650,H,6,-0.01910228095948696,5,0.02769233598310921,0.013863018564987676,0.020777677274048445
A,0.1,1e-06,1e-12,1e-12,0.01,150,650,H,6,-0.01910228095948696,5,0.02769232582307431,0.013863198597729493,0.020777762210401902
A,0.0001,1e-05,1e-12,1e-12,0.01,150,330,H,1,-0.05347871407866478,5,0.028620291029236532,0.013118438396567615,0.020869364712902072
A,0.0001,1e-06,1e-12,1e-12,0.01,150,330,H,1,-0.05347871407866478,5,0.0285960104326315,0.013211147746112512,0.02090357908937201
A,0.01,1e-06,1e-12,1e-12,0.01,150,530,C,1,-2.7582390308380127,5,0.02563121486099071,0.016276617248651207,0.020953916054820956
A,0.01,1e-05,1e-12,1e-12,0.01,150,530,C,1,-2.7582390308380127,5,0.025631188018507525,0.016277476186156256,0.020954332102331892
A,0.01,0.0001,1e-12,1e-12,0.01,150,530,C,1,-2.7582390308380127,5,0.025630918892440308,0.01628608166870528,0.020958500280572792
A,0.01,0.001,1e-12,1e-12,0.01,150,530,C,1,-2.7582390308380127,5,0.025628341744308294,0.016372580952734063,0.02100046134852118
A,0.01,0.1,1e-12,1e-12,0.01,150,650,C,4,-1.282924771308899,5,0.0171372109716793,0.024889764848907626,0.021013487910293463
A,0.0001,0.0001,1e-12,1e-12,0.01,150,330,H,1,-0.05347871407866478,5,0.02993584410573237,0.012466480991936299,0.021201162548834335
A,0.001,0.001,1e-12,1e-12,0.01,150,640,H,13,-0.030795302242040634,5,0.031998538038196446,0.0105467591512714,0.021272648594733923
A,0.01,0.01,1e-12,1e-12,0.01,150,530,C,1,-2.7582390308380127,5,0.025602321054642673,0.017281568420022174,0.021441944737332422
A,0.001,0.1,1e-12,1e-12,0.01,150,650,C,4,-1.282924771308899,5,0.017878859147387988,0.025211217336262873,0.02154503824182543
A,0.0001,0.1,1e-12,1e-12,0.01,150,650,C,4,-1.282924771308899,5,0.01785944201189333,0.02523474599700464,0.021547094004448986
A,1e-06,0.1,1e-12,1e-12,0.01,150,650,C,4,-1.282924771308899,5,0.017859876482096772,0.02523614738140413,0.021548011931750453
A,1e-05,0.1,1e-12,1e-12,0.01,150,650,C,4,-1.282924771308899,5,0.017860890434858983,0.02523609354227698,0.02154849198856798
A,0.1,0.1,1e-12,1e-12,0.01,150,610,C,2,-2.5053277015686035,5,0.0303121780699003,0.012917285819047032,0.021614731944473664
A,0.0001,1e-05,1e-12,1e-12,0.01,150,510,H,8,-0.0713830441236496,5,0.025499590760761637,0.017776558104973895,0.021638074432867766
A,0.1,0.1,1e-12,1e-12,0.01,150,170,C,3,-2.179614543914795,5,0.015337476746773606,0.02801723002521639,0.021677353385994996
A,0.01,0.1,1e-12,1e-12,0.01,150,640,H,0,0.13790667057037354,5,4.319463234283506e-05,0.04333636965774261,0.021689782145042722
A,0.01,0.01,1e-12,1e-12,0.01,150,640,H,13,-0.030795302242040634,5,0.031752512986906296,0.011672572504578003,0.02171254274574215
A,0.0001,1e-06,1e-12,1e-12,0.01,150,510,H,8,-0.0713830441236496,5,0.025442683552140112,0.01800555563402508,0.021724119593082597
A,0.1,0.01,1e-12,1e-12,0.01,150,620,H,2,-0.2488207370042801,5,0.026842430666858545,0.016671116555155904,0.021756773611007224
A,0.1,0.1,1e-12,1e-12,0.01,150,640,H,13,-0.030795302242040634,5,0.03173597651593135,0.011780726511219709,0.02175835151357553
A,0.001,0.001,1e-12,1e-12,0.01,150,270,H,0,-0.04426804184913635,5,0.021829684849818388,0.02169494295246057,0.02176231390113948
A,0.01,1.0,1e-12,1e-12,0.01,150,650,C,4,-1.282924771308899,5,0.017757746209252974,0.02602031209482785,0.021889029152040412
A,0.001,1.0,1e-12,1e-12,0.01,150,650,C,4,-1.282924771308899,5,0.017802759780810324,0.025997508908808625,0.021900134344809474
A,1e-06,1.0,1e-12,1e-12,0.01,150,650,C,4,-1.282924771308899,5,0.017809181192589063,0.0259948428626436,0.02190201202761633
A,1e-05,1.0,1e-12,1e-12,0.01,150,650,C,4,-1.282924771308899,5,0.01780940995967664,0.025995193994461655,0.021902301977069147
A,0.1,0.1,1e-12,1e-12,0.01,150,330,H,1,-0.05347871407866478,5,0.031654186032010576,0.012150455613183377,0.021902320822596976
A,0.0001,1.0,1e-12,1e-12,0.01,150,650,C,4,-1.282924771308899,5,0.017809214735113727,0.02599550901344415,0.021902361874278936
A,0.01,0.01,1e-12,1e-12,0.01,150,330,H,1,-0.05347871407866478,5,0.03167201403514095,0.012158409068749022,0.021915211551944987
A,0.001,0.0001,1e-12,1e-12,0.01,150,640,H,13,-0.030795302242040634,5,0.03181022270546162,0.012216829427829569,0.022013526066645594
A,0.1,0.001,1e-12,1e-12,0.01,150,620,H,2,-0.2488207370042801,5,0.0268105437681593,0.017325121590499162,0.02206783267932923
A,0.001,1e-05,1e-12,1e-12,0.01,150,640,H,13,-0.030795302242040634,5,0.03178943495922521,0.012400986072931079,0.022095210516078146
A,0.1,0.0001,1e-12,1e-12,0.01,150,620,H,2,-0.2488207370042801,5,0.026807786912647524,0.017391419824392962,0.022099603368520244
A,0.001,1e-06,1e-12,1e-12,0.01,150,640,H,13,-0.030795302242040634,5,0.03178085499298323,0.012419067119164202,0.022099961056073716
A,0.1,1e-05,1e-12,1e-12,0.01,150,620,H,2,-0.2488207370042801,5,0.026807629463939813,0.01739808002945912,0.022102854746699464
A,0.1,1e-06,1e-12,1e-12,0.01,150,620,H,2,-0.2488207370042801,5,0.026807614316522576,0.017398745329547792,0.022103179823035182
A,0.1,0.01,1e-12,1e-12,0.01,150,610,C,2,-2.5053277015686035,5,0.02958667610108554,0.01468554016929036,0.02213610813518795
A,0.01,0.001,1e-12,1e-12,0.01,150,640,H,13,-0.030795302242040634,5,0.03155437155994456,0.013320933543497712,0.022437652551721136
A,0.1,0.01,1e-12,1e-12,0.01,150,640,H,13,-0.030795302242040634,5,0.03152992966514747,0.01342991852176002,0.022479924093453743
A,0.01,0.0001,1e-12,1e-12,0.01,150,640,H,13,-0.030795302242040634,5,0.03152516077212249,0.013502941016086626,0.022514050894104555
A,0.01,1e-05,1e-12,1e-12,0.01,150,640,H,13,-0.030795302242040634,5,0.03152429122436713,0.01352129228301191,0.02252279175368952
A,0.01,1e-06,1e-12,1e-12,0.01,150,640,H,13,-0.030795302242040634,5,0.03152464435397499,0.013523126912599838,0.022523885633287416
A,0.1,0.001,1e-12,1e-12,0.01,150,640,H,13,-0.030795302242040634,5,0.031505462509891655,0.013611449162896659,0.022558455836394157
A,0.1,0.0001,1e-12,1e-12,0.01,150,640,H,13,-0.030795302242040634,5,0.031505878453635484,0.013629769833356883,0.022567824143496184
A,0.1,1e-05,1e-12,1e-12,0.01,150,640,H,13,-0.030795302242040634,5,0.031505670220269996,0.013631606024212787,0.022568638122241393
A,0.1,1e-06,1e-12,1e-12,0.01,150,640,H,13,-0.030795302242040634,5,0.03150564883677621,0.0136317855289394,0.022568717182857804
A,0.1,0.001,1e-12,1e-12,0.01,150,610,C,2,-2.5053277015686035,5,0.030679191146416745,0.014877128539835844,0.022778159843126294
A,0.1,0.0001,1e-12,1e-12,0.01,150,610,C,2,-2.5053277015686035,5,0.030678526342198184,0.014896344138195745,0.022787435240196965
A,0.1,1e-05,1e-12,1e-12,0.01,150,610,C,2,-2.5053277015686035,5,0.03067845704193475,0.014898266888898563,0.022788361965416656
A,0.1,1e-06,1e-12,1e-12,0.01,150,610,C,2,-2.5053277015686035,5,0.030678444793291088,0.014898458661402762,0.022788451727346927
A,0.01,0.01,1e-12,1e-12,0.01,150,270,H,0,-0.04426804184913635,5,0.026315610264675538,0.019479421388545175,0.022897515826610357
A,0.1,0.01,1e-12,1e-12,0.01,150,330,H,1,-0.05347871407866478,5,0.03145467956554993,0.014383718651935818,0.022919199108742877
A,0.01,0.001,1e-12,1e-12,0.01,150,330,H,1,-0.05347871407866478,5,0.03147382574170732,0.014397943940305602,0.02293588484100646
A,0.1,0.001,1e-12,1e-12,0.01,150,330,H,1,-0.05347871407866478,5,0.03142555156028124,0.014623878571392301,0.02302471506583677
A,0.1,0.1,1e-12,1e-12,0.01,150,270,H,0,-0.04426804184913635,5,0.02626177120671778,0.019805891560220924,0.02303383138346935
A,0.1,0.0001,1e-12,1e-12,0.01,150,330,H,1,-0.05347871407866478,5,0.031422596743622806,0.014648065084789642,0.023035330914206224
A,0.1,1e-05,1e-12,1e-12,0.01,150,330,H,1,-0.05347871407866478,5,0.03142205053501271,0.014650484237426565,0.023036267386219635
A,0.1,1e-06,1e-12,1e-12,0.01,150,330,H,1,-0.05347871407866478,5,0.031422019057205125,0.014650724899945448,0.023036371978575287
A,0.01,0.0001,1e-12,1e-12,0.01,150,330,H,1,-0.05347871407866478,5,0.031442933964913516,0.014638511809773398,0.023040722887343455
A,0.01,1e-05,1e-12,1e-12,0.01,150,330,H,1,-0.05347871407866478,5,0.03144046799320016,0.014662748798178554,0.023051608395689357
A,0.01,1e-06,1e-12,1e-12,0.01,150,330,H,1,-0.05347871407866478,5,0.03143959230505637,0.01466517545742459,0.02305238388124048
A,0.001,0.0001,1e-12,1e-12,0.01,150,330,H,1,-0.05347871407866478,5,0.03164489953533811,0.01556691501537319,0.02360590727535565
A,0.1,0.1,1e-12,1e-12,0.01,150,330,H,2,-0.052478715777397156,5,0.027852454027111256,0.019374201841789437,0.023613327934450347
A,0.01,0.01,1e-12,1e-12,0.01,150,330,H,2,-0.052478715777397156,5,0.027866669383128075,0.01947078029555227,0.023668724839340172
A,0.001,1e-05,1e-12,1e-12,0.01,150,330,H,1,-0.05347871407866478,5,0.03161467247201972,0.015834414007686065,0.023724543239852892
A,0.001,1e-06,1e-12,1e-12,0.01,150,330,H,1,-0.05347871407866478,5,0.03160991912686918,0.01586280278949319,0.023736360958181185
A,0.01,0.01,1e-12,1e-12,0.01,150,610,C,2,-2.5053277015686035,5,0.029554667397272076,0.018528386091013246,0.02404152674414266
A,0.001,0.001,1e-12,1e-12,0.01,150,330,H,2,-0.052478715777397156,5,0.027967695417938615,0.020408586645758398,0.024188141031848506
A,0.01,0.001,1e-12,1e-12,0.01,150,270,H,0,-0.04426804184913635,5,0.02604149884307248,0.023482383874479363,0.02476194135877592
A,0.01,0.001,1e-12,1e-12,0.01,150,610,C,2,-2.5053277015686035,5,0.02945361740463834,0.02026261800751997,0.024858117706079156
A,0.01,0.0001,1e-12,1e-12,0.01,150,610,C,2,-2.5053277015686035,5,0.029444514426632873,0.020283568925595928,0.0248640416761144
A,0.01,1e-05,1e-12,1e-12,0.01,150,610,C,2,-2.5053277015686035,5,0.029443108062837283,0.020285830875355522,0.0248644694690964
A,0.01,1e-06,1e-12,1e-12,0.01,150,610,C,2,-2.5053277015686035,5,0.02944300359413644,0.020286059852210218,0.02486453172317333
A,0.1,0.01,1e-12,1e-12,0.01,150,270,H,0,-0.04426804184913635,5,0.025989254883926602,0.02374955817128982,0.02486940652760821
A,0.01,0.0001,1e-12,1e-12,0.01,150,270,H,0,-0.04426804184913635,5,0.026010847815053206,0.023838045876090057,0.02492444684557163
A,0.01,1e-05,1e-12,1e-12,0.01,150,270,H,0,-0.04426804184913635,5,0.026006027702301787,0.02387309395927776,0.024939560830789773
A,0.01,1e-06,1e-12,1e-12,0.01,150,270,H,0,-0.04426804184913635,5,0.02600616290227886,0.023876591372516815,0.024941377137397837
A,0.1,0.001,1e-12,1e-12,0.01,150,270,H,0,-0.04426804184913635,5,0.025956122117194367,0.02409789994379244,0.0250270110304934
A,0.1,0.0001,1e-12,1e-12,0.01,150,270,H,0,-0.04426804184913635,5,0.02595192337150062,0.024132211428578357,0.02504206740003949
A,0.1,1e-05,1e-12,1e-12,0.01,150,270,H,0,-0.04426804184913635,5,0.025951644460326606,0.024135631008635146,0.025043637734480876
A,0.1,1e-06,1e-12,1e-12,0.01,150,270,H,0,-0.04426804184913635,5,0.025951613757984555,0.024135974954091317,0.025043794356037936
A,0.001,0.0001,1e-12,1e-12,0.01,150,270,H,0,-0.04426804184913635,5,0.029316370071586537,0.021375690674774964,0.02534603037318075
A,0.01,1e-06,1e-12,1e-12,0.01,150,170,C,0,-2.175614595413208,5,0.015550130976385917,0.035337297488968814,0.025443714232677366
A,0.01,1e-05,1e-12,1e-12,0.01,150,170,C,0,-2.175614595413208,5,0.015550086836109,0.03533832127548912,0.025444204055799058
A,0.01,0.0001,1e-12,1e-12,0.01,150,170,C,0,-2.175614595413208,5,0.015549797742959429,0.0353484484730064,0.025449123107982915
A,0.001,1e-05,1e-12,1e-12,0.01,150,270,H,0,-0.04426804184913635,5,0.029237741186467242,0.02171429120777768,0.02547601619712246
A,0.1,0.01,1e-12,1e-12,0.01,150,330,H,2,-0.052478715777397156,5,0.027606630447032744,0.023354801718849814,0.02548071608294128
A,0.001,1e-06,1e-12,1e-12,0.01,150,270,H,0,-0.04426804184913635,5,0.029228490084770832,0.021746612287572027,0.02548755118617143
A,0.01,0.001,1e-12,1e-12,0.01,150,170,C,0,-2.175614595413208,5,0.015546795843751321,0.03545011941619794,0.02549845762997463
A,0.01,0.001,1e-12,1e-12,0.01,150,330,H,2,-0.052478715777397156,5,0.02762028208994774,0.02343020921233764,0.02552524565114269
A,0.01,1e-06,1e-12,1e-12,0.01,150,270,C,1,-2.464503288269043,5,0.019537229237602018,0.03171070228442927,0.025623965761015645
A,0.01,1e-05,1e-12,1e-12,0.01,150,270,C,1,-2.464503288269043,5,0.019537291991033386,0.03171087180400816,0.025624081897520773
A,0.01,0.0001,1e-12,1e-12,0.01,150,270,C,1,-2.464503288269043,5,0.019537437631083846,0.03171282841164562,0.02562513302136473
A,0.01,0.001,1e-12,1e-12,0.01,150,270,C,1,-2.464503288269043,5,0.01953824607878915,0.03173117804335048,0.025634712061069816
A,0.1,0.001,1e-12,1e-12,0.01,150,330,H,2,-0.052478715777397156,5,0.02757368198947624,0.023741952877062912,0.025657817433269576
A,0.1,0.0001,1e-12,1e-12,0.01,150,330,H,2,-0.052478715777397156,5,0.027570608466650246,0.023780516575519075,0.02567556252108466
A,0.1,1e-05,1e-12,1e-12,0.01,150,330,H,2,-0.052478715777397156,5,0.02757022292535597,0.023784371032617813,0.025677296978986894
A,0.1,1e-06,1e-12,1e-12,0.01,150,330,H,2,-0.052478715777397156,5,0.02757018958309065,0.02378475679728293,0.02567747319018679
A,0.1,0.01,1e-12,1e-12,0.01,150,620,H,6,0.08161692321300507,5,0.030606442188058927,0.020750388550530907,0.025678415369294917
A,0.01,0.0001,1e-12,1e-12,0.01,150,330,H,2,-0.052478715777397156,5,0.027585125290088088,0.023815450808887174,0.02570028804948763
A,0.01,1e-05,1e-12,1e-12,0.01,150,330,H,2,-0.052478715777397156,5,0.02758341687727,0.023853868936687485,0.025718642906978742
A,0.01,1e-06,1e-12,1e-12,0.01,150,330,H,2,-0.052478715777397156,5,0.02758305851862363,0.02385770795623591,0.02572038323742977
A,0.01,0.01,1e-12,1e-12,0.01,150,270,C,1,-2.464503288269043,5,0.019541697858931853,0.03193009278003773,0.02573589531948479
A,0.1,0.0001,1e-12,1e-12,0.01,150,620,H,6,0.08161692321300507,5,0.030595701517793044,0.021040045177616398,0.02581787334770472
A,0.1,1e-05,1e-12,1e-12,0.01,150,620,H,6,0.08161692321300507,5,0.0305976435763485,0.02104266680687143,0.025820155191609965
A,0.1,1e-06,1e-12,1e-12,0.01,150,620,H,6,0.08161692321300507,5,0.030597642498806723,0.021042930884117295,0.02582028669146201
A,0.001,0.0001,1e-12,1e-12,0.01,150,330,H,2,-0.052478715777397156,5,0.027736273796662946,0.024148663667524398,0.025942468732093674
A,0.01,0.01,1e-12,1e-12,0.01,150,170,C,0,-2.175614595413208,5,0.015517085631937516,0.036502215733803633,0.026009650682870575
A,0.001,1e-05,1e-12,1e-12,0.01,150,330,H,2,-0.052478715777397156,5,0.027697310671982875,0.024515762165452065,0.02610653641871747
A,0.001,1e-06,1e-12,1e-12,0.01,150,330,H,2,-0.052478715777397156,5,0.027694265755787355,0.02455288600942794,0.02612357588260765
A,0.001,1.0,1e-12,1e-12,0.01,150,650,H,12,-0.10497073829174042,5,0.005577384289249235,0.04820260325107588,0.026889993770162556
A,0.0001,1.0,1e-12,1e-12,0.01,150,650,H,12,-0.10497073829174042,5,0.005579599200643899,0.04820386683146183,0.026891733016052865
A,1e-05,1.0,1e-12,1e-12,0.01,150,650,H,12,-0.10497073829174042,5,0.005579592142997818,0.04820398317124825,0.026891787657123033
A,1e-06,1.0,1e-12,1e-12,0.01,150,650,H,12,-0.10497073829174042,5,0.005579589425693979,0.04820400987758078,0.026891799651637377
A,0.0001,0.1,1e-12,1e-12,0.01,150,650,H,12,-0.10497073829174042,5,0.005728853741392306,0.04810229476954349,0.026915574255467898
A,1e-05,0.1,1e-12,1e-12,0.01,150,650,H,12,-0.10497073829174042,5,0.005729737186774526,0.04810830992615531,0.026919023556464916
A,1e-06,0.1,1e-12,1e-12,0.01,150,650,H,12,-0.10497073829174042,5,0.005730370640531566,0.0481088685756631,0.02691961960809733
A,0.1,0.1,1e-12,1e-12,0.01,150,620,H,6,0.08161692321300507,5,0.0366130380335861,0.01811066966945646,0.02736185385152128
A,0.01,0.01,1e-12,1e-12,0.01,150,620,H,6,0.08161692321300507,5,0.03681185118914793,0.01838931321592919,0.02760058220253856
A,0.001,1e-06,1e-12,1e-12,0.01,150,270,C,1,-2.464503288269043,5,0.01915245817346957,0.036334867326435365,0.027743662749952467
A,0.001,1e-05,1e-12,1e-12,0.01,150,270,C,1,-2.464503288269043,5,0.019152403855528605,0.03633560690603789,0.027744005380783247
A,0.001,0.0001,1e-12,1e-12,0.01,150,270,C,1,-2.464503288269043,5,0.0191518494261174,0.03634303596870256,0.02774744269740998
A,0.001,0.001,1e-12,1e-12,0.01,150,270,C,1,-2.464503288269043,5,0.01914581129347208,0.03641537096214842,0.02778059112781025
A,0.1,0.001,1e-12,1e-12,0.01,150,620,H,6,0.08161692321300507,5,0.035068367624984505,0.021013831557644823,0.028041099591314664
A,0.01,0.0001,1e-12,1e-12,0.01,150,620,H,6,0.08161692321300507,5,0.03356619087103725,0.02254708046897088,0.028056635670004066
A,0.01,1e-05,1e-12,1e-12,0.01,150,620,H,6,0.08161692321300507,5,0.03356171666738525,0.02258115496242306,0.028071435814904157
A,0.01,1e-06,1e-12,1e-12,0.01,150,620,H,6,0.08161692321300507,5,0.03356134782978916,0.02258388746025567,0.028072617645022415
A,0.001,0.01,1e-12,1e-12,0.01,150,270,C,1,-2.464503288269043,5,0.019127718413263238,0.03724943595762071,0.028188577185441974
A,0.01,0.001,1e-12,1e-12,0.01,150,620,H,6,0.08161692321300507,5,0.03663078393588478,0.02215354101305831,0.029392162474471545
A,0.0001,1e-06,1e-12,1e-12,0.01,150,270,C,1,-2.464503288269043,5,0.021302376382583352,0.03760449044270833,0.029453433412645842
A,0.0001,1e-05,1e-12,1e-12,0.01,150,270,C,1,-2.464503288269043,5,0.02130228323134682,0.03760532032257018,0.0294538017769585
A,0.0001,0.0001,1e-12,1e-12,0.01,150,270,C,1,-2.464503288269043,5,0.021301488133171273,0.03761378195662353,0.0294576350448974
A,0.0001,0.001,1e-12,1e-12,0.01,150,270,C,1,-2.464503288269043,5,0.021293722577288433,0.03770061187868801,0.029497167227988223
A,1e-05,1e-06,1e-12,1e-12,0.01,150,270,C,1,-2.464503288269043,5,0.021292924978440108,0.03773417175698096,0.029513548367710536
A,1e-05,1e-05,1e-12,1e-12,0.01,150,270,C,1,-2.464503288269043,5,0.0212928331248184,0.037735034442503645,0.029513933783661024
A,1e-05,0.0001,1e-12,1e-12,0.01,150,270,C,1,-2.464503288269043,5,0.02129191293069995,0.03774369497631588,0.029517803953507914
A,1e-06,1e-06,1e-12,1e-12,0.01,150,270,C,1,-2.464503288269043,5,0.021292189368910676,0.03774703489908715,0.029519612133998913
A,1e-06,1e-05,1e-12,1e-12,0.01,150,270,C,1,-2.464503288269043,5,0.02129209368672467,0.037747881013048136,0.029519987349886402
A,1e-06,0.0001,1e-12,1e-12,0.01,150,270,C,1,-2.464503288269043,5,0.02129122728605071,0.037756514244176406,0.029523870765113557
A,1e-05,0.001,1e-12,1e-12,0.01,150,270,C,1,-2.464503288269043,5,0.02128425724150022,0.03783142564352143,0.029557841442510828
A,1e-06,0.001,1e-12,1e-12,0.01,150,270,C,1,-2.464503288269043,5,0.02128353451505223,0.03784435747428086,0.029563945994666545
A,0.1,1e-06,1e-12,1e-12,0.01,150,650,C,2,-0.7869271636009216,5,0.014934734474245386,0.04465900030609638,0.029796867390170883
A,0.1,1e-05,1e-12,1e-12,0.01,150,650,C,2,-0.7869271636009216,5,0.014934731662615271,0.04465909186944721,0.02979691176603124
A,0.1,0.0001,1e-12,1e-12,0.01,150,650,C,2,-0.7869271636009216,5,0.014934568583026078,0.044660907379052664,0.029797737981039372
A,0.1,0.001,1e-12,1e-12,0.01,150,650,C,2,-0.7869271636009216,5,0.014933739616189413,0.04466957309767632,0.029801656356932868
A,0.1,0.01,1e-12,1e-12,0.01,150,650,C,2,-0.7869271636009216,5,0.014930813978957406,0.04476336856174004,0.029847091270348722
A,0.0001,0.01,1e-12,1e-12,0.01,150,270,C,1,-2.464503288269043,5,0.021278996271726688,0.03865308144926594,0.029966038860496313
A,1e-05,0.01,1e-12,1e-12,0.01,150,270,C,1,-2.464503288269043,5,0.021268635228900042,0.038789796053480124,0.030029215641190085
A,1e-06,0.01,1e-12,1e-12,0.01,150,270,C,1,-2.464503288269043,5,0.021267852579761392,0.03880296714928523,0.030035409864523313
A,0.1,1.0,1e-12,1e-12,0.01,150,380,H,2,-0.11749634146690369,5,0.004054086401136298,0.05611959465092565,0.030086840526030972
A,0.001,0.1,1e-12,1e-12,0.01,150,380,H,2,-0.11749634146690369,5,0.004347663309991553,0.05586040350010836,0.030104033405049958
A,0.0001,0.01,1e-12,1e-12,0.01,150,380,H,2,-0.11749634146690369,5,0.004147581256471452,0.05607280957817271,0.030110195417322082
A,1e-05,0.01,1e-12,1e-12,0.01,150,380,H,2,-0.11749634146690369,5,0.004153641383095661,0.05606776683395099,0.030110704108523324
A,1e-06,0.01,1e-12,1e-12,0.01,150,380,H,2,-0.11749634146690369,5,0.004158409835026119,0.05606630101905481,0.030112355427040466
A,0.01,0.1,1e-12,1e-12,0.01,150,380,H,2,-0.11749634146690369,5,0.004365538557844898,0.056156019091789175,0.030260778824817036
A,0.001,0.01,1e-12,1e-12,0.01,150,380,H,2,-0.11749634146690369,5,0.004393463042606238,0.05649118312696498,0.03044232308478561
A,0.01,0.1,1e-12,1e-12,0.01,150,270,C,1,-2.464503288269043,5,0.018087596166369103,0.0436798506225504,0.03088372339445975
A,0.0001,0.0001,1e-12,1e-12,0.01,150,330,H,2,-0.052478715777397156,5,0.025198893746895906,0.03797761470879504,0.031588254227845475
A,0.0001,1e-05,1e-12,1e-12,0.01,150,330,H,2,-0.052478715777397156,5,0.025560256587004716,0.03810751312084702,0.03183388485392587
A,0.001,1e-06,1e-12,1e-12,0.01,150,530,C,1,-2.7582390308380127,5,0.025590501194680437,0.038128319070809415,0.031859410132744924
A,0.001,1e-05,1e-12,1e-12,0.01,150,530,C,1,-2.7582390308380127,5,0.025590467509729486,0.03812988992478829,0.03186017871725889
A,0.001,0.0001,1e-12,1e-12,0.01,150,530,C,1,-2.7582390308380127,5,0.025590135063420682,0.03814562900633771,0.0318678820348792
A,0.0001,1e-06,1e-12,1e-12,0.01,150,330,H,2,-0.052478715777397156,5,0.02557530550470191,0.038237892075172406,0.03190659878993716
A,0.001,0.001,1e-12,1e-12,0.01,150,530,C,1,-2.7582390308380127,5,0.025586374173395144,0.03830374545643853,0.03194505981491684
A,0.001,0.01,1e-12,1e-12,0.01,150,640,H,4,-0.03988323733210564,5,0.015714159969138504,0.04864397515477619,0.03217906756195735
A,0.0001,1e-06,1e-12,1e-12,0.01,150,530,C,1,-2.7582390308380127,5,0.02559573260856566,0.038820522647160544,0.0322081276278631
A,0.0001,1e-05,1e-12,1e-12,0.01,150,530,C,1,-2.7582390308380127,5,0.025595695156493115,0.038822105076968254,0.032208900116730686
A,0.0001,0.0001,1e-12,1e-12,0.01,150,530,C,1,-2.7582390308380127,5,0.0255953250338777,0.038837916573509934,0.03221662080369382
A,1e-05,1e-06,1e-12,1e-12,0.01,150,530,C,1,-2.7582390308380127,5,0.025596206913511218,0.03888900639640983,0.03224260665496052
A,1e-05,1e-05,1e-12,1e-12,0.01,150,530,C,1,-2.7582390308380127,5,0.02559616858766185,0.03889058798656808,0.03224337828711497
A,1e-06,1e-06,1e-12,1e-12,0.01,150,530,C,1,-2.7582390308380127,5,0.02559627560864281,0.03889584541492688,0.032246060511784844
A,1e-06,1e-05,1e-12,1e-12,0.01,150,530,C,1,-2.7582390308380127,5,0.025596238383283804,0.03889742716138109,0.032246832772332444
A,1e-05,0.0001,1e-12,1e-12,0.01,150,530,C,1,-2.7582390308380127,5,0.025595797521297967,0.03890643046582287,0.03225111399356042
A,1e-06,0.0001,1e-12,1e-12,0.01,150,530,C,1,-2.7582390308380127,5,0.025595860807611986,0.03891321230085883,0.03225453655423541
A,0.0001,0.001,1e-12,1e-12,0.01,150,530,C,1,-2.7582390308380127,5,0.02559166421617165,0.03899655363652002,0.032294108926345835
A,1e-05,0.001,1e-12,1e-12,0.01,150,530,C,1,-2.7582390308380127,5,0.025592237980741617,0.03906541927459457,0.032328828627668095
A,1e-06,0.001,1e-12,1e-12,0.01,150,530,C,1,-2.7582390308380127,5,0.02559229320741933,0.03907232158401193,0.03233230739571563
A,0.001,0.01,1e-12,1e-12,0.01,150,650,H,12,-0.10497073829174042,5,0.003925095128178771,0.06193619118493998,0.03293064315655938
A,0.1,1.0,1e-12,1e-12,0.01,150,610,H,6,-0.14696994423866272,5,0.009435646546722404,0.06046744502058973,0.03495154578365607
A,0.1,1e-06,1e-12,1e-12,0.01,150,650,C,4,-1.282924771308899,5,0.023209413257260364,0.048009625431235145,0.035609519344247755
A,0.1,1e-05,1e-12,1e-12,0.01,150,650,C,4,-1.282924771308899,5,0.023209409342241825,0.04800974510381088,0.03560957722302635
A,0.1,0.0001,1e-12,1e-12,0.01,150,650,C,4,-1.282924771308899,5,0.023209372374168702,0.048010937028885085,0.0356101547015269
A,0.1,0.001,1e-12,1e-12,0.01,150,650,C,4,-1.282924771308899,5,0.023208290521203614,0.04802043458321922,0.03561436255221141
A,0.1,0.01,1e-12,1e-12,0.01,150,650,C,4,-1.282924771308899,5,0.02320870436570642,0.04812569523484509,0.03566719980027576
A,0.1,0.1,1e-12,1e-12,0.01,150,650,C,4,-1.282924771308899,5,0.02315100502438009,0.049197097369575574,0.036174051196977836
A,0.01,1e-06,1e-12,1e-12,0.01,150,170,C,3,-2.179614543914795,5,0.02033460503844473,0.05275526133710934,0.03654493318777703
A,0.01,1e-05,1e-12,1e-12,0.01,150,170,C,3,-2.179614543914795,5,0.020334556279391375,0.052756136550185,0.03654534641478818
A,0.01,0.0001,1e-12,1e-12,0.01,150,170,C,3,-2.179614543914795,5,0.02033426431583787,0.052764970975366546,0.03654961764560221
A,0.001,1e-06,1e-12,1e-12,0.01,150,510,C,1,-2.8548877239227295,5,0.01669259582825714,0.05646009093967561,0.03657634338396638
A,0.001,1e-05,1e-12,1e-12,0.01,150,510,C,1,-2.8548877239227295,5,0.016692490317287086,0.05647331828392655,0.03658290430060682
A,0.01,0.001,1e-12,1e-12,0.01,150,170,C,3,-2.179614543914795,5,0.020330094479910694,0.05285314177900187,0.036591618129456285
A,0.001,0.0001,1e-12,1e-12,0.01,150,510,C,1,-2.8548877239227295,5,0.016691547157101624,0.05660383364265925,0.03664769039988044
A,0.01,0.01,1e-12,1e-12,0.01,150,170,C,3,-2.179614543914795,5,0.02028470402959599,0.05371964950922398,0.037002176769409985
A,0.0001,1e-06,1e-12,1e-12,0.01,150,510,C,1,-2.8548877239227295,5,0.016636804536405862,0.05761642160452933,0.03712661307046759
A,0.0001,1e-05,1e-12,1e-12,0.01,150,510,C,1,-2.8548877239227295,5,0.01663669350733792,0.0576306443996592,0.03713366895349856
A,0.0001,0.0001,1e-12,1e-12,0.01,150,510,C,1,-2.8548877239227295,5,0.016635505107469414,0.05777292120701219,0.037204213157240804
A,0.001,0.001,1e-12,1e-12,0.01,150,510,C,1,-2.8548877239227295,5,0.01668199894022627,0.0579921935101115,0.037337096225168884
A,1e-05,1e-06,1e-12,1e-12,0.01,150,330,H,1,-0.05347871407866478,5,0.0279224400127314,0.04693324583042095,0.03742784292157618
A,1e-05,1e-06,1e-12,1e-12,0.01,150,510,C,1,-2.8548877239227295,5,0.016625192604913568,0.058442557657337496,0.037533875131125535
A,1e-05,1e-05,1e-12,1e-12,0.01,150,510,C,1,-2.8548877239227295,5,0.016625061399480376,0.058456717006592496,0.037540889203036436
A,1e-06,1e-06,1e-12,1e-12,0.01,150,510,C,1,-2.8548877239227295,5,0.016624305344981872,0.05852481333390511,0.03757455933944349
A,1e-06,1e-05,1e-12,1e-12,0.01,150,510,C,1,-2.8548877239227295,5,0.016624146078762347,0.058539239353568355,0.03758169271616535
A,1e-05,0.0001,1e-12,1e-12,0.01,150,510,C,1,-2.8548877239227295,5,0.016623717367283877,0.05859891455944048,0.03761131596336218
A,1e-06,0.0001,1e-12,1e-12,0.01,150,510,C,1,-2.8548877239227295,5,0.01662274570349066,0.058677854803435285,0.03765030025346297
A,0.0001,0.001,1e-12,1e-12,0.01,150,510,C,1,-2.8548877239227295,5,0.016621060434190184,0.059198393172435824,0.037909726803313004
A,1e-05,1e-05,1e-12,1e-12,0.01,150,330,H,1,-0.05347871407866478,5,0.027856471758811112,0.048253447051199314,0.03805495940500521
A,0.001,1e-06,1e-12,1e-12,0.01,150,170,C,0,-2.175614595413208,5,0.014828189693443156,0.06139096801768787,0.03810957885556551
A,0.001,1e-05,1e-12,1e-12,0.01,150,170,C,0,-2.175614595413208,5,0.014828133249564312,0.06139338825628773,0.03811076075292602
A,0.001,0.0001,1e-12,1e-12,0.01,150,170,C,0,-2.175614595413208,5,0.014827397924867775,0.061417320313569654,0.03812235911921871
A,0.001,0.001,1e-12,1e-12,0.01,150,170,C,0,-2.175614595413208,5,0.014820365451433538,0.06165035127207101,0.03823535836175228
A,0.001,0.01,1e-12,1e-12,0.01,150,530,C,1,-2.7582390308380127,5,0.02771305295298883,0.04877636434697507,0.038244708649981946
A,1e-05,0.001,1e-12,1e-12,0.01,150,510,C,1,-2.8548877239227295,5,0.01661140474962553,0.06002994966151992,0.03832067720557272
A,1e-06,1e-06,1e-12,1e-12,0.01,150,640,H,9,-0.08353185653686523,5,0.03351386132610681,0.043179150828517046,0.03834650607731192
A,1e-06,0.001,1e-12,1e-12,0.01,150,510,C,1,-2.8548877239227295,5,0.016610349889306285,0.06011124387197907,0.03836079688064267
A,0.001,0.1,1e-12,1e-12,0.01,150,270,C,1,-2.464503288269043,5,0.019347857521431335,0.05761656858800616,0.038482213054718745
A,0.0001,0.01,1e-12,1e-12,0.01,150,530,C,1,-2.7582390308380127,5,0.027720401319127185,0.049696068720362654,0.03870823501974492
A,1e-05,0.01,1e-12,1e-12,0.01,150,530,C,1,-2.7582390308380127,5,0.027721555790698134,0.04978826815201654,0.03875491197135734
A,1e-06,0.01,1e-12,1e-12,0.01,150,530,C,1,-2.7582390308380127,5,0.027721701542075455,0.0497974504576294,0.03875957599985243
A,0.001,0.01,1e-12,1e-12,0.01,150,510,H,8,-0.0713830441236496,5,0.02011148854315643,0.05743581869518289,0.03877365361916966
A,0.0001,1e-06,1e-12,1e-12,0.01,150,170,C,0,-2.175614595413208,5,0.014737500080274179,0.0629727765601962,0.03885513832023519
A,0.0001,1e-05,1e-12,1e-12,0.01,150,170,C,0,-2.175614595413208,5,0.0147374095464877,0.06297510542330584,0.03885625748489677
A,0.0001,0.0001,1e-12,1e-12,0.01,150,170,C,0,-2.175614595413208,5,0.014736509160470632,0.06299862449698962,0.038867566828730125
A,1e-05,1e-06,1e-12,1e-12,0.01,150,170,C,0,-2.175614595413208,5,0.01472911832746977,0.06312739872457022,0.03892825852602
A,1e-05,1e-05,1e-12,1e-12,0.01,150,170,C,0,-2.175614595413208,5,0.014729023418352295,0.06312971663488234,0.03892937002661732
A,1e-06,1e-05,1e-12,1e-12,0.01,150,170,C,0,-2.175614595413208,5,0.014728399433834718,0.0631431684225964,0.03893578392821556
A,1e-06,1e-06,1e-12,1e-12,0.01,150,170,C,0,-2.175614595413208,5,0.014728483646196796,0.06314331602043023,0.03893589983331351
A,1e-05,0.0001,1e-12,1e-12,0.01,150,170,C,0,-2.175614595413208,5,0.014728085265297723,0.06315031809327991,0.03893920167928881
A,1e-06,0.0001,1e-12,1e-12,0.01,150,170,C,0,-2.175614595413208,5,0.014727479584547355,0.06316633915222714,0.038946909368387246
A,0.0001,0.001,1e-12,1e-12,0.01,150,170,C,0,-2.175614595413208,5,0.014727756760452654,0.0632397253857669,0.03898374107310978
A,1e-05,0.001,1e-12,1e-12,0.01,150,170,C,0,-2.175614595413208,5,0.014719177314289778,0.0633802310519653,0.03904970418312754
A,0.001,0.1,1e-12,1e-12,0.01,150,650,H,12,-0.10497073829174042,5,0.005884471470336811,0.07221776285078743,0.03905111716056212
A,1e-06,0.001,1e-12,1e-12,0.01,150,170,C,0,-2.175614595413208,5,0.014718575423359352,0.06339577702319069,0.03905717622327502
A,0.001,0.01,1e-12,1e-12,0.01,150,650,C,4,-1.282924771308899,5,0.017930680948651058,0.06020407990679277,0.03906738042772191
A,0.01,1.0,1e-12,1e-12,0.01,150,650,H,12,-0.10497073829174042,5,0.0059101686476393306,0.0722390455616304,0.03907460710463486
A,0.0001,0.1,1e-12,1e-12,0.01,150,270,C,1,-2.464503288269043,5,0.01929156573286324,0.058866459198649815,0.03907901246575653
A,1e-05,0.1,1e-12,1e-12,0.01,150,270,C,1,-2.464503288269043,5,0.019287876655612997,0.05899651404383451,0.039142195349723755
A,1e-06,0.1,1e-12,1e-12,0.01,150,270,C,1,-2.464503288269043,5,0.019287232635602513,0.05901054253935725,0.039148887587479884
A,0.0001,0.01,1e-12,1e-12,0.01,150,650,C,4,-1.282924771308899,5,0.017914455579470048,0.06053316559327424,0.03922381058637214
A,1e-05,0.01,1e-12,1e-12,0.01,150,650,C,4,-1.282924771308899,5,0.017913341322109477,0.06056489299845005,0.039239117160279766
A,1e-06,0.01,1e-12,1e-12,0.01,150,650,C,4,-1.282924771308899,5,0.017913179705413566,0.060567914431377726,0.039240547068395644
A,0.001,0.01,1e-12,1e-12,0.01,150,170,C,0,-2.175614595413208,5,0.014750617424909063,0.06406479001722384,0.03940770372106645
A,1e-06,1e-06,1e-12,1e-12,0.01,150,330,H,1,-0.05347871407866478,5,0.025868073830165397,0.05328397279943182,0.039576023314798606
A,0.1,1.0,1e-12,1e-12,0.01,150,650,H,15,-0.01910228095948696,5,0.0317135018673538,0.04782473990663954,0.03976912088699667
A,0.01,0.1,1e-12,1e-12,0.01,150,650,H,15,-0.01910228095948696,5,0.031729304930379704,0.047827764343229565,0.039778534636804634
A,1e-06,1e-05,1e-12,1e-12,0.01,150,330,H,1,-0.05347871407866478,5,0.025787738460086338,0.05457409682030687,0.0401809176401966
A,1e-05,0.001,1e-12,1e-12,0.01,150,640,H,4,-0.03988323733210564,5,0.021852730387538797,0.058554791174554054,0.04020376078104643
A,0.0001,0.01,1e-12,1e-12,0.01,150,170,C,0,-2.175614595413208,5,0.014665077954861369,0.06600036454824458,0.040332721251552975
A,1e-05,0.01,1e-12,1e-12,0.01,150,170,C,0,-2.175614595413208,5,0.014661354868584676,0.06620268638759455,0.040432020628089614
A,1e-06,0.01,1e-12,1e-12,0.01,150,170,C,0,-2.175614595413208,5,0.014661016336293766,0.06622318143038743,0.0404420988833406
A,0.1,1.0,1e-12,1e-12,0.01,150,510,H,8,-0.0713830441236496,5,0.02348885725860714,0.05740446987690615,0.04044666356775665
A,0.01,0.1,1e-12,1e-12,0.01,150,510,H,8,-0.0713830441236496,5,0.023492612216281458,0.0574030863850477,0.04044784930066458
A,0.01,1e-06,1e-12,1e-12,0.01,150,650,C,4,-1.282924771308899,5,0.01722202603076888,0.06424467959587155,0.04073335281332021
A,0.01,1e-05,1e-12,1e-12,0.01,150,650,C,4,-1.282924771308899,5,0.01722263865471029,0.06424449569572921,0.040733567175219754
A,0.1,0.1,1e-12,1e-12,0.01,150,650,C,2,-0.7869271636009216,5,0.014909235456946881,0.06655801648289249,0.04073362596991968
A,0.01,0.0001,1e-12,1e-12,0.01,150,650,C,4,-1.282924771308899,5,0.017221828934637893,0.06425107481699506,0.040736451875816475
A,1e-06,0.001,1e-12,1e-12,0.01,150,640,H,4,-0.03988323733210564,5,0.02157647524323283,0.06030774483439361,0.04094211003881322
A,0.001,0.01,1e-12,1e-12,0.01,150,650,H,15,-0.01910228095948696,5,0.034084012052738824,0.04783531630165734,0.04095966417719808
A,1e-06,1e-05,1e-12,1e-12,0.01,150,640,H,9,-0.08353185653686523,5,0.03415327909422361,0.048197134978416614,0.04117520703632011
A,0.1,1e-06,1e-12,1e-12,0.01,150,330,C,0,-1.5042518377304077,5,0.0126018335661276,0.07024558199901924,0.04142370778257342
A,0.1,1e-05,1e-12,1e-12,0.01,150,330,C,0,-1.5042518377304077,5,0.012601827000200188,0.07024614737943746,0.04142398718981882
A,0.1,0.0001,1e-12,1e-12,0.01,150,330,C,0,-1.5042518377304077,5,0.012601953360347298,0.07025022772494854,0.04142609054264792
A,0.1,0.001,1e-12,1e-12,0.01,150,330,C,0,-1.5042518377304077,5,0.012602104116178273,0.07029689562938746,0.04144949987278287
A,0.01,0.01,1e-12,1e-12,0.01,150,650,C,4,-1.282924771308899,5,0.017213501518224945,0.06607452791187435,0.041644014715049645
A,0.1,0.01,1e-12,1e-12,0.01,150,330,C,0,-1.5042518377304077,5,0.01260802912903781,0.07080232816554023,0.04170517864728902
A,0.0001,0.001,1e-12,1e-12,0.01,150,640,H,4,-0.03988323733210564,5,0.018241148974686296,0.0653823946085287,0.0418117717916075
A,0.0001,0.1,1e-12,1e-12,0.01,150,650,H,15,-0.01910228095948696,5,0.03560405130239018,0.04812054898102788,0.04186230014170903
A,1e-05,0.1,1e-12,1e-12,0.01,150,650,H,15,-0.01910228095948696,5,0.035604501103909426,0.04813158299872198,0.0418680420513157
A,1e-06,0.1,1e-12,1e-12,0.01,150,650,H,15,-0.01910228095948696,5,0.035604912787171254,0.04813230813884772,0.041868610463009485
A,0.001,0.01,1e-12,1e-12,0.01,150,510,C,1,-2.8548877239227295,5,0.017774901944434644,0.06612478515958874,0.04194984355201169
A,0.001,1e-06,1e-12,1e-12,0.01,150,610,C,2,-2.5053277015686035,5,0.029980297833870247,0.05433271430830213,0.04215650607108619
A,0.001,1e-05,1e-12,1e-12,0.01,150,610,C,2,-2.5053277015686035,5,0.029980758272381464,0.05434665846260796,0.04216370836749471
A,0.001,0.0001,1e-12,1e-12,0.01,150,610,C,2,-2.5053277015686035,5,0.029983354967009566,0.054463178625655535,0.04222326679633255
A,0.01,0.1,1e-12,1e-12,0.01,150,650,H,6,-0.01910228095948696,5,0.02941674564818283,0.055553859796500224,0.04248530272234153
A,0.001,0.001,1e-12,1e-12,0.01,150,610,C,2,-2.5053277015686035,5,0.02943463300050876,0.055683139094254555,0.04255888604738166
A,0.01,0.001,1e-12,1e-12,0.01,150,650,C,4,-1.282924771308899,5,0.01721990291054542,0.06947160094954824,0.04334575193004683
A,1e-06,1.0,1e-12,1e-12,0.01,150,380,H,2,-0.11749634146690369,5,0.0043333568992166786,0.08306341721999583,0.043698387059606256
A,1e-05,1.0,1e-12,1e-12,0.01,150,380,H,2,-0.11749634146690369,5,0.004333361154494238,0.0830635690679823,0.043698465111238274
A,0.0001,1.0,1e-12,1e-12,0.01,150,380,H,2,-0.11749634146690369,5,0.004333408305540494,0.08306511500864432,0.043699261657092404
A,0.01,0.1,1e-12,1e-12,0.01,150,640,H,4,-0.03988323733210564,5,0.019511711943833988,0.06790037819240194,0.04370604506811796
A,0.001,1.0,1e-12,1e-12,0.01,150,380,H,2,-0.11749634146690369,5,0.004333146126820344,0.08308049376440835,0.043706819945614345
A,0.1,1.0,1e-12,1e-12,0.01,150,640,H,4,-0.03988323733210564,5,0.019508807047836585,0.06791618872062224,0.043712497884229415
A,1e-06,0.1,1e-12,1e-12,0.01,150,380,H,2,-0.11749634146690369,5,0.004321089543585938,0.08311362899952578,0.04371735927155586
A,1e-05,0.1,1e-12,1e-12,0.01,150,380,H,2,-0.11749634146690369,5,0.004321265247095647,0.08311502529934253,0.043718145273219086
A,0.0001,0.1,1e-12,1e-12,0.01,150,380,H,2,-0.11749634146690369,5,0.004321340384946373,0.0831288878988474,0.043725114141896886
A,0.01,1.0,1e-12,1e-12,0.01,150,380,H,2,-0.11749634146690369,5,0.004339153754484229,0.08323163770628719,0.04378539573038571
A,0.001,1e-06,1e-12,1e-12,0.01,150,650,C,4,-1.282924771308899,5,0.01793644490742004,0.0700354670439109,0.04398595597566547
A,0.001,1e-05,1e-12,1e-12,0.01,150,650,C,4,-1.282924771308899,5,0.01793647573923737,0.07003648535875044,0.04398648054899391
A,0.001,0.0001,1e-12,1e-12,0.01,150,650,C,4,-1.282924771308899,5,0.017936171597580024,0.0700461486447597,0.04399116012116987
A,1e-05,1e-06,1e-12,1e-12,0.01,150,640,H,4,-0.03988323733210564,5,0.021544510217229296,0.06647482709373043,0.04400966865547986
A,0.001,0.001,1e-12,1e-12,0.01,150,650,C,4,-1.282924771308899,5,0.01793550262411925,0.07014452698696778,0.044040014805543516
A,0.01,0.1,1e-12,1e-12,0.01,150,530,C,1,-2.7582390308380127,5,0.027587534621871728,0.06055680014057529,0.044072167381223507
A,0.0001,1e-06,1e-12,1e-12,0.01,150,650,C,4,-1.282924771308899,5,0.017922378070801735,0.07041564212319347,0.0441690100969976
A,0.0001,1e-05,1e-12,1e-12,0.01,150,650,C,4,-1.282924771308899,5,0.017922365024022786,0.07041659783386574,0.044169481428944266
A,0.0001,0.0001,1e-12,1e-12,0.01,150,650,C,4,-1.282924771308899,5,0.017922227595098802,0.0704258744291204,0.044174051012109604
A,1e-05,1e-06,1e-12,1e-12,0.01,150,650,C,4,-1.282924771308899,5,0.01792052401224443,0.07045674510533853,0.04418863455879148
A,1e-05,1e-05,1e-12,1e-12,0.01,150,650,C,4,-1.282924771308899,5,0.01792051835839166,0.07045769861591968,0.04418910848715567
A,1e-06,1e-06,1e-12,1e-12,0.01,150,650,C,4,-1.282924771308899,5,0.017920817928361147,0.07045968344671305,0.0441902506875371
A,1e-06,1e-05,1e-12,1e-12,0.01,150,650,C,4,-1.282924771308899,5,0.01792082201034927,0.07046062813880322,0.04419072507457624
A,1e-05,0.0001,1e-12,1e-12,0.01,150,650,C,4,-1.282924771308899,5,0.017920454752244144,0.07046695521471047,0.04419370498347731
A,1e-06,0.0001,1e-12,1e-12,0.01,150,650,C,4,-1.282924771308899,5,0.01792076646098333,0.07046983330103328,0.0441952998810083
A,0.0001,0.001,1e-12,1e-12,0.01,150,650,C,4,-1.282924771308899,5,0.0179217601269713,0.07052318796088979,0.044222474043930544
A,1e-05,0.001,1e-12,1e-12,0.01,150,650,C,4,-1.282924771308899,5,0.017919051563428108,0.07055778286018416,0.04423841721180613
A,1e-06,0.001,1e-12,1e-12,0.01,150,650,C,4,-1.282924771308899,5,0.017918986508025387,0.07056150343880216,0.04424024497341377
A,1e-05,1e-05,1e-12,1e-12,0.01,150,640,H,4,-0.03988323733210564,5,0.021519687304359082,0.06730164261400248,0.04441066495918078
A,0.01,0.1,1e-12,1e-12,0.01,150,170,C,0,-2.175614595413208,5,0.013561605110311122,0.07573687456367939,0.04464923983699526
A,0.1,1.0,1e-12,1e-12,0.01,150,270,C,1,-2.464503288269043,5,0.026274317544390635,0.06351538066104295,0.044894849102716794
A,0.0001,1e-06,1e-12,1e-12,0.01,150,270,H,0,-0.04426804184913635,5,0.02058197816112968,0.06962223014245694,0.04510210415179331
A,0.0001,0.01,1e-12,1e-12,0.01,150,510,C,1,-2.8548877239227295,5,0.017703991577691026,0.0733280708682763,0.04551603122298366
A,0.0001,1e-05,1e-12,1e-12,0.01,150,270,H,0,-0.04426804184913635,5,0.020562319084425674,0.0704706704205327,0.04551649475247919
A,0.0001,0.1,1e-12,1e-12,0.01,150,530,C,1,-2.7582390308380127,5,0.02757723075704655,0.06367880138267466,0.04562801606986061
A,1e-05,0.1,1e-12,1e-12,0.01,150,530,C,1,-2.7582390308380127,5,0.02757747808731122,0.06371501564455759,0.0456462468659344
A,1e-06,0.1,1e-12,1e-12,0.01,150,530,C,1,-2.7582390308380127,5,0.027577516022442444,0.06371874903921214,0.04564813253082729
A,1e-05,0.01,1e-12,1e-12,0.01,150,510,C,1,-2.8548877239227295,5,0.017701878611336284,0.07387339925911508,0.04578763893522568
A,1e-06,0.01,1e-12,1e-12,0.01,150,510,C,1,-2.8548877239227295,5,0.017701689264933453,0.07392479021765336,0.04581323974129341
A,1e-05,0.0001,1e-12,1e-12,0.01,150,330,H,1,-0.05347871407866478,5,0.029728584702664422,0.06259507181212022,0.04616182825739232
A,1e-06,0.0001,1e-12,1e-12,0.01,150,330,H,1,-0.05347871407866478,5,0.028166622718437565,0.06591900224750127,0.04704281248296942
A,0.0001,0.01,1e-12,1e-12,0.01,150,650,H,15,-0.01910228095948696,5,0.02992270968102086,0.06497871991268254,0.0474507147968517
A,1e-05,0.0001,1e-12,1e-12,0.01,150,640,H,9,-0.08353185653686523,5,0.029973221617792867,0.06502983090880989,0.047501526263301376
A,1e-05,1e-06,1e-12,1e-12,0.01,150,170,H,3,-0.026961499825119972,5,4.454833032884732e-05,0.0952419761331042,0.04764326223171653
A,1e-06,1e-06,1e-12,1e-12,0.01,150,170,H,3,-0.026961499825119972,5,4.547588370106345e-05,0.09533040419697941,0.047687940040340236
A,1e-05,1e-05,1e-12,1e-12,0.01,150,170,H,3,-0.026961499825119972,5,4.521245391618901e-05,0.09535028884913091,0.04769775065152355
A,1e-05,0.0001,1e-12,1e-12,0.01,150,170,H,3,-0.026961499825119972,5,4.471792202267442e-05,0.09591140835959863,0.047978063140810656
A,1e-06,0.0001,1e-12,1e-12,0.01,150,170,H,3,-0.026961499825119972,5,4.876940633459636e-05,0.09602391041230404,0.04803633990931932
A,1e-06,1e-06,1e-12,1e-12,0.01,150,640,H,4,-0.03988323733210564,5,0.018733061561988014,0.07741397142861195,0.04807351649529998
A,1e-05,0.0001,1e-12,1e-12,0.01,150,640,H,4,-0.03988323733210564,5,0.018879265014094405,0.0776810434711262,0.0482801542426103
A,0.0001,1e-06,1e-12,1e-12,0.01,150,610,C,2,-2.5053277015686035,5,0.029923467214883558,0.06679036584131026,0.04835691652809691
A,0.0001,1e-05,1e-12,1e-12,0.01,150,610,C,2,-2.5053277015686035,5,0.029923800730597003,0.06680758707029284,0.04836569390044492
A,0.0001,0.0001,1e-12,1e-12,0.01,150,610,C,2,-2.5053277015686035,5,0.029926986980317507,0.06697996702444879,0.04845347700238315
A,0.1,1.0,1e-12,1e-12,0.01,150,650,H,12,-0.10497073829174042,5,0.003857280036811448,0.09309595598017344,0.04847661800849244
A,0.01,0.1,1e-12,1e-12,0.01,150,650,H,12,-0.10497073829174042,5,0.0038588316984250032,0.09312076512976275,0.04848979841409388
A,1e-06,1e-05,1e-12,1e-12,0.01,150,640,H,4,-0.03988323733210564,5,0.018699473652037585,0.0783171115814566,0.04850829261674709
A,1e-06,0.01,1e-12,1e-12,0.01,150,650,H,12,-0.10497073829174042,5,0.005836470533935165,0.09121699395000923,0.0485267322419722
A,1e-05,0.01,1e-12,1e-12,0.01,150,650,H,12,-0.10497073829174042,5,0.0058359430745832525,0.09123138087436637,0.04853366197447481
A,0.0001,1e-06,1e-12,1e-12,0.01,150,170,H,3,-0.026961499825119972,5,3.9769198342341816e-05,0.09714766239281972,0.04859371579558103
A,0.0001,1e-05,1e-12,1e-12,0.01,150,170,H,3,-0.026961499825119972,5,3.996028160504363e-05,0.09721646520371865,0.04862821274266185
A,0.0001,0.01,1e-12,1e-12,0.01,150,650,H,12,-0.10497073829174042,5,0.006004950086077095,0.09138793843424739,0.048696444260162244
A,0.01,1e-06,1e-12,1e-12,0.01,150,650,C,2,-0.7869271636009216,5,0.0139208728149303,0.08410982704419112,0.04901534992956071
A,0.01,1e-05,1e-12,1e-12,0.01,150,650,C,2,-0.7869271636009216,5,0.013920717818285883,0.08411080190142034,0.04901575985985311
A,0.01,0.0001,1e-12,1e-12,0.01,150,650,C,2,-0.7869271636009216,5,0.013921025968888454,0.08411201114092631,0.049016518554907386
A,0.1,1e-06,1e-12,1e-12,0.01,150,620,C,3,-8.189264297485352,5,0.02838708132590522,0.06965435368179906,0.049020717503852146
A,0.1,1e-05,1e-12,1e-12,0.01,150,620,C,3,-8.189264297485352,5,0.02838707967017604,0.06965437638789225,0.04902072802903414
A,0.1,0.0001,1e-12,1e-12,0.01,150,620,C,3,-8.189264297485352,5,0.0283870189881623,0.06965454213512147,0.049020780561641886
A,0.1,0.001,1e-12,1e-12,0.01,150,620,C,3,-8.189264297485352,5,0.02838683726673798,0.06965636972827814,0.04902160349750806
A,0.01,0.001,1e-12,1e-12,0.01,150,650,C,2,-0.7869271636009216,5,0.013921078341849379,0.08412378472730851,0.04902243153457894
A,0.1,0.01,1e-12,1e-12,0.01,150,620,C,3,-8.189264297485352,5,0.02838529154892785,0.0696731740473606,0.04902923279814423
A,0.01,0.01,1e-12,1e-12,0.01,150,650,C,2,-0.7869271636009216,5,0.013920308785696386,0.08423936720037009,0.04907983799303324
A,0.1,0.1,1e-12,1e-12,0.01,150,620,C,3,-8.189264297485352,5,0.028359175986054065,0.06983483060129847,0.049097003293676264
A,0.001,1e-06,1e-12,1e-12,0.01,150,620,C,3,-8.189264297485352,5,0.028132341965334408,0.07009368521691438,0.049113013591124396
A,0.001,1e-05,1e-12,1e-12,0.01,150,620,C,3,-8.189264297485352,5,0.02813233915263189,0.07009370528077592,0.049113022216703904
A,0.001,0.0001,1e-12,1e-12,0.01,150,620,C,3,-8.189264297485352,5,0.02813232511958001,0.07009385062747413,0.04911308787352707
A,0.001,0.001,1e-12,1e-12,0.01,150,620,C,3,-8.189264297485352,5,0.02813157868030908,0.07009499951072973,0.0491132890955194
A,0.0001,1e-06,1e-12,1e-12,0.01,150,620,C,3,-8.189264297485352,5,0.02813102631167639,0.07009949911326312,0.04911526271246976
A,0.0001,1e-05,1e-12,1e-12,0.01,150,620,C,3,-8.189264297485352,5,0.028131026710363723,0.07009951019443127,0.0491152684523975
A,1e-05,1e-06,1e-12,1e-12,0.01,150,620,C,3,-8.189264297485352,5,0.028130797552467834,0.0700998748697516,0.049115336211109716
A,0.0001,0.0001,1e-12,1e-12,0.01,150,620,C,3,-8.189264297485352,5,0.02813100834943687,0.07009966576709219,0.04911533705826453
A,1e-05,1e-05,1e-12,1e-12,0.01,150,620,C,3,-8.189264297485352,5,0.028130794560288174,0.07009988669508953,0.04911534062768885
A,1e-05,0.0001,1e-12,1e-12,0.01,150,620,C,3,-8.189264297485352,5,0.0281307784814595,0.07010004304306994,0.04911541076226472
A,1e-06,1e-06,1e-12,1e-12,0.01,150,620,C,3,-8.189264297485352,5,0.02813167626018939,0.07009984750435384,0.04911576188227162
A,1e-06,1e-05,1e-12,1e-12,0.01,150,620,C,3,-8.189264297485352,5,0.02813167329032421,0.0700998600009899,0.049115766645657054
A,1e-06,0.0001,1e-12,1e-12,0.01,150,620,C,3,-8.189264297485352,5,0.028131644050659668,0.07010001069734945,0.04911582737400456
A,0.0001,0.001,1e-12,1e-12,0.01,150,620,C,3,-8.189264297485352,5,0.028130669225848896,0.0701012327389574,0.04911595098240314
A,1e-05,0.001,1e-12,1e-12,0.01,150,620,C,3,-8.189264297485352,5,0.028130603803628577,0.07010157177856992,0.049116087791099244
A,1e-06,0.001,1e-12,1e-12,0.01,150,620,C,3,-8.189264297485352,5,0.028131457169576074,0.07010167545948558,0.049116566314530825
A,0.001,0.01,1e-12,1e-12,0.01,150,620,C,3,-8.189264297485352,5,0.028129496887516873,0.07011017017448717,0.04911983353100202
A,0.0001,0.01,1e-12,1e-12,0.01,150,620,C,3,-8.189264297485352,5,0.028126481069558246,0.07011607156139972,0.04912127631547898
A,1e-05,0.01,1e-12,1e-12,0.01,150,620,C,3,-8.189264297485352,5,0.028126290012402393,0.070116269620848,0.0491212798166252
A,1e-06,0.01,1e-12,1e-12,0.01,150,620,C,3,-8.189264297485352,5,0.028126294664307654,0.07011638918129885,0.04912134192280325
A,0.01,1e-06,1e-12,1e-12,0.01,150,620,C,3,-8.189264297485352,5,0.028181455184133695,0.07007896005670214,0.04913020762041792
A,0.01,1e-05,1e-12,1e-12,0.01,150,620,C,3,-8.189264297485352,5,0.02818145304718839,0.07007897457582658,0.049130213811507485
A,0.01,0.0001,1e-12,1e-12,0.01,150,620,C,3,-8.189264297485352,5,0.02818141391308391,0.07007905968944912,0.04913023680126652
A,0.01,0.001,1e-12,1e-12,0.01,150,620,C,3,-8.189264297485352,5,0.0281813305329988,0.07008066285402893,0.04913099669351387
A,0.0001,0.0001,1e-12,1e-12,0.01,150,170,H,3,-0.026961499825119972,5,4.2419512380976435e-05,0.0982324407309342,0.04913743012165759
A,0.001,1e-06,1e-12,1e-12,0.01,150,650,C,2,-0.7869271636009216,5,0.01387698631223901,0.08439851145385073,0.04913774888304487
A,0.001,1e-05,1e-12,1e-12,0.01,150,650,C,2,-0.7869271636009216,5,0.013876986620953598,0.08439859947415128,0.04913779304755244
A,0.001,0.0001,1e-12,1e-12,0.01,150,650,C,2,-0.7869271636009216,5,0.013876947388209953,0.0843996729506648,0.04913831016943738
A,0.01,0.01,1e-12,1e-12,0.01,150,620,C,3,-8.189264297485352,5,0.028179961233032822,0.07009777149325885,0.049138866363145836
A,0.001,0.001,1e-12,1e-12,0.01,150,650,C,2,-0.7869271636009216,5,0.013875747298314716,0.08441351873657713,0.04914463301744592
A,0.0001,1e-06,1e-12,1e-12,0.01,150,650,C,2,-0.7869271636009216,5,0.013874784096234114,0.08443411091092665,0.04915444750358038
A,0.0001,1e-05,1e-12,1e-12,0.01,150,650,C,2,-0.7869271636009216,5,0.013874779674955064,0.0844342245289671,0.04915450210196108
A,1e-05,1e-06,1e-12,1e-12,0.01,150,650,C,2,-0.7869271636009216,5,0.013873187927224265,0.08443619140901852,0.04915468966812139
A,1e-05,1e-05,1e-12,1e-12,0.01,150,650,C,2,-0.7869271636009216,5,0.013873183552101688,0.08443632821725706,0.04915475588467938
A,1e-06,1e-06,1e-12,1e-12,0.01,150,650,C,2,-0.7869271636009216,5,0.013873347437697522,0.08443648635286202,0.049154916895279774
A,1e-06,1e-05,1e-12,1e-12,0.01,150,650,C,2,-0.7869271636009216,5,0.013873361243812606,0.08443661699516775,0.04915498911949018
A,0.0001,0.0001,1e-12,1e-12,0.01,150,650,C,2,-0.7869271636009216,5,0.013874750544253436,0.08443583245600396,0.0491552915001287
A,1e-06,0.0001,1e-12,1e-12,0.01,150,650,C,2,-0.7869271636009216,5,0.013873196058810211,0.08443769739148835,0.04915544672514928
A,1e-05,0.0001,1e-12,1e-12,0.01,150,650,C,2,-0.7869271636009216,5,0.013873391595777017,0.08443921111639036,0.04915630135608369
A,0.0001,0.001,1e-12,1e-12,0.01,150,650,C,2,-0.7869271636009216,5,0.013874309586271899,0.08444654212358252,0.049160425854927206
A,1e-05,0.001,1e-12,1e-12,0.01,150,650,C,2,-0.7869271636009216,5,0.013872987682090639,0.08445022371850626,0.04916160570029845
A,1e-06,0.001,1e-12,1e-12,0.01,150,650,C,2,-0.7869271636009216,5,0.013872958336450645,0.08445062936727818,0.049161793851864415
A,0.0001,0.1,1e-12,1e-12,0.01,150,620,C,3,-8.189264297485352,5,0.028099374200066356,0.07026458428306857,0.04918197924156746
A,1e-06,0.1,1e-12,1e-12,0.01,150,620,C,3,-8.189264297485352,5,0.02809947757386582,0.07026480894628293,0.049182143260074376
A,1e-05,0.1,1e-12,1e-12,0.01,150,620,C,3,-8.189264297485352,5,0.028099787736352997,0.07026477361726924,0.049182280676811116
A,0.001,0.1,1e-12,1e-12,0.01,150,620,C,3,-8.189264297485352,5,0.028104833786035097,0.07026454702043315,0.04918469040323412
A,0.01,0.1,1e-12,1e-12,0.01,150,620,C,3,-8.189264297485352,5,0.028147814932426584,0.0702514025348198,0.049199608733623196
A,0.001,0.01,1e-12,1e-12,0.01,150,650,C,2,-0.7869271636009216,5,0.01387568813775825,0.0846618063418621,0.04926874723981017
A,0.0001,0.01,1e-12,1e-12,0.01,150,650,C,2,-0.7869271636009216,5,0.013874601600642848,0.08469719102905915,0.049285896314851
A,1e-06,0.01,1e-12,1e-12,0.01,150,650,C,2,-0.7869271636009216,5,0.013873770272214833,0.08470031988819074,0.04928704508020278
A,1e-05,0.01,1e-12,1e-12,0.01,150,650,C,2,-0.7869271636009216,5,0.013874415945205226,0.08470096240459671,0.049287689174900964
A,1e-05,1e-06,1e-12,1e-12,0.01,150,510,H,8,-0.0713830441236496,5,0.02669064108103351,0.07238361636687927,0.049537128723956395
A,1e-06,1e-06,1e-12,1e-12,0.01,150,330,H,2,-0.052478715777397156,5,0.024966842293717637,0.07457049891746378,0.04976867060559071
A,0.1,1.0,1e-12,1e-12,0.01,150,620,C,3,-8.189264297485352,5,0.028239611669780975,0.07146435009577866,0.04985198088277982
A,0.1,1.0,1e-12,1e-12,0.01,150,510,C,1,-2.8548877239227295,5,0.015266886895456336,0.08468202818757022,0.04997445754151328
A,1e-06,1e-05,1e-12,1e-12,0.01,150,170,H,3,-0.026961499825119972,5,0.005169108814778088,0.09542643013601136,0.05029776947539472
A,1e-06,0.0001,1e-12,1e-12,0.01,150,640,H,4,-0.03988323733210564,5,0.018494930394292355,0.08215972635501487,0.05032732837465361
A,0.0001,0.0001,1e-12,1e-12,0.01,150,270,H,0,-0.04426804184913635,5,0.02034959835065669,0.08031135270576996,0.05033047552821333
A,0.001,0.1,1e-12,1e-12,0.01,150,530,C,1,-2.7582390308380127,5,0.027572615214474013,0.07323294486296725,0.05040278003872063
A,0.0001,0.001,1e-12,1e-12,0.01,150,610,C,2,-2.5053277015686035,5,0.028770855172913105,0.07243424064223564,0.050602547907574374
A,1e-05,1e-06,1e-12,1e-12,0.01,150,610,C,2,-2.5053277015686035,5,0.02991663191856274,0.07149225946846038,0.05070444569351156
A,0.01,0.1,1e-12,1e-12,0.01,150,610,H,6,-0.14696994423866272,5,0.009482453607534474,0.09194471008398901,0.05071358184576174
A,1e-05,1e-05,1e-12,1e-12,0.01,150,610,C,2,-2.5053277015686035,5,0.02991699202585986,0.07151727120106742,0.05071713161346364
A,1e-06,1e-06,1e-12,1e-12,0.01,150,610,C,2,-2.5053277015686035,5,0.0299160799077353,0.07167500273743276,0.05079554132258403
A,1e-06,1e-05,1e-12,1e-12,0.01,150,610,C,2,-2.5053277015686035,5,0.029914629683094798,0.07170075164659098,0.05080769066484289
A,1e-05,0.0001,1e-12,1e-12,0.01,150,610,C,2,-2.5053277015686035,5,0.029919295002924323,0.07177110377034587,0.0508451993866351
A,1e-06,1e-05,1e-12,1e-12,0.01,150,330,H,2,-0.052478715777397156,5,0.02489233385257967,0.07681243464354492,0.05085238424806229
A,1e-06,0.0001,1e-12,1e-12,0.01,150,610,C,2,-2.5053277015686035,5,0.029918202083650314,0.07195805002794059,0.05093812605579545
A,0.001,1e-06,1e-12,1e-12,0.01,150,170,C,3,-2.179614543914795,5,0.019522875822156484,0.08242782596482855,0.05097535089349252
A,0.001,1e-05,1e-12,1e-12,0.01,150,170,C,3,-2.179614543914795,5,0.01952281886754391,0.08242981115958695,0.05097631501356543
A,0.001,0.0001,1e-12,1e-12,0.01,150,170,C,3,-2.179614543914795,5,0.019522181855255293,0.0824495156109365,0.0509858487330959
A,0.01,0.1,1e-12,1e-12,0.01,150,640,H,13,-0.030795302242040634,5,0.035201995608587826,0.06805571835107127,0.05162885697982955
A,0.1,1.0,1e-12,1e-12,0.01,150,640,H,13,-0.030795302242040634,5,0.035191786432764806,0.06811072487878378,0.05165125565577429
A,0.0001,1e-06,1e-12,1e-12,0.01,150,330,H,4,-0.02938268519937992,5,0.019131991756934558,0.08432716330670004,0.0517295775318173
A,1e-05,1e-05,1e-12,1e-12,0.01,150,510,H,8,-0.0713830441236496,5,0.026739611830166807,0.07704185178943476,0.051890731809800784
A,0.0001,1e-05,1e-12,1e-12,0.01,150,330,H,4,-0.02938268519937992,5,0.019126365414606813,0.08476795480606128,0.05194716011033405
A,1e-05,0.001,1e-12,1e-12,0.01,150,610,C,2,-2.5053277015686035,5,0.028772336774257556,0.07573523056934323,0.05225378367180039
A,0.1,1.0,1e-12,1e-12,0.01,150,650,C,4,-1.282924771308899,5,0.0209437976095312,0.08373941582182151,0.05234160671567636
A,1e-06,0.001,1e-12,1e-12,0.01,150,610,C,2,-2.5053277015686035,5,0.02877195067312707,0.07615871717357556,0.052465333923351315
A,0.01,0.1,1e-12,1e-12,0.01,150,510,C,1,-2.8548877239227295,5,0.01398813830400559,0.0913633592943745,0.05267574879919005
A,0.1,0.1,1e-12,1e-12,0.01,150,330,C,0,-1.5042518377304077,5,0.012569729694463298,0.09321774741937783,0.05289373855692056
A,1e-06,1e-06,1e-12,1e-12,0.01,150,510,H,8,-0.0713830441236496,5,0.024273598895423333,0.08197945237133666,0.053126525633379995
A,0.01,0.1,1e-12,1e-12,0.01,150,170,H,3,-0.026961499825119972,5,0.014060201554403748,0.09230782844789948,0.053184015001151615
A,0.1,1.0,1e-12,1e-12,0.01,150,170,H,3,-0.026961499825119972,5,0.014076106602998845,0.09275508089319026,0.053415593748094556
A,0.01,1.0,1e-12,1e-12,0.01,150,650,H,15,-0.01910228095948696,5,0.034840985768796205,0.07211835609365953,0.053479670931227866
A,0.1,1.0,1e-12,1e-12,0.01,150,530,C,1,-2.7582390308380127,5,0.02962477640501553,0.07733718389634348,0.0534809801506795
A,0.001,0.001,1e-12,1e-12,0.01,150,170,C,3,-2.179614543914795,5,0.019515219857989423,0.0875772962731472,0.053546258065568314
A,0.01,0.1,1e-12,1e-12,0.01,150,330,C,0,-1.5042518377304077,5,0.013149412799215844,0.09402022844930422,0.05358482062426003
A,0.001,0.01,1e-12,1e-12,0.01,150,640,H,13,-0.030795302242040634,5,0.03980241315196718,0.06748410324820113,0.05364325820008416
A,0.01,1.0,1e-12,1e-12,0.01,150,270,C,1,-2.464503288269043,5,0.023952875827774972,0.08348554635919254,0.05371921109348376
A,0.001,0.1,1e-12,1e-12,0.01,150,330,C,0,-1.5042518377304077,5,0.013126052497527513,0.09449212620757164,0.05380908935254958
A,0.0001,0.1,1e-12,1e-12,0.01,150,330,C,0,-1.5042518377304077,5,0.013125663866012022,0.09454123150594376,0.05383344768597789
A,1e-05,0.1,1e-12,1e-12,0.01,150,330,C,0,-1.5042518377304077,5,0.013125479958306497,0.09454699770571726,0.05383623883201188
A,1e-06,0.1,1e-12,1e-12,0.01,150,330,C,0,-1.5042518377304077,5,0.013125464643813003,0.0945474631975004,0.053836463920656705
A,0.0001,1e-06,1e-12,1e-12,0.01,150,170,C,3,-2.179614543914795,5,0.019455850559454743,0.08870734061448818,0.05408159558697146
A,0.0001,1e-05,1e-12,1e-12,0.01,150,170,C,3,-2.179614543914795,5,0.019455768646784357,0.08870958839816245,0.05408267852247341
A,0.0001,0.0001,1e-12,1e-12,0.01,150,170,C,3,-2.179614543914795,5,0.01945493190075852,0.08873183569853148,0.054093383799645
A,1e-05,1e-06,1e-12,1e-12,0.01,150,170,C,3,-2.179614543914795,5,0.019449672310396886,0.08884629050838366,0.054147981409390276
A,1e-05,1e-05,1e-12,1e-12,0.01,150,170,C,3,-2.179614543914795,5,0.019449580833553526,0.088848501905576,0.05414904136956476
A,1e-06,1e-06,1e-12,1e-12,0.01,150,170,C,3,-2.179614543914795,5,0.019449413401583186,0.08886049537039503,0.05415495438598911
A,1e-06,1e-05,1e-12,1e-12,0.01,150,170,C,3,-2.179614543914795,5,0.01944936842799195,0.0888628080079273,0.05415608821795963
A,1e-05,0.0001,1e-12,1e-12,0.01,150,170,C,3,-2.179614543914795,5,0.019448728495620127,0.08887068809526444,0.05415970829544228
A,1e-06,0.0001,1e-12,1e-12,0.01,150,170,C,3,-2.179614543914795,5,0.01944844803872947,0.0888852655158364,0.05416685677728294
A,0.0001,0.0001,1e-12,1e-12,0.01,150,330,H,4,-0.02938268519937992,5,0.01908903163244484,0.0892620286863334,0.05417553015938912
A,0.0001,0.001,1e-12,1e-12,0.01,150,170,C,3,-2.179614543914795,5,0.01944749340860595,0.08895760153623158,0.05420254747241877
A,1e-05,0.001,1e-12,1e-12,0.01,150,170,C,3,-2.179614543914795,5,0.019440701820811982,0.0890956327990385,0.05426816730992524
A,1e-06,0.001,1e-12,1e-12,0.01,150,170,C,3,-2.179614543914795,5,0.019440401879013275,0.08911039449457493,0.054275398186794103
A,0.1,1.0,1e-12,1e-12,0.01,150,380,C,0,0.17328409850597382,5,0.023656835744053095,0.08500124057165874,0.05432903815785592
A,1e-06,1e-05,1e-12,1e-12,0.01,150,510,H,8,-0.0713830441236496,5,0.02419103103607069,0.08448376773195769,0.05433739938401419
A,0.001,0.01,1e-12,1e-12,0.01,150,170,C,3,-2.179614543914795,5,0.019456788521271196,0.08993923135169093,0.054698009936481065
A,0.001,0.1,1e-12,1e-12,0.01,150,170,C,0,-2.175614595413208,5,0.014466031821302449,0.09498090985208443,0.05472347083669344
A,0.001,1.0,1e-12,1e-12,0.01,150,650,H,15,-0.01910228095948696,5,0.037287950844022616,0.07223095668116741,0.054759453762595015
A,0.0001,1.0,1e-12,1e-12,0.01,150,650,H,15,-0.01910228095948696,5,0.03729438520323694,0.07224078169101636,0.05476758344712665
A,1e-05,1.0,1e-12,1e-12,0.01,150,650,H,15,-0.01910228095948696,5,0.037294778419412214,0.07224168684763746,0.05476823263352484
A,1e-06,1.0,1e-12,1e-12,0.01,150,650,H,15,-0.01910228095948696,5,0.037294816879360794,0.07224176077697979,0.054768288828170295
A,1e-05,0.1,1e-12,1e-12,0.01,150,170,C,0,-2.175614595413208,5,0.014433762544010405,0.0954911473847034,0.05496245496435691
A,0.0001,0.1,1e-12,1e-12,0.01,150,170,C,0,-2.175614595413208,5,0.01443623880556621,0.09548900738680105,0.05496262309618363
A,0.0001,0.01,1e-12,1e-12,0.01,150,170,C,3,-2.179614543914795,5,0.019399325130125197,0.09126149000597525,0.05533040756805022
A,1e-05,0.01,1e-12,1e-12,0.01,150,170,C,3,-2.179614543914795,5,0.019393769756706442,0.09139141326164049,0.055392591509173465
A,1e-06,0.01,1e-12,1e-12,0.01,150,170,C,3,-2.179614543914795,5,0.019393232714293985,0.09140348832758281,0.0553983605209384
A,1e-05,1e-06,1e-12,1e-12,0.01,150,330,H,4,-0.02938268519937992,5,0.02236288028950638,0.09001220781137079,0.05618754405043858
A,1e-05,1e-05,1e-12,1e-12,0.01,150,330,H,4,-0.02938268519937992,5,0.022346691215623094,0.09031821271185281,0.05633245196373795
A,1e-06,1e-06,1e-12,1e-12,0.01,150,330,H,4,-0.02938268519937992,5,0.022305054749118678,0.09062031156537985,0.05646268315724926
A,1e-06,1e-05,1e-12,1e-12,0.01,150,330,H,4,-0.02938268519937992,5,0.022291567478761848,0.09092003607391545,0.05660580177633865
A,0.001,0.1,1e-12,1e-12,0.01,150,650,H,15,-0.01910228095948696,5,0.04160536037737246,0.07215812315237718,0.05688174176487482
A,0.01,0.1,1e-12,1e-12,0.01,150,650,C,2,-0.7869271636009216,5,0.013890964002379134,0.1009259553743761,0.057408459688377614
A,0.001,1.0,1e-12,1e-12,0.01,150,330,C,0,-1.5042518377304077,5,0.012781878078963563,0.10300005703496495,0.05789096755696426
A,0.0001,1.0,1e-12,1e-12,0.01,150,330,C,0,-1.5042518377304077,5,0.0127829622221969,0.1030017884025797,0.0578923753123883
A,1e-05,1.0,1e-12,1e-12,0.01,150,330,C,0,-1.5042518377304077,5,0.012782899932311643,0.10300201593578975,0.0578924579340507
A,1e-06,1.0,1e-12,1e-12,0.01,150,330,C,0,-1.5042518377304077,5,0.01278289370307635,0.10300203617819888,0.057892464940637614
A,0.01,1.0,1e-12,1e-12,0.01,150,330,C,0,-1.5042518377304077,5,0.01280633083283417,0.1029823260326049,0.057894328432719536
A,1e-05,0.0001,1e-12,1e-12,0.01,150,330,H,4,-0.02938268519937992,5,0.022263052155247917,0.09380933209359058,0.058036192124419246
A,0.1,1.0,1e-12,1e-12,0.01,150,170,C,0,-2.175614595413208,5,0.01688145756960709,0.10006017012837079,0.05847081384898894
A,0.001,0.1,1e-12,1e-12,0.01,150,650,C,2,-0.7869271636009216,5,0.01386531638921725,0.10312351496410521,0.05849441567666123
A,1e-05,0.0001,1e-12,1e-12,0.01,150,330,H,2,-0.052478715777397156,5,0.02523179493873482,0.0917996509661215,0.058515722952428156
A,0.0001,0.1,1e-12,1e-12,0.01,150,650,C,2,-0.7869271636009216,5,0.013861793560690984,0.10321558874369498,0.058538691152192984
A,1e-05,0.1,1e-12,1e-12,0.01,150,650,C,2,-0.7869271636009216,5,0.013861795733944159,0.10322798539726878,0.05854489056560647
A,1e-06,0.1,1e-12,1e-12,0.01,150,650,C,2,-0.7869271636009216,5,0.01386173050799148,0.10322890431346966,0.058545317410730574
A,0.001,0.01,1e-12,1e-12,0.01,150,610,C,2,-2.5053277015686035,5,0.030782831504669088,0.08657118189851806,0.05867700670159358
A,0.1,1e-06,1e-12,1e-12,0.01,150,380,C,0,0.17328409850597382,5,0.023770262528236677,0.09399224807341125,0.05888125530082396
A,0.1,1e-05,1e-12,1e-12,0.01,150,380,C,0,0.17328409850597382,5,0.023770261344795887,0.09399230907329273,0.05888128520904431
A,0.1,0.0001,1e-12,1e-12,0.01,150,380,C,0,0.17328409850597382,5,0.023770259380910885,0.09399283338058681,0.05888154638074885
A,0.1,0.001,1e-12,1e-12,0.01,150,380,C,0,0.17328409850597382,5,0.02377026319527128,0.09399816498800778,0.05888421409163953
A,0.1,0.01,1e-12,1e-12,0.01,150,380,C,0,0.17328409850597382,5,0.02376790192289021,0.09404722232639064,0.05890756212464042
A,1e-05,1e-06,1e-12,1e-12,0.01,150,330,H,2,-0.052478715777397156,5,0.024290620576192808,0.09353270319337412,0.05891166188478346
A,0.1,0.1,1e-12,1e-12,0.01,150,380,C,0,0.17328409850597382,5,0.02375328426836501,0.09452235006543575,0.05913781716690038
A,0.01,1e-06,1e-12,1e-12,0.01,150,380,C,0,0.17328409850597382,5,0.02365290849386734,0.09481762695973125,0.059235267726799296
A,0.01,1e-05,1e-12,1e-12,0.01,150,380,C,0,0.17328409850597382,5,0.023652908172879065,0.09481767775898454,0.0592352929659318
A,0.01,0.0001,1e-12,1e-12,0.01,150,380,C,0,0.17328409850597382,5,0.02365275106262624,0.0948181140949936,0.05923543257880992
A,0.01,0.001,1e-12,1e-12,0.01,150,380,C,0,0.17328409850597382,5,0.023652942272886012,0.09482294569546379,0.0592379439841749
A,0.001,1e-06,1e-12,1e-12,0.01,150,380,C,0,0.17328409850597382,5,0.0236250538878719,0.09487930393763352,0.05925217891275271
A,0.001,1e-05,1e-12,1e-12,0.01,150,380,C,0,0.17328409850597382,5,0.023625053553350726,0.09487934289612318,0.05925219822473696
A,0.001,0.0001,1e-12,1e-12,0.01,150,380,C,0,0.17328409850597382,5,0.023625068584142567,0.09488009171067119,0.05925258014740688
A,0.0001,1e-06,1e-12,1e-12,0.01,150,380,C,0,0.17328409850597382,5,0.023623229069495315,0.09488519037914112,0.05925420972431822
A,0.0001,1e-05,1e-12,1e-12,0.01,150,380,C,0,0.17328409850597382,5,0.02362322995608594,0.09488523120484907,0.059254230580467505
A,1e-05,1e-06,1e-12,1e-12,0.01,150,380,C,0,0.17328409850597382,5,0.023623065226079498,0.09488555241193478,0.05925430881900714
A,1e-05,1e-05,1e-12,1e-12,0.01,150,380,C,0,0.17328409850597382,5,0.023623065273911625,0.09488560120181248,0.059254333237862056
A,1e-06,1e-06,1e-12,1e-12,0.01,150,380,C,0,0.17328409850597382,5,0.023623066157692694,0.09488565506142121,0.05925436060955695
A,1e-06,1e-05,1e-12,1e-12,0.01,150,380,C,0,0.17328409850597382,5,0.023623066011981504,0.09488570085601428,0.05925438343399789
A,0.0001,0.0001,1e-12,1e-12,0.01,150,380,C,0,0.17328409850597382,5,0.023623226881046424,0.0948856507579599,0.059254438819503166
A,1e-05,0.0001,1e-12,1e-12,0.01,150,380,C,0,0.17328409850597382,5,0.023623019508173304,0.09488597526707611,0.059254497387624706
A,1e-06,0.0001,1e-12,1e-12,0.01,150,380,C,0,0.17328409850597382,5,0.023623012384618055,0.09488606553176272,0.05925453895819039
A,0.001,0.001,1e-12,1e-12,0.01,150,380,C,0,0.17328409850597382,5,0.0236249075705091,0.09488428664499142,0.05925459710775026
A,0.0001,0.001,1e-12,1e-12,0.01,150,380,C,0,0.17328409850597382,5,0.02362319747162749,0.0948900249573099,0.059256611214468694
A,1e-05,0.001,1e-12,1e-12,0.01,150,380,C,0,0.17328409850597382,5,0.023623039050237035,0.0948908363417701,0.05925693769600357
A,1e-06,0.001,1e-12,1e-12,0.01,150,380,C,0,0.17328409850597382,5,0.02362302943983771,0.09489092580752503,0.05925697762368137
A,0.01,0.01,1e-12,1e-12,0.01,150,380,C,0,0.17328409850597382,5,0.023651700260629654,0.09486437376918687,0.05925803701490826
A,0.001,0.01,1e-12,1e-12,0.01,150,380,C,0,0.17328409850597382,5,0.02362401837703359,0.0949243282115676,0.0592741732943006
A,0.0001,0.01,1e-12,1e-12,0.01,150,380,C,0,0.17328409850597382,5,0.023622184058700663,0.09492755628014052,0.05927487016942059
A,1e-05,0.01,1e-12,1e-12,0.01,150,380,C,0,0.17328409850597382,5,0.023622203098998252,0.09492877962504984,0.05927549136202404
A,1e-06,0.01,1e-12,1e-12,0.01,150,380,C,0,0.17328409850597382,5,0.023622197057989985,0.09492886219588396,0.059275529626936975
A,1e-05,1e-06,1e-12,1e-12,0.01,150,270,H,0,-0.04426804184913635,5,0.02784320124576095,0.09095213295718807,0.05939766710147451
A,0.0001,0.01,1e-12,1e-12,0.01,150,610,C,2,-2.5053277015686035,5,0.03243259053171175,0.08645345008608793,0.059443020308899835
A,0.01,0.1,1e-12,1e-12,0.01,150,380,C,0,0.17328409850597382,5,0.023629898204213608,0.09526942470947289,0.059449661456843245
A,0.001,0.1,1e-12,1e-12,0.01,150,380,C,0,0.17328409850597382,5,0.02361326303748606,0.09533740987718414,0.059475336457335104
A,0.0001,0.1,1e-12,1e-12,0.01,150,380,C,0,0.17328409850597382,5,0.02361169648302508,0.09534335789040986,0.05947752718671747
A,1e-05,0.1,1e-12,1e-12,0.01,150,380,C,0,0.17328409850597382,5,0.023612235644008002,0.09534597937852148,0.05947910751126474
A,1e-06,0.1,1e-12,1e-12,0.01,150,380,C,0,0.17328409850597382,5,0.023612331128890374,0.09534629740566858,0.059479314267279475
A,1e-05,1e-06,1e-12,1e-12,0.01,150,640,H,13,-0.030795302242040634,5,0.028307913923030253,0.09088813312319602,0.059598023523113136
A,1e-05,1e-05,1e-12,1e-12,0.01,150,270,H,0,-0.04426804184913635,5,0.027814380208825484,0.09164860944069489,0.05973149482476019
A,1e-05,0.01,1e-12,1e-12,0.01,150,610,C,2,-2.5053277015686035,5,0.03241291669664655,0.0871150675810683,0.05976399213885743
A,1e-06,0.01,1e-12,1e-12,0.01,150,610,C,2,-2.5053277015686035,5,0.03241311546725615,0.0871780817042341,0.059795598585745124
A,0.01,0.1,1e-12,1e-12,0.01,150,330,H,4,-0.02938268519937992,5,0.017939919217450737,0.10193356116670368,0.05993674019207721
A,0.1,1.0,1e-12,1e-12,0.01,150,330,H,4,-0.02938268519937992,5,0.017940456482572472,0.10196795802424768,0.05995420725341008
A,0.1,1.0,1e-12,1e-12,0.01,150,650,C,2,-0.7869271636009216,5,0.014776996591810176,0.10521171677438235,0.05999435668309626
A,1e-06,0.0001,1e-12,1e-12,0.01,150,330,H,2,-0.052478715777397156,5,0.024737229222471926,0.09551334027102032,0.060125284746746124
A,1e-05,1e-05,1e-12,1e-12,0.01,150,640,H,13,-0.030795302242040634,5,0.02828876213284786,0.09202034625177888,0.06015455419231337
A,1e-05,1e-05,1e-12,1e-12,0.01,150,330,H,2,-0.052478715777397156,5,0.024203655235152572,0.0969573967049803,0.06058052597006643
A,0.01,0.1,1e-12,1e-12,0.01,150,170,C,3,-2.179614543914795,5,0.019816337597160266,0.10145153039497558,0.060633933996067924
A,1e-06,1e-06,1e-12,1e-12,0.01,150,270,H,0,-0.04426804184913635,5,0.029284124278898715,0.09211083641204382,0.06069748034547127
A,1e-06,0.1,1e-12,1e-12,0.01,150,170,C,0,-2.175614595413208,5,0.014433332180500406,0.107494209404407,0.0609637707924537
A,1e-06,1e-05,1e-12,1e-12,0.01,150,270,H,0,-0.04426804184913635,5,0.02925451018094455,0.09273488228753848,0.060994696234241516
A,0.001,1.0,1e-12,1e-12,0.01,150,270,C,1,-2.464503288269043,5,0.02404379658777856,0.09900874031566237,0.06152626845172046
A,0.0001,1.0,1e-12,1e-12,0.01,150,270,C,1,-2.464503288269043,5,0.024045509721408342,0.0990565517491224,0.06155103073526537
A,1e-05,1.0,1e-12,1e-12,0.01,150,270,C,1,-2.464503288269043,5,0.024046634482890232,0.09906089839421232,0.061553766438551274
A,1e-06,1.0,1e-12,1e-12,0.01,150,270,C,1,-2.464503288269043,5,0.02404730011717117,0.09906096449820409,0.06155413230768763
A,0.001,0.1,1e-12,1e-12,0.01,150,510,C,1,-2.8548877239227295,5,0.014775760691463219,0.108501759807198,0.06163876024933061
A,0.0001,0.1,1e-12,1e-12,0.01,150,510,C,1,-2.8548877239227295,5,0.014736380437839895,0.108936867326244,0.06183662388204195
A,1e-05,0.1,1e-12,1e-12,0.01,150,510,C,1,-2.8548877239227295,5,0.01473255233556241,0.10897436495786889,0.061853458646715646
A,1e-06,0.1,1e-12,1e-12,0.01,150,510,C,1,-2.8548877239227295,5,0.014732196860350877,0.10897810802895806,0.06185515244465447
A,1e-06,0.01,1e-12,1e-12,0.01,150,620,H,3,-0.25204017758369446,5,0.011752531668688431,0.1122256456963504,0.06198908868251942
A,1e-05,0.01,1e-12,1e-12,0.01,150,620,H,3,-0.25204017758369446,5,0.011753361112848772,0.11224063439861283,0.0619969977557308
A,0.0001,0.001,1e-12,1e-12,0.01,150,330,H,1,-0.05347871407866478,5,0.0297510530787437,0.09446823296164095,0.062109643020192326
A,0.0001,0.01,1e-12,1e-12,0.01,150,620,H,3,-0.25204017758369446,5,0.011796246587247997,0.11251875052897445,0.06215749855811122
A,1e-06,0.01,1e-12,1e-12,0.01,150,610,H,6,-0.14696994423866272,5,0.0087207338988029,0.1158045129213302,0.06226262341006655
A,1e-05,0.01,1e-12,1e-12,0.01,150,610,H,6,-0.14696994423866272,5,0.008721357583806906,0.1158267882506597,0.0622740729172333
A,1e-05,0.0001,1e-12,1e-12,0.01,150,270,H,0,-0.04426804184913635,5,0.027516228078564606,0.09715347717342551,0.06233485262599506
A,1e-05,1e-06,1e-12,1e-12,0.01,150,620,H,3,-0.25204017758369446,5,0.020783592450982907,0.10392548561785589,0.0623545390344194
A,1e-05,1e-05,1e-12,1e-12,0.01,150,620,H,3,-0.25204017758369446,5,0.02078236138664284,0.10394598863639032,0.06236417501151658
A,1e-06,1e-06,1e-12,1e-12,0.01,150,620,H,3,-0.25204017758369446,5,0.020784413271327278,0.10395855482714962,0.06237148404923845
A,1e-06,1e-05,1e-12,1e-12,0.01,150,620,H,3,-0.25204017758369446,5,0.02078304971014007,0.10398024367548672,0.062381646692813396
A,0.0001,1e-06,1e-12,1e-12,0.01,150,620,H,3,-0.25204017758369446,5,0.02102899428923027,0.10378755814467427,0.062408276216952274
A,0.0001,1e-05,1e-12,1e-12,0.01,150,620,H,3,-0.25204017758369446,5,0.021030162798830694,0.10381433983457669,0.06242225131670369
A,0.0001,0.01,1e-12,1e-12,0.01,150,610,H,6,-0.14696994423866272,5,0.008695806217007955,0.11616306772764334,0.06242943697232565
A,1e-05,0.0001,1e-12,1e-12,0.01,150,620,H,3,-0.25204017758369446,5,0.020772704531218773,0.10415262091932576,0.06246266272527226
A,0.1,1.0,1e-12,1e-12,0.01,150,330,H,1,-0.05347871407866478,5,0.030920040476198694,0.09401046514614321,0.06246525281117095
A,0.0001,0.0001,1e-12,1e-12,0.01,150,620,H,3,-0.25204017758369446,5,0.02094173635918218,0.10399866867186616,0.06247020251552417
A,1e-06,0.0001,1e-12,1e-12,0.01,150,620,H,3,-0.25204017758369446,5,0.020771366858597318,0.10418110398262528,0.0624762354206113
A,1e-06,0.0001,1e-12,1e-12,0.01,150,270,H,0,-0.04426804184913635,5,0.027343068631105402,0.0982585745826806,0.062800821606893
A,1e-06,1e-06,1e-12,1e-12,0.01,150,640,H,13,-0.030795302242040634,5,0.027790467035410354,0.09791304211545082,0.06285175457543059
A,0.001,1.0,1e-12,1e-12,0.01,150,530,C,1,-2.7582390308380127,5,0.029840946928302303,0.09672414368832588,0.06328254530831409
A,1e-06,1.0,1e-12,1e-12,0.01,150,530,C,1,-2.7582390308380127,5,0.02986315422553159,0.09670361233726066,0.06328338328139613
A,1e-05,1.0,1e-12,1e-12,0.01,150,530,C,1,-2.7582390308380127,5,0.029863126211106303,0.09670380877842956,0.06328346749476793
A,0.0001,1.0,1e-12,1e-12,0.01,150,530,C,1,-2.7582390308380127,5,0.02986293216721188,0.09670572896141197,0.06328433056431193
A,1e-06,1e-05,1e-12,1e-12,0.01,150,640,H,13,-0.030795302242040634,5,0.027747169994312353,0.0989768038451973,0.06336198691975482
A,0.001,0.001,1e-12,1e-12,0.01,150,620,H,3,-0.25204017758369446,5,0.021586914364711177,0.10514690547081543,0.06336690991776331
A,0.01,1.0,1e-12,1e-12,0.01,150,530,C,1,-2.7582390308380127,5,0.029902331215734657,0.09692508251650661,0.06341370686612063
A,0.001,1.0,1e-12,1e-12,0.01,150,380,C,0,0.17328409850597382,5,0.023559858233590605,0.10327471710409579,0.06341728766884319
A,1e-06,1.0,1e-12,1e-12,0.01,150,380,C,0,0.17328409850597382,5,0.023559610012451774,0.1032782892705384,0.0634189496414951
A,1e-05,1.0,1e-12,1e-12,0.01,150,380,C,0,0.17328409850597382,5,0.023559612329607554,0.10327828833850031,0.06341895033405393
A,0.01,1.0,1e-12,1e-12,0.01,150,380,C,0,0.17328409850597382,5,0.023562521826554918,0.10327538041887331,0.06341895112271412
A,0.0001,1.0,1e-12,1e-12,0.01,150,380,C,0,0.17328409850597382,5,0.023559648361996,0.1032782972020678,0.0634189727820319
A,1e-05,0.001,1e-12,1e-12,0.01,150,620,H,3,-0.25204017758369446,5,0.020742215813459485,0.10613176354589696,0.06343698967967822
A,1e-06,0.001,1e-12,1e-12,0.01,150,620,H,3,-0.25204017758369446,5,0.020739324378051014,0.10614285657564837,0.06344109047684969
A,0.01,1.0,1e-12,1e-12,0.01,150,650,C,2,-0.7869271636009216,5,0.01466041526781026,0.1124732372038645,0.06356682623583738
A,1e-06,0.001,1e-12,1e-12,0.01,150,490,H,6,-0.1284528225660324,5,0.006469654359636935,0.12069408128632729,0.06358186782298211
A,1e-05,0.001,1e-12,1e-12,0.01,150,490,H,6,-0.1284528225660324,5,0.006485581481065249,0.12072089999901223,0.06360324074003874
A,0.001,1.0,1e-12,1e-12,0.01,150,650,C,2,-0.7869271636009216,5,0.014665671672383177,0.11256661148160699,0.06361614157699508
A,0.0001,1.0,1e-12,1e-12,0.01,150,650,C,2,-0.7869271636009216,5,0.014664225599366917,0.11258476156039048,0.06362449357987869
A,1e-05,1.0,1e-12,1e-12,0.01,150,650,C,2,-0.7869271636009216,5,0.014663941203250487,0.11258600761710835,0.06362497441017942
A,1e-06,1.0,1e-12,1e-12,0.01,150,650,C,2,-0.7869271636009216,5,0.014663932040680462,0.11258608014401425,0.06362500609234735
A,0.0001,0.001,1e-12,1e-12,0.01,150,620,H,3,-0.25204017758369446,5,0.020831834384681912,0.10653611396148066,0.06368397417308129
A,0.0001,0.001,1e-12,1e-12,0.01,150,640,H,9,-0.08353185653686523,5,0.02856643714091439,0.09981170785599366,0.06418907249845403
A,1e-05,0.0001,1e-12,1e-12,0.01,150,510,H,8,-0.0713830441236496,5,0.02653024365649655,0.10192138182555723,0.06422581274102689
A,1e-06,0.0001,1e-12,1e-12,0.01,150,510,H,8,-0.0713830441236496,5,0.024469950961251444,0.10524404353006603,0.06485699724565874
A,0.001,0.01,1e-12,1e-12,0.01,150,640,H,9,-0.08353185653686523,5,0.02856720154474683,0.10120303874341585,0.06488512014408135
A,0.01,0.1,1e-12,1e-12,0.01,150,640,H,9,-0.08353185653686523,5,0.0285608069668771,0.10122934482067383,0.06489507589377547
A,0.1,1.0,1e-12,1e-12,0.01,150,640,H,9,-0.08353185653686523,5,0.028560820521440485,0.10123042070748331,0.0648956206144619
A,1e-05,0.001,1e-12,1e-12,0.01,150,650,H,6,-0.01910228095948696,5,0.030112563796533258,0.09984905657630919,0.06498081018642123
A,0.001,0.1,1e-12,1e-12,0.01,150,610,H,6,-0.14696994423866272,5,0.014216228696082939,0.11575865254391135,0.06498744061999714
A,1e-06,0.001,1e-12,1e-12,0.01,150,650,H,6,-0.01910228095948696,5,0.030106608028325026,0.10014066985330247,0.06512363894081374
A,0.01,1.0,1e-12,1e-12,0.01,150,170,C,0,-2.175614595413208,5,0.012060327607709448,0.11848839989829665,0.06527436375300305
A,1e-05,0.0001,1e-12,1e-12,0.01,150,640,H,13,-0.030795302242040634,5,0.02789009408337083,0.10395572189243182,0.06592290798790132
A,0.0001,1.0,1e-12,1e-12,0.01,150,620,C,3,-8.189264297485352,5,0.027928261712117538,0.10445849067577152,0.06619337619394453
A,1e-05,1.0,1e-12,1e-12,0.01,150,620,C,3,-8.189264297485352,5,0.02792931341045244,0.104458241719863,0.06619377756515772
A,1e-06,1.0,1e-12,1e-12,0.01,150,620,C,3,-8.189264297485352,5,0.027929310545342673,0.10445825211112951,0.06619378132823608
A,0.001,1.0,1e-12,1e-12,0.01,150,620,C,3,-8.189264297485352,5,0.027935271105771646,0.10446009756325103,0.06619768433451134
A,0.01,1.0,1e-12,1e-12,0.01,150,620,C,3,-8.189264297485352,5,0.02794450828539014,0.10446706482066243,0.06620578655302628
A,0.01,1e-06,1e-12,1e-12,0.01,150,330,C,0,-1.5042518377304077,5,0.01323100286820533,0.12041446130762552,0.06682273208791542
A,0.01,1e-05,1e-12,1e-12,0.01,150,330,C,0,-1.5042518377304077,5,0.013230992407971397,0.12041568780674382,0.0668233401073576
A,0.01,0.0001,1e-12,1e-12,0.01,150,330,C,0,-1.5042518377304077,5,0.01323088469639948,0.12042796713618827,0.06682942591629387
A,0.01,0.001,1e-12,1e-12,0.01,150,330,C,0,-1.5042518377304077,5,0.013229262079514208,0.12054586315501084,0.06688756261726253
A,1e-05,0.001,1e-12,1e-12,0.01,150,330,H,1,-0.05347871407866478,5,0.03258529035882602,0.10177660348315186,0.06718094692098894
A,1e-06,1.0,1e-12,1e-12,0.01,150,510,C,1,-2.8548877239227295,5,0.013754285441024586,0.12070442113409038,0.06722935328755748
A,1e-05,1.0,1e-12,1e-12,0.01,150,510,C,1,-2.8548877239227295,5,0.013754284107486515,0.12070470959685647,0.0672294968521715
A,0.0001,1.0,1e-12,1e-12,0.01,150,510,C,1,-2.8548877239227295,5,0.013754228091867686,0.12070755802650156,0.06723089305918462
A,0.001,1.0,1e-12,1e-12,0.01,150,510,C,1,-2.8548877239227295,5,0.013753568706571585,0.12073576745310372,0.06724466807983764
A,1e-05,1e-06,1e-12,1e-12,0.01,150,650,H,15,-0.01910228095948696,5,0.029165744081128993,0.10552417429198344,0.06734495918655621
A,0.01,0.01,1e-12,1e-12,0.01,150,330,C,0,-1.5042518377304077,5,0.01321722834571272,0.12161617816848924,0.06741670325710097
A,0.1,1.0,1e-12,1e-12,0.01,150,170,C,3,-2.179614543914795,5,0.02292848450934197,0.11193247360111268,0.06743047905522732
A,1e-05,1e-05,1e-12,1e-12,0.01,150,650,H,15,-0.01910228095948696,5,0.02915113939441455,0.10605289808326632,0.06760201873884043
A,1e-06,0.001,1e-12,1e-12,0.01,150,330,H,1,-0.05347871407866478,5,0.03182801646948025,0.10351641369169724,0.06767221508058874
A,0.01,1.0,1e-12,1e-12,0.01,150,510,C,1,-2.8548877239227295,5,0.014475807158598112,0.12100074239640762,0.06773827477750287
A,0.001,1e-06,1e-12,1e-12,0.01,150,330,C,0,-1.5042518377304077,5,0.013178390153262401,0.12267657223994657,0.0679274811966045
A,0.001,1e-05,1e-12,1e-12,0.01,150,330,C,0,-1.5042518377304077,5,0.013178382812986852,0.12267770262845318,0.06792804272072002
A,0.001,0.0001,1e-12,1e-12,0.01,150,330,C,0,-1.5042518377304077,5,0.0131782754560565,0.12268938164098075,0.06793382854851862
A,0.001,0.001,1e-12,1e-12,0.01,150,330,C,0,-1.5042518377304077,5,0.01317352846284956,0.12280444018283584,0.0679889843228427
A,0.0001,1e-06,1e-12,1e-12,0.01,150,330,C,0,-1.5042518377304077,5,0.013171633189292499,0.12291109073535046,0.06804136196232148
A,0.0001,1e-05,1e-12,1e-12,0.01,150,330,C,0,-1.5042518377304077,5,0.013171624103787666,0.12291217382922334,0.0680418989665055
A,0.0001,0.0001,1e-12,1e-12,0.01,150,330,C,0,-1.5042518377304077,5,0.013171497557292874,0.12292283880882347,0.06804716818305817
A,1e-05,1e-06,1e-12,1e-12,0.01,150,330,C,0,-1.5042518377304077,5,0.013171782122168949,0.12293586925441896,0.06805382568829396
A,1e-06,1e-06,1e-12,1e-12,0.01,150,330,C,0,-1.5042518377304077,5,0.01317190164085034,0.12293658289613918,0.06805424226849476
A,1e-05,1e-05,1e-12,1e-12,0.01,150,330,C,0,-1.5042518377304077,5,0.013171773217284181,0.12293694143777878,0.06805435732753148
A,1e-06,1e-05,1e-12,1e-12,0.01,150,330,C,0,-1.5042518377304077,5,0.013171890989713338,0.12293767339972655,0.06805478219471994
A,1e-05,0.0001,1e-12,1e-12,0.01,150,330,C,0,-1.5042518377304077,5,0.01317151856251672,0.12294470876374863,0.06805811366313268
A,1e-06,0.0001,1e-12,1e-12,0.01,150,330,C,0,-1.5042518377304077,5,0.013171789025903803,0.12294793904186682,0.06805986403388531
A,0.0001,0.001,1e-12,1e-12,0.01,150,330,C,0,-1.5042518377304077,5,0.01316975703067406,0.1230240230375467,0.06809689003411037
A,1e-05,0.001,1e-12,1e-12,0.01,150,330,C,0,-1.5042518377304077,5,0.013170507341023634,0.12305009245068707,0.06811029989585535
A,1e-06,0.001,1e-12,1e-12,0.01,150,330,C,0,-1.5042518377304077,5,0.013170524430920013,0.1230524913654241,0.06811150789817205
A,0.001,0.01,1e-12,1e-12,0.01,150,330,C,0,-1.5042518377304077,5,0.01316289272631581,0.12379744348218424,0.06848016810425003
A,1e-06,1e-06,1e-12,1e-12,0.01,150,650,H,15,-0.01910228095948696,5,0.02902852232340369,0.1080621524387925,0.0685453373810981
A,0.0001,0.01,1e-12,1e-12,0.01,150,330,C,0,-1.5042518377304077,5,0.013159837744651863,0.1239772380510561,0.06856853789785398
A,1e-05,0.01,1e-12,1e-12,0.01,150,330,C,0,-1.5042518377304077,5,0.0131597290073992,0.1239913928026624,0.0685755609050308
A,1e-06,0.01,1e-12,1e-12,0.01,150,330,C,0,-1.5042518377304077,5,0.013159675667851003,0.12399321755627415,0.06857644661206258
A,1e-06,1e-05,1e-12,1e-12,0.01,150,650,H,15,-0.01910228095948696,5,0.02900870138413434,0.10855246189478279,0.06878058163945856
A,1e-06,0.0001,1e-12,1e-12,0.01,150,640,H,13,-0.030795302242040634,5,0.027451517381052674,0.11042881381711211,0.06894016559908239
A,0.001,0.1,1e-12,1e-12,0.01,150,170,C,3,-2.179614543914795,5,0.01923622404169419,0.11937177139351227,0.06930399771760323
A,0.1,1.0,1e-12,1e-12,0.01,150,330,C,0,-1.5042518377304077,5,0.013318311618258912,0.1258898892018905,0.06960410041007471
A,0.0001,0.1,1e-12,1e-12,0.01,150,170,C,3,-2.179614543914795,5,0.01919624886659418,0.12021396419475211,0.06970510653067315
A,1e-05,0.1,1e-12,1e-12,0.01,150,170,C,3,-2.179614543914795,5,0.01919099610298929,0.12029034134866332,0.06974066872582631
A,1e-06,0.1,1e-12,1e-12,0.01,150,170,C,3,-2.179614543914795,5,0.019190584630212053,0.12029761966624407,0.06974410214822806
A,0.0001,1e-06,1e-12,1e-12,0.01,150,620,H,6,0.08161692321300507,5,0.02716194494264673,0.11279346115969843,0.06997770305117258
A,0.0001,1e-05,1e-12,1e-12,0.01,150,620,H,6,0.08161692321300507,5,0.02716054766068996,0.11304920407126885,0.07010487586597941
A,1e-05,0.0001,1e-12,1e-12,0.01,150,650,H,15,-0.01910228095948696,5,0.029017903670778583,0.11121768340289918,0.07011779353683889
A,1e-05,1e-06,1e-12,1e-12,0.01,150,650,H,6,-0.01910228095948696,5,0.0293000048416508,0.11129216705066242,0.0702960859461566
A,0.001,0.01,1e-12,1e-12,0.01,150,620,H,2,-0.2488207370042801,5,0.019778314383473643,0.12126097843743523,0.07051964641045444
A,1e-05,1e-05,1e-12,1e-12,0.01,150,650,H,6,-0.01910228095948696,5,0.02928361378903986,0.11182647736496393,0.0705550455770019
A,0.0001,0.0001,1e-12,1e-12,0.01,150,620,H,6,0.08161692321300507,5,0.027159603162884755,0.11471895268386703,0.0709392779233759
A,1e-06,0.0001,1e-12,1e-12,0.01,150,650,H,15,-0.01910228095948696,5,0.028915855474976968,0.11321448676013263,0.0710651711175548
A,1e-06,1e-06,1e-12,1e-12,0.01,150,650,H,6,-0.01910228095948696,5,0.029093194694630373,0.11349093731898988,0.07129206600681012
A,1e-05,1e-06,1e-12,1e-12,0.01,150,620,H,6,0.08161692321300507,5,0.02697942236306447,0.11589873510830813,0.0714390787356863
A,1e-06,1e-05,1e-12,1e-12,0.01,150,650,H,6,-0.01910228095948696,5,0.029069277875989435,0.11394900166902742,0.07150913977250843
A,1e-05,1e-05,1e-12,1e-12,0.01,150,620,H,6,0.08161692321300507,5,0.026979151118778848,0.1160532066147239,0.07151617886675138
A,1e-05,0.001,1e-12,1e-12,0.01,150,270,H,0,-0.04426804184913635,5,0.026198332478567954,0.11737768585488481,0.07178800916672638
A,1e-06,0.001,1e-12,1e-12,0.01,150,270,H,0,-0.04426804184913635,5,0.026066641402260952,0.11790280290830409,0.07198472215528252
A,1e-06,1e-06,1e-12,1e-12,0.01,150,620,H,6,0.08161692321300507,5,0.02972388586123419,0.11605373195471898,0.07288880890797658
A,1e-05,0.0001,1e-12,1e-12,0.01,150,650,H,6,-0.01910228095948696,5,0.029103750543828414,0.11682823211404098,0.07296599132893469
A,1e-06,1e-05,1e-12,1e-12,0.01,150,620,H,6,0.08161692321300507,5,0.029725448149403245,0.11621271714025964,0.07296908264483144
A,0.01,0.1,1e-12,1e-12,0.01,150,610,C,2,-2.5053277015686035,5,0.038466493267706424,0.10802510516429424,0.07324579921600033
A,1e-05,0.0001,1e-12,1e-12,0.01,150,620,H,6,0.08161692321300507,5,0.029720914013356508,0.11708371001767034,0.07340231201551342
A,1e-06,0.0001,1e-12,1e-12,0.01,150,620,H,6,0.08161692321300507,5,0.029725010190256772,0.11733716843167016,0.07353108931096347
A,1e-06,0.0001,1e-12,1e-12,0.01,150,650,H,6,-0.01910228095948696,5,0.028913830111081635,0.11867535762130985,0.07379459386619575
A,0.001,0.1,1e-12,1e-12,0.01,150,640,H,0,0.13790667057037354,5,0.005220688907973386,0.1425327896726872,0.0738767392903303
A,0.001,1.0,1e-12,1e-12,0.01,150,170,C,0,-2.175614595413208,5,0.01413477897771848,0.1336335964649014,0.07388418772130993
A,0.0001,1.0,1e-12,1e-12,0.01,150,170,C,0,-2.175614595413208,5,0.014131734720750218,0.1337301742831627,0.07393095450195646
A,1e-05,1.0,1e-12,1e-12,0.01,150,170,C,0,-2.175614595413208,5,0.0141308196578805,0.13373325859776947,0.07393203912782498
A,1e-06,1.0,1e-12,1e-12,0.01,150,170,C,0,-2.175614595413208,5,0.014130814887040648,0.13373389089550125,0.07393235289127095
A,0.0001,0.1,1e-12,1e-12,0.01,150,640,H,0,0.13790667057037354,5,0.0051720524571166404,0.14458914895299985,0.07488060070505824
A,1e-05,0.1,1e-12,1e-12,0.01,150,640,H,0,0.13790667057037354,5,0.005170593852404002,0.14469513148246987,0.07493286266743694
A,1e-06,0.1,1e-12,1e-12,0.01,150,640,H,0,0.13790667057037354,5,0.005170620546591602,0.1447057527811456,0.0749381866638686
A,0.001,0.01,1e-12,1e-12,0.01,150,170,H,3,-0.026961499825119972,5,0.008548945220312573,0.1420548147437686,0.07530187998204059
A,1e-06,0.01,1e-12,1e-12,0.01,150,650,H,15,-0.01910228095948696,5,0.030603075601705377,0.12022195264526872,0.07541251412348705
A,1e-05,0.01,1e-12,1e-12,0.01,150,650,H,15,-0.01910228095948696,5,0.030608425037543432,0.12024544019251607,0.07542693261502975
A,1e-05,0.001,1e-12,1e-12,0.01,150,620,H,6,0.08161692321300507,5,0.029699873207576957,0.12263434881196189,0.07616711100976942
A,0.01,0.1,1e-12,1e-12,0.01,150,620,H,2,-0.2488207370042801,5,0.02535491348547546,0.12751870781285746,0.07643681064916646
A,0.1,1.0,1e-12,1e-12,0.01,150,620,H,3,-0.25204017758369446,5,0.03377282471406309,0.11912714718690615,0.07644998595048462
A,0.001,0.01,1e-12,1e-12,0.01,150,330,H,1,-0.05347871407866478,5,0.031001448514137536,0.12192654888497653,0.07646399869955703
A,0.01,0.1,1e-12,1e-12,0.01,150,330,H,1,-0.05347871407866478,5,0.03092855161653789,0.12214708484192024,0.07653781822922906
A,0.1,1.0,1e-12,1e-12,0.01,150,610,C,2,-2.5053277015686035,5,0.03782035096681514,0.11602025924985643,0.07692030510833578
A,0.0001,0.001,1e-12,1e-12,0.01,150,620,H,6,0.08161692321300507,5,0.03126157991147261,0.12264625509320198,0.0769539175023373
A,1e-06,0.001,1e-12,1e-12,0.01,150,170,H,3,-0.026961499825119972,5,4.649565634410506e-05,0.15479023676695308,0.07741836621164859
A,1e-05,0.001,1e-12,1e-12,0.01,150,170,H,3,-0.026961499825119972,5,4.905521632797204e-05,0.15499963480705886,0.07752434501169342
A,1e-06,1.0,1e-12,1e-12,0.01,150,610,H,6,-0.14696994423866272,5,0.013315441736996803,0.14228466550363858,0.0778000536203177
A,1e-05,1.0,1e-12,1e-12,0.01,150,610,H,6,-0.14696994423866272,5,0.013315484594026997,0.1422850956883271,0.07780029014117704
A,0.0001,1.0,1e-12,1e-12,0.01,150,610,H,6,-0.14696994423866272,5,0.013316196833262505,0.14228940736155177,0.07780280209740714
A,0.0001,0.001,1e-12,1e-12,0.01,150,170,H,3,-0.026961499825119972,5,4.112061688154902e-05,0.1556637650698069,0.07785244284334422
A,0.001,1.0,1e-12,1e-12,0.01,150,610,H,6,-0.14696994423866272,5,0.01408140337645893,0.14233266383335846,0.0782070336049087
A,0.1,1.0,1e-12,1e-12,0.01,150,270,H,0,-0.04426804184913635,5,0.02925303650898179,0.12732743230741517,0.07829023440819848
A,0.01,0.1,1e-12,1e-12,0.01,150,270,H,0,-0.04426804184913635,5,0.029272346357384342,0.12731337891878527,0.07829286263808481
A,1e-06,0.0001,1e-12,1e-12,0.01,150,330,H,4,-0.02938268519937992,5,0.022196153626775073,0.13441285015337,0.07830450189007254
A,0.01,1.0,1e-12,1e-12,0.01,150,610,H,6,-0.14696994423866272,5,0.014087024910271076,0.14276338291719126,0.07842520391373117
A,0.01,1.0,1e-12,1e-12,0.01,150,610,C,2,-2.5053277015686035,5,0.03454777065591108,0.12296652791732748,0.07875714928661928
A,0.001,0.01,1e-12,1e-12,0.01,150,270,H,0,-0.04426804184913635,5,0.03175296385947211,0.12709920246538142,0.07942608316242676
A,0.01,1.0,1e-12,1e-12,0.01,150,170,H,3,-0.026961499825119972,5,0.01121984744503071,0.1479773107589904,0.07959857910201056
A,0.0001,0.1,1e-12,1e-12,0.01,150,610,H,6,-0.14696994423866272,5,0.014211385271344891,0.1460695128272794,0.08014044904931214
A,1e-05,0.1,1e-12,1e-12,0.01,150,610,H,6,-0.14696994423866272,5,0.014227148685683923,0.14636544243603394,0.08029629556085893
A,1e-06,0.1,1e-12,1e-12,0.01,150,610,H,6,-0.14696994423866272,5,0.014264046086361752,0.14636123412551963,0.08031264010594069
A,1e-06,0.0001,1e-12,1e-12,0.01,150,640,H,9,-0.08353185653686523,5,0.03365586153750221,0.1271226435770884,0.08038925255729532
A,0.0001,0.01,1e-12,1e-12,0.01,150,490,H,6,-0.1284528225660324,5,0.011842942986086673,0.14918281568113528,0.08051287933361098
A,1e-06,0.01,1e-12,1e-12,0.01,150,490,H,6,-0.1284528225660324,5,0.011879719060898552,0.1491687078544638,0.08052421345768117
A,1e-05,0.01,1e-12,1e-12,0.01,150,490,H,6,-0.1284528225660324,5,0.011879360874519048,0.14916916900432386,0.08052426493942146
A,0.01,1.0,1e-12,1e-12,0.01,150,170,C,3,-2.179614543914795,5,0.018398874526371033,0.1434167822849223,0.08090782840564667
A,0.001,0.1,1e-12,1e-12,0.01,150,610,C,2,-2.5053277015686035,5,0.03392643123471064,0.1282513915663417,0.08108891140052617
A,0.1,1.0,1e-12,1e-12,0.01,150,490,H,6,-0.1284528225660324,5,0.007761315783283715,0.15475588647452387,0.08125860112890379
A,0.01,0.1,1e-12,1e-12,0.01,150,490,H,6,-0.1284528225660324,5,0.007757703939104899,0.15482018219029647,0.08128894306470069
A,0.0001,0.001,1e-12,1e-12,0.01,150,270,H,0,-0.04426804184913635,5,0.02334571278944149,0.1401571396908466,0.08175142624014403
A,0.0001,0.1,1e-12,1e-12,0.01,150,610,C,2,-2.5053277015686035,5,0.03581622911141167,0.12818271434565087,0.08199947172853127
A,1e-05,0.1,1e-12,1e-12,0.01,150,610,C,2,-2.5053277015686035,5,0.03586598358909378,0.12817529514516396,0.08202063936712886
A,1e-06,0.1,1e-12,1e-12,0.01,150,610,C,2,-2.5053277015686035,5,0.03588138934023793,0.12817423088903634,0.08202781011463714
A,0.001,1.0,1e-12,1e-12,0.01,150,170,C,3,-2.179614543914795,5,0.020904362468284064,0.14364790260908322,0.08227613253868364
A,0.0001,1.0,1e-12,1e-12,0.01,150,170,C,3,-2.179614543914795,5,0.0209025570772484,0.14366561756333862,0.0822840873202935
A,1e-06,1.0,1e-12,1e-12,0.01,150,170,C,3,-2.179614543914795,5,0.020903385145906832,0.14367307960271913,0.08228823237431299
A,1e-05,1.0,1e-12,1e-12,0.01,150,170,C,3,-2.179614543914795,5,0.020903766449425695,0.14367289481449802,0.08228833063196186
A,1e-06,1.0,1e-12,1e-12,0.01,150,610,C,2,-2.5053277015686035,5,0.034571242021984555,0.13070756698031416,0.08263940450114936
A,1e-05,1.0,1e-12,1e-12,0.01,150,610,C,2,-2.5053277015686035,5,0.034571225469773335,0.13070782523176172,0.08263952535076753
A,0.0001,1.0,1e-12,1e-12,0.01,150,610,C,2,-2.5053277015686035,5,0.03457102332619318,0.13071037712727657,0.08264070022673488
A,0.001,1.0,1e-12,1e-12,0.01,150,610,C,2,-2.5053277015686035,5,0.03457017083498613,0.13073601301439708,0.08265309192469161
A,1e-06,1.0,1e-12,1e-12,0.01,150,620,H,3,-0.25204017758369446,5,0.02160785572675499,0.1437362408798835,0.08267204830331924
A,1e-05,1.0,1e-12,1e-12,0.01,150,620,H,3,-0.25204017758369446,5,0.02160790680843972,0.1437364236331774,0.08267216522080856
A,0.0001,1.0,1e-12,1e-12,0.01,150,620,H,3,-0.25204017758369446,5,0.02160831877099105,0.14373807322483975,0.0826731959979154
A,0.001,1.0,1e-12,1e-12,0.01,150,620,H,3,-0.25204017758369446,5,0.021607591830662867,0.1437542391542181,0.08268091549244047
A,0.0001,0.001,1e-12,1e-12,0.01,150,650,H,15,-0.01910228095948696,5,0.02835783606844016,0.13739516778943808,0.08287650192893913
A,1e-06,0.1,1e-12,1e-12,0.01,150,490,H,6,-0.1284528225660324,5,0.012207035727335147,0.15356172669705098,0.08288438121219306
A,1e-05,0.1,1e-12,1e-12,0.01,150,490,H,6,-0.1284528225660324,5,0.012209670268765287,0.15356224923085987,0.08288595974981258
A,0.001,0.1,1e-12,1e-12,0.01,150,640,H,4,-0.03988323733210564,5,0.021661864767160977,0.1446663928556155,0.08316412881138824
A,0.01,1.0,1e-12,1e-12,0.01,150,640,H,4,-0.03988323733210564,5,0.021655533826269148,0.1446917935395842,0.08317366368292667
A,0.001,0.01,1e-12,1e-12,0.01,150,490,H,6,-0.1284528225660324,5,0.016575917312886424,0.15010140471627262,0.08333866101457953
A,0.1,1.0,1e-12,1e-12,0.01,150,640,H,0,0.13790667057037354,5,0.010263632969965793,0.15722625000538423,0.08374494148767501
A,0.01,1.0,1e-12,1e-12,0.01,150,640,H,0,0.13790667057037354,5,0.012801487308057725,0.15490425690512571,0.08385287210659172
A,0.0001,0.1,1e-12,1e-12,0.01,150,490,H,6,-0.1284528225660324,5,0.016354693432811155,0.15356767067739885,0.084961182055105
A,0.001,0.1,1e-12,1e-12,0.01,150,490,H,6,-0.1284528225660324,5,0.016449286175796423,0.15362590414926366,0.08503759516253004
A,0.001,1.0,1e-12,1e-12,0.01,150,490,H,6,-0.1284528225660324,5,0.01613300944420537,0.15394972150796735,0.08504136547608636
A,1e-06,1.0,1e-12,1e-12,0.01,150,490,H,6,-0.1284528225660324,5,0.016153247869874224,0.15394251781018303,0.08504788284002862
A,1e-05,1.0,1e-12,1e-12,0.01,150,490,H,6,-0.1284528225660324,5,0.016153248840266865,0.1539425603781135,0.08504790460919018
A,0.0001,1.0,1e-12,1e-12,0.01,150,490,H,6,-0.1284528225660324,5,0.016153266443182372,0.153943229215028,0.0850482478291052
A,0.01,1.0,1e-12,1e-12,0.01,150,620,H,3,-0.25204017758369446,5,0.021608870170696185,0.14854232788690927,0.08507559902880273
A,0.01,1.0,1e-12,1e-12,0.01,150,490,H,6,-0.1284528225660324,5,0.01617792054696306,0.15401844672485146,0.08509818363590727
A,1e-06,0.1,1e-12,1e-12,0.01,150,640,H,4,-0.03988323733210564,5,0.021671356181919687,0.14865267125611437,0.08516201371901702
A,1e-05,0.1,1e-12,1e-12,0.01,150,640,H,4,-0.03988323733210564,5,0.02167096244732461,0.14865901714235763,0.08516498979484112
A,1e-06,1.0,1e-12,1e-12,0.01,150,640,H,4,-0.03988323733210564,5,0.021663365576086085,0.14868673328328708,0.08517504942968658
A,1e-05,1.0,1e-12,1e-12,0.01,150,640,H,4,-0.03988323733210564,5,0.021663324294049217,0.1486873776829215,0.08517535098848536
A,0.0001,1.0,1e-12,1e-12,0.01,150,640,H,4,-0.03988323733210564,5,0.021662931457300492,0.14869366791671854,0.08517829968700952
A,0.0001,0.1,1e-12,1e-12,0.01,150,640,H,4,-0.03988323733210564,5,0.02166665873436667,0.14872259535708163,0.08519462704572414
A,0.001,1.0,1e-12,1e-12,0.01,150,640,H,4,-0.03988323733210564,5,0.021659350557331557,0.1487568548406581,0.08520810269899483
A,1e-05,0.001,1e-12,1e-12,0.01,150,640,H,9,-0.08353185653686523,5,0.021090407714095587,0.14946384846249183,0.08527712808829371
A,0.0001,0.01,1e-12,1e-12,0.01,150,640,H,9,-0.08353185653686523,5,0.020959592111384397,0.15000629375974323,0.08548294293556381
A,0.01,1.0,1e-12,1e-12,0.01,150,640,H,9,-0.08353185653686523,5,0.020958015318337204,0.15000965245670142,0.08548383388751932
A,0.001,0.1,1e-12,1e-12,0.01,150,640,H,9,-0.08353185653686523,5,0.02096022532913862,0.150009774147132,0.08548499973813532
A,0.1,1.0,1e-12,1e-12,0.01,150,620,H,2,-0.2488207370042801,5,0.024034484240892714,0.14806070459823573,0.08604759441956422
A,0.001,1e-06,1e-12,1e-12,0.01,150,620,H,2,-0.2488207370042801,5,0.020135944747690673,0.1526230262862191,0.08637948551695489
A,0.001,1e-05,1e-12,1e-12,0.01,150,620,H,2,-0.2488207370042801,5,0.02013562277237127,0.1527338487338501,0.08643473575311068
A,0.001,0.01,1e-12,1e-12,0.01,150,650,H,6,-0.01910228095948696,5,0.027523942751688533,0.146094652288366,0.08680929752002726
A,0.001,0.0001,1e-12,1e-12,0.01,150,620,H,2,-0.2488207370042801,5,0.020133363312206668,0.15383244204708277,0.08698290267964472
A,0.001,0.1,1e-12,1e-12,0.01,150,510,H,8,-0.0713830441236496,5,0.024319707640444877,0.15047010900822608,0.08739490832433548
A,0.01,1.0,1e-12,1e-12,0.01,150,510,H,8,-0.0713830441236496,5,0.024313856234694425,0.1504892749016948,0.08740156556819462
A,0.001,0.01,1e-12,1e-12,0.01,150,330,H,4,-0.02938268519937992,5,0.017915696242140053,0.15694539729984208,0.08743054677099107
A,0.0001,0.001,1e-12,1e-12,0.01,150,510,H,8,-0.0713830441236496,5,0.028167869586967906,0.1473196991084002,0.08774378434768405
A,1e-06,0.1,1e-12,1e-12,0.01,150,510,H,8,-0.0713830441236496,5,0.02613215636181928,0.1501379736542314,0.08813506500802534
A,1e-05,0.1,1e-12,1e-12,0.01,150,510,H,8,-0.0713830441236496,5,0.026133712021390403,0.1501421674222948,0.0881379397218426
A,1e-06,1.0,1e-12,1e-12,0.01,150,510,H,8,-0.0713830441236496,5,0.026127324601243944,0.15016683205357417,0.08814707832740906
A,1e-05,1.0,1e-12,1e-12,0.01,150,510,H,8,-0.0713830441236496,5,0.02612728894216178,0.15016713326050035,0.08814721110133107
A,0.0001,1.0,1e-12,1e-12,0.01,150,510,H,8,-0.0713830441236496,5,0.026127639872796288,0.15017020769251305,0.08814892378265467
A,0.0001,0.1,1e-12,1e-12,0.01,150,510,H,8,-0.0713830441236496,5,0.02613185475584701,0.15017730879096483,0.08815458177340592
A,0.001,1.0,1e-12,1e-12,0.01,150,510,H,8,-0.0713830441236496,5,0.026124453760031058,0.15020030450576072,0.08816237913289589
A,0.0001,0.01,1e-12,1e-12,0.01,150,510,H,8,-0.0713830441236496,5,0.026178757014692484,0.15023673678319366,0.08820774689894308
A,0.001,0.1,1e-12,1e-12,0.01,150,620,H,3,-0.25204017758369446,5,0.02326389620592393,0.1532003510821633,0.0882321236440436
A,0.0001,0.001,1e-12,1e-12,0.01,150,650,H,6,-0.01910228095948696,5,0.02959230677784998,0.14763906361433554,0.08861568519609277
A,0.0001,1e-06,1e-12,1e-12,0.01,150,620,H,2,-0.2488207370042801,5,0.019495618237319944,0.15836811473882006,0.08893186648807
A,0.0001,1e-05,1e-12,1e-12,0.01,150,620,H,2,-0.2488207370042801,5,0.019495617179960997,0.15841503122749218,0.0889553242037266
A,1e-05,1e-06,1e-12,1e-12,0.01,150,620,H,2,-0.2488207370042801,5,0.019415707260410413,0.15858686311314157,0.089001285186776
A,1e-05,1e-05,1e-12,1e-12,0.01,150,620,H,2,-0.2488207370042801,5,0.019414215306828048,0.15862051192439056,0.0890173636156093
A,1e-06,1e-06,1e-12,1e-12,0.01,150,620,H,2,-0.2488207370042801,5,0.019415966031987242,0.15865493850942441,0.08903545227070583
A,1e-06,1e-05,1e-12,1e-12,0.01,150,620,H,2,-0.2488207370042801,5,0.019414087612138517,0.1586870945044265,0.0890505910582825
A,1e-05,0.0001,1e-12,1e-12,0.01,150,620,H,2,-0.2488207370042801,5,0.01940154747195778,0.15896308854150276,0.08918231800673027
A,1e-06,0.0001,1e-12,1e-12,0.01,150,620,H,2,-0.2488207370042801,5,0.01940104527475112,0.15901742890209292,0.08920923708842202
A,0.0001,0.0001,1e-12,1e-12,0.01,150,620,H,2,-0.2488207370042801,5,0.019515268694765588,0.15893856259496317,0.08922691564486437
A,1e-06,0.001,1e-12,1e-12,0.01,150,510,H,8,-0.0713830441236496,5,0.029930261205803374,0.15135782596545225,0.0906440435856278
A,0.001,0.1,1e-12,1e-12,0.01,150,330,H,1,-0.05347871407866478,5,0.030861274389262592,0.15054890985282787,0.09070509212104523
A,0.01,1.0,1e-12,1e-12,0.01,150,330,H,1,-0.05347871407866478,5,0.031059342227348723,0.15050017885272332,0.09077976054003602
A,0.001,0.001,1e-12,1e-12,0.01,150,620,H,2,-0.2488207370042801,5,0.020080626001091034,0.16156993607946873,0.09082528104027988
A,1e-05,0.001,1e-12,1e-12,0.01,150,510,H,8,-0.0713830441236496,5,0.03005570969073097,0.15175646778653018,0.09090608873863057
A,0.0001,0.001,1e-12,1e-12,0.01,150,620,H,2,-0.2488207370042801,5,0.01946651660089767,0.16257167064131992,0.0910190936211088
A,1e-06,1.0,1e-12,1e-12,0.01,150,330,H,1,-0.05347871407866478,5,0.031870597677525446,0.1502379523257364,0.09105427500163092
A,1e-05,1.0,1e-12,1e-12,0.01,150,330,H,1,-0.05347871407866478,5,0.03187058860873051,0.15023816544028962,0.09105437702451007
A,0.0001,1.0,1e-12,1e-12,0.01,150,330,H,1,-0.05347871407866478,5,0.03187051151202628,0.1502404440940472,0.09105547780303673
A,0.001,1.0,1e-12,1e-12,0.01,150,330,H,1,-0.05347871407866478,5,0.031866939636767976,0.15026323955268248,0.09106508959472523
A,1e-05,0.001,1e-12,1e-12,0.01,150,620,H,2,-0.2488207370042801,5,0.019445982361495678,0.16269855091767055,0.09107226663958311
A,1e-06,0.1,1e-12,1e-12,0.01,150,330,H,1,-0.05347871407866478,5,0.03187172374525648,0.15028668052149186,0.09107920213337417
A,1e-05,0.1,1e-12,1e-12,0.01,150,330,H,1,-0.05347871407866478,5,0.03187169154811903,0.15028896840380396,0.0910803299759615
A,1e-06,0.001,1e-12,1e-12,0.01,150,620,H,2,-0.2488207370042801,5,0.019446516020124684,0.16273343728843087,0.09108997665427777
A,0.0001,0.1,1e-12,1e-12,0.01,150,330,H,1,-0.05347871407866478,5,0.03187125045823834,0.15031180103262476,0.09109152574543156
A,0.001,0.1,1e-12,1e-12,0.01,150,270,H,0,-0.04426804184913635,5,0.0279771748982249,0.1546383356153383,0.0913077552567816
A,0.01,1.0,1e-12,1e-12,0.01,150,270,H,0,-0.04426804184913635,5,0.027941696164314914,0.1546951365439869,0.0913184163541509
A,1e-06,0.01,1e-12,1e-12,0.01,150,330,H,1,-0.05347871407866478,5,0.031925854217026595,0.15149540930385297,0.09171063176043978
A,1e-05,0.01,1e-12,1e-12,0.01,150,330,H,1,-0.05347871407866478,5,0.03192668771808478,0.15151141025315845,0.09171904898562161
A,0.0001,0.01,1e-12,1e-12,0.01,150,330,H,1,-0.05347871407866478,5,0.03191715377096687,0.1516863990966535,0.09180177643381018
A,0.01,0.1,1e-12,1e-12,0.01,150,620,H,3,-0.25204017758369446,5,0.028924669257948208,0.15530662256906252,0.09211564591350536
A,1e-05,0.01,1e-12,1e-12,0.01,150,170,H,3,-0.026961499825119972,5,0.008729405226747996,0.17626203059932022,0.09249571791303411
A,1e-06,0.01,1e-12,1e-12,0.01,150,170,H,3,-0.026961499825119972,5,0.008774978410250047,0.17624189397233253,0.09250843619129129
A,1e-06,0.01,1e-12,1e-12,0.01,150,510,H,8,-0.0713830441236496,5,0.029306614465334734,0.15580435673725518,0.09255548560129495
A,1e-05,0.01,1e-12,1e-12,0.01,150,510,H,8,-0.0713830441236496,5,0.029302501005481697,0.15585369121104525,0.09257809610826348
A,0.0001,0.01,1e-12,1e-12,0.01,150,170,H,3,-0.026961499825119972,5,0.008649288549891205,0.17678424621328392,0.09271676738158756
A,0.0001,0.001,1e-12,1e-12,0.01,150,640,H,13,-0.030795302242040634,5,0.030401030558114942,0.15508471638337795,0.09274287347074645
A,1e-06,0.01,1e-12,1e-12,0.01,150,270,H,0,-0.04426804184913635,5,0.03138558859336381,0.1548649494137288,0.09312526900354631
A,1e-05,0.01,1e-12,1e-12,0.01,150,270,H,0,-0.04426804184913635,5,0.03139408029931091,0.15489401195827376,0.09314404612879233
A,0.0001,0.01,1e-12,1e-12,0.01,150,270,H,0,-0.04426804184913635,5,0.031390434652288086,0.15517222130774322,0.09328132798001565
A,1e-06,0.1,1e-12,1e-12,0.01,150,270,H,0,-0.04426804184913635,5,0.03103506533979529,0.1560739877213821,0.09355452653058868
A,1e-05,0.1,1e-12,1e-12,0.01,150,270,H,0,-0.04426804184913635,5,0.031034701559154883,0.15607651739962305,0.09355560947938897
A,0.0001,0.1,1e-12,1e-12,0.01,150,270,H,0,-0.04426804184913635,5,0.03103235952126909,0.15610187873303444,0.09356711912715177
A,0.001,1.0,1e-12,1e-12,0.01,150,270,H,0,-0.04426804184913635,5,0.0312685273043252,0.1561823501143283,0.09372543870932674
A,1e-06,1.0,1e-12,1e-12,0.01,150,270,H,0,-0.04426804184913635,5,0.03141882381483032,0.15615619009140674,0.09378750695311854
A,1e-05,1.0,1e-12,1e-12,0.01,150,270,H,0,-0.04426804184913635,5,0.03142207023387368,0.15615637385939937,0.09378922204663653
A,0.0001,1.0,1e-12,1e-12,0.01,150,270,H,0,-0.04426804184913635,5,0.031422684679034474,0.15615874692925957,0.09379071580414702
A,0.01,1.0,1e-12,1e-12,0.01,150,650,H,6,-0.01910228095948696,5,0.03612174816570943,0.1523755495097276,0.09424864883771851
A,0.0001,0.001,1e-12,1e-12,0.01,150,330,H,2,-0.052478715777397156,5,0.025622249732441732,0.16435106309916614,0.09498665641580394
A,0.001,0.01,1e-12,1e-12,0.01,150,620,H,3,-0.25204017758369446,5,0.021416442494301115,0.16902723045799278,0.09522183647614695
A,1e-05,0.001,1e-12,1e-12,0.01,150,330,H,4,-0.02938268519937992,5,0.022482912499540327,0.16955201705948453,0.09601746477951242
A,1e-06,0.001,1e-12,1e-12,0.01,150,330,H,4,-0.02938268519937992,5,0.022449727733623633,0.16960706249724494,0.09602839511543429
A,1e-06,0.1,1e-12,1e-12,0.01,150,170,H,3,-0.026961499825119972,5,0.011316078653549265,0.18106472143822944,0.09619040004588936
A,1e-05,0.1,1e-12,1e-12,0.01,150,170,H,3,-0.026961499825119972,5,0.011316160165751427,0.18107165363451017,0.0961939069001308
A,0.0001,0.1,1e-12,1e-12,0.01,150,170,H,3,-0.026961499825119972,5,0.011316816873537187,0.18113920957961144,0.09622801322657432
A,1e-06,1.0,1e-12,1e-12,0.01,150,170,H,3,-0.026961499825119972,5,0.011281745833214191,0.18159009140939164,0.09643591862130292
A,1e-05,1.0,1e-12,1e-12,0.01,150,170,H,3,-0.026961499825119972,5,0.011281746538521478,0.18159075080153436,0.09643624867002792
A,0.0001,1.0,1e-12,1e-12,0.01,150,170,H,3,-0.026961499825119972,5,0.011281716227231816,0.1815974021257838,0.0964395591765078
A,0.001,1.0,1e-12,1e-12,0.01,150,170,H,3,-0.026961499825119972,5,0.011282370035202879,0.18166390136341987,0.09647313569931137
A,0.001,0.1,1e-12,1e-12,0.01,150,170,H,3,-0.026961499825119972,5,0.011300021502148405,0.18180932104320674,0.09655467127267757
A,0.0001,0.001,1e-12,1e-12,0.01,150,330,H,4,-0.02938268519937992,5,0.023087644645061592,0.17088817916428722,0.0969879119046744
A,1e-05,0.001,1e-12,1e-12,0.01,150,640,H,13,-0.030795302242040634,5,0.02711154799511294,0.16809931960090835,0.09760543379801065
A,1e-06,0.001,1e-12,1e-12,0.01,150,640,H,13,-0.030795302242040634,5,0.026970271262638918,0.16836613992848512,0.09766820559556202
A,0.1,1.0,1e-12,1e-12,0.01,150,620,H,6,0.08161692321300507,5,0.03494797099216028,0.16075934590782853,0.09785365844999441
A,1e-06,0.01,1e-12,1e-12,0.01,150,620,H,2,-0.2488207370042801,5,0.02041318074110251,0.177269715822964,0.09884144828203326
A,1e-05,0.01,1e-12,1e-12,0.01,150,620,H,2,-0.2488207370042801,5,0.02041203094079805,0.1772787122698581,0.09884537160532808
A,0.0001,0.01,1e-12,1e-12,0.01,150,620,H,2,-0.2488207370042801,5,0.02040726364663826,0.17735028173262107,0.09887877268962966
A,1e-06,1.0,1e-12,1e-12,0.01,150,640,H,0,0.13790667057037354,5,0.010253043519959664,0.18862626225173512,0.0994396528858474
A,1e-05,1.0,1e-12,1e-12,0.01,150,640,H,0,0.13790667057037354,5,0.01025304276664002,0.18862656416479948,0.09943980346571975
A,0.0001,1.0,1e-12,1e-12,0.01,150,640,H,0,0.13790667057037354,5,0.010251517999020828,0.18862965914950822,0.09944058857426452
A,0.001,1.0,1e-12,1e-12,0.01,150,640,H,0,0.13790667057037354,5,0.010253388696131573,0.1886599237234891,0.09945665620981034
A,1e-06,0.1,1e-12,1e-12,0.01,150,620,H,3,-0.25204017758369446,5,0.021910471084203898,0.17909054404437383,0.10050050756428887
A,1e-05,0.1,1e-12,1e-12,0.01,150,620,H,3,-0.25204017758369446,5,0.021910924941648462,0.17909217836793356,0.10050155165479101
A,0.0001,0.1,1e-12,1e-12,0.01,150,620,H,3,-0.25204017758369446,5,0.023064021565822233,0.17911063797436774,0.10108732977009499
A,1e-06,0.001,1e-12,1e-12,0.01,150,640,H,9,-0.08353185653686523,5,0.02097286600859141,0.18221207948730994,0.10159247274795068
A,1e-06,0.01,1e-12,1e-12,0.01,150,640,H,4,-0.03988323733210564,5,0.021577112892576942,0.18166506641046326,0.1016210896515201
A,1e-05,0.01,1e-12,1e-12,0.01,150,640,H,4,-0.03988323733210564,5,0.021595643724161066,0.18174977930600633,0.1016727115150837
A,0.0001,0.01,1e-12,1e-12,0.01,150,640,H,4,-0.03988323733210564,5,0.021610333750886036,0.1825984698777558,0.10210440181432091
A,1e-06,0.01,1e-12,1e-12,0.01,150,640,H,9,-0.08353185653686523,5,0.021027307935182572,0.18337428273107942,0.10220079533313099
A,1e-06,0.1,1e-12,1e-12,0.01,150,640,H,9,-0.08353185653686523,5,0.02102882042743377,0.18341658929135393,0.10222270485939385
A,1e-06,1.0,1e-12,1e-12,0.01,150,640,H,9,-0.08353185653686523,5,0.02102981484390588,0.18341884285139287,0.10222432884764937
A,1e-05,1.0,1e-12,1e-12,0.01,150,640,H,9,-0.08353185653686523,5,0.021029783977346728,0.18341966601465956,0.10222472499600314
A,1e-05,0.1,1e-12,1e-12,0.01,150,640,H,9,-0.08353185653686523,5,0.021028834824452475,0.183424930087312,0.10222688245588224
A,0.0001,1.0,1e-12,1e-12,0.01,150,640,H,9,-0.08353185653686523,5,0.02102952239262106,0.1834280541117389,0.10222878825217999
A,1e-05,0.01,1e-12,1e-12,0.01,150,640,H,9,-0.08353185653686523,5,0.021057590277214253,0.18342241774206447,0.10224000400963937
A,0.0001,0.1,1e-12,1e-12,0.01,150,640,H,9,-0.08353185653686523,5,0.021052493370837477,0.1835070266159901,0.1022797599934138
A,0.001,1.0,1e-12,1e-12,0.01,150,640,H,9,-0.08353185653686523,5,0.02105250812816038,0.1835111325744052,0.10228182035128279
A,1e-06,0.01,1e-12,1e-12,0.01,150,330,H,4,-0.02938268519937992,5,0.022283408987848825,0.18329167783511108,0.10278754341147996
A,1e-05,0.01,1e-12,1e-12,0.01,150,330,H,4,-0.02938268519937992,5,0.02228265445390474,0.1833335575611331,0.10280810600751891
A,0.0001,0.01,1e-12,1e-12,0.01,150,330,H,4,-0.02938268519937992,5,0.022276102884677292,0.18376684633258064,0.10302147460862897
A,1e-06,0.1,1e-12,1e-12,0.01,150,330,H,4,-0.02938268519937992,5,0.022259636736563285,0.1841862035980643,0.1032229201673138
A,1e-05,0.1,1e-12,1e-12,0.01,150,330,H,4,-0.02938268519937992,5,0.022259604749694382,0.1841906069390525,0.10322510584437344
A,0.0001,0.1,1e-12,1e-12,0.01,150,330,H,4,-0.02938268519937992,5,0.022259259329328537,0.18423473859436373,0.10324699896184614
A,1e-06,1.0,1e-12,1e-12,0.01,150,330,H,4,-0.02938268519937992,5,0.022257507940066146,0.1842617969086669,0.10325965242436652
A,1e-05,1.0,1e-12,1e-12,0.01,150,330,H,4,-0.02938268519937992,5,0.022257504231945103,0.18426222252840135,0.10325986338017323
A,0.0001,1.0,1e-12,1e-12,0.01,150,330,H,4,-0.02938268519937992,5,0.02225754925364754,0.1842666057714343,0.10326207751254092
A,0.001,1.0,1e-12,1e-12,0.01,150,330,H,4,-0.02938268519937992,5,0.0222582323471672,0.1843102996288452,0.1032842659880062
A,0.001,0.1,1e-12,1e-12,0.01,150,330,H,4,-0.02938268519937992,5,0.02225577056696391,0.18467846751644434,0.10346711904170412
A,0.01,1.0,1e-12,1e-12,0.01,150,330,H,4,-0.02938268519937992,5,0.02225444716793387,0.1847441198370952,0.10349928350251454
A,1e-06,0.001,1e-12,1e-12,0.01,150,620,H,6,0.08161692321300507,5,0.0296758782243018,0.17939815744524382,0.1045370178347728
A,1e-06,0.1,1e-12,1e-12,0.01,150,620,H,2,-0.2488207370042801,5,0.023748630851472934,0.18961516762903582,0.10668189924025438
A,1e-05,0.1,1e-12,1e-12,0.01,150,620,H,2,-0.2488207370042801,5,0.023748523855863447,0.18961783598923887,0.10668317992255116
A,0.0001,0.1,1e-12,1e-12,0.01,150,620,H,2,-0.2488207370042801,5,0.02373592514810274,0.18964336860825995,0.10668964687818135
A,0.001,0.1,1e-12,1e-12,0.01,150,620,H,2,-0.2488207370042801,5,0.023769765578112625,0.18992265895512345,0.10684621226661803
A,1e-06,1.0,1e-12,1e-12,0.01,150,620,H,2,-0.2488207370042801,5,0.024344240446729955,0.19152083991400642,0.10793254018036819
A,1e-05,1.0,1e-12,1e-12,0.01,150,620,H,2,-0.2488207370042801,5,0.024344229478969037,0.19152114108159152,0.10793268528028027
A,0.0001,1.0,1e-12,1e-12,0.01,150,620,H,2,-0.2488207370042801,5,0.02434415220953801,0.19152409518807628,0.10793412369880714
A,0.001,1.0,1e-12,1e-12,0.01,150,620,H,2,-0.2488207370042801,5,0.0243438188643381,0.1915538665121919,0.10794884268826499
A,1e-06,0.1,1e-12,1e-12,0.01,150,650,H,6,-0.01910228095948696,5,0.03423748773847892,0.18194381803953008,0.1080906528890045
A,1e-05,0.1,1e-12,1e-12,0.01,150,650,H,6,-0.01910228095948696,5,0.034234360710290956,0.18195045069809285,0.1080924057041919
A,0.0001,0.1,1e-12,1e-12,0.01,150,650,H,6,-0.01910228095948696,5,0.03422955740359856,0.18201653741541268,0.10812304740950562
A,1e-06,1.0,1e-12,1e-12,0.01,150,650,H,6,-0.01910228095948696,5,0.034439585433015396,0.18220541569413212,0.10832250056357376
A,1e-05,1.0,1e-12,1e-12,0.01,150,650,H,6,-0.01910228095948696,5,0.0344397624909051,0.1822060259261557,0.1083228942085304
A,0.0001,1.0,1e-12,1e-12,0.01,150,650,H,6,-0.01910228095948696,5,0.03443881215454296,0.1822121289190602,0.10832547053680158
A,0.001,1.0,1e-12,1e-12,0.01,150,650,H,6,-0.01910228095948696,5,0.03443705885050607,0.18227306049395592,0.108355059672231
A,0.001,0.1,1e-12,1e-12,0.01,150,650,H,6,-0.01910228095948696,5,0.03435628060663803,0.18265848340664614,0.10850738200664209
A,0.01,1.0,1e-12,1e-12,0.01,150,620,H,2,-0.2488207370042801,5,0.025908486883760955,0.19185850947847283,0.1088834981811169
A,1e-06,0.01,1e-12,1e-12,0.01,150,650,H,6,-0.01910228095948696,5,0.03389547990537291,0.18404984949323194,0.10897266469930242
A,1e-05,0.01,1e-12,1e-12,0.01,150,650,H,6,-0.01910228095948696,5,0.033894872681404946,0.18413020200856364,0.1090125373449843
A,1e-05,0.001,1e-12,1e-12,0.01,150,330,H,2,-0.052478715777397156,5,0.026045185242271264,0.19244802734100447,0.10924660629163786
A,0.001,0.01,1e-12,1e-12,0.01,150,330,H,2,-0.052478715777397156,5,0.025469708602047968,0.19303761533105612,0.10925366196655205
A,1e-06,0.001,1e-12,1e-12,0.01,150,330,H,2,-0.052478715777397156,5,0.026043143124972565,0.19266269161393634,0.10935291736945446
A,0.0001,0.01,1e-12,1e-12,0.01,150,650,H,6,-0.01910228095948696,5,0.03386591003058633,0.18490776271846582,0.10938683637452608
A,0.001,0.01,1e-12,1e-12,0.01,150,620,H,6,0.08161692321300507,5,0.02840516435495878,0.1907780832813924,0.10959162381817558
A,0.01,0.1,1e-12,1e-12,0.01,150,330,H,2,-0.052478715777397156,5,0.026385130868815686,0.19290539444860216,0.10964526265870893
A,0.1,1.0,1e-12,1e-12,0.01,150,330,H,2,-0.052478715777397156,5,0.028427736591408112,0.19288908365064894,0.11065841012102853
A,0.01,1.0,1e-12,1e-12,0.01,150,640,H,13,-0.030795302242040634,5,0.03916129472627417,0.1829421476817433,0.11105172120400873
A,1e-06,1.0,1e-12,1e-12,0.01,150,330,H,2,-0.052478715777397156,5,0.025254492358063124,0.19714173082739778,0.11119811159273045
A,1e-05,1.0,1e-12,1e-12,0.01,150,330,H,2,-0.052478715777397156,5,0.025254460117465617,0.19714203481659864,0.11119824746703214
A,0.0001,1.0,1e-12,1e-12,0.01,150,330,H,2,-0.052478715777397156,5,0.025254264072353354,0.19714507131776415,0.11119966769505875
A,1e-06,0.1,1e-12,1e-12,0.01,150,330,H,2,-0.052478715777397156,5,0.025254839437621066,0.19715749471927724,0.11120616707844916
A,1e-05,0.1,1e-12,1e-12,0.01,150,330,H,2,-0.052478715777397156,5,0.025253785272293272,0.1971604454130802,0.11120711534268674
A,0.001,1.0,1e-12,1e-12,0.01,150,330,H,2,-0.052478715777397156,5,0.0252523021242522,0.19717552984065506,0.11121391598245363
A,0.0001,0.1,1e-12,1e-12,0.01,150,330,H,2,-0.052478715777397156,5,0.025254197105484058,0.19719102286171036,0.1112226099835972
A,0.01,1.0,1e-12,1e-12,0.01,150,330,H,2,-0.052478715777397156,5,0.025238079710018735,0.19748704532178893,0.11136256251590383
A,0.001,0.1,1e-12,1e-12,0.01,150,330,H,2,-0.052478715777397156,5,0.02523956814650277,0.1975028431228425,0.11137120563467263
A,1e-06,0.01,1e-12,1e-12,0.01,150,620,H,6,0.08161692321300507,5,0.035239624812969834,0.1880280681687843,0.11163384649087707
A,1e-05,0.01,1e-12,1e-12,0.01,150,620,H,6,0.08161692321300507,5,0.03524396496032404,0.18804854761729076,0.1116462562888074
A,0.0001,0.01,1e-12,1e-12,0.01,150,620,H,6,0.08161692321300507,5,0.035279986865993915,0.188083656775072,0.11168182182053296
A,1e-06,0.01,1e-12,1e-12,0.01,150,330,H,2,-0.052478715777397156,5,0.027607381048607937,0.19729823664614313,0.11245280884737553
A,1e-05,0.01,1e-12,1e-12,0.01,150,330,H,2,-0.052478715777397156,5,0.027682901113368328,0.19732665939611252,0.11250478025474042
A,0.0001,0.01,1e-12,1e-12,0.01,150,330,H,2,-0.052478715777397156,5,0.027667375129030287,0.19763637985536492,0.1126518774921976
A,1e-06,0.01,1e-12,1e-12,0.01,150,640,H,13,-0.030795302242040634,5,0.0381319890193903,0.18738944144537925,0.11276071523238478
A,1e-05,0.01,1e-12,1e-12,0.01,150,640,H,13,-0.030795302242040634,5,0.03812640523584927,0.18747865989153495,0.1128025325636921
A,0.0001,0.01,1e-12,1e-12,0.01,150,640,H,13,-0.030795302242040634,5,0.037186737114509615,0.18860619573017973,0.11289646642234467
A,0.001,1.0,1e-12,1e-12,0.01,150,640,H,13,-0.030795302242040634,5,0.037026439157372776,0.18895698958997753,0.11299171437367515
A,1e-06,0.1,1e-12,1e-12,0.01,150,640,H,13,-0.030795302242040634,5,0.03813274463698882,0.18874811801876562,0.11344043132787722
A,1e-05,0.1,1e-12,1e-12,0.01,150,640,H,13,-0.030795302242040634,5,0.03813234088768892,0.1887568775124362,0.11344460920006255
A,0.001,0.1,1e-12,1e-12,0.01,150,640,H,13,-0.030795302242040634,5,0.03708004872202928,0.18989231207382815,0.11348618039792871
A,0.0001,0.1,1e-12,1e-12,0.01,150,640,H,13,-0.030795302242040634,5,0.039539073506316136,0.188843192122917,0.11419113281461657
A,1e-06,1.0,1e-12,1e-12,0.01,150,640,H,13,-0.030795302242040634,5,0.03953466938505715,0.18886043345579762,0.11419755142042738
A,1e-05,1.0,1e-12,1e-12,0.01,150,640,H,13,-0.030795302242040634,5,0.03953459794760358,0.18886128417927195,0.11419794106343777
A,0.0001,1.0,1e-12,1e-12,0.01,150,640,H,13,-0.030795302242040634,5,0.03953407698901131,0.1888699849103098,0.11420203094966055
A,1e-06,0.1,1e-12,1e-12,0.01,150,620,H,6,0.08161692321300507,5,0.03555276580897247,0.1932462996252784,0.11439953271712544
A,1e-05,0.1,1e-12,1e-12,0.01,150,620,H,6,0.08161692321300507,5,0.03555330107919611,0.19325073832444783,0.11440201970182197
A,0.0001,0.1,1e-12,1e-12,0.01,150,620,H,6,0.08161692321300507,5,0.0355587108793061,0.19329643239795613,0.11442757163863111
A,0.01,1.0,1e-12,1e-12,0.01,150,620,H,6,0.08161692321300507,5,0.037554437867579844,0.19524528444210887,0.11639986115484435
A,0.001,0.1,1e-12,1e-12,0.01,150,620,H,6,0.08161692321300507,5,0.04078937405973147,0.19372583678141536,0.11725760542057342
A,0.01,0.1,1e-12,1e-12,0.01,150,620,H,6,0.08161692321300507,5,0.04379150537751117,0.19142047649192728,0.11760599093471923
A,1e-06,1.0,1e-12,1e-12,0.01,150,620,H,6,0.08161692321300507,5,0.04080103820755597,0.19464170133786013,0.11772136977270806
A,1e-05,1.0,1e-12,1e-12,0.01,150,620,H,6,0.08161692321300507,5,0.0408008362824265,0.19464219086884924,0.11772151357563787
A,0.0001,1.0,1e-12,1e-12,0.01,150,620,H,6,0.08161692321300507,5,0.040799268812777074,0.19464748581792962,0.11772337731535334
A,0.001,1.0,1e-12,1e-12,0.01,150,620,H,6,0.08161692321300507,5,0.04079314609523968,0.1947003777708342,0.11774676193303694
B,1e-12,1e-12,0.01,0.1,0.01,150,640,H,0,0.13790667057037354,5,1.0241986196931384e-05,0.00043113691942082256,0.00022068945280887697
B,1e-12,1e-12,0.001,1e-06,0.01,150,330,H,2,-0.052478715777397156,5,9.499305137458173e-05,0.0013430792474468944,0.0007190361494107381
B,1e-12,1e-12,0.001,1e-05,0.01,150,330,H,2,-0.052478715777397156,5,9.53218652171082e-05,0.001344931292689182,0.0007201265789531452
B,1e-12,1e-12,0.001,0.0001,0.01,150,330,H,2,-0.052478715777397156,5,9.943388957865056e-05,0.0013608121841187427,0.0007301230368486967
B,1e-12,1e-12,0.01,1e-06,0.01,150,650,H,15,-0.01910228095948696,5,0.0004971778683953817,0.0014286122781662415,0.0009628950732808116
B,1e-12,1e-12,0.01,1e-05,0.01,150,650,H,15,-0.01910228095948696,5,0.0004963027149891985,0.0014320862332748165,0.0009641944741320076
B,1e-12,1e-12,0.01,0.0001,0.01,150,650,H,15,-0.01910228095948696,5,0.0005016890216079313,0.0014345006603299737,0.0009680948409689525
B,1e-12,1e-12,0.01,0.001,0.01,150,650,H,15,-0.01910228095948696,5,0.0005403818987433513,0.0014350300506339407,0.000987705974688646
B,1e-12,1e-12,0.01,0.0001,0.01,150,330,H,2,-0.052478715777397156,5,0.0014910460037163595,0.0007141010140539095,0.0011025735088851345
B,1e-12,1e-12,0.01,1e-06,0.01,150,330,H,2,-0.052478715777397156,5,0.0014967496272460382,0.0007147130319533801,0.001105731329599709
B,1e-12,1e-12,0.01,1e-05,0.01,150,330,H,2,-0.052478715777397156,5,0.0014964853754227939,0.0007152411286402582,0.001105863252031526
B,1e-12,1e-12,0.01,0.001,0.01,150,330,H,2,-0.052478715777397156,5,0.0016793704875222952,0.0006948321725037942,0.0011871013300130448
B,1e-12,1e-12,1e-06,0.001,0.01,150,650,H,12,-0.10497073829174042,5,8.608919287940931e-05,0.0032096315229144063,0.0016478603578969078
B,1e-12,1e-12,1e-05,0.001,0.01,150,650,H,12,-0.10497073829174042,5,8.70312606726333e-05,0.0032108077113750253,0.0016489194860238292
B,1e-12,1e-12,0.0001,0.001,0.01,150,650,H,12,-0.10497073829174042,5,9.634532137810807e-05,0.003212372133455261,0.0016543587274166845
B,1e-12,1e-12,0.0001,1e-05,0.01,150,650,H,12,-0.10497073829174042,5,9.176367360193139e-05,0.0033754245001840393,0.0017335940868929854
B,1e-12,1e-12,0.0001,1e-06,0.01,150,650,H,12,-0.10497073829174042,5,9.160546869951118e-05,0.003376113170180872,0.0017338593194401917
B,1e-12,1e-12,0.0001,0.0001,0.01,150,650,H,12,-0.10497073829174042,5,9.300394023213269e-05,0.003375409416933195,0.0017342066785826637
B,1e-12,1e-12,1e-06,1e-06,0.01,150,650,H,12,-0.10497073829174042,5,8.543709767594417e-05,0.0033911570213287236,0.0017382970595023338
B,1e-12,1e-12,1e-05,0.0001,0.01,150,650,H,12,-0.10497073829174042,5,8.72725162133575e-05,0.0033901144066267367,0.001738693461420047
B,1e-12,1e-12,1e-06,1e-05,0.01,150,650,H,12,-0.10497073829174042,5,8.531247665532957e-05,0.003394668757443213,0.0017399906170492713
B,1e-12,1e-12,1e-05,1e-06,0.01,150,650,H,12,-0.10497073829174042,5,8.643245890446204e-05,0.0033951115854542026,0.0017407720221793324
B,1e-12,1e-12,1e-05,1e-05,0.01,150,650,H,12,-0.10497073829174042,5,8.645201714976952e-05,0.0033970252788897426,0.001741738648019756
B,1e-12,1e-12,1e-06,0.0001,0.01,150,650,H,12,-0.10497073829174042,5,8.628939853391523e-05,0.003402458273577196,0.0017443738360555557
B,1e-12,1e-12,0.01,1e-06,0.01,150,610,H,6,-0.14696994423866272,5,0.003121678022126514,0.0007113154544479982,0.0019164967382872562
B,1e-12,1e-12,0.01,1e-05,0.01,150,610,H,6,-0.14696994423866272,5,0.0031231370021543347,0.0007113388776178908,0.0019172379398861128
B,1e-12,1e-12,0.01,0.0001,0.01,150,610,H,6,-0.14696994423866272,5,0.0031287043293816283,0.0007116756873941199,0.0019201900083878742
B,1e-12,1e-12,0.01,0.001,0.01,150,610,H,6,-0.14696994423866272,5,0.00317759626493947,0.0007122621291972564,0.0019449291970683631
B,1e-12,1e-12,0.1,0.1,0.01,150,330,H,2,-0.052478715777397156,5,0.003411101630212908,0.000583932414119488,0.001997517022166198
B,1e-12,1e-12,0.01,0.0001,0.01,150,330,H,1,-0.05347871407866478,5,0.001381304433324262,0.0026558164552842813,0.0020185604443042717
B,1e-12,1e-12,0.01,1e-06,0.01,150,330,H,1,-0.05347871407866478,5,0.0013824520551893717,0.0026553134822310653,0.0020188827687102184
B,1e-12,1e-12,0.01,1e-05,0.01,150,330,H,1,-0.05347871407866478,5,0.001382207056342903,0.002655701648948394,0.0020189543526456487
B,1e-12,1e-12,0.001,0.001,0.01,150,330,H,2,-0.052478715777397156,5,0.002623997030478573,0.0014335593854436011,0.002028778207961087
B,1e-12,1e-12,0.01,0.01,0.01,150,490,H,6,-0.1284528225660324,5,0.0011593355639709757,0.002910984801757337,0.0020351601828641564
B,1e-12,1e-12,0.01,0.01,0.01,150,330,H,2,-0.052478715777397156,5,0.0035252667562459795,0.0006601847670533801,0.0020927257616496797
B,1e-12,1e-12,0.01,0.001,0.01,150,330,H,1,-0.05347871407866478,5,0.0016269861983504025,0.0026540555371728654,0.002140520867761634
B,1e-12,1e-12,0.01,0.0001,0.01,150,490,H,6,-0.1284528225660324,5,0.002031985441870297,0.002291417792041557,0.0021617016169559267
B,1e-12,1e-12,0.01,1e-05,0.01,150,490,H,6,-0.1284528225660324,5,0.0020360083208268267,0.002290991205442623,0.002163499763134725
B,1e-12,1e-12,0.01,1e-06,0.01,150,490,H,6,-0.1284528225660324,5,0.0020363926610472757,0.002290837388311928,0.002163615024679602
B,1e-12,1e-12,0.01,0.001,0.01,150,490,H,6,-0.1284528225660324,5,0.002000211162176086,0.0023365983551649093,0.0021684047586704976
B,1e-12,1e-12,0.01,0.01,0.01,150,610,H,6,-0.14696994423866272,5,0.003947761326348324,0.0007282471231452802,0.002338004224746802
B,1e-12,1e-12,1.0,0.1,0.01,150,330,H,2,-0.052478715777397156,5,0.004433847055618578,0.0005823393604121918,0.0025080932080153847
B,1e-12,1e-12,0.1,0.001,0.01,150,330,H,2,-0.052478715777397156,5,0.004455221720556808,0.0005846389197958501,0.002519930320176329
B,1e-12,1e-12,0.1,0.0001,0.01,150,330,H,2,-0.052478715777397156,5,0.004478560004040941,0.0005867984991861874,0.002532679251613564
B,1e-12,1e-12,0.1,1e-05,0.01,150,330,H,2,-0.052478715777397156,5,0.004480908414034364,0.0005868548546035868,0.0025338816343189754
B,1e-12,1e-12,0.1,1e-06,0.01,150,330,H,2,-0.052478715777397156,5,0.004481145940862919,0.0005868574095681822,0.0025340016752155503
B,1e-12,1e-12,0.1,0.01,0.01,150,330,H,2,-0.052478715777397156,5,0.004563041737427999,0.0005809887817410697,0.0025720152595845344
B,1e-12,1e-12,1.0,0.01,0.01,150,330,H,2,-0.052478715777397156,5,0.004656556780530552,0.0005827775766775289,0.0026196671786040404
B,1e-12,1e-12,1.0,0.001,0.01,150,330,H,2,-0.052478715777397156,5,0.004679994502807409,0.000583120055733417,0.0026315572792704133
B,1e-12,1e-12,1.0,0.0001,0.01,150,330,H,2,-0.052478715777397156,5,0.004682352198605285,0.0005830657002249495,0.0026327089494151174
B,1e-12,1e-12,1.0,1e-05,0.01,150,330,H,2,-0.052478715777397156,5,0.0046825847558256434,0.0005830660003307741,0.0026328253780782086
B,1e-12,1e-12,1.0,1e-06,0.01,150,330,H,2,-0.052478715777397156,5,0.004682608381161471,0.0005830675063509715,0.002632837943756221
B,1e-12,1e-12,0.001,1e-06,0.01,150,650,H,12,-0.10497073829174042,5,0.0019876327644813437,0.003353431777210431,0.002670532270845887
B,1e-12,1e-12,0.001,1e-05,0.01,150,650,H,12,-0.10497073829174042,5,0.00199719534544458,0.003352556825797422,0.002674876085621001
B,1e-12,1e-12,0.001,0.0001,0.01,150,650,H,12,-0.10497073829174042,5,0.002061883539089842,0.0033346072652189205,0.002698245402154381
B,1e-12,1e-12,0.01,0.01,0.01,150,640,H,0,0.13790667057037354,5,0.00507415648475065,0.000477321613541477,0.0027757390491460637
B,1e-12,1e-12,0.001,1e-06,0.01,150,640,H,0,0.13790667057037354,5,0.005150888844346183,0.0004043952510374993,0.0027776420476918412
B,1e-12,1e-12,0.001,1e-05,0.01,150,640,H,0,0.13790667057037354,5,0.005150927672910405,0.000404594720447875,0.00277776119667914
B,1e-12,1e-12,0.001,0.0001,0.01,150,640,H,0,0.13790667057037354,5,0.00515290312884058,0.00040408871522956246,0.0027784959220350713
B,1e-12,1e-12,0.001,0.001,0.01,150,640,H,0,0.13790667057037354,5,0.005161277558054212,0.0004105729652700063,0.002785925261662109
B,1e-12,1e-12,0.1,0.1,0.01,150,330,H,1,-0.05347871407866478,5,0.003660898410185605,0.001987552489130877,0.002824225449658241
B,1e-12,1e-12,0.0001,0.0001,0.01,150,640,H,0,0.13790667057037354,5,0.005211418705412323,0.000438852367024083,0.002825135536218203
B,1e-12,1e-12,0.0001,1e-06,0.01,150,640,H,0,0.13790667057037354,5,0.005211008120416652,0.00044040987765001197,0.002825708999033332
B,1e-12,1e-12,1e-05,0.001,0.01,150,640,H,0,0.13790667057037354,5,0.005216880402334985,0.0004345900796569425,0.002825735240995964
B,1e-12,1e-12,0.0001,1e-05,0.01,150,640,H,0,0.13790667057037354,5,0.00521121320618151,0.00044037272329092056,0.0028257929647362155
B,1e-12,1e-12,1e-06,0.0001,0.01,150,640,H,0,0.13790667057037354,5,0.005213743974548019,0.000438184269673485,0.0028259641221107523
B,1e-12,1e-12,1e-05,0.0001,0.01,150,640,H,0,0.13790667057037354,5,0.005214115483634886,0.0004387574229750158,0.0028264364533049507
B,1e-12,1e-12,0.0001,0.001,0.01,150,640,H,0,0.13790667057037354,5,0.00521679723374259,0.000436510152833165,0.0028266536932878773
B,1e-12,1e-12,1e-06,1e-05,0.01,150,640,H,0,0.13790667057037354,5,0.0052130507653710325,0.000440623311184396,0.0028268370382777143
B,1e-12,1e-12,1e-05,1e-06,0.01,150,640,H,0,0.13790667057037354,5,0.005212787202570233,0.0004409321041829628,0.0028268596533765978
B,1e-12,1e-12,1e-05,1e-05,0.01,150,640,H,0,0.13790667057037354,5,0.005213196146172309,0.0004408347802926472,0.0028270154632324784
B,1e-12,1e-12,1e-06,1e-06,0.01,150,640,H,0,0.13790667057037354,5,0.005213353288679713,0.0004408779653360284,0.002827115627007871
B,1e-12,1e-12,1e-06,0.001,0.01,150,640,H,0,0.13790667057037354,5,0.0052188096700883655,0.0004397834353096641,0.002829296552699015
B,1e-12,1e-12,0.001,0.001,0.01,150,650,H,12,-0.10497073829174042,5,0.0026236071674997138,0.003083384000833007,0.0028534955841663604
B,1e-12,1e-12,1.0,0.1,0.01,150,610,H,6,-0.14696994423866272,5,0.004875124118139155,0.000850087044223642,0.002862605581181399
B,1e-12,1e-12,0.01,0.01,0.01,150,380,H,2,-0.11749634146690369,5,0.0031022767546687972,0.00264568891473715,0.0028739828347029736
B,1e-12,1e-12,0.01,0.001,0.01,150,380,H,2,-0.11749634146690369,5,0.0035951400883154076,0.002196936016341482,0.0028960380523284446
B,1e-12,1e-12,0.01,0.0001,0.01,150,380,H,2,-0.11749634146690369,5,0.003675821220948395,0.002200039778220315,0.002937930499584355
B,1e-12,1e-12,0.01,1e-05,0.01,150,380,H,2,-0.11749634146690369,5,0.0036840197860673603,0.0022006221077592153,0.002942320946913288
B,1e-12,1e-12,0.01,1e-06,0.01,150,380,H,2,-0.11749634146690369,5,0.003684837659849349,0.002201255211678017,0.0029430464357636833
B,1e-12,1e-12,0.1,0.01,0.01,150,610,H,6,-0.14696994423866272,5,0.005066944896286355,0.0008853683945261537,0.0029761566454062547
B,1e-12,1e-12,1.0,0.01,0.01,150,610,H,6,-0.14696994423866272,5,0.005115431040182208,0.0008523583732871033,0.002983894706734656
B,1e-12,1e-12,1.0,0.001,0.01,150,610,H,6,-0.14696994423866272,5,0.005140680465878192,0.0008522009521105645,0.0029964407089943784
B,1e-12,1e-12,1.0,0.0001,0.01,150,610,H,6,-0.14696994423866272,5,0.005143225369808363,0.0008521417682480603,0.002997683569028212
B,1e-12,1e-12,1.0,1e-05,0.01,150,610,H,6,-0.14696994423866272,5,0.0051434805829727705,0.0008521388460938795,0.002997809714533325
B,1e-12,1e-12,1.0,1e-06,0.01,150,610,H,6,-0.14696994423866272,5,0.005143504554111054,0.0008521371753364802,0.002997820864723767
B,1e-12,1e-12,0.1,0.1,0.01,150,610,H,6,-0.14696994423866272,5,0.0048098476695834485,0.0013256698979620296,0.003067758783772739
B,1e-12,1e-12,0.1,0.001,0.01,150,610,H,6,-0.14696994423866272,5,0.0052874382561549655,0.0008565732530470882,0.0030720057546010267
B,1e-12,1e-12,0.1,0.0001,0.01,150,610,H,6,-0.14696994423866272,5,0.005309543125583996,0.0008496719685798838,0.00307960754708194
B,1e-12,1e-12,0.1,1e-05,0.01,150,610,H,6,-0.14696994423866272,5,0.005311636114065227,0.0008486742735424003,0.0030801551938038135
B,1e-12,1e-12,0.1,1e-06,0.01,150,610,H,6,-0.14696994423866272,5,0.005311877822206387,0.0008486456224436268,0.0030802617223250066
B,1e-12,1e-12,0.01,0.01,0.01,150,640,H,4,-0.03988323733210564,5,0.004398413312346493,0.0021501645103309385,0.0032742889113387156
B,1e-12,1e-12,0.1,0.01,0.01,150,490,H,6,-0.1284528225660324,5,0.004428456728550053,0.002235842166223989,0.003332149447387021
B,1e-12,1e-12,0.0001,0.01,0.01,150,610,H,6,-0.14696994423866272,5,0.005880084622487598,0.0008811678013891822,0.00338062621193839
B,1e-12,1e-12,1e-05,0.01,0.01,150,610,H,6,-0.14696994423866272,5,0.005915227505935155,0.0008653292117156753,0.003390278358825415
B,1e-12,1e-12,1e-06,0.01,0.01,150,610,H,6,-0.14696994423866272,5,0.005920053000783242,0.0008643690210682564,0.0033922110109257495
B,1e-12,1e-12,0.1,0.001,0.01,150,490,H,6,-0.1284528225660324,5,0.004645358454017,0.002235416477918335,0.0034403874659676677
B,1e-12,1e-12,0.1,0.0001,0.01,150,490,H,6,-0.1284528225660324,5,0.004668555807060007,0.0022353194700632175,0.003451937638561612
B,1e-12,1e-12,0.1,1e-05,0.01,150,490,H,6,-0.1284528225660324,5,0.004671075375092716,0.002233754455672994,0.0034524149153828546
B,1e-12,1e-12,0.1,1e-06,0.01,150,490,H,6,-0.1284528225660324,5,0.004671303208381583,0.0022338728940763984,0.0034525880512289906
B,1e-12,1e-12,0.01,0.0001,0.01,150,650,H,12,-0.10497073829174042,5,0.003659204606839291,0.0033004982404295905,0.003479851423634441
B,1e-12,1e-12,0.01,1e-06,0.01,150,650,H,12,-0.10497073829174042,5,0.0036593463795655794,0.0033028763068389823,0.003481111343202281
B,1e-12,1e-12,0.01,1e-05,0.01,150,650,H,12,-0.10497073829174042,5,0.00365930571509639,0.003303480504032734,0.003481393109564562
B,1e-12,1e-12,0.001,1e-06,0.01,150,330,H,1,-0.05347871407866478,5,0.0023003980117546003,0.004719233160468689,0.003509815586111645
B,1e-12,1e-12,0.001,1e-05,0.01,150,330,H,1,-0.05347871407866478,5,0.0023036469818526633,0.0047222390994799916,0.0035129430406663272
B,1e-12,1e-12,0.001,0.0001,0.01,150,330,H,1,-0.05347871407866478,5,0.0023381767656438985,0.004723920121808334,0.003531048443726116
B,1e-12,1e-12,0.01,0.01,0.01,150,650,H,12,-0.10497073829174042,5,0.0037213109397877383,0.0034252271333865283,0.003573269036587133
B,1e-12,1e-12,0.1,0.01,0.01,150,330,H,1,-0.05347871407866478,5,0.005186578790674378,0.002063909394629064,0.003625244092651721
B,1e-12,1e-12,0.01,0.001,0.01,150,650,H,12,-0.10497073829174042,5,0.003971088681023104,0.003296852271577251,0.0036339704763001775
B,1e-12,1e-12,1.0,0.1,0.01,150,330,H,1,-0.05347871407866478,5,0.005270208680122208,0.0020097886492990826,0.0036399986647106452
B,1e-12,1e-12,0.0001,1e-06,0.01,150,490,H,6,-0.1284528225660324,5,0.004616257376409244,0.0027769612500189566,0.0036966093132141005
B,1e-12,1e-12,0.0001,1e-05,0.01,150,490,H,6,-0.1284528225660324,5,0.004670511610404795,0.0027811219645300866,0.003725816787467441
B,1e-12,1e-12,1.0,0.01,0.01,150,330,H,1,-0.05347871407866478,5,0.005534440813416297,0.002012441970589407,0.003773441392002852
B,1e-12,1e-12,0.1,0.001,0.01,150,330,H,1,-0.05347871407866478,5,0.0054664684255339765,0.002084149762143994,0.0037753090938389853
B,1e-12,1e-12,1.0,0.001,0.01,150,330,H,1,-0.05347871407866478,5,0.0055622976446928875,0.002012123141107196,0.0037872103929000416
B,1e-12,1e-12,1.0,0.0001,0.01,150,330,H,1,-0.05347871407866478,5,0.005565106490586361,0.002011133410690462,0.0037881199506384113
B,1e-12,1e-12,1.0,1e-05,0.01,150,330,H,1,-0.05347871407866478,5,0.005565387319891715,0.002011136518927259,0.003788261919409487
B,1e-12,1e-12,1.0,1e-06,0.01,150,330,H,1,-0.05347871407866478,5,0.005565415430594867,0.0020111381041385814,0.003788276767366724
B,1e-12,1e-12,0.1,0.0001,0.01,150,330,H,1,-0.05347871407866478,5,0.005496217992011456,0.0020862188549659777,0.003791218423488717
B,1e-12,1e-12,0.1,1e-05,0.01,150,330,H,1,-0.05347871407866478,5,0.0054992407395084986,0.0020868508201935753,0.003793045779851037
B,1e-12,1e-12,0.1,1e-06,0.01,150,330,H,1,-0.05347871407866478,5,0.005499504895436207,0.002086872023516691,0.0037931884594764485
B,1e-12,1e-12,0.001,0.001,0.01,150,610,H,6,-0.14696994423866272,5,0.006836620527782704,0.0008109732635600152,0.0038237968956713595
B,1e-12,1e-12,0.0001,0.001,0.01,150,610,H,6,-0.14696994423866272,5,0.006982235474842121,0.0008064495520851268,0.003894342513463624
B,1e-12,1e-12,1e-06,0.001,0.01,150,610,H,6,-0.14696994423866272,5,0.007069443823238464,0.0008044064051159694,0.003936925114177217
B,1e-12,1e-12,1e-05,0.001,0.01,150,610,H,6,-0.14696994423866272,5,0.0070722968924028995,0.0008051862890025064,0.003938741590702703
B,1e-12,1e-12,0.0001,0.0001,0.01,150,610,H,6,-0.14696994423866272,5,0.007142273431450629,0.0007930560048701806,0.0039676647181604045
B,1e-12,1e-12,0.1,0.1,0.01,150,650,H,12,-0.10497073829174042,5,0.0013356135878366956,0.006601179548158172,0.003968396567997434
B,1e-12,1e-12,0.0001,1e-05,0.01,150,610,H,6,-0.14696994423866272,5,0.007158600583209872,0.0007915662052920423,0.003975083394250957
B,1e-12,1e-12,0.0001,1e-06,0.01,150,610,H,6,-0.14696994423866272,5,0.007159901219456469,0.0007913567502465925,0.003975628984851531
B,1e-12,1e-12,1e-05,0.0001,0.01,150,610,H,6,-0.14696994423866272,5,0.007246487026367442,0.0007924558184096497,0.004019471422388546
B,1e-12,1e-12,1e-06,0.0001,0.01,150,610,H,6,-0.14696994423866272,5,0.007249497115901791,0.000791956041640134,0.004020726578770962
B,1e-12,1e-12,1e-05,1e-05,0.01,150,610,H,6,-0.14696994423866272,5,0.007257344201767663,0.0007900441444687089,0.004023694173118186
B,1e-12,1e-12,1e-05,1e-06,0.01,150,610,H,6,-0.14696994423866272,5,0.00726470143071118,0.0007898550850516984,0.00402727825788144
B,1e-12,1e-12,1e-06,1e-05,0.01,150,610,H,6,-0.14696994423866272,5,0.007279332714492861,0.0007908661578262865,0.004035099436159574
B,1e-12,1e-12,1e-06,1e-06,0.01,150,610,H,6,-0.14696994423866272,5,0.007283971322308221,0.000790733503651353,0.004037352412979787
B,1e-12,1e-12,0.001,0.01,0.01,150,650,H,12,-0.10497073829174042,5,0.006152904492429747,0.0019328251971568022,0.004042864844793275
B,1e-12,1e-12,0.001,1e-06,0.01,150,490,H,6,-0.1284528225660324,5,0.005518576644963888,0.0026708396152045565,0.004094708130084222
B,1e-12,1e-12,0.001,1e-05,0.01,150,490,H,6,-0.1284528225660324,5,0.005517466885981321,0.0026736503767153864,0.004095558631348354
B,1e-12,1e-12,0.0001,0.0001,0.01,150,490,H,6,-0.1284528225660324,5,0.005406382056916451,0.002821648254155491,0.004114015155535971
B,1e-12,1e-12,0.01,0.01,0.01,150,330,H,1,-0.05347871407866478,5,0.005179278729528123,0.0030752596000841945,0.0041272691648061586
B,1e-12,1e-12,0.001,0.0001,0.01,150,490,H,6,-0.1284528225660324,5,0.005792555529348094,0.0026966935510600366,0.004244624540204065
B,1e-12,1e-12,0.0001,0.01,0.01,150,650,H,12,-0.10497073829174042,5,0.006139300221404386,0.0024631953078082343,0.00430124776460631
B,1e-12,1e-12,1e-05,0.01,0.01,150,650,H,12,-0.10497073829174042,5,0.006163741362372156,0.002483347720877944,0.00432354454162505
B,1e-12,1e-12,1e-06,0.01,0.01,150,650,H,12,-0.10497073829174042,5,0.006164822621925394,0.002510023610382177,0.004337423116153786
B,1e-12,1e-12,0.001,0.001,0.01,150,490,H,6,-0.1284528225660324,5,0.005910184141450741,0.0028954794303042777,0.004402831785877509
B,1e-12,1e-12,1e-05,1e-06,0.01,150,490,H,6,-0.1284528225660324,5,0.0062387573224861465,0.0028055946447985034,0.004522175983642325
B,1e-12,1e-12,0.001,1e-06,0.01,150,610,H,6,-0.14696994423866272,5,0.00829090848256587,0.0008004952903721118,0.004545701886468991
B,1e-12,1e-12,0.001,1e-05,0.01,150,610,H,6,-0.14696994423866272,5,0.008294449409593677,0.0008003623143568462,0.004547405861975262
B,1e-12,1e-12,0.0001,0.0001,0.01,150,380,H,2,-0.11749634146690369,5,0.005301268722365218,0.0037974640705521526,0.004549366396458685
B,1e-12,1e-12,1e-05,1e-05,0.01,150,490,H,6,-0.1284528225660324,5,0.006299606528507135,0.0028084827265978164,0.004554044627552475
B,1e-12,1e-12,1e-06,1e-06,0.01,150,490,H,6,-0.1284528225660324,5,0.006388518765709388,0.00281016428860255,0.004599341527155969
B,1e-12,1e-12,1e-06,1e-05,0.01,150,490,H,6,-0.1284528225660324,5,0.006449193667152954,0.002814565304533545,0.0046318794858432495
B,1e-12,1e-12,0.001,0.0001,0.01,150,610,H,6,-0.14696994423866272,5,0.008689717405658853,0.0008012687764666282,0.004745493091062741
B,1e-12,1e-12,0.001,0.001,0.01,150,330,H,1,-0.05347871407866478,5,0.004653242378773617,0.004844891786403878,0.0047490670825887475
B,1e-12,1e-12,1e-05,0.001,0.01,150,380,H,2,-0.11749634146690369,5,0.005739076914485559,0.003923028312586396,0.004831052613535978
B,1e-12,1e-12,1e-06,0.001,0.01,150,380,H,2,-0.11749634146690369,5,0.005750571945117075,0.003914685606138164,0.00483262877562762
B,1e-12,1e-12,0.001,0.01,0.01,150,610,H,6,-0.14696994423866272,5,0.008902601533380319,0.0008773238003499273,0.004889962666865123
B,1e-12,1e-12,0.0001,1e-05,0.01,150,380,H,2,-0.11749634146690369,5,0.006085488046408286,0.003780153271023323,0.004932820658715805
B,1e-12,1e-12,0.0001,1e-06,0.01,150,380,H,2,-0.11749634146690369,5,0.006088449782135045,0.0037778502223365248,0.004933150002235785
B,1e-12,1e-12,0.1,0.0001,0.01,150,380,H,2,-0.11749634146690369,5,0.0047008782484739345,0.005256309385517995,0.004978593816995965
B,1e-12,1e-12,0.1,1e-06,0.01,150,380,H,2,-0.11749634146690369,5,0.0047035039713433134,0.005255222206063764,0.004979363088703538
B,1e-12,1e-12,0.1,1e-05,0.01,150,380,H,2,-0.11749634146690369,5,0.004703254734420619,0.005255851128596589,0.0049795529315086046
B,1e-12,1e-12,0.1,0.001,0.01,150,380,H,2,-0.11749634146690369,5,0.004677517370715882,0.005290953707732342,0.004984235539224112
B,1e-12,1e-12,0.1,0.01,0.01,150,380,H,2,-0.11749634146690369,5,0.004454520369678281,0.0056915857949110206,0.005073053082294651
B,1e-12,1e-12,1e-05,0.0001,0.01,150,380,H,2,-0.11749634146690369,5,0.006346482945794198,0.0038326212509439727,0.005089552098369085
B,1e-12,1e-12,1e-05,1e-06,0.01,150,380,H,2,-0.11749634146690369,5,0.006380179713956895,0.00381064944592822,0.005095414579942557
B,1e-12,1e-12,1e-05,1e-05,0.01,150,380,H,2,-0.11749634146690369,5,0.006380630889813698,0.0038131960100113104,0.005096913449912505
B,1e-12,1e-12,1e-06,0.0001,0.01,150,380,H,2,-0.11749634146690369,5,0.006378988192223065,0.003835017017614035,0.00510700260491855
B,1e-12,1e-12,1e-06,1e-06,0.01,150,380,H,2,-0.11749634146690369,5,0.00641780734955161,0.003810863095911116,0.005114335222731363
B,1e-12,1e-12,1e-06,1e-05,0.01,150,380,H,2,-0.11749634146690369,5,0.006414692612135136,0.003814342886779158,0.005114517749457146
B,1e-12,1e-12,0.1,0.1,0.01,150,490,H,6,-0.1284528225660324,5,0.006357261560328972,0.003932741586634307,0.0051450015734816395
B,1e-12,1e-12,0.1,0.01,0.01,150,650,H,12,-0.10497073829174042,5,0.002347490042240328,0.008429403624349874,0.005388446833295101
B,1e-12,1e-12,0.1,0.001,0.01,150,650,H,12,-0.10497073829174042,5,0.002662886607623549,0.008459433318895116,0.005561159963259332
B,1e-12,1e-12,0.1,0.0001,0.01,150,650,H,12,-0.10497073829174042,5,0.002673315338417094,0.008466739341626095,0.005570027340021594
B,1e-12,1e-12,0.1,1e-05,0.01,150,650,H,12,-0.10497073829174042,5,0.002674380995695725,0.00846597214924305,0.0055701765724693875
B,1e-12,1e-12,0.1,1e-06,0.01,150,650,H,12,-0.10497073829174042,5,0.002674487474944057,0.008465995077988422,0.005570241276466239
B,1e-12,1e-12,0.0001,0.001,0.01,150,380,H,2,-0.11749634146690369,5,0.007409093275554214,0.003955219626471944,0.005682156451013079
B,1e-12,1e-12,1e-06,0.1,0.01,150,640,H,0,0.13790667057037354,5,0.011099677032093608,0.0004730788424976141,0.005786377937295611
B,1e-12,1e-12,1e-05,0.1,0.01,150,640,H,0,0.13790667057037354,5,0.011099713389932223,0.0004747541638049313,0.0057872337768685765
B,1e-12,1e-12,0.001,0.1,0.01,150,640,H,0,0.13790667057037354,5,0.01109669986713228,0.00047937175681383337,0.005788035811973057
B,1e-12,1e-12,0.0001,0.1,0.01,150,640,H,0,0.13790667057037354,5,0.011101167982625313,0.0004755673392570259,0.00578836766094117
B,1e-12,1e-12,0.001,0.0001,0.01,150,380,H,2,-0.11749634146690369,5,0.007951302961292008,0.0036659015979059,0.005808602279598955
B,1e-12,1e-12,0.01,0.01,0.01,150,650,H,15,-0.01910228095948696,5,0.009952136758273576,0.001704386919918761,0.005828261839096169
B,1e-12,1e-12,0.001,1e-06,0.01,150,380,H,2,-0.11749634146690369,5,0.00851219018852657,0.0036396387910073713,0.006075914489766971
B,1e-12,1e-12,0.001,1e-05,0.01,150,380,H,2,-0.11749634146690369,5,0.008516696163607045,0.003641452926297717,0.006079074544952381
B,1e-12,1e-12,1.0,0.1,0.01,150,650,H,12,-0.10497073829174042,5,0.004413811091094274,0.008123552144340067,0.006268681617717171
B,1e-12,1e-12,1.0,0.0001,0.01,150,650,H,12,-0.10497073829174042,5,0.004545025210774928,0.008126797627878376,0.006335911419326652
B,1e-12,1e-12,1.0,1e-05,0.01,150,650,H,12,-0.10497073829174042,5,0.004545246920683192,0.008126836028637001,0.0063360414746600965
B,1e-12,1e-12,1.0,1e-06,0.01,150,650,H,12,-0.10497073829174042,5,0.004545268510849998,0.00812683506334615,0.006336051787098074
B,1e-12,1e-12,1.0,0.01,0.01,150,650,H,12,-0.10497073829174042,5,0.0046275642932211165,0.008112153035793029,0.006369858664507073
B,1e-12,1e-12,1.0,0.001,0.01,150,650,H,12,-0.10497073829174042,5,0.004650069356023644,0.008121458536936998,0.006385763946480321
B,1e-12,1e-12,1e-05,0.0001,0.01,150,490,H,6,-0.1284528225660324,5,0.01067272694014451,0.0028467900357351536,0.006759758487939832
B,1e-12,1e-12,0.001,0.001,0.01,150,380,H,2,-0.11749634146690369,5,0.00971648527641497,0.003856429131583354,0.006786457203999162
B,1e-12,1e-12,0.001,0.01,0.01,150,380,H,2,-0.11749634146690369,5,0.009969319332951048,0.003677476873065437,0.006823398103008242
B,1e-12,1e-12,1e-06,0.0001,0.01,150,490,H,6,-0.1284528225660324,5,0.010870867111806052,0.0028556683298049277,0.006863267720805489
B,1e-12,1e-12,1.0,0.001,0.01,150,380,H,2,-0.11749634146690369,5,0.005250873447544201,0.009308281390117941,0.007279577418831071
B,1e-12,1e-12,1.0,1e-06,0.01,150,380,H,2,-0.11749634146690369,5,0.005253796612469927,0.009310414180239663,0.007282105396354795
B,1e-12,1e-12,1.0,1e-05,0.01,150,380,H,2,-0.11749634146690369,5,0.00525376994810616,0.009310465346828707,0.007282117647467433
B,1e-12,1e-12,1.0,0.0001,0.01,150,380,H,2,-0.11749634146690369,5,0.005253507125554498,0.00931109943631867,0.007282303280936584
B,1e-12,1e-12,1.0,0.01,0.01,150,380,H,2,-0.11749634146690369,5,0.005224741917895639,0.009405746059693881,0.00731524398879476
B,1e-12,1e-12,1.0,0.1,0.01,150,380,H,2,-0.11749634146690369,5,0.004976717490221736,0.009660839783515913,0.007318778636868825
B,1e-12,1e-12,0.001,0.01,0.01,150,640,H,0,0.13790667057037354,5,0.014545556648048378,0.0004146152338616105,0.0074800859409549945
B,1e-12,1e-12,0.0001,0.01,0.01,150,640,H,0,0.13790667057037354,5,0.014575253464581802,0.0004204057848060928,0.007497829624693947
B,1e-12,1e-12,1e-05,0.01,0.01,150,640,H,0,0.13790667057037354,5,0.014577636900334484,0.0004222240197769622,0.007499930460055723
B,1e-12,1e-12,1e-06,0.01,0.01,150,640,H,0,0.13790667057037354,5,0.014585686611642884,0.0004277587913084346,0.007506722701475659
B,1e-12,1e-12,0.1,0.1,0.01,150,380,H,2,-0.11749634146690369,5,0.003003054589432425,0.013476022099151377,0.008239538344291902
B,1e-12,1e-12,0.01,0.1,0.01,150,650,H,12,-0.10497073829174042,5,0.014195111843007332,0.002995206752261197,0.008595159297634264
B,1e-12,1e-12,0.0001,0.01,0.01,150,650,H,15,-0.01910228095948696,5,0.014981697976155525,0.0024468314938322065,0.008714264734993865
B,1e-12,1e-12,1e-05,0.01,0.01,150,650,H,15,-0.01910228095948696,5,0.014996751132944052,0.0024376733710870725,0.008717212252015563
B,1e-12,1e-12,1e-06,0.01,0.01,150,650,H,15,-0.01910228095948696,5,0.01499810896307235,0.002442686710556785,0.008720397836814569
B,1e-12,1e-12,1.0,0.1,0.01,150,490,H,6,-0.1284528225660324,5,0.004656599148639251,0.013176520631548954,0.008916559890094104
B,1e-12,1e-12,1.0,0.01,0.01,150,490,H,6,-0.1284528225660324,5,0.004889452878793707,0.013418610509364371,0.009154031694079039
B,1e-12,1e-12,1.0,0.001,0.01,150,490,H,6,-0.1284528225660324,5,0.004914016809162142,0.01342913967912807,0.009171578244145107
B,1e-12,1e-12,1.0,0.0001,0.01,150,490,H,6,-0.1284528225660324,5,0.004916484215587898,0.013428987010059856,0.009172735612823876
B,1e-12,1e-12,1.0,1e-05,0.01,150,490,H,6,-0.1284528225660324,5,0.0049167309579937965,0.013429007773773805,0.0091728693658838
B,1e-12,1e-12,1.0,1e-06,0.01,150,490,H,6,-0.1284528225660324,5,0.0049167559811196795,0.013428998649169726,0.009172877315144703
B,1e-12,1e-12,0.0001,0.01,0.01,150,380,H,2,-0.11749634146690369,5,0.015124500829710608,0.0038934542834970997,0.009508977556603853
B,1e-12,1e-12,1e-05,0.01,0.01,150,380,H,2,-0.11749634146690369,5,0.015168799908748231,0.003873999890424358,0.009521399899586294
B,1e-12,1e-12,1e-06,0.01,0.01,150,380,H,2,-0.11749634146690369,5,0.015172635159322753,0.0038718886001977643,0.009522261879760258
B,1e-12,1e-12,0.0001,0.001,0.01,150,490,H,6,-0.1284528225660324,5,0.01809074003017103,0.0030627447594253,0.010576742394798165
B,1e-12,1e-12,0.001,0.01,0.01,150,330,H,4,-0.02938268519937992,5,0.021365790529893614,0.001051494791409624,0.01120864266065162
B,1e-12,1e-12,1e-05,0.001,0.01,150,490,H,6,-0.1284528225660324,5,0.019604742595703682,0.0030581858023549556,0.011331464199029318
B,1e-12,1e-12,1e-06,0.001,0.01,150,490,H,6,-0.1284528225660324,5,0.019814671752674613,0.0030554074465814545,0.011435039599628034
B,1e-12,1e-12,0.01,0.1,0.01,150,610,H,6,-0.14696994423866272,5,0.023502712989687733,0.0006163967112304647,0.012059554850459099
B,1e-12,1e-12,1.0,1e-06,0.01,150,530,C,1,-2.7582390308380127,5,0.00435475214829224,0.020526671244840526,0.012440711696566383
B,1e-12,1e-12,1.0,1e-05,0.01,150,530,C,1,-2.7582390308380127,5,0.004354755868304981,0.020526669926405214,0.012440712897355098
B,1e-12,1e-12,1.0,0.0001,0.01,150,530,C,1,-2.7582390308380127,5,0.004354797364728074,0.02052665241412388,0.012440724889425978
B,1e-12,1e-12,1.0,0.001,0.01,150,530,C,1,-2.7582390308380127,5,0.004354890847765908,0.02052664937778456,0.012440770112775234
B,1e-12,1e-12,1.0,0.01,0.01,150,530,C,1,-2.7582390308380127,5,0.004359256058116381,0.02052486329255228,0.01244205967533433
B,1e-12,1e-12,1.0,0.1,0.01,150,530,C,1,-2.7582390308380127,5,0.004395822465516609,0.020506867196345337,0.012451344830930973
B,1e-12,1e-12,0.0001,0.01,0.01,150,490,H,6,-0.1284528225660324,5,0.022298433198077096,0.0027179058163930847,0.01250816950723509
B,1e-12,1e-12,1e-06,0.01,0.01,150,490,H,6,-0.1284528225660324,5,0.02227160795938282,0.002929703228316356,0.012600655593849586
B,1e-12,1e-12,1e-05,0.01,0.01,150,490,H,6,-0.1284528225660324,5,0.022273776779832378,0.002974839679253023,0.0126243082295427
B,1e-12,1e-12,0.0001,0.1,0.01,150,650,H,12,-0.10497073829174042,5,0.023759148174700342,0.0017392775333781433,0.012749212854039243
B,1e-12,1e-12,1e-05,0.1,0.01,150,650,H,12,-0.10497073829174042,5,0.02375630951840933,0.0017831156000592333,0.012769712559234281
B,1e-12,1e-12,1e-06,0.1,0.01,150,650,H,12,-0.10497073829174042,5,0.02375613943577056,0.0017833251647611803,0.01276973230026587
B,1e-12,1e-12,0.001,0.01,0.01,150,650,H,15,-0.01910228095948696,5,0.023043694811644807,0.0025206389882480094,0.012782166899946408
B,1e-12,1e-12,0.001,0.1,0.01,150,650,H,12,-0.10497073829174042,5,0.02377046748129437,0.0019091096652348936,0.012839788573264631
B,1e-12,1e-12,0.01,0.1,0.01,150,490,H,6,-0.1284528225660324,5,0.02152316504414483,0.004800720818432752,0.013161942931288792
B,1e-12,1e-12,1.0,0.1,0.01,150,640,H,0,0.13790667057037354,5,0.00515566059869775,0.022155616317203197,0.013655638457950474
B,1e-12,1e-12,1.0,0.01,0.01,150,640,H,0,0.13790667057037354,5,0.005415068663349259,0.022259968344326496,0.013837518503837878
B,1e-12,1e-12,1.0,0.001,0.01,150,640,H,0,0.13790667057037354,5,0.005442556926610332,0.022272017223763887,0.01385728707518711
B,1e-12,1e-12,1.0,0.0001,0.01,150,640,H,0,0.13790667057037354,5,0.005445246203559642,0.022274616967193774,0.013859931585376708
B,1e-12,1e-12,1.0,1e-05,0.01,150,640,H,0,0.13790667057037354,5,0.0054453585531881385,0.02227555905151924,0.01386045880235369
B,1e-12,1e-12,1.0,1e-06,0.01,150,640,H,0,0.13790667057037354,5,0.0054453860499336934,0.022275565096608572,0.013860475573271133
B,1e-12,1e-12,0.001,0.01,0.01,150,490,H,6,-0.1284528225660324,5,0.025453380435173863,0.0027212565789642438,0.014087318507069053
B,1e-12,1e-12,0.0001,0.01,0.01,150,330,H,4,-0.02938268519937992,5,0.02919030215110823,0.0009080306125251524,0.015049166381816692
B,1e-12,1e-12,1e-05,0.01,0.01,150,330,H,4,-0.02938268519937992,5,0.030700807238427802,0.0008828414672746021,0.015791824352851203
B,1e-12,1e-12,1e-06,0.01,0.01,150,330,H,4,-0.02938268519937992,5,0.030700721944415605,0.0008939813746150094,0.015797351659515308
B,1e-12,1e-12,0.01,0.1,0.01,150,650,H,15,-0.01910228095948696,5,0.03019125839093005,0.0027254661690086835,0.016458362279969368
B,1e-12,1e-12,0.0001,0.1,0.01,150,650,H,15,-0.01910228095948696,5,0.03538704582383075,0.002418751907554935,0.018902898865692845
B,1e-12,1e-12,1e-06,0.1,0.01,150,650,H,15,-0.01910228095948696,5,0.035382091900752664,0.002430542038027,0.01890631696938983
B,1e-12,1e-12,1e-05,0.1,0.01,150,650,H,15,-0.01910228095948696,5,0.03538249148865362,0.0024306435692348313,0.018906567528944224
B,1e-12,1e-12,0.001,0.1,0.01,150,610,H,6,-0.14696994423866272,5,0.038412454081933695,0.0005073521839069884,0.019459903132920342
B,1e-12,1e-12,0.0001,0.1,0.01,150,610,H,6,-0.14696994423866272,5,0.04038935107715354,0.0005170268286558155,0.020453188952904676
B,1e-12,1e-12,1e-05,0.1,0.01,150,610,H,6,-0.14696994423866272,5,0.04039024977660579,0.0005267894988126898,0.02045851963770924
B,1e-12,1e-12,1e-06,0.1,0.01,150,610,H,6,-0.14696994423866272,5,0.04039048496611049,0.0005268347795148998,0.020458659872812694
B,1e-12,1e-12,1.0,0.1,0.01,150,270,C,1,-2.464503288269043,5,0.0002083750992039786,0.04506255732671992,0.022635466212961947
B,1e-12,1e-12,1.0,0.01,0.01,150,270,C,1,-2.464503288269043,5,0.00019379747220145743,0.04514960384777727,0.02267170065998936
B,1e-12,1e-12,1.0,0.0001,0.01,150,270,C,1,-2.464503288269043,5,0.00019224349632929207,0.04515570743526118,0.022673975465795235
B,1e-12,1e-12,1.0,1e-05,0.01,150,270,C,1,-2.464503288269043,5,0.00019223266295248991,0.045155764454261595,0.022673998558607043
B,1e-12,1e-12,1.0,1e-06,0.01,150,270,C,1,-2.464503288269043,5,0.00019223160388325147,0.045155769609405746,0.022674000606644498
B,1e-12,1e-12,1.0,0.001,0.01,150,270,C,1,-2.464503288269043,5,0.0001924054907301754,0.045156031385731675,0.022674218438230927
B,1e-12,1e-12,0.1,1e-06,0.01,150,270,C,1,-2.464503288269043,5,0.012292172590906923,0.037855350318203855,0.02507376145455539
B,1e-12,1e-12,0.1,1e-05,0.01,150,270,C,1,-2.464503288269043,5,0.01229220520856769,0.03785534527873699,0.02507377524365234
B,1e-12,1e-12,0.1,0.0001,0.01,150,270,C,1,-2.464503288269043,5,0.012292528649614637,0.037855242278763086,0.02507388546418886
B,1e-12,1e-12,0.1,0.001,0.01,150,270,C,1,-2.464503288269043,5,0.012295782260231232,0.03785433438716128,0.025075058323696255
B,1e-12,1e-12,0.1,0.01,0.01,150,270,C,1,-2.464503288269043,5,0.012328050284100386,0.03784604895450652,0.025087049619303456
B,1e-12,1e-12,0.1,0.1,0.01,150,270,C,1,-2.464503288269043,5,0.014703547308669464,0.03775593651174955,0.026229741910209506
B,1e-12,1e-12,1.0,0.1,0.01,150,510,C,1,-2.8548877239227295,5,0.003677736628471489,0.051386304085111335,0.027532020356791413
B,1e-12,1e-12,1.0,0.01,0.01,150,510,C,1,-2.8548877239227295,5,0.003665154858827836,0.05145547439064312,0.02756031462473548
B,1e-12,1e-12,1.0,0.001,0.01,150,510,C,1,-2.8548877239227295,5,0.0036641122147000826,0.051462327784722345,0.027563219999711213
B,1e-12,1e-12,1.0,0.0001,0.01,150,510,C,1,-2.8548877239227295,5,0.00366399217849031,0.05146307663459777,0.02756353440654404
B,1e-12,1e-12,1.0,1e-05,0.01,150,510,C,1,-2.8548877239227295,5,0.0036639794449435472,0.05146315179187308,0.027563565618408312
B,1e-12,1e-12,1.0,1e-06,0.01,150,510,C,1,-2.8548877239227295,5,0.0036639780109780262,0.05146316074521575,0.02756356937809689
B,1e-12,1e-12,0.01,1e-06,0.01,150,270,C,1,-2.464503288269043,5,0.01823060451455125,0.03775361236017749,0.02799210843736437
B,1e-12,1e-12,0.01,1e-05,0.01,150,270,C,1,-2.464503288269043,5,0.0182306555323777,0.03775360624973626,0.027992130891056982
B,1e-12,1e-12,0.01,0.0001,0.01,150,270,C,1,-2.464503288269043,5,0.01823115575905098,0.03775353546856892,0.02799234561380995
B,1e-12,1e-12,0.01,0.001,0.01,150,270,C,1,-2.464503288269043,5,0.018236073904737915,0.0377528637913011,0.027994468848019507
B,1e-12,1e-12,0.01,0.01,0.01,150,270,C,1,-2.464503288269043,5,0.01828409484545123,0.0377453247664992,0.028014709805975216
B,1e-12,1e-12,0.1,0.0001,0.01,150,640,H,0,0.13790667057037354,5,0.00014047152990224795,0.05604863076598221,0.02809455114794223
B,1e-12,1e-12,0.1,1e-05,0.01,150,640,H,0,0.13790667057037354,5,0.0001374572218285968,0.05608438971437976,0.02811092346810418
B,1e-12,1e-12,0.1,1e-06,0.01,150,640,H,0,0.13790667057037354,5,0.000138824343885157,0.05608813212397507,0.028113478233930116
B,1e-12,1e-12,0.1,0.001,0.01,150,640,H,0,0.13790667057037354,5,0.000145320547988686,0.05609692767878144,0.028121124113385063
B,1e-12,1e-12,0.1,0.01,0.01,150,640,H,0,0.13790667057037354,5,0.00019511879364840382,0.056349971686645406,0.028272545240146905
B,1e-12,1e-12,0.001,0.1,0.01,150,490,H,6,-0.1284528225660324,5,0.05598859132093306,0.002507319514467525,0.029247955417700294
B,1e-12,1e-12,0.001,0.0001,0.01,150,270,C,1,-2.464503288269043,5,0.021273570774534265,0.0377499675026095,0.029511769138571883
B,1e-12,1e-12,0.001,1e-06,0.01,150,270,C,1,-2.464503288269043,5,0.021273262380292552,0.03775065595562799,0.029511959167960268
B,1e-12,1e-12,0.001,1e-05,0.01,150,270,C,1,-2.464503288269043,5,0.021273304118506486,0.03775065183096075,0.029511977974733615
B,1e-12,1e-12,0.001,0.001,0.01,150,270,C,1,-2.464503288269043,5,0.02127758524147407,0.0377495907312346,0.029513587986354336
B,1e-12,1e-12,0.0001,1e-06,0.01,150,270,C,1,-2.464503288269043,5,0.021290329020124454,0.037749084536398844,0.02951970677826165
B,1e-12,1e-12,0.0001,1e-05,0.01,150,270,C,1,-2.464503288269043,5,0.021290357535544074,0.03774906818757426,0.029519712861559168
B,1e-12,1e-12,0.0001,0.0001,0.01,150,270,C,1,-2.464503288269043,5,0.021290636603324548,0.037748897312816804,0.029519766958070674
B,1e-12,1e-12,1e-05,1e-06,0.01,150,270,C,1,-2.464503288269043,5,0.02129191601355254,0.037748365470711566,0.02952014074213205
B,1e-12,1e-12,1e-05,1e-05,0.01,150,270,C,1,-2.464503288269043,5,0.0212919432914809,0.03774834914744675,0.029520146219463826
B,1e-12,1e-12,0.0001,0.001,0.01,150,270,C,1,-2.464503288269043,5,0.02129335830215101,0.037746957031219414,0.029520157666685212
B,1e-12,1e-12,1e-05,0.0001,0.01,150,270,C,1,-2.464503288269043,5,0.021292279423242633,0.037748181856203065,0.02952023063972285
B,1e-12,1e-12,1e-06,1e-06,0.01,150,270,C,1,-2.464503288269043,5,0.021292167404884967,0.03774835811545989,0.029520262760172427
B,1e-12,1e-12,1e-06,1e-05,0.01,150,270,C,1,-2.464503288269043,5,0.021292195276393006,0.03774834151646951,0.029520268396431258
B,1e-12,1e-12,1e-06,0.0001,0.01,150,270,C,1,-2.464503288269043,5,0.021292467700229824,0.03774817752073727,0.029520322610483547
B,1e-12,1e-12,1e-05,0.001,0.01,150,270,C,1,-2.464503288269043,5,0.021295035035766016,0.03774645566073003,0.02952074534824802
B,1e-12,1e-12,1e-06,0.001,0.01,150,270,C,1,-2.464503288269043,5,0.021295230764954973,0.037746456632406854,0.029520843698680913
B,1e-12,1e-12,0.1,1e-06,0.01,150,530,C,1,-2.7582390308380127,5,0.020615252121938085,0.039034201464900775,0.02982472679341943
B,1e-12,1e-12,0.1,1e-05,0.01,150,530,C,1,-2.7582390308380127,5,0.020615266449200396,0.039034199849688485,0.029824733149444442
B,1e-12,1e-12,0.1,0.0001,0.01,150,530,C,1,-2.7582390308380127,5,0.020615485158355776,0.03903413588450572,0.02982481052143075
B,1e-12,1e-12,0.1,0.001,0.01,150,530,C,1,-2.7582390308380127,5,0.02061720031811911,0.03903347687910326,0.029825338598611185
B,1e-12,1e-12,0.1,0.01,0.01,150,530,C,1,-2.7582390308380127,5,0.020634183767208138,0.039027874046550476,0.029831028906879307
B,1e-12,1e-12,0.001,0.01,0.01,150,270,C,1,-2.464503288269043,5,0.022029768661800942,0.03773315362693976,0.029881461144370354
B,1e-12,1e-12,0.0001,0.01,0.01,150,270,C,1,-2.464503288269043,5,0.022160915683119044,0.037732870122298846,0.029946892902708945
B,1e-12,1e-12,1e-05,0.01,0.01,150,270,C,1,-2.464503288269043,5,0.022167450970706954,0.03773354742191315,0.02995049919631005
B,1e-12,1e-12,1e-06,0.01,0.01,150,270,C,1,-2.464503288269043,5,0.02216804800787405,0.03773353333139452,0.029950790669634287
B,1e-12,1e-12,0.0001,0.1,0.01,150,490,H,6,-0.1284528225660324,5,0.057646196637031945,0.0031315451423758133,0.03038887088970388
B,1e-12,1e-12,1e-06,0.1,0.01,150,490,H,6,-0.1284528225660324,5,0.05764640992968632,0.0033804285395397926,0.030513419234613055
B,1e-12,1e-12,1e-05,0.1,0.01,150,490,H,6,-0.1284528225660324,5,0.0576465834006914,0.003380704997778423,0.03051364419923491
B,1e-12,1e-12,0.01,0.1,0.01,150,270,C,1,-2.464503288269043,5,0.025002601705680912,0.03768205054555848,0.0313423261256197
B,1e-12,1e-12,0.001,0.1,0.01,150,270,C,1,-2.464503288269043,5,0.02505544245282357,0.03766759545653207,0.03136151895467782
B,1e-12,1e-12,0.0001,0.1,0.01,150,270,C,1,-2.464503288269043,5,0.025080171332193542,0.03766925181123605,0.0313747115717148
B,1e-12,1e-12,1e-05,0.1,0.01,150,270,C,1,-2.464503288269043,5,0.025082748926513545,0.03766948170849177,0.03137611531750266
B,1e-12,1e-12,1e-06,0.1,0.01,150,270,C,1,-2.464503288269043,5,0.02508298472710232,0.037669455383138414,0.03137622005512036
B,1e-12,1e-12,1e-05,0.01,0.01,150,330,H,1,-0.05347871407866478,5,0.032680316174265825,0.03031343538384274,0.03149687577905428
B,1e-12,1e-12,1e-06,0.01,0.01,150,330,H,1,-0.05347871407866478,5,0.032679877181411465,0.030334748922193847,0.031507313051802655
B,1e-12,1e-12,0.0001,0.01,0.01,150,330,H,1,-0.05347871407866478,5,0.03269125635356013,0.030626376881656404,0.03165881661760826
B,1e-12,1e-12,1e-05,0.001,0.01,150,330,H,1,-0.05347871407866478,5,0.016763755190367463,0.04734511551319044,0.03205443535177895
B,1e-12,1e-12,1e-06,0.001,0.01,150,330,H,1,-0.05347871407866478,5,0.016862355453174577,0.0473206490614259,0.03209150225730024
B,1e-12,1e-12,0.1,0.1,0.01,150,530,C,1,-2.7582390308380127,5,0.02523613332787398,0.038950349967157544,0.03209324164751576
B,1e-12,1e-12,0.01,1e-06,0.01,150,530,C,1,-2.7582390308380127,5,0.02555104163027152,0.03891633660014399,0.032233689115207756
B,1e-12,1e-12,0.01,1e-05,0.01,150,530,C,1,-2.7582390308380127,5,0.02555106015403674,0.03891632479060579,0.03223369247232127
B,1e-12,1e-12,0.01,0.0001,0.01,150,530,C,1,-2.7582390308380127,5,0.025551230878791305,0.03891622582671715,0.03223372835275423
B,1e-12,1e-12,0.01,0.01,0.01,150,530,C,1,-2.7582390308380127,5,0.02556339054113253,0.038904639399174004,0.03223401497015327
B,1e-12,1e-12,0.01,0.001,0.01,150,530,C,1,-2.7582390308380127,5,0.025552871503709558,0.038915302150372144,0.03223408682704085
B,1e-12,1e-12,0.001,0.01,0.01,150,530,C,1,-2.7582390308380127,5,0.025601870856092775,0.03888256713421778,0.03224221899515528
B,1e-12,1e-12,0.001,0.001,0.01,150,530,C,1,-2.7582390308380127,5,0.02559167182825055,0.03889684222024108,0.03224425702424582
B,1e-12,1e-12,0.001,1e-06,0.01,150,530,C,1,-2.7582390308380127,5,0.02559043578931187,0.03889835879183391,0.03224439729057289
B,1e-12,1e-12,0.001,1e-05,0.01,150,530,C,1,-2.7582390308380127,5,0.02559044644803073,0.03889834885434635,0.03224439765118854
B,1e-12,1e-12,0.001,0.0001,0.01,150,530,C,1,-2.7582390308380127,5,0.02559055655745301,0.03889827507742353,0.03224441581743827
B,1e-12,1e-12,0.0001,0.01,0.01,150,530,C,1,-2.7582390308380127,5,0.025607875955984627,0.03888291914489428,0.03224539755043945
B,1e-12,1e-12,1e-05,0.01,0.01,150,530,C,1,-2.7582390308380127,5,0.02560847483927243,0.03888276130851616,0.0322456180738943
B,1e-12,1e-12,1e-06,0.01,0.01,150,530,C,1,-2.7582390308380127,5,0.025608537778560373,0.03888274790195907,0.03224564284025972
B,1e-12,1e-12,0.0001,0.001,0.01,150,530,C,1,-2.7582390308380127,5,0.02559683632638333,0.03889495921504871,0.03224589777071602
B,1e-12,1e-12,0.0001,1e-05,0.01,150,530,C,1,-2.7582390308380127,5,0.02559576242671084,0.0388967810490039,0.03224627173785737
B,1e-12,1e-12,0.0001,1e-06,0.01,150,530,C,1,-2.7582390308380127,5,0.02559575204718725,0.03889679264894869,0.03224627234806797
B,1e-12,1e-12,0.0001,0.0001,0.01,150,530,C,1,-2.7582390308380127,5,0.025595932554205274,0.03889662037194665,0.03224627646307596
B,1e-12,1e-12,1e-05,0.0001,0.01,150,530,C,1,-2.7582390308380127,5,0.025596339375453175,0.038896349578598124,0.03224634447702565
B,1e-12,1e-12,1e-06,1e-05,0.01,150,530,C,1,-2.7582390308380127,5,0.025596291817549178,0.03889642540696854,0.03224635861225886
B,1e-12,1e-12,1e-06,1e-06,0.01,150,530,C,1,-2.7582390308380127,5,0.025596282995683152,0.03889643932973015,0.032246361162706655
B,1e-12,1e-12,1e-06,0.0001,0.01,150,530,C,1,-2.7582390308380127,5,0.02559639824190481,0.0388963332810609,0.032246365761482855
B,1e-12,1e-12,1e-05,1e-05,0.01,150,530,C,1,-2.7582390308380127,5,0.025596238997616587,0.03889649837006491,0.032246368683840745
B,1e-12,1e-12,1e-05,1e-06,0.01,150,530,C,1,-2.7582390308380127,5,0.025596229330849284,0.03889651278506136,0.03224637105795532
B,1e-12,1e-12,1e-05,0.001,0.01,150,530,C,1,-2.7582390308380127,5,0.02559744031193376,0.038895664459693224,0.03224655238581349
B,1e-12,1e-12,1e-06,0.001,0.01,150,530,C,1,-2.7582390308380127,5,0.02559749857330947,0.03889565381891384,0.032246576196111654
B,1e-12,1e-12,1e-06,0.01,0.01,150,640,H,13,-0.030795302242040634,5,0.018193975146881727,0.04694576624090316,0.032569870693892444
B,1e-12,1e-12,1e-05,0.01,0.01,150,640,H,13,-0.030795302242040634,5,0.0181915203321593,0.04781175467298254,0.03300163750257092
B,1e-12,1e-12,0.1,0.1,0.01,150,640,H,0,0.13790667057037354,5,0.006398535502854767,0.059881178016293723,0.033139856759574246
B,1e-12,1e-12,0.01,0.0001,0.01,150,640,H,0,0.13790667057037354,5,0.0049365735399560795,0.06175128773225012,0.033343930636103095
B,1e-12,1e-12,0.01,0.001,0.01,150,640,H,0,0.13790667057037354,5,0.004956281855004992,0.06176689540241469,0.03336158862870984
B,1e-12,1e-12,0.01,1e-05,0.01,150,640,H,0,0.13790667057037354,5,0.0049363656794665185,0.061798557162725844,0.03336746142109618
B,1e-12,1e-12,0.01,1e-06,0.01,150,640,H,0,0.13790667057037354,5,0.004935916866335546,0.06183582557198477,0.03338587121916016
B,1e-12,1e-12,0.01,0.1,0.01,150,330,H,1,-0.05347871407866478,5,0.057270522134756335,0.00966775161704689,0.03346913687590161
B,1e-12,1e-12,0.01,0.1,0.01,150,530,C,1,-2.7582390308380127,5,0.028636173118806594,0.03878404464620104,0.033710108882503816
B,1e-12,1e-12,0.001,0.1,0.01,150,530,C,1,-2.7582390308380127,5,0.02872114472893087,0.03878159491801064,0.03375136982347075
B,1e-12,1e-12,0.0001,0.1,0.01,150,530,C,1,-2.7582390308380127,5,0.028735273354327785,0.03877641525475553,0.033755844304541656
B,1e-12,1e-12,1e-05,0.1,0.01,150,530,C,1,-2.7582390308380127,5,0.028736711389668282,0.03877574085784961,0.03375622612375895
B,1e-12,1e-12,1e-06,0.1,0.01,150,530,C,1,-2.7582390308380127,5,0.02873683162099284,0.03877564440857245,0.03375623801478265
B,1e-12,1e-12,0.01,0.1,0.01,150,380,H,2,-0.11749634146690369,5,0.02548734707462743,0.042510851214921236,0.033999099144774336
B,1e-12,1e-12,1e-05,0.001,0.01,150,640,H,4,-0.03988323733210564,5,0.017144503663390712,0.053394465558901774,0.03526948461114624
B,1e-12,1e-12,0.001,0.1,0.01,150,330,H,4,-0.02938268519937992,5,0.06927614878585475,0.0013290388953943477,0.03530259384062455
B,1e-12,1e-12,1e-06,0.1,0.01,150,330,H,4,-0.02938268519937992,5,0.06922771492057282,0.001422121744227951,0.03532491833240039
B,1e-12,1e-12,1e-05,0.1,0.01,150,330,H,4,-0.02938268519937992,5,0.06922807947150177,0.001422137492943847,0.035325108482222804
B,1e-12,1e-12,0.0001,0.1,0.01,150,330,H,4,-0.02938268519937992,5,0.06923322235726216,0.0014253840560679975,0.03532930320666508
B,1e-12,1e-12,0.0001,0.001,0.01,150,330,H,1,-0.05347871407866478,5,0.023149355132266156,0.0481202391170386,0.03563479712465238
B,1e-12,1e-12,0.0001,1e-05,0.01,150,330,H,1,-0.05347871407866478,5,0.016686854448054882,0.05499314957671986,0.03584000201238737
B,1e-12,1e-12,0.0001,1e-06,0.01,150,330,H,1,-0.05347871407866478,5,0.016665525678494764,0.05502949774279976,0.03584751171064726
B,1e-12,1e-12,0.01,0.01,0.01,150,510,C,1,-2.8548877239227295,5,0.013518720227593253,0.058703567949427264,0.03611114408851026
B,1e-12,1e-12,0.01,0.001,0.01,150,510,C,1,-2.8548877239227295,5,0.013537978389785318,0.058770693034855166,0.03615433571232024
B,1e-12,1e-12,0.01,0.0001,0.01,150,510,C,1,-2.8548877239227295,5,0.013539551975572328,0.05877695420567512,0.036158253090623725
B,1e-12,1e-12,0.01,1e-05,0.01,150,510,C,1,-2.8548877239227295,5,0.013539695777408057,0.058777442947181666,0.03615856936229486
B,1e-12,1e-12,0.01,1e-06,0.01,150,510,C,1,-2.8548877239227295,5,0.01353971072265371,0.058777502235972175,0.03615860647931294
B,1e-12,1e-12,0.001,0.01,0.01,150,330,H,1,-0.05347871407866478,5,0.03304978235823647,0.03940375778896534,0.03622677007360091
B,1e-12,1e-12,0.0001,0.01,0.01,150,640,H,13,-0.030795302242040634,5,0.026202222653011458,0.04634246185554147,0.03627234225427647
B,1e-12,1e-12,1.0,0.1,0.01,150,170,C,0,-2.175614595413208,5,0.0030668412333831187,0.07023699933718273,0.03665192028528293
B,1e-12,1e-12,0.1,0.1,0.01,150,510,C,1,-2.8548877239227295,5,0.013586966261216733,0.05972253947849446,0.036654752869855596
B,1e-12,1e-12,0.1,0.01,0.01,150,510,C,1,-2.8548877239227295,5,0.013539827485903051,0.05987353874544045,0.036706683115671754
B,1e-12,1e-12,1.0,0.01,0.01,150,170,C,0,-2.175614595413208,5,0.003045292309853752,0.07039802053002343,0.03672165641993859
B,1e-12,1e-12,1.0,0.001,0.01,150,170,C,0,-2.175614595413208,5,0.0030433567330849214,0.07041116792125894,0.03672726232717193
B,1e-12,1e-12,1.0,1e-05,0.01,150,170,C,0,-2.175614595413208,5,0.0030430932161278085,0.07041176120753712,0.03672742721183246
B,1e-12,1e-12,1.0,1e-06,0.01,150,170,C,0,-2.175614595413208,5,0.0030430909405452693,0.07041177226313224,0.03672743160183875
B,1e-12,1e-12,1.0,0.0001,0.01,150,170,C,0,-2.175614595413208,5,0.0030431684544837277,0.07041214081025182,0.036727654632367775
B,1e-12,1e-12,1e-06,0.001,0.01,150,640,H,4,-0.03988323733210564,5,0.0204344748161511,0.0531925727773303,0.0368135237967407
B,1e-12,1e-12,0.01,0.1,0.01,150,330,H,2,-0.052478715777397156,5,0.07045075796421228,0.003461823644871203,0.03695629080454174
B,1e-12,1e-12,0.0001,0.0001,0.01,150,330,H,1,-0.05347871407866478,5,0.020273668954284427,0.05454074289567182,0.03740720592497812
B,1e-12,1e-12,1e-06,0.01,0.01,150,510,C,1,-2.8548877239227295,5,0.016583934457616165,0.05836556829516713,0.03747475137639165
B,1e-12,1e-12,1e-05,0.01,0.01,150,510,C,1,-2.8548877239227295,5,0.016584048140385978,0.0583659329477277,0.03747499054405684
B,1e-12,1e-12,0.0001,0.01,0.01,150,510,C,1,-2.8548877239227295,5,0.01658372058539664,0.058368766385323644,0.03747624348536014
B,1e-12,1e-12,0.001,0.01,0.01,150,510,C,1,-2.8548877239227295,5,0.016579844232674695,0.05839426964804442,0.03748705694035956
B,1e-12,1e-12,1e-06,0.001,0.01,150,510,C,1,-2.8548877239227295,5,0.016619695359115234,0.05851436641270695,0.037567030885911096
B,1e-12,1e-12,1e-05,0.001,0.01,150,510,C,1,-2.8548877239227295,5,0.01661967709647585,0.05851459835570562,0.03756713772609074
B,1e-12,1e-12,0.0001,0.001,0.01,150,510,C,1,-2.8548877239227295,5,0.01661940050523068,0.05851768386087741,0.03756854218305405
B,1e-12,1e-12,1e-06,0.0001,0.01,150,510,C,1,-2.8548877239227295,5,0.01662369109249755,0.05853083638832654,0.037577263740412044
B,1e-12,1e-12,0.1,0.01,0.01,150,170,C,0,-2.175614595413208,5,0.010830234749499297,0.06432433645907938,0.03757728560428934
B,1e-12,1e-12,1e-05,0.0001,0.01,150,510,C,1,-2.8548877239227295,5,0.016623726811501222,0.058531113560508594,0.037577420186004906
B,1e-12,1e-12,1e-05,1e-05,0.01,150,510,C,1,-2.8548877239227295,5,0.016624130261303213,0.0585324255454713,0.037578277903387254
B,1e-12,1e-12,1e-06,1e-05,0.01,150,510,C,1,-2.8548877239227295,5,0.016624151487642708,0.05853249483566639,0.03757832316165455
B,1e-12,1e-12,0.0001,0.0001,0.01,150,510,C,1,-2.8548877239227295,5,0.016623391041026635,0.058533321504334414,0.037578356272680524
B,1e-12,1e-12,1e-05,1e-06,0.01,150,510,C,1,-2.8548877239227295,5,0.016624164100283167,0.05853255605373313,0.03757836007700815
B,1e-12,1e-12,1e-06,1e-06,0.01,150,510,C,1,-2.8548877239227295,5,0.0166241904927707,0.05853265735094588,0.03757842392185829
B,1e-12,1e-12,0.0001,1e-05,0.01,150,510,C,1,-2.8548877239227295,5,0.016623783935318208,0.05853325426364354,0.03757851909948087
B,1e-12,1e-12,0.0001,1e-06,0.01,150,510,C,1,-2.8548877239227295,5,0.016623821281155995,0.05853340950972565,0.03757861539544082
B,1e-12,1e-12,0.001,0.001,0.01,150,510,C,1,-2.8548877239227295,5,0.01662343895874948,0.05854435948005282,0.037583899219401154
B,1e-12,1e-12,0.001,0.0001,0.01,150,510,C,1,-2.8548877239227295,5,0.016625645669325874,0.05855459042456424,0.03759011804694506
B,1e-12,1e-12,0.001,1e-05,0.01,150,510,C,1,-2.8548877239227295,5,0.016625886278322857,0.05855560892127485,0.03759074759979886
B,1e-12,1e-12,0.001,1e-06,0.01,150,510,C,1,-2.8548877239227295,5,0.01662590528010197,0.05855570392177295,0.03759080460093746
B,1e-12,1e-12,0.1,0.001,0.01,150,170,C,0,-2.175614595413208,5,0.010831250403947995,0.06438389024751945,0.037607570325733725
B,1e-12,1e-12,0.1,0.0001,0.01,150,170,C,0,-2.175614595413208,5,0.0108313310554225,0.06438997973878105,0.037610655397101775
B,1e-12,1e-12,0.1,1e-05,0.01,150,170,C,0,-2.175614595413208,5,0.010831340094589808,0.06439050951293619,0.037610924803763
B,1e-12,1e-12,0.1,1e-06,0.01,150,170,C,0,-2.175614595413208,5,0.010831340477632451,0.06439057049439086,0.037610955486011656
B,1e-12,1e-12,0.01,0.1,0.01,150,510,C,1,-2.8548877239227295,5,0.01761075009937337,0.05763455720343036,0.03762265365140186
B,1e-12,1e-12,0.1,1e-06,0.01,150,610,C,2,-2.5053277015686035,5,0.0067224402453987045,0.0685673770248848,0.03764490863514175
B,1e-12,1e-12,0.1,1e-05,0.01,150,610,C,2,-2.5053277015686035,5,0.006722410541104722,0.06856751530822454,0.03764496292466463
B,1e-12,1e-12,0.1,0.0001,0.01,150,610,C,2,-2.5053277015686035,5,0.006721702627319976,0.06856892760610589,0.03764531511671293
B,1e-12,1e-12,0.1,0.001,0.01,150,610,C,2,-2.5053277015686035,5,0.006718546472213647,0.06858279488538241,0.03765067067879803
B,1e-12,1e-12,0.001,0.01,0.01,150,640,H,13,-0.030795302242040634,5,0.027728494487032202,0.04773936670875727,0.03773393059789474
B,1e-12,1e-12,0.001,0.1,0.01,150,510,C,1,-2.8548877239227295,5,0.018433798244021,0.05739609624876828,0.03791494724639464
B,1e-12,1e-12,0.0001,0.1,0.01,150,510,C,1,-2.8548877239227295,5,0.018478926817723725,0.05738424847825449,0.03793158764798911
B,1e-12,1e-12,1e-05,0.1,0.01,150,510,C,1,-2.8548877239227295,5,0.01848348633277485,0.057384657007200135,0.037934071669987496
B,1e-12,1e-12,1e-06,0.1,0.01,150,510,C,1,-2.8548877239227295,5,0.018483108172203166,0.05738521573485623,0.037934161953529694
B,1e-12,1e-12,1e-06,0.1,0.01,150,170,C,0,-2.175614595413208,5,0.014573819116391665,0.061894303157108685,0.03823406113675017
B,1e-12,1e-12,1e-05,0.1,0.01,150,170,C,0,-2.175614595413208,5,0.01457379496469469,0.061894489769859826,0.038234142367277256
B,1e-12,1e-12,0.001,0.1,0.01,150,170,C,0,-2.175614595413208,5,0.014570322985052302,0.06189913842309853,0.03823473070407542
B,1e-12,1e-12,0.0001,0.1,0.01,150,170,C,0,-2.175614595413208,5,0.01457377173496909,0.06189646302545433,0.03823511738021171
B,1e-12,1e-12,0.01,0.1,0.01,150,170,C,0,-2.175614595413208,5,0.014574328985216968,0.062034875639325374,0.038304602312271174
B,1e-12,1e-12,0.1,0.001,0.01,150,510,C,1,-2.8548877239227295,5,0.013535150468196434,0.06376216628067659,0.03864865837443651
B,1e-12,1e-12,0.1,0.0001,0.01,150,510,C,1,-2.8548877239227295,5,0.013534704915526788,0.06376428168817462,0.038649493301850704
B,1e-12,1e-12,0.1,1e-05,0.01,150,510,C,1,-2.8548877239227295,5,0.013534660183103672,0.06376448762726745,0.038649573905185565
B,1e-12,1e-12,0.1,1e-06,0.01,150,510,C,1,-2.8548877239227295,5,0.013534655529557233,0.06376451240437962,0.03864958396696843
B,1e-12,1e-12,0.1,0.1,0.01,150,170,C,0,-2.175614595413208,5,0.013716754920878604,0.06366228146528481,0.03868951819308171
B,1e-12,1e-12,0.0001,0.01,0.01,150,170,C,0,-2.175614595413208,5,0.014685491754421104,0.06292676579614104,0.03880612877528107
B,1e-12,1e-12,1e-05,0.01,0.01,150,170,C,0,-2.175614595413208,5,0.014686781243258663,0.06292549080166576,0.03880613602246221
B,1e-12,1e-12,1e-06,0.01,0.01,150,170,C,0,-2.175614595413208,5,0.014686824541499667,0.06292557029953921,0.03880619742051944
B,1e-12,1e-12,0.001,0.01,0.01,150,170,C,0,-2.175614595413208,5,0.014688329121078461,0.0629328054196091,0.038810567270343786
B,1e-12,1e-12,1.0,0.1,0.01,150,650,C,4,-1.282924771308899,5,0.005016174014872493,0.07281369408815656,0.03891493405151453
B,1e-12,1e-12,0.0001,0.001,0.01,150,170,C,0,-2.175614595413208,5,0.014723273499478875,0.06312099014078273,0.0389221318201308
B,1e-12,1e-12,1e-06,0.001,0.01,150,170,C,0,-2.175614595413208,5,0.01472368836250899,0.06312095150139338,0.03892231993195119
B,1e-12,1e-12,1e-05,0.001,0.01,150,170,C,0,-2.175614595413208,5,0.01472366744375989,0.06312100799898052,0.0389223377213702
B,1e-12,1e-12,0.001,0.001,0.01,150,170,C,0,-2.175614595413208,5,0.014721368992105957,0.06312927747656495,0.03892532323433545
B,1e-12,1e-12,0.0001,0.0001,0.01,150,170,C,0,-2.175614595413208,5,0.014727585664340754,0.06314247588162765,0.0389350307729842
B,1e-12,1e-12,1e-05,0.0001,0.01,150,170,C,0,-2.175614595413208,5,0.014727905718278894,0.06314240798783029,0.03893515685305459
B,1e-12,1e-12,1e-06,0.0001,0.01,150,170,C,0,-2.175614595413208,5,0.014727944990759948,0.06314244289639934,0.038935193943579645
B,1e-12,1e-12,0.001,0.0001,0.01,150,170,C,0,-2.175614595413208,5,0.014725118933759341,0.06314665293501985,0.0389358859343896
B,1e-12,1e-12,0.0001,1e-05,0.01,150,170,C,0,-2.175614595413208,5,0.01472800782103418,0.0631446666909721,0.03893633725600314
B,1e-12,1e-12,1e-05,1e-05,0.01,150,170,C,0,-2.175614595413208,5,0.014728336998149686,0.06314458201227258,0.03893645950521113
B,1e-12,1e-12,0.0001,1e-06,0.01,150,170,C,0,-2.175614595413208,5,0.014728048401960386,0.063144873648322,0.03893646102514119
B,1e-12,1e-12,1e-06,1e-05,0.01,150,170,C,0,-2.175614595413208,5,0.014728377135717166,0.06314461376202356,0.03893649544887036
B,1e-12,1e-12,1e-05,1e-06,0.01,150,170,C,0,-2.175614595413208,5,0.014728380783393233,0.0631448159366295,0.03893659836001137
B,1e-12,1e-12,1e-06,1e-06,0.01,150,170,C,0,-2.175614595413208,5,0.01472841926560931,0.06314483222191465,0.03893662574376198
B,1e-12,1e-12,0.001,1e-05,0.01,150,170,C,0,-2.175614595413208,5,0.014725492027465993,0.06314864949435137,0.03893707076090868
B,1e-12,1e-12,0.001,1e-06,0.01,150,170,C,0,-2.175614595413208,5,0.014725530673846658,0.06314886064579266,0.03893719565981966
B,1e-12,1e-12,0.01,0.01,0.01,150,170,C,0,-2.175614595413208,5,0.014710496756411026,0.06317628745530002,0.03894339210585552
B,1e-12,1e-12,0.01,0.001,0.01,150,170,C,0,-2.175614595413208,5,0.014724778577725877,0.06330184679300288,0.03901331268536438
B,1e-12,1e-12,0.01,0.0001,0.01,150,170,C,0,-2.175614595413208,5,0.0147262876254011,0.06331323939505434,0.03901976351022772
B,1e-12,1e-12,0.01,1e-05,0.01,150,170,C,0,-2.175614595413208,5,0.014726432476361665,0.06331439520248619,0.03902041383942393
B,1e-12,1e-12,0.01,1e-06,0.01,150,170,C,0,-2.175614595413208,5,0.014726446827412896,0.06331452068614414,0.039020483756778516
B,1e-12,1e-12,1.0,0.0001,0.01,150,650,C,4,-1.282924771308899,5,0.005586626208569826,0.07288150379636568,0.039234065002467754
B,1e-12,1e-12,1.0,0.001,0.01,150,650,C,4,-1.282924771308899,5,0.00558794346680746,0.07288060255144281,0.03923427300912514
B,1e-12,1e-12,1.0,1e-06,0.01,150,650,C,4,-1.282924771308899,5,0.0055864870341809465,0.07288250059442308,0.03923449381430202
B,1e-12,1e-12,1.0,1e-05,0.01,150,650,C,4,-1.282924771308899,5,0.005586501056962942,0.07288249360434282,0.03923449733065288
B,1e-12,1e-12,1.0,0.01,0.01,150,650,C,4,-1.282924771308899,5,0.005601599309556819,0.07287328823090594,0.03923744377023138
B,1e-12,1e-12,0.001,0.1,0.01,150,380,H,2,-0.11749634146690369,5,0.03452383099308141,0.04416423575613106,0.039344033374606235
B,1e-12,1e-12,0.1,0.1,0.01,150,610,C,2,-2.5053277015686035,5,0.004945165365874054,0.07412421326757894,0.0395346893167265
B,1e-12,1e-12,0.1,0.01,0.01,150,610,C,2,-2.5053277015686035,5,0.006683979012407419,0.07302362289858592,0.03985380095549667
B,1e-12,1e-12,1e-06,1e-05,0.01,150,330,H,1,-0.05347871407866478,5,0.026585138923634476,0.053704068182406174,0.040144603553020325
B,1e-12,1e-12,1.0,0.1,0.01,150,170,C,3,-2.179614543914795,5,0.010411375074506676,0.0703395104405849,0.04037544275754579
B,1e-12,1e-12,1.0,0.01,0.01,150,170,C,3,-2.179614543914795,5,0.010380187211538109,0.07042322073338955,0.04040170397246383
B,1e-12,1e-12,1.0,0.0001,0.01,150,170,C,3,-2.179614543914795,5,0.010377499474064831,0.07043307802778828,0.040405288750926555
B,1e-12,1e-12,1.0,1e-05,0.01,150,170,C,3,-2.179614543914795,5,0.010377470211400307,0.07043316135894004,0.040405315785170176
B,1e-12,1e-12,1.0,1e-06,0.01,150,170,C,3,-2.179614543914795,5,0.01037746622781825,0.07043317191312745,0.04040531907047285
B,1e-12,1e-12,1.0,0.001,0.01,150,170,C,3,-2.179614543914795,5,0.010377838557375743,0.07043304849607314,0.04040544352672444
B,1e-12,1e-12,1e-06,1e-06,0.01,150,330,H,1,-0.05347871407866478,5,0.027376767519154053,0.05380072551694539,0.04058874651804972
B,1e-12,1e-12,1e-05,1e-05,0.01,150,330,H,1,-0.05347871407866478,5,0.02732074863383405,0.05389343463734307,0.04060709163558856
B,1e-12,1e-12,1e-05,1e-06,0.01,150,330,H,1,-0.05347871407866478,5,0.027287371442826173,0.053969925924240984,0.04062864868353358
B,1e-12,1e-12,0.1,0.01,0.01,150,650,C,4,-1.282924771308899,5,0.01130257770499356,0.07064201647758214,0.04097229709128785
B,1e-12,1e-12,0.1,0.001,0.01,150,650,C,4,-1.282924771308899,5,0.011296331046131241,0.07066176636655133,0.04097904870634129
B,1e-12,1e-12,0.1,1e-05,0.01,150,650,C,4,-1.282924771308899,5,0.011295424098204518,0.07066291474129005,0.04097916941974728
B,1e-12,1e-12,0.1,1e-06,0.01,150,650,C,4,-1.282924771308899,5,0.011295416553313007,0.07066293691234811,0.04097917673283056
B,1e-12,1e-12,0.1,0.0001,0.01,150,650,C,4,-1.282924771308899,5,0.011295582745072684,0.07066365460040938,0.04097961867274103
B,1e-12,1e-12,1e-05,0.0001,0.01,150,330,H,1,-0.05347871407866478,5,0.029361317024516918,0.05313167105192356,0.04124649403822024
B,1e-12,1e-12,1e-06,0.0001,0.01,150,330,H,1,-0.05347871407866478,5,0.030313965157852205,0.052910242263487964,0.04161210371067008
B,1e-12,1e-12,0.1,0.1,0.01,150,650,C,4,-1.282924771308899,5,0.013202078337813708,0.07047591376928213,0.04183899605354792
B,1e-12,1e-12,1e-05,0.001,0.01,150,510,H,8,-0.0713830441236496,5,0.033504953246371046,0.05269295476392273,0.04309895400514689
B,1e-12,1e-12,0.0001,1e-06,0.01,150,640,H,9,-0.08353185653686523,5,0.008471972659692224,0.07786914768259115,0.04317056017114169
B,1e-12,1e-12,0.0001,1e-05,0.01,150,640,H,9,-0.08353185653686523,5,0.008464139560105183,0.07796756706960224,0.04321585331485371
B,1e-12,1e-12,1e-06,0.001,0.01,150,510,H,8,-0.0713830441236496,5,0.033736533682665715,0.05271975847940372,0.043228146081034716
B,1e-12,1e-12,0.0001,0.01,0.01,150,640,H,4,-0.03988323733210564,5,0.045565855998764025,0.04121987409630648,0.043392865047535256
B,1e-12,1e-12,0.0001,0.0001,0.01,150,640,H,9,-0.08353185653686523,5,0.008406640937920129,0.07890564361966709,0.04365614227879361
B,1e-12,1e-12,0.01,1e-06,0.01,150,650,C,4,-1.282924771308899,5,0.016863413835544246,0.0704777955527403,0.04367060469414227
B,1e-12,1e-12,0.01,1e-05,0.01,150,650,C,4,-1.282924771308899,5,0.016863451498080984,0.07047781896955296,0.04367063523381697
B,1e-12,1e-12,0.01,0.0001,0.01,150,650,C,4,-1.282924771308899,5,0.016863803737555385,0.07047757967513857,0.04367069170634698
B,1e-12,1e-12,0.01,0.001,0.01,150,650,C,4,-1.282924771308899,5,0.016868202661735932,0.0704767948354914,0.04367249874861366
B,1e-12,1e-12,0.01,0.01,0.01,150,650,C,4,-1.282924771308899,5,0.016902637159396303,0.0704596940652101,0.0436811656123032
B,1e-12,1e-12,1e-05,0.01,0.01,150,640,H,4,-0.03988323733210564,5,0.045737260774749475,0.041768887133076124,0.0437530739539128
B,1e-12,1e-12,1e-06,0.01,0.01,150,640,H,4,-0.03988323733210564,5,0.04575178938279867,0.04178264455944937,0.04376721697112402
B,1e-12,1e-12,0.0001,0.001,0.01,150,640,H,4,-0.03988323733210564,5,0.03268028163262391,0.05542990397298766,0.044055092802805784
B,1e-12,1e-12,0.001,1e-06,0.01,150,640,H,9,-0.08353185653686523,5,0.003287446901039833,0.08489577742691465,0.044091612163977244
B,1e-12,1e-12,0.001,1e-05,0.01,150,640,H,9,-0.08353185653686523,5,0.003280147603487907,0.084948525610451,0.04411433660696946
B,1e-12,1e-12,0.001,1e-06,0.01,150,650,C,4,-1.282924771308899,5,0.017908543254607202,0.07046097965222717,0.04418476145341718
B,1e-12,1e-12,0.001,1e-05,0.01,150,650,C,4,-1.282924771308899,5,0.01790859677396073,0.07046105346929434,0.04418482512162753
B,1e-12,1e-12,0.001,0.0001,0.01,150,650,C,4,-1.282924771308899,5,0.01790898013393103,0.07046087238639112,0.04418492626016107
B,1e-12,1e-12,0.001,0.001,0.01,150,650,C,4,-1.282924771308899,5,0.01791247248838627,0.07045917460492868,0.044185823546657475
B,1e-12,1e-12,0.0001,1e-06,0.01,150,650,C,4,-1.282924771308899,5,0.017918930586348896,0.07045944303171787,0.04418918680903339
B,1e-12,1e-12,0.0001,1e-05,0.01,150,650,C,4,-1.282924771308899,5,0.017918967529997054,0.07045942099740796,0.044189194263702505
B,1e-12,1e-12,0.0001,0.0001,0.01,150,650,C,4,-1.282924771308899,5,0.017919305521490677,0.07045914975241484,0.04418922763695276
B,1e-12,1e-12,1e-05,1e-06,0.01,150,650,C,4,-1.282924771308899,5,0.01792068909454287,0.0704599719281902,0.04419033051136653
B,1e-12,1e-12,1e-05,1e-05,0.01,150,650,C,4,-1.282924771308899,5,0.017920725955834674,0.07045995181112001,0.04419033888347734
B,1e-12,1e-12,1e-06,1e-06,0.01,150,650,C,4,-1.282924771308899,5,0.01792079432055257,0.07045996619019128,0.044190380255371926
B,1e-12,1e-12,1e-06,1e-05,0.01,150,650,C,4,-1.282924771308899,5,0.017920829556744303,0.07045994659952597,0.044190388078135134
B,1e-12,1e-12,1e-05,0.0001,0.01,150,650,C,4,-1.282924771308899,5,0.017921097462252733,0.07045973164821362,0.044190414555233176
B,1e-12,1e-12,1e-06,0.0001,0.01,150,650,C,4,-1.282924771308899,5,0.017921201467335283,0.07045972775145301,0.044190464609394145
B,1e-12,1e-12,0.0001,0.001,0.01,150,650,C,4,-1.282924771308899,5,0.017923887894854384,0.07045794073749007,0.044190914316172225
B,1e-12,1e-12,1e-05,0.001,0.01,150,650,C,4,-1.282924771308899,5,0.01792471100830548,0.07045796734776708,0.044191339178036276
B,1e-12,1e-12,1e-06,0.001,0.01,150,650,C,4,-1.282924771308899,5,0.017924839813458056,0.07045789746203415,0.0441913686377461
B,1e-12,1e-12,0.001,0.01,0.01,150,650,C,4,-1.282924771308899,5,0.017946264423945958,0.07044147416898638,0.04419386929646617
B,1e-12,1e-12,0.0001,0.01,0.01,150,650,C,4,-1.282924771308899,5,0.017961259498853473,0.07043415819560508,0.044197708847229275
B,1e-12,1e-12,1e-06,0.01,0.01,150,650,C,4,-1.282924771308899,5,0.01796309964187116,0.07043285082125955,0.04419797523156536
B,1e-12,1e-12,1e-05,0.01,0.01,150,650,C,4,-1.282924771308899,5,0.01796344285588029,0.07043366646440628,0.04419855466014329
B,1e-12,1e-12,0.001,0.0001,0.01,150,640,H,9,-0.08353185653686523,5,0.0032093293111595425,0.0854553870841464,0.04433235819765297
B,1e-12,1e-12,1e-06,0.1,0.01,150,380,H,2,-0.11749634146690369,5,0.04369507277907975,0.04520686651965608,0.044450969649367914
B,1e-12,1e-12,1e-05,0.1,0.01,150,380,H,2,-0.11749634146690369,5,0.043694881054427086,0.04521305122668469,0.044453966140555884
B,1e-12,1e-12,0.0001,0.1,0.01,150,380,H,2,-0.11749634146690369,5,0.04369189588589973,0.04533079475372791,0.04451134531981382
B,1e-12,1e-12,0.0001,0.0001,0.01,150,640,H,4,-0.03988323733210564,5,0.01019556317359433,0.07941891122613783,0.044807237199866075
B,1e-12,1e-12,0.0001,0.01,0.01,150,510,H,8,-0.0713830441236496,5,0.04844939371917281,0.04149241158865167,0.04497090265391224
B,1e-12,1e-12,0.0001,1e-05,0.01,150,640,H,4,-0.03988323733210564,5,0.010102944428743304,0.07993822683368138,0.04502058563121234
B,1e-12,1e-12,0.0001,1e-06,0.01,150,640,H,4,-0.03988323733210564,5,0.010094069115163739,0.07998737901328923,0.04504072406422648
B,1e-12,1e-12,1.0,0.1,0.01,150,650,C,2,-0.7869271636009216,5,0.005186545054391562,0.08578650382861819,0.045486524441504875
B,1e-12,1e-12,1.0,0.01,0.01,150,650,C,2,-0.7869271636009216,5,0.005173777324053737,0.08583855010049513,0.04550616371227443
B,1e-12,1e-12,1.0,0.001,0.01,150,650,C,2,-0.7869271636009216,5,0.0051728134530680675,0.08584523504282128,0.045509024247944674
B,1e-12,1e-12,1.0,0.0001,0.01,150,650,C,2,-0.7869271636009216,5,0.005172641139169914,0.08584640943536677,0.04550952528726834
B,1e-12,1e-12,1.0,1e-05,0.01,150,650,C,2,-0.7869271636009216,5,0.00517262749435225,0.08584646138113367,0.04550954443774296
B,1e-12,1e-12,1.0,1e-06,0.01,150,650,C,2,-0.7869271636009216,5,0.005172625769385541,0.08584646975540877,0.04550954776239716
B,1e-12,1e-12,0.01,0.1,0.01,150,650,C,4,-1.282924771308899,5,0.020808728741362907,0.07026555512856109,0.045537141934962
B,1e-12,1e-12,0.0001,0.1,0.01,150,650,C,4,-1.282924771308899,5,0.020937832292712455,0.07024189674669051,0.045589864519701484
B,1e-12,1e-12,1e-05,0.1,0.01,150,650,C,4,-1.282924771308899,5,0.02093889230694523,0.0702423068497789,0.04559059957836207
B,1e-12,1e-12,1e-06,0.1,0.01,150,650,C,4,-1.282924771308899,5,0.020939361446750168,0.07024230193382561,0.04559083169028789
B,1e-12,1e-12,0.001,0.1,0.01,150,650,C,4,-1.282924771308899,5,0.02096665212316439,0.0702414870359836,0.045604069579574
B,1e-12,1e-12,1e-05,0.01,0.01,150,510,H,8,-0.0713830441236496,5,0.05020027623527382,0.04113139537071845,0.04566583580299614
B,1e-12,1e-12,1e-06,0.01,0.01,150,510,H,8,-0.0713830441236496,5,0.050196473469132724,0.04119778905051256,0.04569713125982264
B,1e-12,1e-12,0.01,1e-06,0.01,150,640,H,9,-0.08353185653686523,5,0.005417668033176016,0.08718961102848938,0.0463036395308327
B,1e-12,1e-12,0.01,1e-05,0.01,150,640,H,9,-0.08353185653686523,5,0.0054150174868636495,0.08720026221890392,0.04630763985288379
B,1e-12,1e-12,0.01,0.0001,0.01,150,640,H,9,-0.08353185653686523,5,0.005388644389659585,0.08730324038501537,0.046345942387337476
B,1e-12,1e-12,0.0001,1e-05,0.01,150,330,H,2,-0.052478715777397156,5,0.016609765944923617,0.07650065833732911,0.04655521214112636
B,1e-12,1e-12,0.0001,1e-06,0.01,150,330,H,2,-0.052478715777397156,5,0.016589357400838885,0.07654559782965464,0.046567477615246766
B,1e-12,1e-12,0.01,0.001,0.01,150,640,H,9,-0.08353185653686523,5,0.005138296051542642,0.08827959557043868,0.046708945810990665
B,1e-12,1e-12,1.0,1e-06,0.01,150,610,C,2,-2.5053277015686035,5,0.004153415380388193,0.08964807489789717,0.04690074513914268
B,1e-12,1e-12,1.0,1e-05,0.01,150,610,C,2,-2.5053277015686035,5,0.0041534007591158585,0.08964811024064694,0.046900755499881396
B,1e-12,1e-12,1.0,0.0001,0.01,150,610,C,2,-2.5053277015686035,5,0.004153244602606124,0.08964850199211104,0.04690087329735858
B,1e-12,1e-12,1.0,0.001,0.01,150,610,C,2,-2.5053277015686035,5,0.0041517546407321936,0.08965705977108548,0.04690440720590884
B,1e-12,1e-12,0.001,0.001,0.01,150,640,H,9,-0.08353185653686523,5,0.002883845425179063,0.09096299837961609,0.04692342190239758
B,1e-12,1e-12,1.0,0.01,0.01,150,610,C,2,-2.5053277015686035,5,0.004136464002337718,0.08973784267329776,0.04693715333781774
B,1e-12,1e-12,0.001,0.001,0.01,150,640,H,4,-0.03988323733210564,5,0.0023445310854266427,0.09166353562041396,0.047004033352920305
B,1e-12,1e-12,1.0,0.1,0.01,150,610,C,2,-2.5053277015686035,5,0.003824986091584318,0.09032429193552982,0.04707463901355707
B,1e-12,1e-12,0.01,0.01,0.01,150,610,C,2,-2.5053277015686035,5,0.021787660127535496,0.07251998846404,0.047153824295787745
B,1e-12,1e-12,1e-06,0.001,0.01,150,170,H,3,-0.026961499825119972,5,4.9210892307597174e-05,0.09445274219202801,0.047250976542167804
B,1e-12,1e-12,1e-05,0.001,0.01,150,170,H,3,-0.026961499825119972,5,4.879936409806898e-05,0.09445902775771231,0.04725391356090519
B,1e-12,1e-12,1.0,1e-06,0.01,150,620,C,3,-8.189264297485352,5,0.024539229993533234,0.07025704439027304,0.04739813719190314
B,1e-12,1e-12,1.0,1e-05,0.01,150,620,C,3,-8.189264297485352,5,0.024539234391828958,0.07025704312923878,0.047398138760533864
B,1e-12,1e-12,1.0,0.0001,0.01,150,620,C,3,-8.189264297485352,5,0.024539278771812473,0.07025703299391477,0.04739815588286362
B,1e-12,1e-12,1.0,0.001,0.01,150,620,C,3,-8.189264297485352,5,0.02453974580911086,0.07025693809421611,0.04739834195166349
B,1e-12,1e-12,1.0,0.01,0.01,150,620,C,3,-8.189264297485352,5,0.02454443868521283,0.07025622953202988,0.04740033410862136
B,1e-12,1e-12,1.0,0.1,0.01,150,620,C,3,-8.189264297485352,5,0.024589456652746915,0.07024634564086517,0.04741790114680604
B,1e-12,1e-12,0.001,0.0001,0.01,150,640,H,4,-0.03988323733210564,5,0.0022232156949918845,0.09281703681448478,0.04752012625473833
B,1e-12,1e-12,0.001,1e-05,0.01,150,640,H,4,-0.03988323733210564,5,0.002213248375964812,0.09289501829451759,0.0475541333352412
B,1e-12,1e-12,0.001,1e-06,0.01,150,640,H,4,-0.03988323733210564,5,0.002212261459403988,0.09289943837661624,0.04755584991801012
B,1e-12,1e-12,1e-06,0.0001,0.01,150,170,H,3,-0.026961499825119972,5,4.560523924359842e-05,0.09514952319216163,0.04759756421570262
B,1e-12,1e-12,1e-05,0.0001,0.01,150,170,H,3,-0.026961499825119972,5,4.525868807381572e-05,0.09517667556158899,0.0476109671248314
B,1e-12,1e-12,0.01,1e-06,0.01,150,610,C,2,-2.5053277015686035,5,0.023033540879855548,0.07231834775852675,0.047675944319191144
B,1e-12,1e-12,0.01,1e-05,0.01,150,610,C,2,-2.5053277015686035,5,0.023033688983015776,0.07231852957826285,0.04767610928063931
B,1e-12,1e-12,0.01,0.0001,0.01,150,610,C,2,-2.5053277015686035,5,0.023035935057888597,0.0723203858536921,0.04767816045579035
B,1e-12,1e-12,1e-06,1e-05,0.01,150,170,H,3,-0.026961499825119972,5,4.517633609165125e-05,0.09532038656600533,0.04768278145104849
B,1e-12,1e-12,1e-05,1e-05,0.01,150,170,H,3,-0.026961499825119972,5,4.525059089799428e-05,0.09533900458333404,0.047692127587116016
B,1e-12,1e-12,1e-06,1e-06,0.01,150,170,H,3,-0.026961499825119972,5,4.5311069321450876e-05,0.09534056014964905,0.04769293560948525
B,1e-12,1e-12,0.01,0.001,0.01,150,610,C,2,-2.5053277015686035,5,0.02305068013963117,0.07233977043576839,0.04769522528769978
B,1e-12,1e-12,1e-05,1e-06,0.01,150,170,H,3,-0.026961499825119972,5,4.5064801986737546e-05,0.09537741174661478,0.04771123827430076
B,1e-12,1e-12,0.001,0.1,0.01,150,640,H,13,-0.030795302242040634,5,0.0545046412140569,0.04128464580896669,0.04789464351151179
B,1e-12,1e-12,1e-05,0.0001,0.01,150,640,H,4,-0.03988323733210564,5,0.018162735682704958,0.07791440064077088,0.04803856816173792
B,1e-12,1e-12,0.0001,0.001,0.01,150,170,H,3,-0.026961499825119972,5,4.929486893118882e-05,0.09620719379588252,0.04812824433240685
B,1e-12,1e-12,0.1,1e-06,0.01,150,640,H,9,-0.08353185653686523,5,0.005300806792245354,0.09106375753432872,0.04818228216328704
B,1e-12,1e-12,0.1,1e-05,0.01,150,640,H,9,-0.08353185653686523,5,0.005300541296012422,0.0910651095254056,0.04818282541070901
B,1e-12,1e-12,0.1,0.0001,0.01,150,640,H,9,-0.08353185653686523,5,0.005297892815538128,0.0910712199861989,0.04818455640086851
B,1e-12,1e-12,0.1,0.001,0.01,150,640,H,9,-0.08353185653686523,5,0.005271493732651703,0.09117180902763536,0.04822165138014353
B,1e-12,1e-12,0.001,0.1,0.01,150,640,H,4,-0.03988323733210564,5,0.06599587467726316,0.03052489791278358,0.04826038629502337
B,1e-12,1e-12,0.0001,0.0001,0.01,150,170,H,3,-0.026961499825119972,5,4.412197297320766e-05,0.09664395947772234,0.04834404072534777
B,1e-12,1e-12,0.0001,1e-06,0.01,150,170,H,3,-0.026961499825119972,5,4.3697924266387586e-05,0.09669780045144634,0.04837074918785636
B,1e-12,1e-12,0.0001,1e-05,0.01,150,170,H,3,-0.026961499825119972,5,4.4123467141513505e-05,0.09669777758883952,0.048370950527990515
B,1e-12,1e-12,0.001,0.01,0.01,150,640,H,4,-0.03988323733210564,5,0.04976509203068357,0.04718444069886431,0.048474766364773936
B,1e-12,1e-12,1e-06,1e-05,0.01,150,640,H,4,-0.03988323733210564,5,0.01888302801497258,0.07834594686947809,0.04861448744222533
B,1e-12,1e-12,0.1,0.01,0.01,150,640,H,9,-0.08353185653686523,5,0.005021547176230915,0.09222525431175996,0.04862340074399544
B,1e-12,1e-12,0.0001,0.1,0.01,150,640,H,4,-0.03988323733210564,5,0.06777411167105242,0.02953887799559389,0.048656494833323155
B,1e-12,1e-12,0.01,1e-06,0.01,150,640,H,4,-0.03988323733210564,5,0.0020880050579424408,0.09560537470704106,0.04884668988249175
B,1e-12,1e-12,0.01,1e-05,0.01,150,640,H,4,-0.03988323733210564,5,0.0020880247149186655,0.09564348748839492,0.04886575610165679
B,1e-12,1e-12,0.01,0.0001,0.01,150,640,H,4,-0.03988323733210564,5,0.002083116564723286,0.095666097886035,0.048874607225379146
B,1e-12,1e-12,1e-06,0.1,0.01,150,640,H,4,-0.03988323733210564,5,0.06776680010549252,0.03002814985152245,0.04889747497850749
B,1e-12,1e-12,1e-05,0.1,0.01,150,640,H,4,-0.03988323733210564,5,0.0677674994891246,0.030028762544218848,0.048898131016671724
B,1e-12,1e-12,1e-05,1e-06,0.01,150,640,H,9,-0.08353185653686523,5,0.023543354201748863,0.07430262403273354,0.0489229891172412
B,1e-12,1e-12,1.0,0.0001,0.01,150,640,H,9,-0.08353185653686523,5,0.005202665793374677,0.09268427485057075,0.048943470321972715
B,1e-12,1e-12,1.0,1e-06,0.01,150,640,H,9,-0.08353185653686523,5,0.0052029531584578004,0.09268582218909954,0.04894438767377867
B,1e-12,1e-12,1.0,1e-05,0.01,150,640,H,9,-0.08353185653686523,5,0.005202926632662157,0.09268592263235903,0.04894442463251059
B,1e-12,1e-12,1.0,0.001,0.01,150,640,H,9,-0.08353185653686523,5,0.0052000610508283265,0.09269340413046051,0.048946732590644415
B,1e-12,1e-12,0.01,0.001,0.01,150,640,H,4,-0.03988323733210564,5,0.0020346593981292516,0.09587744027123918,0.04895604983468421
B,1e-12,1e-12,1.0,0.01,0.01,150,640,H,9,-0.08353185653686523,5,0.005174147459040601,0.09279754018114289,0.048985843820091746
B,1e-12,1e-12,1e-05,1e-05,0.01,150,640,H,4,-0.03988323733210564,5,0.019539558578371724,0.07852547532951293,0.049032516953942326
B,1e-12,1e-12,1e-05,1e-06,0.01,150,640,H,4,-0.03988323733210564,5,0.019472486006455587,0.07862937685892632,0.04905093143269095
B,1e-12,1e-12,1e-05,1e-05,0.01,150,640,H,9,-0.08353185653686523,5,0.02361492138799975,0.07450459013110247,0.04905975575955111
B,1e-12,1e-12,0.1,1e-05,0.01,150,620,C,3,-8.189264297485352,5,0.028075120828926516,0.07012028586706771,0.04909770334799712
B,1e-12,1e-12,0.1,1e-06,0.01,150,620,C,3,-8.189264297485352,5,0.0280751164502074,0.07012029406537124,0.049097705257789316
B,1e-12,1e-12,0.1,0.0001,0.01,150,620,C,3,-8.189264297485352,5,0.028075155701047596,0.07012027004183603,0.049097712871441816
B,1e-12,1e-12,0.1,0.001,0.01,150,620,C,3,-8.189264297485352,5,0.02807553926383009,0.07012000041513712,0.04909776983948361
B,1e-12,1e-12,0.1,0.01,0.01,150,620,C,3,-8.189264297485352,5,0.028080100230448365,0.07011829477848981,0.04909919750446909
B,1e-12,1e-12,0.1,0.1,0.01,150,620,C,3,-8.189264297485352,5,0.02811831289477295,0.07010280752327137,0.04911056020902216
B,1e-12,1e-12,0.01,1e-06,0.01,150,620,C,3,-8.189264297485352,5,0.02812373263366016,0.07010024380358208,0.04911198821862112
B,1e-12,1e-12,0.01,1e-05,0.01,150,620,C,3,-8.189264297485352,5,0.028123735722290127,0.07010024297771116,0.04911198935000064
B,1e-12,1e-12,0.01,0.0001,0.01,150,620,C,3,-8.189264297485352,5,0.028123770707504648,0.07010022540576714,0.049111998056635894
B,1e-12,1e-12,0.01,0.001,0.01,150,620,C,3,-8.189264297485352,5,0.028124091043435166,0.07010001969291091,0.049112055368173035
B,1e-12,1e-12,0.01,0.01,0.01,150,620,C,3,-8.189264297485352,5,0.028127447801579067,0.07009811292509582,0.049112780363337445
B,1e-12,1e-12,0.001,1e-06,0.01,150,620,C,3,-8.189264297485352,5,0.028130291543672303,0.07009980263658729,0.049115047090129794
B,1e-12,1e-12,0.001,1e-05,0.01,150,620,C,3,-8.189264297485352,5,0.02813029472564704,0.07009980263658729,0.049115048681117164
B,1e-12,1e-12,0.001,0.0001,0.01,150,620,C,3,-8.189264297485352,5,0.02813033006331017,0.07009978359173129,0.04911505682752073
B,1e-12,1e-12,0.001,0.001,0.01,150,620,C,3,-8.189264297485352,5,0.028130735999902293,0.07009964935823514,0.04911519267906871
B,1e-12,1e-12,0.0001,1e-06,0.01,150,620,C,3,-8.189264297485352,5,0.028131594633181035,0.0700997994716018,0.04911569705239142
B,1e-12,1e-12,0.0001,1e-05,0.01,150,620,C,3,-8.189264297485352,5,0.028131597549619292,0.07009979998494041,0.04911569876727985
B,1e-12,1e-12,0.0001,0.0001,0.01,150,620,C,3,-8.189264297485352,5,0.028131640518650913,0.07009979395412719,0.04911571723638905
B,1e-12,1e-12,1e-05,1e-06,0.01,150,620,C,3,-8.189264297485352,5,0.028131652705590388,0.07009984204100694,0.049115747373298664
B,1e-12,1e-12,1e-06,1e-06,0.01,150,620,C,3,-8.189264297485352,5,0.02813165423571788,0.07009984078017463,0.049115747507946256
B,1e-12,1e-12,1e-06,1e-05,0.01,150,620,C,3,-8.189264297485352,5,0.02813165728552099,0.0700998396913001,0.04911574848841054
B,1e-12,1e-12,1e-05,1e-05,0.01,150,620,C,3,-8.189264297485352,5,0.02813165700639665,0.07009984204100694,0.0491157495237018
B,1e-12,1e-12,1e-05,0.0001,0.01,150,620,C,3,-8.189264297485352,5,0.028131689798235673,0.07009982319612494,0.04911575649718031
B,1e-12,1e-12,1e-06,0.0001,0.01,150,620,C,3,-8.189264297485352,5,0.028131696033791283,0.07009982244650469,0.04911575924014799
B,1e-12,1e-12,1e-05,0.01,0.01,150,620,C,3,-8.189264297485352,5,0.028134742648753725,0.07009684418768382,0.04911579341821877
B,1e-12,1e-12,0.0001,0.01,0.01,150,620,C,3,-8.189264297485352,5,0.02813471302650793,0.07009689144450154,0.049115802235504734
B,1e-12,1e-12,1e-06,0.01,0.01,150,620,C,3,-8.189264297485352,5,0.02813473758870047,0.07009688218964356,0.04911580988917202
B,1e-12,1e-12,0.0001,0.001,0.01,150,620,C,3,-8.189264297485352,5,0.028132054463335363,0.0700997231428752,0.04911588880310528
B,1e-12,1e-12,1e-05,0.001,0.01,150,620,C,3,-8.189264297485352,5,0.028132093709906953,0.07009969743421589,0.04911589557206142
B,1e-12,1e-12,1e-06,0.001,0.01,150,620,C,3,-8.189264297485352,5,0.028132099083092763,0.07009969389651469,0.049115896489803725
B,1e-12,1e-12,0.001,0.01,0.01,150,620,C,3,-8.189264297485352,5,0.028134959225712006,0.07009722287908193,0.04911609105239697
B,1e-12,1e-12,1e-06,0.01,0.01,150,330,H,2,-0.052478715777397156,5,0.021845967638739385,0.07641819421247668,0.049132080925608036
B,1e-12,1e-12,1e-05,0.01,0.01,150,330,H,2,-0.052478715777397156,5,0.021847686923424724,0.07643685560482559,0.049142271264125154
B,1e-12,1e-12,1e-05,0.01,0.01,150,650,C,2,-0.7869271636009216,5,0.013879880733465244,0.08440831453219623,0.04914409763283074
B,1e-12,1e-12,1e-06,0.01,0.01,150,650,C,2,-0.7869271636009216,5,0.01387990712515479,0.08440834886959664,0.04914412799737571
B,1e-12,1e-12,0.0001,0.01,0.01,150,650,C,2,-0.7869271636009216,5,0.01387970353899045,0.08440904006503808,0.04914437180201427
B,1e-12,1e-12,0.01,0.01,0.01,150,650,C,2,-0.7869271636009216,5,0.013868729019198521,0.08442475785678702,0.049146743437992774
B,1e-12,1e-12,0.001,0.01,0.01,150,650,C,2,-0.7869271636009216,5,0.013878479782908685,0.08441798967634125,0.049148234729624964
B,1e-12,1e-12,1e-05,0.001,0.01,150,650,C,2,-0.7869271636009216,5,0.013874365655799453,0.08442220130316115,0.049148283479480304
B,1e-12,1e-12,1e-06,0.001,0.01,150,650,C,2,-0.7869271636009216,5,0.013874384899477218,0.08442219024001123,0.04914828756974422
B,1e-12,1e-12,1e-05,0.0001,0.01,150,650,C,2,-0.7869271636009216,5,0.013874042118944326,0.08442357604526471,0.04914880908210452
B,1e-12,1e-12,1e-06,0.0001,0.01,150,650,C,2,-0.7869271636009216,5,0.013874052175435839,0.08442357264598957,0.04914881241071271
B,1e-12,1e-12,1e-06,1e-05,0.01,150,650,C,2,-0.7869271636009216,5,0.013874150165682516,0.08442373566885898,0.049148942917270746
B,1e-12,1e-12,1e-06,1e-06,0.01,150,650,C,2,-0.7869271636009216,5,0.01387414666299577,0.08442374975716443,0.049148948210080104
B,1e-12,1e-12,0.01,0.001,0.01,150,650,C,2,-0.7869271636009216,5,0.013864433635900952,0.08443865126191945,0.0491515424489102
B,1e-12,1e-12,0.01,1e-05,0.01,150,650,C,2,-0.7869271636009216,5,0.013864454862542086,0.08443968008456736,0.049152067473554724
B,1e-12,1e-12,0.01,0.0001,0.01,150,650,C,2,-0.7869271636009216,5,0.01386449312238069,0.0844397619012338,0.049152127511807246
B,1e-12,1e-12,0.01,1e-06,0.01,150,650,C,2,-0.7869271636009216,5,0.013864647273199053,0.08444204072123937,0.04915334399721921
B,1e-12,1e-12,0.001,0.001,0.01,150,650,C,2,-0.7869271636009216,5,0.013873449679813544,0.08443369615201529,0.04915357291591442
B,1e-12,1e-12,0.001,0.0001,0.01,150,650,C,2,-0.7869271636009216,5,0.013871197962697295,0.08443618520234367,0.04915369158252048
B,1e-12,1e-12,0.001,1e-06,0.01,150,650,C,2,-0.7869271636009216,5,0.013871138001657672,0.08443631234088177,0.049153725171269716
B,1e-12,1e-12,0.001,1e-05,0.01,150,650,C,2,-0.7869271636009216,5,0.013871150050073923,0.08443633228319758,0.04915374116663575
B,1e-12,1e-12,0.0001,0.001,0.01,150,650,C,2,-0.7869271636009216,5,0.013872949776200003,0.08443474491647081,0.049153847346335405
B,1e-12,1e-12,0.0001,0.0001,0.01,150,650,C,2,-0.7869271636009216,5,0.013873084748985612,0.08443629824165948,0.04915469149532255
B,1e-12,1e-12,0.0001,1e-05,0.01,150,650,C,2,-0.7869271636009216,5,0.01387320262313216,0.08443651552317896,0.04915485907315556
B,1e-12,1e-12,0.0001,1e-06,0.01,150,650,C,2,-0.7869271636009216,5,0.013873198157546165,0.08443652360784401,0.049154860882695085
B,1e-12,1e-12,1e-05,1e-05,0.01,150,650,C,2,-0.7869271636009216,5,0.013873351979606844,0.08443652716123659,0.04915493957042172
B,1e-12,1e-12,1e-05,1e-06,0.01,150,650,C,2,-0.7869271636009216,5,0.013873348995476414,0.08443654337005145,0.049154946182763934
B,1e-12,1e-12,0.1,0.01,0.01,150,650,C,2,-0.7869271636009216,5,0.013800763515125535,0.08452006612401423,0.049160414819569884
B,1e-12,1e-12,0.1,0.001,0.01,150,650,C,2,-0.7869271636009216,5,0.013827966972408873,0.08453007689015249,0.04917902193128068
B,1e-12,1e-12,0.1,1e-05,0.01,150,650,C,2,-0.7869271636009216,5,0.013827422900228132,0.08453235231365717,0.049179887606942654
B,1e-12,1e-12,0.1,1e-06,0.01,150,650,C,2,-0.7869271636009216,5,0.013827418548086804,0.08453236378893136,0.049179891168509085
B,1e-12,1e-12,0.1,0.0001,0.01,150,650,C,2,-0.7869271636009216,5,0.013827601161746176,0.08453226547554557,0.049179933318645876
B,1e-12,1e-12,1e-05,1e-05,0.01,150,330,H,2,-0.052478715777397156,5,0.023136291455181045,0.07522916290862455,0.0491827271819028
B,1e-12,1e-12,1e-05,1e-06,0.01,150,330,H,2,-0.052478715777397156,5,0.02307495165376283,0.07531477993481177,0.0491948657942873
B,1e-12,1e-12,0.001,0.001,0.01,150,170,H,3,-0.026961499825119972,5,5.5805032791383695e-05,0.09835599998409691,0.04920590250844415
B,1e-12,1e-12,0.0001,0.01,0.01,150,330,H,2,-0.052478715777397156,5,0.021865066287261363,0.0768929412473412,0.04937900376730128
B,1e-12,1e-12,1.0,0.1,0.01,150,640,H,9,-0.08353185653686523,5,0.004928771304251286,0.09385043456989692,0.049389602937074104
B,1e-12,1e-12,0.0001,0.0001,0.01,150,510,H,8,-0.0713830441236496,5,0.014055485426248581,0.08490404600374787,0.04947976571499823
B,1e-12,1e-12,0.0001,1e-05,0.01,150,510,H,8,-0.0713830441236496,5,0.013694523854919864,0.08545302008084121,0.04957377196788054
B,1e-12,1e-12,0.0001,1e-06,0.01,150,510,H,8,-0.0713830441236496,5,0.01366381925731285,0.0855049815732751,0.049584400415293974
B,1e-12,1e-12,0.001,0.1,0.01,150,650,C,2,-0.7869271636009216,5,0.014897185820892963,0.08428120322636211,0.04958919452362753
B,1e-12,1e-12,1e-05,0.1,0.01,150,650,C,2,-0.7869271636009216,5,0.014896777345075413,0.08428219748476376,0.049589487414919586
B,1e-12,1e-12,1e-06,0.1,0.01,150,650,C,2,-0.7869271636009216,5,0.01489682887619814,0.08428219169883511,0.049589510287516625
B,1e-12,1e-12,0.0001,0.1,0.01,150,650,C,2,-0.7869271636009216,5,0.014898044889205587,0.08428138280163175,0.049589713845418666
B,1e-12,1e-12,0.01,0.1,0.01,150,650,C,2,-0.7869271636009216,5,0.01489848352832642,0.0842859930825647,0.049592238305445555
B,1e-12,1e-12,0.01,0.1,0.01,150,620,C,3,-8.189264297485352,5,0.029205793919137888,0.07008314938849737,0.04964447165381763
B,1e-12,1e-12,0.001,0.1,0.01,150,620,C,3,-8.189264297485352,5,0.029211054083577118,0.07008184024209536,0.04964644716283624
B,1e-12,1e-12,0.0001,0.1,0.01,150,620,C,3,-8.189264297485352,5,0.029212450676557682,0.0700819907077575,0.049647220692157594
B,1e-12,1e-12,1e-05,0.1,0.01,150,620,C,3,-8.189264297485352,5,0.029212560236955572,0.07008195284691164,0.04964725654193361
B,1e-12,1e-12,1e-06,0.1,0.01,150,620,C,3,-8.189264297485352,5,0.029212571687656234,0.07008196056162712,0.049647266124641674
B,1e-12,1e-12,0.001,0.01,0.01,150,640,H,9,-0.08353185653686523,5,0.02671934891517532,0.07282077623603683,0.04977006257560608
B,1e-12,1e-12,0.001,0.1,0.01,150,330,H,1,-0.05347871407866478,5,0.06979070711253771,0.029759278219948372,0.04977499266624304
B,1e-12,1e-12,1e-06,1e-05,0.01,150,330,H,2,-0.052478715777397156,5,0.0248882602168534,0.07493334630585893,0.04991080326135616
B,1e-12,1e-12,1e-06,1e-06,0.01,150,330,H,2,-0.052478715777397156,5,0.024851735369666818,0.0750726197705279,0.049962177570097355
B,1e-12,1e-12,1e-06,1e-06,0.01,150,640,H,4,-0.03988323733210564,5,0.021666232225070477,0.07846015666173542,0.050063194443402945
B,1e-12,1e-12,0.0001,0.0001,0.01,150,330,H,2,-0.052478715777397156,5,0.02414719764096966,0.07600934298945035,0.050078270315210005
B,1e-12,1e-12,0.1,0.1,0.01,150,650,C,2,-0.7869271636009216,5,0.015690393695326123,0.0845204656684384,0.050105429681882266
B,1e-12,1e-12,0.001,0.1,0.01,150,650,H,15,-0.01910228095948696,5,0.039103257209593546,0.06125314687182581,0.05017820204070968
B,1e-12,1e-12,1e-06,0.0001,0.01,150,640,H,4,-0.03988323733210564,5,0.022763137707310917,0.07759773532441122,0.05018043651586107
B,1e-12,1e-12,0.001,1e-06,0.01,150,270,H,0,-0.04426804184913635,5,0.0036773215150335513,0.09683459251419847,0.050255957014616014
B,1e-12,1e-12,0.001,1e-05,0.01,150,270,H,0,-0.04426804184913635,5,0.003682982732242166,0.09683162033898625,0.05025730153561421
B,1e-12,1e-12,0.001,0.0001,0.01,150,270,H,0,-0.04426804184913635,5,0.003733975506111776,0.09683448227240418,0.05028422888925798
B,1e-12,1e-12,0.0001,0.001,0.01,150,610,C,2,-2.5053277015686035,5,0.029226870652102967,0.07170392749959731,0.05046539907585014
B,1e-12,1e-12,1e-05,0.0001,0.01,150,330,H,2,-0.052478715777397156,5,0.026940099639268005,0.07413985043635449,0.05053997503781125
B,1e-12,1e-12,0.01,0.01,0.01,150,640,H,9,-0.08353185653686523,5,0.003655490582553149,0.097563384401776,0.05060943749216458
B,1e-12,1e-12,1e-06,1e-06,0.01,150,640,H,9,-0.08353185653686523,5,0.027818015273493323,0.0735041678232953,0.050661091548394314
B,1e-12,1e-12,1e-05,1e-06,0.01,150,610,C,2,-2.5053277015686035,5,0.029878811094091243,0.07169350074832098,0.05078615592120611
B,1e-12,1e-12,1e-05,1e-05,0.01,150,610,C,2,-2.5053277015686035,5,0.029881192914418236,0.0716936060265892,0.050787399470503716
B,1e-12,1e-12,1e-05,0.0001,0.01,150,610,C,2,-2.5053277015686035,5,0.029905153442338513,0.07169407675866424,0.05079961510050138
B,1e-12,1e-12,1e-06,1e-06,0.01,150,610,C,2,-2.5053277015686035,5,0.02991276310619396,0.07169269987817464,0.0508027314921843
B,1e-12,1e-12,1e-06,1e-05,0.01,150,610,C,2,-2.5053277015686035,5,0.02991531609291294,0.0716927806239785,0.05080404835844572
B,1e-12,1e-12,1e-06,0.0001,0.01,150,610,C,2,-2.5053277015686035,5,0.02994069110438881,0.07169377019006148,0.050817230647225146
B,1e-12,1e-12,0.0001,1e-06,0.01,150,610,C,2,-2.5053277015686035,5,0.030273924453911343,0.07169990055200448,0.050986912502957914
B,1e-12,1e-12,0.0001,1e-05,0.01,150,610,C,2,-2.5053277015686035,5,0.030274802783436295,0.07170002599251293,0.05098741438797461
B,1e-12,1e-12,0.0001,0.0001,0.01,150,610,C,2,-2.5053277015686035,5,0.030283247001552452,0.07170114927865612,0.050992198140104285
B,1e-12,1e-12,1e-05,0.001,0.01,150,610,C,2,-2.5053277015686035,5,0.030383194030507966,0.071703390771791,0.05104329240114948
B,1e-12,1e-12,1e-06,0.001,0.01,150,610,C,2,-2.5053277015686035,5,0.030443402859719724,0.07170379528206922,0.05107359907089447
B,1e-12,1e-12,1e-06,1e-05,0.01,150,640,H,9,-0.08353185653686523,5,0.02863106257160027,0.07371092900019321,0.05117099578589674
B,1e-12,1e-12,1e-05,1e-05,0.01,150,510,H,8,-0.0713830441236496,5,0.01892013220531937,0.08353383922940025,0.051226985717359806
B,1e-12,1e-12,1e-05,1e-06,0.01,150,510,H,8,-0.0713830441236496,5,0.018841504153116143,0.08366193789286848,0.05125172102299231
B,1e-12,1e-12,0.001,0.001,0.01,150,270,H,0,-0.04426804184913635,5,0.006038711120616695,0.09672313326818341,0.051380922194400054
B,1e-12,1e-12,0.001,0.01,0.01,150,610,C,2,-2.5053277015686035,5,0.03097730758554394,0.07183309987939224,0.05140520373246809
B,1e-12,1e-12,0.001,1e-06,0.01,150,610,C,2,-2.5053277015686035,5,0.031199724636603133,0.07172916447782583,0.05146444455721448
B,1e-12,1e-12,0.001,1e-05,0.01,150,610,C,2,-2.5053277015686035,5,0.031200314278747483,0.071729166206188,0.051464740242467735
B,1e-12,1e-12,0.001,0.0001,0.01,150,610,C,2,-2.5053277015686035,5,0.031207396797875982,0.07173002033384225,0.05146870856585912
B,1e-12,1e-12,0.001,0.001,0.01,150,610,C,2,-2.5053277015686035,5,0.031263890448943364,0.07173249732931455,0.05149819388912896
B,1e-12,1e-12,1e-06,0.0001,0.01,150,330,H,2,-0.052478715777397156,5,0.029767533723379418,0.07387518868930115,0.05182136120634029
B,1e-12,1e-12,0.001,0.01,0.01,150,330,H,2,-0.052478715777397156,5,0.02740044375435175,0.07670315066556661,0.052051797209959186
B,1e-12,1e-12,0.0001,0.001,0.01,150,640,H,9,-0.08353185653686523,5,0.023709271150041716,0.08071643865269763,0.052212854901369676
B,1e-12,1e-12,1e-05,0.0001,0.01,150,640,H,9,-0.08353185653686523,5,0.028297329736458116,0.07618516948184535,0.05224124960915173
B,1e-12,1e-12,0.001,0.01,0.01,150,510,H,8,-0.0713830441236496,5,0.05402232159398553,0.050513325620440704,0.05226782360721312
B,1e-12,1e-12,0.1,0.1,0.01,150,640,H,9,-0.08353185653686523,5,0.003499973748191186,0.10105106863962135,0.05227552119390627
B,1e-12,1e-12,0.0001,0.01,0.01,150,610,C,2,-2.5053277015686035,5,0.03295583050281221,0.07174931316909677,0.05235257183595449
B,1e-12,1e-12,0.001,0.0001,0.01,150,330,H,4,-0.02938268519937992,5,0.0073805765335495195,0.09734725268609282,0.05236391460982117
B,1e-12,1e-12,0.001,1e-05,0.01,150,330,H,4,-0.02938268519937992,5,0.0073639867860109814,0.09742446275972298,0.05239422477286698
B,1e-12,1e-12,0.001,1e-06,0.01,150,330,H,4,-0.02938268519937992,5,0.007362623455412364,0.09743157119398874,0.05239709732470055
B,1e-12,1e-12,0.001,0.0001,0.01,150,510,H,8,-0.0713830441236496,5,0.00295170686923987,0.10194525074038538,0.052448478804812626
B,1e-12,1e-12,0.001,1e-05,0.01,150,510,H,8,-0.0713830441236496,5,0.0035467706736491546,0.10199165726044214,0.05276921396704565
B,1e-12,1e-12,0.001,1e-06,0.01,150,510,H,8,-0.0713830441236496,5,0.0035474571910801933,0.10199444202798844,0.052770949609534316
B,1e-12,1e-12,0.1,0.01,0.01,150,170,C,3,-2.179614543914795,5,0.01595171749862384,0.08971829214874873,0.052835004823686284
B,1e-12,1e-12,0.1,0.001,0.01,150,170,C,3,-2.179614543914795,5,0.0159531018993914,0.0897770781383461,0.05286509001886874
B,1e-12,1e-12,0.1,0.0001,0.01,150,170,C,3,-2.179614543914795,5,0.015953566917466782,0.08978169205610033,0.05286762948678356
B,1e-12,1e-12,0.1,1e-05,0.01,150,170,C,3,-2.179614543914795,5,0.01595358948510252,0.0897821361384186,0.052867862811760556
B,1e-12,1e-12,0.1,1e-06,0.01,150,170,C,3,-2.179614543914795,5,0.015953593438898128,0.08978218470003473,0.05286788906946643
B,1e-12,1e-12,0.001,0.001,0.01,150,510,H,8,-0.0713830441236496,5,0.00412325284819098,0.10169004729840425,0.05290665007329762
B,1e-12,1e-12,0.0001,0.1,0.01,150,640,H,13,-0.030795302242040634,5,0.06379089690542261,0.04264877310843219,0.053219835006927396
B,1e-12,1e-12,1e-05,0.1,0.01,150,640,H,13,-0.030795302242040634,5,0.06378394820621573,0.04271001051418324,0.05324697936019948
B,1e-12,1e-12,1e-06,0.1,0.01,150,640,H,13,-0.030795302242040634,5,0.06378319932902268,0.04271090660978743,0.05324705296940506
B,1e-12,1e-12,0.1,0.1,0.01,150,170,H,3,-0.026961499825119972,5,0.002595597582839844,0.10395641901960034,0.05327600830122009
B,1e-12,1e-12,0.01,0.1,0.01,150,170,C,3,-2.179614543914795,5,0.019237469022231356,0.08786535099977005,0.05355141001100071
B,1e-12,1e-12,1e-05,0.0001,0.01,150,510,H,8,-0.0713830441236496,5,0.025453967168781875,0.08173082306678196,0.05359239511778192
B,1e-12,1e-12,0.01,0.1,0.01,150,640,H,4,-0.03988323733210564,5,0.05001628903495601,0.05725037019193288,0.05363332961344444
B,1e-12,1e-12,1e-06,1e-05,0.01,150,510,H,8,-0.0713830441236496,5,0.024123055460714943,0.08315316176613166,0.0536381086134233
B,1e-12,1e-12,1e-06,1e-06,0.01,150,510,H,8,-0.0713830441236496,5,0.024054779484254583,0.08335778830019591,0.053706283892225246
B,1e-12,1e-12,1e-05,0.01,0.01,150,170,H,3,-0.026961499825119972,5,0.010621827198364799,0.09697281102859989,0.053797319113482345
B,1e-12,1e-12,1e-06,0.01,0.01,150,170,H,3,-0.026961499825119972,5,0.010642366185836739,0.0969985379161399,0.053820452050988316
B,1e-12,1e-12,0.001,0.1,0.01,150,170,C,3,-2.179614543914795,5,0.019982422593673343,0.08777602066493365,0.053879221629303496
B,1e-12,1e-12,1e-06,0.0001,0.01,150,510,H,8,-0.0713830441236496,5,0.026215370474387132,0.0815656939048413,0.05389053218961421
B,1e-12,1e-12,0.0001,0.1,0.01,150,170,C,3,-2.179614543914795,5,0.02001719379228265,0.08777091392354397,0.05389405385791331
B,1e-12,1e-12,1e-05,0.1,0.01,150,170,C,3,-2.179614543914795,5,0.020018084024553007,0.08777129846939156,0.053894691246972284
B,1e-12,1e-12,1e-06,0.1,0.01,150,170,C,3,-2.179614543914795,5,0.020018157202094735,0.08777132929511892,0.05389474324860683
B,1e-12,1e-12,0.0001,0.01,0.01,150,170,H,3,-0.026961499825119972,5,0.010581653061201846,0.09723859772793446,0.05391012539456815
B,1e-12,1e-12,1e-05,0.01,0.01,150,170,C,3,-2.179614543914795,5,0.019409515619910188,0.0886808401161982,0.0540451778680542
B,1e-12,1e-12,1e-06,0.01,0.01,150,170,C,3,-2.179614543914795,5,0.01940961276207476,0.08868083741558624,0.0540452250888305
B,1e-12,1e-12,0.001,0.01,0.01,150,170,C,3,-2.179614543914795,5,0.01940159332808693,0.08868923743362969,0.05404541538085831
B,1e-12,1e-12,0.0001,0.01,0.01,150,170,C,3,-2.179614543914795,5,0.019409178331646876,0.08868236241175989,0.05404577037170338
B,1e-12,1e-12,0.01,0.01,0.01,150,170,C,3,-2.179614543914795,5,0.01935495604168642,0.08882011098236671,0.05408753351202657
B,1e-12,1e-12,0.1,0.1,0.01,150,650,H,6,-0.01910228095948696,5,0.0025655297444455148,0.1056859139413801,0.05412572184291281
B,1e-12,1e-12,0.001,0.001,0.01,150,330,H,4,-0.02938268519937992,5,0.01211884584997631,0.09615401262680975,0.054136429238393034
B,1e-12,1e-12,0.0001,0.001,0.01,150,170,C,3,-2.179614543914795,5,0.019443715668667507,0.08884303883270081,0.05414337725068416
B,1e-12,1e-12,1e-05,0.001,0.01,150,170,C,3,-2.179614543914795,5,0.019444489131776727,0.08884276547161704,0.05414362730169688
B,1e-12,1e-12,1e-06,0.001,0.01,150,170,C,3,-2.179614543914795,5,0.01944454959828091,0.08884275387556076,0.05414365173692083
B,1e-12,1e-12,0.001,0.001,0.01,150,170,C,3,-2.179614543914795,5,0.01943681712889042,0.08885624037330754,0.05414652875109898
B,1e-12,1e-12,0.0001,0.0001,0.01,150,170,C,3,-2.179614543914795,5,0.019447980815484465,0.08885961423262503,0.05415379752405475
B,1e-12,1e-12,1e-05,0.0001,0.01,150,170,C,3,-2.179614543914795,5,0.019448861053418563,0.0888597960840561,0.05415432856873733
B,1e-12,1e-12,1e-06,0.0001,0.01,150,170,C,3,-2.179614543914795,5,0.01944894739070498,0.08885982488282884,0.05415438613676691
B,1e-12,1e-12,0.0001,1e-05,0.01,150,170,C,3,-2.179614543914795,5,0.01944840423061938,0.08886158369737593,0.05415499396399766
B,1e-12,1e-12,0.0001,1e-06,0.01,150,170,C,3,-2.179614543914795,5,0.01944844909475083,0.08886176404570575,0.05415510657022829
B,1e-12,1e-12,1e-05,1e-05,0.01,150,170,C,3,-2.179614543914795,5,0.019449293787199052,0.08886153325202195,0.0541554135196105
B,1e-12,1e-12,1e-06,1e-05,0.01,150,170,C,3,-2.179614543914795,5,0.01944937749079633,0.08886156945667686,0.0541554734737366
B,1e-12,1e-12,1e-05,1e-06,0.01,150,170,C,3,-2.179614543914795,5,0.019449337330720167,0.0888617088621103,0.054155523096415234
B,1e-12,1e-12,1e-06,1e-06,0.01,150,170,C,3,-2.179614543914795,5,0.019449421706748883,0.08886175603076701,0.054155588868757945
B,1e-12,1e-12,0.001,0.0001,0.01,150,170,C,3,-2.179614543914795,5,0.01944107740622501,0.08887271194942259,0.0541568946778238
B,1e-12,1e-12,0.001,1e-05,0.01,150,170,C,3,-2.179614543914795,5,0.019441423635503514,0.08887430825170685,0.05415786594360518
B,1e-12,1e-12,0.001,1e-06,0.01,150,170,C,3,-2.179614543914795,5,0.019441462848148183,0.08887443878126305,0.05415795081470562
B,1e-12,1e-12,0.01,0.001,0.01,150,170,C,3,-2.179614543914795,5,0.019376638550751786,0.08894524379730612,0.05416094117402895
B,1e-12,1e-12,0.01,0.0001,0.01,150,170,C,3,-2.179614543914795,5,0.01937841347630308,0.08895401507944171,0.054166214277872396
B,1e-12,1e-12,0.01,1e-05,0.01,150,170,C,3,-2.179614543914795,5,0.019378624583418286,0.08895516647979274,0.05416689553160551
B,1e-12,1e-12,0.01,1e-06,0.01,150,170,C,3,-2.179614543914795,5,0.01937865764650051,0.08895529873594474,0.054166978191222626
B,1e-12,1e-12,1e-05,0.01,0.01,150,610,C,2,-2.5053277015686035,5,0.03670008817391824,0.07174035731281375,0.05422022274336599
B,1e-12,1e-12,1e-06,0.01,0.01,150,610,C,2,-2.5053277015686035,5,0.03673097181272062,0.07173743432118909,0.05423420306695485
B,1e-12,1e-12,0.1,0.1,0.01,150,170,C,3,-2.179614543914795,5,0.019601196879827202,0.08919140385492223,0.054396300367374716
B,1e-12,1e-12,0.1,0.01,0.01,150,170,H,3,-0.026961499825119972,5,0.00449946360417689,0.10479977089060044,0.05464961724738866
B,1e-12,1e-12,1.0,0.1,0.01,150,170,H,3,-0.026961499825119972,5,0.005001501719727434,0.10457332888258535,0.05478741530115639
B,1e-12,1e-12,0.001,0.0001,0.01,150,620,H,3,-0.25204017758369446,5,0.005357955709625224,0.10423108361053705,0.05479451966008114
B,1e-12,1e-12,0.001,1e-05,0.01,150,620,H,3,-0.25204017758369446,5,0.005355113414692544,0.10424837684907262,0.05480174513188258
B,1e-12,1e-12,0.001,1e-06,0.01,150,620,H,3,-0.25204017758369446,5,0.0053548293447092665,0.10424960350592768,0.054802216425318476
B,1e-12,1e-12,1.0,0.01,0.01,150,380,C,0,0.17328409850597382,5,0.014354204429400457,0.0953048527301879,0.05482952857979418
B,1e-12,1e-12,1.0,1e-06,0.01,150,380,C,0,0.17328409850597382,5,0.0143535233493968,0.09530623998898387,0.05482988166919033
B,1e-12,1e-12,1.0,1e-05,0.01,150,380,C,0,0.17328409850597382,5,0.014353524789834145,0.09530623998898387,0.05482988238940901
B,1e-12,1e-12,1.0,0.0001,0.01,150,380,C,0,0.17328409850597382,5,0.014353543556569192,0.09530624045753529,0.05482989200705224
B,1e-12,1e-12,1.0,0.001,0.01,150,380,C,0,0.17328409850597382,5,0.014353774728926846,0.09530622233450163,0.05482999853171424
B,1e-12,1e-12,1.0,0.1,0.01,150,380,C,0,0.17328409850597382,5,0.014370918371264784,0.09529460043521903,0.05483275940324191
B,1e-12,1e-12,0.01,0.1,0.01,150,610,C,2,-2.5053277015686035,5,0.035832199074153644,0.07388109701286424,0.05485664804350894
B,1e-12,1e-12,1.0,0.01,0.01,150,170,H,3,-0.026961499825119972,5,0.0052506349711367705,0.10466974180558467,0.05496018838836072
B,1e-12,1e-12,1.0,0.001,0.01,150,170,H,3,-0.026961499825119972,5,0.005276974070506238,0.10467765573147118,0.054977314900988714
B,1e-12,1e-12,0.01,1e-06,0.01,150,620,H,3,-0.25204017758369446,5,0.004284674208451477,0.10568481991447753,0.05498474706146451
B,1e-12,1e-12,0.01,1e-05,0.01,150,620,H,3,-0.25204017758369446,5,0.004286754967282845,0.10568401588178278,0.05498538542453281
B,1e-12,1e-12,0.01,0.0001,0.01,150,620,H,3,-0.25204017758369446,5,0.0042939279907598365,0.10568022824677215,0.05498707811876599
B,1e-12,1e-12,1.0,0.0001,0.01,150,170,H,3,-0.026961499825119972,5,0.005279625538888809,0.10469454257704,0.0549870840579644
B,1e-12,1e-12,1.0,1e-05,0.01,150,170,H,3,-0.026961499825119972,5,0.005279889932087933,0.10469531317687782,0.05498760155448287
B,1e-12,1e-12,1.0,1e-06,0.01,150,170,H,3,-0.026961499825119972,5,0.005279916598975459,0.1046953292498948,0.05498762292443513
B,1e-12,1e-12,0.1,0.001,0.01,150,170,H,3,-0.026961499825119972,5,0.005136038085898106,0.10484039476341975,0.054988216424658926
B,1e-12,1e-12,0.01,0.001,0.01,150,620,H,3,-0.25204017758369446,5,0.004359438524851824,0.10562026849374277,0.0549898535092973
B,1e-12,1e-12,0.1,0.0001,0.01,150,170,H,3,-0.026961499825119972,5,0.005161990879450782,0.10484105908255045,0.05500152498100062
B,1e-12,1e-12,0.1,1e-05,0.01,150,170,H,3,-0.026961499825119972,5,0.0051645717219980635,0.10484253810532322,0.05500355491366064
B,1e-12,1e-12,0.1,1e-06,0.01,150,170,H,3,-0.026961499825119972,5,0.0051648313943263875,0.1048426865977241,0.05500375899602524
B,1e-12,1e-12,1e-05,0.001,0.01,150,640,H,13,-0.030795302242040634,5,0.019771141692530702,0.09107120240625903,0.05542117204939487
B,1e-12,1e-12,1e-06,0.001,0.01,150,640,H,13,-0.030795302242040634,5,0.019794851938296262,0.09105593646241118,0.05542539420035372
B,1e-12,1e-12,0.1,0.1,0.01,150,510,H,8,-0.0713830441236496,5,0.003597816502762297,0.10775483193609289,0.05567632421942759
B,1e-12,1e-12,0.0001,1e-06,0.01,150,270,H,0,-0.04426804184913635,5,0.01878564516032825,0.0926012440970429,0.05569344462868558
B,1e-12,1e-12,0.0001,1e-05,0.01,150,270,H,0,-0.04426804184913635,5,0.018821919482068725,0.09258371904852865,0.055702819265298686
B,1e-12,1e-12,0.0001,0.0001,0.01,150,270,H,0,-0.04426804184913635,5,0.019215844613725483,0.09240473096853138,0.055810287791128434
B,1e-12,1e-12,1e-05,0.0001,0.01,150,330,H,4,-0.02938268519937992,5,0.022264564567206487,0.09012321644662166,0.056193890506914076
B,1e-12,1e-12,1e-06,0.0001,0.01,150,330,H,4,-0.02938268519937992,5,0.022408279496697617,0.09016100144516756,0.05628464047093259
B,1e-12,1e-12,0.0001,0.0001,0.01,150,330,H,4,-0.02938268519937992,5,0.022196326184546974,0.09044057655675586,0.05631845137065142
B,1e-12,1e-12,1e-05,1e-05,0.01,150,330,H,4,-0.02938268519937992,5,0.02229191720147648,0.09058469730431754,0.05643830725289701
B,1e-12,1e-12,1e-06,1e-05,0.01,150,330,H,4,-0.02938268519937992,5,0.02230956703901882,0.09059562549755781,0.056452596268288316
B,1e-12,1e-12,1e-05,1e-06,0.01,150,330,H,4,-0.02938268519937992,5,0.02228130336469597,0.09064431375926105,0.05646280856197851
B,1e-12,1e-12,1e-06,1e-06,0.01,150,330,H,4,-0.02938268519937992,5,0.022300048911693876,0.09065485107256437,0.05647744999212912
B,1e-12,1e-12,1e-05,0.1,0.01,150,330,H,1,-0.05347871407866478,5,0.06779412221539181,0.04519284686011091,0.05649348453775136
B,1e-12,1e-12,1e-06,0.1,0.01,150,330,H,1,-0.05347871407866478,5,0.06779332472402884,0.045196561660031054,0.056494943192029946
B,1e-12,1e-12,0.0001,1e-05,0.01,150,330,H,4,-0.02938268519937992,5,0.0220928995782174,0.09090088125024395,0.05649689041423068
B,1e-12,1e-12,0.0001,1e-06,0.01,150,330,H,4,-0.02938268519937992,5,0.022082680920851618,0.09094871319184335,0.056515697056347486
B,1e-12,1e-12,0.1,0.01,0.01,150,510,H,8,-0.0713830441236496,5,0.005230358063845211,0.10782433044093764,0.05652734425239143
B,1e-12,1e-12,1.0,0.1,0.01,150,510,H,8,-0.0713830441236496,5,0.005119972398547227,0.10793621971908293,0.05652809605881508
B,1e-12,1e-12,0.1,0.001,0.01,150,510,H,8,-0.0713830441236496,5,0.005493334505526001,0.10758723575694021,0.0565402851312331
B,1e-12,1e-12,0.1,0.0001,0.01,150,510,H,8,-0.0713830441236496,5,0.0055209942396879045,0.10757164142625086,0.05654631783296939
B,1e-12,1e-12,0.1,1e-05,0.01,150,510,H,8,-0.0713830441236496,5,0.005523776109334748,0.10756937340998504,0.05654657475965989
B,1e-12,1e-12,0.1,1e-06,0.01,150,510,H,8,-0.0713830441236496,5,0.0055240786531838195,0.10756908565135902,0.056546582152271416
B,1e-12,1e-12,0.01,0.0001,0.01,150,270,H,0,-0.04426804184913635,5,0.003324484917703654,0.10989392837015102,0.05660920664392734
B,1e-12,1e-12,0.01,0.001,0.01,150,270,H,0,-0.04426804184913635,5,0.003413157596081699,0.1098885953986226,0.05665087649735215
B,1e-12,1e-12,0.0001,0.1,0.01,150,330,H,1,-0.05347871407866478,5,0.0678013694869705,0.04551698057172665,0.05665917502934858
B,1e-12,1e-12,1.0,0.01,0.01,150,510,H,8,-0.0713830441236496,5,0.005376072270341405,0.10804375278734,0.05670991252884071
B,1e-12,1e-12,1.0,0.001,0.01,150,510,H,8,-0.0713830441236496,5,0.005403021011551016,0.10802030531315096,0.05671166316235099
B,1e-12,1e-12,1.0,0.0001,0.01,150,510,H,8,-0.0713830441236496,5,0.005405729041125796,0.10802047903014413,0.05671310403563496
B,1e-12,1e-12,1.0,1e-05,0.01,150,510,H,8,-0.0713830441236496,5,0.00540599957383223,0.10802029493328562,0.05671314725355892
B,1e-12,1e-12,1.0,1e-06,0.01,150,510,H,8,-0.0713830441236496,5,0.005406026365292407,0.10802026871390923,0.056713147539600814
B,1e-12,1e-12,0.1,0.01,0.01,150,620,H,3,-0.25204017758369446,5,0.0040338939599765,0.10954080945668451,0.056787351708330505
B,1e-12,1e-12,0.1,0.0001,0.01,150,620,H,3,-0.25204017758369446,5,0.004110873412305051,0.109524154115892,0.05681751376409853
B,1e-12,1e-12,0.1,1e-05,0.01,150,620,H,3,-0.25204017758369446,5,0.004112097164779775,0.10952476933579064,0.05681843325028521
B,1e-12,1e-12,0.1,0.001,0.01,150,620,H,3,-0.25204017758369446,5,0.0041005857895676685,0.10954157047575805,0.05682107813266286
B,1e-12,1e-12,0.1,1e-06,0.01,150,620,H,3,-0.25204017758369446,5,0.004118813270224779,0.1095253609204393,0.05682208709533204
B,1e-12,1e-12,0.01,1e-06,0.01,150,330,H,4,-0.02938268519937992,5,0.002857292616969517,0.11120912607970737,0.05703320934833844
B,1e-12,1e-12,0.01,1e-05,0.01,150,330,H,4,-0.02938268519937992,5,0.0028582657115444002,0.11120821606021122,0.057033240885877814
B,1e-12,1e-12,0.01,0.0001,0.01,150,330,H,4,-0.02938268519937992,5,0.002879906009739234,0.11119203051148077,0.057035968260610005
B,1e-12,1e-12,0.01,0.001,0.01,150,330,H,4,-0.02938268519937992,5,0.003093059602297161,0.11110896322738639,0.05710101141484178
B,1e-12,1e-12,0.01,1e-06,0.01,150,270,H,0,-0.04426804184913635,5,0.004348711067065058,0.10988619690267071,0.05711745398486788
B,1e-12,1e-12,0.01,1e-05,0.01,150,270,H,0,-0.04426804184913635,5,0.004349450211518566,0.10988578122678064,0.057117615719149605
B,1e-12,1e-12,0.01,0.01,0.01,150,270,H,0,-0.04426804184913635,5,0.006389214564748261,0.10813759767584188,0.057263406120295075
B,1e-12,1e-12,1e-06,0.0001,0.01,150,640,H,9,-0.08353185653686523,5,0.04072385637878704,0.07559172055964289,0.05815778846921496
B,1e-12,1e-12,0.1,0.1,0.01,150,620,H,3,-0.25204017758369446,5,0.0071906512310494644,0.10939846692951108,0.05829455908028027
B,1e-12,1e-12,0.0001,0.001,0.01,150,330,H,4,-0.02938268519937992,5,0.029076206816952582,0.08755463593279203,0.058315421374872306
B,1e-12,1e-12,0.01,0.01,0.01,150,330,H,4,-0.02938268519937992,5,0.006870392142227067,0.10998164335153507,0.05842601774688107
B,1e-12,1e-12,0.0001,0.01,0.01,150,620,H,3,-0.25204017758369446,5,0.014002881535210265,0.10316574982155516,0.05858431567838271
B,1e-12,1e-12,1e-06,0.01,0.01,150,620,H,3,-0.25204017758369446,5,0.014008068025039937,0.10317149980029441,0.05858978391266718
B,1e-12,1e-12,1e-05,0.01,0.01,150,620,H,3,-0.25204017758369446,5,0.014007562374793394,0.10317292999694089,0.05859024618586714
B,1e-12,1e-12,1e-06,0.001,0.01,150,330,H,4,-0.02938268519937992,5,0.03037852007652834,0.08721345418993678,0.05879598713323256
B,1e-12,1e-12,1e-05,0.001,0.01,150,330,H,4,-0.02938268519937992,5,0.030464517525120954,0.08729074845031208,0.05887763298771652
B,1e-12,1e-12,0.0001,0.001,0.01,150,640,H,13,-0.030795302242040634,5,0.026212328777037722,0.09159479436271738,0.05890356156987755
B,1e-12,1e-12,0.1,0.001,0.01,150,380,C,0,0.17328409850597382,5,0.023583375452020973,0.09491846431625299,0.059250919884136985
B,1e-12,1e-12,0.001,0.01,0.01,150,380,C,0,0.17328409850597382,5,0.023622047140689162,0.0948809838489305,0.05925151549480983
B,1e-12,1e-12,0.01,1e-05,0.01,150,380,C,0,0.17328409850597382,5,0.023616615849907433,0.09488653383195732,0.059251574840932374
B,1e-12,1e-12,0.01,0.0001,0.01,150,380,C,0,0.17328409850597382,5,0.023616679752370338,0.09488656808466374,0.059251623918517037
B,1e-12,1e-12,0.01,0.001,0.01,150,380,C,0,0.17328409850597382,5,0.023617042545950248,0.09488626124381942,0.059251651894884835
B,1e-12,1e-12,0.01,1e-06,0.01,150,380,C,0,0.17328409850597382,5,0.0236167992987164,0.09488664240288444,0.059251720850800424
B,1e-12,1e-12,0.01,0.1,0.01,150,380,C,0,0.17328409850597382,5,0.02364093843469613,0.0948625144866368,0.05925172646066646
B,1e-12,1e-12,0.1,0.01,0.01,150,380,C,0,0.17328409850597382,5,0.0235890129101865,0.09491624529486566,0.05925262910252608
B,1e-12,1e-12,0.1,1e-06,0.01,150,380,C,0,0.17328409850597382,5,0.02358563041294484,0.09491971062631911,0.05925267051963198
B,1e-12,1e-12,0.1,1e-05,0.01,150,380,C,0,0.17328409850597382,5,0.023585633094884737,0.09491971062631911,0.05925267186060192
B,1e-12,1e-12,0.1,0.0001,0.01,150,380,C,0,0.17328409850597382,5,0.023585661557037892,0.09491970682492419,0.05925268419098104
B,1e-12,1e-12,1e-05,0.01,0.01,150,380,C,0,0.17328409850597382,5,0.023623020135830643,0.09488286423640584,0.05925294218611824
B,1e-12,1e-12,1e-06,0.01,0.01,150,380,C,0,0.17328409850597382,5,0.02362301038468481,0.09488288947212777,0.05925294992840629
B,1e-12,1e-12,1e-06,0.001,0.01,150,330,H,2,-0.052478715777397156,5,0.02119143443002892,0.09731446550788816,0.059252949968958545
B,1e-12,1e-12,0.0001,0.01,0.01,150,380,C,0,0.17328409850597382,5,0.02362301818296758,0.09488299098430102,0.0592530045836343
B,1e-12,1e-12,0.0001,0.001,0.01,150,380,C,0,0.17328409850597382,5,0.023620766219785844,0.09488525086271661,0.05925300854125123
B,1e-12,1e-12,1e-05,0.001,0.01,150,380,C,0,0.17328409850597382,5,0.02362081130454194,0.09488522743090062,0.05925301936772128
B,1e-12,1e-12,1e-06,0.001,0.01,150,380,C,0,0.17328409850597382,5,0.023620814356488037,0.09488523205280533,0.05925302320464668
B,1e-12,1e-12,0.001,0.001,0.01,150,380,C,0,0.17328409850597382,5,0.02362062795665907,0.09488545902104964,0.05925304348885435
B,1e-12,1e-12,0.001,1e-06,0.01,150,380,C,0,0.17328409850597382,5,0.023620505021466492,0.09488607997095927,0.05925329249621288
B,1e-12,1e-12,0.001,1e-05,0.01,150,380,C,0,0.17328409850597382,5,0.023620506580507954,0.09488608007314589,0.059253293326826925
B,1e-12,1e-12,0.001,0.0001,0.01,150,380,C,0,0.17328409850597382,5,0.023620534048940767,0.09488606140290454,0.05925329772592265
B,1e-12,1e-12,0.0001,0.1,0.01,150,380,C,0,0.17328409850597382,5,0.023644657152591092,0.09486222159174057,0.05925343937216583
B,1e-12,1e-12,0.001,0.1,0.01,150,380,C,0,0.17328409850597382,5,0.0236438978975173,0.09486335518281021,0.05925362654016375
B,1e-12,1e-12,1e-05,0.1,0.01,150,380,C,0,0.17328409850597382,5,0.023644932158807037,0.09486276014729553,0.05925384615305128
B,1e-12,1e-12,1e-06,0.1,0.01,150,380,C,0,0.17328409850597382,5,0.023644936919379102,0.09486275700435734,0.05925384696186822
B,1e-12,1e-12,0.0001,1e-06,0.01,150,380,C,0,0.17328409850597382,5,0.02362296933615318,0.09488562405028622,0.0592542966932197
B,1e-12,1e-12,0.0001,1e-05,0.01,150,380,C,0,0.17328409850597382,5,0.023622971442383203,0.09488562405028622,0.059254297746334714
B,1e-12,1e-12,0.0001,0.0001,0.01,150,380,C,0,0.17328409850597382,5,0.02362298328285103,0.09488564088993154,0.059254312086391286
B,1e-12,1e-12,1e-05,1e-05,0.01,150,380,C,0,0.17328409850597382,5,0.023623063194981347,0.09488565621199682,0.059254359703489086
B,1e-12,1e-12,1e-05,1e-06,0.01,150,380,C,0,0.17328409850597382,5,0.023623060569669157,0.09488565924177295,0.05925435990572105
B,1e-12,1e-12,1e-06,1e-06,0.01,150,380,C,0,0.17328409850597382,5,0.02362306470462536,0.09488565763989705,0.059254361172261204
B,1e-12,1e-12,1e-06,1e-05,0.01,150,380,C,0,0.17328409850597382,5,0.023623066830683787,0.09488565621199682,0.0592543615213403
B,1e-12,1e-12,1e-05,0.0001,0.01,150,380,C,0,0.17328409850597382,5,0.023623088823432052,0.09488565180873627,0.05925437031608416
B,1e-12,1e-12,1e-06,0.0001,0.01,150,380,C,0,0.17328409850597382,5,0.023623094060300092,0.0948856507644524,0.05925437241237625
B,1e-12,1e-12,0.01,0.01,0.01,150,380,C,0,0.17328409850597382,5,0.023628065776960253,0.09488344287722422,0.059255754327092236
B,1e-12,1e-12,0.1,0.1,0.01,150,380,C,0,0.17328409850597382,5,0.023610951207224225,0.09490138373727848,0.059256167472251355
B,1e-12,1e-12,0.0001,0.001,0.01,150,510,H,8,-0.0713830441236496,5,0.04178427495075656,0.07700005567155885,0.05939216531115771
B,1e-12,1e-12,0.0001,0.001,0.01,150,620,H,3,-0.25204017758369446,5,0.015771808955978305,0.10381623140660026,0.059794020181289285
B,1e-12,1e-12,1e-05,0.001,0.01,150,330,H,2,-0.052478715777397156,5,0.02114395834296195,0.09857056372319889,0.05985726103308042
B,1e-12,1e-12,1e-05,0.001,0.01,150,620,H,3,-0.25204017758369446,5,0.0160008111669695,0.10381783666937777,0.059909323918173635
B,1e-12,1e-12,1e-06,0.001,0.01,150,620,H,3,-0.25204017758369446,5,0.016019269783827207,0.10381754592682924,0.05991840785532822
B,1e-12,1e-12,0.01,0.01,0.01,150,620,H,3,-0.25204017758369446,5,0.01521481552911127,0.105082771529501,0.06014879352930614
B,1e-12,1e-12,0.0001,0.0001,0.01,150,620,H,3,-0.25204017758369446,5,0.01695737069362067,0.10396347068484502,0.060460420689232845
B,1e-12,1e-12,0.0001,1e-05,0.01,150,640,H,13,-0.030795302242040634,5,0.021063357717400682,0.09989904580332679,0.060481201760363736
B,1e-12,1e-12,0.0001,1e-06,0.01,150,620,H,3,-0.25204017758369446,5,0.017036756107937458,0.10398092138159726,0.060508838744767354
B,1e-12,1e-12,0.0001,1e-06,0.01,150,640,H,13,-0.030795302242040634,5,0.021053748565948972,0.09997298848483567,0.060513368525392325
B,1e-12,1e-12,0.0001,1e-05,0.01,150,620,H,3,-0.25204017758369446,5,0.017047946551926523,0.10397953114399086,0.060513738847958694
B,1e-12,1e-12,1e-05,1e-06,0.01,150,270,H,0,-0.04426804184913635,5,0.029056937625841387,0.09218909066243514,0.06062301414413826
B,1e-12,1e-12,1e-05,1e-05,0.01,150,270,H,0,-0.04426804184913635,5,0.0291204995896646,0.09216402385703276,0.06064226172334868
B,1e-12,1e-12,1e-06,1e-06,0.01,150,270,H,0,-0.04426804184913635,5,0.029243546347698678,0.09215160038703288,0.06069757336736578
B,1e-12,1e-12,0.001,0.001,0.01,150,620,H,3,-0.25204017758369446,5,0.01753173549753478,0.10408099794583095,0.06080636672168287
B,1e-12,1e-12,0.0001,0.0001,0.01,150,640,H,13,-0.030795302242040634,5,0.022928005368368278,0.09915282860556046,0.06104041698696437
B,1e-12,1e-12,1e-06,1e-05,0.01,150,270,H,0,-0.04426804184913635,5,0.03007647300705989,0.09212239162421824,0.061099432315639066
B,1e-12,1e-12,0.1,0.01,0.01,150,330,H,4,-0.02938268519937992,5,0.00438839685212514,0.1179396895176589,0.06116404318489202
B,1e-12,1e-12,1e-05,0.0001,0.01,150,270,H,0,-0.04426804184913635,5,0.030637370517979535,0.09190803608306908,0.061272703300524305
B,1e-12,1e-12,0.001,0.001,0.01,150,640,H,13,-0.030795302242040634,5,0.01337067791833788,0.1093330650115533,0.061351871464945584
B,1e-12,1e-12,0.1,0.001,0.01,150,330,H,4,-0.02938268519937992,5,0.004326975805735511,0.11844241085592558,0.06138469333083055
B,1e-12,1e-12,0.1,0.0001,0.01,150,330,H,4,-0.02938268519937992,5,0.004336580949474355,0.11845935762319668,0.061397969286335514
B,1e-12,1e-12,0.1,1e-05,0.01,150,330,H,4,-0.02938268519937992,5,0.004339595900421008,0.11845676256460237,0.06139817923251169
B,1e-12,1e-12,0.1,1e-06,0.01,150,330,H,4,-0.02938268519937992,5,0.0043396971627894096,0.11845679607120715,0.06139824661699828
B,1e-12,1e-12,1e-05,0.001,0.01,150,270,H,0,-0.04426804184913635,5,0.03245481088407735,0.09043997775182575,0.06144739431795154
B,1e-12,1e-12,1e-06,0.001,0.01,150,270,H,0,-0.04426804184913635,5,0.03250784835643855,0.09039553769696895,0.06145169302670375
B,1e-12,1e-12,1.0,0.1,0.01,150,330,H,4,-0.02938268519937992,5,0.004706830667274845,0.11824154622215685,0.06147418844471585
B,1e-12,1e-12,0.0001,0.01,0.01,150,270,H,0,-0.04426804184913635,5,0.040830736916921476,0.08225087758888555,0.061540807252903514
B,1e-12,1e-12,1.0,0.01,0.01,150,330,H,4,-0.02938268519937992,5,0.00494609806703477,0.11822722541317503,0.0615866617401049
B,1e-12,1e-12,0.001,0.0001,0.01,150,640,H,13,-0.030795302242040634,5,0.011414679784631667,0.1117804065800712,0.06159754318235143
B,1e-12,1e-12,1.0,0.0001,0.01,150,330,H,4,-0.02938268519937992,5,0.004973846723865044,0.11823086987173681,0.061602358297800926
B,1e-12,1e-12,1.0,1e-05,0.01,150,330,H,4,-0.02938268519937992,5,0.004974100569861602,0.11823089883973026,0.06160249970479593
B,1e-12,1e-12,1.0,1e-06,0.01,150,330,H,4,-0.02938268519937992,5,0.004974126007119285,0.11823089883973026,0.06160251242342477
B,1e-12,1e-12,1.0,0.001,0.01,150,330,H,4,-0.02938268519937992,5,0.004971288335540331,0.11823397884538295,0.06160263359046164
B,1e-12,1e-12,0.1,0.0001,0.01,150,620,H,6,0.08161692321300507,5,0.002978136263202553,0.12026541703368168,0.061621776648442116
B,1e-12,1e-12,0.1,1e-06,0.01,150,620,H,6,0.08161692321300507,5,0.002980000163552063,0.12027119924831026,0.06162559970593116
B,1e-12,1e-12,0.1,1e-05,0.01,150,620,H,6,0.08161692321300507,5,0.002979518899798838,0.1202752062736448,0.061627362586721815
B,1e-12,1e-12,0.001,1e-05,0.01,150,640,H,13,-0.030795302242040634,5,0.01137066996781852,0.11193243309652118,0.06165155153216985
B,1e-12,1e-12,0.001,1e-06,0.01,150,640,H,13,-0.030795302242040634,5,0.011366074572931545,0.11194919203662651,0.061657633304779025
B,1e-12,1e-12,0.1,0.001,0.01,150,620,H,6,0.08161692321300507,5,0.002959886401232091,0.12055668196103822,0.06175828418113516
B,1e-12,1e-12,0.01,0.1,0.01,150,640,H,13,-0.030795302242040634,5,0.0379652310068777,0.08559978906597684,0.06178251003642728
B,1e-12,1e-12,1e-05,0.01,0.01,150,270,H,0,-0.04426804184913635,5,0.040861476538623154,0.08282194428661568,0.06184171041261942
B,1e-12,1e-12,1e-06,0.01,0.01,150,270,H,0,-0.04426804184913635,5,0.04086403202266747,0.08286174658643078,0.061862889304549126
B,1e-12,1e-12,0.1,0.1,0.01,150,330,H,4,-0.02938268519937992,5,0.006234922790908653,0.11752672616938639,0.06188082448014752
B,1e-12,1e-12,1e-06,0.0001,0.01,150,270,H,0,-0.04426804184913635,5,0.03258432576425056,0.09184745444347342,0.06221589010386199
B,1e-12,1e-12,1e-05,0.001,0.01,150,650,H,15,-0.01910228095948696,5,0.019776464936334424,0.10490525511414944,0.06234086002524193
B,1e-12,1e-12,1e-06,0.001,0.01,150,650,H,15,-0.01910228095948696,5,0.019805901993872808,0.10490523992372944,0.06235557095880112
B,1e-12,1e-12,1e-05,1e-06,0.01,150,620,H,3,-0.25204017758369446,5,0.020766480126504838,0.10396067602609077,0.062363578076297804
B,1e-12,1e-12,1e-05,1e-05,0.01,150,620,H,3,-0.25204017758369446,5,0.020772316392513035,0.10396190397110744,0.06236711018181024
B,1e-12,1e-12,1e-06,1e-06,0.01,150,620,H,3,-0.25204017758369446,5,0.020783528767230098,0.10395984726601384,0.06237168801662197
B,1e-12,1e-12,1e-06,1e-05,0.01,150,620,H,3,-0.25204017758369446,5,0.020790933099842812,0.10396050997789388,0.06237572153886835
B,1e-12,1e-12,1e-05,0.0001,0.01,150,620,H,3,-0.25204017758369446,5,0.02082818085320179,0.10395105448614558,0.062389617669673686
B,1e-12,1e-12,1e-06,0.0001,0.01,150,620,H,3,-0.25204017758369446,5,0.020846153692037683,0.10394924668209214,0.06239770018706491
B,1e-12,1e-12,0.001,0.001,0.01,150,650,H,15,-0.01910228095948696,5,0.014458120385702593,0.11043962471841169,0.06244887255205714
B,1e-12,1e-12,0.001,0.1,0.01,150,610,C,2,-2.5053277015686035,5,0.052363092407182954,0.0726101192707974,0.06248660583899018
B,1e-12,1e-12,0.001,0.1,0.01,150,620,H,3,-0.25204017758369446,5,0.023632858120778255,0.10160320996508744,0.06261803404293284
B,1e-12,1e-12,1e-05,0.1,0.01,150,620,H,3,-0.25204017758369446,5,0.023599920128633337,0.10168185842983321,0.06264088927923328
B,1e-12,1e-12,1e-06,0.1,0.01,150,620,H,3,-0.25204017758369446,5,0.02359967967940494,0.10168263998984031,0.06264115983462262
B,1e-12,1e-12,0.0001,0.1,0.01,150,620,H,3,-0.25204017758369446,5,0.02360290664434923,0.1016881465742756,0.06264552660931241
B,1e-12,1e-12,0.0001,0.001,0.01,150,270,H,0,-0.04426804184913635,5,0.034563729236307864,0.09074810852954215,0.06265591888292502
B,1e-12,1e-12,0.001,0.01,0.01,150,620,H,3,-0.25204017758369446,5,0.022011318374031922,0.10331254395561658,0.06266193116482426
B,1e-12,1e-12,1e-05,0.0001,0.01,150,640,H,13,-0.030795302242040634,5,0.028000821472477306,0.09755515857854591,0.06277799002551161
B,1e-12,1e-12,0.0001,0.1,0.01,150,610,C,2,-2.5053277015686035,5,0.05346978414234053,0.07248833916967598,0.06297906165600825
B,1e-12,1e-12,1e-05,0.1,0.01,150,610,C,2,-2.5053277015686035,5,0.05352685104111299,0.07248003158372882,0.0630034413124209
B,1e-12,1e-12,1e-06,0.1,0.01,150,610,C,2,-2.5053277015686035,5,0.053531620075182695,0.07247915074121668,0.0630053854081997
B,1e-12,1e-12,1e-06,1e-05,0.01,150,640,H,13,-0.030795302242040634,5,0.02777237101844534,0.09844942196176859,0.06311089649010697
B,1e-12,1e-12,1e-05,1e-05,0.01,150,640,H,13,-0.030795302242040634,5,0.027662005118406253,0.0985869407041794,0.06312447291129282
B,1e-12,1e-12,1e-06,1e-06,0.01,150,640,H,13,-0.030795302242040634,5,0.027742354475646724,0.09856021219277125,0.06315128333420898
B,1e-12,1e-12,1e-05,1e-06,0.01,150,640,H,13,-0.030795302242040634,5,0.027630528949205584,0.09868863569348546,0.06315958232134553
B,1e-12,1e-12,0.1,1e-06,0.01,150,270,H,0,-0.04426804184913635,5,0.004154916422738306,0.12245323048828141,0.06330407345550985
B,1e-12,1e-12,0.1,0.001,0.01,150,270,H,0,-0.04426804184913635,5,0.004142031451794079,0.12247179422868454,0.06330691284023932
B,1e-12,1e-12,0.1,1e-05,0.01,150,270,H,0,-0.04426804184913635,5,0.004155175818030918,0.12246081799706048,0.0633079969075457
B,1e-12,1e-12,0.1,0.0001,0.01,150,270,H,0,-0.04426804184913635,5,0.004153480443537304,0.12246438606250279,0.06330893325302005
B,1e-12,1e-12,0.1,0.01,0.01,150,270,H,0,-0.04426804184913635,5,0.004155431534530169,0.12251782178458726,0.0633366266595587
B,1e-12,1e-12,0.01,0.1,0.01,150,510,H,8,-0.0713830441236496,5,0.07141238042365292,0.05529312779757305,0.06335275411061297
B,1e-12,1e-12,0.1,0.1,0.01,150,270,H,0,-0.04426804184913635,5,0.004731100970250218,0.12240935121609553,0.06357022609317288
B,1e-12,1e-12,0.001,0.0001,0.01,150,650,H,15,-0.01910228095948696,5,0.014388211418319767,0.11309913775745897,0.06374367458788938
B,1e-12,1e-12,0.0001,0.1,0.01,150,330,H,2,-0.052478715777397156,5,0.06227950632425068,0.06532500328924343,0.06380225480674706
B,1e-12,1e-12,0.001,1e-05,0.01,150,650,H,15,-0.01910228095948696,5,0.014379677378896482,0.11335418576347805,0.06386693157118727
B,1e-12,1e-12,0.001,1e-06,0.01,150,650,H,15,-0.01910228095948696,5,0.014378734861823358,0.11337659869476908,0.06387766677829622
B,1e-12,1e-12,0.0001,0.001,0.01,150,330,H,2,-0.052478715777397156,5,0.028316556712026212,0.09986063783983852,0.06408859727593237
B,1e-12,1e-12,0.0001,0.001,0.01,150,650,H,15,-0.01910228095948696,5,0.02388643332009255,0.105098385012068,0.06449240916608028
B,1e-12,1e-12,1e-06,0.0001,0.01,150,640,H,13,-0.030795302242040634,5,0.0317383632238764,0.0974692746350462,0.0646038189294613
B,1e-12,1e-12,0.001,0.1,0.01,150,330,H,2,-0.052478715777397156,5,0.06235973448120867,0.06731166240288323,0.06483569844204595
B,1e-12,1e-12,1.0,0.1,0.01,150,270,H,0,-0.04426804184913635,5,0.005055179307038003,0.12480995126346997,0.06493256528525398
B,1e-12,1e-12,1.0,0.01,0.01,150,270,H,0,-0.04426804184913635,5,0.0052147615376734935,0.12475356240056612,0.06498416196911981
B,1e-12,1e-12,1.0,0.001,0.01,150,270,H,0,-0.04426804184913635,5,0.005241354477115966,0.12475761425633394,0.06499948436672495
B,1e-12,1e-12,1.0,0.0001,0.01,150,270,H,0,-0.04426804184913635,5,0.005244006221230976,0.12475797516470877,0.06500099069296987
B,1e-12,1e-12,1.0,1e-05,0.01,150,270,H,0,-0.04426804184913635,5,0.005244260289092935,0.12476527515500706,0.06500476772205
B,1e-12,1e-12,1.0,1e-06,0.01,150,270,H,0,-0.04426804184913635,5,0.005244286353903358,0.12476527319748214,0.06500477977569274
B,1e-12,1e-12,0.01,0.0001,0.01,150,620,H,6,0.08161692321300507,5,0.013231021586655775,0.1169902702636449,0.06511064592515034
B,1e-12,1e-12,0.01,0.001,0.01,150,620,H,6,0.08161692321300507,5,0.013490112753389176,0.11699365243088265,0.06524188259213591
B,1e-12,1e-12,0.001,0.0001,0.01,150,650,H,6,-0.01910228095948696,5,0.011998323268688198,0.1196316826559618,0.065815002962325
B,1e-12,1e-12,0.001,0.001,0.01,150,650,H,6,-0.01910228095948696,5,0.015144386398332868,0.11663517104908974,0.06588977872371131
B,1e-12,1e-12,0.001,1e-05,0.01,150,650,H,6,-0.01910228095948696,5,0.011976105764617792,0.11992546114130363,0.06595078345296071
B,1e-12,1e-12,0.001,1e-06,0.01,150,650,H,6,-0.01910228095948696,5,0.011974475261097456,0.11994780740573674,0.0659611413334171
B,1e-12,1e-12,0.001,0.01,0.01,150,270,H,0,-0.04426804184913635,5,0.04546319706400846,0.08648460987556646,0.06597390346978746
B,1e-12,1e-12,1e-05,0.1,0.01,150,330,H,2,-0.052478715777397156,5,0.06412782040650478,0.06886105965609275,0.06649444003129876
B,1e-12,1e-12,0.0001,0.0001,0.01,150,650,H,15,-0.01910228095948696,5,0.024745937078209986,0.10824481917971866,0.06649537812896432
B,1e-12,1e-12,1e-06,0.1,0.01,150,330,H,2,-0.052478715777397156,5,0.06412729977949948,0.06887277177399814,0.06650003577674882
B,1e-12,1e-12,0.01,1e-06,0.01,150,620,H,6,0.08161692321300507,5,0.013166543936602416,0.12010031914772126,0.06663343154216184
B,1e-12,1e-12,0.01,1e-05,0.01,150,620,H,6,0.08161692321300507,5,0.013171318237415491,0.120101785696029,0.06663655196672225
B,1e-12,1e-12,1e-06,0.01,0.01,150,650,H,6,-0.01910228095948696,5,0.034688623614246315,0.09887380575087548,0.0667812146825609
B,1e-12,1e-12,1e-05,0.01,0.01,150,650,H,6,-0.01910228095948696,5,0.034687205087565134,0.09893412364821841,0.06681066436789176
B,1e-12,1e-12,1e-05,0.0001,0.01,150,650,H,15,-0.01910228095948696,5,0.02601150789562161,0.10782541574678689,0.06691846182120426
B,1e-12,1e-12,1e-06,0.0001,0.01,150,650,H,15,-0.01910228095948696,5,0.026075357503453012,0.10780088384966546,0.06693812067655924
B,1e-12,1e-12,0.0001,1e-05,0.01,150,650,H,15,-0.01910228095948696,5,0.025738880449765602,0.10863810583269712,0.06718849314123136
B,1e-12,1e-12,0.0001,1e-06,0.01,150,650,H,15,-0.01910228095948696,5,0.02572054601913272,0.10868635384985167,0.0672034499344922
B,1e-12,1e-12,0.0001,0.01,0.01,150,650,H,6,-0.01910228095948696,5,0.036081736210225264,0.0987809939288738,0.06743136506954953
B,1e-12,1e-12,1.0,0.1,0.01,150,330,C,0,-1.5042518377304077,5,0.008889375223329969,0.12667923586917,0.06778430554624998
B,1e-12,1e-12,1.0,0.01,0.01,150,330,C,0,-1.5042518377304077,5,0.008855461738020558,0.12677554179740286,0.06781550176771171
B,1e-12,1e-12,1.0,0.001,0.01,150,330,C,0,-1.5042518377304077,5,0.008852922982630717,0.12678495314634514,0.06781893806448792
B,1e-12,1e-12,1.0,1e-05,0.01,150,330,C,0,-1.5042518377304077,5,0.008852620709380825,0.12678574570092332,0.06781918320515208
B,1e-12,1e-12,1.0,1e-06,0.01,150,330,C,0,-1.5042518377304077,5,0.00885261774321372,0.12678575554126906,0.06781918664224139
B,1e-12,1e-12,1.0,0.0001,0.01,150,330,C,0,-1.5042518377304077,5,0.008852708762903899,0.12678566928724705,0.06781918902507547
B,1e-12,1e-12,0.001,0.1,0.01,150,330,C,0,-1.5042518377304077,5,0.013211196057300433,0.12277433253156486,0.06799276429443264
B,1e-12,1e-12,1e-05,0.1,0.01,150,330,C,0,-1.5042518377304077,5,0.013213735091607996,0.12277193799903216,0.06799283654532008
B,1e-12,1e-12,1e-06,0.1,0.01,150,330,C,0,-1.5042518377304077,5,0.013213746261420937,0.1227719702720022,0.06799285826671157
B,1e-12,1e-12,0.0001,0.1,0.01,150,330,C,0,-1.5042518377304077,5,0.013213826752458213,0.12277543444195486,0.06799463059720653
B,1e-12,1e-12,0.01,0.1,0.01,150,330,C,0,-1.5042518377304077,5,0.013210098385141037,0.12279599396872895,0.06800304617693499
B,1e-12,1e-12,0.0001,0.01,0.01,150,330,C,0,-1.5042518377304077,5,0.013174428066099822,0.12291433485955348,0.06804438146282665
B,1e-12,1e-12,1e-05,0.01,0.01,150,330,C,0,-1.5042518377304077,5,0.013173825716151484,0.12291499396051876,0.06804440983833512
B,1e-12,1e-12,1e-06,0.01,0.01,150,330,C,0,-1.5042518377304077,5,0.013173852539297877,0.12291500705247868,0.06804442979588828
B,1e-12,1e-12,0.001,0.01,0.01,150,330,C,0,-1.5042518377304077,5,0.013177859502985187,0.12291300292419799,0.06804543121359159
B,1e-12,1e-12,0.001,0.001,0.01,150,330,C,0,-1.5042518377304077,5,0.013166742322358491,0.12293093106054033,0.06804883669144941
B,1e-12,1e-12,0.001,1e-05,0.01,150,330,C,0,-1.5042518377304077,5,0.013166278303253044,0.12293529086715392,0.06805078458520349
B,1e-12,1e-12,0.001,1e-06,0.01,150,330,C,0,-1.5042518377304077,5,0.013166260261798964,0.1229353235035431,0.06805079188267103
B,1e-12,1e-12,0.001,0.0001,0.01,150,330,C,0,-1.5042518377304077,5,0.013166438921260425,0.12293588052516646,0.06805115972321345
B,1e-12,1e-12,1e-05,0.001,0.01,150,330,C,0,-1.5042518377304077,5,0.013171867479958818,0.12293389505073965,0.06805288126534924
B,1e-12,1e-12,1e-06,0.001,0.01,150,330,C,0,-1.5042518377304077,5,0.013171880244979737,0.12293389311611475,0.06805288668054724
B,1e-12,1e-12,0.0001,0.001,0.01,150,330,C,0,-1.5042518377304077,5,0.013171981834187782,0.12293406022500261,0.06805302102959519
B,1e-12,1e-12,0.0001,0.0001,0.01,150,330,C,0,-1.5042518377304077,5,0.013171727221849342,0.12293548033923549,0.06805360378054241
B,1e-12,1e-12,0.0001,1e-05,0.01,150,330,C,0,-1.5042518377304077,5,0.013171724785931675,0.12293572000259681,0.06805372239426424
B,1e-12,1e-12,1e-05,0.0001,0.01,150,330,C,0,-1.5042518377304077,5,0.013171654723461814,0.12293587695777888,0.06805376584062035
B,1e-12,1e-12,0.0001,1e-06,0.01,150,330,C,0,-1.5042518377304077,5,0.013171729023375697,0.12293583757608004,0.06805378329972786
B,1e-12,1e-12,1e-05,1e-06,0.01,150,330,C,0,-1.5042518377304077,5,0.01317186048290139,0.12293635859966118,0.06805410954128129
B,1e-12,1e-12,1e-06,0.0001,0.01,150,330,C,0,-1.5042518377304077,5,0.013171928751873438,0.12293650841481017,0.0680542185833418
B,1e-12,1e-12,1e-05,1e-05,0.01,150,330,C,0,-1.5042518377304077,5,0.01317187894484316,0.12293669681716979,0.06805428788100648
B,1e-12,1e-12,1e-06,1e-05,0.01,150,330,C,0,-1.5042518377304077,5,0.01317190182430628,0.12293675898537738,0.06805433040484184
B,1e-12,1e-12,1e-06,1e-06,0.01,150,330,C,0,-1.5042518377304077,5,0.01317191083242545,0.12293675170241225,0.06805433126741885
B,1e-12,1e-12,0.01,0.01,0.01,150,330,C,0,-1.5042518377304077,5,0.013159984357516367,0.12295117792677052,0.06805558114214344
B,1e-12,1e-12,0.01,0.001,0.01,150,330,C,0,-1.5042518377304077,5,0.013158228140103354,0.1229743411152402,0.06806628462767178
B,1e-12,1e-12,0.01,0.0001,0.01,150,330,C,0,-1.5042518377304077,5,0.013157832802089637,0.12297700285639174,0.06806741782924068
B,1e-12,1e-12,0.01,1e-05,0.01,150,330,C,0,-1.5042518377304077,5,0.013157807699732179,0.1229771827999731,0.06806749524985264
B,1e-12,1e-12,0.01,1e-06,0.01,150,330,C,0,-1.5042518377304077,5,0.013157803274426975,0.12297719799986473,0.06806750063714585
B,1e-12,1e-12,0.1,0.1,0.01,150,330,C,0,-1.5042518377304077,5,0.013098819667115085,0.12305193682085819,0.06807537824398664
B,1e-12,1e-12,0.1,0.01,0.01,150,330,C,0,-1.5042518377304077,5,0.013057628669624148,0.12315403365363628,0.06810583116163021
B,1e-12,1e-12,0.1,0.001,0.01,150,330,C,0,-1.5042518377304077,5,0.013050757061955336,0.12316493884107502,0.06810784795151517
B,1e-12,1e-12,0.1,0.0001,0.01,150,330,C,0,-1.5042518377304077,5,0.013056564528633574,0.12316722012740514,0.06811189232801936
B,1e-12,1e-12,0.1,1e-05,0.01,150,330,C,0,-1.5042518377304077,5,0.013056525887814825,0.1231673317583866,0.06811192882310071
B,1e-12,1e-12,0.1,1e-06,0.01,150,330,C,0,-1.5042518377304077,5,0.013056521365306054,0.12316735380594776,0.0681119375856269
B,1e-12,1e-12,0.001,0.01,0.01,150,650,H,6,-0.01910228095948696,5,0.03692828587100344,0.10004399036563724,0.06848613811832034
B,1e-12,1e-12,1e-05,1e-05,0.01,150,650,H,15,-0.01910228095948696,5,0.028984767304605825,0.10824781963735006,0.06861629347097795
B,1e-12,1e-12,1e-05,1e-06,0.01,150,650,H,15,-0.01910228095948696,5,0.028964985520149637,0.10830318367982072,0.06863408459998518
B,1e-12,1e-12,1e-06,1e-05,0.01,150,650,H,15,-0.01910228095948696,5,0.029037138251697094,0.10826016449358632,0.0686486513726417
B,1e-12,1e-12,1e-06,1e-06,0.01,150,650,H,15,-0.01910228095948696,5,0.029016880118390424,0.1083075180352428,0.06866219907681662
B,1e-12,1e-12,0.01,0.1,0.01,150,620,H,3,-0.25204017758369446,5,0.0341289010866964,0.1036388387725495,0.06888386992962295
B,1e-12,1e-12,0.0001,0.001,0.01,150,620,H,6,0.08161692321300507,5,0.022980986284620048,0.11564577642554,0.06931338135508003
B,1e-12,1e-12,1e-05,0.001,0.01,150,620,H,6,0.08161692321300507,5,0.02302059423763208,0.11563716813309738,0.06932888118536473
B,1e-12,1e-12,1e-06,0.001,0.01,150,620,H,6,0.08161692321300507,5,0.023022144201282197,0.11563789458511152,0.06933001939319686
B,1e-12,1e-12,0.001,0.1,0.01,150,620,H,6,0.08161692321300507,5,0.02053001519850156,0.11893721765994755,0.06973361642922456
B,1e-12,1e-12,0.001,0.01,0.01,150,620,H,6,0.08161692321300507,5,0.024596411630638016,0.11522917550591585,0.06991279356827694
B,1e-12,1e-12,0.01,0.1,0.01,150,640,H,9,-0.08353185653686523,5,0.03782537006397702,0.10242498312665946,0.07012517659531824
B,1e-12,1e-12,0.01,0.1,0.01,150,270,H,0,-0.04426804184913635,5,0.05397249074527962,0.08729486325428198,0.0706336769997808
B,1e-12,1e-12,0.0001,0.001,0.01,150,650,H,6,-0.01910228095948696,5,0.03184624575158431,0.10953595423234719,0.07069109999196575
B,1e-12,1e-12,1e-05,0.001,0.01,150,640,H,9,-0.08353185653686523,5,0.06324062114541329,0.07823397284438272,0.070737296994898
B,1e-12,1e-12,0.01,0.01,0.01,150,620,H,6,0.08161692321300507,5,0.02212894342484947,0.11936558054596347,0.07074726198540647
B,1e-12,1e-12,1e-06,0.001,0.01,150,640,H,9,-0.08353185653686523,5,0.06304063929974797,0.07855981492337691,0.07080022711156245
B,1e-12,1e-12,1e-05,0.001,0.01,150,650,H,6,-0.01910228095948696,5,0.032656259190298395,0.10949048671612757,0.07107337295321298
B,1e-12,1e-12,1e-05,0.0001,0.01,150,650,H,6,-0.01910228095948696,5,0.0292187661687372,0.11294856877596261,0.07108366747234991
B,1e-12,1e-12,1e-06,0.001,0.01,150,650,H,6,-0.01910228095948696,5,0.032724853730173795,0.10948401306243752,0.07110443339630565
B,1e-12,1e-12,1e-06,0.0001,0.01,150,650,H,6,-0.01910228095948696,5,0.029269442868874892,0.11297910716415842,0.07112427501651665
B,1e-12,1e-12,1e-06,0.01,0.01,150,620,H,6,0.08161692321300507,5,0.027729514527484997,0.11472438475483102,0.071226949641158
B,1e-12,1e-12,1e-05,0.01,0.01,150,620,H,6,0.08161692321300507,5,0.027730916529581685,0.11472448098804164,0.07122769875881166
B,1e-12,1e-12,1e-05,1e-05,0.01,150,650,H,6,-0.01910228095948696,5,0.029045581336653397,0.11360871461748588,0.07132714797706964
B,1e-12,1e-12,1e-05,1e-06,0.01,150,650,H,6,-0.01910228095948696,5,0.029031870014741275,0.11368530833691878,0.07135858917583003
B,1e-12,1e-12,1e-06,1e-05,0.01,150,650,H,6,-0.01910228095948696,5,0.02908949434427736,0.11362924023751161,0.07135936729089448
B,1e-12,1e-12,1e-06,1e-06,0.01,150,650,H,6,-0.01910228095948696,5,0.02907757707140252,0.11369809988779808,0.0713878384796003
B,1e-12,1e-12,1e-06,0.1,0.01,150,510,H,8,-0.0713830441236496,5,0.0812430791159666,0.06168084877078101,0.0714619639433738
B,1e-12,1e-12,1e-05,0.1,0.01,150,510,H,8,-0.0713830441236496,5,0.08124408679648042,0.061695426406456734,0.07146975660146858
B,1e-12,1e-12,1e-06,0.0001,0.01,150,620,H,6,0.08161692321300507,5,0.027037275211577713,0.11600962671243067,0.07152345096200419
B,1e-12,1e-12,1e-05,1e-06,0.01,150,620,H,6,0.08161692321300507,5,0.026971724802588484,0.1160837902848644,0.07152775754372645
B,1e-12,1e-12,1e-05,1e-05,0.01,150,620,H,6,0.08161692321300507,5,0.026983203956158816,0.11608660422456993,0.07153490409036437
B,1e-12,1e-12,0.0001,0.0001,0.01,150,620,H,6,0.08161692321300507,5,0.02700422801111266,0.11609609770163913,0.0715501628563759
B,1e-12,1e-12,1e-05,0.0001,0.01,150,620,H,6,0.08161692321300507,5,0.027032846150448944,0.11610522549195892,0.07156903582120394
B,1e-12,1e-12,0.0001,1e-05,0.01,150,620,H,6,0.08161692321300507,5,0.027998691938762775,0.11609494994544334,0.07204682094210306
B,1e-12,1e-12,0.0001,0.01,0.01,150,620,H,6,0.08161692321300507,5,0.029336330961831997,0.11479296096428768,0.07206464596305984
B,1e-12,1e-12,0.0001,1e-06,0.01,150,620,H,6,0.08161692321300507,5,0.02797859293065242,0.11616235597802885,0.07207047445434063
B,1e-12,1e-12,0.001,0.1,0.01,150,170,H,3,-0.026961499825119972,5,0.04951982185669759,0.09466358970480512,0.07209170578075136
B,1e-12,1e-12,0.0001,0.1,0.01,150,510,H,8,-0.0713830441236496,5,0.0812545407446942,0.06325660563088165,0.07225557318778791
B,1e-12,1e-12,1e-06,0.1,0.01,150,270,H,0,-0.04426804184913635,5,0.07694216324333185,0.06758022015446556,0.0722611916988987
B,1e-12,1e-12,1e-05,0.1,0.01,150,270,H,0,-0.04426804184913635,5,0.07694325515210365,0.06758440346832487,0.07226382931021426
B,1e-12,1e-12,0.0001,0.1,0.01,150,270,H,0,-0.04426804184913635,5,0.07695412353507722,0.06796479776059805,0.07245946064783763
B,1e-12,1e-12,0.0001,1e-05,0.01,150,650,H,6,-0.01910228095948696,5,0.031363684735650994,0.11401441138743734,0.07268904806154416
B,1e-12,1e-12,0.0001,1e-06,0.01,150,650,H,6,-0.01910228095948696,5,0.031342350659718916,0.11407054042612685,0.07270644554292288
B,1e-12,1e-12,1e-06,1e-06,0.01,150,620,H,6,0.08161692321300507,5,0.029721974238806858,0.11614698411780255,0.0729344791783047
B,1e-12,1e-12,1e-06,1e-05,0.01,150,620,H,6,0.08161692321300507,5,0.029738123486615184,0.1161470962139036,0.07294260985025938
B,1e-12,1e-12,0.0001,0.0001,0.01,150,650,H,6,-0.01910228095948696,5,0.03262597995452818,0.11345264623677195,0.07303931309565007
B,1e-12,1e-12,0.001,1e-06,0.01,150,620,H,6,0.08161692321300507,5,0.028910237369293625,0.11734912356532307,0.07312968046730835
B,1e-12,1e-12,0.001,1e-05,0.01,150,620,H,6,0.08161692321300507,5,0.028919983067638502,0.11736077376667436,0.07314037841715643
B,1e-12,1e-12,0.001,0.0001,0.01,150,620,H,6,0.08161692321300507,5,0.0289651815196706,0.11732951392851562,0.0731473477240931
B,1e-12,1e-12,1e-06,0.1,0.01,150,650,H,6,-0.01910228095948696,5,0.05051201938996858,0.09632218666754042,0.0734171030287545
B,1e-12,1e-12,1e-05,0.1,0.01,150,650,H,6,-0.01910228095948696,5,0.05051228766039122,0.09640542999217303,0.07345885882628211
B,1e-12,1e-12,0.0001,0.1,0.01,150,650,H,6,-0.01910228095948696,5,0.050518843413615365,0.09644808248365166,0.07348346294863352
B,1e-12,1e-12,0.001,0.1,0.01,150,510,H,8,-0.0713830441236496,5,0.08510215954017515,0.06261441819131264,0.07385828886574389
B,1e-12,1e-12,0.001,0.001,0.01,150,620,H,6,0.08161692321300507,5,0.03251076386165455,0.11711645319129857,0.07481360852647656
B,1e-12,1e-12,0.01,0.001,0.01,150,650,H,6,-0.01910228095948696,5,0.0028200918998844875,0.14710124128222746,0.07496066659105598
B,1e-12,1e-12,0.01,0.0001,0.01,150,650,H,6,-0.01910228095948696,5,0.002760692966637789,0.14721939548366095,0.07499004422514936
B,1e-12,1e-12,0.01,1e-06,0.01,150,650,H,6,-0.01910228095948696,5,0.0027593561608372313,0.14722364779364566,0.07499150197724144
B,1e-12,1e-12,0.01,1e-05,0.01,150,650,H,6,-0.01910228095948696,5,0.0027588319719873684,0.147232865402723,0.07499584868735519
B,1e-12,1e-12,0.01,1e-06,0.01,150,510,H,8,-0.0713830441236496,5,0.0046787706035995545,0.14562770276438314,0.07515323668399135
B,1e-12,1e-12,0.01,1e-05,0.01,150,510,H,8,-0.0713830441236496,5,0.004676315793759118,0.1456349719486032,0.07515564387118116
B,1e-12,1e-12,0.01,0.0001,0.01,150,510,H,8,-0.0713830441236496,5,0.004654873399876796,0.14572802534024137,0.07519144937005909
B,1e-12,1e-12,0.01,0.001,0.01,150,510,H,8,-0.0713830441236496,5,0.00434252664636798,0.14653038229557735,0.07543645447097266
B,1e-12,1e-12,0.001,0.1,0.01,150,270,H,0,-0.04426804184913635,5,0.08081961805778673,0.07054207980252122,0.07568084893015398
B,1e-12,1e-12,0.01,0.1,0.01,150,330,H,4,-0.02938268519937992,5,0.06022475816814232,0.09152407324332812,0.07587441570573522
B,1e-12,1e-12,0.01,0.01,0.01,150,650,H,6,-0.01910228095948696,5,0.008192649491487364,0.14392898075287236,0.07606081512217987
B,1e-12,1e-12,0.01,1e-05,0.01,150,640,H,13,-0.030795302242040634,5,0.002379234703783726,0.1502272525021921,0.07630324360298792
B,1e-12,1e-12,0.01,1e-06,0.01,150,640,H,13,-0.030795302242040634,5,0.0023800628000908513,0.1502345288815063,0.07630729584079857
B,1e-12,1e-12,0.01,0.0001,0.01,150,640,H,13,-0.030795302242040634,5,0.0023705194023150643,0.15026464605552875,0.0763175827289219
B,1e-12,1e-12,0.01,0.001,0.01,150,640,H,13,-0.030795302242040634,5,0.002494494111777855,0.1505606158918884,0.07652755500183313
B,1e-12,1e-12,0.01,0.01,0.01,150,640,H,13,-0.030795302242040634,5,0.003877961809601531,0.15034656514724032,0.07711226347842093
B,1e-12,1e-12,0.01,0.01,0.01,150,170,H,3,-0.026961499825119972,5,0.0015057910167418774,0.15282263853893838,0.07716421477784012
B,1e-12,1e-12,0.001,0.1,0.01,150,650,H,6,-0.01910228095948696,5,0.05817741896380609,0.09797927546322668,0.07807834721351639
B,1e-12,1e-12,0.01,0.0001,0.01,150,170,H,3,-0.026961499825119972,5,0.0036652499241484047,0.1526655491611723,0.07816539954266036
B,1e-12,1e-12,0.01,1e-05,0.01,150,170,H,3,-0.026961499825119972,5,0.003686356790821401,0.15267370400295321,0.07818003039688731
B,1e-12,1e-12,0.01,1e-06,0.01,150,170,H,3,-0.026961499825119972,5,0.0036871009272936256,0.15267331691288843,0.07818020892009103
B,1e-12,1e-12,0.01,0.001,0.01,150,170,H,3,-0.026961499825119972,5,0.0037597765313417157,0.15272195643195374,0.07824086648164773
B,1e-12,1e-12,0.1,0.1,0.01,150,650,H,15,-0.01910228095948696,5,0.004274666287944593,0.15272084281766424,0.07849775455280442
B,1e-12,1e-12,1e-06,0.1,0.01,150,620,H,6,0.08161692321300507,5,0.04077579179148836,0.11658343408659647,0.07867961293904241
B,1e-12,1e-12,1e-05,0.1,0.01,150,620,H,6,0.08161692321300507,5,0.04077575635410418,0.11659615819800992,0.07868595727605705
B,1e-12,1e-12,0.0001,0.1,0.01,150,620,H,6,0.08161692321300507,5,0.04077431165449263,0.11660149486620625,0.07868790326034944
B,1e-12,1e-12,0.01,0.01,0.01,150,510,H,8,-0.0713830441236496,5,0.004283737681198594,0.153197093049029,0.07874041536511381
B,1e-12,1e-12,1e-05,0.01,0.01,150,640,H,9,-0.08353185653686523,5,0.07464036295940109,0.08297413924400118,0.07880725110170114
B,1e-12,1e-12,0.1,1e-05,0.01,150,650,H,15,-0.01910228095948696,5,0.003631474891282757,0.1543623309354595,0.07899690291337114
B,1e-12,1e-12,0.1,1e-06,0.01,150,650,H,15,-0.01910228095948696,5,0.0036316550056278213,0.15436286956396245,0.07899726228479513
B,1e-12,1e-12,0.1,0.01,0.01,150,650,H,15,-0.01910228095948696,5,0.004047621474888599,0.15428773697151998,0.0791676792232043
B,1e-12,1e-12,0.1,0.001,0.01,150,650,H,15,-0.01910228095948696,5,0.004101119815623054,0.15434849548882096,0.079224807652222
B,1e-12,1e-12,0.1,0.0001,0.01,150,650,H,15,-0.01910228095948696,5,0.004118601350308015,0.15435398486893648,0.07923629310962224
B,1e-12,1e-12,0.001,0.01,0.01,150,170,H,3,-0.026961499825119972,5,0.010764500957945207,0.1479584204415414,0.0793614606997433
B,1e-12,1e-12,0.001,0.0001,0.01,150,170,H,3,-0.026961499825119972,5,0.010059247779814528,0.14892890315167834,0.07949407546574644
B,1e-12,1e-12,0.001,1e-05,0.01,150,170,H,3,-0.026961499825119972,5,0.010002363175199017,0.1489932916549222,0.0794978274150606
B,1e-12,1e-12,0.001,1e-06,0.01,150,170,H,3,-0.026961499825119972,5,0.009997178958064108,0.148998753289183,0.07949796612362355
B,1e-12,1e-12,1e-06,0.01,0.01,150,640,H,9,-0.08353185653686523,5,0.07506943278701761,0.08435837610631935,0.07971390444666848
B,1e-12,1e-12,0.1,0.001,0.01,150,640,H,4,-0.03988323733210564,5,0.003776176233834803,0.15676725879365278,0.08027171751374379
B,1e-12,1e-12,0.0001,0.01,0.01,150,640,H,9,-0.08353185653686523,5,0.07740797711893226,0.08329834713926518,0.08035316212909871
B,1e-12,1e-12,0.1,1e-06,0.01,150,640,H,4,-0.03988323733210564,5,0.004109987869136042,0.156685679770914,0.08039783382002502
B,1e-12,1e-12,0.1,1e-05,0.01,150,640,H,4,-0.03988323733210564,5,0.0041097745771528525,0.15668622788296177,0.08039800123005732
B,1e-12,1e-12,0.1,0.0001,0.01,150,640,H,4,-0.03988323733210564,5,0.004107764195464146,0.156692676596699,0.08040022039608158
B,1e-12,1e-12,0.1,0.01,0.01,150,640,H,4,-0.03988323733210564,5,0.00359832014653551,0.15749420138615747,0.0805462607663465
B,1e-12,1e-12,0.01,0.1,0.01,150,620,H,6,0.08161692321300507,5,0.04308434120182227,0.11910431697005805,0.08109432908594016
B,1e-12,1e-12,1.0,0.001,0.01,150,640,H,4,-0.03988323733210564,5,0.00446808942615596,0.15817482682329925,0.0813214581247276
B,1e-12,1e-12,1.0,0.0001,0.01,150,640,H,4,-0.03988323733210564,5,0.00447034881266932,0.15817315578448116,0.08132175229857525
B,1e-12,1e-12,1.0,1e-05,0.01,150,640,H,4,-0.03988323733210564,5,0.004470574033658865,0.1581729841192542,0.08132177907645653
B,1e-12,1e-12,1.0,1e-06,0.01,150,640,H,4,-0.03988323733210564,5,0.0044705968242973754,0.15817296583169438,0.08132178132799588
B,1e-12,1e-12,1.0,0.01,0.01,150,640,H,4,-0.03988323733210564,5,0.0044456370636745705,0.15822384489827385,0.08133474098097421
B,1e-12,1e-12,1.0,0.1,0.01,150,640,H,4,-0.03988323733210564,5,0.004232567211489538,0.15854637254981585,0.0813894698806527
B,1e-12,1e-12,1.0,0.1,0.01,150,650,H,15,-0.01910228095948696,5,0.004448777535705036,0.15854875690797599,0.0814987672218405
B,1e-12,1e-12,1.0,0.01,0.01,150,650,H,15,-0.01910228095948696,5,0.004681756132731831,0.1584611910659369,0.08157147359933437
B,1e-12,1e-12,1.0,0.001,0.01,150,650,H,15,-0.01910228095948696,5,0.004705588672702308,0.15845655006499398,0.08158106936884815
B,1e-12,1e-12,1.0,0.0001,0.01,150,650,H,15,-0.01910228095948696,5,0.004707982334379145,0.1584596333376098,0.08158380783599446
B,1e-12,1e-12,1.0,1e-05,0.01,150,650,H,15,-0.01910228095948696,5,0.004708222156004585,0.15845957861512402,0.0815839003855643
B,1e-12,1e-12,1.0,1e-06,0.01,150,650,H,15,-0.01910228095948696,5,0.0047082465514475405,0.15845956609720901,0.08158390632432828
B,1e-12,1e-12,0.1,0.1,0.01,150,640,H,4,-0.03988323733210564,5,0.0033069058048513958,0.16145681108655768,0.08238185844570454
B,1e-12,1e-12,0.01,0.001,0.01,150,620,H,2,-0.2488207370042801,5,0.003673380832852456,0.16171754892681064,0.08269546487983155
B,1e-12,1e-12,0.01,1e-05,0.01,150,620,H,2,-0.2488207370042801,5,0.0035944499140896503,0.161822335916534,0.08270839291531182
B,1e-12,1e-12,0.01,0.0001,0.01,150,620,H,2,-0.2488207370042801,5,0.00360066249530628,0.16181683315456424,0.08270874782493526
B,1e-12,1e-12,0.01,1e-06,0.01,150,620,H,2,-0.2488207370042801,5,0.0035933825139603626,0.1618265707172563,0.08270997661560833
B,1e-12,1e-12,0.1,0.01,0.01,150,650,H,6,-0.01910228095948696,5,0.003985967594030178,0.16227260088620526,0.08312928424011772
B,1e-12,1e-12,0.1,0.001,0.01,150,650,H,6,-0.01910228095948696,5,0.003964221612943578,0.16240220997772598,0.08318321579533478
B,1e-12,1e-12,0.1,1e-05,0.01,150,650,H,6,-0.01910228095948696,5,0.003992851946465148,0.16240585391628742,0.08319935293137629
B,1e-12,1e-12,0.1,1e-06,0.01,150,650,H,6,-0.01910228095948696,5,0.003993118555039644,0.16240602282781552,0.08319957069142758
B,1e-12,1e-12,0.1,0.0001,0.01,150,650,H,6,-0.01910228095948696,5,0.0039892669359883485,0.16241796428543143,0.0832036156107099
B,1e-12,1e-12,1.0,0.1,0.01,150,620,H,3,-0.25204017758369446,5,0.004686647193765136,0.16302711659884378,0.08385688189630446
B,1e-12,1e-12,1.0,0.01,0.01,150,620,H,3,-0.25204017758369446,5,0.004709373869742237,0.1631786970574774,0.08394403546360982
B,1e-12,1e-12,1.0,0.001,0.01,150,620,H,3,-0.25204017758369446,5,0.0047328034816016855,0.16319720874592392,0.0839650061137628
B,1e-12,1e-12,1.0,0.0001,0.01,150,620,H,3,-0.25204017758369446,5,0.0047351613516357065,0.16319938847183624,0.08396727491173597
B,1e-12,1e-12,1.0,1e-05,0.01,150,620,H,3,-0.25204017758369446,5,0.004735403720382575,0.16319958148342495,0.08396749260190377
B,1e-12,1e-12,1.0,1e-06,0.01,150,620,H,3,-0.25204017758369446,5,0.004735427847764197,0.16319959473578677,0.08396751129177549
B,1e-12,1e-12,0.1,1e-06,0.01,150,640,H,13,-0.030795302242040634,5,0.004314910282038589,0.16508067796515533,0.08469779412359696
B,1e-12,1e-12,0.1,1e-05,0.01,150,640,H,13,-0.030795302242040634,5,0.004314674406171214,0.16508102127642985,0.08469784784130054
B,1e-12,1e-12,0.1,0.0001,0.01,150,640,H,13,-0.030795302242040634,5,0.0043124204320987075,0.16508427642955043,0.08469834843082456
B,1e-12,1e-12,0.1,0.001,0.01,150,640,H,13,-0.030795302242040634,5,0.004287835032702743,0.16513886713494372,0.08471335108382323
B,1e-12,1e-12,0.1,0.01,0.01,150,640,H,13,-0.030795302242040634,5,0.003848222138034587,0.16568722577376008,0.08476772395589734
B,1e-12,1e-12,1.0,0.01,0.01,150,650,H,6,-0.01910228095948696,5,0.004427067056942258,0.16578177420052453,0.0851044206287334
B,1e-12,1e-12,1.0,0.001,0.01,150,650,H,6,-0.01910228095948696,5,0.004449526647844663,0.16576036835207844,0.08510494749996156
B,1e-12,1e-12,1.0,0.1,0.01,150,650,H,6,-0.01910228095948696,5,0.004330247542097016,0.1658825585204865,0.08510640303129176
B,1e-12,1e-12,1.0,0.0001,0.01,150,650,H,6,-0.01910228095948696,5,0.004451785550382401,0.16576930114888455,0.08511054334963347
B,1e-12,1e-12,1.0,1e-05,0.01,150,650,H,6,-0.01910228095948696,5,0.004452017732216135,0.16577434108208208,0.0851131794071491
B,1e-12,1e-12,1.0,1e-06,0.01,150,650,H,6,-0.01910228095948696,5,0.004452040699310182,0.1657743312116483,0.08511318595547925
B,1e-12,1e-12,0.001,0.0001,0.01,150,620,H,2,-0.2488207370042801,5,0.011423834322019663,0.15910485103232944,0.08526434267717455
B,1e-12,1e-12,0.001,1e-05,0.01,150,620,H,2,-0.2488207370042801,5,0.011420196199699965,0.15912983591220523,0.0852750160559526
B,1e-12,1e-12,0.001,1e-06,0.01,150,620,H,2,-0.2488207370042801,5,0.011419867475349567,0.15913680393231133,0.08527833570383045
B,1e-12,1e-12,0.01,0.1,0.01,150,170,H,3,-0.026961499825119972,5,0.021152627432015996,0.14944452357079668,0.08529857550140633
B,1e-12,1e-12,0.01,0.01,0.01,150,620,H,2,-0.2488207370042801,5,0.01042492687357496,0.16062912362264484,0.0855270252481099
B,1e-12,1e-12,0.1,0.1,0.01,150,620,H,2,-0.2488207370042801,5,0.0030962026458332985,0.16818861347838948,0.08564240806211139
B,1e-12,1e-12,0.1,0.1,0.01,150,640,H,13,-0.030795302242040634,5,0.005397389708257128,0.16637195901847052,0.08588467436336382
B,1e-12,1e-12,0.1,0.01,0.01,150,620,H,2,-0.2488207370042801,5,0.0037715166729755593,0.169026417210781,0.08639896694187828
B,1e-12,1e-12,0.1,0.001,0.01,150,620,H,2,-0.2488207370042801,5,0.0038240786879426038,0.16905623468062245,0.08644015668428252
B,1e-12,1e-12,0.1,0.0001,0.01,150,620,H,2,-0.2488207370042801,5,0.0038304556104446883,0.16906385212186864,0.08644715386615666
B,1e-12,1e-12,0.1,1e-06,0.01,150,620,H,2,-0.2488207370042801,5,0.0038340997162656207,0.169068256620767,0.0864511781685163
B,1e-12,1e-12,0.1,1e-05,0.01,150,620,H,2,-0.2488207370042801,5,0.0038338375272290986,0.16907041057362304,0.08645212405042607
B,1e-12,1e-12,1.0,0.1,0.01,150,640,H,13,-0.030795302242040634,5,0.004511789042185613,0.168479104459842,0.0864954467510138
B,1e-12,1e-12,1.0,0.0001,0.01,150,640,H,13,-0.030795302242040634,5,0.004766406236730872,0.16822599568373478,0.08649620096023283
B,1e-12,1e-12,1.0,1e-05,0.01,150,640,H,13,-0.030795302242040634,5,0.004766650763073641,0.16822658705360594,0.08649661890833979
B,1e-12,1e-12,1.0,1e-06,0.01,150,640,H,13,-0.030795302242040634,5,0.0047666752444031155,0.16822657821045084,0.08649662672742697
B,1e-12,1e-12,1.0,0.001,0.01,150,640,H,13,-0.030795302242040634,5,0.0047640007737215035,0.16823064079911362,0.08649732078641756
B,1e-12,1e-12,1.0,0.01,0.01,150,640,H,13,-0.030795302242040634,5,0.004739949090610918,0.16826420442808254,0.08650207675934674
B,1e-12,1e-12,1e-05,0.001,0.01,150,620,H,2,-0.2488207370042801,5,0.0165184048804513,0.15819083800295558,0.08735462144170345
B,1e-12,1e-12,1e-06,0.001,0.01,150,620,H,2,-0.2488207370042801,5,0.01652266336304618,0.1581975723631581,0.08736011786310213
B,1e-12,1e-12,0.0001,0.001,0.01,150,620,H,2,-0.2488207370042801,5,0.016479617612082807,0.15839945202275643,0.08743953481741962
B,1e-12,1e-12,0.001,0.001,0.01,150,620,H,2,-0.2488207370042801,5,0.01598607249121598,0.15896790412424025,0.08747698830772811
B,1e-12,1e-12,0.0001,1e-06,0.01,150,620,H,2,-0.2488207370042801,5,0.019272399021999106,0.15865688376430553,0.08896464139315233
B,1e-12,1e-12,0.0001,1e-05,0.01,150,620,H,2,-0.2488207370042801,5,0.019291941304719402,0.15865376399670125,0.08897285265071032
B,1e-12,1e-12,0.0001,0.0001,0.01,150,620,H,2,-0.2488207370042801,5,0.019390329768088816,0.15862951152014346,0.08900992064411614
B,1e-12,1e-12,1e-05,1e-05,0.01,150,620,H,2,-0.2488207370042801,5,0.019417058049624392,0.15864931040968785,0.08903318422965613
B,1e-12,1e-12,1e-06,1e-06,0.01,150,620,H,2,-0.2488207370042801,5,0.01941549166488932,0.15865246134648386,0.08903397650568659
B,1e-12,1e-12,1e-06,1e-05,0.01,150,620,H,2,-0.2488207370042801,5,0.019434491765045903,0.15865023775721696,0.08904236476113143
B,1e-12,1e-12,1e-05,0.0001,0.01,150,620,H,2,-0.2488207370042801,5,0.01960008259831553,0.15862280350269314,0.08911144305050434
B,1e-12,1e-12,1e-06,0.0001,0.01,150,620,H,2,-0.2488207370042801,5,0.01961905197759299,0.15862619711892592,0.08912262454825945
B,1e-12,1e-12,0.001,0.01,0.01,150,620,H,2,-0.2488207370042801,5,0.02091898819050331,0.15774507939093013,0.08933203379071672
B,1e-12,1e-12,1e-06,0.01,0.01,150,620,H,2,-0.2488207370042801,5,0.021596282789753608,0.15731384106782031,0.08945506192878697
B,1e-12,1e-12,1e-05,0.01,0.01,150,620,H,2,-0.2488207370042801,5,0.02159674283393124,0.1573181905097138,0.08945746667182251
B,1e-12,1e-12,0.0001,0.01,0.01,150,620,H,2,-0.2488207370042801,5,0.021605956911171644,0.1573249216310836,0.08946543927112763
B,1e-12,1e-12,0.1,0.01,0.01,150,620,H,6,0.08161692321300507,5,0.0029673356085483113,0.17631350423125086,0.08964041991989959
B,1e-12,1e-12,1e-05,1e-06,0.01,150,620,H,2,-0.2488207370042801,5,0.02068204456349429,0.1586512415619758,0.08966664306273504
B,1e-12,1e-12,1.0,0.1,0.01,150,620,H,2,-0.2488207370042801,5,0.0044445149064370635,0.17494711519252487,0.08969581504948097
B,1e-12,1e-12,1.0,0.01,0.01,150,620,H,2,-0.2488207370042801,5,0.004670058233640676,0.1751124329300852,0.08989124558186293
B,1e-12,1e-12,1.0,0.001,0.01,150,620,H,2,-0.2488207370042801,5,0.004693748888875801,0.175128380207762,0.0899110645483189
B,1e-12,1e-12,1.0,1e-05,0.01,150,620,H,2,-0.2488207370042801,5,0.004696375528711129,0.17513819133728717,0.08991728343299915
B,1e-12,1e-12,1.0,1e-06,0.01,150,620,H,2,-0.2488207370042801,5,0.004696399535007746,0.17513820774536965,0.0899173036401887
B,1e-12,1e-12,1.0,0.0001,0.01,150,620,H,2,-0.2488207370042801,5,0.004696079014057525,0.17513884796088136,0.08991746348746944
B,1e-12,1e-12,1e-05,0.1,0.01,150,620,H,2,-0.2488207370042801,5,0.02627603752547175,0.154749518525731,0.09051277802560137
B,1e-12,1e-12,1e-06,0.1,0.01,150,620,H,2,-0.2488207370042801,5,0.026276031323335888,0.15474953221196444,0.09051278176765017
B,1e-12,1e-12,0.0001,0.1,0.01,150,620,H,2,-0.2488207370042801,5,0.026276047125727266,0.15476425301406707,0.09052015006989717
B,1e-12,1e-12,0.1,0.1,0.01,150,620,H,6,0.08161692321300507,5,0.001933067647722364,0.1816256916976418,0.09177937967268208
B,1e-12,1e-12,0.001,0.1,0.01,150,620,H,2,-0.2488207370042801,5,0.029582049860104556,0.15487832662113377,0.09223018824061915
B,1e-12,1e-12,0.01,0.1,0.01,150,650,H,6,-0.01910228095948696,5,0.07361291719258489,0.11340101395978508,0.09350696557618499
B,1e-12,1e-12,0.01,0.1,0.01,150,620,H,2,-0.2488207370042801,5,0.03283567199414749,0.15576236903095209,0.09429902051254979
B,1e-12,1e-12,1.0,0.1,0.01,150,620,H,6,0.08161692321300507,5,0.0043066422216916115,0.1872334584727237,0.09577005034720766
B,1e-12,1e-12,1.0,0.01,0.01,150,620,H,6,0.08161692321300507,5,0.004164643402001472,0.18738405644031603,0.09577434992115876
B,1e-12,1e-12,1.0,0.001,0.01,150,620,H,6,0.08161692321300507,5,0.00418648808403184,0.1874048607157782,0.09579567439990502
B,1e-12,1e-12,1.0,0.0001,0.01,150,620,H,6,0.08161692321300507,5,0.004188707724064713,0.1874037703334619,0.0957962390287633
B,1e-12,1e-12,1.0,1e-05,0.01,150,620,H,6,0.08161692321300507,5,0.00418892359099107,0.18740382987991383,0.09579637673545245
B,1e-12,1e-12,1.0,1e-06,0.01,150,620,H,6,0.08161692321300507,5,0.004188944576967348,0.18740381644511245,0.09579638051103989
B,1e-12,1e-12,1e-06,0.1,0.01,150,170,H,3,-0.026961499825119972,5,0.047793366804796185,0.14449071614615747,0.09614204147547682
B,1e-12,1e-12,1e-05,0.1,0.01,150,170,H,3,-0.026961499825119972,5,0.047793464686443486,0.14450551195194833,0.09614948831919591
B,1e-12,1e-12,0.0001,0.1,0.01,150,170,H,3,-0.026961499825119972,5,0.04779727404876272,0.14451434617254932,0.09615581011065602
B,1e-12,1e-12,0.0001,0.1,0.01,150,640,H,9,-0.08353185653686523,5,0.08664181329410199,0.13646492325838522,0.1115533682762436
B,1e-12,1e-12,1e-05,0.1,0.01,150,640,H,9,-0.08353185653686523,5,0.08663181001022535,0.13732285362765667,0.11197733181894101
B,1e-12,1e-12,1e-06,0.1,0.01,150,640,H,9,-0.08353185653686523,5,0.08663078067551255,0.1373310441557245,0.11198091241561853
B,1e-12,1e-12,0.001,0.1,0.01,150,640,H,9,-0.08353185653686523,5,0.08383683093594556,0.15401783135628078,0.11892733114611317
C,0.1,0.1,1e-06,0.01,0.01,150,650,H,12,-0.10497073829174042,5,8.903630113418571e-05,0.0007158092690092221,0.0004024227850717039
C,0.1,0.1,1e-05,0.01,0.01,150,650,H,12,-0.10497073829174042,5,9.150880261281393e-05,0.0007158073079464079,0.0004036580552796109
C,0.1,0.1,0.0001,0.01,0.01,150,650,H,12,-0.10497073829174042,5,9.347451165927561e-05,0.0007157240439951185,0.000404599277827197
C,0.1,1e-05,1e-05,0.01,0.01,150,650,H,12,-0.10497073829174042,5,8.35748960376963e-05,0.0011163831091325527,0.0005999790025851244
C,0.1,1e-06,1e-05,0.01,0.01,150,650,H,12,-0.10497073829174042,5,8.359721063642107e-05,0.001116410050975096,0.0006000036308057585
C,0.1,1e-05,1e-06,0.01,0.01,150,650,H,12,-0.10497073829174042,5,8.621489617457778e-05,0.0011163897116270238,0.0006013023039008007
C,0.1,1e-06,1e-06,0.01,0.01,150,650,H,12,-0.10497073829174042,5,8.621501518608499e-05,0.0011164155112853447,0.0006013152632357149
C,0.1,1e-05,0.0001,0.01,0.01,150,650,H,12,-0.10497073829174042,5,8.752119782282322e-05,0.0011162623494940416,0.0006018917736584324
C,0.1,1e-06,0.0001,0.01,0.01,150,650,H,12,-0.10497073829174042,5,8.752122315255209e-05,0.0011162910126896806,0.0006019061179211164
C,0.1,1e-06,0.0001,0.01,0.01,150,640,H,0,0.13790667057037354,5,0.010895487442033292,0.0002189855273597541,0.0055572364846965235
C,0.1,1e-05,0.0001,0.01,0.01,150,640,H,0,0.13790667057037354,5,0.010895519719411722,0.00021900829330607328,0.005557264006358898
C,0.1,1e-06,1e-06,0.01,0.01,150,640,H,0,0.13790667057037354,5,0.010895646800188329,0.00021919020457416668,0.0055574185023812474
C,0.1,1e-05,1e-06,0.01,0.01,150,640,H,0,0.13790667057037354,5,0.010895526748660027,0.0002193169658828431,0.005557421857271435
C,0.1,1e-05,1e-05,0.01,0.01,150,640,H,0,0.13790667057037354,5,0.01089626423258271,0.00021908659015686284,0.005557675411369786
C,0.1,1e-06,1e-05,0.01,0.01,150,640,H,0,0.13790667057037354,5,0.010896262551491545,0.0002190916826368028,0.005557677117064174
C,0.1,0.1,0.0001,0.01,0.01,150,380,H,2,-0.11749634146690369,5,0.006171192432163735,0.005250608978326632,0.005710900705245183
C,0.1,1e-05,0.0001,0.01,0.01,150,380,H,2,-0.11749634146690369,5,0.006211876792911239,0.0063114990689320475,0.006261687930921644
C,0.1,1e-06,0.0001,0.01,0.01,150,380,H,2,-0.11749634146690369,5,0.006211879989797013,0.006311601745959168,0.006261740867878091
C,0.1,0.1,1e-05,0.01,0.01,150,380,H,2,-0.11749634146690369,5,0.010156667437634841,0.005250420183157245,0.007703543810396043
C,0.1,0.1,1e-06,0.01,0.01,150,380,H,2,-0.11749634146690369,5,0.010166341430253039,0.005250418432956692,0.007708379931604866
C,0.1,0.1,0.0001,0.01,0.01,150,610,H,6,-0.14696994423866272,5,0.009301834943979926,0.006523737866083783,0.007912786405031853
C,0.1,0.1,1e-05,0.01,0.01,150,610,H,6,-0.14696994423866272,5,0.009402180370829143,0.006523869706632163,0.007963025038730653
C,0.1,0.1,1e-06,0.01,0.01,150,610,H,6,-0.14696994423866272,5,0.009444121560129002,0.006523870391823694,0.007983995975976349
C,0.1,1e-05,1e-05,0.01,0.01,150,380,H,2,-0.11749634146690369,5,0.010176716037812918,0.006311271516471874,0.008243993777142397
C,0.1,1e-06,1e-05,0.01,0.01,150,380,H,2,-0.11749634146690369,5,0.010176718248696016,0.006311373859899261,0.008244046054297639
C,0.1,1e-05,1e-06,0.01,0.01,150,380,H,2,-0.11749634146690369,5,0.010187819765024489,0.006311264112966048,0.00824954193899527
C,0.1,1e-06,1e-06,0.01,0.01,150,380,H,2,-0.11749634146690369,5,0.010187822606738995,0.006311368773967417,0.008249595690353207
C,0.1,0.1,0.0001,0.01,0.01,150,650,H,15,-0.01910228095948696,5,0.01573014773608431,0.001038319662794489,0.0083842336994394
C,0.1,0.1,1e-06,0.01,0.01,150,650,H,15,-0.01910228095948696,5,0.01574217355506694,0.0010383648710187644,0.008390269213042851
C,0.1,0.1,1e-05,0.01,0.01,150,650,H,15,-0.01910228095948696,5,0.015743263571604105,0.0010383212751084157,0.00839079242335626
C,0.1,1e-05,0.0001,0.01,0.01,150,610,H,6,-0.14696994423866272,5,0.009210194731632669,0.007650714682346775,0.008430454706989722
C,0.1,1e-06,0.0001,0.01,0.01,150,610,H,6,-0.14696994423866272,5,0.009210196886513639,0.007650830271178828,0.008430513578846234
C,0.1,1e-05,0.0001,0.01,0.01,150,650,H,15,-0.01910228095948696,5,0.015723038205412855,0.0011921497770491297,0.008457593991230992
C,0.1,1e-06,0.0001,0.01,0.01,150,650,H,15,-0.01910228095948696,5,0.015723036906201183,0.0011921604628232173,0.0084575986845122
C,0.1,1e-05,1e-06,0.01,0.01,150,650,H,15,-0.01910228095948696,5,0.015735721740530895,0.0011921821493708863,0.008463951944950891
C,0.1,1e-06,1e-06,0.01,0.01,150,650,H,15,-0.01910228095948696,5,0.015735721213013514,0.0011921934222601128,0.008463957317636814
C,0.1,1e-05,1e-05,0.01,0.01,150,650,H,15,-0.01910228095948696,5,0.015735970206067387,0.0011921796566274965,0.008464074931347442
C,0.1,1e-06,1e-05,0.01,0.01,150,650,H,15,-0.01910228095948696,5,0.015735970660922718,0.001192191641193814,0.008464081151058267
C,0.1,1e-05,1e-05,0.01,0.01,150,610,H,6,-0.14696994423866272,5,0.009331428961176426,0.007650683341300927,0.008491056151238676
C,0.1,1e-06,1e-05,0.01,0.01,150,610,H,6,-0.14696994423866272,5,0.009331429717221637,0.0076508023675118325,0.008491116042366735
C,0.1,1e-06,1e-06,0.01,0.01,150,610,H,6,-0.14696994423866272,5,0.009344240145517577,0.007650814201065649,0.008497527173291613
C,0.1,1e-05,1e-06,0.01,0.01,150,610,H,6,-0.14696994423866272,5,0.009348002907139602,0.0076506912898054134,0.008499347098472509
C,0.1,0.1,0.0001,0.01,0.01,150,640,H,0,0.13790667057037354,5,0.00832076082479586,0.009690658215656586,0.009005709520226224
C,0.1,0.1,1e-05,0.01,0.01,150,640,H,0,0.13790667057037354,5,0.008323820995493876,0.009690927247537263,0.00900737412151557
C,0.1,0.1,1e-06,0.01,0.01,150,640,H,0,0.13790667057037354,5,0.00832472150021468,0.009690944727780426,0.009007833113997554
C,0.1,0.1,0.0001,0.01,0.01,150,170,H,3,-0.026961499825119972,5,0.011513651763852994,0.00910605262618848,0.010309852195020737
C,0.1,0.1,1e-06,0.01,0.01,150,170,H,3,-0.026961499825119972,5,0.016436431236258185,0.009105939867110243,0.012771185551684213
C,0.1,0.1,1e-05,0.01,0.01,150,170,H,3,-0.026961499825119972,5,0.016448254970651072,0.009105957337004948,0.01277710615382801
C,0.1,0.1,1e-06,0.01,0.01,150,510,C,1,-2.8548877239227295,5,0.015339499196362042,0.01137945968491076,0.013359479440636401
C,0.1,0.1,1e-05,0.01,0.01,150,510,C,1,-2.8548877239227295,5,0.015339713780283905,0.011379501851507694,0.0133596078158958
C,0.1,0.1,0.0001,0.01,0.01,150,510,C,1,-2.8548877239227295,5,0.015340146028964998,0.011379553758497259,0.013359849893731127
C,0.1,1e-05,1e-06,0.01,0.01,150,620,H,3,-0.25204017758369446,5,0.017319807181183384,0.010532664349905732,0.013926235765544557
C,0.1,1e-06,1e-06,0.01,0.01,150,620,H,3,-0.25204017758369446,5,0.017319798639945937,0.010533010774523371,0.013926404707234654
C,0.1,1e-05,1e-05,0.01,0.01,150,620,H,3,-0.25204017758369446,5,0.01732019107699533,0.010532684833326603,0.013926437955160966
C,0.1,1e-06,1e-05,0.01,0.01,150,620,H,3,-0.25204017758369446,5,0.017320183622893472,0.010533028098605398,0.013926605860749435
C,0.1,1e-05,0.0001,0.01,0.01,150,620,H,3,-0.25204017758369446,5,0.0173219550149365,0.010532492323984045,0.013927223669460273
C,0.1,1e-06,0.0001,0.01,0.01,150,620,H,3,-0.25204017758369446,5,0.01732194456870396,0.010532835067992323,0.013927389818348141
C,0.1,1e-05,0.0001,0.01,0.01,150,170,H,3,-0.026961499825119972,5,0.01639063587881175,0.011666599643635128,0.014028617761223439
C,0.1,1e-06,0.0001,0.01,0.01,150,170,H,3,-0.026961499825119972,5,0.016390634546100114,0.011666831468312617,0.014028733007206366
C,0.1,1e-05,0.0001,0.01,0.01,150,170,C,0,-2.175614595413208,5,0.01459320802407388,0.013481842428361646,0.014037525226217762
C,0.1,1e-06,0.0001,0.01,0.01,150,170,C,0,-2.175614595413208,5,0.01459320081669124,0.013481851329810106,0.014037526073250673
C,0.1,1e-06,1e-05,0.01,0.01,150,170,C,0,-2.175614595413208,5,0.014595221833050941,0.013481830550546671,0.014038526191798805
C,0.1,1e-05,1e-05,0.01,0.01,150,170,C,0,-2.175614595413208,5,0.014595230259368038,0.01348182304345114,0.014038526651409589
C,0.1,1e-05,1e-06,0.01,0.01,150,170,C,0,-2.175614595413208,5,0.014595272114431533,0.013481825212871319,0.014038548663651427
C,0.1,1e-06,1e-06,0.01,0.01,150,170,C,0,-2.175614595413208,5,0.014595265119672742,0.013481834683377327,0.014038549901525034
C,0.1,1e-05,1e-06,0.01,0.01,150,170,H,3,-0.026961499825119972,5,0.01643597191272655,0.011666258175977067,0.01405111504435181
C,0.1,1e-06,1e-06,0.01,0.01,150,170,H,3,-0.026961499825119972,5,0.016435970626539623,0.01166648494258516,0.014051227784562392
C,0.1,1e-05,1e-05,0.01,0.01,150,170,H,3,-0.026961499825119972,5,0.016446331407178164,0.011666137734079705,0.014056234570628934
C,0.1,1e-06,1e-05,0.01,0.01,150,170,H,3,-0.026961499825119972,5,0.016446329609318338,0.011666362623770896,0.014056346116544617
C,0.1,1e-05,1e-05,0.01,0.01,150,510,C,1,-2.8548877239227295,5,0.015224916888953723,0.01296637837059689,0.014095647629775308
C,0.1,1e-05,1e-06,0.01,0.01,150,510,C,1,-2.8548877239227295,5,0.015224912323375337,0.012966398890191307,0.014095655606783322
C,0.1,1e-06,1e-05,0.01,0.01,150,510,C,1,-2.8548877239227295,5,0.015224904395434705,0.012966523808550566,0.014095714101992635
C,0.1,1e-06,1e-06,0.01,0.01,150,510,C,1,-2.8548877239227295,5,0.01522489953509131,0.012966546103685674,0.014095722819388493
C,0.1,1e-05,0.0001,0.01,0.01,150,510,C,1,-2.8548877239227295,5,0.015225414675083253,0.012966411434475167,0.01409591305477921
C,0.1,1e-06,0.0001,0.01,0.01,150,510,C,1,-2.8548877239227295,5,0.015225402749162077,0.012966555463003333,0.014095979106082705
C,0.1,0.1,0.0001,0.01,0.01,150,620,H,3,-0.25204017758369446,5,0.022107597721048557,0.008883641749219916,0.015495619735134237
C,0.1,0.1,1e-06,0.01,0.01,150,620,H,3,-0.25204017758369446,5,0.022111409807453387,0.008883630656604975,0.015497520232029181
C,0.1,0.1,1e-05,0.01,0.01,150,620,H,3,-0.25204017758369446,5,0.02211250544291112,0.008883601369626692,0.015498053406268905
C,0.1,0.1,0.0001,0.01,0.01,150,170,C,0,-2.175614595413208,5,0.01757400102646938,0.013818020197975943,0.01569601061222266
C,0.1,0.1,1e-05,0.01,0.01,150,170,C,0,-2.175614595413208,5,0.017574224007457,0.013817896512472543,0.01569606025996477
C,0.1,0.1,1e-06,0.01,0.01,150,170,C,0,-2.175614595413208,5,0.01757424871110013,0.013817874374447932,0.01569606154277403
C,0.1,1e-05,1e-05,0.01,0.01,150,640,H,13,-0.030795302242040634,5,0.02027884882331423,0.013630026989372206,0.01695443790634322
C,0.1,1e-06,1e-05,0.01,0.01,150,640,H,13,-0.030795302242040634,5,0.020278847096356932,0.013630214365129234,0.016954530730743083
C,0.1,1e-05,1e-06,0.01,0.01,150,640,H,13,-0.030795302242040634,5,0.02027934360000367,0.013630024527316813,0.01695468406366024
C,0.1,1e-06,1e-06,0.01,0.01,150,640,H,13,-0.030795302242040634,5,0.020279341970816357,0.013630208835375147,0.016954775403095753
C,0.1,0.1,1e-06,0.01,0.01,150,490,H,6,-0.1284528225660324,5,0.02129826484122432,0.013698020551518583,0.01749814269637145
C,0.1,0.1,1e-05,0.01,0.01,150,490,H,6,-0.1284528225660324,5,0.02130086810537364,0.0136980525294733,0.01749946031742347
C,0.1,0.1,0.0001,0.01,0.01,150,490,H,6,-0.1284528225660324,5,0.021329131053581307,0.013698081614599733,0.01751360633409052
C,0.1,0.1,1e-05,0.01,0.01,150,640,H,13,-0.030795302242040634,5,0.023579343949924215,0.011779831167301856,0.017679587558613034
C,0.1,0.1,1e-06,0.01,0.01,150,640,H,13,-0.030795302242040634,5,0.023579642694350512,0.011779838624191533,0.017679740659271023
C,0.1,0.1,1e-06,0.01,0.01,150,330,H,4,-0.02938268519937992,5,0.02474808929889731,0.012750530475533532,0.01874930988721542
C,0.1,0.1,1e-05,0.01,0.01,150,330,H,4,-0.02938268519937992,5,0.024750779845513295,0.012750636254295601,0.018750708049904447
C,0.1,0.1,0.0001,0.01,0.01,150,330,H,4,-0.02938268519937992,5,0.024813833651336596,0.012750495122176613,0.018782164386756603
C,0.1,1e-06,1e-06,0.01,0.01,150,170,C,3,-2.179614543914795,5,0.015339527048161163,0.02252468984370572,0.018932108445933443
C,0.1,1e-06,1e-05,0.01,0.01,150,170,C,3,-2.179614543914795,5,0.015339510402034748,0.022524709235604887,0.018932109818819817
C,0.1,1e-05,1e-06,0.01,0.01,150,170,C,3,-2.179614543914795,5,0.015339526441943708,0.022524967873850194,0.01893224715789695
C,0.1,1e-05,1e-05,0.01,0.01,150,170,C,3,-2.179614543914795,5,0.015339510465753377,0.02252498734358795,0.018932248904670664
C,0.1,1e-06,0.0001,0.01,0.01,150,170,C,3,-2.179614543914795,5,0.015340476932077319,0.022526039948689645,0.01893325844038348
C,0.1,1e-05,0.0001,0.01,0.01,150,170,C,3,-2.179614543914795,5,0.015340475957309013,0.022526318029169136,0.018933396993239072
C,0.1,0.1,1e-05,0.01,0.01,150,530,C,1,-2.7582390308380127,5,0.024647297150593148,0.013241899760745256,0.018944598455669204
C,0.1,0.1,1e-06,0.01,0.01,150,530,C,1,-2.7582390308380127,5,0.02464737582176294,0.013241902806562154,0.01894463931416255
C,0.1,0.1,0.0001,0.01,0.01,150,530,C,1,-2.7582390308380127,5,0.024658944936344053,0.013241877232125639,0.018950411084234845
C,0.1,1e-05,0.0001,0.01,0.01,150,530,C,1,-2.7582390308380127,5,0.02470883619609469,0.013470801116641307,0.019089818656368
C,0.1,1e-06,0.0001,0.01,0.01,150,530,C,1,-2.7582390308380127,5,0.02470883756861679,0.013470848091536841,0.019089842830076816
C,0.1,1e-05,1e-05,0.01,0.01,150,530,C,1,-2.7582390308380127,5,0.02471036694394442,0.013470873781284184,0.019090620362614302
C,0.1,1e-06,1e-05,0.01,0.01,150,530,C,1,-2.7582390308380127,5,0.024710369093326197,0.013470921404546797,0.019090645248936496
C,0.1,1e-05,1e-06,0.01,0.01,150,530,C,1,-2.7582390308380127,5,0.024710431165176946,0.013470870304849301,0.019090650735013124
C,0.1,1e-06,1e-06,0.01,0.01,150,530,C,1,-2.7582390308380127,5,0.024710433790490493,0.013470919180989867,0.019090676485740178
C,0.1,0.1,0.0001,0.01,0.01,150,270,C,1,-2.464503288269043,5,0.0230886606489593,0.015413278169407445,0.019250969409183374
C,0.1,0.1,1e-05,0.01,0.01,150,270,C,1,-2.464503288269043,5,0.023093228112536914,0.015413228470805973,0.019253228291671445
C,0.1,0.1,1e-06,0.01,0.01,150,270,C,1,-2.464503288269043,5,0.023093762294450024,0.01541322501913959,0.019253493656794806
C,0.1,1e-05,0.0001,0.01,0.01,150,270,C,1,-2.464503288269043,5,0.021463588907242873,0.017166610004373122,0.019315099455807998
C,0.1,1e-06,0.0001,0.01,0.01,150,270,C,1,-2.464503288269043,5,0.02146357568072438,0.017166680122659265,0.01931512790169182
C,0.1,1e-05,1e-05,0.01,0.01,150,270,C,1,-2.464503288269043,5,0.021468104616634693,0.01716660457743145,0.01931735459703307
C,0.1,1e-06,1e-05,0.01,0.01,150,270,C,1,-2.464503288269043,5,0.02146809147716947,0.017166672610365384,0.019317382043767428
C,0.1,1e-05,1e-06,0.01,0.01,150,270,C,1,-2.464503288269043,5,0.021468553595210008,0.017166603794054252,0.01931757869463213
C,0.1,1e-06,1e-06,0.01,0.01,150,270,C,1,-2.464503288269043,5,0.021468542108693842,0.017166673457484898,0.01931760778308937
C,0.1,0.1,0.0001,0.01,0.01,150,640,H,13,-0.030795302242040634,5,0.02701640314735165,0.011779805026980875,0.019398104087166263
C,0.1,1e-05,1e-06,0.01,0.01,150,490,H,6,-0.1284528225660324,5,0.02130165987475584,0.017900645049561223,0.01960115246215853
C,0.1,1e-06,1e-06,0.01,0.01,150,490,H,6,-0.1284528225660324,5,0.021301660405256148,0.017901019438205434,0.01960133992173079
C,0.1,1e-05,1e-05,0.01,0.01,150,490,H,6,-0.1284528225660324,5,0.02130413794467199,0.017900567056027102,0.019602352500349546
C,0.1,1e-06,1e-05,0.01,0.01,150,490,H,6,-0.1284528225660324,5,0.021304139517541145,0.017900941561659993,0.019602540539600567
C,0.1,0.1,1e-06,0.01,0.01,150,330,H,2,-0.052478715777397156,5,0.019835985798892123,0.019377185270203157,0.019606585534547638
C,0.1,0.1,1e-05,0.01,0.01,150,330,H,2,-0.052478715777397156,5,0.019838938774318915,0.019377208951101593,0.019608073862710254
C,0.1,1e-05,0.0001,0.01,0.01,150,490,H,6,-0.1284528225660324,5,0.021332515291628433,0.017900414065856723,0.019616464678742576
C,0.1,1e-06,0.0001,0.01,0.01,150,490,H,6,-0.1284528225660324,5,0.02133251589864581,0.017900784843371834,0.01961665037100882
C,0.1,1e-05,1e-06,0.01,0.01,150,330,H,4,-0.02938268519937992,5,0.02469224400623971,0.015376541131150417,0.02003439256869506
C,0.1,1e-06,1e-06,0.01,0.01,150,330,H,4,-0.02938268519937992,5,0.024692240366891265,0.015376800394815352,0.020034520380853307
C,0.1,1e-05,1e-05,0.01,0.01,150,330,H,4,-0.02938268519937992,5,0.024695399643064303,0.015376639214303678,0.02003601942868399
C,0.1,1e-06,1e-05,0.01,0.01,150,330,H,4,-0.02938268519937992,5,0.024695394740430577,0.015376894149416127,0.020036144444923354
C,0.1,1e-05,0.0001,0.01,0.01,150,330,H,4,-0.02938268519937992,5,0.024836070558943813,0.01537646822237929,0.02010626939066155
C,0.1,1e-06,0.0001,0.01,0.01,150,330,H,4,-0.02938268519937992,5,0.024836067706769126,0.015376723265044783,0.020106395485906953
C,0.1,1e-05,0.0001,0.01,0.01,150,640,H,13,-0.030795302242040634,5,0.026987765832707195,0.013630046599122555,0.020308906215914874
C,0.1,1e-06,0.0001,0.01,0.01,150,640,H,13,-0.030795302242040634,5,0.026987761726406226,0.01363022838739811,0.020308995056902167
C,0.1,0.1,0.0001,0.01,0.01,150,620,H,2,-0.2488207370042801,5,0.03479906481235263,0.0073573251815476125,0.02107819499695012
C,0.1,0.1,1e-06,0.01,0.01,150,620,H,2,-0.2488207370042801,5,0.034804808976236286,0.007357314775278078,0.02108106187575718
C,0.1,0.1,1e-05,0.01,0.01,150,620,H,2,-0.2488207370042801,5,0.034806159909873784,0.007357303099791004,0.021081731504832394
C,0.1,0.1,1e-06,0.01,0.01,150,330,H,1,-0.05347871407866478,5,0.03081974924010711,0.012152544884328327,0.02148614706221772
C,0.1,0.1,1e-05,0.01,0.01,150,330,H,1,-0.05347871407866478,5,0.03082391264078423,0.0121525511952599,0.021488231918022065
C,0.1,0.1,0.0001,0.01,0.01,150,330,H,1,-0.05347871407866478,5,0.030859836878244094,0.012152575576192665,0.02150620622721838
C,0.1,0.1,0.0001,0.01,0.01,150,170,C,3,-2.179614543914795,5,0.015332783360325845,0.02795148348720235,0.021642133423764098
C,0.1,0.1,1e-06,0.01,0.01,150,170,C,3,-2.179614543914795,5,0.015331380171984538,0.027953279936918984,0.02164233005445176
C,0.1,0.1,1e-05,0.01,0.01,150,170,C,3,-2.179614543914795,5,0.015331361455763352,0.0279534309626885,0.021642396209225926
C,0.1,1e-05,1e-06,0.01,0.01,150,330,H,2,-0.052478715777397156,5,0.019831199894643367,0.023786738623058953,0.02180896925885116
C,0.1,1e-06,1e-06,0.01,0.01,150,330,H,2,-0.052478715777397156,5,0.019831199129385114,0.023787121514128526,0.02180916032175682
C,0.1,1e-05,1e-05,0.01,0.01,150,330,H,2,-0.052478715777397156,5,0.019834213080515847,0.023786742849164887,0.02181047796484037
C,0.1,1e-06,1e-05,0.01,0.01,150,330,H,2,-0.052478715777397156,5,0.019834213051435984,0.023787132297199882,0.02181067267431793
C,0.1,1e-05,0.0001,0.01,0.01,150,330,H,1,-0.05347871407866478,5,0.029109377368084517,0.014653106101343533,0.021881241734714025
C,0.1,1e-06,0.0001,0.01,0.01,150,330,H,1,-0.05347871407866478,5,0.029109375879552195,0.014653347826446696,0.021881361852999444
C,0.1,0.1,0.0001,0.01,0.01,150,330,H,2,-0.052478715777397156,5,0.025456165140852225,0.019377676596050754,0.02241692086845149
C,0.1,1e-05,1e-06,0.01,0.01,150,330,H,1,-0.05347871407866478,5,0.03081054644919286,0.014653077460915459,0.02273181195505416
C,0.1,1e-06,1e-06,0.01,0.01,150,330,H,1,-0.05347871407866478,5,0.03081054582799083,0.014653321372473497,0.022731933600232165
C,0.1,1e-05,1e-05,0.01,0.01,150,330,H,1,-0.05347871407866478,5,0.030814648511642305,0.01465308366596818,0.022733866088805243
C,0.1,1e-06,1e-05,0.01,0.01,150,330,H,1,-0.05347871407866478,5,0.030814646818727916,0.014653326360943542,0.02273398658983573
C,0.1,0.1,0.0001,0.01,0.01,150,610,C,2,-2.5053277015686035,5,0.03521591945629385,0.012915044214038503,0.024065481835166175
C,0.1,1e-05,0.0001,0.01,0.01,150,330,H,2,-0.052478715777397156,5,0.025450979308265755,0.02378726091173611,0.024619120110000933
C,0.1,1e-06,0.0001,0.01,0.01,150,330,H,2,-0.052478715777397156,5,0.025450980058095016,0.023787648776299835,0.024619314417197426
C,0.1,0.1,1e-05,0.01,0.01,150,610,C,2,-2.5053277015686035,5,0.03642328033950361,0.012915161916603992,0.024669221128053802
C,0.1,0.1,1e-06,0.01,0.01,150,610,C,2,-2.5053277015686035,5,0.03647046102808924,0.012915157562562335,0.024692809295325788
C,0.1,1e-05,1e-05,0.01,0.01,150,610,C,2,-2.5053277015686035,5,0.03523048701206095,0.014897406685498025,0.025063946848779488
C,0.1,1e-06,1e-05,0.01,0.01,150,610,C,2,-2.5053277015686035,5,0.03523047339992204,0.014897596926513374,0.025064035163217705
C,0.1,1e-05,1e-06,0.01,0.01,150,610,C,2,-2.5053277015686035,5,0.035273898613871264,0.014897394979180578,0.02508564679652592
C,0.1,1e-06,1e-06,0.01,0.01,150,610,C,2,-2.5053277015686035,5,0.035273892223057435,0.014897587456452241,0.025085739839754838
C,0.1,1e-05,0.0001,0.01,0.01,150,610,C,2,-2.5053277015686035,5,0.03573960857059084,0.014897340828533771,0.025318474699562304
C,0.1,1e-06,0.0001,0.01,0.01,150,610,C,2,-2.5053277015686035,5,0.03573960923740182,0.014897532300498305,0.025318570768950062
C,0.1,0.1,1e-06,0.01,0.01,150,510,H,8,-0.0713830441236496,5,0.04249681155461644,0.00900101000653759,0.025748910780577013
C,0.1,0.1,1e-05,0.01,0.01,150,510,H,8,-0.0713830441236496,5,0.04250091627694888,0.009001010350744697,0.02575096331384679
C,0.1,0.1,0.0001,0.01,0.01,150,510,H,8,-0.0713830441236496,5,0.04258292485781015,0.009000949983432368,0.02579193742062126
C,0.1,0.1,1e-05,0.01,0.01,150,620,H,6,0.08161692321300507,5,0.03364559773290583,0.0181112950986324,0.025878446415769116
C,0.1,1e-05,1e-06,0.01,0.01,150,620,H,2,-0.2488207370042801,5,0.034662112093360786,0.01739611860512275,0.026029115349241766
C,0.1,1e-05,1e-05,0.01,0.01,150,620,H,2,-0.2488207370042801,5,0.03466231105043601,0.017396115011834037,0.026029213031135024
C,0.1,1e-06,1e-06,0.01,0.01,150,620,H,2,-0.2488207370042801,5,0.034662099435178596,0.017396783605663838,0.026029441520421217
C,0.1,1e-06,1e-05,0.01,0.01,150,620,H,2,-0.2488207370042801,5,0.03466229648871276,0.017396783629495614,0.026029540059104187
C,0.1,1e-05,0.0001,0.01,0.01,150,620,H,2,-0.2488207370042801,5,0.03466334368345752,0.017396149425723914,0.026029746554590717
C,0.1,1e-06,0.0001,0.01,0.01,150,620,H,2,-0.2488207370042801,5,0.03466329179943944,0.01739681186032136,0.0260300518298804
C,0.1,0.1,0.0001,0.01,0.01,150,620,H,6,0.08161692321300507,5,0.035240982542364484,0.018111982901649063,0.026676482722006775
C,0.1,0.1,1e-06,0.01,0.01,150,620,H,6,0.08161692321300507,5,0.035263197043095974,0.018111218084378742,0.02668720756373736
C,0.1,0.1,1e-06,0.01,0.01,150,640,H,4,-0.03988323733210564,5,0.04315023143356445,0.010346178298058267,0.026748204865811358
C,0.1,0.1,1e-05,0.01,0.01,150,640,H,4,-0.03988323733210564,5,0.04315093478277506,0.01034617738033047,0.026748556081552764
C,0.1,1e-05,0.0001,0.01,0.01,150,620,H,6,0.08161692321300507,5,0.03362679753857339,0.021038685849242178,0.027332741693907783
C,0.1,1e-06,0.0001,0.01,0.01,150,620,H,6,0.08161692321300507,5,0.03362679615811752,0.021038958995886148,0.027332877577001834
C,0.1,1e-05,1e-05,0.01,0.01,150,620,H,6,0.08161692321300507,5,0.03364854598920767,0.021038097317887656,0.027343321653547664
C,0.1,1e-06,1e-05,0.01,0.01,150,620,H,6,0.08161692321300507,5,0.033648544985706755,0.021038365570198343,0.02734345527795255
C,0.1,1e-05,1e-06,0.01,0.01,150,620,H,6,0.08161692321300507,5,0.03365862492662364,0.02103811838674525,0.027348371656684443
C,0.1,1e-06,1e-06,0.01,0.01,150,620,H,6,0.08161692321300507,5,0.033658623362000074,0.021038385178972413,0.027348504270486244
C,0.1,1e-05,1e-06,0.01,0.01,150,640,H,4,-0.03988323733210564,5,0.04309976800932802,0.012033702779867239,0.02756673539459763
C,0.1,1e-06,1e-06,0.01,0.01,150,640,H,4,-0.03988323733210564,5,0.04309976087667904,0.012033869203160243,0.027566815039919642
C,0.1,1e-05,1e-05,0.01,0.01,150,640,H,4,-0.03988323733210564,5,0.043100105429631726,0.012033704321924583,0.027566904875778155
C,0.1,1e-06,1e-05,0.01,0.01,150,640,H,4,-0.03988323733210564,5,0.043100099421350194,0.012033869400608719,0.027566984410979455
C,0.1,1e-05,0.0001,0.01,0.01,150,640,H,4,-0.03988323733210564,5,0.04314972087473536,0.012033759393325908,0.027591740134030637
C,0.1,1e-06,0.0001,0.01,0.01,150,640,H,4,-0.03988323733210564,5,0.04314971630781395,0.012033926255926593,0.027591821281870273
C,0.1,0.1,0.0001,0.01,0.01,150,640,H,4,-0.03988323733210564,5,0.04492311450570636,0.010346207945130841,0.0276346612254186
C,0.1,0.1,1e-05,0.01,0.01,150,650,H,6,-0.01910228095948696,5,0.04369201787016019,0.012113744150626847,0.027902881010393517
C,0.1,0.1,1e-06,0.01,0.01,150,650,H,6,-0.01910228095948696,5,0.0436949983501146,0.012113735008270678,0.02790436667919264
C,0.1,1e-05,1e-06,0.01,0.01,150,510,H,8,-0.0713830441236496,5,0.04248668714628057,0.01431743759909817,0.02840206237268937
C,0.1,1e-06,1e-06,0.01,0.01,150,510,H,8,-0.0713830441236496,5,0.042486686910776686,0.014317674743225784,0.028402180827001234
C,0.1,1e-05,1e-05,0.01,0.01,150,510,H,8,-0.0713830441236496,5,0.04249132090834815,0.014317408200308641,0.028404364554328397
C,0.1,1e-06,1e-05,0.01,0.01,150,510,H,8,-0.0713830441236496,5,0.04249131913427069,0.014317641475318811,0.02840448030479475
C,0.1,1e-05,0.0001,0.01,0.01,150,510,H,8,-0.0713830441236496,5,0.04257379788350321,0.014317353212049681,0.028445575547776446
C,0.1,1e-06,0.0001,0.01,0.01,150,510,H,8,-0.0713830441236496,5,0.04257379757479003,0.014317583522645227,0.02844569054871763
C,0.1,0.1,0.0001,0.01,0.01,150,650,H,6,-0.01910228095948696,5,0.04527629515538123,0.012113627452490432,0.028694961303935833
C,0.1,1e-05,1e-05,0.01,0.01,150,650,H,6,-0.01910228095948696,5,0.04366475867352572,0.01386285605974134,0.02876380736663353
C,0.1,1e-06,1e-05,0.01,0.01,150,650,H,6,-0.01910228095948696,5,0.04366475432674113,0.013863032783443705,0.028763893555092415
C,0.1,1e-05,1e-06,0.01,0.01,150,650,H,6,-0.01910228095948696,5,0.04366890001084667,0.013862821956813116,0.02876586098382989
C,0.1,1e-06,1e-06,0.01,0.01,150,650,H,6,-0.01910228095948696,5,0.043668897954620804,0.013862997818924595,0.0287659478867727
C,0.1,1e-05,0.0001,0.01,0.01,150,650,H,6,-0.01910228095948696,5,0.04524732430426125,0.013862680610676918,0.02955500245746908
C,0.1,1e-06,0.0001,0.01,0.01,150,650,H,6,-0.01910228095948696,5,0.04524732162842048,0.013862862701298176,0.02955509216485933
C,0.1,1e-06,0.0001,0.01,0.01,150,650,C,2,-0.7869271636009216,5,0.014936755834819456,0.044648512986994536,0.029792634410906994
C,0.1,1e-05,0.0001,0.01,0.01,150,650,C,2,-0.7869271636009216,5,0.014936753424492775,0.04464860679494279,0.029792680109717785
C,0.1,1e-06,1e-05,0.01,0.01,150,650,C,2,-0.7869271636009216,5,0.014938569916434212,0.044649097477306124,0.029793833696870168
C,0.1,1e-06,1e-06,0.01,0.01,150,650,C,2,-0.7869271636009216,5,0.01493857981989027,0.04464909636188754,0.029793838090888904
C,0.1,1e-05,1e-05,0.01,0.01,150,650,C,2,-0.7869271636009216,5,0.014938567286927634,0.044649190965324194,0.029793879126125914
C,0.1,1e-05,1e-06,0.01,0.01,150,650,C,2,-0.7869271636009216,5,0.014938577090103634,0.04464919260098889,0.02979388484554626
C,0.1,0.1,1e-06,0.01,0.01,150,270,H,0,-0.04426804184913635,5,0.0466396433379233,0.019805690040130622,0.03322266668902696
C,0.1,0.1,1e-05,0.01,0.01,150,270,H,0,-0.04426804184913635,5,0.046640342895310154,0.019805697002921792,0.03322301994911597
C,0.1,0.1,0.0001,0.01,0.01,150,270,H,0,-0.04426804184913635,5,0.04664170012457354,0.019805575963379896,0.03322363804397672
C,0.1,1e-05,1e-06,0.01,0.01,150,270,H,0,-0.04426804184913635,5,0.04651360292740338,0.02413410918056744,0.03532385605398541
C,0.1,1e-06,1e-06,0.01,0.01,150,270,H,0,-0.04426804184913635,5,0.04651359298146964,0.024134452873871927,0.035324022927670784
C,0.1,1e-05,1e-05,0.01,0.01,150,270,H,0,-0.04426804184913635,5,0.04651445877472494,0.024134135682023935,0.035324297228374435
C,0.1,1e-06,1e-05,0.01,0.01,150,270,H,0,-0.04426804184913635,5,0.04651444595361731,0.02413447794419574,0.035324461948906524
C,0.1,1e-05,0.0001,0.01,0.01,150,270,H,0,-0.04426804184913635,5,0.04652321778783693,0.02413408574604838,0.03532865176694266
C,0.1,1e-06,0.0001,0.01,0.01,150,270,H,0,-0.04426804184913635,5,0.04652320565629565,0.02413442847382785,0.035328817065061746
C,0.1,1e-06,1e-05,0.01,0.01,150,650,C,4,-1.282924771308899,5,0.02325169186102701,0.04798492867586571,0.03561831026844636
C,0.1,1e-06,1e-06,0.01,0.01,150,650,C,4,-1.282924771308899,5,0.02325180846966873,0.04798492011402317,0.03561836429184595
C,0.1,1e-05,1e-05,0.01,0.01,150,650,C,4,-1.282924771308899,5,0.023251688260664247,0.04798504678529699,0.035618367522980615
C,0.1,1e-05,1e-06,0.01,0.01,150,650,C,4,-1.282924771308899,5,0.023251805275224365,0.04798503487765679,0.035618420076440574
C,0.1,1e-06,0.0001,0.01,0.01,150,650,C,4,-1.282924771308899,5,0.02325226627691437,0.04798501921865064,0.03561864274778251
C,0.1,1e-05,0.0001,0.01,0.01,150,650,C,4,-1.282924771308899,5,0.02325226229387842,0.047985139859066134,0.035618701076472276
C,0.1,0.1,0.0001,0.01,0.01,150,650,C,4,-1.282924771308899,5,0.023212742139958695,0.04917665142784898,0.036194696783903836
C,0.1,0.1,1e-05,0.01,0.01,150,650,C,4,-1.282924771308899,5,0.0232134425450566,0.049176692421208264,0.036195067483132434
C,0.1,0.1,1e-06,0.01,0.01,150,650,C,4,-1.282924771308899,5,0.023213566959115844,0.04917668475033622,0.036195125854726035
C,0.1,0.1,1e-05,0.01,0.01,150,650,C,2,-0.7869271636009216,5,0.014914731376027727,0.06654456713794527,0.040729649256986494
C,0.1,0.1,1e-06,0.01,0.01,150,650,C,2,-0.7869271636009216,5,0.0149147432898242,0.06654456839919157,0.040729655844507884
C,0.1,0.1,0.0001,0.01,0.01,150,650,C,2,-0.7869271636009216,5,0.014915133984276019,0.06654448969859794,0.04072981184143698
C,0.1,1e-06,0.0001,0.01,0.01,150,330,C,0,-1.5042518377304077,5,0.012612816132943563,0.07021201871176362,0.04141241742235359
C,0.1,1e-06,1e-05,0.01,0.01,150,330,C,0,-1.5042518377304077,5,0.012612922768690296,0.07021202379747418,0.041412473283082236
C,0.1,1e-06,1e-06,0.01,0.01,150,330,C,0,-1.5042518377304077,5,0.01261292780225289,0.07021208227948558,0.041412505040869234
C,0.1,1e-05,0.0001,0.01,0.01,150,330,C,0,-1.5042518377304077,5,0.012612811224895108,0.07021257805494582,0.041412694639920464
C,0.1,1e-05,1e-05,0.01,0.01,150,330,C,0,-1.5042518377304077,5,0.012612916546537388,0.07021256979653646,0.041412743171536925
C,0.1,1e-05,1e-06,0.01,0.01,150,330,C,0,-1.5042518377304077,5,0.012612921778029161,0.07021263491267185,0.04141277834535051
C,0.1,0.1,0.0001,0.01,0.01,150,640,H,9,-0.08353185653686523,5,0.07478143614587139,0.0116874560167801,0.04323444608132575
C,0.1,0.1,1e-05,0.01,0.01,150,640,H,9,-0.08353185653686523,5,0.07657964149492474,0.011687499288367178,0.04413357039164596
C,0.1,0.1,1e-06,0.01,0.01,150,640,H,9,-0.08353185653686523,5,0.07661075814240159,0.011687498632713015,0.0441491283875573
C,0.1,1e-05,0.0001,0.01,0.01,150,640,H,9,-0.08353185653686523,5,0.07493404134416076,0.014081564493299874,0.04450780291873032
C,0.1,1e-06,0.0001,0.01,0.01,150,640,H,9,-0.08353185653686523,5,0.0749340599294129,0.014081801796440984,0.044507930862926946
C,0.1,1e-05,1e-05,0.01,0.01,150,640,H,9,-0.08353185653686523,5,0.07670585081858955,0.014081610309449318,0.045393730564019436
C,0.1,1e-06,1e-05,0.01,0.01,150,640,H,9,-0.08353185653686523,5,0.07670586614423881,0.014081848827857256,0.04539385748604803
C,0.1,1e-05,1e-06,0.01,0.01,150,640,H,9,-0.08353185653686523,5,0.07676231146920233,0.01408163130604926,0.0454219713876258
C,0.1,1e-06,1e-06,0.01,0.01,150,640,H,9,-0.08353185653686523,5,0.07676233037028823,0.014081869236951327,0.04542209980361978
C,0.1,1e-06,0.0001,0.01,0.01,150,620,C,3,-8.189264297485352,5,0.028392218383200662,0.0696531995812309,0.04902270898221578
C,0.1,1e-05,0.0001,0.01,0.01,150,620,C,3,-8.189264297485352,5,0.028392217380456258,0.06965321693178206,0.04902271715611916
C,0.1,1e-06,1e-05,0.01,0.01,150,620,C,3,-8.189264297485352,5,0.028392266674609406,0.06965320956558206,0.049022738120095735
C,0.1,1e-06,1e-06,0.01,0.01,150,620,C,3,-8.189264297485352,5,0.028392273817181506,0.06965320325742037,0.049022738537300936
C,0.1,1e-05,1e-05,0.01,0.01,150,620,C,3,-8.189264297485352,5,0.028392266020830333,0.06965321959782893,0.04902274280932963
C,0.1,1e-05,1e-06,0.01,0.01,150,620,C,3,-8.189264297485352,5,0.028392272049989894,0.06965321667841949,0.049022744364204694
C,0.1,0.1,1e-06,0.01,0.01,150,620,C,3,-8.189264297485352,5,0.028363367274392058,0.0698330505764116,0.04909820892540183
C,0.1,0.1,0.0001,0.01,0.01,150,620,C,3,-8.189264297485352,5,0.028363345133025398,0.069833083488007,0.0490982143105162
C,0.1,0.1,1e-05,0.01,0.01,150,620,C,3,-8.189264297485352,5,0.02836337380086622,0.06983308117253605,0.04909822748670113
C,0.1,0.1,1e-05,0.01,0.01,150,330,C,0,-1.5042518377304077,5,0.012572610193790638,0.09317043151852211,0.05287152085615637
C,0.1,0.1,1e-06,0.01,0.01,150,330,C,0,-1.5042518377304077,5,0.012572564829371203,0.09317048659831326,0.05287152571384223
C,0.1,0.1,0.0001,0.01,0.01,150,330,C,0,-1.5042518377304077,5,0.012572792013034692,0.09317199473129453,0.052872393372164615
C,0.1,1e-06,0.0001,0.01,0.01,150,380,C,0,0.17328409850597382,5,0.0237736075492809,0.09399259278771098,0.05888310016849594
C,0.1,1e-05,0.0001,0.01,0.01,150,380,C,0,0.17328409850597382,5,0.023773607028916954,0.09399264119900855,0.05888312411396275
C,0.1,1e-06,1e-05,0.01,0.01,150,380,C,0,0.17328409850597382,5,0.023773659929404008,0.09399259468417509,0.058883127306789546
C,0.1,1e-06,1e-06,0.01,0.01,150,380,C,0,0.17328409850597382,5,0.02377366496794516,0.09399259468417509,0.05888312982606013
C,0.1,1e-05,1e-05,0.01,0.01,150,380,C,0,0.17328409850597382,5,0.023773659208729887,0.09399264375277148,0.058883151480750684
C,0.1,1e-05,1e-06,0.01,0.01,150,380,C,0,0.17328409850597382,5,0.02377366462581882,0.09399264227987285,0.05888315345284584
C,0.1,0.1,0.0001,0.01,0.01,150,380,C,0,0.17328409850597382,5,0.023755820771799736,0.09451870870264673,0.05913726473722323
C,0.1,0.1,1e-05,0.01,0.01,150,380,C,0,0.17328409850597382,5,0.023755870469236443,0.09451869000513476,0.0591372802371856
C,0.1,0.1,1e-06,0.01,0.01,150,380,C,0,0.17328409850597382,5,0.023755875561275196,0.0945186885258174,0.05913728204354629
FINAL,0.1,0.1,1e-12,1e-12,0.01,250,650,H,4,-0.1060146912932396,5,4.712630016879267e-05,0.00011289327119041292,8.00097856796028e-05
FINAL,0.1,0.1,1e-12,1e-12,0.01,250,650,H,12,-0.10497073829174042,5,4.111721834183782e-05,0.0014676100366217049,0.0007543636274817714
FINAL,0.1,0.1,1e-12,1e-12,0.01,250,640,H,1,0.13790667057037354,5,2.2330831546260775e-05,0.0016818762475488767,0.0008521035395475687
FINAL,0.1,0.1,1e-12,1e-12,0.01,250,360,H,2,-0.1154087483882904,5,7.385228565397889e-05,0.0017882497739267155,0.0009310510297903472
FINAL,0.1,0.1,1e-12,1e-12,0.01,250,380,H,4,-0.19009250402450562,5,0.00015191061966427898,0.0017509217824440992,0.0009514162010541891
FINAL,0.1,0.1,1e-12,1e-12,0.01,250,640,H,0,0.13790667057037354,5,8.78598929585733e-06,0.0019451204431696568,0.000976953216232757
FINAL,0.1,0.1,1e-12,1e-12,0.01,250,530,H,1,-0.13316234946250916,5,0.00010471539466337707,0.0019492926003205201,0.0010270039974919485
FINAL,0.1,0.1,1e-12,1e-12,0.01,250,380,H,2,-0.11749634146690369,5,0.001339675939043046,0.0012438217496174176,0.0012917488443302317
FINAL,0.1,0.1,1e-12,1e-12,0.01,250,360,H,4,-0.11875949054956436,5,0.0005688723763720969,0.0021300600106804925,0.0013494661935262947
FINAL,0.1,0.1,1e-12,1e-12,0.01,250,490,H,6,-0.1284528225660324,5,0.00018853562685251291,0.0029304591322282915,0.0015594973795404021
FINAL,0.1,0.1,1e-12,1e-12,0.01,250,610,H,1,-0.12229462713003159,5,0.00018558978921650793,0.0033861085116700606,0.0017858491504432843
FINAL,0.1,0.1,1e-12,1e-12,0.01,250,620,H,9,0.17055636644363403,5,4.6126304893756704e-05,0.003835606825116511,0.0019408665650051337
FINAL,0.1,0.1,1e-12,1e-12,0.01,250,530,H,0,-0.16678637266159058,5,9.795901187689281e-05,0.004095000347888975,0.002096479679882934
FINAL,0.1,0.1,1e-12,1e-12,0.01,250,380,H,0,-0.11915438622236252,5,0.0024411581500123013,0.0024572857117432737,0.0024492219308777877
FINAL,0.1,0.1,1e-12,1e-12,0.01,250,50,H,1,-0.1745053380727768,5,0.002410972871227346,0.0025886149885514294,0.002499793929889388
FINAL,0.1,0.1,1e-12,1e-12,0.01,250,50,H,2,-0.1240059956908226,5,0.006062486200552257,0.000397004881996692,0.0032297455412744745
FINAL,0.1,0.1,1e-12,1e-12,0.01,250,610,H,2,-0.1601894050836563,5,0.0034309988496046004,0.003279441526805811,0.0033552201882052057
FINAL,0.1,0.1,1e-12,1e-12,0.01,250,360,H,6,-0.20832136273384094,5,0.004342552090265087,0.0027022164153835074,0.003522384252824297
FINAL,0.1,0.1,1e-12,1e-12,0.01,250,510,H,3,-0.1194084882736206,5,0.0047834911991038506,0.002696291401735749,0.0037398913004197997
FINAL,0.1,0.1,1e-12,1e-12,0.01,250,510,H,1,-0.10737372934818268,5,0.007366599022248114,0.0010637390437656725,0.004215169033006893
FINAL,0.1,0.1,1e-12,1e-12,0.01,250,170,H,2,-0.027961499989032745,5,0.007515964318603313,0.001446001767102796,0.0044809830428530545
FINAL,0.1,0.1,1e-12,1e-12,0.01,250,270,H,2,-0.1254609227180481,5,0.006798777689309464,0.002207739763590726,0.004503258726450095
FINAL,0.1,0.1,1e-12,1e-12,0.01,250,490,H,2,-0.26599687337875366,5,0.00827984834953648,0.0015437241695430183,0.0049117862595397495
FINAL,0.1,0.1,1e-12,1e-12,0.01,250,170,H,8,-0.02691764011979103,5,0.007473767211634102,0.002350497248215251,0.004912132229924676
FINAL,0.1,0.1,1e-12,1e-12,0.01,250,360,H,5,-0.16926804184913635,5,0.008805711183708879,0.0010502492164571043,0.004927980200082991
FINAL,0.1,0.1,1e-12,1e-12,0.01,250,510,H,4,-0.058769065886735916,5,0.0073373574540368585,0.002815812849342747,0.005076585151689803
FINAL,0.1,0.1,1e-12,1e-12,0.01,250,170,H,6,-0.026961499825119972,5,0.007524504177733346,0.002661982827488185,0.005093243502610765
FINAL,0.1,0.1,1e-12,1e-12,0.01,250,450,H,0,0.03275012969970703,5,0.006981117702014941,0.003382402493775469,0.005181760097895205
FINAL,0.1,0.1,1e-12,1e-12,0.01,250,50,H,4,-0.08866342157125473,5,0.008618908383736634,0.0020513680833555937,0.005335138233546114
FINAL,0.1,0.1,1e-12,1e-12,0.01,250,270,H,4,-0.12646092474460602,5,0.008162739621162287,0.0031536052839765197,0.005658172452569403
FINAL,0.1,0.1,1e-12,1e-12,0.01,250,740,H,2,-0.0694003626704216,5,0.008900105052736518,0.002663648406921397,0.005781876729828958
FINAL,0.1,0.1,1e-12,1e-12,0.01,250,740,H,9,-0.11217248439788818,5,0.009101969212507843,0.0030384690032536944,0.0060702191078807685
FINAL,0.1,0.1,1e-12,1e-12,0.01,250,740,H,4,-0.06663717329502106,5,0.009866316246704927,0.002284033108167893,0.00607517467743641
FINAL,0.1,0.1,1e-12,1e-12,0.01,250,640,C,4,-2.1460978984832764,5,0.009107050111399909,0.0033018864661032276,0.006204468288751568
FINAL,0.1,0.1,1e-12,1e-12,0.01,250,490,H,5,-0.1509436070919037,5,0.009947908465830083,0.002534683101992663,0.0062412957839113724
FINAL,0.1,0.1,1e-12,1e-12,0.01,250,650,H,1,-0.0373387411236763,5,0.010146299750464176,0.0024248250500612393,0.006285562400262708
FINAL,0.1,0.1,1e-12,1e-12,0.01,250,170,C,0,-2.175614595413208,5,0.009611606850100573,0.0030855650896440354,0.006348585969872304
FINAL,0.1,0.1,1e-12,1e-12,0.01,250,170,H,5,-0.026961499825119972,5,0.01151800526726441,0.001202315351143719,0.006360160309204064
FINAL,0.1,0.1,1e-12,1e-12,0.01,250,490,C,3,-3.4353280067443848,5,0.010111421677966968,0.002991754967001571,0.006551588322484269
FINAL,0.1,0.1,1e-12,1e-12,0.01,250,170,H,7,-0.02896150015294552,5,0.01169609940849557,0.0015275631230894236,0.006611831265792497
FINAL,0.1,0.1,1e-12,1e-12,0.01,250,740,H,11,0.028855061158537865,5,0.011671707340287402,0.0016874652349544838,0.006679586287620943
FINAL,0.1,0.1,1e-12,1e-12,0.01,250,640,H,4,-0.03988323733210564,5,0.013251086988490635,0.00018182735263370774,0.0067164571705621715
FINAL,0.1,0.1,1e-12,1e-12,0.01,250,530,C,2,-4.5724406242370605,5,0.009891224142084102,0.0036046470587004116,0.006747935600392257
FINAL,0.1,0.1,1e-12,1e-12,0.01,250,510,H,2,-0.030469827353954315,5,0.011659414517518675,0.0020294405080466295,0.006844427512782652
FINAL,0.1,0.1,1e-12,1e-12,0.01,250,510,C,2,-4.148713111877441,5,0.009381091259395135,0.004318063733176487,0.006849577496285811
FINAL,0.1,0.1,1e-12,1e-12,0.01,250,740,H,1,0.03481113538146019,5,0.011676841193600856,0.0026490449063768184,0.0071629430499888375
FINAL,0.1,0.1,1e-12,1e-12,0.01,250,610,H,6,-0.14696994423866272,5,0.012581569770244817,0.0023487156476473545,0.007465142708946085
FINAL,0.1,0.1,1e-12,1e-12,0.01,250,650,H,7,-0.03475097194314003,5,0.013387335295268222,0.0018969236284270804,0.007642129461847651
FINAL,0.1,0.1,1e-12,1e-12,0.01,250,740,H,5,0.03422334045171738,5,0.013451196430748364,0.0021054407027669255,0.007778318566757645
FINAL,0.1,0.1,1e-12,1e-12,0.01,250,620,H,2,-0.2488207370042801,5,0.015582927559608536,8.310976183434793e-05,0.007833018660721442
FINAL,0.1,0.1,1e-12,1e-12,0.01,250,170,H,3,-0.026961499825119972,5,0.013441857585011542,0.0022433740122312987,0.00784261579862142
FINAL,0.1,0.1,1e-12,1e-12,0.01,250,620,H,3,-0.25204017758369446,5,0.015788348230025114,0.0013072016679958741,0.008547774949010494
FINAL,0.1,0.1,1e-12,1e-12,0.01,250,330,H,4,-0.02938268519937992,5,0.014674360656160818,0.0029471684093943006,0.008810764532777559
FINAL,0.1,0.1,1e-12,1e-12,0.01,250,510,H,8,-0.0713830441236496,5,0.01582391594081861,0.0020010214596180463,0.00891246870021833
FINAL,0.1,0.1,1e-12,1e-12,0.01,250,50,H,5,-0.06410186737775803,5,0.01809953078633114,0.00012411343550963624,0.00911182211092039
FINAL,0.1,0.1,1e-12,1e-12,0.01,250,640,H,9,-0.08353185653686523,5,0.016003273292073097,0.002792192378649805,0.00939773283536145
FINAL,0.1,0.1,1e-12,1e-12,0.01,250,170,C,2,-2.1926145553588867,5,0.016644005780087925,0.0022673741005736483,0.009455689940330787
FINAL,0.1,0.1,1e-12,1e-12,0.01,250,170,C,3,-2.179614543914795,5,0.012054128556001445,0.007282639818250792,0.009668384187126119
FINAL,0.1,0.1,1e-12,1e-12,0.01,250,640,H,7,-0.07117222994565964,5,0.016685680403613908,0.0027003362352679547,0.009693008319440932
FINAL,0.1,0.1,1e-12,1e-12,0.01,250,650,H,0,-0.047470711171627045,5,0.015862549542021043,0.0036169568908884387,0.00973975321645474
FINAL,0.1,0.1,1e-12,1e-12,0.01,250,510,C,1,-2.8548877239227295,5,0.017426130854663418,0.002632815912510498,0.010029473383586958
FINAL,0.1,0.1,1e-12,1e-12,0.01,250,170,C,4,-2.1881580352783203,5,0.01698976158318895,0.0031013279647877845,0.010045544773988368
FINAL,0.1,0.1,1e-12,1e-12,0.01,250,330,C,2,-7.547578811645508,5,0.01824191560437174,0.0024099910884439525,0.010325953346407847
FINAL,0.1,0.1,1e-12,1e-12,0.01,250,450,C,3,-5.140366077423096,5,0.016271443926871756,0.005427119205715058,0.010849281566293407
FINAL,0.1,0.1,1e-12,1e-12,0.01,250,650,H,2,-0.021102281287312508,5,0.02175197954339895,0.00015762694207903215,0.010954803242738991
FINAL,0.1,0.1,1e-12,1e-12,0.01,250,170,C,1,-2.1761586666107178,5,0.019452020902500176,0.002758805399387606,0.01110541315094389
FINAL,0.1,0.1,1e-12,1e-12,0.01,250,50,C,1,-2.7032065391540527,5,0.018802546853147736,0.0034827619503369957,0.011142654401742367
FINAL,0.1,0.1,1e-12,1e-12,0.01,250,650,H,8,-0.04692678898572922,5,0.020582962820529262,0.001930745610653162,0.011256854215591212
FINAL,0.1,0.1,1e-12,1e-12,0.01,250,450,H,1,-0.0715140700340271,5,0.021608644867669672,0.0013943703203182435,0.011501507593993958
FINAL,0.1,0.1,1e-12,1e-12,0.01,250,610,C,3,-2.3740406036376953,5,0.021246357813469417,0.002220341753467995,0.011733349783468705
FINAL,0.1,0.1,1e-12,1e-12,0.01,250,650,H,15,-0.01910228095948696,5,0.02330248137626299,0.0001909577141454122,0.0117467195452042
FINAL,0.1,0.1,1e-12,1e-12,0.01,250,270,C,1,-2.464503288269043,5,0.019090647801642213,0.004486348778618584,0.011788498290130399
FINAL,0.1,0.1,1e-12,1e-12,0.01,250,620,H,5,-0.24986469745635986,5,0.02357237370815668,0.00017248751997326784,0.011872430614064974
FINAL,0.1,0.1,1e-12,1e-12,0.01,250,640,H,6,-0.10661061108112335,5,0.022481211949083327,0.0016002593713958623,0.012040735660239594
FINAL,0.1,0.1,1e-12,1e-12,0.01,250,650,H,13,-0.03579496219754219,5,0.02221997511365168,0.0020928156264928962,0.01215639537007229
FINAL,0.1,0.1,1e-12,1e-12,0.01,250,640,H,11,-0.010049479082226753,5,0.02169592862351039,0.0028802662634460473,0.012288097443478217
FINAL,0.1,0.1,1e-12,1e-12,0.01,250,170,H,0,-0.026961499825119972,5,0.023004862077130143,0.001852242998350817,0.01242855253774048
FINAL,0.1,0.1,1e-12,1e-12,0.01,250,650,H,14,-0.04792679101228714,5,0.022595198206438696,0.0024310045058959593,0.012513101356167327
FINAL,0.1,0.1,1e-12,1e-12,0.01,250,170,C,5,-2.174614429473877,5,0.02126221679031813,0.0037823642990678294,0.01252229054469298
FINAL,0.1,0.1,1e-12,1e-12,0.01,250,330,H,3,-0.028382685035467148,5,0.022567331159295382,0.0025571102508209153,0.012562220705058148
FINAL,0.1,0.1,1e-12,1e-12,0.01,250,510,H,0,-0.06858395785093307,5,0.023094416664373923,0.0020717952195577105,0.012583105941965817
FINAL,0.1,0.1,1e-12,1e-12,0.01,250,640,H,5,-0.08353185653686523,5,0.022016667516860516,0.00321211127829421,0.012614389397577364
FINAL,0.1,0.1,1e-12,1e-12,0.01,250,650,H,10,-0.020102281123399734,5,0.023987076418281857,0.002164502027818733,0.013075789223050294
FINAL,0.1,0.1,1e-12,1e-12,0.01,250,270,H,0,-0.04426804184913635,5,0.025245065096718557,0.0010959870778400836,0.013170526087279321
FINAL,0.1,0.1,1e-12,1e-12,0.01,250,380,H,6,-0.026584316045045853,5,0.024021987269962006,0.0026059984438462176,0.013313992856904112
FINAL,0.1,0.1,1e-12,1e-12,0.01,250,650,H,5,-0.045926790684461594,5,0.024672916325326675,0.0021039440875893043,0.01338843020645799
FINAL,0.1,0.1,1e-12,1e-12,0.01,250,510,H,7,-0.03561985865235329,5,0.02494264472024216,0.0021028270027820192,0.01352273586151209
FINAL,0.1,0.1,1e-12,1e-12,0.01,250,650,H,3,-0.09628623723983765,5,0.027323051524420994,0.00025860400009356074,0.013790827762257277
FINAL,0.1,0.1,1e-12,1e-12,0.01,250,50,C,5,-1.9315294027328491,5,0.025629247563178404,0.002309042597423105,0.013969145080300754
FINAL,0.1,0.1,1e-12,1e-12,0.01,250,270,C,3,-2.4825034141540527,5,0.02291456512092088,0.005359144800419022,0.01413685496066995
FINAL,0.1,0.1,1e-12,1e-12,0.01,250,530,C,1,-2.7582390308380127,5,0.024957830857899363,0.0034066646479574626,0.014182247752928413
FINAL,0.1,0.1,1e-12,1e-12,0.01,250,330,H,5,-0.05086393281817436,5,0.02527809859392954,0.003255560327542142,0.01426682946073584
FINAL,0.1,0.1,1e-12,1e-12,0.01,250,330,H,2,-0.052478715777397156,5,0.024521496241752344,0.004068107699460843,0.014294801970606594
FINAL,0.1,0.1,1e-12,1e-12,0.01,250,50,H,6,-0.3011716902256012,5,0.028425451451707,0.0002502983414148119,0.014337874896560906
FINAL,0.1,0.1,1e-12,1e-12,0.01,250,530,C,0,-2.8974430561065674,5,0.02591381983761676,0.0028089859794303497,0.014361402908523554
FINAL,0.1,0.1,1e-12,1e-12,0.01,250,380,H,5,0.054915860295295715,5,0.02552295004761932,0.0037886546080856294,0.014655802327852475
FINAL,0.1,0.1,1e-12,1e-12,0.01,250,50,C,0,-3.638505220413208,5,0.012161856774489924,0.017938028144061903,0.015049942459275913
FINAL,0.1,0.1,1e-12,1e-12,0.01,250,650,H,11,-0.09524228423833847,5,0.02872185125712225,0.001511975596683335,0.015116913426902792
FINAL,0.1,0.1,1e-12,1e-12,0.01,250,380,H,7,-0.0037771498318761587,5,0.02871992025431315,0.003070386763356814,0.015895153508834983
FINAL,0.1,0.1,1e-12,1e-12,0.01,250,610,C,2,-2.5053277015686035,5,0.028804452808078532,0.0029859682636039567,0.015895210535841246
FINAL,0.1,0.1,1e-12,1e-12,0.01,250,330,H,1,-0.05347871407866478,5,0.029902873085896314,0.002819232471277226,0.01636105277858677
FINAL,0.1,0.1,1e-12,1e-12,0.01,250,270,H,1,-0.04426804184913635,5,0.029169733394281236,0.0035823670858328507,0.016376050240057043
FINAL,0.1,0.1,1e-12,1e-12,0.01,250,360,H,1,-0.26153138279914856,5,0.03129871898066874,0.0022806999090681027,0.01678970944486842
FINAL,0.1,0.1,1e-12,1e-12,0.01,250,640,H,2,-0.010049479082226753,5,0.03084367377845565,0.0030354983493760465,0.016939586063915848
FINAL,0.1,0.1,1e-12,1e-12,0.01,250,640,H,13,-0.030795302242040634,5,0.03400832343552821,0.0029407758060161467,0.01847454962077218
FINAL,0.1,0.1,1e-12,1e-12,0.01,250,510,H,6,-0.04133903980255127,5,0.034209355052201275,0.0033125557005461315,0.018760955376373702
FINAL,0.1,0.1,1e-12,1e-12,0.01,250,620,H,6,0.08161692321300507,5,0.03417563628332848,0.0041518614252314375,0.01916374885427996
FINAL,0.1,0.1,1e-12,1e-12,0.01,250,650,H,6,-0.01910228095948696,5,0.03590888559107018,0.002874431845525458,0.01939165871829782
FINAL,0.1,0.1,1e-12,1e-12,0.01,250,330,H,0,-0.03665326535701752,5,0.03985357430978974,0.0016030178131194606,0.0207282960614546
FINAL,0.1,0.1,1e-12,1e-12,0.01,250,450,H,3,-0.23171529173851013,5,0.0409502463495759,0.00149016863356068,0.02122020749156829
FINAL,0.1,0.1,1e-12,1e-12,0.01,250,530,H,3,-0.04089127480983734,5,0.04028605425954013,0.0025217581052769215,0.021403906182408526
FINAL,0.1,0.1,1e-12,1e-12,0.01,250,360,C,0,-4.043220043182373,5,0.006308679796920892,0.038919595515238506,0.0226141376560797
FINAL,0.1,0.1,1e-12,1e-12,0.01,250,620,H,8,0.08161692321300507,5,0.04829311670455976,0.00198031361180568,0.02513671515818272
FINAL,0.1,0.1,1e-12,1e-12,0.01,250,380,C,3,-1.3898565769195557,5,0.015525595639799303,0.04095729107612252,0.02824144335796091
FINAL,0.1,0.1,1e-12,1e-12,0.01,250,650,C,2,-0.7869271636009216,5,0.015187451080820154,0.04333998766368953,0.029263719372254842
FINAL,0.1,0.1,1e-12,1e-12,0.01,250,640,C,5,-1.4114511013031006,5,0.007648227151290734,0.052470368241210534,0.030059297696250632
FINAL,0.1,0.1,1e-12,1e-12,0.01,250,270,C,2,-16.523923873901367,5,0.02091245121454578,0.041399327737984354,0.031155889476265068
FINAL,0.1,0.1,1e-12,1e-12,0.01,250,650,C,1,-1.2854688167572021,5,0.026911088647866583,0.03915197143125014,0.03303153003955836
FINAL,0.1,0.1,1e-12,1e-12,0.01,250,650,C,4,-1.282924771308899,5,0.029746152614647647,0.03853692251184025,0.03414153756324395
FINAL,0.1,0.1,1e-12,1e-12,0.01,250,610,H,4,-0.6312503814697266,5,0.00013105271183131993,0.07046614278762758,0.03529859774972945
FINAL,0.1,0.1,1e-12,1e-12,0.01,250,330,C,1,-1.1874029636383057,5,0.017239922670224145,0.053389654071748754,0.03531478837098645
FINAL,0.1,0.1,1e-12,1e-12,0.01,250,650,C,5,-0.7939702272415161,5,0.020256795448625877,0.05282008770523508,0.03653844157693048
FINAL,0.1,0.1,1e-12,1e-12,0.01,250,330,H,6,-0.19063477218151093,5,0.00863225479957691,0.06468740662077219,0.03665983071017455
FINAL,0.1,0.1,1e-12,1e-12,0.01,250,640,C,1,-8.270045280456543,5,0.016818148585081464,0.05786052515907521,0.037339336872078334
FINAL,0.1,0.1,1e-12,1e-12,0.01,250,490,C,0,-4.111388683319092,5,0.017967200580957916,0.05733534597327622,0.037651273277117064
FINAL,0.1,0.1,1e-12,1e-12,0.01,250,610,H,0,-0.615548849105835,5,0.004362859431058388,0.07134474756032291,0.037853803495690654
FINAL,0.1,0.1,1e-12,1e-12,0.01,250,650,C,0,-0.7945148944854736,5,0.024653399041991948,0.05394553477869529,0.03929946691034362
FINAL,0.1,0.1,1e-12,1e-12,0.01,250,50,H,7,-0.362988144159317,5,0.0073762467342944425,0.07558463167002666,0.04148043920216055
FINAL,0.1,0.1,1e-12,1e-12,0.01,250,610,C,0,-18.057586669921875,5,0.010264128095956185,0.07432509571164786,0.04229461190380202
FINAL,0.1,0.1,1e-12,1e-12,0.01,250,330,C,0,-1.5042518377304077,5,0.012699009614157009,0.07360442422808852,0.04315171692112277
FINAL,0.1,0.1,1e-12,1e-12,0.01,250,640,C,6,-0.6109034419059753,5,0.01933152570653259,0.06923787999066,0.0442847028485963
FINAL,0.1,0.1,1e-12,1e-12,0.01,250,360,C,1,-14.111479759216309,5,0.014629301407847501,0.07435307436949647,0.044491187888671985
FINAL,0.1,0.1,1e-12,1e-12,0.01,250,740,C,0,0.41184088587760925,5,0.015145650988905768,0.07485791899820014,0.04500178499355296
FINAL,0.1,0.1,1e-12,1e-12,0.01,250,270,C,0,-0.4850490391254425,5,0.009064117575311413,0.08099715149099956,0.04503063453315549
FINAL,0.1,0.1,1e-12,1e-12,0.01,250,640,C,2,-0.608948290348053,5,0.01460585179766265,0.08215566992098475,0.0483807608593237
FINAL,0.1,0.1,1e-12,1e-12,0.01,250,620,C,3,-8.189264297485352,5,0.026372893462006566,0.07071302425511662,0.048542958858561594
FINAL,0.1,0.1,1e-12,1e-12,0.01,250,510,C,5,-0.3343559503555298,5,0.010933279946026787,0.08695215762697416,0.04894271878650047
FINAL,0.1,0.1,1e-12,1e-12,0.01,250,510,C,3,-0.3196980357170105,5,0.01416576895167157,0.08631083131743335,0.05023830013455246
FINAL,0.1,0.1,1e-12,1e-12,0.01,250,450,C,2,-0.7991183996200562,5,0.017151608368596822,0.08582298868036231,0.051487298524479565
FINAL,0.1,0.1,1e-12,1e-12,0.01,250,640,C,0,-8.271045684814453,5,0.025120010568666563,0.07814761664512623,0.051633813606896395
FINAL,0.1,0.1,1e-12,1e-12,0.01,250,380,C,2,-16.425132751464844,5,0.0049614674804922525,0.10442087642348914,0.0546911719519907
FINAL,0.1,0.1,1e-12,1e-12,0.01,250,620,C,5,-8.186501502990723,5,0.027208202607357367,0.08264570734426517,0.054926954975811265
FINAL,0.1,0.1,1e-12,1e-12,0.01,250,620,C,0,-8.185676574707031,5,0.023936427528384475,0.09500188636699851,0.05946915694769149
FINAL,0.1,0.1,1e-12,1e-12,0.01,250,380,C,0,0.17328409850597382,5,0.019890808308986284,0.10168000995359826,0.06078540913129227
FINAL,0.1,0.1,1e-12,1e-12,0.01,250,740,C,2,0.5169197916984558,5,0.020121471766077575,0.1017297922244179,0.06092563199524774
FINAL,0.1,0.1,1e-12,1e-12,0.01,250,740,C,1,0.3751834034919739,5,0.013912146176596444,0.10807227032199976,0.0609922082492981
FINAL,0.1,0.1,1e-12,1e-12,0.01,250,50,C,4,-12.671215057373047,5,0.03066526769441418,0.10033670083037728,0.06550098426239573
FINAL,0.1,0.1,1e-12,1e-12,0.01,250,50,C,3,-11.829119682312012,5,0.029175223631794155,0.10909238474095384,0.06913380418637399
FINAL,0.1,0.1,1e-12,1e-12,0.01,250,620,C,6,1.20413076877594,5,0.010498629941737109,0.13277176256407458,0.07163519625290585
FINAL,0.1,0.1,1e-12,1e-12,0.01,250,360,C,2,-9.470762252807617,5,0.014789839106499293,0.13204592399983678,0.07341788155316803
