graph_idx,node_type,node_idx,method,sparsity_target,mask_baseline_mode,ig_baseline_mode,pred_orig,pred_drop,pred_keep,target,error_orig,error_drop,error_keep,fid_plus_model,fid_minus_model,fid_plus_error_delta,fid_minus_error_delta,n_features,k_features,actual_sparsity_feat
0,H,0,gnnexplainer,0.9,match_ig_baseline,scientific,-0.17736566066741943,-0.17147353291511536,-0.1737334430217743,-0.17985659837722778,0.0024909377098083496,0.008383065462112427,0.006123155355453491,0.005892127752304077,0.0036322176456451416,0.005892127752304077,0.0036322176456451416,33,4,0.8787878787878788
0,H,0,integrated_gradients,0.9,match_ig_baseline,scientific,-0.17736566066741943,-0.1818356066942215,-0.17293113470077515,-0.17985659837722778,0.0024909377098083496,0.0019790083169937134,0.006925463676452637,0.004469946026802063,0.004434525966644287,-0.0005119293928146362,0.004434525966644287,33,4,0.8787878787878788
0,H,1,gnnexplainer,0.9,match_ig_baseline,scientific,-0.14692381024360657,-0.13927826285362244,-0.1780686378479004,-0.14272424578666687,0.004199564456939697,0.0034459829330444336,0.03534439206123352,0.007645547389984131,0.031144827604293823,-0.0007535815238952637,0.031144827604293823,33,4,0.8787878787878788
0,H,1,integrated_gradients,0.9,match_ig_baseline,scientific,-0.14692381024360657,-0.1604560911655426,-0.16231560707092285,-0.14272424578666687,0.004199564456939697,0.017731845378875732,0.01959136128425598,0.013532280921936035,0.015391796827316284,0.013532280921936035,0.015391796827316284,33,4,0.8787878787878788
0,H,2,gnnexplainer,0.9,match_ig_baseline,scientific,-0.17736902832984924,-0.17057174444198608,-0.1698647439479828,-0.18340036273002625,0.006031334400177002,0.012828618288040161,0.013535618782043457,0.006797283887863159,0.007504284381866455,0.006797283887863159,0.007504284381866455,33,4,0.8787878787878788
0,H,2,integrated_gradients,0.9,match_ig_baseline,scientific,-0.17736902832984924,-0.18182967603206635,-0.17292940616607666,-0.18340036273002625,0.006031334400177002,0.0015706866979599,0.010470956563949585,0.004460647702217102,0.004439622163772583,-0.004460647702217102,0.004439622163772583,33,4,0.8787878787878788
0,H,3,gnnexplainer,0.9,match_ig_baseline,scientific,-0.5146532654762268,-0.39529943466186523,-0.4872232675552368,-0.5416102409362793,0.02695697546005249,0.14631080627441406,0.05438697338104248,0.11935383081436157,0.02742999792098999,0.11935383081436157,0.02742999792098999,33,4,0.8787878787878788
0,H,3,integrated_gradients,0.9,match_ig_baseline,scientific,-0.5146532654762268,-0.4899095296859741,-0.5375165343284607,-0.5416102409362793,0.02695697546005249,0.051700711250305176,0.0040937066078186035,0.024743735790252686,0.022863268852233887,0.024743735790252686,-0.022863268852233887,33,4,0.8787878787878788
0,H,4,gnnexplainer,0.9,match_ig_baseline,scientific,-0.28085559606552124,-0.2682754695415497,-0.2914183437824249,-0.29296109080314636,0.012105494737625122,0.02468562126159668,0.0015427470207214355,0.012580126523971558,0.010562747716903687,0.012580126523971558,-0.010562747716903687,33,4,0.8787878787878788
0,H,4,integrated_gradients,0.9,match_ig_baseline,scientific,-0.28085559606552124,-0.23029309511184692,-0.2831139862537384,-0.29296109080314636,0.012105494737625122,0.06266799569129944,0.009847104549407959,0.050562500953674316,0.002258390188217163,0.050562500953674316,-0.002258390188217163,33,4,0.8787878787878788
0,H,5,gnnexplainer,0.9,match_ig_baseline,scientific,-0.3452540338039398,-0.25684216618537903,-0.211256206035614,-0.3744361400604248,0.029182106256484985,0.11759397387504578,0.1631799340248108,0.08841186761856079,0.1339978277683258,0.08841186761856079,0.1339978277683258,33,4,0.8787878787878788
0,H,5,integrated_gradients,0.9,match_ig_baseline,scientific,-0.3452540338039398,-0.20115375518798828,-0.347562313079834,-0.3744361400604248,0.029182106256484985,0.17328238487243652,0.02687382698059082,0.14410027861595154,0.002308279275894165,0.14410027861595154,-0.002308279275894165,33,4,0.8787878787878788
0,C,0,gnnexplainer,0.9,match_ig_baseline,scientific,-2.104891777038574,-2.9597864151000977,-2.011870861053467,-2.1809728145599365,0.0760810375213623,0.7788136005401611,0.16910195350646973,0.8548946380615234,0.09302091598510742,0.7027325630187988,0.09302091598510742,39,4,0.8974358974358975
0,C,0,integrated_gradients,0.9,match_ig_baseline,scientific,-2.104891777038574,-2.8787131309509277,-2.2682929039001465,-2.1809728145599365,0.0760810375213623,0.6977403163909912,0.08732008934020996,0.7738213539123535,0.16340112686157227,0.6216592788696289,0.011239051818847656,39,4,0.8974358974358975
0,C,1,gnnexplainer,0.9,match_ig_baseline,scientific,-17.136962890625,-15.049059867858887,-7.621316432952881,-16.9322566986084,0.20470619201660156,1.8831968307495117,9.310940265655518,2.0879030227661133,9.51564645767212,1.6784906387329102,9.106234073638916,39,4,0.8974358974358975
0,C,1,integrated_gradients,0.9,match_ig_baseline,scientific,-17.136962890625,-8.022113800048828,-14.509631156921387,-16.9322566986084,0.20470619201660156,8.91014289855957,2.4226255416870117,9.114849090576172,2.6273317337036133,8.705436706542969,2.21791934967041,39,4,0.8974358974358975
0,C,2,gnnexplainer,0.9,match_ig_baseline,scientific,-8.5090970993042,-7.602745532989502,-6.035789489746094,-8.388336181640625,0.12076091766357422,0.785590648651123,2.3525466918945312,0.9063515663146973,2.4733076095581055,0.6648297309875488,2.231785774230957,39,4,0.8974358974358975
0,C,2,integrated_gradients,0.9,match_ig_baseline,scientific,-8.5090970993042,-6.6312079429626465,-7.5072760581970215,-8.388336181640625,0.12076091766357422,1.7571282386779785,0.8810601234436035,1.8778891563415527,1.0018210411071777,1.6363673210144043,0.7602992057800293,39,4,0.8974358974358975
0,C,3,gnnexplainer,0.9,match_ig_baseline,scientific,-6.361694812774658,-5.282348155975342,-8.820058822631836,-6.655499458312988,0.2938046455383301,1.3731513023376465,2.1645593643188477,1.0793466567993164,2.4583640098571777,1.0793466567993164,1.8707547187805176,39,4,0.8974358974358975
0,C,3,integrated_gradients,0.9,match_ig_baseline,scientific,-6.361694812774658,-5.987297058105469,-7.629417896270752,-6.655499458312988,0.2938046455383301,0.6682024002075195,0.9739184379577637,0.37439775466918945,1.2677230834960938,0.37439775466918945,0.6801137924194336,39,4,0.8974358974358975
0,C,4,gnnexplainer,0.9,match_ig_baseline,scientific,-12.114175796508789,-7.323967456817627,-8.33944034576416,-12.745342254638672,0.6311664581298828,5.421374797821045,4.405901908874512,4.790208339691162,3.774735450744629,4.790208339691162,3.774735450744629,39,4,0.8974358974358975
0,C,4,integrated_gradients,0.9,match_ig_baseline,scientific,-12.114175796508789,-6.513105392456055,-8.605804443359375,-12.745342254638672,0.6311664581298828,6.232236862182617,4.139537811279297,5.601070404052734,3.508371353149414,5.601070404052734,3.508371353149414,39,4,0.8974358974358975
10,H,0,gnnexplainer,0.9,match_ig_baseline,scientific,-0.05451575666666031,-0.05518520623445511,-0.055744219571352005,-0.05126853287220001,0.0032472237944602966,0.0039166733622550964,0.004475686699151993,0.0006694495677947998,0.0012284629046916962,0.0006694495677947998,0.0012284629046916962,33,4,0.8787878787878788
10,H,0,integrated_gradients,0.9,match_ig_baseline,scientific,-0.05451575666666031,-0.054607801139354706,-0.052312321960926056,-0.05126853287220001,0.0032472237944602966,0.0033392682671546936,0.0010437890887260437,9.204447269439697e-05,0.002203434705734253,9.204447269439697e-05,-0.002203434705734253,33,4,0.8787878787878788
10,H,1,gnnexplainer,0.9,match_ig_baseline,scientific,-0.04886791482567787,-0.06310257315635681,-0.05780594050884247,-0.046680811792612076,0.002187103033065796,0.016421761363744736,0.011125128716230392,0.01423465833067894,0.008938025683164597,0.01423465833067894,0.008938025683164597,33,4,0.8787878787878788
10,H,1,integrated_gradients,0.9,match_ig_baseline,scientific,-0.04886791482567787,-0.05853600054979324,-0.04714738577604294,-0.046680811792612076,0.002187103033065796,0.011855188757181168,0.0004665739834308624,0.009668085724115372,0.0017205290496349335,0.009668085724115372,-0.0017205290496349335,33,4,0.8787878787878788
10,H,2,gnnexplainer,0.9,match_ig_baseline,scientific,-0.05451619252562523,-0.04279598593711853,-0.05545371398329735,-0.05026853457093239,0.004247657954692841,0.007472548633813858,0.00518517941236496,0.011720206588506699,0.0009375214576721191,0.0032248906791210175,0.0009375214576721191,33,4,0.8787878787878788
10,H,2,integrated_gradients,0.9,match_ig_baseline,scientific,-0.05451619252562523,-0.054608188569545746,-0.052312880754470825,-0.05026853457093239,0.004247657954692841,0.0043396539986133575,0.002044346183538437,9.199604392051697e-05,0.0022033117711544037,9.199604392051697e-05,-0.0022033117711544037,33,4,0.8787878787878788
10,H,3,gnnexplainer,0.9,match_ig_baseline,scientific,-0.04886849597096443,-0.05639656260609627,-0.061338067054748535,-0.046680811792612076,0.002187684178352356,0.009715750813484192,0.01465725526213646,0.007528066635131836,0.012469571083784103,0.007528066635131836,0.012469571083784103,33,4,0.8787878787878788
10,H,3,integrated_gradients,0.9,match_ig_baseline,scientific,-0.04886849597096443,-0.05853632092475891,-0.047147899866104126,-0.046680811792612076,0.002187684178352356,0.011855509132146835,0.00046708807349205017,0.00966782495379448,0.0017205961048603058,0.00966782495379448,-0.0017205961048603058,33,4,0.8787878787878788
10,H,4,gnnexplainer,0.9,match_ig_baseline,scientific,-0.04886763170361519,-0.059924039989709854,-0.042227521538734436,-0.04568081349134445,0.0031868182122707367,0.014243226498365402,0.003453291952610016,0.011056408286094666,0.0066401101648807526,0.011056408286094666,0.0002664737403392792,33,4,0.8787878787878788
10,H,4,integrated_gradients,0.9,match_ig_baseline,scientific,-0.04886763170361519,-0.05853531137108803,-0.04714701324701309,-0.04568081349134445,0.0031868182122707367,0.012854497879743576,0.0014661997556686401,0.00966767966747284,0.0017206184566020966,0.00966767966747284,-0.0017206184566020966,33,4,0.8787878787878788
10,H,5,gnnexplainer,0.9,match_ig_baseline,scientific,-0.0545157715678215,-0.04884906858205795,-0.06169050559401512,-0.05026853457093239,0.004247236996889114,0.0014194659888744354,0.011421971023082733,0.00566670298576355,0.007174734026193619,-0.002827771008014679,0.007174734026193619,33,4,0.8787878787878788
10,H,5,integrated_gradients,0.9,match_ig_baseline,scientific,-0.0545157715678215,-0.054607685655355453,-0.052312299609184265,-0.05026853457093239,0.004247236996889114,0.004339151084423065,0.002043765038251877,9.19140875339508e-05,0.0022034719586372375,9.19140875339508e-05,-0.0022034719586372375,33,4,0.8787878787878788
10,H,6,gnnexplainer,0.9,match_ig_baseline,scientific,-0.05451630800962448,-0.0503438301384449,-0.05480456352233887,-0.05026853457093239,0.004247773438692093,7.529556751251221e-05,0.004536028951406479,0.004172477871179581,0.000288255512714386,-0.004172477871179581,0.000288255512714386,33,4,0.8787878787878788
10,H,6,integrated_gradients,0.9,match_ig_baseline,scientific,-0.05451630800962448,-0.05460858345031738,-0.05231313407421112,-0.05026853457093239,0.004247773438692093,0.0043400488793849945,0.0020445995032787323,9.227544069290161e-05,0.0022031739354133606,9.227544069290161e-05,-0.0022031739354133606,33,4,0.8787878787878788
10,H,7,gnnexplainer,0.9,match_ig_baseline,scientific,-0.04886893182992935,-0.05400295555591583,-0.039211828261613846,-0.046680811792612076,0.002188120037317276,0.007322143763303757,0.00746898353099823,0.005134023725986481,0.009657103568315506,0.005134023725986481,0.005280863493680954,33,4,0.8787878787878788
10,H,7,integrated_gradients,0.9,match_ig_baseline,scientific,-0.04886893182992935,-0.05853627249598503,-0.04714856296777725,-0.046680811792612076,0.002188120037317276,0.011855460703372955,0.0004677511751651764,0.00966734066605568,0.0017203688621520996,0.00966734066605568,-0.0017203688621520996,33,4,0.8787878787878788
10,C,0,gnnexplainer,0.9,match_ig_baseline,scientific,-0.5910308361053467,-2.0358433723449707,-0.6959502100944519,-0.7767053842544556,0.1856745481491089,1.2591379880905151,0.08075517416000366,1.444812536239624,0.10491937398910522,1.0734634399414062,-0.10491937398910522,39,4,0.8974358974358975
10,C,0,integrated_gradients,0.9,match_ig_baseline,scientific,-0.5910308361053467,-2.3282856941223145,-0.6479878425598145,-0.7767053842544556,0.1856745481491089,1.5515803098678589,0.1287175416946411,1.7372548580169678,0.05695700645446777,1.36590576171875,-0.05695700645446777,39,4,0.8974358974358975
10,C,1,gnnexplainer,0.9,match_ig_baseline,scientific,-0.5910441279411316,-1.9679025411605835,-0.7983195185661316,-0.7707053422927856,0.17966121435165405,1.1971971988677979,0.027614176273345947,1.376858413219452,0.207275390625,1.0175359845161438,-0.1520470380783081,39,4,0.8974358974358975
10,C,1,integrated_gradients,0.9,match_ig_baseline,scientific,-0.5910441279411316,-2.3282971382141113,-0.6479974389076233,-0.7707053422927856,0.17966121435165405,1.5575917959213257,0.12270790338516235,1.7372530102729797,0.0569533109664917,1.3779305815696716,-0.0569533109664917,39,4,0.8974358974358975
10,C,2,gnnexplainer,0.9,match_ig_baseline,scientific,-0.5910332798957825,-1.7550630569458008,-1.2264991998672485,-0.7707053422927856,0.17967206239700317,0.9843577146530151,0.4557938575744629,1.1640297770500183,0.6354659199714661,0.804685652256012,0.2761217951774597,39,4,0.8974358974358975
10,C,2,integrated_gradients,0.9,match_ig_baseline,scientific,-0.5910332798957825,-2.328247547149658,-0.6479878425598145,-0.7707053422927856,0.17967206239700317,1.5575422048568726,0.12271749973297119,1.7372142672538757,0.05695456266403198,1.3778701424598694,-0.05695456266403198,39,4,0.8974358974358975
10,C,3,gnnexplainer,0.9,match_ig_baseline,scientific,-0.5910433530807495,-1.738382339477539,-0.5763646364212036,-0.7736613750457764,0.18261802196502686,0.9647209644317627,0.19729673862457275,1.1473389863967896,0.014678716659545898,0.7821029424667358,0.014678716659545898,39,4,0.8974358974358975
10,C,3,integrated_gradients,0.9,match_ig_baseline,scientific,-0.5910433530807495,-2.3284058570861816,-0.6480010151863098,-0.7736613750457764,0.18261802196502686,1.5547444820404053,0.12566035985946655,1.7373625040054321,0.0569576621055603,1.3721264600753784,-0.0569576621055603,39,4,0.8974358974358975
20,H,0,gnnexplainer,0.9,match_ig_baseline,scientific,-0.2313065528869629,-0.17400184273719788,-0.235953688621521,-0.25103986263275146,0.019733309745788574,0.07703801989555359,0.015086174011230469,0.057304710149765015,0.0046471357345581055,0.057304710149765015,-0.0046471357345581055,33,4,0.8787878787878788
20,H,0,integrated_gradients,0.9,match_ig_baseline,scientific,-0.2313065528869629,-0.17932254076004028,-0.23422205448150635,-0.25103986263275146,0.019733309745788574,0.07171732187271118,0.016817808151245117,0.05198401212692261,0.002915501594543457,0.05198401212692261,-0.002915501594543457,33,4,0.8787878787878788
20,H,1,gnnexplainer,0.9,match_ig_baseline,scientific,-0.23125052452087402,-0.20967087149620056,-0.2583985924720764,-0.2520398497581482,0.02078932523727417,0.04236897826194763,0.006358742713928223,0.021579653024673462,0.027148067951202393,0.021579653024673462,-0.014430582523345947,33,4,0.8787878787878788
20,H,1,integrated_gradients,0.9,match_ig_baseline,scientific,-0.23125052452087402,-0.1792513132095337,-0.23417922854423523,-0.2520398497581482,0.02078932523727417,0.0727885365486145,0.017860621213912964,0.05199921131134033,0.002928704023361206,0.05199921131134033,-0.002928704023361206,33,4,0.8787878787878788
20,H,2,gnnexplainer,0.9,match_ig_baseline,scientific,-0.2312517762184143,-0.23170125484466553,-0.264080673456192,-0.2520398497581482,0.020788073539733887,0.020338594913482666,0.012040823698043823,0.0004494786262512207,0.03282889723777771,-0.0004494786262512207,-0.008747249841690063,33,4,0.8787878787878788
20,H,2,integrated_gradients,0.9,match_ig_baseline,scientific,-0.2312517762184143,-0.17925390601158142,-0.234177827835083,-0.2520398497581482,0.020788073539733887,0.07278594374656677,0.017862021923065186,0.051997870206832886,0.002926051616668701,0.051997870206832886,-0.002926051616668701,33,4,0.8787878787878788
20,H,3,gnnexplainer,0.9,match_ig_baseline,scientific,-0.23129862546920776,-0.17773279547691345,-0.28039124608039856,-0.25103986263275146,0.0197412371635437,0.07330706715583801,0.029351383447647095,0.05356582999229431,0.049092620611190796,0.05356582999229431,0.009610146284103394,33,4,0.8787878787878788
20,H,3,integrated_gradients,0.9,match_ig_baseline,scientific,-0.23129862546920776,-0.1793193817138672,-0.23421576619148254,-0.25103986263275146,0.0197412371635437,0.07172048091888428,0.01682409644126892,0.051979243755340576,0.0029171407222747803,0.051979243755340576,-0.0029171407222747803,33,4,0.8787878787878788
20,H,4,gnnexplainer,0.9,match_ig_baseline,scientific,-0.2312755286693573,-0.1897338330745697,-0.2189343273639679,-0.2520398497581482,0.020764321088790894,0.06230601668357849,0.0331055223941803,0.0415416955947876,0.012341201305389404,0.0415416955947876,0.012341201305389404,33,4,0.8787878787878788
20,H,4,integrated_gradients,0.9,match_ig_baseline,scientific,-0.2312755286693573,-0.17927604913711548,-0.2342028021812439,-0.2520398497581482,0.020764321088790894,0.07276380062103271,0.017837047576904297,0.05199947953224182,0.0029272735118865967,0.05199947953224182,-0.0029272735118865967,33,4,0.8787878787878788
20,H,5,gnnexplainer,0.9,match_ig_baseline,scientific,-0.23128050565719604,-0.21456220746040344,-0.21573925018310547,-0.2520398497581482,0.02075934410095215,0.03747764229774475,0.036300599575042725,0.016718298196792603,0.015541255474090576,0.016718298196792603,0.015541255474090576,33,4,0.8787878787878788
20,H,5,integrated_gradients,0.9,match_ig_baseline,scientific,-0.23128050565719604,-0.17927998304367065,-0.234197199344635,-0.2520398497581482,0.02075934410095215,0.07275986671447754,0.017842650413513184,0.05200052261352539,0.002916693687438965,0.05200052261352539,-0.002916693687438965,33,4,0.8787878787878788
20,C,0,gnnexplainer,0.9,match_ig_baseline,scientific,-8.444268226623535,-6.8829026222229,-7.423683166503906,-8.145360946655273,0.2989072799682617,1.262458324432373,0.7216777801513672,1.5613656044006348,1.020585060119629,0.9635510444641113,0.42277050018310547,39,4,0.8974358974358975
20,C,0,integrated_gradients,0.9,match_ig_baseline,scientific,-8.444268226623535,-5.275943279266357,-9.099113464355469,-8.145360946655273,0.2989072799682617,2.869417667388916,0.9537525177001953,3.1683249473571777,0.6548452377319336,2.5705103874206543,0.6548452377319336,39,4,0.8974358974358975
20,C,1,gnnexplainer,0.9,match_ig_baseline,scientific,-8.444039344787598,-8.944849014282227,-6.532865524291992,-8.147904396057129,0.29613494873046875,0.7969446182250977,1.6150388717651367,0.5008096694946289,1.9111738204956055,0.5008096694946289,1.318903923034668,39,4,0.8974358974358975
20,C,1,integrated_gradients,0.9,match_ig_baseline,scientific,-8.444039344787598,-5.276066303253174,-9.099624633789062,-8.147904396057129,0.29613494873046875,2.871838092803955,0.9517202377319336,3.167973041534424,0.6555852890014648,2.5757031440734863,0.6555852890014648,39,4,0.8974358974358975
20,C,2,gnnexplainer,0.9,match_ig_baseline,scientific,-8.44495677947998,-5.378533363342285,-7.981687068939209,-8.148948669433594,0.2960081100463867,2.7704153060913086,0.16726160049438477,3.0664234161376953,0.4632697105407715,2.474407196044922,-0.12874650955200195,39,4,0.8974358974358975
20,C,2,integrated_gradients,0.9,match_ig_baseline,scientific,-8.44495677947998,-5.2762980461120605,-9.09934139251709,-8.148948669433594,0.2960081100463867,2.872650623321533,0.9503927230834961,3.16865873336792,0.6543846130371094,2.5766425132751465,0.6543846130371094,39,4,0.8974358974358975
20,C,3,gnnexplainer,0.9,match_ig_baseline,scientific,-8.445212364196777,-5.109306812286377,-8.622992515563965,-8.14694881439209,0.2982635498046875,3.037642002105713,0.476043701171875,3.3359055519104004,0.1777801513671875,2.7393784523010254,0.1777801513671875,39,4,0.8974358974358975
20,C,3,integrated_gradients,0.9,match_ig_baseline,scientific,-8.445212364196777,-5.276090621948242,-9.099339485168457,-8.14694881439209,0.2982635498046875,2.8708581924438477,0.9523906707763672,3.169121742248535,0.6541271209716797,2.57259464263916,0.6541271209716797,39,4,0.8974358974358975
20,C,4,gnnexplainer,0.9,match_ig_baseline,scientific,-8.443939208984375,-8.472443580627441,-7.060647487640381,-8.146904945373535,0.29703426361083984,0.32553863525390625,1.0862574577331543,0.028504371643066406,1.3832917213439941,0.028504371643066406,0.7892231941223145,39,4,0.8974358974358975
20,C,4,integrated_gradients,0.9,match_ig_baseline,scientific,-8.443939208984375,-5.276247978210449,-9.099308967590332,-8.146904945373535,0.29703426361083984,2.870656967163086,0.9524040222167969,3.167691230773926,0.655369758605957,2.573622703552246,0.655369758605957,39,4,0.8974358974358975
20,C,5,gnnexplainer,0.9,match_ig_baseline,scientific,-8.444053649902344,-6.038466930389404,-6.5918660163879395,-8.146361351013184,0.29769229888916016,2.1078944206237793,1.5544953346252441,2.4055867195129395,1.8521876335144043,1.8102021217346191,1.256803035736084,39,4,0.8974358974358975
20,C,5,integrated_gradients,0.9,match_ig_baseline,scientific,-8.444053649902344,-5.276237964630127,-9.099274635314941,-8.146361351013184,0.29769229888916016,2.8701233863830566,0.9529132843017578,3.167815685272217,0.6552209854125977,2.5724310874938965,0.6552209854125977,39,4,0.8974358974358975
30,H,0,gnnexplainer,0.9,match_ig_baseline,scientific,-0.0907490998506546,-0.12755855917930603,-0.1056700050830841,-0.12868109345436096,0.03793199360370636,0.0011225342750549316,0.023011088371276855,0.03680945932865143,0.014920905232429504,-0.03680945932865143,-0.014920905232429504,33,4,0.8787878787878788
30,H,0,integrated_gradients,0.9,match_ig_baseline,scientific,-0.0907490998506546,-0.10200303792953491,-0.0834435373544693,-0.12868109345436096,0.03793199360370636,0.02667805552482605,0.04523755609989166,0.01125393807888031,0.007305562496185303,-0.01125393807888031,0.007305562496185303,33,4,0.8787878787878788
30,H,1,gnnexplainer,0.9,match_ig_baseline,scientific,-0.05737382173538208,-0.06591515243053436,-0.111871637403965,-0.047584664076566696,0.009789157658815384,0.018330488353967667,0.0642869733273983,0.008541330695152283,0.054497815668582916,0.008541330695152283,0.054497815668582916,33,4,0.8787878787878788
30,H,1,integrated_gradients,0.9,match_ig_baseline,scientific,-0.05737382173538208,-0.09754688292741776,-0.05599575117230415,-0.047584664076566696,0.009789157658815384,0.04996221885085106,0.008411087095737457,0.040173061192035675,0.0013780705630779266,0.040173061192035675,-0.0013780705630779266,33,4,0.8787878787878788
30,H,2,gnnexplainer,0.9,match_ig_baseline,scientific,-0.19207677245140076,-0.21285298466682434,-0.2072283923625946,-0.21381264925003052,0.02173587679862976,0.0009596645832061768,0.006584256887435913,0.020776212215423584,0.015151619911193848,-0.020776212215423584,-0.015151619911193848,33,4,0.8787878787878788
30,H,2,integrated_gradients,0.9,match_ig_baseline,scientific,-0.19207677245140076,-0.19098669290542603,-0.19439691305160522,-0.21381264925003052,0.02173587679862976,0.022825956344604492,0.019415736198425293,0.0010900795459747314,0.0023201406002044678,0.0010900795459747314,-0.0023201406002044678,33,4,0.8787878787878788
30,H,3,gnnexplainer,0.9,match_ig_baseline,scientific,-0.19023951888084412,-0.19478675723075867,-0.20593345165252686,-0.17307570576667786,0.01716381311416626,0.02171105146408081,0.032857745885849,0.004547238349914551,0.01569393277168274,0.004547238349914551,0.01569393277168274,33,4,0.8787878787878788
30,H,3,integrated_gradients,0.9,match_ig_baseline,scientific,-0.19023951888084412,-0.1972368359565735,-0.1872277855873108,-0.17307570576667786,0.01716381311416626,0.02416113018989563,0.014152079820632935,0.00699731707572937,0.003011733293533325,0.00699731707572937,-0.003011733293533325,33,4,0.8787878787878788
30,H,4,gnnexplainer,0.9,match_ig_baseline,scientific,-0.3380805552005768,-0.35015782713890076,-0.327866792678833,-0.3381540775299072,7.352232933044434e-05,0.01200374960899353,0.010287284851074219,0.012077271938323975,0.010213762521743774,0.011930227279663086,0.010213762521743774,33,4,0.8787878787878788
30,H,4,integrated_gradients,0.9,match_ig_baseline,scientific,-0.3380805552005768,-0.3014219403266907,-0.34912562370300293,-0.3381540775299072,7.352232933044434e-05,0.03673213720321655,0.010971546173095703,0.03665861487388611,0.011045068502426147,0.03665861487388611,0.010898023843765259,33,4,0.8787878787878788
30,H,5,gnnexplainer,0.9,match_ig_baseline,scientific,-0.33808597922325134,-0.3622760474681854,-0.29814258217811584,-0.3381540775299072,6.809830665588379e-05,0.024121969938278198,0.04001149535179138,0.024190068244934082,0.0399433970451355,0.024053871631622314,0.0399433970451355,33,4,0.8787878787878788
30,H,5,integrated_gradients,0.9,match_ig_baseline,scientific,-0.33808597922325134,-0.30143582820892334,-0.3491261899471283,-0.3381540775299072,6.809830665588379e-05,0.03671824932098389,0.01097211241722107,0.036650151014328,0.011040210723876953,0.036650151014328,0.010904014110565186,33,4,0.8787878787878788
30,H,6,gnnexplainer,0.9,match_ig_baseline,scientific,-0.192081481218338,-0.2021649181842804,-0.20019173622131348,-0.21381264925003052,0.021731168031692505,0.011647731065750122,0.013620913028717041,0.010083436965942383,0.008110255002975464,-0.010083436965942383,-0.008110255002975464,33,4,0.8787878787878788
30,H,6,integrated_gradients,0.9,match_ig_baseline,scientific,-0.192081481218338,-0.1909905970096588,-0.19440177083015442,-0.21381264925003052,0.021731168031692505,0.022822052240371704,0.0194108784198761,0.0010908842086791992,0.0023202896118164062,0.0010908842086791992,-0.0023202896118164062,33,4,0.8787878787878788
30,H,7,gnnexplainer,0.9,match_ig_baseline,scientific,-0.19024446606636047,-0.17860376834869385,-0.18739309906959534,-0.1714879274368286,0.01875653862953186,0.007115840911865234,0.015905171632766724,0.011640697717666626,0.0028513669967651367,-0.011640697717666626,-0.0028513669967651367,33,4,0.8787878787878788
30,H,7,integrated_gradients,0.9,match_ig_baseline,scientific,-0.19024446606636047,-0.19724297523498535,-0.18723222613334656,-0.1714879274368286,0.01875653862953186,0.02575504779815674,0.015744298696517944,0.006998509168624878,0.003012239933013916,0.006998509168624878,-0.003012239933013916,33,4,0.8787878787878788
30,C,0,gnnexplainer,0.9,match_ig_baseline,scientific,-1.615869164466858,-2.228023052215576,-3.373800277709961,-1.5885530710220337,0.02731609344482422,0.6394699811935425,1.7852472066879272,0.6121538877487183,1.757931113243103,0.6121538877487183,1.757931113243103,39,4,0.8974358974358975
30,C,0,integrated_gradients,0.9,match_ig_baseline,scientific,-1.615869164466858,-2.9623537063598633,-1.9981189966201782,-1.5885530710220337,0.02731609344482422,1.3738006353378296,0.40956592559814453,1.3464845418930054,0.3822498321533203,1.3464845418930054,0.3822498321533203,39,4,0.8974358974358975
30,C,1,gnnexplainer,0.9,match_ig_baseline,scientific,-3.2298240661621094,-3.4744715690612793,-4.387701511383057,-3.0082218647003174,0.221602201461792,0.4662497043609619,1.3794796466827393,0.24464750289916992,1.1578774452209473,0.24464750289916992,1.1578774452209473,39,4,0.8974358974358975
30,C,1,integrated_gradients,0.9,match_ig_baseline,scientific,-3.2298240661621094,-5.260695934295654,-3.0326318740844727,-3.0082218647003174,0.221602201461792,2.252474069595337,0.024410009384155273,2.030871868133545,0.19719219207763672,2.030871868133545,-0.19719219207763672,39,4,0.8974358974358975
30,C,2,gnnexplainer,0.9,match_ig_baseline,scientific,-12.875408172607422,-12.129786491394043,-7.196934700012207,-12.421451568603516,0.45395660400390625,0.29166507720947266,5.224516868591309,0.7456216812133789,5.678473472595215,-0.1622915267944336,4.770560264587402,39,4,0.8974358974358975
30,C,2,integrated_gradients,0.9,match_ig_baseline,scientific,-12.875408172607422,-6.625973224639893,-11.874150276184082,-12.421451568603516,0.45395660400390625,5.795478343963623,0.5473012924194336,6.249434947967529,1.0012578964233398,5.341521739959717,0.09334468841552734,39,4,0.8974358974358975
30,C,3,gnnexplainer,0.9,match_ig_baseline,scientific,-12.87525463104248,-10.226126670837402,-7.607956409454346,-12.42249584197998,0.4527587890625,2.196369171142578,4.814539432525635,2.649127960205078,5.267298221588135,1.7436103820800781,4.361780643463135,39,4,0.8974358974358975
30,C,3,integrated_gradients,0.9,match_ig_baseline,scientific,-12.87525463104248,-6.625807285308838,-11.874157905578613,-12.42249584197998,0.4527587890625,5.796688556671143,0.5483379364013672,6.249447345733643,1.0010967254638672,5.343929767608643,0.09557914733886719,39,4,0.8974358974358975
30,C,4,gnnexplainer,0.9,match_ig_baseline,scientific,-3.2296955585479736,-3.8165805339813232,-3.1021382808685303,-3.0098090171813965,0.21988654136657715,0.8067715167999268,0.09232926368713379,0.5868849754333496,0.12755727767944336,0.5868849754333496,-0.12755727767944336,39,4,0.8974358974358975
30,C,4,integrated_gradients,0.9,match_ig_baseline,scientific,-3.2296955585479736,-5.260595798492432,-3.03253173828125,-3.0098090171813965,0.21988654136657715,2.250786781311035,0.022722721099853516,2.030900239944458,0.19716382026672363,2.030900239944458,-0.19716382026672363,39,4,0.8974358974358975
40,H,0,gnnexplainer,0.9,match_ig_baseline,scientific,-0.29488253593444824,-0.2495967149734497,-0.3105482757091522,-0.3286808133125305,0.033798277378082275,0.07908409833908081,0.018132537603378296,0.045285820960998535,0.01566573977470398,0.045285820960998535,-0.01566573977470398,33,4,0.8787878787878788
40,H,0,integrated_gradients,0.9,match_ig_baseline,scientific,-0.29488253593444824,-0.25233978033065796,-0.28436118364334106,-0.3286808133125305,0.033798277378082275,0.07634103298187256,0.04431962966918945,0.04254275560379028,0.010521352291107178,0.04254275560379028,0.010521352291107178,33,4,0.8787878787878788
40,H,1,gnnexplainer,0.9,match_ig_baseline,scientific,-0.2948724627494812,-0.24794548749923706,-0.2931698262691498,-0.32968080043792725,0.034808337688446045,0.08173531293869019,0.036510974168777466,0.04692697525024414,0.001702636480331421,0.04692697525024414,0.001702636480331421,33,4,0.8787878787878788
40,H,1,integrated_gradients,0.9,match_ig_baseline,scientific,-0.2948724627494812,-0.25234895944595337,-0.28434979915618896,-0.32968080043792725,0.034808337688446045,0.07733184099197388,0.04533100128173828,0.04252350330352783,0.010522663593292236,0.04252350330352783,0.010522663593292236,33,4,0.8787878787878788
40,H,2,gnnexplainer,0.9,match_ig_baseline,scientific,-0.09831997007131577,-0.09358339011669159,-0.10418681800365448,-0.0859522819519043,0.012367688119411469,0.0076311081647872925,0.018234536051750183,0.004736579954624176,0.005866847932338715,-0.004736579954624176,0.005866847932338715,33,4,0.8787878787878788
40,H,2,integrated_gradients,0.9,match_ig_baseline,scientific,-0.09831997007131577,-0.11231586337089539,-0.102707639336586,-0.0859522819519043,0.012367688119411469,0.02636358141899109,0.0167553573846817,0.01399589329957962,0.004387669265270233,0.01399589329957962,0.004387669265270233,33,4,0.8787878787878788
40,H,3,gnnexplainer,0.9,match_ig_baseline,scientific,-0.10229311138391495,-0.10254203528165817,-0.11395111680030823,-0.09553185105323792,0.0067612603306770325,0.007010184228420258,0.018419265747070312,0.0002489238977432251,0.01165800541639328,0.0002489238977432251,0.01165800541639328,33,4,0.8787878787878788
40,H,3,integrated_gradients,0.9,match_ig_baseline,scientific,-0.10229311138391495,-0.12287326157093048,-0.09955604374408722,-0.09553185105323792,0.0067612603306770325,0.027341410517692566,0.004024192690849304,0.020580150187015533,0.0027370676398277283,0.020580150187015533,-0.0027370676398277283,33,4,0.8787878787878788
40,H,4,gnnexplainer,0.9,match_ig_baseline,scientific,-0.1030576229095459,-0.1266588270664215,-0.11157925426959991,-0.10788288712501526,0.00482526421546936,0.01877593994140625,0.0036963671445846558,0.02360120415687561,0.008521631360054016,0.01395067572593689,-0.0011288970708847046,33,4,0.8787878787878788
40,H,4,integrated_gradients,0.9,match_ig_baseline,scientific,-0.1030576229095459,-0.12392716854810715,-0.09978429973125458,-0.10788288712501526,0.00482526421546936,0.01604428142309189,0.008098587393760681,0.02086954563856125,0.003273323178291321,0.011219017207622528,0.003273323178291321,33,4,0.8787878787878788
40,H,5,gnnexplainer,0.9,match_ig_baseline,scientific,-0.103059321641922,-0.1455240398645401,-0.10906603187322617,-0.10788288712501526,0.004823565483093262,0.03764115273952484,0.001183144748210907,0.0424647182226181,0.006006710231304169,0.03281758725643158,-0.0036404207348823547,33,4,0.8787878787878788
40,H,5,integrated_gradients,0.9,match_ig_baseline,scientific,-0.103059321641922,-0.12392894178628922,-0.09978929162025452,-0.10788288712501526,0.004823565483093262,0.016046054661273956,0.008093595504760742,0.020869620144367218,0.0032700300216674805,0.011222489178180695,0.0032700300216674805,33,4,0.8787878787878788
40,H,6,gnnexplainer,0.9,match_ig_baseline,scientific,-0.09832146018743515,-0.12691807746887207,-0.10088462382555008,-0.08695228397846222,0.011369176208972931,0.03996579349040985,0.01393233984708786,0.02859661728143692,0.002563163638114929,0.02859661728143692,0.002563163638114929,33,4,0.8787878787878788
40,H,6,integrated_gradients,0.9,match_ig_baseline,scientific,-0.09832146018743515,-0.11231784522533417,-0.10270985215902328,-0.08695228397846222,0.011369176208972931,0.025365561246871948,0.015757568180561066,0.013996385037899017,0.004388391971588135,0.013996385037899017,0.004388391971588135,33,4,0.8787878787878788
40,H,7,gnnexplainer,0.9,match_ig_baseline,scientific,-0.10230148583650589,-0.1289939284324646,-0.1121392548084259,-0.09607572108507156,0.006225764751434326,0.032918207347393036,0.01606353372335434,0.02669244259595871,0.009837768971920013,0.02669244259595871,0.009837768971920013,33,4,0.8787878787878788
40,H,7,integrated_gradients,0.9,match_ig_baseline,scientific,-0.10230148583650589,-0.12288457155227661,-0.09956274926662445,-0.09607572108507156,0.006225764751434326,0.026808850467205048,0.003487028181552887,0.02058308571577072,0.002738736569881439,0.02058308571577072,-0.002738736569881439,33,4,0.8787878787878788
40,C,0,gnnexplainer,0.9,match_ig_baseline,scientific,-7.908596038818359,-7.055784225463867,-8.062156677246094,-7.250866889953613,0.6577291488647461,0.1950826644897461,0.8112897872924805,0.8528118133544922,0.15356063842773438,-0.462646484375,0.15356063842773438,39,4,0.8974358974358975
40,C,0,integrated_gradients,0.9,match_ig_baseline,scientific,-7.908596038818359,-7.1375813484191895,-6.885786056518555,-7.250866889953613,0.6577291488647461,0.11328554153442383,0.3650808334350586,0.7710146903991699,1.0228099822998047,-0.5444436073303223,-0.2926483154296875,39,4,0.8974358974358975
40,C,1,gnnexplainer,0.9,match_ig_baseline,scientific,-17.15376853942871,-15.728926658630371,-6.378859996795654,-17.124717712402344,0.029050827026367188,1.3957910537719727,10.74585771560669,1.4248418807983398,10.774908542633057,1.3667402267456055,10.716806888580322,39,4,0.8974358974358975
40,C,1,integrated_gradients,0.9,match_ig_baseline,scientific,-17.15376853942871,-3.8761374950408936,-18.545785903930664,-17.124717712402344,0.029050827026367188,13.24858021736145,1.4210681915283203,13.277631044387817,1.3920173645019531,13.219529390335083,1.3920173645019531,39,4,0.8974358974358975
40,C,2,gnnexplainer,0.9,match_ig_baseline,scientific,-7.908130168914795,-7.862065315246582,-6.437808513641357,-7.251823425292969,0.6563067436218262,0.6102418899536133,0.8140149116516113,0.04606485366821289,1.4703216552734375,-0.04606485366821289,0.15770816802978516,39,4,0.8974358974358975
40,C,2,integrated_gradients,0.9,match_ig_baseline,scientific,-7.908130168914795,-7.137096405029297,-6.88583517074585,-7.251823425292969,0.6563067436218262,0.11472702026367188,0.36598825454711914,0.771033763885498,1.0222949981689453,-0.5415797233581543,-0.29031848907470703,39,4,0.8974358974358975
40,C,3,gnnexplainer,0.9,match_ig_baseline,scientific,-0.5602575540542603,-1.1777135133743286,-1.2887707948684692,-0.6550225019454956,0.09476494789123535,0.522691011428833,0.6337482929229736,0.6174559593200684,0.728513240814209,0.42792606353759766,0.5389833450317383,39,4,0.8974358974358975
40,C,3,integrated_gradients,0.9,match_ig_baseline,scientific,-0.5602575540542603,-2.2317585945129395,-0.6453542709350586,-0.6550225019454956,0.09476494789123535,1.5767360925674438,0.009668231010437012,1.6715010404586792,0.08509671688079834,1.4819711446762085,-0.08509671688079834,39,4,0.8974358974358975
40,C,4,gnnexplainer,0.9,match_ig_baseline,scientific,-0.5603219866752625,-0.9543049931526184,-1.8589762449264526,-0.6576103568077087,0.09728837013244629,0.29669463634490967,1.201365888118744,0.39398300647735596,1.2986542582511902,0.19940626621246338,1.1040775179862976,39,4,0.8974358974358975
40,C,4,integrated_gradients,0.9,match_ig_baseline,scientific,-0.5603219866752625,-2.2318027019500732,-0.645368218421936,-0.6576103568077087,0.09728837013244629,1.5741923451423645,0.012242138385772705,1.6714807152748108,0.08504623174667358,1.4769039750099182,-0.08504623174667358,39,4,0.8974358974358975
50,H,0,gnnexplainer,0.9,match_ig_baseline,scientific,-0.18866461515426636,-0.20994248986244202,-0.20141789317131042,-0.18572446703910828,0.002940148115158081,0.02421802282333374,0.01569342613220215,0.02127787470817566,0.012753278017044067,0.02127787470817566,0.012753278017044067,33,4,0.8787878787878788
50,H,0,integrated_gradients,0.9,match_ig_baseline,scientific,-0.18866461515426636,-0.1888628900051117,-0.18746206164360046,-0.18572446703910828,0.002940148115158081,0.003138422966003418,0.0017375946044921875,0.00019827485084533691,0.0012025535106658936,0.00019827485084533691,-0.0012025535106658936,33,4,0.8787878787878788
50,H,1,gnnexplainer,0.9,match_ig_baseline,scientific,-0.19408667087554932,-0.22464841604232788,-0.20067265629768372,-0.1745053380727768,0.019581332802772522,0.050143077969551086,0.02616731822490692,0.030561745166778564,0.006585985422134399,0.030561745166778564,0.006585985422134399,33,4,0.8787878787878788
50,H,1,integrated_gradients,0.9,match_ig_baseline,scientific,-0.19408667087554932,-0.18720051646232605,-0.188992440700531,-0.1745053380727768,0.019581332802772522,0.012695178389549255,0.014487102627754211,0.006886154413223267,0.0050942301750183105,-0.006886154413223267,-0.0050942301750183105,33,4,0.8787878787878788
50,H,2,gnnexplainer,0.9,match_ig_baseline,scientific,-0.13721123337745667,-0.1471220999956131,-0.11762434244155884,-0.1240059956908226,0.013205237686634064,0.023116104304790497,0.006381653249263763,0.009910866618156433,0.019586890935897827,0.009910866618156433,-0.0068235844373703,33,4,0.8787878787878788
50,H,2,integrated_gradients,0.9,match_ig_baseline,scientific,-0.13721123337745667,-0.14136649668216705,-0.13383722305297852,-0.1240059956908226,0.013205237686634064,0.017360500991344452,0.009831227362155914,0.004155263304710388,0.0033740103244781494,0.004155263304710388,-0.0033740103244781494,33,4,0.8787878787878788
50,H,3,gnnexplainer,0.9,match_ig_baseline,scientific,-0.06269896030426025,-0.06307580322027206,-0.08269084990024567,-0.029461706057190895,0.03323725424706936,0.03361409716308117,0.05322914384305477,0.0003768429160118103,0.019991889595985413,0.0003768429160118103,0.019991889595985413,33,4,0.8787878787878788
50,H,3,integrated_gradients,0.9,match_ig_baseline,scientific,-0.06269896030426025,-0.0847470685839653,-0.06743931770324707,-0.029461706057190895,0.03323725424706936,0.055285362526774406,0.037977611646056175,0.022048108279705048,0.004740357398986816,0.022048108279705048,0.004740357398986816,33,4,0.8787878787878788
50,H,4,gnnexplainer,0.9,match_ig_baseline,scientific,-0.05592544749379158,-0.04370405524969101,-0.0832996740937233,-0.08866342157125473,0.03273797407746315,0.04495936632156372,0.005363747477531433,0.01222139224410057,0.027374226599931717,0.01222139224410057,-0.027374226599931717,33,4,0.8787878787878788
50,H,4,integrated_gradients,0.9,match_ig_baseline,scientific,-0.05592544749379158,-0.07398952543735504,-0.06670168787240982,-0.08866342157125473,0.03273797407746315,0.014673896133899689,0.02196173369884491,0.01806407794356346,0.01077624037861824,-0.01806407794356346,-0.01077624037861824,33,4,0.8787878787878788
50,H,5,gnnexplainer,0.9,match_ig_baseline,scientific,-0.08462868630886078,-0.0841333270072937,-0.103395476937294,-0.06410186737775803,0.020526818931102753,0.020031459629535675,0.03929360955953598,0.0004953593015670776,0.018766790628433228,-0.0004953593015670776,0.018766790628433228,33,4,0.8787878787878788
50,H,5,integrated_gradients,0.9,match_ig_baseline,scientific,-0.08462868630886078,-0.09815524518489838,-0.07947537302970886,-0.06410186737775803,0.020526818931102753,0.03405337780714035,0.015373505651950836,0.013526558876037598,0.0051533132791519165,0.013526558876037598,-0.0051533132791519165,33,4,0.8787878787878788
50,H,6,gnnexplainer,0.9,match_ig_baseline,scientific,-0.33054494857788086,-0.29153087735176086,-0.3553381562232971,-0.3011716902256012,0.029373258352279663,0.009640812873840332,0.05416646599769592,0.039014071226119995,0.02479320764541626,-0.01973244547843933,0.02479320764541626,33,4,0.8787878787878788
50,H,6,integrated_gradients,0.9,match_ig_baseline,scientific,-0.33054494857788086,-0.2650616765022278,-0.31565940380096436,-0.3011716902256012,0.029373258352279663,0.03611001372337341,0.01448771357536316,0.06548327207565308,0.014885544776916504,0.00673675537109375,-0.014885544776916504,33,4,0.8787878787878788
50,H,7,gnnexplainer,0.9,match_ig_baseline,scientific,-0.3257949948310852,-0.346025675535202,-0.40825238823890686,-0.362988144159317,0.03719314932823181,0.01696246862411499,0.045264244079589844,0.02023068070411682,0.08245739340782166,-0.02023068070411682,0.008071094751358032,33,4,0.8787878787878788
50,H,7,integrated_gradients,0.9,match_ig_baseline,scientific,-0.3257949948310852,-0.31439414620399475,-0.30455106496810913,-0.362988144159317,0.03719314932823181,0.048593997955322266,0.058437079191207886,0.011400848627090454,0.021243929862976074,0.011400848627090454,0.021243929862976074,33,4,0.8787878787878788
50,C,0,gnnexplainer,0.9,match_ig_baseline,scientific,-3.4731967449188232,-4.328427791595459,-4.872448921203613,-3.638505220413208,0.16530847549438477,0.689922571182251,1.2339437007904053,0.8552310466766357,1.39925217628479,0.5246140956878662,1.0686352252960205,39,4,0.8974358974358975
50,C,0,integrated_gradients,0.9,match_ig_baseline,scientific,-3.4731967449188232,-5.4750075340271,-3.37502384185791,-3.638505220413208,0.16530847549438477,1.8365023136138916,0.26348137855529785,2.0018107891082764,0.09817290306091309,1.6711938381195068,0.09817290306091309,39,4,0.8974358974358975
50,C,1,gnnexplainer,0.9,match_ig_baseline,scientific,-2.626781463623047,-6.000490665435791,-3.237761974334717,-2.7032065391540527,0.07642507553100586,3.2972841262817383,0.5345554351806641,3.373709201812744,0.6109805107116699,3.2208590507507324,0.4581303596496582,39,4,0.8974358974358975
50,C,1,integrated_gradients,0.9,match_ig_baseline,scientific,-2.626781463623047,-5.394550800323486,-2.767319440841675,-2.7032065391540527,0.07642507553100586,2.6913442611694336,0.06411290168762207,2.7677693367004395,0.14053797721862793,2.6149191856384277,-0.012312173843383789,39,4,0.8974358974358975
50,C,2,gnnexplainer,0.9,match_ig_baseline,scientific,-2.6187326908111572,-2.0846612453460693,-5.176218032836914,-3.0836172103881836,0.46488451957702637,0.9989559650421143,2.0926008224487305,0.5340714454650879,2.557485342025757,0.5340714454650879,1.627716302871704,39,4,0.8974358974358975
50,C,2,integrated_gradients,0.9,match_ig_baseline,scientific,-2.6187326908111572,-4.560937881469727,-2.4408841133117676,-3.0836172103881836,0.46488451957702637,1.477320671081543,0.642733097076416,1.9422051906585693,0.17784857749938965,1.0124361515045166,0.17784857749938965,39,4,0.8974358974358975
50,C,3,gnnexplainer,0.9,match_ig_baseline,scientific,-12.352452278137207,-8.279603958129883,-9.985692977905273,-11.829119682312012,0.5233325958251953,3.549515724182129,1.8434267044067383,4.072848320007324,2.3667593002319336,3.0261831283569336,1.320094108581543,39,4,0.8974358974358975
50,C,3,integrated_gradients,0.9,match_ig_baseline,scientific,-12.352452278137207,-5.901345252990723,-11.60353946685791,-11.829119682312012,0.5233325958251953,5.927774429321289,0.22558021545410156,6.451107025146484,0.7489128112792969,5.404441833496094,-0.29775238037109375,39,4,0.8974358974358975
50,C,4,gnnexplainer,0.9,match_ig_baseline,scientific,-12.56570053100586,-11.464380264282227,-5.940527439117432,-12.671215057373047,0.1055145263671875,1.2068347930908203,6.730687618255615,1.1013202667236328,6.625173091888428,1.1013202667236328,6.625173091888428,39,4,0.8974358974358975
50,C,4,integrated_gradients,0.9,match_ig_baseline,scientific,-12.56570053100586,-7.026000499725342,-11.20088005065918,-12.671215057373047,0.1055145263671875,5.645214557647705,1.4703350067138672,5.539700031280518,1.3648204803466797,5.539700031280518,1.3648204803466797,39,4,0.8974358974358975
50,C,5,gnnexplainer,0.9,match_ig_baseline,scientific,-1.2540905475616455,-2.8094000816345215,-1.7497847080230713,-1.9315294027328491,0.6774388551712036,0.8778706789016724,0.18174469470977783,1.555309534072876,0.4956941604614258,0.20043182373046875,-0.4956941604614258,39,4,0.8974358974358975
50,C,5,integrated_gradients,0.9,match_ig_baseline,scientific,-1.2540905475616455,-3.2381632328033447,-1.3647704124450684,-1.9315294027328491,0.6774388551712036,1.3066338300704956,0.5667589902877808,1.9840726852416992,0.11067986488342285,0.629194974899292,-0.11067986488342285,39,4,0.8974358974358975
60,H,0,gnnexplainer,0.9,match_ig_baseline,scientific,-0.15097780525684357,-0.1687009036540985,-0.16280174255371094,-0.14997045695781708,0.0010073482990264893,0.018730446696281433,0.01283128559589386,0.017723098397254944,0.01182393729686737,0.017723098397254944,0.01182393729686737,33,4,0.8787878787878788
60,H,0,integrated_gradients,0.9,match_ig_baseline,scientific,-0.15097780525684357,-0.1741236448287964,-0.1426563858985901,-0.14997045695781708,0.0010073482990264893,0.02415318787097931,0.00731407105922699,0.02314583957195282,0.008321419358253479,0.02314583957195282,0.0063067227602005005,33,4,0.8787878787878788
60,H,1,gnnexplainer,0.9,match_ig_baseline,scientific,-0.1324499100446701,-0.14552411437034607,-0.15618497133255005,-0.09751375764608383,0.03493615239858627,0.04801035672426224,0.05867121368646622,0.013074204325675964,0.023735061287879944,0.013074204325675964,0.023735061287879944,33,4,0.8787878787878788
60,H,1,integrated_gradients,0.9,match_ig_baseline,scientific,-0.1324499100446701,-0.14916452765464783,-0.1343085765838623,-0.09751375764608383,0.03493615239858627,0.051650770008563995,0.03679481893777847,0.016714617609977722,0.0018586665391921997,0.016714617609977722,0.0018586665391921997,33,4,0.8787878787878788
60,H,2,gnnexplainer,0.9,match_ig_baseline,scientific,-0.15090197324752808,-0.16042301058769226,-0.14241237938404083,-0.15051423013210297,0.00038774311542510986,0.009908780455589294,0.008101850748062134,0.009521037340164185,0.008489593863487244,0.009521037340164185,0.007714107632637024,33,4,0.8787878787878788
60,H,2,integrated_gradients,0.9,match_ig_baseline,scientific,-0.15090197324752808,-0.17404767870903015,-0.1426396518945694,-0.15051423013210297,0.00038774311542510986,0.023533448576927185,0.00787457823753357,0.023145705461502075,0.00826232135295868,0.023145705461502075,0.0074868351221084595,33,4,0.8787878787878788
60,H,3,gnnexplainer,0.9,match_ig_baseline,scientific,-0.33914846181869507,-0.3065206706523895,-0.40662869811058044,-0.3611016869544983,0.021953225135803223,0.054581016302108765,0.04552701115608215,0.03262779116630554,0.06748023629188538,0.03262779116630554,0.02357378602027893,33,4,0.8787878787878788
60,H,3,integrated_gradients,0.9,match_ig_baseline,scientific,-0.33914846181869507,-0.29388126730918884,-0.3315161466598511,-0.3611016869544983,0.021953225135803223,0.06722041964530945,0.029585540294647217,0.045267194509506226,0.007632315158843994,0.045267194509506226,0.007632315158843994,33,4,0.8787878787878788
60,H,4,gnnexplainer,0.9,match_ig_baseline,scientific,-0.12922048568725586,-0.1517118513584137,-0.14086392521858215,-0.11608413606882095,0.013136349618434906,0.03562771528959274,0.0247797891497612,0.022491365671157837,0.011643439531326294,0.022491365671157837,0.011643439531326294,33,4,0.8787878787878788
60,H,4,integrated_gradients,0.9,match_ig_baseline,scientific,-0.12922048568725586,-0.13087821006774902,-0.12614651024341583,-0.11608413606882095,0.013136349618434906,0.01479407399892807,0.01006237417459488,0.001657724380493164,0.003073975443840027,0.001657724380493164,-0.003073975443840027,33,4,0.8787878787878788
60,H,5,gnnexplainer,0.9,match_ig_baseline,scientific,-0.11980047821998596,-0.14150270819664001,-0.13898137211799622,-0.1072341725230217,0.012566305696964264,0.03426853567361832,0.03174719959497452,0.021702229976654053,0.019180893898010254,0.021702229976654053,0.019180893898010254,33,4,0.8787878787878788
60,H,5,integrated_gradients,0.9,match_ig_baseline,scientific,-0.11980047821998596,-0.13711556792259216,-0.1268540918827057,-0.1072341725230217,0.012566305696964264,0.029881395399570465,0.01961991935968399,0.0173150897026062,0.0070536136627197266,0.0173150897026062,0.0070536136627197266,33,4,0.8787878787878788
60,H,6,gnnexplainer,0.9,match_ig_baseline,scientific,-0.1212349608540535,-0.13756829500198364,-0.15207594633102417,-0.10564631968736649,0.015588641166687012,0.03192197531461716,0.046429626643657684,0.016333334147930145,0.030840985476970673,0.016333334147930145,0.030840985476970673,33,4,0.8787878787878788
60,H,6,integrated_gradients,0.9,match_ig_baseline,scientific,-0.1212349608540535,-0.13862666487693787,-0.12814363837242126,-0.10564631968736649,0.015588641166687012,0.03298034518957138,0.02249731868505478,0.01739170402288437,0.006908677518367767,0.01739170402288437,0.006908677518367767,33,4,0.8787878787878788
60,H,7,gnnexplainer,0.9,match_ig_baseline,scientific,-0.13311204314231873,-0.16016986966133118,-0.16848939657211304,-0.13005854189395905,0.00305350124835968,0.03011132776737213,0.03843085467815399,0.02705782651901245,0.03537735342979431,0.02705782651901245,0.03537735342979431,33,4,0.8787878787878788
60,H,7,integrated_gradients,0.9,match_ig_baseline,scientific,-0.13311204314231873,-0.14309978485107422,-0.13873383402824402,-0.13005854189395905,0.00305350124835968,0.013041242957115173,0.008675292134284973,0.009987741708755493,0.005621790885925293,0.009987741708755493,0.005621790885925293,33,4,0.8787878787878788
60,H,8,gnnexplainer,0.9,match_ig_baseline,scientific,-0.12041299045085907,-0.13284215331077576,-0.15016961097717285,-0.11315438151359558,0.007258608937263489,0.019687771797180176,0.03701522946357727,0.012429162859916687,0.029756620526313782,0.012429162859916687,0.029756620526313782,33,4,0.8787878787878788
60,H,8,integrated_gradients,0.9,match_ig_baseline,scientific,-0.12041299045085907,-0.13949111104011536,-0.1254511922597885,-0.11315438151359558,0.007258608937263489,0.026336729526519775,0.012296810746192932,0.019078120589256287,0.005038201808929443,0.019078120589256287,0.005038201808929443,33,4,0.8787878787878788
60,H,9,gnnexplainer,0.9,match_ig_baseline,scientific,-0.1321820467710495,-0.11778497695922852,-0.15041208267211914,-0.1316463202238083,0.0005357265472412109,0.013861343264579773,0.018765762448310852,0.014397069811820984,0.01823003590106964,0.013325616717338562,0.01823003590106964,33,4,0.8787878787878788
60,H,9,integrated_gradients,0.9,match_ig_baseline,scientific,-0.1321820467710495,-0.143471360206604,-0.13109782338142395,-0.1316463202238083,0.0005357265472412109,0.011825039982795715,0.0005484968423843384,0.011289313435554504,0.0010842233896255493,0.011289313435554504,1.2770295143127441e-05,33,4,0.8787878787878788
60,C,0,gnnexplainer,0.9,match_ig_baseline,scientific,-1.2536066770553589,-1.8243192434310913,-2.522892713546753,-1.4363102912902832,0.18270361423492432,0.3880089521408081,1.0865824222564697,0.5707125663757324,1.269286036491394,0.2053053379058838,0.9038788080215454,39,4,0.8974358974358975
60,C,0,integrated_gradients,0.9,match_ig_baseline,scientific,-1.2536066770553589,-2.6572813987731934,-1.5870616436004639,-1.4363102912902832,0.18270361423492432,1.2209711074829102,0.15075135231018066,1.4036747217178345,0.333454966545105,1.0382674932479858,-0.03195226192474365,39,4,0.8974358974358975
60,C,1,gnnexplainer,0.9,match_ig_baseline,scientific,-11.765027046203613,-11.29944896697998,-7.122232913970947,-10.832813262939453,0.9322137832641602,0.46663570404052734,3.710580348968506,0.4655780792236328,4.642794132232666,-0.4655780792236328,2.7783665657043457,39,4,0.8974358974358975
60,C,1,integrated_gradients,0.9,match_ig_baseline,scientific,-11.765027046203613,-7.789063453674316,-9.070473670959473,-10.832813262939453,0.9322137832641602,3.0437498092651367,1.7623395919799805,3.975963592529297,2.6945533752441406,2.1115360260009766,0.8301258087158203,39,4,0.8974358974358975
60,C,2,gnnexplainer,0.9,match_ig_baseline,scientific,-12.83496379852295,-13.1071195602417,-7.940242767333984,-12.055366516113281,0.779597282409668,1.051753044128418,4.115123748779297,0.27215576171875,4.894721031188965,0.27215576171875,3.335526466369629,39,4,0.8974358974358975
60,C,2,integrated_gradients,0.9,match_ig_baseline,scientific,-12.83496379852295,-8.491101264953613,-10.997713088989258,-12.055366516113281,0.779597282409668,3.564265251159668,1.0576534271240234,4.343862533569336,1.8372507095336914,2.78466796875,0.27805614471435547,39,4,0.8974358974358975
60,C,3,gnnexplainer,0.9,match_ig_baseline,scientific,-1.4039491415023804,-3.203195095062256,-1.5229347944259644,-1.2828102111816406,0.12113893032073975,1.9203848838806152,0.24012458324432373,1.7992459535598755,0.11898565292358398,1.7992459535598755,0.11898565292358398,39,4,0.8974358974358975
60,C,3,integrated_gradients,0.9,match_ig_baseline,scientific,-1.4039491415023804,-3.7880945205688477,-1.3944188356399536,-1.2828102111816406,0.12113893032073975,2.505284309387207,0.11160862445831299,2.3841453790664673,0.009530305862426758,2.3841453790664673,-0.009530305862426758,39,4,0.8974358974358975
60,C,4,gnnexplainer,0.9,match_ig_baseline,scientific,-1.8668973445892334,-3.0199499130249023,-2.1594955921173096,-1.9992175102233887,0.13232016563415527,1.0207324028015137,0.1602780818939209,1.153052568435669,0.29259824752807617,0.8884122371673584,0.027957916259765625,39,4,0.8974358974358975
60,C,4,integrated_gradients,0.9,match_ig_baseline,scientific,-1.8668973445892334,-2.855639934539795,-1.8782230615615845,-1.9992175102233887,0.13232016563415527,0.8564224243164062,0.1209944486618042,0.9887425899505615,0.011325716972351074,0.724102258682251,-0.011325716972351074,39,4,0.8974358974358975
70,H,0,gnnexplainer,0.9,match_ig_baseline,scientific,-0.21777480840682983,-0.24116504192352295,-0.18914121389389038,-0.2288912832736969,0.011116474866867065,0.01227375864982605,0.03975006937980652,0.023390233516693115,0.028633594512939453,0.0011572837829589844,0.028633594512939453,33,4,0.8787878787878788
70,H,0,integrated_gradients,0.9,match_ig_baseline,scientific,-0.21777480840682983,-0.2053120732307434,-0.21937111020088196,-0.2288912832736969,0.011116474866867065,0.02357921004295349,0.009520173072814941,0.012462735176086426,0.001596301794052124,0.012462735176086426,-0.001596301794052124,33,4,0.8787878787878788
70,H,1,gnnexplainer,0.9,match_ig_baseline,scientific,-0.2177737057209015,-0.21646574139595032,-0.2713859975337982,-0.2288912832736969,0.01111757755279541,0.012425541877746582,0.04249471426010132,0.0013079643249511719,0.05361229181289673,0.0013079643249511719,0.03137713670730591,33,4,0.8787878787878788
70,H,1,integrated_gradients,0.9,match_ig_baseline,scientific,-0.2177737057209015,-0.20530962944030762,-0.21937158703804016,-0.2288912832736969,0.01111757755279541,0.023581653833389282,0.009519696235656738,0.012464076280593872,0.0015978813171386719,0.012464076280593872,-0.0015978813171386719,33,4,0.8787878787878788
70,H,2,gnnexplainer,0.9,match_ig_baseline,scientific,-0.42994076013565063,-0.4379313588142395,-0.38480398058891296,-0.43758425116539,0.00764349102973938,0.0003471076488494873,0.05278027057647705,0.007990598678588867,0.04513677954673767,-0.007296383380889893,0.04513677954673767,33,4,0.8787878787878788
70,H,2,integrated_gradients,0.9,match_ig_baseline,scientific,-0.42994076013565063,-0.3884690999984741,-0.37969204783439636,-0.43758425116539,0.00764349102973938,0.049115151166915894,0.05789220333099365,0.041471660137176514,0.05024871230125427,0.041471660137176514,0.05024871230125427,33,4,0.8787878787878788
70,H,3,gnnexplainer,0.9,match_ig_baseline,scientific,-0.4298734664916992,-0.3563373386859894,-0.47693002223968506,-0.4359964430332184,0.006122976541519165,0.079659104347229,0.040933579206466675,0.07353612780570984,0.04705655574798584,0.07353612780570984,0.03481060266494751,33,4,0.8787878787878788
70,H,3,integrated_gradients,0.9,match_ig_baseline,scientific,-0.4298734664916992,-0.3884756565093994,-0.37966465950012207,-0.4359964430332184,0.006122976541519165,0.04752078652381897,0.056331783533096313,0.041397809982299805,0.05020880699157715,0.041397809982299805,0.05020880699157715,33,4,0.8787878787878788
70,H,4,gnnexplainer,0.9,match_ig_baseline,scientific,-0.1671881079673767,-0.15987685322761536,-0.1702180802822113,-0.16839148104190826,0.0012033730745315552,0.008514627814292908,0.0018265992403030396,0.0073112547397613525,0.0030299723148345947,0.0073112547397613525,0.0006232261657714844,33,4,0.8787878787878788
70,H,4,integrated_gradients,0.9,match_ig_baseline,scientific,-0.1671881079673767,-0.15011504292488098,-0.17359097301959991,-0.16839148104190826,0.0012033730745315552,0.018276438117027283,0.00519949197769165,0.017073065042495728,0.006402865052223206,0.017073065042495728,0.003996118903160095,33,4,0.8787878787878788
70,H,5,gnnexplainer,0.9,match_ig_baseline,scientific,-0.1672239601612091,-0.1399252563714981,-0.19200757145881653,-0.17097912728786469,0.0037551671266555786,0.031053870916366577,0.021028444170951843,0.027298703789711,0.024783611297607422,0.027298703789711,0.017273277044296265,33,4,0.8787878787878788
70,H,5,integrated_gradients,0.9,match_ig_baseline,scientific,-0.1672239601612091,-0.15013432502746582,-0.17363601922988892,-0.17097912728786469,0.0037551671266555786,0.020844802260398865,0.002656891942024231,0.017089635133743286,0.00641205906867981,0.017089635133743286,-0.0010982751846313477,33,4,0.8787878787878788
70,H,6,gnnexplainer,0.9,match_ig_baseline,scientific,-0.42992478609085083,-0.41966381669044495,-0.3811722993850708,-0.43699654936790466,0.007071763277053833,0.017332732677459717,0.05582424998283386,0.010260969400405884,0.04875248670578003,0.010260969400405884,0.04875248670578003,33,4,0.8787878787878788
70,H,6,integrated_gradients,0.9,match_ig_baseline,scientific,-0.42992478609085083,-0.3884727656841278,-0.3796660900115967,-0.43699654936790466,0.007071763277053833,0.048523783683776855,0.05733045935630798,0.04145202040672302,0.05025869607925415,0.04145202040672302,0.05025869607925415,33,4,0.8787878787878788
70,H,7,gnnexplainer,0.9,match_ig_baseline,scientific,-0.4298591613769531,-0.36786192655563354,-0.49108994007110596,-0.4369964301586151,0.007137268781661987,0.06913450360298157,0.054093509912490845,0.06199723482131958,0.06123077869415283,0.06199723482131958,0.04695624113082886,33,4,0.8787878787878788
70,H,7,integrated_gradients,0.9,match_ig_baseline,scientific,-0.4298591613769531,-0.3884579539299011,-0.37964579463005066,-0.4369964301586151,0.007137268781661987,0.04853847622871399,0.05735063552856445,0.041401207447052,0.050213366746902466,0.041401207447052,0.050213366746902466,33,4,0.8787878787878788
70,C,0,gnnexplainer,0.9,match_ig_baseline,scientific,-14.926131248474121,-14.368096351623535,-6.973789691925049,-13.971240043640137,0.9548912048339844,0.39685630798339844,6.997450351715088,0.5580348968505859,7.952341556549072,-0.5580348968505859,6.0425591468811035,39,4,0.8974358974358975
70,C,0,integrated_gradients,0.9,match_ig_baseline,scientific,-14.926131248474121,-7.67441987991333,-13.952784538269043,-13.971240043640137,0.9548912048339844,6.296820163726807,0.01845550537109375,7.251711368560791,0.9733467102050781,5.341928958892822,-0.9364356994628906,39,4,0.8974358974358975
70,C,1,gnnexplainer,0.9,match_ig_baseline,scientific,-14.925315856933594,-12.98540210723877,-7.632168292999268,-13.960783958435059,0.9645318984985352,0.9753818511962891,6.328615665435791,1.9399137496948242,7.293147563934326,0.010849952697753906,5.364083766937256,39,4,0.8974358974358975
70,C,1,integrated_gradients,0.9,match_ig_baseline,scientific,-14.925315856933594,-7.675420761108398,-13.952763557434082,-13.960783958435059,0.9645318984985352,6.28536319732666,0.008020401000976562,7.249895095825195,0.9725522994995117,5.320831298828125,-0.9565114974975586,39,4,0.8974358974358975
70,C,2,gnnexplainer,0.9,match_ig_baseline,scientific,-4.708176136016846,-4.5788655281066895,-5.912886142730713,-4.4604339599609375,0.2477421760559082,0.11843156814575195,1.4524521827697754,0.12931060791015625,1.2047100067138672,-0.12931060791015625,1.2047100067138672,39,4,0.8974358974358975
70,C,2,integrated_gradients,0.9,match_ig_baseline,scientific,-4.708176136016846,-4.927674770355225,-4.963568210601807,-4.4604339599609375,0.2477421760559082,0.4672408103942871,0.5031342506408691,0.2194986343383789,0.25539207458496094,0.2194986343383789,0.25539207458496094,39,4,0.8974358974358975
70,C,3,gnnexplainer,0.9,match_ig_baseline,scientific,-7.178130626678467,-6.574587345123291,-8.213768005371094,-6.963056564331055,0.2150740623474121,0.38846921920776367,1.250711441040039,0.6035432815551758,1.035637378692627,0.17339515686035156,1.035637378692627,39,4,0.8974358974358975
70,C,3,integrated_gradients,0.9,match_ig_baseline,scientific,-7.178130626678467,-7.929662704467773,-6.5700907707214355,-6.963056564331055,0.2150740623474121,0.9666061401367188,0.39296579360961914,0.7515320777893066,0.6080398559570312,0.7515320777893066,0.17789173126220703,39,4,0.8974358974358975
70,C,4,gnnexplainer,0.9,match_ig_baseline,scientific,-4.70876407623291,-4.0867743492126465,-5.694055080413818,-4.446389675140381,0.2623744010925293,0.3596153259277344,1.2476654052734375,0.6219897270202637,0.9852910041809082,0.09724092483520508,0.9852910041809082,39,4,0.8974358974358975
70,C,4,integrated_gradients,0.9,match_ig_baseline,scientific,-4.70876407623291,-4.928254127502441,-4.964212894439697,-4.446389675140381,0.2623744010925293,0.48186445236206055,0.5178232192993164,0.21949005126953125,0.2554488182067871,0.21949005126953125,0.2554488182067871,39,4,0.8974358974358975
70,C,5,gnnexplainer,0.9,match_ig_baseline,scientific,-14.924627304077148,-14.586338996887207,-7.151205539703369,-13.959739685058594,0.9648876190185547,0.6265993118286133,6.808534145355225,0.3382883071899414,7.773421764373779,-0.3382883071899414,5.84364652633667,39,4,0.8974358974358975
70,C,5,integrated_gradients,0.9,match_ig_baseline,scientific,-14.924627304077148,-7.675577640533447,-13.952964782714844,-13.959739685058594,0.9648876190185547,6.2841620445251465,0.00677490234375,7.249049663543701,0.9716625213623047,5.319274425506592,-0.9581127166748047,39,4,0.8974358974358975
70,C,6,gnnexplainer,0.9,match_ig_baseline,scientific,-14.925527572631836,-12.477022171020508,-8.406298637390137,-13.99178409576416,0.9337434768676758,1.5147619247436523,5.585485458374023,2.448505401611328,6.519228935241699,0.5810184478759766,4.651741981506348,39,4,0.8974358974358975
70,C,6,integrated_gradients,0.9,match_ig_baseline,scientific,-14.925527572631836,-7.674051761627197,-13.953160285949707,-13.99178409576416,0.9337434768676758,6.317732334136963,0.038623809814453125,7.251475811004639,0.9723672866821289,5.383988857269287,-0.8951196670532227,39,4,0.8974358974358975
80,H,0,gnnexplainer,0.9,match_ig_baseline,scientific,-0.027418017387390137,-0.06247556954622269,-0.04853250831365585,-0.01740874908864498,0.010009268298745155,0.045066820457577705,0.031123759225010872,0.03505755215883255,0.021114490926265717,0.03505755215883255,0.021114490926265717,33,4,0.8787878787878788
80,H,0,integrated_gradients,0.9,match_ig_baseline,scientific,-0.027418017387390137,-0.051604289561510086,-0.030324693769216537,-0.01740874908864498,0.010009268298745155,0.034195540472865105,0.012915944680571556,0.02418627217411995,0.0029066763818264008,0.02418627217411995,0.0029066763818264008,33,4,0.8787878787878788
80,H,1,gnnexplainer,0.9,match_ig_baseline,scientific,-0.09810314327478409,-0.11084739863872528,-0.05941522866487503,-0.10289161652326584,0.0047884732484817505,0.007955782115459442,0.04347638785839081,0.012744255363941193,0.03868791460990906,0.0031673088669776917,0.03868791460990906,33,4,0.8787878787878788
80,H,1,integrated_gradients,0.9,match_ig_baseline,scientific,-0.09810314327478409,-0.07377669215202332,-0.09704598784446716,-0.10289161652326584,0.0047884732484817505,0.029114924371242523,0.0058456286787986755,0.024326451122760773,0.001057155430316925,0.024326451122760773,0.001057155430316925,33,4,0.8787878787878788
80,H,2,gnnexplainer,0.9,match_ig_baseline,scientific,-0.17148622870445251,-0.2059994339942932,-0.18682819604873657,-0.15494415163993835,0.01654207706451416,0.05105528235435486,0.03188404440879822,0.0345132052898407,0.015341967344284058,0.0345132052898407,0.015341967344284058,33,4,0.8787878787878788
80,H,2,integrated_gradients,0.9,match_ig_baseline,scientific,-0.17148622870445251,-0.1768721640110016,-0.17074480652809143,-0.15494415163993835,0.01654207706451416,0.021928012371063232,0.015800654888153076,0.005385935306549072,0.000741422176361084,0.005385935306549072,-0.000741422176361084,33,4,0.8787878787878788
80,H,3,gnnexplainer,0.9,match_ig_baseline,scientific,-0.1750560700893402,-0.16228660941123962,-0.17499031126499176,-0.2196807712316513,0.044624701142311096,0.05739416182041168,0.044690459966659546,0.012769460678100586,6.575882434844971e-05,0.012769460678100586,6.575882434844971e-05,33,4,0.8787878787878788
80,H,3,integrated_gradients,0.9,match_ig_baseline,scientific,-0.1750560700893402,-0.17479336261749268,-0.1707112044095993,-0.2196807712316513,0.044624701142311096,0.04488740861415863,0.048969566822052,0.0002627074718475342,0.004344865679740906,0.0002627074718475342,0.004344865679740906,33,4,0.8787878787878788
80,H,4,gnnexplainer,0.9,match_ig_baseline,scientific,-0.17506587505340576,-0.17266765236854553,-0.20025226473808289,-0.21868076920509338,0.04361489415168762,0.04601311683654785,0.018428504467010498,0.0023982226848602295,0.025186389684677124,0.0023982226848602295,-0.025186389684677124,33,4,0.8787878787878788
80,H,4,integrated_gradients,0.9,match_ig_baseline,scientific,-0.17506587505340576,-0.1748124659061432,-0.17072704434394836,-0.21868076920509338,0.04361489415168762,0.043868303298950195,0.04795372486114502,0.00025340914726257324,0.0043388307094573975,0.00025340914726257324,0.0043388307094573975,33,4,0.8787878787878788
80,H,5,gnnexplainer,0.9,match_ig_baseline,scientific,-0.1715124100446701,-0.17490321397781372,-0.1762353479862213,-0.1559881865978241,0.015524223446846008,0.018915027379989624,0.020247161388397217,0.0033908039331436157,0.0047229379415512085,0.0033908039331436157,0.0047229379415512085,33,4,0.8787878787878788
80,H,5,integrated_gradients,0.9,match_ig_baseline,scientific,-0.1715124100446701,-0.17690494656562805,-0.1707637906074524,-0.1559881865978241,0.015524223446846008,0.020916759967803955,0.014775604009628296,0.005392536520957947,0.0007486194372177124,0.005392536520957947,-0.0007486194372177124,33,4,0.8787878787878788
80,H,6,gnnexplainer,0.9,match_ig_baseline,scientific,-0.02744060382246971,-0.05534812808036804,-0.05650421604514122,-0.017996521666646004,0.009444082155823708,0.03735160641372204,0.038507694378495216,0.02790752425789833,0.02906361222267151,0.02790752425789833,0.02906361222267151,33,4,0.8787878787878788
80,H,6,integrated_gradients,0.9,match_ig_baseline,scientific,-0.02744060382246971,-0.05163717269897461,-0.03034886345267296,-0.017996521666646004,0.009444082155823708,0.033640651032328606,0.012352341786026955,0.024196568876504898,0.002908259630203247,0.024196568876504898,0.002908259630203247,33,4,0.8787878787878788
80,H,7,gnnexplainer,0.9,match_ig_baseline,scientific,-0.09812439233064651,-0.06732730567455292,-0.13066314160823822,-0.10184769332408905,0.0037233009934425354,0.03452038764953613,0.02881544828414917,0.030797086656093597,0.032538749277591705,0.030797086656093597,0.025092147290706635,33,4,0.8787878787878788
80,H,7,integrated_gradients,0.9,match_ig_baseline,scientific,-0.09812439233064651,-0.07379499822854996,-0.09704983979463577,-0.10184769332408905,0.0037233009934425354,0.028052695095539093,0.004797853529453278,0.024329394102096558,0.0010745525360107422,0.024329394102096558,0.0010745525360107422,33,4,0.8787878787878788
80,H,8,gnnexplainer,0.9,match_ig_baseline,scientific,-0.27809271216392517,-0.26247119903564453,-0.2844361960887909,-0.2789176404476166,0.0008249282836914062,0.016446441411972046,0.005518555641174316,0.01562151312828064,0.006343483924865723,0.01562151312828064,0.00469362735748291,33,4,0.8787878787878788
80,H,8,integrated_gradients,0.9,match_ig_baseline,scientific,-0.27809271216392517,-0.17930760979652405,-0.2887788414955139,-0.2789176404476166,0.0008249282836914062,0.09961003065109253,0.009861201047897339,0.09878510236740112,0.010686129331588745,0.09878510236740112,0.009036272764205933,33,4,0.8787878787878788
80,H,9,gnnexplainer,0.9,match_ig_baseline,scientific,-0.2780750095844269,-0.2792654037475586,-0.21638250350952148,-0.2763298749923706,0.0017451345920562744,0.0029355287551879883,0.05994737148284912,0.0011903941631317139,0.061692506074905396,0.0011903941631317139,0.05820223689079285,33,4,0.8787878787878788
80,H,9,integrated_gradients,0.9,match_ig_baseline,scientific,-0.2780750095844269,-0.17929473519325256,-0.2887715697288513,-0.2763298749923706,0.0017451345920562744,0.09703513979911804,0.012441694736480713,0.09878027439117432,0.010696560144424438,0.09529000520706177,0.010696560144424438,33,4,0.8787878787878788
80,C,0,gnnexplainer,0.9,match_ig_baseline,scientific,-1.342687726020813,-2.5584933757781982,-2.4671123027801514,-1.346888780593872,0.004201054573059082,1.2116045951843262,1.1202235221862793,1.2158056497573853,1.1244245767593384,1.207403540611267,1.1160224676132202,39,4,0.8974358974358975
80,C,0,integrated_gradients,0.9,match_ig_baseline,scientific,-1.342687726020813,-3.432764768600464,-1.2893786430358887,-1.346888780593872,0.004201054573059082,2.085875988006592,0.0575101375579834,2.090077042579651,0.053309082984924316,2.0816749334335327,0.053309082984924316,39,4,0.8974358974358975
80,C,1,gnnexplainer,0.9,match_ig_baseline,scientific,-1.342779278755188,-2.7063539028167725,-2.254587173461914,-1.3468447923660278,0.004065513610839844,1.3595091104507446,0.9077423810958862,1.3635746240615845,0.9118078947067261,1.3554435968399048,0.9036768674850464,39,4,0.8974358974358975
80,C,1,integrated_gradients,0.9,match_ig_baseline,scientific,-1.342779278755188,-3.432490825653076,-1.2893046140670776,-1.3468447923660278,0.004065513610839844,2.0856460332870483,0.057540178298950195,2.089711546897888,0.05347466468811035,2.0815805196762085,0.05347466468811035,39,4,0.8974358974358975
80,C,2,gnnexplainer,0.9,match_ig_baseline,scientific,-1.8862941265106201,-4.213669300079346,-2.0861079692840576,-1.9850852489471436,0.09879112243652344,2.228584051132202,0.10102272033691406,2.3273751735687256,0.1998138427734375,2.1297929286956787,0.002231597900390625,39,4,0.8974358974358975
80,C,2,integrated_gradients,0.9,match_ig_baseline,scientific,-1.8862941265106201,-3.465334892272949,-2.4985268115997314,-1.9850852489471436,0.09879112243652344,1.4802496433258057,0.5134415626525879,1.579040765762329,0.6122326850891113,1.3814585208892822,0.41465044021606445,39,4,0.8974358974358975
80,C,3,gnnexplainer,0.9,match_ig_baseline,scientific,-8.737034797668457,-7.660055637359619,-6.795319080352783,-8.796553611755371,0.05951881408691406,1.136497974395752,2.001234531402588,1.076979160308838,1.9417157173156738,1.076979160308838,1.9417157173156738,39,4,0.8974358974358975
80,C,3,integrated_gradients,0.9,match_ig_baseline,scientific,-8.737034797668457,-5.663569927215576,-7.834159851074219,-8.796553611755371,0.05951881408691406,3.132983684539795,0.9623937606811523,3.073464870452881,0.9028749465942383,3.073464870452881,0.9028749465942383,39,4,0.8974358974358975
80,C,4,gnnexplainer,0.9,match_ig_baseline,scientific,-21.28660011291504,-18.380996704101562,-5.7250237464904785,-22.162132263183594,0.8755321502685547,3.7811355590820312,16.437108516693115,2.9056034088134766,15.56157636642456,2.9056034088134766,15.56157636642456,39,4,0.8974358974358975
80,C,4,integrated_gradients,0.9,match_ig_baseline,scientific,-21.28660011291504,-4.356881141662598,-19.38503074645996,-22.162132263183594,0.8755321502685547,17.805251121520996,2.777101516723633,16.92971897125244,1.9015693664550781,16.92971897125244,1.9015693664550781,39,4,0.8974358974358975
80,C,5,gnnexplainer,0.9,match_ig_baseline,scientific,-8.737071990966797,-7.534294605255127,-7.601864337921143,-8.791465759277344,0.054393768310546875,1.2571711540222168,1.1896014213562012,1.20277738571167,1.1352076530456543,1.20277738571167,1.1352076530456543,39,4,0.8974358974358975
80,C,5,integrated_gradients,0.9,match_ig_baseline,scientific,-8.737071990966797,-5.6634440422058105,-7.833955764770508,-8.791465759277344,0.054393768310546875,3.128021717071533,0.9575099945068359,3.0736279487609863,0.9031162261962891,3.0736279487609863,0.9031162261962891,39,4,0.8974358974358975
80,C,6,gnnexplainer,0.9,match_ig_baseline,scientific,-1.8864959478378296,-3.4224958419799805,-2.148097515106201,-1.9855414628982544,0.0990455150604248,1.436954379081726,0.16255605220794678,1.5359998941421509,0.2616015672683716,1.3379088640213013,0.06351053714752197,39,4,0.8974358974358975
80,C,6,integrated_gradients,0.9,match_ig_baseline,scientific,-1.8864959478378296,-3.4649810791015625,-2.4989962577819824,-1.9855414628982544,0.0990455150604248,1.479439616203308,0.513454794883728,1.578485131263733,0.6125003099441528,1.3803941011428833,0.4144092798233032,39,4,0.8974358974358975
90,H,0,gnnexplainer,0.9,match_ig_baseline,scientific,-0.19845396280288696,-0.21558955311775208,-0.2114841639995575,-0.18835611641407013,0.010097846388816833,0.027233436703681946,0.023128047585487366,0.017135590314865112,0.013030201196670532,0.017135590314865112,0.013030201196670532,33,4,0.8787878787878788
90,H,0,integrated_gradients,0.9,match_ig_baseline,scientific,-0.19845396280288696,-0.19851848483085632,-0.19342023134231567,-0.18835611641407013,0.010097846388816833,0.010162368416786194,0.005064114928245544,6.452202796936035e-05,0.005033731460571289,6.452202796936035e-05,-0.005033731460571289,33,4,0.8787878787878788
90,H,1,gnnexplainer,0.9,match_ig_baseline,scientific,-0.20235732197761536,-0.21705275774002075,-0.21766892075538635,-0.219400092959404,0.017042770981788635,0.0023473352193832397,0.0017311722040176392,0.014695435762405396,0.015311598777770996,-0.014695435762405396,-0.015311598777770996,33,4,0.8787878787878788
90,H,1,integrated_gradients,0.9,match_ig_baseline,scientific,-0.20235732197761536,-0.19761061668395996,-0.19998660683631897,-0.219400092959404,0.017042770981788635,0.02178947627544403,0.019413486123085022,0.0047467052936553955,0.0023707151412963867,0.0047467052936553955,0.0023707151412963867,33,4,0.8787878787878788
90,H,2,gnnexplainer,0.9,match_ig_baseline,scientific,-0.1984298825263977,-0.2009378969669342,-0.17158770561218262,-0.1873561292886734,0.011073753237724304,0.013581767678260803,0.015768423676490784,0.002508014440536499,0.026842176914215088,0.002508014440536499,0.0046946704387664795,33,4,0.8787878787878788
90,H,2,integrated_gradients,0.9,match_ig_baseline,scientific,-0.1984298825263977,-0.19846677780151367,-0.19340813159942627,-0.1873561292886734,0.011073753237724304,0.011110648512840271,0.006052002310752869,3.68952751159668e-05,0.0050217509269714355,3.68952751159668e-05,-0.0050217509269714355,33,4,0.8787878787878788
90,H,3,gnnexplainer,0.9,match_ig_baseline,scientific,-0.20235946774482727,-0.195389062166214,-0.18055683374404907,-0.22040009498596191,0.018040627241134644,0.025011032819747925,0.03984326124191284,0.006970405578613281,0.021802634000778198,0.006970405578613281,0.021802634000778198,33,4,0.8787878787878788
90,H,3,integrated_gradients,0.9,match_ig_baseline,scientific,-0.20235946774482727,-0.1975725293159485,-0.1999746859073639,-0.22040009498596191,0.018040627241134644,0.022827565670013428,0.020425409078598022,0.004786938428878784,0.002384781837463379,0.004786938428878784,0.002384781837463379,33,4,0.8787878787878788
90,H,4,gnnexplainer,0.9,match_ig_baseline,scientific,-0.06380801647901535,-0.06598351150751114,-0.06527663767337799,-0.03918096795678139,0.024627048522233963,0.02680254355072975,0.026095669716596603,0.0021754950284957886,0.0014686211943626404,0.0021754950284957886,0.0014686211943626404,33,4,0.8787878787878788
90,H,4,integrated_gradients,0.9,match_ig_baseline,scientific,-0.06380801647901535,-0.07236095517873764,-0.0661347359418869,-0.03918096795678139,0.024627048522233963,0.03317998722195625,0.026953767985105515,0.00855293869972229,0.0023267194628715515,0.00855293869972229,0.0023267194628715515,33,4,0.8787878787878788
90,H,5,gnnexplainer,0.9,match_ig_baseline,scientific,-0.06375089287757874,-0.06583195179700851,-0.05333533510565758,-0.037637174129486084,0.02611371874809265,0.02819477766752243,0.015698160976171494,0.002081058919429779,0.010415557771921158,0.002081058919429779,-0.010415557771921158,33,4,0.8787878787878788
90,H,5,integrated_gradients,0.9,match_ig_baseline,scientific,-0.06375089287757874,-0.0638689249753952,-0.06061591953039169,-0.037637174129486084,0.02611371874809265,0.02623175084590912,0.02297874540090561,0.00011803209781646729,0.0031349733471870422,0.00011803209781646729,-0.0031349733471870422,33,4,0.8787878787878788
90,H,6,gnnexplainer,0.9,match_ig_baseline,scientific,-0.05907628312706947,-0.056957073509693146,-0.07927700877189636,-0.01996183581650257,0.0391144473105669,0.036995237693190575,0.05931517295539379,0.0021192096173763275,0.02020072564482689,-0.0021192096173763275,0.02020072564482689,33,4,0.8787878787878788
90,H,6,integrated_gradients,0.9,match_ig_baseline,scientific,-0.05907628312706947,-0.061597514897584915,-0.060246068984270096,-0.01996183581650257,0.0391144473105669,0.041635679081082344,0.040284233167767525,0.002521231770515442,0.0011697858572006226,0.002521231770515442,0.0011697858572006226,33,4,0.8787878787878788
90,H,7,gnnexplainer,0.9,match_ig_baseline,scientific,-0.058992184698581696,-0.06534023582935333,-0.07681910693645477,-0.018961835652589798,0.0400303490459919,0.046378400176763535,0.057857271283864975,0.006348051130771637,0.017826922237873077,0.006348051130771637,0.017826922237873077,33,4,0.8787878787878788
90,H,7,integrated_gradients,0.9,match_ig_baseline,scientific,-0.058992184698581696,-0.06157732754945755,-0.060210585594177246,-0.018961835652589798,0.0400303490459919,0.04261549189686775,0.04124874994158745,0.0025851428508758545,0.0012184008955955505,0.0025851428508758545,0.0012184008955955505,33,4,0.8787878787878788
90,H,8,gnnexplainer,0.9,match_ig_baseline,scientific,-0.31759434938430786,-0.32806384563446045,-0.39389392733573914,-0.3272422254085541,0.009647876024246216,0.0008216202259063721,0.06665170192718506,0.010469496250152588,0.07629957795143127,-0.008826255798339844,0.05700382590293884,33,4,0.8787878787878788
90,H,8,integrated_gradients,0.9,match_ig_baseline,scientific,-0.31759434938430786,-0.3289106786251068,-0.29941898584365845,-0.3272422254085541,0.009647876024246216,0.0016684532165527344,0.02782323956489563,0.01131632924079895,0.018175363540649414,-0.007979422807693481,0.018175363540649414,33,4,0.8787878787878788
90,H,9,gnnexplainer,0.9,match_ig_baseline,scientific,-0.31764090061187744,-0.22773978114128113,-0.3457110524177551,-0.3277859687805176,0.010145068168640137,0.10004618763923645,0.01792508363723755,0.08990111947059631,0.028070151805877686,0.08990111947059631,0.007780015468597412,33,4,0.8787878787878788
90,H,9,integrated_gradients,0.9,match_ig_baseline,scientific,-0.31764090061187744,-0.32896074652671814,-0.29944539070129395,-0.3277859687805176,0.010145068168640137,0.0011747777462005615,0.028340578079223633,0.011319845914840698,0.018195509910583496,-0.008970290422439575,0.018195509910583496,33,4,0.8787878787878788
90,C,0,gnnexplainer,0.9,match_ig_baseline,scientific,-12.436816215515137,-10.896341323852539,-6.0177998542785645,-12.177125930786133,0.2596902847290039,1.2807846069335938,6.159326076507568,1.5404748916625977,6.419016361236572,1.0210943222045898,5.8996357917785645,39,4,0.8974358974358975
90,C,0,integrated_gradients,0.9,match_ig_baseline,scientific,-12.436816215515137,-6.027627944946289,-11.091806411743164,-12.177125930786133,0.2596902847290039,6.149497985839844,1.0853195190429688,6.409188270568848,1.3450098037719727,5.88980770111084,0.8256292343139648,39,4,0.8974358974358975
90,C,1,gnnexplainer,0.9,match_ig_baseline,scientific,-12.437957763671875,-10.314229011535645,-6.0861592292785645,-12.184125900268555,0.2538318634033203,1.8698968887329102,6.09796667098999,2.1237287521362305,6.3517985343933105,1.6160650253295898,5.84413480758667,39,4,0.8974358974358975
90,C,1,integrated_gradients,0.9,match_ig_baseline,scientific,-12.437957763671875,-6.027486324310303,-11.093567848205566,-12.184125900268555,0.2538318634033203,6.156639575958252,1.0905580520629883,6.410471439361572,1.3443899154663086,5.902807712554932,0.836726188659668,39,4,0.8974358974358975
90,C,2,gnnexplainer,0.9,match_ig_baseline,scientific,-3.3234734535217285,-3.625729560852051,-4.8777947425842285,-3.5679590702056885,0.24448561668395996,0.057770490646362305,1.30983567237854,0.30225610733032227,1.5543212890625,-0.18671512603759766,1.06535005569458,39,4,0.8974358974358975
90,C,2,integrated_gradients,0.9,match_ig_baseline,scientific,-3.3234734535217285,-4.7892069816589355,-3.564192771911621,-3.5679590702056885,0.24448561668395996,1.221247911453247,0.003766298294067383,1.465733528137207,0.24071931838989258,0.9767622947692871,-0.24071931838989258,39,4,0.8974358974358975
90,C,3,gnnexplainer,0.9,match_ig_baseline,scientific,-4.7014851570129395,-8.304537773132324,-4.763575077056885,-2.562379837036133,2.1391053199768066,5.742157936096191,2.201195240020752,3.6030526161193848,0.06208992004394531,3.6030526161193848,0.06208992004394531,39,4,0.8974358974358975
90,C,3,integrated_gradients,0.9,match_ig_baseline,scientific,-4.7014851570129395,-7.671427249908447,-5.651099681854248,-2.562379837036133,2.1391053199768066,5.1090474128723145,3.0887198448181152,2.969942092895508,0.9496145248413086,2.969942092895508,0.9496145248413086,39,4,0.8974358974358975
90,C,4,gnnexplainer,0.9,match_ig_baseline,scientific,-3.3242270946502686,-3.1080613136291504,-5.480539798736572,-3.576958417892456,0.2527313232421875,0.46889710426330566,1.9035813808441162,0.21616578102111816,2.1563127040863037,0.21616578102111816,1.6508500576019287,39,4,0.8974358974358975
90,C,4,integrated_gradients,0.9,match_ig_baseline,scientific,-3.3242270946502686,-4.790970802307129,-3.565506935119629,-3.576958417892456,0.2527313232421875,1.2140123844146729,0.011451482772827148,1.4667437076568604,0.24127984046936035,0.9612810611724854,-0.24127984046936035,39,4,0.8974358974358975
90,C,5,gnnexplainer,0.9,match_ig_baseline,scientific,-1.3100483417510986,-2.531623363494873,-1.4464263916015625,-2.483546018600464,1.1734976768493652,0.04807734489440918,1.0371196269989014,1.2215750217437744,0.13637804985046387,-1.125420331954956,-0.13637804985046387,39,4,0.8974358974358975
90,C,5,integrated_gradients,0.9,match_ig_baseline,scientific,-1.3100483417510986,-3.017432451248169,-1.3971019983291626,-2.483546018600464,1.1734976768493652,0.5338864326477051,1.0864440202713013,1.7073841094970703,0.08705365657806396,-0.6396112442016602,-0.08705365657806396,39,4,0.8974358974358975
90,C,6,gnnexplainer,0.9,match_ig_baseline,scientific,-1.1793450117111206,-2.416471481323242,-1.4728477001190186,-1.6082209348678589,0.4288759231567383,0.8082505464553833,0.13537323474884033,1.2371264696121216,0.29350268840789795,0.379374623298645,-0.29350268840789795,39,4,0.8974358974358975
90,C,6,integrated_gradients,0.9,match_ig_baseline,scientific,-1.1793450117111206,-3.1120357513427734,-1.2157433032989502,-1.6082209348678589,0.4288759231567383,1.5038148164749146,0.3924776315689087,1.9326907396316528,0.03639829158782959,1.0749388933181763,-0.03639829158782959,39,4,0.8974358974358975
100,H,0,gnnexplainer,0.9,match_ig_baseline,scientific,-0.16505244374275208,-0.18506711721420288,-0.19272926449775696,-0.10940049588680267,0.0556519478559494,0.07566662132740021,0.08332876861095428,0.020014673471450806,0.027676820755004883,0.020014673471450806,0.027676820755004883,33,4,0.8787878787878788
100,H,0,integrated_gradients,0.9,match_ig_baseline,scientific,-0.16505244374275208,-0.1853863000869751,-0.17691662907600403,-0.10940049588680267,0.0556519478559494,0.07598580420017242,0.06751613318920135,0.020333856344223022,0.011864185333251953,0.020333856344223022,0.011864185333251953,33,4,0.8787878787878788
100,H,1,gnnexplainer,0.9,match_ig_baseline,scientific,-0.24087098240852356,-0.2269192337989807,-0.1938883662223816,-0.23804831504821777,0.002822667360305786,0.01112908124923706,0.04415994882583618,0.013951748609542847,0.04698261618614197,0.008306413888931274,0.041337281465530396,33,4,0.8787878787878788
100,H,1,integrated_gradients,0.9,match_ig_baseline,scientific,-0.24087098240852356,-0.1872887760400772,-0.23780319094657898,-0.23804831504821777,0.002822667360305786,0.050759539008140564,0.00024512410163879395,0.05358220636844635,0.00306779146194458,0.04793687164783478,-0.002577543258666992,33,4,0.8787878787878788
100,H,2,gnnexplainer,0.9,match_ig_baseline,scientific,-0.2091895043849945,-0.237032949924469,-0.24128130078315735,-0.20094415545463562,0.008245348930358887,0.036088794469833374,0.04033714532852173,0.027843445539474487,0.03209179639816284,0.027843445539474487,0.03209179639816284,33,4,0.8787878787878788
100,H,2,integrated_gradients,0.9,match_ig_baseline,scientific,-0.2091895043849945,-0.2221134603023529,-0.20719224214553833,-0.20094415545463562,0.008245348930358887,0.021169304847717285,0.00624808669090271,0.012923955917358398,0.0019972622394561768,0.012923955917358398,-0.0019972622394561768,33,4,0.8787878787878788
100,H,3,gnnexplainer,0.9,match_ig_baseline,scientific,-0.21013423800468445,-0.2397826910018921,-0.23999014496803284,-0.20724231004714966,0.00289192795753479,0.03254038095474243,0.03274783492088318,0.02964845299720764,0.02985590696334839,0.02964845299720764,0.02985590696334839,33,4,0.8787878787878788
100,H,3,integrated_gradients,0.9,match_ig_baseline,scientific,-0.21013423800468445,-0.21739059686660767,-0.21176353096961975,-0.20724231004714966,0.00289192795753479,0.010148286819458008,0.004521220922470093,0.007256358861923218,0.0016292929649353027,0.007256358861923218,0.0016292929649353027,33,4,0.8787878787878788
100,H,4,gnnexplainer,0.9,match_ig_baseline,scientific,-0.16471192240715027,-0.16134214401245117,-0.1967414915561676,-0.10781259089708328,0.056899331510066986,0.05352955311536789,0.08892890065908432,0.0033697783946990967,0.032029569149017334,-0.0033697783946990967,0.032029569149017334,33,4,0.8787878787878788
100,H,4,integrated_gradients,0.9,match_ig_baseline,scientific,-0.16471192240715027,-0.18506509065628052,-0.17661508917808533,-0.10781259089708328,0.056899331510066986,0.07725249975919724,0.06880249828100204,0.02035316824913025,0.011903166770935059,0.02035316824913025,0.011903166770935059,33,4,0.8787878787878788
100,H,5,gnnexplainer,0.9,match_ig_baseline,scientific,-0.2407250702381134,-0.22505581378936768,-0.20554253458976746,-0.23804831504821777,0.00267675518989563,0.012992501258850098,0.03250578045845032,0.015669256448745728,0.03518253564834595,0.010315746068954468,0.029829025268554688,33,4,0.8787878787878788
100,H,5,integrated_gradients,0.9,match_ig_baseline,scientific,-0.2407250702381134,-0.18705353140830994,-0.2376282811164856,-0.23804831504821777,0.00267675518989563,0.05099478363990784,0.00042003393173217773,0.05367153882980347,0.0030967891216278076,0.04831802845001221,-0.002256721258163452,33,4,0.8787878787878788
100,H,6,gnnexplainer,0.9,match_ig_baseline,scientific,-0.20908507704734802,-0.21379053592681885,-0.24184873700141907,-0.19790023565292358,0.011184841394424438,0.015890300273895264,0.04394850134849548,0.004705458879470825,0.032763659954071045,0.004705458879470825,0.032763659954071045,33,4,0.8787878787878788
100,H,6,integrated_gradients,0.9,match_ig_baseline,scientific,-0.20908507704734802,-0.2219691276550293,-0.20713916420936584,-0.19790023565292358,0.011184841394424438,0.024068892002105713,0.00923892855644226,0.012884050607681274,0.0019459128379821777,0.012884050607681274,-0.0019459128379821777,33,4,0.8787878787878788
100,H,7,gnnexplainer,0.9,match_ig_baseline,scientific,-0.21006450057029724,-0.21619433164596558,-0.23783168196678162,-0.207830011844635,0.0022344887256622314,0.008364319801330566,0.030001670122146606,0.006129831075668335,0.027767181396484375,0.006129831075668335,0.027767181396484375,33,4,0.8787878787878788
100,H,7,integrated_gradients,0.9,match_ig_baseline,scientific,-0.21006450057029724,-0.21730661392211914,-0.2117100954055786,-0.207830011844635,0.0022344887256622314,0.00947660207748413,0.0038800835609436035,0.007242113351821899,0.001645594835281372,0.007242113351821899,0.001645594835281372,33,4,0.8787878787878788
100,H,8,gnnexplainer,0.9,match_ig_baseline,scientific,-0.3806816339492798,-0.38572216033935547,-0.44577908515930176,-0.3755839467048645,0.005097687244415283,0.010138213634490967,0.07019513845443726,0.005040526390075684,0.06509745121002197,0.005040526390075684,0.06509745121002197,33,4,0.8787878787878788
100,H,8,integrated_gradients,0.9,match_ig_baseline,scientific,-0.3806816339492798,-0.33414268493652344,-0.4005941152572632,-0.3755839467048645,0.005097687244415283,0.041441261768341064,0.02501016855239868,0.04653894901275635,0.0199124813079834,0.03634357452392578,0.0199124813079834,33,4,0.8787878787878788
100,H,9,gnnexplainer,0.9,match_ig_baseline,scientific,-0.38972845673561096,-0.41190284490585327,-0.38484394550323486,-0.3989441692829132,0.009215712547302246,0.012958675622940063,0.014100223779678345,0.02217438817024231,0.004884511232376099,0.0037429630756378174,0.004884511232376099,33,4,0.8787878787878788
100,H,9,integrated_gradients,0.9,match_ig_baseline,scientific,-0.38972845673561096,-0.33053499460220337,-0.3920818567276001,-0.3989441692829132,0.009215712547302246,0.06840917468070984,0.00686231255531311,0.05919346213340759,0.0023533999919891357,0.05919346213340759,-0.0023533999919891357,33,4,0.8787878787878788
100,H,10,gnnexplainer,0.9,match_ig_baseline,scientific,-0.38028034567832947,-0.31597551703453064,-0.46797531843185425,-0.3761277496814728,0.0041525959968566895,0.06015223264694214,0.09184756875038147,0.06430482864379883,0.08769497275352478,0.05599963665008545,0.08769497275352478,33,4,0.8787878787878788
100,H,10,integrated_gradients,0.9,match_ig_baseline,scientific,-0.38028034567832947,-0.3336836099624634,-0.40012311935424805,-0.3761277496814728,0.0041525959968566895,0.0424441397190094,0.02399536967277527,0.04659673571586609,0.01984277367591858,0.03829154372215271,0.01984277367591858,33,4,0.8787878787878788
100,H,11,gnnexplainer,0.9,match_ig_baseline,scientific,-0.3896745443344116,-0.41677457094192505,-0.3759731650352478,-0.39840036630630493,0.00872582197189331,0.018374204635620117,0.02242720127105713,0.027100026607513428,0.013701379299163818,0.009648382663726807,0.013701379299163818,33,4,0.8787878787878788
100,H,11,integrated_gradients,0.9,match_ig_baseline,scientific,-0.3896745443344116,-0.3304106295108795,-0.3920043110847473,-0.39840036630630493,0.00872582197189331,0.06798973679542542,0.006396055221557617,0.059263914823532104,0.0023297667503356934,0.059263914823532104,-0.0023297667503356934,33,4,0.8787878787878788
100,C,0,gnnexplainer,0.9,match_ig_baseline,scientific,-13.191910743713379,-7.927511215209961,-9.653243064880371,-12.375083923339844,0.8168268203735352,4.447572708129883,2.7218408584594727,5.264399528503418,3.538667678833008,3.6307458877563477,1.9050140380859375,39,4,0.8974358974358975
100,C,0,integrated_gradients,0.9,match_ig_baseline,scientific,-13.191910743713379,-6.735710620880127,-11.662293434143066,-12.375083923339844,0.8168268203735352,5.639373302459717,0.7127904891967773,6.456200122833252,1.5296173095703125,4.822546482086182,-0.10403633117675781,39,4,0.8974358974358975
100,C,1,gnnexplainer,0.9,match_ig_baseline,scientific,-12.811239242553711,-10.927118301391602,-7.398287296295166,-11.804821014404297,1.006418228149414,0.8777027130126953,4.406533718109131,1.8841209411621094,5.412951946258545,-0.12871551513671875,3.400115489959717,39,4,0.8974358974358975
100,C,1,integrated_gradients,0.9,match_ig_baseline,scientific,-12.811239242553711,-8.429408073425293,-10.615409851074219,-11.804821014404297,1.006418228149414,3.375412940979004,1.1894111633300781,4.381831169128418,2.195829391479492,2.36899471282959,0.18299293518066406,39,4,0.8974358974358975
100,C,2,gnnexplainer,0.9,match_ig_baseline,scientific,-1.691351294517517,-3.7735767364501953,-1.485439419746399,-1.6737298965454102,0.017621397972106934,2.099846839904785,0.18829047679901123,2.0822254419326782,0.20591187477111816,2.0822254419326782,0.1706690788269043,39,4,0.8974358974358975
100,C,2,integrated_gradients,0.9,match_ig_baseline,scientific,-1.691351294517517,-4.345174312591553,-1.8013389110565186,-1.6737298965454102,0.017621397972106934,2.6714444160461426,0.1276090145111084,2.6538230180740356,0.10998761653900146,2.6538230180740356,0.10998761653900146,39,4,0.8974358974358975
100,C,3,gnnexplainer,0.9,match_ig_baseline,scientific,-2.3674747943878174,-4.023168563842773,-2.0101635456085205,-2.5376546382904053,0.1701798439025879,1.4855139255523682,0.5274910926818848,1.655693769454956,0.3573112487792969,1.3153340816497803,0.3573112487792969,39,4,0.8974358974358975
100,C,3,integrated_gradients,0.9,match_ig_baseline,scientific,-2.3674747943878174,-3.4668962955474854,-2.759769916534424,-2.5376546382904053,0.1701798439025879,0.9292416572570801,0.22211527824401855,1.099421501159668,0.39229512214660645,0.7590618133544922,0.051935434341430664,39,4,0.8974358974358975
100,C,4,gnnexplainer,0.9,match_ig_baseline,scientific,-13.185250282287598,-12.237509727478027,-6.380527019500732,-12.36849594116211,0.8167543411254883,0.13098621368408203,5.987968921661377,0.9477405548095703,6.804723262786865,-0.6857681274414062,5.171214580535889,39,4,0.8974358974358975
100,C,4,integrated_gradients,0.9,match_ig_baseline,scientific,-13.185250282287598,-6.750675678253174,-11.66648006439209,-12.36849594116211,0.8167543411254883,5.6178202629089355,0.7020158767700195,6.434574604034424,1.5187702178955078,4.801065921783447,-0.11473846435546875,39,4,0.8974358974358975
100,C,5,gnnexplainer,0.9,match_ig_baseline,scientific,-12.811102867126465,-12.274194717407227,-7.532425880432129,-11.801776885986328,1.0093259811401367,0.47241783142089844,4.269351005554199,0.5369081497192383,5.278676986694336,-0.5369081497192383,3.2600250244140625,39,4,0.8974358974358975
100,C,5,integrated_gradients,0.9,match_ig_baseline,scientific,-12.811102867126465,-8.433798789978027,-10.619179725646973,-11.801776885986328,1.0093259811401367,3.367978096008301,1.1825971603393555,4.3773040771484375,2.191923141479492,2.358652114868164,0.17327117919921875,39,4,0.8974358974358975
100,C,6,gnnexplainer,0.9,match_ig_baseline,scientific,-1.6923617124557495,-3.4518980979919434,-2.0344929695129395,-1.6883175373077393,0.004044175148010254,1.763580560684204,0.3461754322052002,1.7595363855361938,0.34213125705718994,1.7595363855361938,0.34213125705718994,39,4,0.8974358974358975
100,C,6,integrated_gradients,0.9,match_ig_baseline,scientific,-1.6923617124557495,-4.342324733734131,-1.8025437593460083,-1.6883175373077393,0.004044175148010254,2.6540071964263916,0.11422622203826904,2.6499630212783813,0.11018204689025879,2.6499630212783813,0.11018204689025879,39,4,0.8974358974358975
100,C,7,gnnexplainer,0.9,match_ig_baseline,scientific,-2.3703835010528564,-4.573643207550049,-2.7355833053588867,-2.541698694229126,0.17131519317626953,2.031944513320923,0.19388461112976074,2.2032597064971924,0.3651998043060303,1.8606293201446533,0.02256941795349121,39,4,0.8974358974358975
100,C,7,integrated_gradients,0.9,match_ig_baseline,scientific,-2.3703835010528564,-3.471346378326416,-2.760218858718872,-2.541698694229126,0.17131519317626953,0.92964768409729,0.2185201644897461,1.1009628772735596,0.3898353576660156,0.7583324909210205,0.04720497131347656,39,4,0.8974358974358975
110,H,0,integrated_gradients,0.9,match_ig_baseline,scientific,-0.10335616767406464,-0.05547037720680237,-0.09686283767223358,,,,,0.04788579046726227,0.006493330001831055,,,33,4,0.8787878787878788
110,H,1,gnnexplainer,0.9,match_ig_baseline,scientific,-0.10920101404190063,-0.14335757493972778,-0.05559619516134262,-0.1273377686738968,0.018136754631996155,0.016019806265830994,0.07174157351255417,0.03415656089782715,0.053604818880558014,-0.002116948366165161,0.053604818880558014,33,4,0.8787878787878788
110,H,1,integrated_gradients,0.9,match_ig_baseline,scientific,-0.10920101404190063,-0.06987336277961731,-0.09845326840877533,-0.1273377686738968,0.018136754631996155,0.05746440589427948,0.02888450026512146,0.039327651262283325,0.010747745633125305,0.039327651262283325,0.010747745633125305,33,4,0.8787878787878788
110,H,2,gnnexplainer,0.9,match_ig_baseline,scientific,-0.2283031940460205,-0.18965020775794983,-0.24548578262329102,-0.2402072548866272,0.01190406084060669,0.05055704712867737,0.005278527736663818,0.03865298628807068,0.017182588577270508,0.03865298628807068,-0.006625533103942871,33,4,0.8787878787878788
110,H,2,integrated_gradients,0.9,match_ig_baseline,scientific,-0.2283031940460205,-0.20420366525650024,-0.20600378513336182,-0.2402072548866272,0.01190406084060669,0.03600358963012695,0.03420346975326538,0.024099528789520264,0.02229940891265869,0.024099528789520264,0.02229940891265869,33,4,0.8787878787878788
110,H,3,gnnexplainer,0.9,match_ig_baseline,scientific,-0.22828683257102966,-0.2090669572353363,-0.2431611716747284,-0.2402072548866272,0.011920422315597534,0.031140297651290894,0.0029539167881011963,0.01921987533569336,0.01487433910369873,0.01921987533569336,-0.008966505527496338,33,4,0.8787878787878788
110,H,3,integrated_gradients,0.9,match_ig_baseline,scientific,-0.22828683257102966,-0.20419251918792725,-0.20599189400672913,-0.2402072548866272,0.011920422315597534,0.03601473569869995,0.03421536087989807,0.024094313383102417,0.022294938564300537,0.024094313383102417,0.022294938564300537,33,4,0.8787878787878788
110,H,4,gnnexplainer,0.9,match_ig_baseline,scientific,-0.10920549184083939,-0.09818826615810394,-0.0843871459364891,-0.1273377686738968,0.018132276833057404,0.029149502515792847,0.042950622737407684,0.011017225682735443,0.02481834590435028,0.011017225682735443,0.02481834590435028,33,4,0.8787878787878788
110,H,4,integrated_gradients,0.9,match_ig_baseline,scientific,-0.10920549184083939,-0.06987319141626358,-0.09845186024904251,-0.1273377686738968,0.018132276833057404,0.05746457725763321,0.02888590842485428,0.039332300424575806,0.010753631591796875,0.039332300424575806,0.010753631591796875,33,4,0.8787878787878788
110,C,0,gnnexplainer,0.9,match_ig_baseline,scientific,-7.126373767852783,-5.250731945037842,-5.697580814361572,-6.972162246704102,0.15421152114868164,1.7214303016662598,1.2745814323425293,1.8756418228149414,1.428792953491211,1.5672187805175781,1.1203699111938477,39,4,0.8974358974358975
110,C,0,integrated_gradients,0.9,match_ig_baseline,scientific,-7.126373767852783,-4.7278218269348145,-6.870319843292236,-6.972162246704102,0.15421152114868164,2.244340419769287,0.10184240341186523,2.3985519409179688,0.2560539245605469,2.0901288986206055,-0.052369117736816406,39,4,0.8974358974358975
110,C,1,gnnexplainer,0.9,match_ig_baseline,scientific,-8.055039405822754,-7.277266025543213,-7.192185878753662,-7.537105083465576,0.5179343223571777,0.2598390579223633,0.34491920471191406,0.777773380279541,0.8628535270690918,-0.25809526443481445,-0.17301511764526367,39,4,0.8974358974358975
110,C,1,integrated_gradients,0.9,match_ig_baseline,scientific,-8.055039405822754,-6.380966663360596,-7.907932281494141,-7.537105083465576,0.5179343223571777,1.1561384201049805,0.37082719802856445,1.6740727424621582,0.14710712432861328,0.6382040977478027,-0.14710712432861328,39,4,0.8974358974358975
110,C,2,gnnexplainer,0.9,match_ig_baseline,scientific,-8.055413246154785,-8.048778533935547,-6.6288533210754395,-7.534061431884766,0.5213518142700195,0.5147171020507812,0.9052081108093262,0.006634712219238281,1.4265599250793457,-0.006634712219238281,0.38385629653930664,39,4,0.8974358974358975
110,C,2,integrated_gradients,0.9,match_ig_baseline,scientific,-8.055413246154785,-6.381290435791016,-7.908375263214111,-7.534061431884766,0.5213518142700195,1.15277099609375,0.3743138313293457,1.6741228103637695,0.14703798294067383,0.6314191818237305,-0.14703798294067383,39,4,0.8974358974358975
110,C,3,gnnexplainer,0.9,match_ig_baseline,scientific,-7.12748384475708,-4.642099857330322,-7.417382717132568,-6.973206043243408,0.15427780151367188,2.331106185913086,0.44417667388916016,2.485383987426758,0.2898988723754883,2.176828384399414,0.2898988723754883,39,4,0.8974358974358975
110,C,3,integrated_gradients,0.9,match_ig_baseline,scientific,-7.12748384475708,-4.727786540985107,-6.870297431945801,-6.973206043243408,0.15427780151367188,2.245419502258301,0.10290861129760742,2.3996973037719727,0.2571864128112793,2.091141700744629,-0.05136919021606445,39,4,0.8974358974358975
120,H,0,gnnexplainer,0.9,match_ig_baseline,scientific,-0.026907838881015778,-0.03654389828443527,-0.04653637483716011,-0.022540390491485596,0.004367448389530182,0.014003507792949677,0.023995984345674515,0.009636059403419495,0.019628535956144333,0.009636059403419495,0.019628535956144333,33,4,0.8787878787878788
120,H,0,integrated_gradients,0.9,match_ig_baseline,scientific,-0.026907838881015778,-0.046553779393434525,-0.027308285236358643,-0.022540390491485596,0.004367448389530182,0.02401338890194893,0.004767894744873047,0.019645940512418747,0.000400446355342865,0.019645940512418747,0.000400446355342865,33,4,0.8787878787878788
120,H,1,gnnexplainer,0.9,match_ig_baseline,scientific,-0.024174585938453674,-0.024803616106510162,-0.05132071673870087,-0.036847420036792755,0.01267283409833908,0.012043803930282593,0.014473296701908112,0.000629030168056488,0.027146130800247192,-0.000629030168056488,0.0018004626035690308,33,4,0.8787878787878788
120,H,1,integrated_gradients,0.9,match_ig_baseline,scientific,-0.024174585938453674,-0.049177754670381546,-0.03232095018029213,-0.036847420036792755,0.01267283409833908,0.012330334633588791,0.004526469856500626,0.02500316873192787,0.008146364241838455,-0.0003424994647502899,-0.008146364241838455,33,4,0.8787878787878788
120,H,2,gnnexplainer,0.9,match_ig_baseline,scientific,-0.016211897134780884,-0.040604498237371445,-0.029320575296878815,-0.007022771053016186,0.009189126081764698,0.03358172718435526,0.02229780424386263,0.02439260110259056,0.013108678162097931,0.02439260110259056,0.013108678162097931,33,4,0.8787878787878788
120,H,2,integrated_gradients,0.9,match_ig_baseline,scientific,-0.016211897134780884,-0.039996057748794556,-0.02144760638475418,-0.007022771053016186,0.009189126081764698,0.03297328669577837,0.014424835331737995,0.023784160614013672,0.005235709249973297,0.023784160614013672,0.005235709249973297,33,4,0.8787878787878788
120,H,3,gnnexplainer,0.9,match_ig_baseline,scientific,-0.024155650287866592,-0.034528207033872604,-0.0509561225771904,-0.036847420036792755,0.012691769748926163,0.0023192130029201508,0.014108702540397644,0.010372556746006012,0.026800472289323807,-0.010372556746006012,0.0014169327914714813,33,4,0.8787878787878788
120,H,3,integrated_gradients,0.9,match_ig_baseline,scientific,-0.024155650287866592,-0.04918409883975983,-0.0323072224855423,-0.036847420036792755,0.012691769748926163,0.012336678802967072,0.004540197551250458,0.025028448551893234,0.008151572197675705,-0.0003550909459590912,-0.008151572197675705,33,4,0.8787878787878788
120,H,4,gnnexplainer,0.9,match_ig_baseline,scientific,-0.02690637856721878,-0.01682000234723091,-0.05002110078930855,-0.021996520459651947,0.0049098581075668335,0.005176518112421036,0.0280245803296566,0.01008637621998787,0.023114722222089767,0.00026666000485420227,0.023114722222089767,33,4,0.8787878787878788
120,H,4,integrated_gradients,0.9,match_ig_baseline,scientific,-0.02690637856721878,-0.04655935987830162,-0.027308780699968338,-0.021996520459651947,0.0049098581075668335,0.024562839418649673,0.005312260240316391,0.01965298131108284,0.0004024021327495575,0.01965298131108284,0.0004024021327495575,33,4,0.8787878787878788
120,H,5,gnnexplainer,0.9,match_ig_baseline,scientific,-0.016217783093452454,-0.02964354306459427,-0.03784940764307976,-0.008022771216928959,0.008195011876523495,0.02162077184766531,0.0298266364261508,0.013425759971141815,0.021631624549627304,0.013425759971141815,0.021631624549627304,33,4,0.8787878787878788
120,H,5,integrated_gradients,0.9,match_ig_baseline,scientific,-0.016217783093452454,-0.040004584938287735,-0.021458260715007782,-0.008022771216928959,0.008195011876523495,0.031981813721358776,0.013435489498078823,0.02378680184483528,0.005240477621555328,0.02378680184483528,0.005240477621555328,33,4,0.8787878787878788
120,H,6,gnnexplainer,0.9,match_ig_baseline,scientific,-0.16145449876785278,-0.15379993617534637,-0.152038112282753,-0.20456579327583313,0.04311129450798035,0.050765857100486755,0.05252768099308014,0.007654562592506409,0.009416386485099792,0.007654562592506409,0.009416386485099792,33,4,0.8787878787878788
120,H,6,integrated_gradients,0.9,match_ig_baseline,scientific,-0.16145449876785278,-0.17959466576576233,-0.1567729115486145,-0.20456579327583313,0.04311129450798035,0.0249711275100708,0.04779288172721863,0.018140166997909546,0.004681587219238281,-0.018140166997909546,0.004681587219238281,33,4,0.8787878787878788
120,C,0,gnnexplainer,0.9,match_ig_baseline,scientific,-0.556962251663208,-1.6234441995620728,-1.046431064605713,-0.4133473336696625,0.14361491799354553,1.2100968658924103,0.6330837309360504,1.0664819478988647,0.4894688129425049,1.0664819478988647,0.4894688129425049,39,4,0.8974358974358975
120,C,0,integrated_gradients,0.9,match_ig_baseline,scientific,-0.556962251663208,-2.132176637649536,-0.42474085092544556,-0.4133473336696625,0.14361491799354553,1.7188293039798737,0.011393517255783081,1.5752143859863281,0.13222140073776245,1.5752143859863281,-0.13222140073776245,39,4,0.8974358974358975
120,C,1,gnnexplainer,0.9,match_ig_baseline,scientific,-1.7020940780639648,-3.4519729614257812,-2.986538887023926,-0.9140114188194275,0.7880826592445374,2.5379615426063538,2.0725274682044983,1.7498788833618164,1.284444808959961,1.7498788833618164,1.284444808959961,39,4,0.8974358974358975
120,C,1,integrated_gradients,0.9,match_ig_baseline,scientific,-1.7020940780639648,-4.2942891120910645,-1.9328340291976929,-0.9140114188194275,0.7880826592445374,3.380277693271637,1.0188226103782654,2.5921950340270996,0.23073995113372803,2.5921950340270996,0.23073995113372803,39,4,0.8974358974358975
120,C,2,gnnexplainer,0.9,match_ig_baseline,scientific,-0.5564891695976257,-0.8183614611625671,-1.4626237154006958,-0.41389089822769165,0.14259827136993408,0.4044705629348755,1.0487328171730042,0.2618722915649414,0.9061345458030701,0.2618722915649414,0.9061345458030701,39,4,0.8974358974358975
120,C,2,integrated_gradients,0.9,match_ig_baseline,scientific,-0.5564891695976257,-2.1304502487182617,-0.4244873523712158,-0.41389089822769165,0.14259827136993408,1.71655935049057,0.01059645414352417,1.573961079120636,0.1320018172264099,1.573961079120636,-0.1320018172264099,39,4,0.8974358974358975
120,C,3,gnnexplainer,0.9,match_ig_baseline,scientific,-7.377636909484863,-5.792428493499756,-10.485394477844238,-8.616695404052734,1.239058494567871,2.8242669105529785,1.868699073791504,1.5852084159851074,3.107757568359375,1.5852084159851074,0.6296405792236328,39,4,0.8974358974358975
120,C,3,integrated_gradients,0.9,match_ig_baseline,scientific,-7.377636909484863,-3.8490476608276367,-11.183566093444824,-8.616695404052734,1.239058494567871,4.767647743225098,2.56687068939209,3.5285892486572266,3.805929183959961,3.5285892486572266,1.3278121948242188,39,4,0.8974358974358975
130,H,0,gnnexplainer,0.9,match_ig_baseline,scientific,-0.1311126947402954,-0.13622090220451355,-0.15830639004707336,-0.11868922412395477,0.012423470616340637,0.017531678080558777,0.03961716592311859,0.00510820746421814,0.027193695306777954,0.00510820746421814,0.027193695306777954,33,4,0.8787878787878788
130,H,0,integrated_gradients,0.9,match_ig_baseline,scientific,-0.1311126947402954,-0.15280553698539734,-0.13726553320884705,-0.11868922412395477,0.012423470616340637,0.034116312861442566,0.018576309084892273,0.02169284224510193,0.006152838468551636,0.02169284224510193,0.006152838468551636,33,4,0.8787878787878788
130,H,1,gnnexplainer,0.9,match_ig_baseline,scientific,-0.15854422748088837,-0.16300049424171448,-0.162221759557724,-0.1594705879688263,0.0009263604879379272,0.0035299062728881836,0.002751171588897705,0.004456266760826111,0.0036775320768356323,0.0026035457849502563,0.0018248111009597778,33,4,0.8787878787878788
130,H,1,integrated_gradients,0.9,match_ig_baseline,scientific,-0.15854422748088837,-0.16359524428844452,-0.1546541452407837,-0.1594705879688263,0.0009263604879379272,0.004124656319618225,0.0048164427280426025,0.005051016807556152,0.0038900822401046753,0.003198295831680298,0.0038900822401046753,33,4,0.8787878787878788
130,H,2,gnnexplainer,0.9,match_ig_baseline,scientific,-0.1584237813949585,-0.16236475110054016,-0.17131242156028748,-0.15842658281326294,2.8014183044433594e-06,0.003938168287277222,0.012885838747024536,0.003940969705581665,0.01288864016532898,0.003935366868972778,0.012883037328720093,33,4,0.8787878787878788
130,H,2,integrated_gradients,0.9,match_ig_baseline,scientific,-0.1584237813949585,-0.1636977195739746,-0.15470032393932343,-0.15842658281326294,2.8014183044433594e-06,0.00527113676071167,0.003726258873939514,0.005273938179016113,0.003723457455635071,0.0052683353424072266,0.003723457455635071,33,4,0.8787878787878788
130,H,3,gnnexplainer,0.9,match_ig_baseline,scientific,-0.23272719979286194,-0.23454442620277405,-0.20723146200180054,-0.22668899595737457,0.006038203835487366,0.007855430245399475,0.019457533955574036,0.0018172264099121094,0.0254957377910614,0.0018172264099121094,0.01341933012008667,33,4,0.8787878787878788
130,H,3,integrated_gradients,0.9,match_ig_baseline,scientific,-0.23272719979286194,-0.23129746317863464,-0.22669130563735962,-0.22668899595737457,0.006038203835487366,0.004608467221260071,2.3096799850463867e-06,0.001429736614227295,0.006035894155502319,-0.001429736614227295,-0.006035894155502319,33,4,0.8787878787878788
130,H,4,gnnexplainer,0.9,match_ig_baseline,scientific,-0.2368205487728119,-0.2509393095970154,-0.2535383105278015,-0.22668899595737457,0.010131552815437317,0.024250313639640808,0.02684931457042694,0.014118760824203491,0.016717761754989624,0.014118760824203491,0.016717761754989624,33,4,0.8787878787878788
130,H,4,integrated_gradients,0.9,match_ig_baseline,scientific,-0.2368205487728119,-0.2320556640625,-0.230899840593338,-0.22668899595737457,0.010131552815437317,0.005366668105125427,0.00421084463596344,0.00476488471031189,0.005920708179473877,-0.00476488471031189,-0.005920708179473877,33,4,0.8787878787878788
130,H,5,gnnexplainer,0.9,match_ig_baseline,scientific,-0.3973259925842285,-0.3804292380809784,-0.4147088825702667,-0.42484647035598755,0.027520477771759033,0.044417232275009155,0.010137587785720825,0.016896754503250122,0.017382889986038208,0.016896754503250122,-0.017382889986038208,33,4,0.8787878787878788
130,H,5,integrated_gradients,0.9,match_ig_baseline,scientific,-0.3973259925842285,-0.3579413592815399,-0.4086644947528839,-0.42484647035598755,0.027520477771759033,0.06690511107444763,0.016181975603103638,0.0393846333026886,0.011338502168655396,0.0393846333026886,-0.011338502168655396,33,4,0.8787878787878788
130,H,6,gnnexplainer,0.9,match_ig_baseline,scientific,-0.2744962275028229,-0.2555849552154541,-0.28141823410987854,-0.29372507333755493,0.019228845834732056,0.03814011812210083,0.012306839227676392,0.018911272287368774,0.006922006607055664,0.018911272287368774,-0.006922006607055664,33,4,0.8787878787878788
130,H,6,integrated_gradients,0.9,match_ig_baseline,scientific,-0.2744962275028229,-0.21526175737380981,-0.28981027007102966,-0.29372507333755493,0.019228845834732056,0.07846331596374512,0.0039148032665252686,0.05923447012901306,0.015314042568206787,0.05923447012901306,-0.015314042568206787,33,4,0.8787878787878788
130,C,0,gnnexplainer,0.9,match_ig_baseline,scientific,-1.7423796653747559,-2.668710708618164,-1.5073548555374146,-1.7884330749511719,0.046053409576416016,0.8802776336669922,0.2810782194137573,0.9263310432434082,0.2350248098373413,0.8342242240905762,0.2350248098373413,39,4,0.8974358974358975
130,C,0,integrated_gradients,0.9,match_ig_baseline,scientific,-1.7423796653747559,-2.9767916202545166,-1.6999839544296265,-1.7884330749511719,0.046053409576416016,1.1883585453033447,0.08844912052154541,1.2344119548797607,0.042395710945129395,1.1423051357269287,0.042395710945129395,39,4,0.8974358974358975
130,C,1,gnnexplainer,0.9,match_ig_baseline,scientific,-13.461849212646484,-12.637188911437988,-7.740777969360352,-13.720624923706055,0.2587757110595703,1.0834360122680664,5.979846954345703,0.8246603012084961,5.721071243286133,0.8246603012084961,5.721071243286133,39,4,0.8974358974358975
130,C,1,integrated_gradients,0.9,match_ig_baseline,scientific,-13.461849212646484,-9.077017784118652,-11.195231437683105,-13.720624923706055,0.2587757110595703,4.643607139587402,2.525393486022949,4.384831428527832,2.266617774963379,4.384831428527832,2.266617774963379,39,4,0.8974358974358975
130,C,2,gnnexplainer,0.9,match_ig_baseline,scientific,-10.232084274291992,-9.928498268127441,-6.3718743324279785,-9.822896003723145,0.40918827056884766,0.10560226440429688,3.451021671295166,0.3035860061645508,3.8602099418640137,-0.3035860061645508,3.0418334007263184,39,4,0.8974358974358975
130,C,2,integrated_gradients,0.9,match_ig_baseline,scientific,-10.232084274291992,-6.3680195808410645,-9.585061073303223,-9.822896003723145,0.40918827056884766,3.45487642288208,0.23783493041992188,3.8640646934509277,0.6470232009887695,3.0456881523132324,-0.17135334014892578,39,4,0.8974358974358975
130,C,3,gnnexplainer,0.9,match_ig_baseline,scientific,-1.1955355405807495,-3.2282779216766357,-1.2815290689468384,-1.3442350625991821,0.14869952201843262,1.8840428590774536,0.06270599365234375,2.0327423810958862,0.08599352836608887,1.735343337059021,-0.08599352836608887,39,4,0.8974358974358975
130,C,3,integrated_gradients,0.9,match_ig_baseline,scientific,-1.1955355405807495,-2.2368111610412598,-1.6935532093048096,-1.3442350625991821,0.14869952201843262,0.8925760984420776,0.34931814670562744,1.0412756204605103,0.49801766872406006,0.743876576423645,0.20061862468719482,39,4,0.8974358974358975
130,C,4,gnnexplainer,0.9,match_ig_baseline,scientific,-8.084129333496094,-6.1633501052856445,-8.310229301452637,-9.0869722366333,1.002842903137207,2.9236221313476562,0.7767429351806641,1.9207792282104492,0.22609996795654297,1.9207792282104492,-0.22609996795654297,39,4,0.8974358974358975
130,C,4,integrated_gradients,0.9,match_ig_baseline,scientific,-8.084129333496094,-5.759841442108154,-9.039285659790039,-9.0869722366333,1.002842903137207,3.3271307945251465,0.04768657684326172,2.3242878913879395,0.9551563262939453,2.3242878913879395,-0.9551563262939453,39,4,0.8974358974358975
140,H,0,gnnexplainer,0.9,match_ig_baseline,scientific,-0.0984337329864502,-0.09149959683418274,-0.09328098595142365,-0.10207520425319672,0.003641471266746521,0.010575607419013977,0.008794218301773071,0.006934136152267456,0.00515274703502655,0.006934136152267456,0.00515274703502655,33,4,0.8787878787878788
140,H,0,integrated_gradients,0.9,match_ig_baseline,scientific,-0.0984337329864502,-0.08589775860309601,-0.09901830554008484,-0.10207520425319672,0.003641471266746521,0.016177445650100708,0.0030568987131118774,0.012535974383354187,0.0005845725536346436,0.012535974383354187,-0.0005845725536346436,33,4,0.8787878787878788
140,H,1,gnnexplainer,0.9,match_ig_baseline,scientific,-0.09144803881645203,-0.08781829476356506,-0.08926593512296677,-0.1094622015953064,0.01801416277885437,0.021643906831741333,0.02019626647233963,0.003629744052886963,0.00218210369348526,0.003629744052886963,0.00218210369348526,33,4,0.8787878787878788
140,H,1,integrated_gradients,0.9,match_ig_baseline,scientific,-0.09144803881645203,-0.08249956369400024,-0.09629648178815842,-0.1094622015953064,0.01801416277885437,0.026962637901306152,0.01316571980714798,0.008948475122451782,0.00484844297170639,0.008948475122451782,-0.00484844297170639,33,4,0.8787878787878788
140,H,2,gnnexplainer,0.9,match_ig_baseline,scientific,-0.01340533047914505,-0.03190358728170395,-0.043064285069704056,-0.00036484748125076294,0.013040482997894287,0.031538739800453186,0.04269943758845329,0.0184982568025589,0.029658954590559006,0.0184982568025589,0.029658954590559006,33,4,0.8787878787878788
140,H,2,integrated_gradients,0.9,match_ig_baseline,scientific,-0.01340533047914505,-0.04656628146767616,-0.017998825758695602,-0.00036484748125076294,0.013040482997894287,0.0462014339864254,0.01763397827744484,0.03316095098853111,0.004593495279550552,0.03316095098853111,0.004593495279550552,33,4,0.8787878787878788
140,H,3,gnnexplainer,0.9,match_ig_baseline,scientific,-0.020646415650844574,-0.04655919224023819,-0.025951486080884933,-0.017760200425982475,0.0028862152248620987,0.028798991814255714,0.008191285654902458,0.025912776589393616,0.0053050704300403595,0.025912776589393616,0.0053050704300403595,33,4,0.8787878787878788
140,H,3,integrated_gradients,0.9,match_ig_baseline,scientific,-0.020646415650844574,-0.04559170454740524,-0.02829333394765854,-0.017760200425982475,0.0028862152248620987,0.027831504121422768,0.010533133521676064,0.02494528889656067,0.007646918296813965,0.02494528889656067,0.007646918296813965,33,4,0.8787878787878788
140,H,4,gnnexplainer,0.9,match_ig_baseline,scientific,-0.015238117426633835,-0.03448113426566124,-0.03739572688937187,-0.02005835622549057,0.004820238798856735,0.01442277804017067,0.017337370663881302,0.019243016839027405,0.022157609462738037,0.009602539241313934,0.012517131865024567,33,4,0.8787878787878788
140,H,4,integrated_gradients,0.9,match_ig_baseline,scientific,-0.015238117426633835,-0.047099336981773376,-0.021698031574487686,-0.02005835622549057,0.004820238798856735,0.027040980756282806,0.001639675348997116,0.03186121955513954,0.006459914147853851,0.02222074195742607,-0.003180563449859619,33,4,0.8787878787878788
140,H,5,gnnexplainer,0.9,match_ig_baseline,scientific,-0.18500816822052002,-0.21999824047088623,-0.14911311864852905,-0.18887393176555634,0.003865763545036316,0.031124308705329895,0.03976081311702728,0.03499007225036621,0.03589504957199097,0.02725854516029358,0.03589504957199097,33,4,0.8787878787878788
140,H,5,integrated_gradients,0.9,match_ig_baseline,scientific,-0.18500816822052002,-0.15152651071548462,-0.18181663751602173,-0.18887393176555634,0.003865763545036316,0.037347421050071716,0.007057294249534607,0.0334816575050354,0.003191530704498291,0.0334816575050354,0.003191530704498291,33,4,0.8787878787878788
140,H,6,integrated_gradients,0.9,match_ig_baseline,scientific,-0.10335616767406464,-0.05547037720680237,-0.09686283022165298,,,,,0.04788579046726227,0.006493337452411652,,,33,4,0.8787878787878788
140,H,7,integrated_gradients,0.9,match_ig_baseline,scientific,-0.10335616767406464,-0.05547037720680237,-0.09686283022165298,,,,,0.04788579046726227,0.006493337452411652,,,33,4,0.8787878787878788
140,H,8,integrated_gradients,0.9,match_ig_baseline,scientific,-0.10335617512464523,-0.05547037720680237,-0.09686283767223358,,,,,0.047885797917842865,0.006493337452411652,,,33,4,0.8787878787878788
140,H,9,integrated_gradients,0.9,match_ig_baseline,scientific,-0.10335616767406464,-0.055470384657382965,-0.09686283767223358,,,,,0.04788578301668167,0.006493330001831055,,,33,4,0.8787878787878788
140,C,0,gnnexplainer,0.9,match_ig_baseline,scientific,-2.5951755046844482,-4.180450439453125,-2.6495070457458496,-2.7672555446624756,0.17208003997802734,1.4131948947906494,0.11774849891662598,1.5852749347686768,0.05433154106140137,1.241114854812622,-0.05433154106140137,39,4,0.8974358974358975
140,C,0,integrated_gradients,0.9,match_ig_baseline,scientific,-2.5951755046844482,-4.163503170013428,-2.4381704330444336,-2.7672555446624756,0.17208003997802734,1.3962476253509521,0.329085111618042,1.5683276653289795,0.15700507164001465,1.2241675853729248,0.15700507164001465,39,4,0.8974358974358975
140,C,1,gnnexplainer,0.9,match_ig_baseline,scientific,-2.5963597297668457,-4.7044830322265625,-3.2948591709136963,-2.800291061401367,0.20393133163452148,1.9041919708251953,0.4945681095123291,2.108123302459717,0.6984994411468506,1.7002606391906738,0.2906367778778076,39,4,0.8974358974358975
140,C,1,integrated_gradients,0.9,match_ig_baseline,scientific,-2.5963597297668457,-4.325165748596191,-2.866485595703125,-2.800291061401367,0.20393133163452148,1.5248746871948242,0.06619453430175781,1.7288060188293457,0.2701258659362793,1.3209433555603027,-0.13773679733276367,39,4,0.8974358974358975
140,C,2,gnnexplainer,0.9,match_ig_baseline,scientific,-0.5036308169364929,-0.9420797824859619,-1.0721367597579956,-0.6263213157653809,0.12269049882888794,0.31575846672058105,0.44581544399261475,0.438448965549469,0.5685059428215027,0.19306796789169312,0.3231249451637268,39,4,0.8974358974358975
140,C,2,integrated_gradients,0.9,match_ig_baseline,scientific,-0.5036308169364929,-1.6858885288238525,-0.5652967691421509,-0.6263213157653809,0.12269049882888794,1.0595672130584717,0.06102454662322998,1.1822577118873596,0.06166595220565796,0.9368767142295837,-0.06166595220565796,39,4,0.8974358974358975
150,H,0,integrated_gradients,0.9,match_ig_baseline,scientific,-0.10335616767406464,-0.05547037720680237,-0.09686283022165298,,,,,0.04788579046726227,0.006493337452411652,,,33,4,0.8787878787878788
150,H,1,integrated_gradients,0.9,match_ig_baseline,scientific,-0.10335616767406464,-0.05547037720680237,-0.09686283022165298,,,,,0.04788579046726227,0.006493337452411652,,,33,4,0.8787878787878788
150,H,2,gnnexplainer,0.9,match_ig_baseline,scientific,-0.060744572430849075,-0.06256285309791565,-0.08601906895637512,-0.05671580880880356,0.004028763622045517,0.005847044289112091,0.029303260147571564,0.001818280667066574,0.025274496525526047,0.001818280667066574,0.025274496525526047,33,4,0.8787878787878788
150,H,2,integrated_gradients,0.9,match_ig_baseline,scientific,-0.060744572430849075,-0.07242408394813538,-0.06094660609960556,-0.05671580880880356,0.004028763622045517,0.015708275139331818,0.004230797290802002,0.0116795115172863,0.00020203366875648499,0.0116795115172863,0.00020203366875648499,33,4,0.8787878787878788
150,H,3,gnnexplainer,0.9,match_ig_baseline,scientific,-0.07155074179172516,-0.09711683541536331,-0.0785454660654068,-0.068961501121521,0.0025892406702041626,0.028155334293842316,0.009583964943885803,0.025566093623638153,0.006994724273681641,0.025566093623638153,0.006994724273681641,33,4,0.8787878787878788
150,H,3,integrated_gradients,0.9,match_ig_baseline,scientific,-0.07155074179172516,-0.07413361221551895,-0.0716494545340538,-0.068961501121521,0.0025892406702041626,0.005172111093997955,0.0026879534125328064,0.0025828704237937927,9.87127423286438e-05,0.0025828704237937927,9.87127423286438e-05,33,4,0.8787878787878788
150,H,4,gnnexplainer,0.9,match_ig_baseline,scientific,-0.060738157480955124,-0.0717257410287857,-0.06316372752189636,-0.05671580880880356,0.0040223486721515656,0.015009932219982147,0.006447918713092804,0.010987583547830582,0.0024255700409412384,0.010987583547830582,0.0024255700409412384,33,4,0.8787878787878788
150,H,4,integrated_gradients,0.9,match_ig_baseline,scientific,-0.060738157480955124,-0.07241824269294739,-0.060942377895116806,-0.05671580880880356,0.0040223486721515656,0.01570243388414383,0.004226569086313248,0.011680085211992264,0.00020422041416168213,0.011680085211992264,0.00020422041416168213,33,4,0.8787878787878788
150,H,5,gnnexplainer,0.9,match_ig_baseline,scientific,-0.07154551148414612,-0.08113349229097366,-0.07029671221971512,-0.068961501121521,0.002584010362625122,0.012171991169452667,0.0013352110981941223,0.009587980806827545,0.0012487992644309998,0.009587980806827545,-0.0012487992644309998,33,4,0.8787878787878788
150,H,5,integrated_gradients,0.9,match_ig_baseline,scientific,-0.07154551148414612,-0.07412761449813843,-0.07164765894412994,-0.068961501121521,0.002584010362625122,0.005166113376617432,0.0026861578226089478,0.0025821030139923096,0.00010214745998382568,0.0025821030139923096,0.00010214745998382568,33,4,0.8787878787878788
150,H,6,gnnexplainer,0.9,match_ig_baseline,scientific,-0.07154706120491028,-0.08487018197774887,-0.0773906335234642,-0.068961501121521,0.0025855600833892822,0.015908680856227875,0.008429132401943207,0.013323120772838593,0.0058435723185539246,0.013323120772838593,0.0058435723185539246,33,4,0.8787878787878788
150,H,6,integrated_gradients,0.9,match_ig_baseline,scientific,-0.07154706120491028,-0.07413416355848312,-0.07164803892374039,-0.068961501121521,0.0025855600833892822,0.005172662436962128,0.002686537802219391,0.0025871023535728455,0.00010097771883010864,0.0025871023535728455,0.00010097771883010864,33,4,0.8787878787878788
150,H,7,gnnexplainer,0.9,match_ig_baseline,scientific,-0.06074276193976402,-0.0734730139374733,-0.05329553037881851,-0.05771580711007118,0.0030269548296928406,0.015757206827402115,0.00442027673125267,0.012730251997709274,0.007447231560945511,0.012730251997709274,0.0013933219015598297,33,4,0.8787878787878788
150,H,7,integrated_gradients,0.9,match_ig_baseline,scientific,-0.06074276193976402,-0.07242229580879211,-0.060945916920900345,-0.05771580711007118,0.0030269548296928406,0.014706488698720932,0.0032301098108291626,0.011679533869028091,0.00020315498113632202,0.011679533869028091,0.00020315498113632202,33,4,0.8787878787878788
150,H,8,gnnexplainer,0.9,match_ig_baseline,scientific,-0.0607454888522625,-0.06486030668020248,-0.06347879022359848,-0.05671580880880356,0.004029680043458939,0.008144497871398926,0.006762981414794922,0.004114817827939987,0.0027333013713359833,0.004114817827939987,0.0027333013713359833,33,4,0.8787878787878788
150,H,8,integrated_gradients,0.9,match_ig_baseline,scientific,-0.0607454888522625,-0.0724252387881279,-0.060947660356760025,-0.05671580880880356,0.004029680043458939,0.01570942997932434,0.004231851547956467,0.011679749935865402,0.00020217150449752808,0.011679749935865402,0.00020217150449752808,33,4,0.8787878787878788
150,H,9,gnnexplainer,0.9,match_ig_baseline,scientific,-0.07154908776283264,-0.06657562404870987,-0.08407038450241089,-0.068961501121521,0.0025875866413116455,0.0023858770728111267,0.015108883380889893,0.004973463714122772,0.012521296739578247,-0.0002017095685005188,0.012521296739578247,33,4,0.8787878787878788
150,H,9,integrated_gradients,0.9,match_ig_baseline,scientific,-0.07154908776283264,-0.07413706928491592,-0.07164879143238068,-0.068961501121521,0.0025875866413116455,0.005175568163394928,0.00268729031085968,0.0025879815220832825,9.970366954803467e-05,0.0025879815220832825,9.970366954803467e-05,33,4,0.8787878787878788
150,C,0,gnnexplainer,0.9,match_ig_baseline,scientific,-1.8284080028533936,-3.6287262439727783,-1.8832426071166992,-1.9433090686798096,0.11490106582641602,1.6854171752929688,0.06006646156311035,1.8003182411193848,0.054834604263305664,1.5705161094665527,-0.054834604263305664,39,4,0.8974358974358975
150,C,0,integrated_gradients,0.9,match_ig_baseline,scientific,-1.8284080028533936,-3.213543176651001,-1.9370466470718384,-1.9433090686798096,0.11490106582641602,1.2702341079711914,0.006262421607971191,1.3851351737976074,0.10863864421844482,1.1553330421447754,-0.10863864421844482,39,4,0.8974358974358975
150,C,1,gnnexplainer,0.9,match_ig_baseline,scientific,-1.8284770250320435,-3.0133213996887207,-2.16929292678833,-1.9437216520309448,0.11524462699890137,1.0695997476577759,0.22557127475738525,1.1848443746566772,0.3408159017562866,0.9543551206588745,0.11032664775848389,39,4,0.8974358974358975
150,C,1,integrated_gradients,0.9,match_ig_baseline,scientific,-1.8284770250320435,-3.21364688873291,-1.9370192289352417,-1.9437216520309448,0.11524462699890137,1.2699252367019653,0.006702423095703125,1.3851698637008667,0.10854220390319824,1.154680609703064,-0.10854220390319824,39,4,0.8974358974358975
150,C,2,gnnexplainer,0.9,match_ig_baseline,scientific,-1.828346848487854,-2.715367317199707,-1.9396615028381348,-1.9387212991714478,0.11037445068359375,0.7766460180282593,0.0009402036666870117,0.887020468711853,0.11131465435028076,0.6662715673446655,-0.10943424701690674,39,4,0.8974358974358975
150,C,2,integrated_gradients,0.9,match_ig_baseline,scientific,-1.828346848487854,-3.213552236557007,-1.9369683265686035,-1.9387212991714478,0.11037445068359375,1.274830937385559,0.0017529726028442383,1.3852053880691528,0.10862147808074951,1.1644564867019653,-0.10862147808074951,39,4,0.8974358974358975
150,C,3,gnnexplainer,0.9,match_ig_baseline,scientific,-1.8283494710922241,-3.364436149597168,-2.482672691345215,-1.9353091716766357,0.10695970058441162,1.4291269779205322,0.5473635196685791,1.5360866785049438,0.6543232202529907,1.3221672773361206,0.4404038190841675,39,4,0.8974358974358975
150,C,3,integrated_gradients,0.9,match_ig_baseline,scientific,-1.8283494710922241,-3.213468313217163,-1.9369614124298096,-1.9353091716766357,0.10695970058441162,1.2781591415405273,0.0016522407531738281,1.385118842124939,0.10861194133758545,1.1711994409561157,-0.10530745983123779,39,4,0.8974358974358975
160,H,0,integrated_gradients,0.9,match_ig_baseline,scientific,-0.10335616767406464,-0.05547037720680237,-0.09686283767223358,,,,,0.04788579046726227,0.006493330001831055,,,33,4,0.8787878787878788
160,H,1,gnnexplainer,0.9,match_ig_baseline,scientific,-0.2100701630115509,-0.22606348991394043,-0.19991818070411682,-0.20504018664360046,0.0050299763679504395,0.021023303270339966,0.005122005939483643,0.015993326902389526,0.010151982307434082,0.015993326902389526,9.202957153320312e-05,33,4,0.8787878787878788
160,H,1,integrated_gradients,0.9,match_ig_baseline,scientific,-0.2100701630115509,-0.16968396306037903,-0.23194211721420288,-0.20504018664360046,0.0050299763679504395,0.035356223583221436,0.026901930570602417,0.040386199951171875,0.021871954202651978,0.030326247215270996,0.021871954202651978,33,4,0.8787878787878788
160,H,2,gnnexplainer,0.9,match_ig_baseline,scientific,-0.1512194126844406,-0.1558690369129181,-0.15827760100364685,-0.10492520779371262,0.046294204890728,0.050943829119205475,0.053352393209934235,0.004649624228477478,0.007058188319206238,0.004649624228477478,0.007058188319206238,33,4,0.8787878787878788
160,H,2,integrated_gradients,0.9,match_ig_baseline,scientific,-0.1512194126844406,-0.11202983558177948,-0.14957106113433838,-0.10492520779371262,0.046294204890728,0.007104627788066864,0.04464585334062576,0.03918957710266113,0.0016483515501022339,-0.03918957710266113,-0.0016483515501022339,33,4,0.8787878787878788
160,H,3,gnnexplainer,0.9,match_ig_baseline,scientific,-0.18834778666496277,-0.2026044726371765,-0.2172333002090454,-0.2090143859386444,0.02066659927368164,0.0064099133014678955,0.008218914270401001,0.014256685972213745,0.02888551354408264,-0.014256685972213745,-0.01244768500328064,33,4,0.8787878787878788
160,H,3,integrated_gradients,0.9,match_ig_baseline,scientific,-0.18834778666496277,-0.14077134430408478,-0.19616392254829407,-0.2090143859386444,0.02066659927368164,0.06824304163455963,0.012850463390350342,0.04757644236087799,0.007816135883331299,0.04757644236087799,-0.007816135883331299,33,4,0.8787878787878788
160,H,4,gnnexplainer,0.9,match_ig_baseline,scientific,-0.21834146976470947,-0.23610758781433105,-0.20030683279037476,-0.23812811076641083,0.019786641001701355,0.002020522952079773,0.03782127797603607,0.017766118049621582,0.018034636974334717,-0.017766118049621582,0.018034636974334717,33,4,0.8787878787878788
160,H,4,integrated_gradients,0.9,match_ig_baseline,scientific,-0.21834146976470947,-0.17235782742500305,-0.22510531544685364,-0.23812811076641083,0.019786641001701355,0.06577028334140778,0.01302279531955719,0.04598364233970642,0.006763845682144165,0.04598364233970642,-0.006763845682144165,33,4,0.8787878787878788
160,H,5,gnnexplainer,0.9,match_ig_baseline,scientific,-0.0991494357585907,-0.11835247278213501,-0.07692673802375793,-0.08956525474786758,0.009584181010723114,0.028787218034267426,0.01263851672410965,0.01920303702354431,0.022222697734832764,0.01920303702354431,0.0030543357133865356,33,4,0.8787878787878788
160,H,5,integrated_gradients,0.9,match_ig_baseline,scientific,-0.0991494357585907,-0.07839325070381165,-0.08715763688087463,-0.08956525474786758,0.009584181010723114,0.011172004044055939,0.0024076178669929504,0.020756185054779053,0.011991798877716064,0.0015878230333328247,-0.007176563143730164,33,4,0.8787878787878788
160,H,6,gnnexplainer,0.9,match_ig_baseline,scientific,-0.1886419951915741,-0.09279616177082062,-0.18372365832328796,-0.21079523861408234,0.02215324342250824,0.11799907684326172,0.027071580290794373,0.09584583342075348,0.004918336868286133,0.09584583342075348,0.004918336868286133,33,4,0.8787878787878788
160,H,6,integrated_gradients,0.9,match_ig_baseline,scientific,-0.1886419951915741,-0.13543108105659485,-0.19952696561813354,-0.21079523861408234,0.02215324342250824,0.07536415755748749,0.011268272995948792,0.05321091413497925,0.010884970426559448,0.05321091413497925,-0.010884970426559448,33,4,0.8787878787878788
160,C,0,gnnexplainer,0.9,match_ig_baseline,scientific,-7.5301594734191895,-5.846470355987549,-6.77373743057251,-7.402536869049072,0.1276226043701172,1.5560665130615234,0.6287994384765625,1.6836891174316406,0.7564220428466797,1.4284439086914062,0.5011768341064453,39,4,0.8974358974358975
160,C,0,integrated_gradients,0.9,match_ig_baseline,scientific,-7.5301594734191895,-5.1635003089904785,-8.217301368713379,-7.402536869049072,0.1276226043701172,2.2390365600585938,0.8147644996643066,2.366659164428711,0.6871418952941895,2.1114139556884766,0.6871418952941895,39,4,0.8974358974358975
160,C,1,gnnexplainer,0.9,match_ig_baseline,scientific,-7.5201239585876465,-5.314158916473389,-7.346228122711182,-7.246370792388916,0.27375316619873047,1.9322118759155273,0.09985733032226562,2.205965042114258,0.17389583587646484,1.6584587097167969,-0.17389583587646484,39,4,0.8974358974358975
160,C,1,integrated_gradients,0.9,match_ig_baseline,scientific,-7.5201239585876465,-5.502761363983154,-8.26459789276123,-7.246370792388916,0.27375316619873047,1.7436094284057617,1.0182271003723145,2.017362594604492,0.744473934173584,1.4698562622070312,0.744473934173584,39,4,0.8974358974358975
160,C,2,gnnexplainer,0.9,match_ig_baseline,scientific,-6.183011054992676,-4.847124099731445,-6.262121677398682,-6.147225379943848,0.035785675048828125,1.3001012802124023,0.11489629745483398,1.3358869552612305,0.07911062240600586,1.2643156051635742,0.07911062240600586,39,4,0.8974358974358975
160,C,2,integrated_gradients,0.9,match_ig_baseline,scientific,-6.183011054992676,-4.3506178855896,-6.93607759475708,-6.147225379943848,0.035785675048828125,1.796607494354248,0.7888522148132324,1.8323931694030762,0.7530665397644043,1.76082181930542,0.7530665397644043,39,4,0.8974358974358975
160,C,3,gnnexplainer,0.9,match_ig_baseline,scientific,-5.202700614929199,-3.112481117248535,-5.713923931121826,-5.3162150382995605,0.11351442337036133,2.2037339210510254,0.3977088928222656,2.090219497680664,0.511223316192627,2.090219497680664,0.2841944694519043,39,4,0.8974358974358975
160,C,3,integrated_gradients,0.9,match_ig_baseline,scientific,-5.202700614929199,-3.6751017570495605,-5.593131065368652,-5.3162150382995605,0.11351442337036133,1.64111328125,0.2769160270690918,1.5275988578796387,0.3904304504394531,1.5275988578796387,0.16340160369873047,39,4,0.8974358974358975
160,C,4,gnnexplainer,0.9,match_ig_baseline,scientific,-5.638463020324707,-4.477667331695557,-4.680348873138428,-5.957389831542969,0.3189268112182617,1.479722499847412,1.277040958404541,1.1607956886291504,0.9581141471862793,1.1607956886291504,0.9581141471862793,39,4,0.8974358974358975
160,C,4,integrated_gradients,0.9,match_ig_baseline,scientific,-5.638463020324707,-3.888753652572632,-6.954740047454834,-5.957389831542969,0.3189268112182617,2.068636178970337,0.9973502159118652,1.7497093677520752,1.316277027130127,1.7497093677520752,0.6784234046936035,39,4,0.8974358974358975
160,C,5,gnnexplainer,0.9,match_ig_baseline,scientific,-7.49840784072876,-7.040773868560791,-5.137383460998535,-7.291740894317627,0.2066669464111328,0.25096702575683594,2.154357433319092,0.45763397216796875,2.3610243797302246,0.044300079345703125,1.947690486907959,39,4,0.8974358974358975
160,C,5,integrated_gradients,0.9,match_ig_baseline,scientific,-7.49840784072876,-4.584856033325195,-7.218830108642578,-7.291740894317627,0.2066669464111328,2.7068848609924316,0.07291078567504883,2.9135518074035645,0.27957773208618164,2.500217914581299,-0.13375616073608398,39,4,0.8974358974358975
160,C,6,gnnexplainer,0.9,match_ig_baseline,scientific,-7.5932207107543945,-8.079618453979492,-5.925282001495361,-7.899500846862793,0.30628013610839844,0.18011760711669922,1.9742188453674316,0.48639774322509766,1.6679387092590332,-0.12616252899169922,1.6679387092590332,39,4,0.8974358974358975
160,C,6,integrated_gradients,0.9,match_ig_baseline,scientific,-7.5932207107543945,-5.1363844871521,-7.602936267852783,-7.899500846862793,0.30628013610839844,2.7631163597106934,0.29656457901000977,2.456836223602295,0.009715557098388672,2.456836223602295,-0.009715557098388672,39,4,0.8974358974358975
160,C,7,gnnexplainer,0.9,match_ig_baseline,scientific,-6.825346946716309,-5.508519172668457,-6.52955961227417,-7.095738887786865,0.27039194107055664,1.5872197151184082,0.5661792755126953,1.3168277740478516,0.29578733444213867,1.3168277740478516,0.29578733444213867,39,4,0.8974358974358975
160,C,7,integrated_gradients,0.9,match_ig_baseline,scientific,-6.825346946716309,-5.680211544036865,-6.448608875274658,-7.095738887786865,0.27039194107055664,1.41552734375,0.647130012512207,1.1451354026794434,0.3767380714416504,1.1451354026794434,0.3767380714416504,39,4,0.8974358974358975
170,H,0,gnnexplainer,0.9,match_ig_baseline,scientific,-0.08065252006053925,-0.08430181443691254,-0.06695506721735,-0.026961499825119972,0.05369102023541927,0.057340314611792564,0.039993567392230034,0.003649294376373291,0.01369745284318924,0.003649294376373291,-0.01369745284318924,33,4,0.8787878787878788
170,H,0,integrated_gradients,0.9,match_ig_baseline,scientific,-0.08065252006053925,-0.06671436876058578,-0.07441654801368713,-0.026961499825119972,0.05369102023541927,0.03975286893546581,0.04745504818856716,0.01393815129995346,0.006235972046852112,-0.01393815129995346,-0.006235972046852112,33,4,0.8787878787878788
170,H,1,gnnexplainer,0.9,match_ig_baseline,scientific,-0.08064423501491547,-0.07705360651016235,-0.08520638942718506,-0.027961499989032745,0.05268273502588272,0.04909210652112961,0.05724488943815231,0.003590628504753113,0.004562154412269592,-0.003590628504753113,0.004562154412269592,33,4,0.8787878787878788
170,H,1,integrated_gradients,0.9,match_ig_baseline,scientific,-0.08064423501491547,-0.06671511381864548,-0.07440672069787979,-0.027961499989032745,0.05268273502588272,0.03875361382961273,0.046445220708847046,0.013929121196269989,0.006237514317035675,-0.013929121196269989,-0.006237514317035675,33,4,0.8787878787878788
170,H,2,gnnexplainer,0.9,match_ig_baseline,scientific,-0.08063553273677826,-0.07728755474090576,-0.07270839810371399,-0.027961499989032745,0.052674032747745514,0.049326054751873016,0.044746898114681244,0.0033479779958724976,0.00792713463306427,-0.0033479779958724976,-0.00792713463306427,33,4,0.8787878787878788
170,H,2,integrated_gradients,0.9,match_ig_baseline,scientific,-0.08063553273677826,-0.06670717895030975,-0.07440513372421265,-0.027961499989032745,0.052674032747745514,0.03874567896127701,0.0464436337351799,0.013928353786468506,0.006230399012565613,-0.013928353786468506,-0.006230399012565613,33,4,0.8787878787878788
170,H,3,gnnexplainer,0.9,match_ig_baseline,scientific,-0.08062697947025299,-0.0662267804145813,-0.08050146698951721,-0.026961499825119972,0.05366547964513302,0.03926528058946133,0.05353996716439724,0.014400199055671692,0.0001255124807357788,-0.014400199055671692,-0.0001255124807357788,33,4,0.8787878787878788
170,H,3,integrated_gradients,0.9,match_ig_baseline,scientific,-0.08062697947025299,-0.06670860946178436,-0.07439397275447845,-0.026961499825119972,0.05366547964513302,0.03974710963666439,0.04743247292935848,0.013918370008468628,0.006233006715774536,-0.013918370008468628,-0.006233006715774536,33,4,0.8787878787878788
170,H,4,gnnexplainer,0.9,match_ig_baseline,scientific,-0.07791470736265182,-0.08131708949804306,-0.07675947993993759,-0.027961499989032745,0.04995320737361908,0.053355589509010315,0.048797979950904846,0.0034023821353912354,0.0011552274227142334,0.0034023821353912354,-0.0011552274227142334,33,4,0.8787878787878788
170,H,4,integrated_gradients,0.9,match_ig_baseline,scientific,-0.07791470736265182,-0.06182045117020607,-0.0750126913189888,-0.027961499989032745,0.04995320737361908,0.033858951181173325,0.047051191329956055,0.016094256192445755,0.002902016043663025,-0.016094256192445755,-0.002902016043663025,33,4,0.8787878787878788
170,H,5,gnnexplainer,0.9,match_ig_baseline,scientific,-0.07790467888116837,-0.08566971123218536,-0.07382357865571976,-0.026961499825119972,0.05094317905604839,0.05870821140706539,0.046862078830599785,0.007765032351016998,0.004081100225448608,0.007765032351016998,-0.004081100225448608,33,4,0.8787878787878788
170,H,5,integrated_gradients,0.9,match_ig_baseline,scientific,-0.07790467888116837,-0.061820000410079956,-0.07500461488962173,-0.026961499825119972,0.05094317905604839,0.034858500584959984,0.04804311506450176,0.01608467847108841,0.002900063991546631,-0.01608467847108841,-0.002900063991546631,33,4,0.8787878787878788
170,H,6,gnnexplainer,0.9,match_ig_baseline,scientific,-0.07790350168943405,-0.07720627635717392,-0.05962571129202843,-0.026961499825119972,0.05094200186431408,0.05024477653205395,0.032664211466908455,0.0006972253322601318,0.018277790397405624,-0.0006972253322601318,-0.018277790397405624,33,4,0.8787878787878788
170,H,6,integrated_gradients,0.9,match_ig_baseline,scientific,-0.07790350168943405,-0.06540489196777344,-0.07384160161018372,-0.026961499825119972,0.05094200186431408,0.038443392142653465,0.046880101785063744,0.012498609721660614,0.004061900079250336,-0.012498609721660614,-0.004061900079250336,33,4,0.8787878787878788
170,H,7,gnnexplainer,0.9,match_ig_baseline,scientific,-0.07790827751159668,-0.07898170500993729,-0.05279644578695297,-0.02896150015294552,0.04894677735865116,0.05002020485699177,0.023834945634007454,0.0010734274983406067,0.025111831724643707,0.0010734274983406067,-0.025111831724643707,33,4,0.8787878787878788
170,H,7,integrated_gradients,0.9,match_ig_baseline,scientific,-0.07790827751159668,-0.0654078871011734,-0.07384220510721207,-0.02896150015294552,0.04894677735865116,0.03644638694822788,0.04488070495426655,0.012500390410423279,0.004066072404384613,-0.012500390410423279,-0.004066072404384613,33,4,0.8787878787878788
170,H,8,gnnexplainer,0.9,match_ig_baseline,scientific,-0.07964935898780823,-0.09570346027612686,-0.07761824131011963,-0.02691764011979103,0.0527317188680172,0.06878582015633583,0.0507006011903286,0.016054101288318634,0.0020311176776885986,0.016054101288318634,-0.0020311176776885986,33,4,0.8787878787878788
170,H,8,integrated_gradients,0.9,match_ig_baseline,scientific,-0.07964935898780823,-0.06643076241016388,-0.07380630820989609,-0.02691764011979103,0.0527317188680172,0.03951312229037285,0.04688866809010506,0.013218596577644348,0.00584305077791214,-0.013218596577644348,-0.00584305077791214,33,4,0.8787878787878788
170,H,9,gnnexplainer,0.9,match_ig_baseline,scientific,-0.0796414166688919,-0.10306470841169357,-0.07166100293397903,-0.025917639955878258,0.05372377671301365,0.07714706845581532,0.04574336297810078,0.023423291742801666,0.007980413734912872,0.023423291742801666,-0.007980413734912872,33,4,0.8787878787878788
170,H,9,integrated_gradients,0.9,match_ig_baseline,scientific,-0.0796414166688919,-0.0664251446723938,-0.07380922138690948,-0.025917639955878258,0.05372377671301365,0.04050750471651554,0.04789158143103123,0.013216271996498108,0.005832195281982422,-0.013216271996498108,-0.005832195281982422,33,4,0.8787878787878788
170,H,10,gnnexplainer,0.9,match_ig_baseline,scientific,-0.07964157313108444,-0.06357745081186295,-0.0684380978345871,-0.025917639955878258,0.053723933175206184,0.03765981085598469,0.04252045787870884,0.016064122319221497,0.011203475296497345,-0.016064122319221497,-0.011203475296497345,33,4,0.8787878787878788
170,H,10,integrated_gradients,0.9,match_ig_baseline,scientific,-0.07964157313108444,-0.06642463803291321,-0.07380326092243195,-0.025917639955878258,0.053723933175206184,0.04050699807703495,0.04788562096655369,0.013216935098171234,0.005838312208652496,-0.013216935098171234,-0.005838312208652496,33,4,0.8787878787878788
170,H,11,gnnexplainer,0.9,match_ig_baseline,scientific,-0.07965811342000961,-0.07364818453788757,-0.07880176603794098,-0.02896150015294552,0.050696613267064095,0.044686684384942055,0.04984026588499546,0.00600992888212204,0.000856347382068634,-0.00600992888212204,-0.000856347382068634,33,4,0.8787878787878788
170,H,11,integrated_gradients,0.9,match_ig_baseline,scientific,-0.07965811342000961,-0.06642630696296692,-0.07381762564182281,-0.02896150015294552,0.050696613267064095,0.0374648068100214,0.044856125488877296,0.013231806457042694,0.005840487778186798,-0.013231806457042694,-0.005840487778186798,33,4,0.8787878787878788
170,C,0,gnnexplainer,0.9,match_ig_baseline,scientific,-2.0284276008605957,-3.3855767250061035,-2.729046583175659,-2.175614595413208,0.1471869945526123,1.2099621295928955,0.5534319877624512,1.3571491241455078,0.7006189823150635,1.0627751350402832,0.40624499320983887,39,4,0.8974358974358975
170,C,0,integrated_gradients,0.9,match_ig_baseline,scientific,-2.0284276008605957,-3.172874689102173,-2.299689531326294,-2.175614595413208,0.1471869945526123,0.9972600936889648,0.12407493591308594,1.1444470882415771,0.27126193046569824,0.8500730991363525,-0.023112058639526367,39,4,0.8974358974358975
170,C,1,gnnexplainer,0.9,match_ig_baseline,scientific,-2.0285582542419434,-3.407984733581543,-2.248671054840088,-2.1761586666107178,0.14760041236877441,1.2318260669708252,0.07251238822937012,1.3794264793395996,0.22011280059814453,1.0842256546020508,-0.0750880241394043,39,4,0.8974358974358975
170,C,1,integrated_gradients,0.9,match_ig_baseline,scientific,-2.0285582542419434,-3.1729025840759277,-2.299567699432373,-2.1761586666107178,0.14760041236877441,0.99674391746521,0.12340903282165527,1.1443443298339844,0.2710094451904297,0.8491435050964355,-0.02419137954711914,39,4,0.8974358974358975
170,C,2,gnnexplainer,0.9,match_ig_baseline,scientific,-2.1927924156188965,-2.7926411628723145,-2.583530902862549,-2.1926145553588867,0.00017786026000976562,0.6000266075134277,0.3909163475036621,0.599848747253418,0.39073848724365234,0.599848747253418,0.39073848724365234,39,4,0.8974358974358975
170,C,2,integrated_gradients,0.9,match_ig_baseline,scientific,-2.1927924156188965,-3.29074764251709,-2.341501235961914,-2.1926145553588867,0.00017786026000976562,1.0981330871582031,0.14888668060302734,1.0979552268981934,0.14870882034301758,1.0979552268981934,0.14870882034301758,39,4,0.8974358974358975
170,C,3,gnnexplainer,0.9,match_ig_baseline,scientific,-2.1926939487457275,-2.620903253555298,-3.2971200942993164,-2.179614543914795,0.013079404830932617,0.44128870964050293,1.1175055503845215,0.4282093048095703,1.1044261455535889,0.4282093048095703,1.1044261455535889,39,4,0.8974358974358975
170,C,3,integrated_gradients,0.9,match_ig_baseline,scientific,-2.1926939487457275,-3.2909276485443115,-2.3415279388427734,-2.179614543914795,0.013079404830932617,1.1113131046295166,0.16191339492797852,1.098233699798584,0.1488339900970459,1.098233699798584,0.1488339900970459,39,4,0.8974358974358975
170,C,4,gnnexplainer,0.9,match_ig_baseline,scientific,-2.0527212619781494,-3.243210792541504,-2.6074106693267822,-2.1881580352783203,0.1354367733001709,1.0550527572631836,0.4192526340484619,1.1904895305633545,0.5546894073486328,0.9196159839630127,0.283815860748291,39,4,0.8974358974358975
170,C,4,integrated_gradients,0.9,match_ig_baseline,scientific,-2.0527212619781494,-3.1850643157958984,-2.3068904876708984,-2.1881580352783203,0.1354367733001709,0.9969062805175781,0.11873245239257812,1.132343053817749,0.254169225692749,0.8614695072174072,-0.016704320907592773,39,4,0.8974358974358975
170,C,5,gnnexplainer,0.9,match_ig_baseline,scientific,-2.0526702404022217,-2.63086199760437,-2.8102102279663086,-2.174614429473877,0.12194418907165527,0.45624756813049316,0.6355957984924316,0.5781917572021484,0.7575399875640869,0.3343033790588379,0.5136516094207764,39,4,0.8974358974358975
170,C,5,integrated_gradients,0.9,match_ig_baseline,scientific,-2.0526702404022217,-3.1851437091827393,-2.307053565979004,-2.174614429473877,0.12194418907165527,1.0105292797088623,0.13243913650512695,1.1324734687805176,0.2543833255767822,0.888585090637207,0.01049494743347168,39,4,0.8974358974358975
180,H,0,gnnexplainer,0.9,match_ig_baseline,scientific,-0.4140334129333496,-0.3060181736946106,-0.378062903881073,-0.580960750579834,0.16692733764648438,0.2749425768852234,0.202897846698761,0.10801523923873901,0.03597050905227661,0.10801523923873901,0.03597050905227661,33,4,0.8787878787878788
180,H,0,integrated_gradients,0.9,match_ig_baseline,scientific,-0.4140334129333496,-0.3470153510570526,-0.39580440521240234,-0.580960750579834,0.16692733764648438,0.23394539952278137,0.18515634536743164,0.067018061876297,0.018229007720947266,0.067018061876297,0.018229007720947266,33,4,0.8787878787878788
180,H,1,gnnexplainer,0.9,match_ig_baseline,scientific,-0.42723187804222107,-0.373163640499115,-0.3004182279109955,-0.4130914807319641,0.014140397310256958,0.03992784023284912,0.11267325282096863,0.05406823754310608,0.12681365013122559,0.025787442922592163,0.09853285551071167,33,4,0.8787878787878788
180,H,1,integrated_gradients,0.9,match_ig_baseline,scientific,-0.42723187804222107,-0.2982562184333801,-0.41513264179229736,-0.4130914807319641,0.014140397310256958,0.11483526229858398,0.002041161060333252,0.12897565960884094,0.012099236249923706,0.10069486498832703,-0.012099236249923706,33,4,0.8787878787878788
180,H,2,gnnexplainer,0.9,match_ig_baseline,scientific,-0.36503866314888,-0.3615036606788635,-0.35342639684677124,-0.4001104235649109,0.035071760416030884,0.03860676288604736,0.04668402671813965,0.0035350024700164795,0.011612266302108765,0.0035350024700164795,0.011612266302108765,33,4,0.8787878787878788
180,H,2,integrated_gradients,0.9,match_ig_baseline,scientific,-0.36503866314888,-0.29693421721458435,-0.3455318212509155,-0.4001104235649109,0.035071760416030884,0.10317620635032654,0.05457860231399536,0.06810444593429565,0.019506841897964478,0.06810444593429565,0.019506841897964478,33,4,0.8787878787878788
180,H,3,gnnexplainer,0.9,match_ig_baseline,scientific,-0.38936370611190796,-0.4028465747833252,-0.499580979347229,-0.484222948551178,0.09485924243927002,0.08137637376785278,0.015358030796051025,0.013482868671417236,0.11021727323532104,-0.013482868671417236,-0.079501211643219,33,4,0.8787878787878788
180,H,3,integrated_gradients,0.9,match_ig_baseline,scientific,-0.38936370611190796,-0.3649101257324219,-0.385860413312912,-0.484222948551178,0.09485924243927002,0.1193128228187561,0.09836253523826599,0.024453580379486084,0.0035032927989959717,0.024453580379486084,0.0035032927989959717,33,4,0.8787878787878788
180,C,0,gnnexplainer,0.9,match_ig_baseline,scientific,-13.228137016296387,-8.454899787902832,-9.207611083984375,-14.357091903686523,1.1289548873901367,5.902192115783691,5.149480819702148,4.773237228393555,4.020525932312012,4.773237228393555,4.020525932312012,39,4,0.8974358974358975
180,C,0,integrated_gradients,0.9,match_ig_baseline,scientific,-13.228137016296387,-6.895921230316162,-11.41497802734375,-14.357091903686523,1.1289548873901367,7.461170673370361,2.9421138763427734,6.332215785980225,1.8131589889526367,6.332215785980225,1.8131589889526367,39,4,0.8974358974358975
180,C,1,gnnexplainer,0.9,match_ig_baseline,scientific,-11.906601905822754,-9.598122596740723,-6.960955619812012,-10.998719215393066,0.9078826904296875,1.4005966186523438,4.037763595581055,2.3084793090820312,4.945646286010742,0.49271392822265625,3.129880905151367,39,4,0.8974358974358975
180,C,1,integrated_gradients,0.9,match_ig_baseline,scientific,-11.906601905822754,-6.144067287445068,-10.59426498413086,-10.998719215393066,0.9078826904296875,4.854651927947998,0.40445423126220703,5.7625346183776855,1.3123369216918945,3.9467692375183105,-0.5034284591674805,39,4,0.8974358974358975
180,C,2,gnnexplainer,0.9,match_ig_baseline,scientific,-15.376887321472168,-12.7756929397583,-8.159334182739258,-17.9969425201416,2.6200551986694336,5.221249580383301,9.837608337402344,2.601194381713867,7.21755313873291,2.601194381713867,7.21755313873291,39,4,0.8974358974358975
180,C,2,integrated_gradients,0.9,match_ig_baseline,scientific,-15.376887321472168,-7.184807777404785,-13.07635498046875,-17.9969425201416,2.6200551986694336,10.812134742736816,4.920587539672852,8.192079544067383,2.300532341003418,8.192079544067383,2.300532341003418,39,4,0.8974358974358975
190,H,0,gnnexplainer,0.9,match_ig_baseline,scientific,-0.1807706356048584,-0.19683510065078735,-0.11772303283214569,-0.18715476989746094,0.006384134292602539,0.009680330753326416,0.06943173706531525,0.016064465045928955,0.06304760277271271,0.003296196460723877,0.06304760277271271,33,4,0.8787878787878788
190,H,0,integrated_gradients,0.9,match_ig_baseline,scientific,-0.1807706356048584,-0.13937026262283325,-0.17059659957885742,-0.18715476989746094,0.006384134292602539,0.047784507274627686,0.016558170318603516,0.041400372982025146,0.010174036026000977,0.041400372982025146,0.010174036026000977,33,4,0.8787878787878788
190,H,1,gnnexplainer,0.9,match_ig_baseline,scientific,-0.2865673005580902,-0.2663106918334961,-0.32315126061439514,-0.2963302731513977,0.009762972593307495,0.03001958131790161,0.026820987462997437,0.020256608724594116,0.03658396005630493,0.020256608724594116,0.01705801486968994,33,4,0.8787878787878788
190,H,1,integrated_gradients,0.9,match_ig_baseline,scientific,-0.2865673005580902,-0.23142346739768982,-0.30197784304618835,-0.2963302731513977,0.009762972593307495,0.06490680575370789,0.005647569894790649,0.05514383316040039,0.015410542488098145,0.05514383316040039,-0.004115402698516846,33,4,0.8787878787878788
190,H,2,gnnexplainer,0.9,match_ig_baseline,scientific,-0.29753315448760986,-0.2836032509803772,-0.31736496090888977,-0.3346013128757477,0.03706815838813782,0.05099806189537048,0.01723635196685791,0.013929903507232666,0.019831806421279907,0.013929903507232666,-0.019831806421279907,33,4,0.8787878787878788
190,H,2,integrated_gradients,0.9,match_ig_baseline,scientific,-0.29753315448760986,-0.27325382828712463,-0.28482067584991455,-0.3346013128757477,0.03706815838813782,0.06134748458862305,0.04978063702583313,0.02427932620048523,0.012712478637695312,0.02427932620048523,0.012712478637695312,33,4,0.8787878787878788
190,C,0,gnnexplainer,0.9,match_ig_baseline,scientific,-7.1621785163879395,-5.813316345214844,-6.289414882659912,-6.9586501121521,0.20352840423583984,1.1453337669372559,0.6692352294921875,1.3488621711730957,0.8727636337280273,0.941805362701416,0.46570682525634766,39,4,0.8974358974358975
190,C,0,integrated_gradients,0.9,match_ig_baseline,scientific,-7.1621785163879395,-5.375853061676025,-6.656961917877197,-6.9586501121521,0.20352840423583984,1.5827970504760742,0.30168819427490234,1.786325454711914,0.5052165985107422,1.3792686462402344,0.0981597900390625,39,4,0.8974358974358975
190,C,1,gnnexplainer,0.9,match_ig_baseline,scientific,-11.264604568481445,-8.117141723632812,-8.340832710266113,-11.209294319152832,0.05531024932861328,3.0921525955200195,2.8684616088867188,3.147462844848633,2.923771858215332,3.0368423461914062,2.8131513595581055,39,4,0.8974358974358975
190,C,1,integrated_gradients,0.9,match_ig_baseline,scientific,-11.264604568481445,-5.94408655166626,-10.807516098022461,-11.209294319152832,0.05531024932861328,5.265207767486572,0.4017782211303711,5.3205180168151855,0.4570884704589844,5.209897518157959,0.3464679718017578,39,4,0.8974358974358975
190,C,2,gnnexplainer,0.9,match_ig_baseline,scientific,-9.726898193359375,-6.611718654632568,-7.768374919891357,-9.844695091247559,0.1177968978881836,3.2329764366149902,2.076320171356201,3.1151795387268066,1.9585232734680176,3.1151795387268066,1.9585232734680176,39,4,0.8974358974358975
190,C,2,integrated_gradients,0.9,match_ig_baseline,scientific,-9.726898193359375,-5.362691402435303,-10.707630157470703,-9.844695091247559,0.1177968978881836,4.482003688812256,0.8629350662231445,4.364206790924072,0.9807319641113281,4.364206790924072,0.7451381683349609,39,4,0.8974358974358975
200,H,0,gnnexplainer,0.9,match_ig_baseline,scientific,-0.034489769488573074,-0.05727994069457054,-0.051241185516119,-0.05202356353402138,0.017533794045448303,0.005256377160549164,0.0007823780179023743,0.022790171205997467,0.01675141602754593,-0.01227741688489914,-0.01675141602754593,33,4,0.8787878787878788
200,H,0,integrated_gradients,0.9,match_ig_baseline,scientific,-0.034489769488573074,-0.054052382707595825,-0.04294445365667343,-0.05202356353402138,0.017533794045448303,0.0020288191735744476,0.009079109877347946,0.01956261321902275,0.008454684168100357,-0.015504974871873856,-0.008454684168100357,33,4,0.8787878787878788
200,H,1,gnnexplainer,0.9,match_ig_baseline,scientific,-0.13321912288665771,-0.1412336230278015,-0.1227085143327713,-0.14146092534065247,0.008241802453994751,0.00022730231285095215,0.018752411007881165,0.008014500141143799,0.010510608553886414,-0.008014500141143799,0.010510608553886414,33,4,0.8787878787878788
200,H,1,integrated_gradients,0.9,match_ig_baseline,scientific,-0.13321912288665771,-0.12531256675720215,-0.14649400115013123,-0.14146092534065247,0.008241802453994751,0.016148358583450317,0.00503307580947876,0.007906556129455566,0.01327487826347351,0.007906556129455566,-0.003208726644515991,33,4,0.8787878787878788
200,H,2,integrated_gradients,0.9,match_ig_baseline,scientific,-0.1105690747499466,-0.06876973807811737,-0.10949121415615082,,,,,0.041799336671829224,0.0010778605937957764,,,33,4,0.8787878787878788
200,H,3,gnnexplainer,0.9,match_ig_baseline,scientific,-0.133228600025177,-0.11094005405902863,-0.1828044205904007,-0.14141695201396942,0.00818835198879242,0.030476897954940796,0.041387468576431274,0.022288545966148376,0.049575820565223694,0.022288545966148376,0.033199116587638855,33,4,0.8787878787878788
200,H,3,integrated_gradients,0.9,match_ig_baseline,scientific,-0.133228600025177,-0.12531593441963196,-0.14650222659111023,-0.14141695201396942,0.00818835198879242,0.016101017594337463,0.005085274577140808,0.007912665605545044,0.013273626565933228,0.007912665605545044,-0.0031030774116516113,33,4,0.8787878787878788
200,H,4,gnnexplainer,0.9,match_ig_baseline,scientific,-0.034488316625356674,-0.038423337042331696,-0.04667714238166809,-0.05361136794090271,0.019123051315546036,0.015188030898571014,0.006934225559234619,0.003935020416975021,0.012188825756311417,-0.003935020416975021,-0.012188825756311417,33,4,0.8787878787878788
200,H,4,integrated_gradients,0.9,match_ig_baseline,scientific,-0.034488316625356674,-0.054046571254730225,-0.04294346272945404,-0.05361136794090271,0.019123051315546036,0.00043520331382751465,0.01066790521144867,0.01955825462937355,0.008455146104097366,-0.01868784800171852,-0.008455146104097366,33,4,0.8787878787878788
200,H,5,gnnexplainer,0.9,match_ig_baseline,scientific,-0.022977739572525024,-0.04879050701856613,-0.0677385926246643,0.022021647542715073,0.0449993871152401,0.0708121545612812,0.08976024016737938,0.025812767446041107,0.04476085305213928,0.025812767446041107,0.04476085305213928,33,4,0.8787878787878788
200,H,5,integrated_gradients,0.9,match_ig_baseline,scientific,-0.022977739572525024,-0.04703051596879959,-0.03210423141717911,0.022021647542715073,0.0449993871152401,0.06905216351151466,0.05412587895989418,0.024052776396274567,0.009126491844654083,0.024052776396274567,0.009126491844654083,33,4,0.8787878787878788
200,C,0,gnnexplainer,0.9,match_ig_baseline,scientific,-0.3257913291454315,-1.2776681184768677,-0.595745861530304,-0.32692858576774597,0.0011372566223144531,0.9507395327091217,0.268817275762558,0.9518767893314362,0.26995453238487244,0.9496022760868073,0.26768001914024353,39,4,0.8974358974358975
200,C,0,integrated_gradients,0.9,match_ig_baseline,scientific,-0.3257913291454315,-1.7918590307235718,-0.3554641604423523,-0.32692858576774597,0.0011372566223144531,1.4649304449558258,0.028535574674606323,1.4660677015781403,0.029672831296920776,1.4637931883335114,0.02739831805229187,39,4,0.8974358974358975
200,C,1,gnnexplainer,0.9,match_ig_baseline,scientific,-3.543595314025879,-3.701312303543091,-3.9619905948638916,-3.714416265487671,0.170820951461792,0.013103961944580078,0.2475743293762207,0.15771698951721191,0.4183952808380127,-0.15771698951721191,0.07675337791442871,39,4,0.8974358974358975
200,C,1,integrated_gradients,0.9,match_ig_baseline,scientific,-3.543595314025879,-3.911377191543579,-3.5112123489379883,-3.714416265487671,0.170820951461792,0.1969609260559082,0.20320391654968262,0.3677818775177002,0.032382965087890625,0.02613997459411621,0.032382965087890625,39,4,0.8974358974358975
210,H,0,gnnexplainer,0.9,match_ig_baseline,scientific,-0.23647749423980713,-0.22363725304603577,-0.23219972848892212,-0.2668735980987549,0.030396103858947754,0.043236345052719116,0.034673869609832764,0.012840241193771362,0.00427776575088501,0.012840241193771362,0.00427776575088501,33,4,0.8787878787878788
210,H,0,integrated_gradients,0.9,match_ig_baseline,scientific,-0.23647749423980713,-0.18186062574386597,-0.22961604595184326,-0.2668735980987549,0.030396103858947754,0.08501297235488892,0.03725755214691162,0.05461686849594116,0.006861448287963867,0.05461686849594116,0.006861448287963867,33,4,0.8787878787878788
210,H,1,gnnexplainer,0.9,match_ig_baseline,scientific,-0.16990628838539124,-0.17193344235420227,-0.15321244299411774,-0.22000466287136078,0.05009837448596954,0.04807122051715851,0.06679221987724304,0.002027153968811035,0.0166938453912735,-0.002027153968811035,0.0166938453912735,33,4,0.8787878787878788
210,H,1,integrated_gradients,0.9,match_ig_baseline,scientific,-0.16990628838539124,-0.1252053827047348,-0.15741971135139465,-0.22000466287136078,0.05009837448596954,0.09479928016662598,0.06258495151996613,0.04470090568065643,0.012486577033996582,0.04470090568065643,0.012486577033996582,33,4,0.8787878787878788
210,H,2,gnnexplainer,0.9,match_ig_baseline,scientific,-0.16991707682609558,-0.17082545161247253,-0.17795954644680023,-0.22000466287136078,0.0500875860452652,0.049179211258888245,0.04204511642456055,0.0009083747863769531,0.008042469620704651,-0.0009083747863769531,-0.008042469620704651,33,4,0.8787878787878788
210,H,2,integrated_gradients,0.9,match_ig_baseline,scientific,-0.16991707682609558,-0.12520049512386322,-0.15742766857147217,-0.22000466287136078,0.0500875860452652,0.09480416774749756,0.06257699429988861,0.04471658170223236,0.012489408254623413,0.04471658170223236,0.012489408254623413,33,4,0.8787878787878788
210,H,3,gnnexplainer,0.9,match_ig_baseline,scientific,-0.23645758628845215,-0.19852638244628906,-0.2665288746356964,-0.2668735980987549,0.030416011810302734,0.06834721565246582,0.0003447234630584717,0.037931203842163086,0.030071288347244263,0.037931203842163086,-0.030071288347244263,33,4,0.8787878787878788
210,H,3,integrated_gradients,0.9,match_ig_baseline,scientific,-0.23645758628845215,-0.1818387806415558,-0.22960418462753296,-0.2668735980987549,0.030416011810302734,0.0850348174571991,0.037269413471221924,0.05461880564689636,0.0068534016609191895,0.05461880564689636,0.0068534016609191895,33,4,0.8787878787878788
210,C,0,gnnexplainer,0.9,match_ig_baseline,scientific,-8.039193153381348,-6.786499977111816,-6.333467960357666,-8.148537635803223,0.109344482421875,1.3620376586914062,1.8150696754455566,1.2526931762695312,1.7057251930236816,1.2526931762695312,1.7057251930236816,39,4,0.8974358974358975
210,C,0,integrated_gradients,0.9,match_ig_baseline,scientific,-8.039193153381348,-6.473357200622559,-7.2897138595581055,-8.148537635803223,0.109344482421875,1.675180435180664,0.8588237762451172,1.565835952758789,0.7494792938232422,1.565835952758789,0.7494792938232422,39,4,0.8974358974358975
210,C,1,gnnexplainer,0.9,match_ig_baseline,scientific,-8.50687313079834,-7.090525150299072,-4.717428684234619,-8.832358360290527,0.3254852294921875,1.741833209991455,4.114929676055908,1.4163479804992676,3.7894444465637207,1.4163479804992676,3.7894444465637207,39,4,0.8974358974358975
210,C,1,integrated_gradients,0.9,match_ig_baseline,scientific,-8.50687313079834,-4.536543369293213,-8.37313175201416,-8.832358360290527,0.3254852294921875,4.2958149909973145,0.4592266082763672,3.970329761505127,0.1337413787841797,3.970329761505127,0.1337413787841797,39,4,0.8974358974358975
210,C,2,gnnexplainer,0.9,match_ig_baseline,scientific,-8.50603199005127,-5.8414788246154785,-6.457142353057861,-8.827771186828613,0.32173919677734375,2.9862923622131348,2.370628833770752,2.664553165435791,2.048889636993408,2.664553165435791,2.048889636993408,39,4,0.8974358974358975
210,C,2,integrated_gradients,0.9,match_ig_baseline,scientific,-8.50603199005127,-4.535664081573486,-8.373124122619629,-8.827771186828613,0.32173919677734375,4.292107105255127,0.4546470642089844,3.970367908477783,0.13290786743164062,3.970367908477783,0.13290786743164062,39,4,0.8974358974358975
210,C,3,gnnexplainer,0.9,match_ig_baseline,scientific,-8.038690567016602,-6.712507724761963,-7.7732462882995605,-8.147125244140625,0.10843467712402344,1.434617519378662,0.37387895584106445,1.3261828422546387,0.265444278717041,1.3261828422546387,0.265444278717041,39,4,0.8974358974358975
210,C,3,integrated_gradients,0.9,match_ig_baseline,scientific,-8.038690567016602,-6.472927093505859,-7.2892889976501465,-8.147125244140625,0.10843467712402344,1.6741981506347656,0.8578362464904785,1.5657634735107422,0.7494015693664551,1.5657634735107422,0.7494015693664551,39,4,0.8974358974358975
220,H,0,gnnexplainer,0.9,match_ig_baseline,scientific,-0.12581287324428558,-0.13648474216461182,-0.1458144187927246,-0.12012752145528793,0.00568535178899765,0.016357220709323883,0.025686897337436676,0.010671868920326233,0.020001545548439026,0.010671868920326233,0.020001545548439026,33,4,0.8787878787878788
220,H,0,integrated_gradients,0.9,match_ig_baseline,scientific,-0.12581287324428558,-0.13648873567581177,-0.12960395216941833,-0.12012752145528793,0.00568535178899765,0.016361214220523834,0.009476430714130402,0.010675862431526184,0.0037910789251327515,0.010675862431526184,0.0037910789251327515,33,4,0.8787878787878788
220,H,1,gnnexplainer,0.9,match_ig_baseline,scientific,-0.12583093345165253,-0.12455248087644577,-0.1519235074520111,-0.12267136573791504,0.003159567713737488,0.0018811151385307312,0.02925214171409607,0.0012784525752067566,0.02609257400035858,-0.0012784525752067566,0.02609257400035858,33,4,0.8787878787878788
220,H,1,integrated_gradients,0.9,match_ig_baseline,scientific,-0.12583093345165253,-0.13650283217430115,-0.12960821390151978,-0.12267136573791504,0.003159567713737488,0.013831466436386108,0.006936848163604736,0.01067189872264862,0.0037772804498672485,0.01067189872264862,0.0037772804498672485,33,4,0.8787878787878788
220,H,2,gnnexplainer,0.9,match_ig_baseline,scientific,-0.13292518258094788,-0.13572585582733154,-0.14177539944648743,-0.1407589614391327,0.007833778858184814,0.0050331056118011475,0.0010164380073547363,0.002800673246383667,0.00885021686553955,-0.002800673246383667,-0.006817340850830078,33,4,0.8787878787878788
220,H,2,integrated_gradients,0.9,match_ig_baseline,scientific,-0.13292518258094788,-0.1425720751285553,-0.14131633937358856,-0.1407589614391327,0.007833778858184814,0.0018131136894226074,0.0005573779344558716,0.009646892547607422,0.008391156792640686,-0.006020665168762207,-0.007276400923728943,33,4,0.8787878787878788
220,H,3,gnnexplainer,0.9,match_ig_baseline,scientific,-0.30496641993522644,-0.2620483338832855,-0.24391120672225952,-0.3256283104419708,0.020661890506744385,0.0635799765586853,0.0817171037197113,0.04291808605194092,0.06105521321296692,0.04291808605194092,0.06105521321296692,33,4,0.8787878787878788
220,H,3,integrated_gradients,0.9,match_ig_baseline,scientific,-0.30496641993522644,-0.18482473492622375,-0.3222200572490692,-0.3256283104419708,0.020661890506744385,0.14080357551574707,0.0034082531929016113,0.12014168500900269,0.017253637313842773,0.12014168500900269,-0.017253637313842773,33,4,0.8787878787878788
220,C,0,gnnexplainer,0.9,match_ig_baseline,scientific,-2.0644288063049316,-3.724142551422119,-2.057596206665039,-2.234189033508301,0.16976022720336914,1.4899535179138184,0.17659282684326172,1.6597137451171875,0.006832599639892578,1.3201932907104492,0.006832599639892578,39,4,0.8974358974358975
220,C,0,integrated_gradients,0.9,match_ig_baseline,scientific,-2.0644288063049316,-3.4761619567871094,-2.03924560546875,-2.234189033508301,0.16976022720336914,1.2419729232788086,0.19494342803955078,1.4117331504821777,0.02518320083618164,1.0722126960754395,0.02518320083618164,39,4,0.8974358974358975
220,C,1,gnnexplainer,0.9,match_ig_baseline,scientific,-12.214133262634277,-7.305706977844238,-8.178729057312012,-13.03568172454834,0.8215484619140625,5.729974746704102,4.856952667236328,4.908426284790039,4.035404205322266,4.908426284790039,4.035404205322266,39,4,0.8974358974358975
220,C,1,integrated_gradients,0.9,match_ig_baseline,scientific,-12.214133262634277,-6.420206546783447,-10.880309104919434,-13.03568172454834,0.8215484619140625,6.615475177764893,2.1553726196289062,5.79392671585083,1.3338241577148438,5.79392671585083,1.3338241577148438,39,4,0.8974358974358975
220,C,2,gnnexplainer,0.9,match_ig_baseline,scientific,-4.342121601104736,-3.4554731845855713,-5.821143627166748,-5.104192733764648,0.7620711326599121,1.6487195491790771,0.7169508934020996,0.886648416519165,1.4790220260620117,0.886648416519165,-0.0451202392578125,39,4,0.8974358974358975
220,C,2,integrated_gradients,0.9,match_ig_baseline,scientific,-4.342121601104736,-4.335107326507568,-4.81781530380249,-5.104192733764648,0.7620711326599121,0.7690854072570801,0.2863774299621582,0.007014274597167969,0.4756937026977539,0.007014274597167969,-0.4756937026977539,39,4,0.8974358974358975
220,C,3,gnnexplainer,0.9,match_ig_baseline,scientific,-12.242667198181152,-7.287851810455322,-8.661602973937988,-13.445884704589844,1.2032175064086914,6.1580328941345215,4.7842817306518555,4.95481538772583,3.581064224243164,4.95481538772583,3.581064224243164,39,4,0.8974358974358975
220,C,3,integrated_gradients,0.9,match_ig_baseline,scientific,-12.242667198181152,-6.394602298736572,-8.521380424499512,-13.445884704589844,1.2032175064086914,7.0512824058532715,4.924504280090332,5.84806489944458,3.7212867736816406,5.84806489944458,3.7212867736816406,39,4,0.8974358974358975
230,H,0,gnnexplainer,0.9,match_ig_baseline,scientific,-0.2030012011528015,-0.18107372522354126,-0.21140345931053162,-0.21884571015834808,0.01584450900554657,0.037771984934806824,0.007442250847816467,0.021927475929260254,0.008402258157730103,0.021927475929260254,-0.008402258157730103,33,4,0.8787878787878788
230,H,0,integrated_gradients,0.9,match_ig_baseline,scientific,-0.2030012011528015,-0.17674338817596436,-0.21530625224113464,-0.21884571015834808,0.01584450900554657,0.04210232198238373,0.00353945791721344,0.026257812976837158,0.01230505108833313,0.026257812976837158,-0.01230505108833313,33,4,0.8787878787878788
230,H,1,gnnexplainer,0.9,match_ig_baseline,scientific,-0.2874872386455536,-0.3064371645450592,-0.29518699645996094,-0.30968761444091797,0.02220037579536438,0.0032504498958587646,0.014500617980957031,0.018949925899505615,0.007699757814407349,-0.018949925899505615,-0.007699757814407349,33,4,0.8787878787878788
230,H,1,integrated_gradients,0.9,match_ig_baseline,scientific,-0.2874872386455536,-0.22338932752609253,-0.30094829201698303,-0.30968761444091797,0.02220037579536438,0.08629828691482544,0.008739322423934937,0.06409791111946106,0.013461053371429443,0.06409791111946106,-0.013461053371429443,33,4,0.8787878787878788
230,H,2,gnnexplainer,0.9,match_ig_baseline,scientific,-0.3155067265033722,-0.2282743752002716,-0.33703309297561646,-0.3863656520843506,0.0708589255809784,0.15809127688407898,0.04933255910873413,0.08723235130310059,0.021526366472244263,0.08723235130310059,-0.021526366472244263,33,4,0.8787878787878788
230,H,2,integrated_gradients,0.9,match_ig_baseline,scientific,-0.3155067265033722,-0.26519492268562317,-0.31057676672935486,-0.3863656520843506,0.0708589255809784,0.12117072939872742,0.07578888535499573,0.05031180381774902,0.004929959774017334,0.05031180381774902,0.004929959774017334,33,4,0.8787878787878788
230,H,3,gnnexplainer,0.9,match_ig_baseline,scientific,-0.32843202352523804,-0.2946823239326477,-0.27951666712760925,-0.32730403542518616,0.0011279881000518799,0.03262171149253845,0.047787368297576904,0.03374969959259033,0.048915356397628784,0.03149372339248657,0.046659380197525024,33,4,0.8787878787878788
230,H,3,integrated_gradients,0.9,match_ig_baseline,scientific,-0.32843202352523804,-0.21313971281051636,-0.34640640020370483,-0.32730403542518616,0.0011279881000518799,0.1141643226146698,0.019102364778518677,0.11529231071472168,0.017974376678466797,0.11303633451461792,0.017974376678466797,33,4,0.8787878787878788
230,C,0,gnnexplainer,0.9,match_ig_baseline,scientific,-10.362349510192871,-8.292764663696289,-6.83146333694458,-10.109193801879883,0.2531557083129883,1.8164291381835938,3.2777304649353027,2.069584846496582,3.530886173248291,1.5632734298706055,3.0245747566223145,39,4,0.8974358974358975
230,C,0,integrated_gradients,0.9,match_ig_baseline,scientific,-10.362349510192871,-6.567951679229736,-8.754270553588867,-10.109193801879883,0.2531557083129883,3.5412421226501465,1.3549232482910156,3.7943978309631348,1.608078956604004,3.288086414337158,1.1017675399780273,39,4,0.8974358974358975
230,C,1,gnnexplainer,0.9,match_ig_baseline,scientific,-11.193920135498047,-6.899041175842285,-8.820005416870117,-11.781682968139648,0.5877628326416016,4.882641792297363,2.9616775512695312,4.294878959655762,2.3739147186279297,4.294878959655762,2.3739147186279297,39,4,0.8974358974358975
230,C,1,integrated_gradients,0.9,match_ig_baseline,scientific,-11.193920135498047,-7.294083118438721,-9.349764823913574,-11.781682968139648,0.5877628326416016,4.487599849700928,2.431918144226074,3.899837017059326,1.8441553115844727,3.899837017059326,1.8441553115844727,39,4,0.8974358974358975
230,C,2,gnnexplainer,0.9,match_ig_baseline,scientific,-7.439911842346191,-4.6052141189575195,-6.964566230773926,-8.401256561279297,0.9613447189331055,3.7960424423217773,1.436690330505371,2.834697723388672,0.4753456115722656,2.834697723388672,0.4753456115722656,39,4,0.8974358974358975
230,C,2,integrated_gradients,0.9,match_ig_baseline,scientific,-7.439911842346191,-4.621232509613037,-7.354562282562256,-8.401256561279297,0.9613447189331055,3.7800240516662598,1.046694278717041,2.8186793327331543,0.08534955978393555,2.8186793327331543,0.08534955978393555,39,4,0.8974358974358975
240,H,0,gnnexplainer,0.9,match_ig_baseline,scientific,-0.1345895230770111,-0.10459454357624054,-0.11613376438617706,-0.15137328207492828,0.016783758997917175,0.046778738498687744,0.03523951768875122,0.02999497950077057,0.018455758690834045,0.02999497950077057,0.018455758690834045,33,4,0.8787878787878788
240,H,0,integrated_gradients,0.9,match_ig_baseline,scientific,-0.1345895230770111,-0.1286889612674713,-0.13668948411941528,-0.15137328207492828,0.016783758997917175,0.02268432080745697,0.014683797955513,0.005900561809539795,0.002099961042404175,0.005900561809539795,-0.002099961042404175,33,4,0.8787878787878788
240,H,1,gnnexplainer,0.9,match_ig_baseline,scientific,-0.14339777827262878,-0.16697797179222107,-0.1741049736738205,-0.1149962767958641,0.02840150147676468,0.051981694996356964,0.05910869687795639,0.023580193519592285,0.03070719540119171,0.023580193519592285,0.03070719540119171,33,4,0.8787878787878788
240,H,1,integrated_gradients,0.9,match_ig_baseline,scientific,-0.14339777827262878,-0.14479395747184753,-0.14846059679985046,-0.1149962767958641,0.02840150147676468,0.02979768067598343,0.03346432000398636,0.00139617919921875,0.00506281852722168,0.00139617919921875,0.00506281852722168,33,4,0.8787878787878788
240,H,2,gnnexplainer,0.9,match_ig_baseline,scientific,-0.13762378692626953,-0.14561888575553894,-0.15730789303779602,-0.11920677125453949,0.01841701567173004,0.02641211450099945,0.03810112178325653,0.00799509882926941,0.01968410611152649,0.00799509882926941,0.01968410611152649,33,4,0.8787878787878788
240,H,2,integrated_gradients,0.9,match_ig_baseline,scientific,-0.13762378692626953,-0.1440788209438324,-0.1375935673713684,-0.11920677125453949,0.01841701567173004,0.024872049689292908,0.01838679611682892,0.006455034017562866,3.0219554901123047e-05,0.006455034017562866,-3.0219554901123047e-05,33,4,0.8787878787878788
240,H,3,gnnexplainer,0.9,match_ig_baseline,scientific,-0.1375492811203003,-0.14930683374404907,-0.1639639437198639,-0.11866297572851181,0.018886305391788483,0.030643858015537262,0.04530096799135208,0.01175755262374878,0.0264146625995636,0.01175755262374878,0.0264146625995636,33,4,0.8787878787878788
240,H,3,integrated_gradients,0.9,match_ig_baseline,scientific,-0.1375492811203003,-0.1440039873123169,-0.13761094212532043,-0.11866297572851181,0.018886305391788483,0.025341011583805084,0.018947966396808624,0.0064547061920166016,6.16610050201416e-05,0.0064547061920166016,6.16610050201416e-05,33,4,0.8787878787878788
240,H,4,gnnexplainer,0.9,match_ig_baseline,scientific,-0.1345309019088745,-0.14107680320739746,-0.14578643441200256,-0.15396107733249664,0.01943017542362213,0.012884274125099182,0.00817464292049408,0.006545901298522949,0.011255532503128052,-0.006545901298522949,-0.011255532503128052,33,4,0.8787878787878788
240,H,4,integrated_gradients,0.9,match_ig_baseline,scientific,-0.1345309019088745,-0.1286432445049286,-0.13662147521972656,-0.15396107733249664,0.01943017542362213,0.025317832827568054,0.01733960211277008,0.005887657403945923,0.0020905733108520508,0.005887657403945923,-0.0020905733108520508,33,4,0.8787878787878788
240,H,5,gnnexplainer,0.9,match_ig_baseline,scientific,-0.14335748553276062,-0.14833185076713562,-0.17349815368652344,-0.11599627882242203,0.027361206710338593,0.03233557194471359,0.05750187486410141,0.004974365234375,0.030140668153762817,0.004974365234375,0.030140668153762817,33,4,0.8787878787878788
240,H,5,integrated_gradients,0.9,match_ig_baseline,scientific,-0.14335748553276062,-0.14473450183868408,-0.14839516580104828,-0.11599627882242203,0.027361206710338593,0.028738223016262054,0.03239888697862625,0.001377016305923462,0.005037680268287659,0.001377016305923462,0.005037680268287659,33,4,0.8787878787878788
240,C,0,gnnexplainer,0.9,match_ig_baseline,scientific,-1.66313636302948,-2.5890488624572754,-2.0984914302825928,-1.621073603630066,0.04206275939941406,0.9679752588272095,0.47741782665252686,0.9259124994277954,0.4353550672531128,0.9259124994277954,0.4353550672531128,39,4,0.8974358974358975
240,C,0,integrated_gradients,0.9,match_ig_baseline,scientific,-1.66313636302948,-3.204258680343628,-1.7820463180541992,-1.621073603630066,0.04206275939941406,1.583185076713562,0.1609727144241333,1.541122317314148,0.11890995502471924,1.541122317314148,0.11890995502471924,39,4,0.8974358974358975
240,C,1,gnnexplainer,0.9,match_ig_baseline,scientific,-16.23794174194336,-6.821952819824219,-19.661865234375,-16.60723114013672,0.3692893981933594,9.7852783203125,3.0546340942382812,9.41598892211914,3.4239234924316406,9.41598892211914,2.685344696044922,39,4,0.8974358974358975
240,C,1,integrated_gradients,0.9,match_ig_baseline,scientific,-16.23794174194336,-7.771450519561768,-14.645569801330566,-16.60723114013672,0.3692893981933594,8.835780620574951,1.9616613388061523,8.466491222381592,1.592371940612793,8.466491222381592,1.592371940612793,39,4,0.8974358974358975
240,C,2,gnnexplainer,0.9,match_ig_baseline,scientific,-1.661763310432434,-2.4825024604797363,-2.456357002258301,-1.6210734844207764,0.040689826011657715,0.86142897605896,0.8352835178375244,0.8207391500473022,0.7945936918258667,0.8207391500473022,0.7945936918258667,39,4,0.8974358974358975
240,C,2,integrated_gradients,0.9,match_ig_baseline,scientific,-1.661763310432434,-3.2021243572235107,-1.7805790901184082,-1.6210734844207764,0.040689826011657715,1.5810508728027344,0.15950560569763184,1.5403610467910767,0.11881577968597412,1.5403610467910767,0.11881577968597412,39,4,0.8974358974358975
250,H,0,integrated_gradients,0.9,match_ig_baseline,scientific,-0.10335616767406464,-0.05547037720680237,-0.09686283022165298,,,,,0.04788579046726227,0.006493337452411652,,,33,4,0.8787878787878788
250,H,1,integrated_gradients,0.9,match_ig_baseline,scientific,-0.10335616767406464,-0.05547037720680237,-0.09686283022165298,,,,,0.04788579046726227,0.006493337452411652,,,33,4,0.8787878787878788
250,H,2,gnnexplainer,0.9,match_ig_baseline,scientific,-0.03465791791677475,-0.050785671919584274,-0.05235202610492706,-0.020232999697327614,0.014424918219447136,0.03055267222225666,0.03211902640759945,0.016127754002809525,0.017694108188152313,0.016127754002809525,0.017694108188152313,33,4,0.8787878787878788
250,H,2,integrated_gradients,0.9,match_ig_baseline,scientific,-0.03465791791677475,-0.055255647748708725,-0.03675278648734093,-0.020232999697327614,0.014424918219447136,0.03502264805138111,0.016519786790013313,0.020597729831933975,0.0020948685705661774,0.020597729831933975,0.0020948685705661774,33,4,0.8787878787878788
250,H,3,gnnexplainer,0.9,match_ig_baseline,scientific,-0.05936936289072037,-0.05151840299367905,-0.0843779593706131,-0.07985581457614899,0.02048645168542862,0.02833741158246994,0.004522144794464111,0.00785095989704132,0.02500859647989273,0.00785095989704132,-0.015964306890964508,33,4,0.8787878787878788
250,H,3,integrated_gradients,0.9,match_ig_baseline,scientific,-0.05936936289072037,-0.06436963379383087,-0.0579119436442852,-0.07985581457614899,0.02048645168542862,0.015486180782318115,0.021943870931863785,0.005000270903110504,0.0014574192464351654,-0.005000270903110504,0.0014574192464351654,33,4,0.8787878787878788
250,H,4,gnnexplainer,0.9,match_ig_baseline,scientific,-0.0622079074382782,-0.06428395211696625,-0.05736782029271126,-0.06425908952951431,0.0020511820912361145,2.4862587451934814e-05,0.006891269236803055,0.0020760446786880493,0.00484008714556694,-0.0020263195037841797,0.00484008714556694,33,4,0.8787878787878788
250,H,4,integrated_gradients,0.9,match_ig_baseline,scientific,-0.0622079074382782,-0.06458105146884918,-0.05983094871044159,-0.06425908952951431,0.0020511820912361145,0.0003219619393348694,0.004428140819072723,0.002373144030570984,0.002376958727836609,-0.0017292201519012451,0.002376958727836609,33,4,0.8787878787878788
250,C,0,gnnexplainer,0.9,match_ig_baseline,scientific,-2.622307062149048,-4.0719499588012695,-2.0622057914733887,-2.464592218399048,0.15771484375,1.6073577404022217,0.4023864269256592,1.4496428966522217,0.5601012706756592,1.4496428966522217,0.24467158317565918,39,4,0.8974358974358975
250,C,0,integrated_gradients,0.9,match_ig_baseline,scientific,-2.622307062149048,-2.785311698913574,-3.010141611099243,-2.464592218399048,0.15771484375,0.32071948051452637,0.5455493927001953,0.16300463676452637,0.3878345489501953,0.16300463676452637,0.3878345489501953,39,4,0.8974358974358975
250,C,1,gnnexplainer,0.9,match_ig_baseline,scientific,-3.9620678424835205,-2.2118678092956543,-10.484844207763672,-5.086487293243408,1.1244194507598877,2.874619483947754,5.398356914520264,1.7502000331878662,6.522776365280151,1.7502000331878662,4.273937463760376,39,4,0.8974358974358975
250,C,1,integrated_gradients,0.9,match_ig_baseline,scientific,-3.9620678424835205,-3.468418836593628,-6.4596686363220215,-5.086487293243408,1.1244194507598877,1.6180684566497803,1.3731813430786133,0.4936490058898926,2.497600793838501,0.4936490058898926,0.24876189231872559,39,4,0.8974358974358975
260,H,0,gnnexplainer,0.9,match_ig_baseline,scientific,0.0003446415066719055,0.010455496609210968,-0.008711084723472595,-0.009390936233103275,0.00973557773977518,0.019846432842314243,0.0006798515096306801,0.010110855102539062,0.0090557262301445,0.010110855102539062,-0.0090557262301445,33,4,0.8787878787878788
260,H,0,integrated_gradients,0.9,match_ig_baseline,scientific,0.0003446415066719055,-0.022765155881643295,-0.0074753835797309875,-0.009390936233103275,0.00973557773977518,0.01337421964854002,0.0019155526533722878,0.0231097973883152,0.007820025086402893,0.003638641908764839,-0.007820025086402893,33,4,0.8787878787878788
260,H,1,gnnexplainer,0.9,match_ig_baseline,scientific,0.019153334200382233,-0.006227701902389526,0.02739504724740982,0.04626734182238579,0.027114007622003555,0.052495043724775314,0.018872294574975967,0.02538103610277176,0.008241713047027588,0.02538103610277176,-0.008241713047027588,33,4,0.8787878787878788
260,H,1,integrated_gradients,0.9,match_ig_baseline,scientific,0.019153334200382233,-0.011662200093269348,0.011881701648235321,0.04626734182238579,0.027114007622003555,0.057929541915655136,0.03438564017415047,0.03081553429365158,0.007271632552146912,0.03081553429365158,0.007271632552146912,33,4,0.8787878787878788
260,H,2,gnnexplainer,0.9,match_ig_baseline,scientific,0.0003376379609107971,-0.02239549160003662,-0.005216225981712341,-0.0078032175078988075,0.008140855468809605,0.014592274092137814,0.0025869915261864662,0.022733129560947418,0.005553863942623138,0.006451418623328209,-0.005553863942623138,33,4,0.8787878787878788
260,H,2,integrated_gradients,0.9,match_ig_baseline,scientific,0.0003376379609107971,-0.022770866751670837,-0.00748201459646225,-0.0078032175078988075,0.008140855468809605,0.01496764924377203,0.00032120291143655777,0.023108504712581635,0.007819652557373047,0.006826793774962425,-0.007819652557373047,33,4,0.8787878787878788
260,H,3,gnnexplainer,0.9,match_ig_baseline,scientific,-0.07890325784683228,-0.09723144769668579,-0.07381334155797958,-0.1017669215798378,0.022863663733005524,0.004535473883152008,0.027953580021858215,0.018328189849853516,0.005089916288852692,-0.018328189849853516,0.005089916288852692,33,4,0.8787878787878788
260,H,3,integrated_gradients,0.9,match_ig_baseline,scientific,-0.07890325784683228,-0.06858383119106293,-0.08320865035057068,-0.1017669215798378,0.022863663733005524,0.03318309038877487,0.01855827122926712,0.010319426655769348,0.004305392503738403,0.010319426655769348,-0.004305392503738403,33,4,0.8787878787878788
260,H,4,gnnexplainer,0.9,match_ig_baseline,scientific,-0.0789167657494545,-0.08363187313079834,-0.07298250496387482,-0.1017669215798378,0.0228501558303833,0.01813504844903946,0.028784416615962982,0.0047151073813438416,0.005934260785579681,-0.0047151073813438416,0.005934260785579681,33,4,0.8787878787878788
260,H,4,integrated_gradients,0.9,match_ig_baseline,scientific,-0.0789167657494545,-0.06857545673847198,-0.08322801440954208,-0.1017669215798378,0.0228501558303833,0.033191464841365814,0.018538907170295715,0.010341309010982513,0.0043112486600875854,0.010341309010982513,-0.0043112486600875854,33,4,0.8787878787878788
260,C,0,gnnexplainer,0.9,match_ig_baseline,scientific,0.7428683042526245,0.36999207735061646,0.3193210959434509,0.5184339284896851,0.22443437576293945,0.1484418511390686,0.19911283254623413,0.37287622690200806,0.4235472083091736,-0.07599252462387085,-0.025321543216705322,39,4,0.8974358974358975
260,C,0,integrated_gradients,0.9,match_ig_baseline,scientific,0.7428683042526245,-0.2114560306072235,0.7037592530250549,0.5184339284896851,0.22443437576293945,0.7298899590969086,0.18532532453536987,0.954324334859848,0.03910905122756958,0.5054555833339691,-0.03910905122756958,39,4,0.8974358974358975
260,C,1,gnnexplainer,0.9,match_ig_baseline,scientific,-4.510427474975586,-3.998110771179199,-4.879541397094727,-5.044675350189209,0.534247875213623,1.0465645790100098,0.16513395309448242,0.5123167037963867,0.3691139221191406,0.5123167037963867,-0.3691139221191406,39,4,0.8974358974358975
260,C,1,integrated_gradients,0.9,match_ig_baseline,scientific,-4.510427474975586,-4.742761611938477,-4.419938564300537,-5.044675350189209,0.534247875213623,0.3019137382507324,0.6247367858886719,0.23233413696289062,0.09048891067504883,-0.23233413696289062,0.09048891067504883,39,4,0.8974358974358975
270,H,0,gnnexplainer,0.9,match_ig_baseline,scientific,-0.06326740980148315,-0.06086001545190811,-0.0986512154340744,-0.04426804184913635,0.018999367952346802,0.01659197360277176,0.05438317358493805,0.0024073943495750427,0.03538380563259125,-0.0024073943495750427,0.03538380563259125,33,4,0.8787878787878788
270,H,0,integrated_gradients,0.9,match_ig_baseline,scientific,-0.06326740980148315,-0.08233696222305298,-0.06156378239393234,-0.04426804184913635,0.018999367952346802,0.038068920373916626,0.01729574054479599,0.019069552421569824,0.0017036274075508118,0.019069552421569824,-0.0017036274075508118,33,4,0.8787878787878788
270,H,1,gnnexplainer,0.9,match_ig_baseline,scientific,-0.06325238198041916,-0.0790100172162056,-0.07282598316669464,-0.04426804184913635,0.018984340131282806,0.034741975367069244,0.02855794131755829,0.015757635235786438,0.009573601186275482,0.015757635235786438,0.009573601186275482,33,4,0.8787878787878788
270,H,1,integrated_gradients,0.9,match_ig_baseline,scientific,-0.06325238198041916,-0.08234213292598724,-0.06154478341341019,-0.04426804184913635,0.018984340131282806,0.03807409107685089,0.017276741564273834,0.019089750945568085,0.0017075985670089722,0.019089750945568085,-0.0017075985670089722,33,4,0.8787878787878788
270,H,2,gnnexplainer,0.9,match_ig_baseline,scientific,-0.11182482540607452,-0.12071508169174194,-0.09272922575473785,-0.1254609227180481,0.013636097311973572,0.004745841026306152,0.03273169696331024,0.00889025628566742,0.01909559965133667,-0.00889025628566742,0.01909559965133667,33,4,0.8787878787878788
270,H,2,integrated_gradients,0.9,match_ig_baseline,scientific,-0.11182482540607452,-0.09605581313371658,-0.11182224005460739,-0.1254609227180481,0.013636097311973572,0.029405109584331512,0.013638682663440704,0.01576901227235794,2.5853514671325684e-06,0.01576901227235794,2.5853514671325684e-06,33,4,0.8787878787878788
270,H,3,gnnexplainer,0.9,match_ig_baseline,scientific,-0.11181138455867767,-0.09807716310024261,-0.11932533979415894,-0.12491703033447266,0.013105645775794983,0.02683986723423004,0.005591690540313721,0.013734221458435059,0.007513955235481262,0.013734221458435059,-0.007513955235481262,33,4,0.8787878787878788
270,H,3,integrated_gradients,0.9,match_ig_baseline,scientific,-0.11181138455867767,-0.09604616463184357,-0.11179398000240326,-0.12491703033447266,0.013105645775794983,0.02887086570262909,0.013123050332069397,0.015765219926834106,1.7404556274414062e-05,0.015765219926834106,1.7404556274414062e-05,33,4,0.8787878787878788
270,H,4,gnnexplainer,0.9,match_ig_baseline,scientific,-0.11182227730751038,-0.10926887392997742,-0.11317482590675354,-0.12646092474460602,0.014638647437095642,0.0171920508146286,0.013286098837852478,0.002553403377532959,0.001352548599243164,0.002553403377532959,-0.001352548599243164,33,4,0.8787878787878788
270,H,4,integrated_gradients,0.9,match_ig_baseline,scientific,-0.11182227730751038,-0.09605252742767334,-0.1118202954530716,-0.12646092474460602,0.014638647437095642,0.030408397316932678,0.014640629291534424,0.015769749879837036,1.9818544387817383e-06,0.015769749879837036,1.9818544387817383e-06,33,4,0.8787878787878788
270,H,5,gnnexplainer,0.9,match_ig_baseline,scientific,-0.11181676387786865,-0.11216361820697784,-0.08167342841625214,-0.12591703236103058,0.014100268483161926,0.013753414154052734,0.04424360394477844,0.0003468543291091919,0.030143335461616516,-0.0003468543291091919,0.030143335461616516,33,4,0.8787878787878788
270,H,5,integrated_gradients,0.9,match_ig_baseline,scientific,-0.11181676387786865,-0.09604525566101074,-0.11179858446121216,-0.12591703236103058,0.014100268483161926,0.029871776700019836,0.01411844789981842,0.01577150821685791,1.817941665649414e-05,0.01577150821685791,1.817941665649414e-05,33,4,0.8787878787878788
270,C,0,gnnexplainer,0.9,match_ig_baseline,scientific,-0.8327508568763733,-1.208985686302185,-3.07696533203125,-0.4850490391254425,0.3477018177509308,0.7239366471767426,2.5919162929058075,0.37623482942581177,2.2442144751548767,0.37623482942581177,2.2442144751548767,39,4,0.8974358974358975
270,C,0,integrated_gradients,0.9,match_ig_baseline,scientific,-0.8327508568763733,-4.815109729766846,-0.9507202506065369,-0.4850490391254425,0.3477018177509308,4.330060690641403,0.46567121148109436,3.9823588728904724,0.11796939373016357,3.9823588728904724,0.11796939373016357,39,4,0.8974358974358975
270,C,1,gnnexplainer,0.9,match_ig_baseline,scientific,-3.084488868713379,-3.6209115982055664,-3.960489511489868,-2.464503288269043,0.6199855804443359,1.1564083099365234,1.4959862232208252,0.5364227294921875,0.8760006427764893,0.5364227294921875,0.8760006427764893,39,4,0.8974358974358975
270,C,1,integrated_gradients,0.9,match_ig_baseline,scientific,-3.084488868713379,-4.548102855682373,-3.245851993560791,-2.464503288269043,0.6199855804443359,2.08359956741333,0.781348705291748,1.4636139869689941,0.1613631248474121,1.4636139869689941,0.1613631248474121,39,4,0.8974358974358975
270,C,2,gnnexplainer,0.9,match_ig_baseline,scientific,-14.785540580749512,-6.438838005065918,-16.80272674560547,-16.523923873901367,1.7383832931518555,10.08508586883545,0.27880287170410156,8.346702575683594,2.017186164855957,8.346702575683594,-1.459580421447754,39,4,0.8974358974358975
270,C,2,integrated_gradients,0.9,match_ig_baseline,scientific,-14.785540580749512,-4.569847106933594,-15.65235424041748,-16.523923873901367,1.7383832931518555,11.954076766967773,0.8715696334838867,10.215693473815918,0.8668136596679688,10.215693473815918,-0.8668136596679688,39,4,0.8974358974358975
270,C,3,gnnexplainer,0.9,match_ig_baseline,scientific,-3.084531784057617,-4.317723751068115,-3.5769786834716797,-2.4825034141540527,0.6020283699035645,1.8352203369140625,1.094475269317627,1.233191967010498,0.4924468994140625,1.233191967010498,0.4924468994140625,39,4,0.8974358974358975
270,C,3,integrated_gradients,0.9,match_ig_baseline,scientific,-3.084531784057617,-4.54819393157959,-3.2458815574645996,-2.4825034141540527,0.6020283699035645,2.065690517425537,0.7633781433105469,1.4636621475219727,0.16134977340698242,1.4636621475219727,0.16134977340698242,39,4,0.8974358974358975
280,H,0,gnnexplainer,0.9,match_ig_baseline,scientific,-0.22599098086357117,-0.23573550581932068,-0.20089423656463623,-0.2499614953994751,0.02397051453590393,0.014225989580154419,0.04906725883483887,0.009744524955749512,0.025096744298934937,-0.009744524955749512,0.025096744298934937,33,4,0.8787878787878788
280,H,0,integrated_gradients,0.9,match_ig_baseline,scientific,-0.22599098086357117,-0.20902925729751587,-0.2260831594467163,-0.2499614953994751,0.02397051453590393,0.04093223810195923,0.02387833595275879,0.016961723566055298,9.21785831451416e-05,0.016961723566055298,-9.21785831451416e-05,33,4,0.8787878787878788
280,H,1,gnnexplainer,0.9,match_ig_baseline,scientific,-0.22598201036453247,-0.23591473698616028,-0.18142274022102356,-0.2509615123271942,0.024979501962661743,0.015046775341033936,0.06953877210617065,0.009932726621627808,0.04455927014350891,-0.009932726621627808,0.04455927014350891,33,4,0.8787878787878788
280,H,1,integrated_gradients,0.9,match_ig_baseline,scientific,-0.22598201036453247,-0.20903253555297852,-0.2260761857032776,-0.2509615123271942,0.024979501962661743,0.0419289767742157,0.024885326623916626,0.016949474811553955,9.417533874511719e-05,0.016949474811553955,-9.417533874511719e-05,33,4,0.8787878787878788
280,H,2,gnnexplainer,0.9,match_ig_baseline,scientific,-0.2821786403656006,-0.24718067049980164,-0.3146519660949707,-0.3321199119091034,0.04994127154350281,0.08493924140930176,0.01746794581413269,0.03499796986579895,0.03247332572937012,0.03499796986579895,-0.03247332572937012,33,4,0.8787878787878788
280,H,2,integrated_gradients,0.9,match_ig_baseline,scientific,-0.2821786403656006,-0.2271348536014557,-0.27755433320999146,-0.3321199119091034,0.04994127154350281,0.1049850583076477,0.05456557869911194,0.0550437867641449,0.004624307155609131,0.0550437867641449,0.004624307155609131,33,4,0.8787878787878788
280,H,3,gnnexplainer,0.9,match_ig_baseline,scientific,-0.2821632921695709,-0.3212662637233734,-0.29239198565483093,-0.3321199119091034,0.04995661973953247,0.01085364818572998,0.03972792625427246,0.03910297155380249,0.01022869348526001,-0.03910297155380249,-0.01022869348526001,33,4,0.8787878787878788
280,H,3,integrated_gradients,0.9,match_ig_baseline,scientific,-0.2821632921695709,-0.22711685299873352,-0.27753689885139465,-0.3321199119091034,0.04995661973953247,0.10500305891036987,0.05458301305770874,0.0550464391708374,0.0046263933181762695,0.0550464391708374,0.0046263933181762695,33,4,0.8787878787878788
280,H,4,gnnexplainer,0.9,match_ig_baseline,scientific,-0.2259845733642578,-0.20128664374351501,-0.24210971593856812,-0.2509615123271942,0.0249769389629364,0.0496748685836792,0.008851796388626099,0.024697929620742798,0.016125142574310303,0.024697929620742798,-0.016125142574310303,33,4,0.8787878787878788
280,H,4,integrated_gradients,0.9,match_ig_baseline,scientific,-0.2259845733642578,-0.20902740955352783,-0.226079523563385,-0.2509615123271942,0.0249769389629364,0.04193410277366638,0.024881988763809204,0.01695716381072998,9.495019912719727e-05,0.01695716381072998,-9.495019912719727e-05,33,4,0.8787878787878788
280,H,5,gnnexplainer,0.9,match_ig_baseline,scientific,-0.2259654700756073,-0.20888102054595947,-0.21112024784088135,-0.2509615123271942,0.024996042251586914,0.04208049178123474,0.039841264486312866,0.017084449529647827,0.014845222234725952,0.017084449529647827,0.014845222234725952,33,4,0.8787878787878788
280,H,5,integrated_gradients,0.9,match_ig_baseline,scientific,-0.2259654700756073,-0.20901352167129517,-0.22606101632118225,-0.2509615123271942,0.024996042251586914,0.04194799065589905,0.024900496006011963,0.016951948404312134,9.554624557495117e-05,0.016951948404312134,-9.554624557495117e-05,33,4,0.8787878787878788
280,C,0,gnnexplainer,0.9,match_ig_baseline,scientific,-4.9430832862854,-4.6488165855407715,-4.891083717346191,-4.9927568435668945,0.04967355728149414,0.34394025802612305,0.10167312622070312,0.2942667007446289,0.051999568939208984,0.2942667007446289,0.051999568939208984,39,4,0.8974358974358975
280,C,0,integrated_gradients,0.9,match_ig_baseline,scientific,-4.9430832862854,-5.023239612579346,-4.432836532592773,-4.9927568435668945,0.04967355728149414,0.030482769012451172,0.5599203109741211,0.08015632629394531,0.510246753692627,-0.01919078826904297,0.510246753692627,39,4,0.8974358974358975
280,C,1,gnnexplainer,0.9,match_ig_baseline,scientific,-10.940352439880371,-9.553753852844238,-6.549084663391113,-11.189003944396973,0.24865150451660156,1.6352500915527344,4.639919281005859,1.3865985870361328,4.391267776489258,1.3865985870361328,4.391267776489258,39,4,0.8974358974358975
280,C,1,integrated_gradients,0.9,match_ig_baseline,scientific,-10.940352439880371,-5.771548748016357,-10.130115509033203,-11.189003944396973,0.24865150451660156,5.417455196380615,1.0588884353637695,5.168803691864014,0.810236930847168,5.168803691864014,0.810236930847168,39,4,0.8974358974358975
280,C,2,gnnexplainer,0.9,match_ig_baseline,scientific,-10.940851211547852,-7.706790447235107,-7.7322845458984375,-11.188003540039062,0.24715232849121094,3.481213092803955,3.455718994140625,3.234060764312744,3.208566665649414,3.234060764312744,3.208566665649414,39,4,0.8974358974358975
280,C,2,integrated_gradients,0.9,match_ig_baseline,scientific,-10.940851211547852,-5.771766185760498,-10.130196571350098,-11.188003540039062,0.24715232849121094,5.4162373542785645,1.0578069686889648,5.1690850257873535,0.8106546401977539,5.1690850257873535,0.8106546401977539,39,4,0.8974358974358975
280,C,3,gnnexplainer,0.9,match_ig_baseline,scientific,-4.943481922149658,-4.61297082901001,-4.901222229003906,-4.990756988525391,0.04727506637573242,0.37778615951538086,0.08953475952148438,0.33051109313964844,0.04225969314575195,0.33051109313964844,0.04225969314575195,39,4,0.8974358974358975
280,C,3,integrated_gradients,0.9,match_ig_baseline,scientific,-4.943481922149658,-5.023644924163818,-4.432959079742432,-4.990756988525391,0.04727506637573242,0.032887935638427734,0.557797908782959,0.08016300201416016,0.5105228424072266,-0.014387130737304688,0.5105228424072266,39,4,0.8974358974358975
290,H,0,gnnexplainer,0.9,match_ig_baseline,scientific,-0.04753636196255684,-0.08065469563007355,-0.06246265396475792,-0.05760163441300392,0.010065272450447083,0.023053061217069626,0.004861019551753998,0.03311833366751671,0.01492629200220108,0.012987788766622543,-0.005204252898693085,33,4,0.8787878787878788
290,H,0,integrated_gradients,0.9,match_ig_baseline,scientific,-0.04753636196255684,-0.07171576470136642,-0.045742426067590714,-0.05760163441300392,0.010065272450447083,0.014114130288362503,0.011859208345413208,0.024179402738809586,0.0017939358949661255,0.0040488578379154205,0.0017939358949661255,33,4,0.8787878787878788
290,H,1,gnnexplainer,0.9,match_ig_baseline,scientific,-0.060450807213783264,-0.05159042403101921,-0.06625859439373016,-0.0901627317070961,0.029711924493312836,0.03857230767607689,0.023904137313365936,0.008860383182764053,0.005807787179946899,0.008860383182764053,-0.005807787179946899,33,4,0.8787878787878788
290,H,1,integrated_gradients,0.9,match_ig_baseline,scientific,-0.060450807213783264,-0.05783627927303314,-0.05677146092057228,-0.0901627317070961,0.029711924493312836,0.03232645243406296,0.03339127078652382,0.002614527940750122,0.0036793462932109833,0.002614527940750122,0.0036793462932109833,33,4,0.8787878787878788
290,H,2,gnnexplainer,0.9,match_ig_baseline,scientific,-0.048537492752075195,-0.0649450421333313,-0.05829314514994621,-0.05605786293745041,0.007520370185375214,0.00888717919588089,0.002235282212495804,0.016407549381256104,0.009755652397871017,0.0013668090105056763,-0.00528508797287941,33,4,0.8787878787878788
290,H,2,integrated_gradients,0.9,match_ig_baseline,scientific,-0.048537492752075195,-0.07229259610176086,-0.046488963067531586,-0.05605786293745041,0.007520370185375214,0.016234733164310455,0.009568899869918823,0.02375510334968567,0.0020485296845436096,0.008714362978935242,0.0020485296845436096,33,4,0.8787878787878788
290,H,3,gnnexplainer,0.9,match_ig_baseline,scientific,-0.07070638239383698,-0.06211743876338005,-0.08085320889949799,-0.08853138238191605,0.01782499998807907,0.026413943618535995,0.00767817348241806,0.008588943630456924,0.01014682650566101,0.008588943630456924,-0.01014682650566101,33,4,0.8787878787878788
290,H,3,integrated_gradients,0.9,match_ig_baseline,scientific,-0.07070638239383698,-0.06602191179990768,-0.06597225368022919,-0.08853138238191605,0.01782499998807907,0.022509470582008362,0.02255912870168686,0.004684470593929291,0.004734128713607788,0.004684470593929291,0.004734128713607788,33,4,0.8787878787878788
290,H,4,gnnexplainer,0.9,match_ig_baseline,scientific,-0.07213258743286133,-0.06826015561819077,-0.06314638257026672,-0.08753141015768051,0.015398822724819183,0.019271254539489746,0.024385027587413788,0.0038724318146705627,0.008986204862594604,0.0038724318146705627,0.008986204862594604,33,4,0.8787878787878788
290,H,4,integrated_gradients,0.9,match_ig_baseline,scientific,-0.07213258743286133,-0.06625460088253021,-0.06698783487081528,-0.08753141015768051,0.015398822724819183,0.0212768092751503,0.020543575286865234,0.005877986550331116,0.005144752562046051,0.005877986550331116,0.005144752562046051,33,4,0.8787878787878788
290,H,5,gnnexplainer,0.9,match_ig_baseline,scientific,-0.05040064454078674,-0.0598917230963707,-0.05878770723938942,-0.034128013998270035,0.01627263054251671,0.025763709098100662,0.024659693241119385,0.009491078555583954,0.008387062698602676,0.009491078555583954,0.008387062698602676,33,4,0.8787878787878788
290,H,5,integrated_gradients,0.9,match_ig_baseline,scientific,-0.05040064454078674,-0.05719129741191864,-0.057042915374040604,-0.034128013998270035,0.01627263054251671,0.023063283413648605,0.02291490137577057,0.006790652871131897,0.0066422708332538605,0.006790652871131897,0.0066422708332538605,33,4,0.8787878787878788
290,C,0,gnnexplainer,0.9,match_ig_baseline,scientific,-0.543329656124115,-1.3616193532943726,-0.8873856067657471,-0.5325660705566406,0.010763585567474365,0.8290532827377319,0.35481953620910645,0.8182896971702576,0.3440559506416321,0.8182896971702576,0.3440559506416321,39,4,0.8974358974358975
290,C,0,integrated_gradients,0.9,match_ig_baseline,scientific,-0.543329656124115,-1.3660506010055542,-0.7073782682418823,-0.5325660705566406,0.010763585567474365,0.8334845304489136,0.1748121976852417,0.8227209448814392,0.16404861211776733,0.8227209448814392,0.16404861211776733,39,4,0.8974358974358975
290,C,1,gnnexplainer,0.9,match_ig_baseline,scientific,-8.505365371704102,-4.274087905883789,-11.158556938171387,-9.229554176330566,0.7241888046264648,4.955466270446777,1.9290027618408203,4.2312774658203125,2.653191566467285,4.2312774658203125,1.2048139572143555,39,4,0.8974358974358975
290,C,1,integrated_gradients,0.9,match_ig_baseline,scientific,-8.505365371704102,-5.267463684082031,-9.193612098693848,-9.229554176330566,0.7241888046264648,3.962090492248535,0.03594207763671875,3.2379016876220703,0.6882467269897461,3.2379016876220703,-0.6882467269897461,39,4,0.8974358974358975
290,C,2,gnnexplainer,0.9,match_ig_baseline,scientific,-2.5550858974456787,-3.133946418762207,-2.3478760719299316,-2.5992493629455566,0.04416346549987793,0.5346970558166504,0.251373291015625,0.5788605213165283,0.20720982551574707,0.49053359031677246,0.20720982551574707,39,4,0.8974358974358975
290,C,2,integrated_gradients,0.9,match_ig_baseline,scientific,-2.5550858974456787,-2.9554338455200195,-2.961606025695801,-2.5992493629455566,0.04416346549987793,0.3561844825744629,0.36235666275024414,0.4003479480743408,0.40652012825012207,0.31202101707458496,0.3181931972503662,39,4,0.8974358974358975
300,H,0,gnnexplainer,0.9,match_ig_baseline,scientific,-0.06958092749118805,-0.06690935790538788,-0.061540041118860245,-0.08605746179819107,0.01647653430700302,0.019148103892803192,0.024517420679330826,0.002671569585800171,0.008040886372327805,0.002671569585800171,0.008040886372327805,33,4,0.8787878787878788
300,H,0,integrated_gradients,0.9,match_ig_baseline,scientific,-0.06958092749118805,-0.06394447386264801,-0.07274866849184036,-0.08605746179819107,0.01647653430700302,0.02211298793554306,0.013308793306350708,0.005636453628540039,0.0031677410006523132,0.005636453628540039,-0.0031677410006523132,33,4,0.8787878787878788
300,H,1,gnnexplainer,0.9,match_ig_baseline,scientific,-0.06714077293872833,-0.06941980123519897,-0.0763140618801117,-0.07875944674015045,0.01161867380142212,0.009339645504951477,0.0024453848600387573,0.002279028296470642,0.009173288941383362,-0.002279028296470642,-0.009173288941383362,33,4,0.8787878787878788
300,H,1,integrated_gradients,0.9,match_ig_baseline,scientific,-0.06714077293872833,-0.06212574243545532,-0.06768669188022614,-0.07875944674015045,0.01161867380142212,0.01663370430469513,0.011072754859924316,0.00501503050327301,0.0005459189414978027,0.00501503050327301,-0.0005459189414978027,33,4,0.8787878787878788
300,H,2,gnnexplainer,0.9,match_ig_baseline,scientific,-0.0695362314581871,-0.07033638656139374,-0.07662686705589294,-0.08605746179819107,0.016521230340003967,0.015721075236797333,0.009430594742298126,0.0008001551032066345,0.007090635597705841,-0.0008001551032066345,-0.007090635597705841,33,4,0.8787878787878788
300,H,2,integrated_gradients,0.9,match_ig_baseline,scientific,-0.0695362314581871,-0.06394140422344208,-0.07267947494983673,-0.08605746179819107,0.016521230340003967,0.022116057574748993,0.01337798684835434,0.005594827234745026,0.0031432434916496277,0.005594827234745026,-0.0031432434916496277,33,4,0.8787878787878788
300,H,3,gnnexplainer,0.9,match_ig_baseline,scientific,-0.06731872260570526,-0.06882396340370178,-0.07484383136034012,-0.07721565663814545,0.009896934032440186,0.008391693234443665,0.0023718252778053284,0.001505240797996521,0.007525108754634857,-0.001505240797996521,-0.007525108754634857,33,4,0.8787878787878788
300,H,3,integrated_gradients,0.9,match_ig_baseline,scientific,-0.06731872260570526,-0.06237799674272537,-0.06785660982131958,-0.07721565663814545,0.009896934032440186,0.014837659895420074,0.009359046816825867,0.004940725862979889,0.0005378872156143188,0.004940725862979889,-0.0005378872156143188,33,4,0.8787878787878788
300,H,4,gnnexplainer,0.9,match_ig_baseline,scientific,-0.10052531957626343,-0.09007983654737473,-0.11586414277553558,-0.11600466817617416,0.015479348599910736,0.02592483162879944,0.00014052540063858032,0.010445483028888702,0.015338823199272156,0.010445483028888702,-0.015338823199272156,33,4,0.8787878787878788
300,H,4,integrated_gradients,0.9,match_ig_baseline,scientific,-0.10052531957626343,-0.09425925463438034,-0.10748317837715149,-0.11600466817617416,0.015479348599910736,0.021745413541793823,0.008521489799022675,0.006266064941883087,0.0069578588008880615,0.006266064941883087,-0.0069578588008880615,33,4,0.8787878787878788
300,H,5,gnnexplainer,0.9,match_ig_baseline,scientific,-0.09891652315855026,-0.09407620131969452,-0.1018013209104538,-0.13061054050922394,0.031694017350673676,0.03653433918952942,0.02880921959877014,0.004840321838855743,0.002884797751903534,0.004840321838855743,-0.002884797751903534,33,4,0.8787878787878788
300,H,5,integrated_gradients,0.9,match_ig_baseline,scientific,-0.09891652315855026,-0.09427758306264877,-0.09846410900354385,-0.13061054050922394,0.031694017350673676,0.036332957446575165,0.032146431505680084,0.004638940095901489,0.0004524141550064087,0.004638940095901489,0.0004524141550064087,33,4,0.8787878787878788
300,C,0,gnnexplainer,0.9,match_ig_baseline,scientific,-3.202805519104004,-4.006941795349121,-3.4767396450042725,-3.33225154876709,0.12944602966308594,0.6746902465820312,0.14448809623718262,0.8041362762451172,0.27393412590026855,0.5452442169189453,0.01504206657409668,39,4,0.8974358974358975
300,C,0,integrated_gradients,0.9,match_ig_baseline,scientific,-3.202805519104004,-3.704651117324829,-3.1985464096069336,-3.33225154876709,0.12944602966308594,0.37239956855773926,0.13370513916015625,0.5018455982208252,0.0042591094970703125,0.24295353889465332,0.0042591094970703125,39,4,0.8974358974358975
300,C,1,gnnexplainer,0.9,match_ig_baseline,scientific,-4.3137288093566895,-4.494290828704834,-4.795527935028076,-4.747330665588379,0.43360185623168945,0.2530398368835449,0.048197269439697266,0.18056201934814453,0.4817991256713867,-0.18056201934814453,-0.3854045867919922,39,4,0.8974358974358975
300,C,1,integrated_gradients,0.9,match_ig_baseline,scientific,-4.3137288093566895,-3.9933812618255615,-4.216701030731201,-4.747330665588379,0.43360185623168945,0.7539494037628174,0.5306296348571777,0.32034754753112793,0.09702777862548828,0.32034754753112793,0.09702777862548828,39,4,0.8974358974358975
300,C,2,gnnexplainer,0.9,match_ig_baseline,scientific,-3.1968472003936768,-3.9294018745422363,-3.592797040939331,-3.3372950553894043,0.14044785499572754,0.592106819152832,0.25550198554992676,0.7325546741485596,0.3959498405456543,0.4516589641571045,0.11505413055419922,39,4,0.8974358974358975
300,C,2,integrated_gradients,0.9,match_ig_baseline,scientific,-3.1968472003936768,-3.706264019012451,-3.2000603675842285,-3.3372950553894043,0.14044785499572754,0.3689689636230469,0.13723468780517578,0.5094168186187744,0.003213167190551758,0.22852110862731934,-0.003213167190551758,39,4,0.8974358974358975
310,H,0,gnnexplainer,0.9,match_ig_baseline,scientific,-0.0355219691991806,-0.03715254366397858,-0.07901103794574738,-0.08007647097110748,0.04455450177192688,0.042923927307128906,0.0010654330253601074,0.0016305744647979736,0.04348906874656677,-0.0016305744647979736,-0.04348906874656677,33,4,0.8787878787878788
310,H,0,integrated_gradients,0.9,match_ig_baseline,scientific,-0.0355219691991806,-0.05862310156226158,-0.039318691939115524,-0.08007647097110748,0.04455450177192688,0.0214533694088459,0.04075777903199196,0.02310113236308098,0.0037967227399349213,-0.02310113236308098,-0.0037967227399349213,33,4,0.8787878787878788
310,H,1,gnnexplainer,0.9,match_ig_baseline,scientific,-0.035343900322914124,-0.05199060216546059,-0.05725947022438049,-0.03837461397051811,0.0030307136476039886,0.013615988194942474,0.01888485625386238,0.016646701842546463,0.02191556990146637,0.010585274547338486,0.015854142606258392,33,4,0.8787878787878788
310,H,1,integrated_gradients,0.9,match_ig_baseline,scientific,-0.035343900322914124,-0.051214464008808136,-0.037383485585451126,-0.03837461397051811,0.0030307136476039886,0.012839850038290024,0.000991128385066986,0.015870563685894012,0.0020395852625370026,0.009809136390686035,-0.0020395852625370026,33,4,0.8787878787878788
310,H,2,gnnexplainer,0.9,match_ig_baseline,scientific,-0.02546413242816925,-0.04000137373805046,-0.04005265235900879,-0.0010578647488728166,0.024406267679296434,0.038943508989177644,0.03899478761013597,0.01453724130988121,0.014588519930839539,0.01453724130988121,0.014588519930839539,33,4,0.8787878787878788
310,H,2,integrated_gradients,0.9,match_ig_baseline,scientific,-0.02546413242816925,-0.054276932030916214,-0.030558638274669647,-0.0010578647488728166,0.024406267679296434,0.0532190672820434,0.02950077352579683,0.028812799602746964,0.005094505846500397,0.028812799602746964,0.005094505846500397,33,4,0.8787878787878788
310,H,3,gnnexplainer,0.9,match_ig_baseline,scientific,-0.041259534657001495,-0.05286687985062599,-0.05526020750403404,-0.023427002131938934,0.01783253252506256,0.029439877718687057,0.03183320537209511,0.011607345193624496,0.014000672847032547,0.011607345193624496,0.014000672847032547,33,4,0.8787878787878788
310,H,3,integrated_gradients,0.9,match_ig_baseline,scientific,-0.041259534657001495,-0.04922875016927719,-0.04798319935798645,-0.023427002131938934,0.01783253252506256,0.025801748037338257,0.024556197226047516,0.007969215512275696,0.006723664700984955,0.007969215512275696,0.006723664700984955,33,4,0.8787878787878788
310,H,4,gnnexplainer,0.9,match_ig_baseline,scientific,-0.027915768325328827,-0.058506377041339874,-0.04836350679397583,-0.06256695091724396,0.03465118259191513,0.004060573875904083,0.014203444123268127,0.030590608716011047,0.020447738468647003,-0.030590608716011047,-0.020447738468647003,33,4,0.8787878787878788
310,H,4,integrated_gradients,0.9,match_ig_baseline,scientific,-0.027915768325328827,-0.05173049867153168,-0.0325300358235836,-0.06256695091724396,0.03465118259191513,0.01083645224571228,0.030036915093660355,0.02381473034620285,0.004614267498254776,-0.02381473034620285,-0.004614267498254776,33,4,0.8787878787878788
310,H,5,gnnexplainer,0.9,match_ig_baseline,scientific,-0.03132101148366928,-0.04786547273397446,-0.049436699599027634,-0.01763719879090786,0.013683812692761421,0.030228273943066597,0.031799500808119774,0.016544461250305176,0.018115688115358353,0.016544461250305176,0.018115688115358353,33,4,0.8787878787878788
310,H,5,integrated_gradients,0.9,match_ig_baseline,scientific,-0.03132101148366928,-0.04691158980131149,-0.03788081556558609,-0.01763719879090786,0.013683812692761421,0.029274391010403633,0.02024361677467823,0.015590578317642212,0.006559804081916809,0.015590578317642212,0.006559804081916809,33,4,0.8787878787878788
310,H,6,gnnexplainer,0.9,match_ig_baseline,scientific,-0.20543628931045532,-0.20162436366081238,-0.1558023989200592,-0.19942589104175568,0.006010398268699646,0.0021984726190567017,0.04362349212169647,0.0038119256496429443,0.04963389039039612,-0.0038119256496429443,0.037613093852996826,33,4,0.8787878787878788
310,H,6,integrated_gradients,0.9,match_ig_baseline,scientific,-0.20543628931045532,-0.18554997444152832,-0.2077808678150177,-0.19942589104175568,0.006010398268699646,0.013875916600227356,0.008354976773262024,0.019886314868927002,0.002344578504562378,0.00786551833152771,0.002344578504562378,33,4,0.8787878787878788
310,H,7,integrated_gradients,0.9,match_ig_baseline,scientific,-0.1105690747499466,-0.06876973807811737,-0.10949121415615082,,,,,0.041799336671829224,0.0010778605937957764,,,33,4,0.8787878787878788
310,C,0,gnnexplainer,0.9,match_ig_baseline,scientific,-0.5892735719680786,-1.6330580711364746,-0.7558229565620422,-0.6736989617347717,0.08442538976669312,0.9593591094017029,0.08212399482727051,1.043784499168396,0.16654938459396362,0.8749337196350098,-0.0023013949394226074,39,4,0.8974358974358975
310,C,0,integrated_gradients,0.9,match_ig_baseline,scientific,-0.5892735719680786,-1.878572702407837,-0.5971288681030273,-0.6736989617347717,0.08442538976669312,1.2048737406730652,0.07657009363174438,1.2892991304397583,0.00785529613494873,1.120448350906372,-0.00785529613494873,39,4,0.8974358974358975
310,C,1,gnnexplainer,0.9,match_ig_baseline,scientific,-3.2601821422576904,-3.082592725753784,-6.425744533538818,-3.5733420848846436,0.3131599426269531,0.4907493591308594,2.852402448654175,0.17758941650390625,3.165562391281128,0.17758941650390625,2.5392425060272217,39,4,0.8974358974358975
310,C,1,integrated_gradients,0.9,match_ig_baseline,scientific,-3.2601821422576904,-4.804566860198975,-4.546652317047119,-3.5733420848846436,0.3131599426269531,1.231224775314331,0.9733102321624756,1.5443847179412842,1.2864701747894287,0.9180648326873779,0.6601502895355225,39,4,0.8974358974358975
310,C,2,gnnexplainer,0.9,match_ig_baseline,scientific,-0.822724461555481,-1.2734791040420532,-1.4846731424331665,-0.6833547949790955,0.1393696665763855,0.5901243090629578,0.801318347454071,0.45075464248657227,0.6619486808776855,0.45075464248657227,0.6619486808776855,39,4,0.8974358974358975
310,C,2,integrated_gradients,0.9,match_ig_baseline,scientific,-0.822724461555481,-1.6447540521621704,-0.9465688467025757,-0.6833547949790955,0.1393696665763855,0.961399257183075,0.2632140517234802,0.8220295906066895,0.12384438514709473,0.8220295906066895,0.12384438514709473,39,4,0.8974358974358975
320,H,0,gnnexplainer,0.9,match_ig_baseline,scientific,-0.11680196225643158,-0.11716324836015701,-0.14311173558235168,-0.11250480264425278,0.0042971596121788025,0.004658445715904236,0.030606932938098907,0.00036128610372543335,0.026309773325920105,0.00036128610372543335,0.026309773325920105,33,4,0.8787878787878788
320,H,0,integrated_gradients,0.9,match_ig_baseline,scientific,-0.11680196225643158,-0.10397380590438843,-0.12912896275520325,-0.11250480264425278,0.0042971596121788025,0.00853099673986435,0.01662416011095047,0.012828156352043152,0.012327000498771667,0.004233837127685547,0.012327000498771667,33,4,0.8787878787878788
320,H,1,gnnexplainer,0.9,match_ig_baseline,scientific,-0.1167914867401123,-0.13883522152900696,-0.12081795185804367,-0.11150480061769485,0.00528668612241745,0.027330420911312103,0.009313151240348816,0.022043734788894653,0.004026465117931366,0.022043734788894653,0.004026465117931366,33,4,0.8787878787878788
320,H,1,integrated_gradients,0.9,match_ig_baseline,scientific,-0.1167914867401123,-0.10396377742290497,-0.12912645936012268,-0.11150480061769485,0.00528668612241745,0.0075410231947898865,0.017621658742427826,0.012827709317207336,0.012334972620010376,0.0022543370723724365,0.012334972620010376,33,4,0.8787878787878788
320,H,2,integrated_gradients,0.9,match_ig_baseline,scientific,-0.1105690747499466,-0.06876973807811737,-0.10949121415615082,,,,,0.041799336671829224,0.0010778605937957764,,,33,4,0.8787878787878788
320,H,3,gnnexplainer,0.9,match_ig_baseline,scientific,-0.09785197675228119,-0.09924352914094925,-0.10852823406457901,-0.10867230594158173,0.010820329189300537,0.009428776800632477,0.00014407187700271606,0.0013915523886680603,0.010676257312297821,-0.0013915523886680603,-0.010676257312297821,33,4,0.8787878787878788
320,H,3,integrated_gradients,0.9,match_ig_baseline,scientific,-0.09785197675228119,-0.11580824851989746,-0.09606718271970749,-0.10867230594158173,0.010820329189300537,0.007135942578315735,0.012605123221874237,0.017956271767616272,0.0017847940325737,-0.0036843866109848022,0.0017847940325737,33,4,0.8787878787878788
320,H,4,gnnexplainer,0.9,match_ig_baseline,scientific,-0.09792423993349075,-0.11308127641677856,-0.10033124685287476,-0.11026007682085037,0.01233583688735962,0.002821199595928192,0.009928829967975616,0.015157036483287811,0.0024070069193840027,-0.009514637291431427,-0.0024070069193840027,33,4,0.8787878787878788
320,H,4,integrated_gradients,0.9,match_ig_baseline,scientific,-0.09792423993349075,-0.11580117791891098,-0.09611852467060089,-0.11026007682085037,0.01233583688735962,0.005541101098060608,0.014141552150249481,0.017876937985420227,0.001805715262889862,-0.006794735789299011,0.001805715262889862,33,4,0.8787878787878788
320,H,5,gnnexplainer,0.9,match_ig_baseline,scientific,-0.02358342707157135,-0.034411877393722534,-0.03120482712984085,-0.0052159917540848255,0.018367435317486525,0.02919588563963771,0.025988835375756025,0.010828450322151184,0.007621400058269501,0.010828450322151184,0.007621400058269501,33,4,0.8787878787878788
320,H,5,integrated_gradients,0.9,match_ig_baseline,scientific,-0.02358342707157135,-0.061357710510492325,-0.027901481837034225,-0.0052159917540848255,0.018367435317486525,0.0561417187564075,0.0226854900829494,0.037774283438920975,0.004318054765462875,0.037774283438920975,0.004318054765462875,33,4,0.8787878787878788
320,H,6,gnnexplainer,0.9,match_ig_baseline,scientific,-0.026808444410562515,-0.04748127609491348,-0.05925976485013962,-0.028812643140554428,0.002004198729991913,0.018668632954359055,0.03044712170958519,0.020672831684350967,0.0324513204395771,0.01666443422436714,0.028442922979593277,33,4,0.8787878787878788
320,H,6,integrated_gradients,0.9,match_ig_baseline,scientific,-0.026808444410562515,-0.057888247072696686,-0.03182090073823929,-0.028812643140554428,0.002004198729991913,0.029075603932142258,0.0030082575976848602,0.03107980266213417,0.005012456327676773,0.027071405202150345,0.0010040588676929474,33,4,0.8787878787878788
320,H,7,gnnexplainer,0.9,match_ig_baseline,scientific,-0.023555252701044083,-0.03395557031035423,-0.043452899903059006,-0.005759708117693663,0.01779554458335042,0.02819586219266057,0.03769319178536534,0.01040031760931015,0.019897647202014923,0.01040031760931015,0.019897647202014923,33,4,0.8787878787878788
320,H,7,integrated_gradients,0.9,match_ig_baseline,scientific,-0.023555252701044083,-0.061326898634433746,-0.027844775468111038,-0.005759708117693663,0.01779554458335042,0.055567190516740084,0.022085067350417376,0.037771645933389664,0.004289522767066956,0.037771645933389664,0.004289522767066956,33,4,0.8787878787878788
320,C,0,gnnexplainer,0.9,match_ig_baseline,scientific,-0.33521604537963867,-0.5892874002456665,-0.9129471778869629,-0.2236022800207138,0.11161376535892487,0.3656851202249527,0.6893448978662491,0.25407135486602783,0.5777311325073242,0.25407135486602783,0.5777311325073242,39,4,0.8974358974358975
320,C,0,integrated_gradients,0.9,match_ig_baseline,scientific,-0.33521604537963867,-1.4981871843338013,-0.37619566917419434,-0.2236022800207138,0.11161376535892487,1.2745849043130875,0.15259338915348053,1.1629711389541626,0.040979623794555664,1.1629711389541626,0.040979623794555664,39,4,0.8974358974358975
320,C,1,gnnexplainer,0.9,match_ig_baseline,scientific,-1.2432812452316284,-2.4450347423553467,-1.744608759880066,-1.168932318687439,0.07434892654418945,1.2761024236679077,0.575676441192627,1.2017534971237183,0.5013275146484375,1.2017534971237183,0.5013275146484375,39,4,0.8974358974358975
320,C,1,integrated_gradients,0.9,match_ig_baseline,scientific,-1.2432812452316284,-3.7083327770233154,-1.2408849000930786,-1.168932318687439,0.07434892654418945,2.5394004583358765,0.07195258140563965,2.465051531791687,0.0023963451385498047,2.465051531791687,-0.0023963451385498047,39,4,0.8974358974358975
320,C,2,gnnexplainer,0.9,match_ig_baseline,scientific,-3.738448143005371,-3.478675365447998,-5.38580846786499,-4.107529640197754,0.3690814971923828,0.6288542747497559,1.2782788276672363,0.25977277755737305,1.6473603248596191,0.25977277755737305,0.9091973304748535,39,4,0.8974358974358975
320,C,2,integrated_gradients,0.9,match_ig_baseline,scientific,-3.738448143005371,-4.128018856048584,-3.448441505432129,-4.107529640197754,0.3690814971923828,0.020489215850830078,0.659088134765625,0.3895707130432129,0.2900066375732422,-0.34859228134155273,0.2900066375732422,39,4,0.8974358974358975
330,H,0,gnnexplainer,0.9,match_ig_baseline,scientific,-0.05332114174962044,-0.06060627102851868,-0.05720527470111847,-0.03665326535701752,0.01666787639260292,0.02395300567150116,0.020552009344100952,0.007285129278898239,0.0038841329514980316,0.007285129278898239,0.0038841329514980316,33,4,0.8787878787878788
330,H,0,integrated_gradients,0.9,match_ig_baseline,scientific,-0.05332114174962044,-0.062053050845861435,-0.050811976194381714,-0.03665326535701752,0.01666787639260292,0.025399785488843918,0.014158710837364197,0.008731909096240997,0.0025091655552387238,0.008731909096240997,-0.0025091655552387238,33,4,0.8787878787878788
330,H,1,gnnexplainer,0.9,match_ig_baseline,scientific,-0.04627763852477074,-0.061671964824199677,-0.07263993471860886,-0.05347871407866478,0.007201075553894043,0.008193250745534897,0.019161220639944077,0.01539432629942894,0.02636229619383812,0.0009921751916408539,0.011960145086050034,33,4,0.8787878787878788
330,H,1,integrated_gradients,0.9,match_ig_baseline,scientific,-0.04627763852477074,-0.06287935376167297,-0.05130850151181221,-0.05347871407866478,0.007201075553894043,0.009400639683008194,0.0021702125668525696,0.016601715236902237,0.005030862987041473,0.002199564129114151,-0.005030862987041473,33,4,0.8787878787878788
330,H,2,gnnexplainer,0.9,match_ig_baseline,scientific,-0.04633069783449173,-0.05119597539305687,-0.05310851335525513,-0.052478715777397156,0.006148017942905426,0.0012827403843402863,0.0006297975778579712,0.00486527755856514,0.006777815520763397,-0.00486527755856514,-0.005518220365047455,33,4,0.8787878787878788
330,H,2,integrated_gradients,0.9,match_ig_baseline,scientific,-0.04633069783449173,-0.06291582435369492,-0.051347263157367706,-0.052478715777397156,0.006148017942905426,0.01043710857629776,0.0011314526200294495,0.016585126519203186,0.0050165653228759766,0.004289090633392334,-0.0050165653228759766,33,4,0.8787878787878788
330,H,3,gnnexplainer,0.9,match_ig_baseline,scientific,-0.018737804144620895,-0.03430663421750069,-0.04498712345957756,-0.028382685035467148,0.009644880890846252,0.005923949182033539,0.016604438424110413,0.015568830072879791,0.026249319314956665,-0.0037209317088127136,0.00695955753326416,33,4,0.8787878787878788
330,H,3,integrated_gradients,0.9,match_ig_baseline,scientific,-0.018737804144620895,-0.04096118360757828,-0.023499630391597748,-0.028382685035467148,0.009644880890846252,0.01257849857211113,0.0048830546438694,0.022223379462957382,0.004761826246976852,0.0029336176812648773,-0.004761826246976852,33,4,0.8787878787878788
330,H,4,gnnexplainer,0.9,match_ig_baseline,scientific,-0.01875194162130356,-0.012932859361171722,-0.04265008866786957,-0.02938268519937992,0.010630743578076363,0.0164498258382082,0.013267403468489647,0.005819082260131836,0.02389814704656601,0.005819082260131836,0.0026366598904132843,33,4,0.8787878787878788
330,H,4,integrated_gradients,0.9,match_ig_baseline,scientific,-0.01875194162130356,-0.041014038026332855,-0.02351558953523636,-0.02938268519937992,0.010630743578076363,0.011631352826952934,0.005867095664143562,0.022262096405029297,0.0047636479139328,0.0010006092488765717,-0.0047636479139328,33,4,0.8787878787878788
330,H,5,gnnexplainer,0.9,match_ig_baseline,scientific,-0.08483874797821045,-0.07970981299877167,-0.07042588293552399,-0.05086393281817436,0.03397481516003609,0.028845880180597305,0.019561950117349625,0.005128934979438782,0.014412865042686462,-0.005128934979438782,-0.014412865042686462,33,4,0.8787878787878788
330,H,5,integrated_gradients,0.9,match_ig_baseline,scientific,-0.08483874797821045,-0.06143096089363098,-0.09209206700325012,-0.05086393281817436,0.03397481516003609,0.01056702807545662,0.04122813418507576,0.023407787084579468,0.007253319025039673,-0.023407787084579468,0.007253319025039673,33,4,0.8787878787878788
330,H,6,gnnexplainer,0.9,match_ig_baseline,scientific,-0.14934495091438293,-0.17988203465938568,-0.1851385533809662,-0.19063477218151093,0.04128982126712799,0.010752737522125244,0.005496218800544739,0.030537083745002747,0.03579360246658325,-0.030537083745002747,-0.03579360246658325,33,4,0.8787878787878788
330,H,6,integrated_gradients,0.9,match_ig_baseline,scientific,-0.14934495091438293,-0.10148540139198303,-0.17205137014389038,-0.19063477218151093,0.04128982126712799,0.0891493707895279,0.018583402037620544,0.0478595495223999,0.022706419229507446,0.0478595495223999,-0.022706419229507446,33,4,0.8787878787878788
330,C,0,gnnexplainer,0.9,match_ig_baseline,scientific,-1.6009703874588013,-3.783858060836792,-1.4198111295700073,-1.5042518377304077,0.09671854972839355,2.2796062231063843,0.08444070816040039,2.1828876733779907,0.18115925788879395,2.1828876733779907,-0.012277841567993164,39,4,0.8974358974358975
330,C,0,integrated_gradients,0.9,match_ig_baseline,scientific,-1.6009703874588013,-3.939680337905884,-1.3472942113876343,-1.5042518377304077,0.09671854972839355,2.435428500175476,0.15695762634277344,2.3387099504470825,0.253676176071167,2.3387099504470825,0.06023907661437988,39,4,0.8974358974358975
330,C,1,gnnexplainer,0.9,match_ig_baseline,scientific,-1.3574010133743286,-3.1433937549591064,-1.4599192142486572,-1.1874029636383057,0.16999804973602295,1.9559907913208008,0.27251625061035156,1.7859927415847778,0.10251820087432861,1.7859927415847778,0.10251820087432861,39,4,0.8974358974358975
330,C,1,integrated_gradients,0.9,match_ig_baseline,scientific,-1.3574010133743286,-2.612098217010498,-1.3816540241241455,-1.1874029636383057,0.16999804973602295,1.4246952533721924,0.19425106048583984,1.2546972036361694,0.024253010749816895,1.2546972036361694,0.024253010749816895,39,4,0.8974358974358975
330,C,2,gnnexplainer,0.9,match_ig_baseline,scientific,-6.480936527252197,-3.682980537414551,-6.959859848022461,-7.547578811645508,1.0666422843933105,3.864598274230957,0.5877189636230469,2.7979559898376465,0.47892332077026367,2.7979559898376465,-0.47892332077026367,39,4,0.8974358974358975
330,C,2,integrated_gradients,0.9,match_ig_baseline,scientific,-6.480936527252197,-5.020180702209473,-5.577538967132568,-7.547578811645508,1.0666422843933105,2.527398109436035,1.9700398445129395,1.4607558250427246,0.9033975601196289,1.4607558250427246,0.9033975601196289,39,4,0.8974358974358975
340,H,0,gnnexplainer,0.9,match_ig_baseline,scientific,-0.18115732073783875,-0.18431374430656433,-0.1893509030342102,-0.17389942705631256,0.007257893681526184,0.01041431725025177,0.015451475977897644,0.003156423568725586,0.00819358229637146,0.003156423568725586,0.00819358229637146,33,4,0.8787878787878788
340,H,0,integrated_gradients,0.9,match_ig_baseline,scientific,-0.18115732073783875,-0.1809883862733841,-0.17872142791748047,-0.17389942705631256,0.007257893681526184,0.007088959217071533,0.004822000861167908,0.00016893446445465088,0.0024358928203582764,-0.00016893446445465088,-0.0024358928203582764,33,4,0.8787878787878788
340,H,1,gnnexplainer,0.9,match_ig_baseline,scientific,-0.18116766214370728,-0.20495840907096863,-0.17735731601715088,-0.17389942705631256,0.007268235087394714,0.031058982014656067,0.003457888960838318,0.023790746927261353,0.0038103461265563965,0.023790746927261353,-0.0038103461265563965,33,4,0.8787878787878788
340,H,1,integrated_gradients,0.9,match_ig_baseline,scientific,-0.18116766214370728,-0.1810021847486496,-0.17872455716133118,-0.17389942705631256,0.007268235087394714,0.007102757692337036,0.004825130105018616,0.00016547739505767822,0.0024431049823760986,-0.00016547739505767822,-0.0024431049823760986,33,4,0.8787878787878788
340,H,2,gnnexplainer,0.9,match_ig_baseline,scientific,-0.1291559636592865,-0.15535658597946167,-0.12692482769489288,-0.12675082683563232,0.002405136823654175,0.028605759143829346,0.00017400085926055908,0.02620062232017517,0.0022311359643936157,0.02620062232017517,-0.0022311359643936157,33,4,0.8787878787878788
340,H,2,integrated_gradients,0.9,match_ig_baseline,scientific,-0.1291559636592865,-0.1255415678024292,-0.12524926662445068,-0.12675082683563232,0.002405136823654175,0.001209259033203125,0.0015015602111816406,0.0036143958568573,0.003906697034835815,-0.0011958777904510498,-0.0009035766124725342,33,4,0.8787878787878788
340,H,3,gnnexplainer,0.9,match_ig_baseline,scientific,-0.1291477382183075,-0.12412627041339874,-0.1371431052684784,-0.12675082683563232,0.002396911382675171,0.0026245564222335815,0.01039227843284607,0.0050214678049087524,0.007995367050170898,0.00022764503955841064,0.007995367050170898,33,4,0.8787878787878788
340,H,3,integrated_gradients,0.9,match_ig_baseline,scientific,-0.1291477382183075,-0.12553265690803528,-0.1252416968345642,-0.12675082683563232,0.002396911382675171,0.001218169927597046,0.0015091300010681152,0.003615081310272217,0.003906041383743286,-0.001178741455078125,-0.0008877813816070557,33,4,0.8787878787878788
340,H,4,gnnexplainer,0.9,match_ig_baseline,scientific,-0.29237431287765503,-0.2494659125804901,-0.33745020627975464,-0.33352357149124146,0.041149258613586426,0.08405765891075134,0.003926634788513184,0.04290840029716492,0.04507589340209961,0.04290840029716492,-0.03722262382507324,33,4,0.8787878787878788
340,H,4,integrated_gradients,0.9,match_ig_baseline,scientific,-0.29237431287765503,-0.24205642938613892,-0.29282525181770325,-0.33352357149124146,0.041149258613586426,0.09146714210510254,0.04069831967353821,0.05031788349151611,0.0004509389400482178,0.05031788349151611,-0.0004509389400482178,33,4,0.8787878787878788
340,H,5,gnnexplainer,0.9,match_ig_baseline,scientific,-0.5400928854942322,-0.505108118057251,-0.5701714754104614,-0.5608901381492615,0.020797252655029297,0.0557820200920105,0.009281337261199951,0.0349847674369812,0.030078589916229248,0.0349847674369812,-0.011515915393829346,33,4,0.8787878787878788
340,H,5,integrated_gradients,0.9,match_ig_baseline,scientific,-0.5400928854942322,-0.46935227513313293,-0.4957413077354431,-0.5608901381492615,0.020797252655029297,0.09153786301612854,0.06514883041381836,0.07074061036109924,0.04435157775878906,0.07074061036109924,0.04435157775878906,33,4,0.8787878787878788
340,C,0,gnnexplainer,0.9,match_ig_baseline,scientific,-3.2474417686462402,-4.112659931182861,-3.9251675605773926,-3.4242684841156006,0.17682671546936035,0.6883914470672607,0.500899076461792,0.8652181625366211,0.6777257919311523,0.5115647315979004,0.32407236099243164,39,4,0.8974358974358975
340,C,0,integrated_gradients,0.9,match_ig_baseline,scientific,-3.2474417686462402,-4.904185771942139,-3.1201324462890625,-3.4242684841156006,0.17682671546936035,1.479917287826538,0.3041360378265381,1.6567440032958984,0.12730932235717773,1.3030905723571777,0.12730932235717773,39,4,0.8974358974358975
340,C,1,gnnexplainer,0.9,match_ig_baseline,scientific,-2.8188884258270264,-4.281057834625244,-2.980851888656616,-2.863839864730835,0.044951438903808594,1.4172179698944092,0.11701202392578125,1.4621694087982178,0.16196346282958984,1.3722665309906006,0.07206058502197266,39,4,0.8974358974358975
340,C,1,integrated_gradients,0.9,match_ig_baseline,scientific,-2.8188884258270264,-4.390169620513916,-2.534512519836426,-2.863839864730835,0.044951438903808594,1.526329755783081,0.3293273448944092,1.5712811946868896,0.2843759059906006,1.4813783168792725,0.2843759059906006,39,4,0.8974358974358975
340,C,2,gnnexplainer,0.9,match_ig_baseline,scientific,-12.434992790222168,-9.375308990478516,-8.654383659362793,-12.157820701599121,0.2771720886230469,2.7825117111206055,3.503437042236328,3.0596837997436523,3.780609130859375,2.5053396224975586,3.2262649536132812,39,4,0.8974358974358975
340,C,2,integrated_gradients,0.9,match_ig_baseline,scientific,-12.434992790222168,-5.574409008026123,-12.05048656463623,-12.157820701599121,0.2771720886230469,6.583411693572998,0.10733413696289062,6.860583782196045,0.3845062255859375,6.306239604949951,-0.16983795166015625,39,4,0.8974358974358975
340,C,3,gnnexplainer,0.9,match_ig_baseline,scientific,-10.483654975891113,-10.676505088806152,-6.017770290374756,-10.058283805847168,0.4253711700439453,0.6182212829589844,4.040513515472412,0.19285011291503906,4.465884685516357,0.19285011291503906,3.615142345428467,39,4,0.8974358974358975
340,C,3,integrated_gradients,0.9,match_ig_baseline,scientific,-10.483654975891113,-5.930356502532959,-9.687481880187988,-10.058283805847168,0.4253711700439453,4.127927303314209,0.3708019256591797,4.553298473358154,0.796173095703125,3.7025561332702637,-0.054569244384765625,39,4,0.8974358974358975
340,C,4,gnnexplainer,0.9,match_ig_baseline,scientific,-19.241262435913086,-13.407731056213379,-8.823369026184082,-18.589996337890625,0.6512660980224609,5.182265281677246,9.766627311706543,5.833531379699707,10.417893409729004,4.530999183654785,9.115361213684082,39,4,0.8974358974358975
340,C,4,integrated_gradients,0.9,match_ig_baseline,scientific,-19.241262435913086,-6.950103759765625,-15.110003471374512,-18.589996337890625,0.6512660980224609,11.639892578125,3.4799928665161133,12.291158676147461,4.131258964538574,10.988626480102539,2.8287267684936523,39,4,0.8974358974358975
350,H,0,gnnexplainer,0.9,match_ig_baseline,scientific,-0.06534451246261597,-0.06876258552074432,-0.06383351236581802,-0.0681978166103363,0.002853304147720337,0.00056476891040802,0.00436430424451828,0.003418073058128357,0.0015110000967979431,-0.002288535237312317,0.0015110000967979431,33,4,0.8787878787878788
350,H,0,integrated_gradients,0.9,match_ig_baseline,scientific,-0.06534451246261597,-0.06733816862106323,-0.06111040338873863,-0.0681978166103363,0.002853304147720337,0.0008596479892730713,0.0070874132215976715,0.0019936561584472656,0.004234109073877335,-0.0019936561584472656,0.004234109073877335,33,4,0.8787878787878788
350,H,1,gnnexplainer,0.9,match_ig_baseline,scientific,-0.03144040331244469,-0.029741976410150528,-0.0676838755607605,-0.030978085473179817,0.0004623178392648697,0.0012361090630292892,0.03670579008758068,0.001698426902294159,0.03624347224831581,0.0007737912237644196,0.03624347224831581,33,4,0.8787878787878788
350,H,1,integrated_gradients,0.9,match_ig_baseline,scientific,-0.03144040331244469,-0.06639029085636139,-0.03537093847990036,-0.030978085473179817,0.0004623178392648697,0.03541220538318157,0.004392853006720543,0.0349498875439167,0.003930535167455673,0.0349498875439167,0.003930535167455673,33,4,0.8787878787878788
350,H,2,gnnexplainer,0.9,match_ig_baseline,scientific,-0.07487679272890091,-0.058018799871206284,-0.0741732269525528,-0.09739954024553299,0.02252274751663208,0.039380740374326706,0.023226313292980194,0.016857992857694626,0.000703565776348114,0.016857992857694626,0.000703565776348114,33,4,0.8787878787878788
350,H,2,integrated_gradients,0.9,match_ig_baseline,scientific,-0.07487679272890091,-0.07751375436782837,-0.06704606115818024,-0.09739954024553299,0.02252274751663208,0.01988578587770462,0.030353479087352753,0.0026369616389274597,0.007830731570720673,-0.0026369616389274597,0.007830731570720673,33,4,0.8787878787878788
350,H,3,gnnexplainer,0.9,match_ig_baseline,scientific,-0.059731826186180115,-0.05598395690321922,-0.08158379793167114,-0.05384648218750954,0.005885343998670578,0.0021374747157096863,0.027737315744161606,0.0037478692829608917,0.021851971745491028,-0.0037478692829608917,0.021851971745491028,33,4,0.8787878787878788
350,H,3,integrated_gradients,0.9,match_ig_baseline,scientific,-0.059731826186180115,-0.06891146302223206,-0.06391748040914536,-0.05384648218750954,0.005885343998670578,0.015064980834722519,0.010070998221635818,0.009179636836051941,0.0041856542229652405,0.009179636836051941,0.0041856542229652405,33,4,0.8787878787878788
350,H,4,gnnexplainer,0.9,match_ig_baseline,scientific,-0.10681454837322235,-0.10780143737792969,-0.08842939883470535,-0.10548743605613708,0.0013271123170852661,0.0023140013217926025,0.017058037221431732,0.0009868890047073364,0.018385149538517,0.0009868890047073364,0.015730924904346466,33,4,0.8787878787878788
350,H,4,integrated_gradients,0.9,match_ig_baseline,scientific,-0.10681454837322235,-0.09250436723232269,-0.1082984060049057,-0.10548743605613708,0.0013271123170852661,0.012983068823814392,0.0028109699487686157,0.014310181140899658,0.0014838576316833496,0.011655956506729126,0.0014838576316833496,33,4,0.8787878787878788
350,H,5,gnnexplainer,0.9,match_ig_baseline,scientific,-0.09936700761318207,-0.09479040652513504,-0.10033877193927765,-0.12250534445047379,0.023138336837291718,0.027714937925338745,0.022166572511196136,0.004576601088047028,0.0009717643260955811,0.004576601088047028,-0.0009717643260955811,33,4,0.8787878787878788
350,H,5,integrated_gradients,0.9,match_ig_baseline,scientific,-0.09936700761318207,-0.09079056978225708,-0.09954175353050232,-0.12250534445047379,0.023138336837291718,0.031714774668216705,0.022963590919971466,0.008576437830924988,0.00017474591732025146,0.008576437830924988,-0.00017474591732025146,33,4,0.8787878787878788
350,C,0,gnnexplainer,0.9,match_ig_baseline,scientific,-0.7885818481445312,-1.8533092737197876,-1.2172086238861084,-0.7839327454566956,0.004649102687835693,1.069376528263092,0.43327587842941284,1.0647274255752563,0.42862677574157715,1.0647274255752563,0.42862677574157715,39,4,0.8974358974358975
350,C,0,integrated_gradients,0.9,match_ig_baseline,scientific,-0.7885818481445312,-2.5748960971832275,-0.7657744884490967,-0.7839327454566956,0.004649102687835693,1.790963351726532,0.018158257007598877,1.7863142490386963,0.02280735969543457,1.7863142490386963,0.013509154319763184,39,4,0.8974358974358975
350,C,1,gnnexplainer,0.9,match_ig_baseline,scientific,-1.2296100854873657,-1.999745488166809,-2.3708982467651367,-1.5208369493484497,0.291226863861084,0.4789085388183594,0.850061297416687,0.7701354026794434,1.141288161277771,0.1876816749572754,0.558834433555603,39,4,0.8974358974358975
350,C,1,integrated_gradients,0.9,match_ig_baseline,scientific,-1.2296100854873657,-2.6457462310791016,-1.2428176403045654,-1.5208369493484497,0.291226863861084,1.1249092817306519,0.2780193090438843,1.4161361455917358,0.013207554817199707,0.8336824178695679,-0.013207554817199707,39,4,0.8974358974358975
350,C,2,gnnexplainer,0.9,match_ig_baseline,scientific,-7.713656425476074,-5.798555850982666,-7.284468173980713,-9.297120094299316,1.5834636688232422,3.4985642433166504,2.0126519203186035,1.9151005744934082,0.42918825149536133,1.9151005744934082,0.42918825149536133,39,4,0.8974358974358975
350,C,2,integrated_gradients,0.9,match_ig_baseline,scientific,-7.713656425476074,-5.786106109619141,-7.909831523895264,-9.297120094299316,1.5834636688232422,3.511013984680176,1.3872885704040527,1.9275503158569336,0.19617509841918945,1.9275503158569336,-0.19617509841918945,39,4,0.8974358974358975
350,C,3,gnnexplainer,0.9,match_ig_baseline,scientific,-3.042293071746826,-3.580726146697998,-2.874032974243164,-3.2585976123809814,0.21630454063415527,0.3221285343170166,0.3845646381378174,0.5384330749511719,0.1682600975036621,0.10582399368286133,0.1682600975036621,39,4,0.8974358974358975
350,C,3,integrated_gradients,0.9,match_ig_baseline,scientific,-3.042293071746826,-3.798234462738037,-3.3058114051818848,-3.2585976123809814,0.21630454063415527,0.5396368503570557,0.04721379280090332,0.7559413909912109,0.2635183334350586,0.3233323097229004,-0.16909074783325195,39,4,0.8974358974358975
360,H,0,gnnexplainer,0.9,match_ig_baseline,scientific,-0.33236026763916016,-0.27509215474128723,-0.29846417903900146,-0.3191285729408264,0.01323169469833374,0.044036418199539185,0.02066439390182495,0.057268112897872925,0.03389608860015869,0.030804723501205444,0.007432699203491211,33,4,0.8787878787878788
360,H,0,integrated_gradients,0.9,match_ig_baseline,scientific,-0.33236026763916016,-0.2578413188457489,-0.3084222376346588,-0.3191285729408264,0.01323169469833374,0.061287254095077515,0.010706335306167603,0.07451894879341125,0.023938030004501343,0.048055559396743774,-0.0025253593921661377,33,4,0.8787878787878788
360,H,1,gnnexplainer,0.9,match_ig_baseline,scientific,-0.342712938785553,-0.2793761193752289,-0.35160982608795166,-0.26153138279914856,0.08118155598640442,0.017844736576080322,0.0900784432888031,0.0633368194103241,0.008896887302398682,-0.0633368194103241,0.008896887302398682,33,4,0.8787878787878788
360,H,1,integrated_gradients,0.9,match_ig_baseline,scientific,-0.342712938785553,-0.24553900957107544,-0.32110142707824707,-0.26153138279914856,0.08118155598640442,0.01599237322807312,0.05957004427909851,0.09717392921447754,0.021611511707305908,-0.0651891827583313,-0.021611511707305908,33,4,0.8787878787878788
360,H,2,gnnexplainer,0.9,match_ig_baseline,scientific,-0.14684848487377167,-0.15196070075035095,-0.14369693398475647,-0.1154087483882904,0.03143973648548126,0.03655195236206055,0.028288185596466064,0.005112215876579285,0.0031515508890151978,0.005112215876579285,-0.0031515508890151978,33,4,0.8787878787878788
360,H,2,integrated_gradients,0.9,match_ig_baseline,scientific,-0.14684848487377167,-0.16029319167137146,-0.14459943771362305,-0.1154087483882904,0.03143973648548126,0.044884443283081055,0.02919068932533264,0.013444706797599792,0.0022490471601486206,0.013444706797599792,-0.0022490471601486206,33,4,0.8787878787878788
360,H,3,gnnexplainer,0.9,match_ig_baseline,scientific,-0.14511096477508545,-0.14963644742965698,-0.161948099732399,-0.14733904600143433,0.002228081226348877,0.0022974014282226562,0.01460905373096466,0.004525482654571533,0.016837134957313538,6.93202018737793e-05,0.012380972504615784,33,4,0.8787878787878788
360,H,3,integrated_gradients,0.9,match_ig_baseline,scientific,-0.14511096477508545,-0.15711504220962524,-0.14642781019210815,-0.14733904600143433,0.002228081226348877,0.009775996208190918,0.0009112358093261719,0.012004077434539795,0.001316845417022705,0.007547914981842041,-0.001316845417022705,33,4,0.8787878787878788
360,H,4,gnnexplainer,0.9,match_ig_baseline,scientific,-0.13666847348213196,-0.1546269655227661,-0.13272449374198914,-0.11875949054956436,0.017908982932567596,0.03586747497320175,0.013965003192424774,0.017958492040634155,0.003943979740142822,0.017958492040634155,-0.003943979740142822,33,4,0.8787878787878788
360,H,4,integrated_gradients,0.9,match_ig_baseline,scientific,-0.13666847348213196,-0.14842280745506287,-0.13852301239967346,-0.11875949054956436,0.017908982932567596,0.029663316905498505,0.0197635218501091,0.011754333972930908,0.001854538917541504,0.011754333972930908,0.001854538917541504,33,4,0.8787878787878788
360,H,5,gnnexplainer,0.9,match_ig_baseline,scientific,-0.1832352876663208,-0.14122611284255981,-0.21348392963409424,-0.16926804184913635,0.013967245817184448,0.028041929006576538,0.044215887784957886,0.042009174823760986,0.030248641967773438,0.01407468318939209,0.030248641967773438,33,4,0.8787878787878788
360,H,5,integrated_gradients,0.9,match_ig_baseline,scientific,-0.1832352876663208,-0.18530413508415222,-0.1861620843410492,-0.16926804184913635,0.013967245817184448,0.01603609323501587,0.016894042491912842,0.002068847417831421,0.0029267966747283936,0.002068847417831421,0.0029267966747283936,33,4,0.8787878787878788
360,H,6,gnnexplainer,0.9,match_ig_baseline,scientific,-0.17076992988586426,-0.18873628973960876,-0.15989601612091064,-0.20832136273384094,0.037551432847976685,0.019585072994232178,0.0484253466129303,0.017966359853744507,0.010873913764953613,-0.017966359853744507,0.010873913764953613,33,4,0.8787878787878788
360,H,6,integrated_gradients,0.9,match_ig_baseline,scientific,-0.17076992988586426,-0.17075371742248535,-0.17656880617141724,-0.20832136273384094,0.037551432847976685,0.03756764531135559,0.031752556562423706,1.621246337890625e-05,0.0057988762855529785,1.621246337890625e-05,-0.0057988762855529785,33,4,0.8787878787878788
360,H,7,integrated_gradients,0.9,match_ig_baseline,scientific,-0.1105690747499466,-0.06876973807811737,-0.10949121415615082,,,,,0.041799336671829224,0.0010778605937957764,,,33,4,0.8787878787878788
360,C,0,gnnexplainer,0.9,match_ig_baseline,scientific,-3.523756980895996,-3.1184000968933105,-5.984550476074219,-4.043220043182373,0.519463062286377,0.9248199462890625,1.9413304328918457,0.40535688400268555,2.4607934951782227,0.40535688400268555,1.4218673706054688,39,4,0.8974358974358975
360,C,0,integrated_gradients,0.9,match_ig_baseline,scientific,-3.523756980895996,-4.303909778594971,-3.811291217803955,-4.043220043182373,0.519463062286377,0.26068973541259766,0.23192882537841797,0.7801527976989746,0.287534236907959,-0.2587733268737793,-0.287534236907959,39,4,0.8974358974358975
360,C,1,gnnexplainer,0.9,match_ig_baseline,scientific,-14.09076976776123,-9.98810863494873,-10.408556938171387,-14.111479759216309,0.020709991455078125,4.123371124267578,3.702922821044922,4.1026611328125,3.6822128295898438,4.1026611328125,3.6822128295898438,39,4,0.8974358974358975
360,C,1,integrated_gradients,0.9,match_ig_baseline,scientific,-14.09076976776123,-8.49832534790039,-11.75473690032959,-14.111479759216309,0.020709991455078125,5.613154411315918,2.3567428588867188,5.59244441986084,2.3360328674316406,5.59244441986084,2.3360328674316406,39,4,0.8974358974358975
360,C,2,gnnexplainer,0.9,match_ig_baseline,scientific,-11.013855934143066,-8.178990364074707,-9.288262367248535,-9.470762252807617,1.5430936813354492,1.2917718887329102,0.18249988555908203,2.8348655700683594,1.7255935668945312,-0.25132179260253906,-1.3605937957763672,39,4,0.8974358974358975
360,C,2,integrated_gradients,0.9,match_ig_baseline,scientific,-11.013855934143066,-7.700270652770996,-9.729105949401855,-9.470762252807617,1.5430936813354492,1.770491600036621,0.2583436965942383,3.3135852813720703,1.284749984741211,0.22739791870117188,-1.284749984741211,39,4,0.8974358974358975
360,C,3,gnnexplainer,0.9,match_ig_baseline,scientific,-1.671934723854065,-2.4821829795837402,-2.2407827377319336,-1.504056692123413,0.16787803173065186,0.9781262874603271,0.7367260456085205,0.8102482557296753,0.5688480138778687,0.8102482557296753,0.5688480138778687,39,4,0.8974358974358975
360,C,3,integrated_gradients,0.9,match_ig_baseline,scientific,-1.671934723854065,-2.88826847076416,-1.6266034841537476,-1.504056692123413,0.16787803173065186,1.384211778640747,0.12254679203033447,1.2163337469100952,0.04533123970031738,1.2163337469100952,-0.04533123970031738,39,4,0.8974358974358975
370,H,0,gnnexplainer,0.9,match_ig_baseline,scientific,-0.04373524710536003,-0.05963148921728134,-0.06124001741409302,-0.043864715844392776,0.00012946873903274536,0.015766773372888565,0.01737530156970024,0.01589624211192131,0.017504770308732986,0.01563730463385582,0.017245832830667496,33,4,0.8787878787878788
370,H,0,integrated_gradients,0.9,match_ig_baseline,scientific,-0.04373524710536003,-0.0945163294672966,-0.047653988003730774,-0.043864715844392776,0.00012946873903274536,0.050651613622903824,0.0037892721593379974,0.05078108236193657,0.003918740898370743,0.05052214488387108,0.003659803420305252,33,4,0.8787878787878788
370,H,1,gnnexplainer,0.9,match_ig_baseline,scientific,-0.08122873306274414,-0.08835343271493912,-0.09067592769861221,-0.10652264207601547,0.025293909013271332,0.018169209361076355,0.01584671437740326,0.007124699652194977,0.009447194635868073,-0.007124699652194977,-0.009447194635868073,33,4,0.8787878787878788
370,H,1,integrated_gradients,0.9,match_ig_baseline,scientific,-0.08122873306274414,-0.08486589044332504,-0.05780801177024841,-0.10652264207601547,0.025293909013271332,0.02165675163269043,0.04871463030576706,0.003637157380580902,0.023420721292495728,-0.003637157380580902,0.023420721292495728,33,4,0.8787878787878788
370,H,2,gnnexplainer,0.9,match_ig_baseline,scientific,-0.04370501637458801,-0.04056185483932495,-0.08359866589307785,-0.04432092234492302,0.0006159059703350067,0.0037590675055980682,0.03927774354815483,0.0031431615352630615,0.03989364951848984,0.0031431615352630615,0.038661837577819824,33,4,0.8787878787878788
370,H,2,integrated_gradients,0.9,match_ig_baseline,scientific,-0.04370501637458801,-0.09454271197319031,-0.047620855271816254,-0.04432092234492302,0.0006159059703350067,0.05022178962826729,0.0032999329268932343,0.050837695598602295,0.003915838897228241,0.04960588365793228,0.0026840269565582275,33,4,0.8787878787878788
370,H,3,gnnexplainer,0.9,match_ig_baseline,scientific,-0.08113130182027817,-0.07875536382198334,-0.08796371519565582,-0.1071104109287262,0.02597910910844803,0.02835504710674286,0.019146695733070374,0.0023759379982948303,0.006832413375377655,0.0023759379982948303,-0.006832413375377655,33,4,0.8787878787878788
370,H,3,integrated_gradients,0.9,match_ig_baseline,scientific,-0.08113130182027817,-0.0848250538110733,-0.057761985808610916,-0.1071104109287262,0.02597910910844803,0.022285357117652893,0.04934842512011528,0.0036937519907951355,0.02336931601166725,-0.0036937519907951355,0.02336931601166725,33,4,0.8787878787878788
370,H,4,gnnexplainer,0.9,match_ig_baseline,scientific,-0.09458783268928528,-0.07467778772115707,-0.09416214376688004,-0.12378595769405365,0.02919812500476837,0.049108169972896576,0.029623813927173615,0.019910044968128204,0.0004256889224052429,0.019910044968128204,0.0004256889224052429,33,4,0.8787878787878788
370,H,4,integrated_gradients,0.9,match_ig_baseline,scientific,-0.09458783268928528,-0.08982579410076141,-0.1005038172006607,-0.12378595769405365,0.02919812500476837,0.033960163593292236,0.023282140493392944,0.004762038588523865,0.005915984511375427,0.004762038588523865,-0.005915984511375427,33,4,0.8787878787878788
370,H,5,gnnexplainer,0.9,match_ig_baseline,scientific,-0.09251999855041504,-0.11567467451095581,-0.10323570668697357,-0.10366342216730118,0.011143423616886139,0.012011252343654633,0.0004277154803276062,0.02315467596054077,0.010715708136558533,0.0008678287267684937,-0.010715708136558533,33,4,0.8787878787878788
370,H,5,integrated_gradients,0.9,match_ig_baseline,scientific,-0.09251999855041504,-0.08562219142913818,-0.09565398097038269,-0.10366342216730118,0.011143423616886139,0.018041230738162994,0.008009441196918488,0.0068978071212768555,0.0031339824199676514,0.0068978071212768555,-0.0031339824199676514,33,4,0.8787878787878788
370,H,6,gnnexplainer,0.9,match_ig_baseline,scientific,-0.09253235906362534,-0.09878062456846237,-0.08878707885742188,-0.10366342216730118,0.011131063103675842,0.004882797598838806,0.014876343309879303,0.006248265504837036,0.0037452802062034607,-0.006248265504837036,0.0037452802062034607,33,4,0.8787878787878788
370,H,6,integrated_gradients,0.9,match_ig_baseline,scientific,-0.09253235906362534,-0.08562706410884857,-0.0956643670797348,-0.10366342216730118,0.011131063103675842,0.018036358058452606,0.007999055087566376,0.006905294954776764,0.0031320080161094666,0.006905294954776764,-0.0031320080161094666,33,4,0.8787878787878788
370,H,7,gnnexplainer,0.9,match_ig_baseline,scientific,-0.09459247440099716,-0.09684058278799057,-0.11144980043172836,-0.12478595972061157,0.03019348531961441,0.027945376932621002,0.01333615928888321,0.002248108386993408,0.0168573260307312,-0.002248108386993408,-0.0168573260307312,33,4,0.8787878787878788
370,H,7,integrated_gradients,0.9,match_ig_baseline,scientific,-0.09459247440099716,-0.08981583267450333,-0.10050499439239502,-0.12478595972061157,0.03019348531961441,0.034970127046108246,0.024280965328216553,0.0047766417264938354,0.005912519991397858,0.0047766417264938354,-0.005912519991397858,33,4,0.8787878787878788
370,C,0,gnnexplainer,0.9,match_ig_baseline,scientific,-1.4683328866958618,-2.957937002182007,-1.4450169801712036,-1.4808326959609985,0.012499809265136719,1.4771043062210083,0.03581571578979492,1.489604115486145,0.023315906524658203,1.4646044969558716,0.023315906524658203,39,4,0.8974358974358975
370,C,0,integrated_gradients,0.9,match_ig_baseline,scientific,-1.4683328866958618,-3.111328125,-1.4204179048538208,-1.4808326959609985,0.012499809265136719,1.6304954290390015,0.060414791107177734,1.6429952383041382,0.047914981842041016,1.6179956197738647,0.047914981842041016,39,4,0.8974358974358975
370,C,1,gnnexplainer,0.9,match_ig_baseline,scientific,-1.4679588079452515,-3.1458144187927246,-1.3877801895141602,-1.475832223892212,0.00787341594696045,1.6699821949005127,0.08805203437805176,1.6778556108474731,0.08017861843109131,1.6621087789535522,0.08017861843109131,39,4,0.8974358974358975
370,C,1,integrated_gradients,0.9,match_ig_baseline,scientific,-1.4679588079452515,-3.1117441654205322,-1.419378399848938,-1.475832223892212,0.00787341594696045,1.6359119415283203,0.056453824043273926,1.6437853574752808,0.04858040809631348,1.6280385255813599,0.04858040809631348,39,4,0.8974358974358975
370,C,2,gnnexplainer,0.9,match_ig_baseline,scientific,-3.5274667739868164,-3.4614038467407227,-3.7834889888763428,-3.6214356422424316,0.09396886825561523,0.16003179550170898,0.16205334663391113,0.06606292724609375,0.25602221488952637,0.06606292724609375,0.0680844783782959,39,4,0.8974358974358975
370,C,2,integrated_gradients,0.9,match_ig_baseline,scientific,-3.5274667739868164,-3.800973653793335,-3.045945882797241,-3.6214356422424316,0.09396886825561523,0.17953801155090332,0.5754897594451904,0.27350687980651855,0.4815208911895752,0.08556914329528809,0.4815208911895752,39,4,0.8974358974358975
370,C,3,gnnexplainer,0.9,match_ig_baseline,scientific,-3.5281639099121094,-4.112454891204834,-3.5388383865356445,-3.6274356842041016,0.09927177429199219,0.4850192070007324,0.08859729766845703,0.5842909812927246,0.010674476623535156,0.38574743270874023,-0.010674476623535156,39,4,0.8974358974358975
370,C,3,integrated_gradients,0.9,match_ig_baseline,scientific,-3.5281639099121094,-3.801619052886963,-3.046642303466797,-3.6274356842041016,0.09927177429199219,0.17418336868286133,0.5807933807373047,0.2734551429748535,0.4815216064453125,0.07491159439086914,0.4815216064453125,39,4,0.8974358974358975
380,H,0,gnnexplainer,0.9,match_ig_baseline,scientific,-0.13993945717811584,-0.13285979628562927,-0.13888861238956451,-0.11915438622236252,0.020785070955753326,0.013705410063266754,0.019734226167201996,0.007079660892486572,0.0010508447885513306,-0.007079660892486572,-0.0010508447885513306,33,4,0.8787878787878788
380,H,0,integrated_gradients,0.9,match_ig_baseline,scientific,-0.13993945717811584,-0.1425800770521164,-0.14364540576934814,-0.11915438622236252,0.020785070955753326,0.023425690829753876,0.024491019546985626,0.0026406198740005493,0.0037059485912323,0.0026406198740005493,0.0037059485912323,33,4,0.8787878787878788
380,H,1,gnnexplainer,0.9,match_ig_baseline,scientific,-0.13264447450637817,-0.13389039039611816,-0.1223924309015274,-0.1529437154531479,0.020299240946769714,0.019053325057029724,0.030551284551620483,0.0012459158897399902,0.010252043604850769,-0.0012459158897399902,0.010252043604850769,33,4,0.8787878787878788
380,H,1,integrated_gradients,0.9,match_ig_baseline,scientific,-0.13264447450637817,-0.12504690885543823,-0.13514350354671478,-0.1529437154531479,0.020299240946769714,0.027896806597709656,0.017800211906433105,0.007597565650939941,0.002499029040336609,0.007597565650939941,-0.002499029040336609,33,4,0.8787878787878788
380,H,2,gnnexplainer,0.9,match_ig_baseline,scientific,-0.13482002913951874,-0.10281282663345337,-0.15318304300308228,-0.11749634146690369,0.01732368767261505,0.014683514833450317,0.03568670153617859,0.03200720250606537,0.018363013863563538,-0.002640172839164734,0.018363013863563538,33,4,0.8787878787878788
380,H,2,integrated_gradients,0.9,match_ig_baseline,scientific,-0.13482002913951874,-0.1452074944972992,-0.13227128982543945,-0.11749634146690369,0.01732368767261505,0.027711153030395508,0.014774948358535767,0.010387465357780457,0.0025487393140792847,0.010387465357780457,-0.0025487393140792847,33,4,0.8787878787878788
380,H,3,gnnexplainer,0.9,match_ig_baseline,scientific,-0.1763220578432083,-0.16844144463539124,-0.13807162642478943,-0.2253120243549347,0.04898996651172638,0.05687057971954346,0.08724039793014526,0.007880613207817078,0.038250431418418884,0.007880613207817078,0.038250431418418884,33,4,0.8787878787878788
380,H,3,integrated_gradients,0.9,match_ig_baseline,scientific,-0.1763220578432083,-0.14251722395420074,-0.17822828888893127,-0.2253120243549347,0.04898996651172638,0.08279480040073395,0.04708373546600342,0.03380483388900757,0.0019062310457229614,0.03380483388900757,-0.0019062310457229614,33,4,0.8787878787878788
380,H,4,gnnexplainer,0.9,match_ig_baseline,scientific,-0.17767122387886047,-0.17247691750526428,-0.19462144374847412,-0.19009250402450562,0.012421280145645142,0.017615586519241333,0.004528939723968506,0.005194306373596191,0.016950219869613647,0.005194306373596191,-0.007892340421676636,33,4,0.8787878787878788
380,H,4,integrated_gradients,0.9,match_ig_baseline,scientific,-0.17767122387886047,-0.14474546909332275,-0.17746227979660034,-0.19009250402450562,0.012421280145645142,0.04534703493118286,0.012630224227905273,0.03292575478553772,0.00020894408226013184,0.03292575478553772,0.00020894408226013184,33,4,0.8787878787878788
380,H,5,gnnexplainer,0.9,match_ig_baseline,scientific,-0.019281115382909775,-0.03129373490810394,-0.024755176156759262,0.054915860295295715,0.07419697567820549,0.08620959520339966,0.07967103645205498,0.012012619525194168,0.005474060773849487,0.012012619525194168,0.005474060773849487,33,4,0.8787878787878788
380,H,5,integrated_gradients,0.9,match_ig_baseline,scientific,-0.019281115382909775,-0.04535790905356407,-0.02255719155073166,0.054915860295295715,0.07419697567820549,0.10027376934885979,0.07747305184602737,0.026076793670654297,0.003276076167821884,0.026076793670654297,0.003276076167821884,33,4,0.8787878787878788
380,H,6,gnnexplainer,0.9,match_ig_baseline,scientific,-0.02779546007514,-0.05049876868724823,-0.03336971253156662,-0.026584316045045853,0.0012111440300941467,0.023914452642202377,0.006785396486520767,0.02270330861210823,0.0055742524564266205,0.02270330861210823,0.0055742524564266205,33,4,0.8787878787878788
380,H,6,integrated_gradients,0.9,match_ig_baseline,scientific,-0.02779546007514,-0.05122258514165878,-0.03426440432667732,-0.026584316045045853,0.0012111440300941467,0.02463826909661293,0.00768008828163147,0.023427125066518784,0.006468944251537323,0.023427125066518784,0.006468944251537323,33,4,0.8787878787878788
380,H,7,gnnexplainer,0.9,match_ig_baseline,scientific,-0.025298241525888443,-0.01998378336429596,-0.04561171680688858,-0.0037771498318761587,0.021521091694012284,0.0162066335324198,0.04183456697501242,0.0053144581615924835,0.020313475281000137,-0.0053144581615924835,0.020313475281000137,33,4,0.8787878787878788
380,H,7,integrated_gradients,0.9,match_ig_baseline,scientific,-0.025298241525888443,-0.049681656062603,-0.033181123435497284,-0.0037771498318761587,0.021521091694012284,0.04590450623072684,0.029403973603621125,0.024383414536714554,0.007882881909608841,0.024383414536714554,0.007882881909608841,33,4,0.8787878787878788
380,C,0,gnnexplainer,0.9,match_ig_baseline,scientific,-0.011481314897537231,-0.5108547806739807,-0.5893325209617615,0.17328409850597382,0.18476541340351105,0.6841388791799545,0.7626166194677353,0.4993734657764435,0.5778512060642242,0.4993734657764435,0.5778512060642242,39,4,0.8974358974358975
380,C,0,integrated_gradients,0.9,match_ig_baseline,scientific,-0.011481314897537231,-1.9542025327682495,0.03688962757587433,0.17328409850597382,0.18476541340351105,2.1274866312742233,0.1363944709300995,1.9427212178707123,0.04837094247341156,1.9427212178707123,-0.04837094247341156,39,4,0.8974358974358975
380,C,1,gnnexplainer,0.9,match_ig_baseline,scientific,-2.963667631149292,-4.830062389373779,-4.182240962982178,-2.9316675662994385,0.032000064849853516,1.8983948230743408,1.2505733966827393,1.8663947582244873,1.2185733318328857,1.8663947582244873,1.2185733318328857,39,4,0.8974358974358975
380,C,1,integrated_gradients,0.9,match_ig_baseline,scientific,-2.963667631149292,-4.677171230316162,-3.229379892349243,-2.9316675662994385,0.032000064849853516,1.7455036640167236,0.2977123260498047,1.7135035991668701,0.26571226119995117,1.7135035991668701,0.26571226119995117,39,4,0.8974358974358975
380,C,2,gnnexplainer,0.9,match_ig_baseline,scientific,-15.949727058410645,-9.643081665039062,-11.073906898498535,-16.425132751464844,0.4754056930541992,6.782051086425781,5.351225852966309,6.306645393371582,4.875820159912109,6.306645393371582,4.875820159912109,39,4,0.8974358974358975
380,C,2,integrated_gradients,0.9,match_ig_baseline,scientific,-15.949727058410645,-5.525729656219482,-17.027297973632812,-16.425132751464844,0.4754056930541992,10.899403095245361,0.6021652221679688,10.423997402191162,1.077570915222168,10.423997402191162,0.12675952911376953,39,4,0.8974358974358975
380,C,3,gnnexplainer,0.9,match_ig_baseline,scientific,-1.695212483406067,-3.053600311279297,-2.0742132663726807,-1.3898565769195557,0.30535590648651123,1.6637437343597412,0.684356689453125,1.35838782787323,0.37900078296661377,1.35838782787323,0.37900078296661377,39,4,0.8974358974358975
380,C,3,integrated_gradients,0.9,match_ig_baseline,scientific,-1.695212483406067,-3.1996865272521973,-1.70498788356781,-1.3898565769195557,0.30535590648651123,1.8098299503326416,0.3151313066482544,1.5044740438461304,0.009775400161743164,1.5044740438461304,0.009775400161743164,39,4,0.8974358974358975
390,H,0,gnnexplainer,0.9,match_ig_baseline,scientific,-0.03780381754040718,-0.05003965646028519,-0.04482799023389816,-0.057084448635578156,0.019280631095170975,0.007044792175292969,0.012256458401679993,0.012235838919878006,0.007024172693490982,-0.012235838919878006,-0.007024172693490982,33,4,0.8787878787878788
390,H,0,integrated_gradients,0.9,match_ig_baseline,scientific,-0.03780381754040718,-0.051593221724033356,-0.048581529408693314,-0.057084448635578156,0.019280631095170975,0.0054912269115448,0.008502919226884842,0.013789404183626175,0.010777711868286133,-0.013789404183626175,-0.010777711868286133,33,4,0.8787878787878788
390,H,1,gnnexplainer,0.9,match_ig_baseline,scientific,-0.02758379653096199,-0.010163139551877975,-0.05294632911682129,0.0038715696427971125,0.0314553661737591,0.014034709194675088,0.0568178987596184,0.017420656979084015,0.0253625325858593,-0.017420656979084015,0.0253625325858593,33,4,0.8787878787878788
390,H,1,integrated_gradients,0.9,match_ig_baseline,scientific,-0.02758379653096199,-0.050280921161174774,-0.026332125067710876,0.0038715696427971125,0.0314553661737591,0.05415249080397189,0.03020369471050799,0.022697124630212784,0.001251671463251114,0.022697124630212784,-0.001251671463251114,33,4,0.8787878787878788
390,H,2,gnnexplainer,0.9,match_ig_baseline,scientific,-0.0059972964227199554,-0.05736784264445305,-0.020640168339014053,0.024161603301763535,0.03015889972448349,0.08152944594621658,0.04480177164077759,0.05137054622173309,0.014642871916294098,0.05137054622173309,0.014642871916294098,33,4,0.8787878787878788
390,H,2,integrated_gradients,0.9,match_ig_baseline,scientific,-0.0059972964227199554,-0.03869487717747688,-0.010943133383989334,0.024161603301763535,0.03015889972448349,0.06285648047924042,0.03510473668575287,0.03269758075475693,0.004945836961269379,0.03269758075475693,0.004945836961269379,33,4,0.8787878787878788
390,H,3,gnnexplainer,0.9,match_ig_baseline,scientific,-0.10396658629179001,-0.11147195845842361,-0.08899977803230286,-0.09493395686149597,0.009032629430294037,0.016538001596927643,0.005934178829193115,0.007505372166633606,0.014966808259487152,0.007505372166633606,-0.0030984506011009216,33,4,0.8787878787878788
390,H,3,integrated_gradients,0.9,match_ig_baseline,scientific,-0.10396658629179001,-0.09400065243244171,-0.1062210276722908,-0.09493395686149597,0.009032629430294037,0.0009333044290542603,0.01128707081079483,0.009965933859348297,0.0022544413805007935,-0.008099325001239777,0.0022544413805007935,33,4,0.8787878787878788
390,H,4,integrated_gradients,0.9,match_ig_baseline,scientific,-0.11056908965110779,-0.06876973807811737,-0.10949121415615082,,,,,0.04179935157299042,0.0010778754949569702,,,33,4,0.8787878787878788
390,H,5,integrated_gradients,0.9,match_ig_baseline,scientific,-0.10335616767406464,-0.055470384657382965,-0.09686283767223358,,,,,0.04788578301668167,0.006493330001831055,,,33,4,0.8787878787878788
390,H,6,integrated_gradients,0.9,match_ig_baseline,scientific,-0.10335616767406464,-0.055470384657382965,-0.09686283767223358,,,,,0.04788578301668167,0.006493330001831055,,,33,4,0.8787878787878788
390,C,0,gnnexplainer,0.9,match_ig_baseline,scientific,-0.03710620105266571,-1.6441746950149536,-0.4727323055267334,-0.4875047206878662,0.4503985196352005,1.1566699743270874,0.014772415161132812,1.607068493962288,0.4356261044740677,0.7062714546918869,-0.4356261044740677,39,4,0.8974358974358975
390,C,0,integrated_gradients,0.9,match_ig_baseline,scientific,-0.03710620105266571,-1.5519477128982544,-0.1413135975599289,-0.4875047206878662,0.4503985196352005,1.0644429922103882,0.3461911231279373,1.5148415118455887,0.10420739650726318,0.6140444725751877,-0.10420739650726318,39,4,0.8974358974358975
390,C,1,gnnexplainer,0.9,match_ig_baseline,scientific,-2.6328485012054443,-3.4087562561035156,-3.2560689449310303,-2.5278682708740234,0.1049802303314209,0.8808879852294922,0.7282006740570068,0.7759077548980713,0.6232204437255859,0.7759077548980713,0.6232204437255859,39,4,0.8974358974358975
390,C,1,integrated_gradients,0.9,match_ig_baseline,scientific,-2.6328485012054443,-3.7124876976013184,-2.8933558464050293,-2.5278682708740234,0.1049802303314209,1.184619426727295,0.36548757553100586,1.079639196395874,0.26050734519958496,1.079639196395874,0.26050734519958496,39,4,0.8974358974358975
390,C,2,gnnexplainer,0.9,match_ig_baseline,scientific,-8.109528541564941,-4.156613826751709,-10.26294231414795,-9.012655258178711,0.9031267166137695,4.856041431427002,1.2502870559692383,3.9529147148132324,2.153413772583008,3.9529147148132324,0.34716033935546875,39,4,0.8974358974358975
390,C,2,integrated_gradients,0.9,match_ig_baseline,scientific,-8.109528541564941,-5.703470230102539,-9.045620918273926,-9.012655258178711,0.9031267166137695,3.309185028076172,0.032965660095214844,2.4060583114624023,0.9360923767089844,2.4060583114624023,-0.8701610565185547,39,4,0.8974358974358975
400,H,0,gnnexplainer,0.9,match_ig_baseline,scientific,-0.10246573388576508,-0.11425893008708954,-0.10530578345060349,-0.09440877288579941,0.008056960999965668,0.01985015720129013,0.010897010564804077,0.011793196201324463,0.0028400495648384094,0.011793196201324463,0.0028400495648384094,33,4,0.8787878787878788
400,H,0,integrated_gradients,0.9,match_ig_baseline,scientific,-0.10246573388576508,-0.09880408644676208,-0.09758666157722473,-0.09440877288579941,0.008056960999965668,0.004395313560962677,0.0031778886914253235,0.0036616474390029907,0.004879072308540344,-0.0036616474390029907,-0.004879072308540344,33,4,0.8787878787878788
400,H,1,gnnexplainer,0.9,match_ig_baseline,scientific,-0.07642756402492523,-0.0823134332895279,-0.09291357547044754,-0.0521015040576458,0.024326059967279434,0.030211929231882095,0.04081207141280174,0.005885869264602661,0.01648601144552231,0.005885869264602661,0.01648601144552231,33,4,0.8787878787878788
400,H,1,integrated_gradients,0.9,match_ig_baseline,scientific,-0.07642756402492523,-0.11375954002141953,-0.07866372168064117,-0.0521015040576458,0.024326059967279434,0.06165803596377373,0.026562217622995377,0.03733197599649429,0.0022361576557159424,0.03733197599649429,0.0022361576557159424,33,4,0.8787878787878788
400,H,2,gnnexplainer,0.9,match_ig_baseline,scientific,-0.10249046236276627,-0.10474178940057755,-0.09755563735961914,-0.09440882503986359,0.00808163732290268,0.010332964360713959,0.003146812319755554,0.0022513270378112793,0.004934825003147125,0.0022513270378112793,-0.004934825003147125,33,4,0.8787878787878788
400,H,2,integrated_gradients,0.9,match_ig_baseline,scientific,-0.10249046236276627,-0.09882612526416779,-0.09758474677801132,-0.09440882503986359,0.00808163732290268,0.004417300224304199,0.0031759217381477356,0.0036643370985984802,0.004905715584754944,-0.0036643370985984802,-0.004905715584754944,33,4,0.8787878787878788
400,H,3,gnnexplainer,0.9,match_ig_baseline,scientific,-0.07642314583063126,-0.08948435634374619,-0.09414021670818329,-0.0521015040576458,0.02432164177298546,0.03738285228610039,0.04203871265053749,0.01306121051311493,0.017717070877552032,0.01306121051311493,0.017717070877552032,33,4,0.8787878787878788
400,H,3,integrated_gradients,0.9,match_ig_baseline,scientific,-0.07642314583063126,-0.11376930773258209,-0.0786595344543457,-0.0521015040576458,0.02432164177298546,0.061667803674936295,0.026558030396699905,0.037346161901950836,0.002236388623714447,0.037346161901950836,0.002236388623714447,33,4,0.8787878787878788
400,H,4,gnnexplainer,0.9,match_ig_baseline,scientific,-0.1314217746257782,-0.11966752260923386,-0.17108821868896484,-0.11559242010116577,0.015829354524612427,0.004075102508068085,0.05549579858779907,0.011754252016544342,0.039666444063186646,-0.011754252016544342,0.039666444063186646,33,4,0.8787878787878788
400,H,4,integrated_gradients,0.9,match_ig_baseline,scientific,-0.1314217746257782,-0.12646901607513428,-0.1321531981229782,-0.11559242010116577,0.015829354524612427,0.010876595973968506,0.01656077802181244,0.004952758550643921,0.0007314234972000122,-0.004952758550643921,0.0007314234972000122,33,4,0.8787878787878788
400,H,5,gnnexplainer,0.9,match_ig_baseline,scientific,-0.1402265429496765,-0.10302187502384186,-0.12615633010864258,-0.1680401861667633,0.027813643217086792,0.06501831114292145,0.04188385605812073,0.037204667925834656,0.014070212841033936,0.037204667925834656,0.014070212841033936,33,4,0.8787878787878788
400,H,5,integrated_gradients,0.9,match_ig_baseline,scientific,-0.1402265429496765,-0.13126498460769653,-0.14069095253944397,-0.1680401861667633,0.027813643217086792,0.03677520155906677,0.027349233627319336,0.00896155834197998,0.00046440958976745605,0.00896155834197998,-0.00046440958976745605,33,4,0.8787878787878788
400,H,6,gnnexplainer,0.9,match_ig_baseline,scientific,-0.14020320773124695,-0.15056884288787842,-0.12848325073719025,-0.1700841337442398,0.02988092601299286,0.01951529085636139,0.04160088300704956,0.01036563515663147,0.011719956994056702,-0.01036563515663147,0.011719956994056702,33,4,0.8787878787878788
400,H,6,integrated_gradients,0.9,match_ig_baseline,scientific,-0.14020320773124695,-0.13125762343406677,-0.14064836502075195,-0.1700841337442398,0.02988092601299286,0.038826510310173035,0.029435768723487854,0.008945584297180176,0.0004451572895050049,0.008945584297180176,-0.0004451572895050049,33,4,0.8787878787878788
400,H,7,gnnexplainer,0.9,match_ig_baseline,scientific,-0.13137146830558777,-0.14456935226917267,-0.10038238763809204,-0.1165924146771431,0.014779053628444672,0.02797693759202957,0.016210027039051056,0.0131978839635849,0.030989080667495728,0.0131978839635849,0.0014309734106063843,33,4,0.8787878787878788
400,H,7,integrated_gradients,0.9,match_ig_baseline,scientific,-0.13137146830558777,-0.12640294432640076,-0.13210263848304749,-0.1165924146771431,0.014779053628444672,0.00981052964925766,0.015510223805904388,0.004968523979187012,0.0007311701774597168,-0.004968523979187012,0.0007311701774597168,33,4,0.8787878787878788
400,C,0,gnnexplainer,0.9,match_ig_baseline,scientific,-1.4263479709625244,-2.563011646270752,-2.768974542617798,-1.3942843675613403,0.03206360340118408,1.1687272787094116,1.3746901750564575,1.1366636753082275,1.3426265716552734,1.1366636753082275,1.3426265716552734,39,4,0.8974358974358975
400,C,0,integrated_gradients,0.9,match_ig_baseline,scientific,-1.4263479709625244,-3.863888740539551,-1.4976799488067627,-1.3942843675613403,0.03206360340118408,2.4696043729782104,0.10339558124542236,2.4375407695770264,0.07133197784423828,2.4375407695770264,0.07133197784423828,39,4,0.8974358974358975
400,C,1,gnnexplainer,0.9,match_ig_baseline,scientific,-1.4266356229782104,-2.863583564758301,-2.254732131958008,-1.4002841711044312,0.026351451873779297,1.4632993936538696,0.8544479608535767,1.4369479417800903,0.8280965089797974,1.4369479417800903,0.8280965089797974,39,4,0.8974358974358975
400,C,1,integrated_gradients,0.9,match_ig_baseline,scientific,-1.4266356229782104,-3.8632495403289795,-1.4976288080215454,-1.4002841711044312,0.026351451873779297,2.4629653692245483,0.09734463691711426,2.436613917350769,0.07099318504333496,2.436613917350769,0.07099318504333496,39,4,0.8974358974358975
400,C,2,gnnexplainer,0.9,match_ig_baseline,scientific,-2.614194869995117,-4.1321940422058105,-3.2627885341644287,-3.0759077072143555,0.4617128372192383,1.056286334991455,0.18688082695007324,1.5179991722106934,0.6485936641693115,0.5945734977722168,-0.27483201026916504,39,4,0.8974358974358975
400,C,2,integrated_gradients,0.9,match_ig_baseline,scientific,-2.614194869995117,-3.9190077781677246,-2.562415599822998,-3.0759077072143555,0.4617128372192383,0.8431000709533691,0.5134921073913574,1.3048129081726074,0.05177927017211914,0.38138723373413086,0.05177927017211914,39,4,0.8974358974358975
400,C,3,gnnexplainer,0.9,match_ig_baseline,scientific,-15.79722785949707,-15.080033302307129,-6.32605504989624,-16.819684982299805,1.0224571228027344,1.7396516799926758,10.493629932403564,0.7171945571899414,9.47117280960083,0.7171945571899414,9.47117280960083,39,4,0.8974358974358975
400,C,3,integrated_gradients,0.9,match_ig_baseline,scientific,-15.79722785949707,-6.107950210571289,-14.150389671325684,-16.819684982299805,1.0224571228027344,10.711734771728516,2.669295310974121,9.689277648925781,1.6468381881713867,9.689277648925781,1.6468381881713867,39,4,0.8974358974358975
400,C,4,gnnexplainer,0.9,match_ig_baseline,scientific,-2.6150918006896973,-4.3483781814575195,-3.0693204402923584,-3.0838639736175537,0.46877217292785645,1.2645142078399658,0.014543533325195312,1.7332863807678223,0.45422863960266113,0.7957420349121094,-0.45422863960266113,39,4,0.8974358974358975
400,C,4,integrated_gradients,0.9,match_ig_baseline,scientific,-2.6150918006896973,-3.920342206954956,-2.5627613067626953,-3.0838639736175537,0.46877217292785645,0.8364782333374023,0.5211026668548584,1.3052504062652588,0.05233049392700195,0.3677060604095459,0.05233049392700195,39,4,0.8974358974358975
410,H,0,gnnexplainer,0.9,match_ig_baseline,scientific,-0.06788772344589233,-0.07168672978878021,-0.06981034576892853,-0.06429516524076462,0.003592558205127716,0.0073915645480155945,0.00551518052816391,0.0037990063428878784,0.0019226223230361938,0.0037990063428878784,0.0019226223230361938,33,4,0.8787878787878788
410,H,0,integrated_gradients,0.9,match_ig_baseline,scientific,-0.06788772344589233,-0.08757461607456207,-0.06350044906139374,-0.06429516524076462,0.003592558205127716,0.023279450833797455,0.0007947161793708801,0.01968689262866974,0.004387274384498596,0.01968689262866974,-0.002797842025756836,33,4,0.8787878787878788
410,H,1,gnnexplainer,0.9,match_ig_baseline,scientific,-0.06581828743219376,-0.08859266340732574,-0.07848604023456573,-0.07624254375696182,0.010424256324768066,0.012350119650363922,0.0022434964776039124,0.02277437597513199,0.012667752802371979,0.0019258633255958557,-0.008180759847164154,33,4,0.8787878787878788
410,H,1,integrated_gradients,0.9,match_ig_baseline,scientific,-0.06581828743219376,-0.08707816153764725,-0.061026740819215775,-0.07624254375696182,0.010424256324768066,0.010835617780685425,0.015215802937746048,0.02125987410545349,0.004791546612977982,0.0004113614559173584,0.004791546612977982,33,4,0.8787878787878788
410,H,2,gnnexplainer,0.9,match_ig_baseline,scientific,-0.08466397970914841,-0.07286879420280457,-0.06434639543294907,-0.12143554538488388,0.036771565675735474,0.048566751182079315,0.057089149951934814,0.011795185506343842,0.02031758427619934,0.011795185506343842,0.02031758427619934,33,4,0.8787878787878788
410,H,2,integrated_gradients,0.9,match_ig_baseline,scientific,-0.08466397970914841,-0.0912814736366272,-0.07525333762168884,-0.12143554538488388,0.036771565675735474,0.030154071748256683,0.04618220776319504,0.00661749392747879,0.009410642087459564,-0.00661749392747879,0.009410642087459564,33,4,0.8787878787878788
410,H,3,gnnexplainer,0.9,match_ig_baseline,scientific,-0.035918645560741425,-0.04732764512300491,-0.09474603086709976,-0.011128109879791737,0.024790535680949688,0.03619953524321318,0.08361792098730803,0.011408999562263489,0.05882738530635834,0.011408999562263489,0.05882738530635834,33,4,0.8787878787878788
410,H,3,integrated_gradients,0.9,match_ig_baseline,scientific,-0.035918645560741425,-0.0841541588306427,-0.04091409221291542,-0.011128109879791737,0.024790535680949688,0.07302604895085096,0.029785982333123684,0.048235513269901276,0.004995446652173996,0.048235513269901276,0.004995446652173996,33,4,0.8787878787878788
410,H,4,gnnexplainer,0.9,match_ig_baseline,scientific,-0.06789251416921616,-0.06806037575006485,-0.07566158473491669,-0.06429516524076462,0.003597348928451538,0.003765210509300232,0.011366419494152069,0.00016786158084869385,0.007769070565700531,0.00016786158084869385,0.007769070565700531,33,4,0.8787878787878788
410,H,4,integrated_gradients,0.9,match_ig_baseline,scientific,-0.06789251416921616,-0.08756773918867111,-0.06349612027406693,-0.06429516524076462,0.003597348928451538,0.023272573947906494,0.0007990449666976929,0.019675225019454956,0.004396393895149231,0.019675225019454956,-0.002798303961753845,33,4,0.8787878787878788
410,H,5,gnnexplainer,0.9,match_ig_baseline,scientific,-0.0658133253455162,-0.1031535416841507,-0.07520642131567001,-0.07724254578351974,0.01142922043800354,0.02591099590063095,0.0020361244678497314,0.03734021633863449,0.009393095970153809,0.014481775462627411,-0.009393095970153809,33,4,0.8787878787878788
410,H,5,integrated_gradients,0.9,match_ig_baseline,scientific,-0.0658133253455162,-0.0870741605758667,-0.06102257966995239,-0.07724254578351974,0.01142922043800354,0.009831614792346954,0.016219966113567352,0.021260835230350494,0.004790745675563812,-0.0015976056456565857,0.004790745675563812,33,4,0.8787878787878788
410,H,6,gnnexplainer,0.9,match_ig_baseline,scientific,-0.0054015591740608215,-0.04016917198896408,-0.030758827924728394,-0.009750496596097946,0.004348937422037125,0.030418675392866135,0.021008331328630447,0.03476761281490326,0.025357268750667572,0.02606973797082901,0.016659393906593323,33,4,0.8787878787878788
410,H,6,integrated_gradients,0.9,match_ig_baseline,scientific,-0.0054015591740608215,-0.005717288702726364,-0.004321422427892685,-0.009750496596097946,0.004348937422037125,0.004033207893371582,0.005429074168205261,0.0003157295286655426,0.0010801367461681366,-0.0003157295286655426,0.0010801367461681366,33,4,0.8787878787878788
410,H,7,gnnexplainer,0.9,match_ig_baseline,scientific,-0.005390949547290802,-0.014846090227365494,-0.04935973137617111,-0.008706634864211082,0.0033156853169202805,0.006139455363154411,0.04065309651196003,0.009455140680074692,0.04396878182888031,0.002823770046234131,0.03733741119503975,33,4,0.8787878787878788
410,H,7,integrated_gradients,0.9,match_ig_baseline,scientific,-0.005390949547290802,-0.005708802491426468,-0.004315070807933807,-0.008706634864211082,0.0033156853169202805,0.0029978323727846146,0.004391564056277275,0.0003178529441356659,0.0010758787393569946,-0.0003178529441356659,0.0010758787393569946,33,4,0.8787878787878788
410,C,0,gnnexplainer,0.9,match_ig_baseline,scientific,-3.6658596992492676,-5.361799716949463,-3.1523540019989014,-3.6321778297424316,0.03368186950683594,1.7296218872070312,0.4798238277435303,1.6959400177001953,0.5135056972503662,1.6959400177001953,0.44614195823669434,39,4,0.8974358974358975
410,C,0,integrated_gradients,0.9,match_ig_baseline,scientific,-3.6658596992492676,-4.103165626525879,-3.827700614929199,-3.6321778297424316,0.03368186950683594,0.47098779678344727,0.19552278518676758,0.43730592727661133,0.16184091567993164,0.43730592727661133,0.16184091567993164,39,4,0.8974358974358975
410,C,1,gnnexplainer,0.9,match_ig_baseline,scientific,-3.665705680847168,-3.2194690704345703,-4.361164569854736,-3.6361777782440186,0.029527902603149414,0.41670870780944824,0.7249867916107178,0.44623661041259766,0.6954588890075684,0.38718080520629883,0.6954588890075684,39,4,0.8974358974358975
410,C,1,integrated_gradients,0.9,match_ig_baseline,scientific,-3.665705680847168,-4.10346794128418,-3.827451705932617,-3.6361777782440186,0.029527902603149414,0.46729016304016113,0.19127392768859863,0.4377622604370117,0.16174602508544922,0.4377622604370117,0.16174602508544922,39,4,0.8974358974358975
410,C,2,gnnexplainer,0.9,match_ig_baseline,scientific,-1.215968132019043,-2.0472371578216553,-1.7468597888946533,-1.389151692390442,0.17318356037139893,0.6580854654312134,0.3577080965042114,0.8312690258026123,0.5308916568756104,0.48490190505981445,0.1845245361328125,39,4,0.8974358974358975
410,C,2,integrated_gradients,0.9,match_ig_baseline,scientific,-1.215968132019043,-3.297351837158203,-1.2596912384033203,-1.389151692390442,0.17318356037139893,1.9082001447677612,0.12946045398712158,2.08138370513916,0.043723106384277344,1.7350165843963623,-0.043723106384277344,39,4,0.8974358974358975
410,C,3,gnnexplainer,0.9,match_ig_baseline,scientific,-1.2410415410995483,-1.9832936525344849,-1.4461027383804321,-1.23424232006073,0.006799221038818359,0.7490513324737549,0.21186041831970215,0.7422521114349365,0.2050611972808838,0.7422521114349365,0.2050611972808838,39,4,0.8974358974358975
410,C,3,integrated_gradients,0.9,match_ig_baseline,scientific,-1.2410415410995483,-2.709591865539551,-1.1313869953155518,-1.23424232006073,0.006799221038818359,1.4753495454788208,0.10285532474517822,1.4685503244400024,0.10965454578399658,1.4685503244400024,0.09605610370635986,39,4,0.8974358974358975
410,C,4,gnnexplainer,0.9,match_ig_baseline,scientific,-1.2161126136779785,-2.8128607273101807,-1.372623085975647,-1.3961957693099976,0.18008315563201904,1.416664958000183,0.023572683334350586,1.5967481136322021,0.15651047229766846,1.236581802368164,-0.15651047229766846,39,4,0.8974358974358975
410,C,4,integrated_gradients,0.9,match_ig_baseline,scientific,-1.2161126136779785,-3.298224687576294,-1.2597553730010986,-1.3961957693099976,0.18008315563201904,1.9020289182662964,0.13644039630889893,2.0821120738983154,0.04364275932312012,1.7219457626342773,-0.04364275932312012,39,4,0.8974358974358975
420,H,0,gnnexplainer,0.9,match_ig_baseline,scientific,-0.11554992198944092,-0.1271776705980301,-0.10733889043331146,-0.10301388800144196,0.012536033987998962,0.024163782596588135,0.004325002431869507,0.011627748608589172,0.008211031556129456,0.011627748608589172,-0.008211031556129456,33,4,0.8787878787878788
420,H,0,integrated_gradients,0.9,match_ig_baseline,scientific,-0.11554992198944092,-0.11083212494850159,-0.11966884136199951,-0.10301388800144196,0.012536033987998962,0.007818236947059631,0.016654953360557556,0.004717797040939331,0.004118919372558594,-0.004717797040939331,0.004118919372558594,33,4,0.8787878787878788
420,H,1,gnnexplainer,0.9,match_ig_baseline,scientific,-0.1274656355381012,-0.11233814060688019,-0.09917320311069489,-0.12237372994422913,0.00509190559387207,0.010035589337348938,0.02320052683353424,0.015127494931221008,0.02829243242740631,0.004943683743476868,0.01810862123966217,33,4,0.8787878787878788
420,H,1,integrated_gradients,0.9,match_ig_baseline,scientific,-0.1274656355381012,-0.11742760241031647,-0.13162663578987122,-0.12237372994422913,0.00509190559387207,0.004946127533912659,0.00925290584564209,0.010038033127784729,0.0041610002517700195,-0.00014577805995941162,0.0041610002517700195,33,4,0.8787878787878788
420,H,2,gnnexplainer,0.9,match_ig_baseline,scientific,-0.12995630502700806,-0.13693052530288696,-0.12479415535926819,-0.13875049352645874,0.008794188499450684,0.0018199682235717773,0.013956338167190552,0.006974220275878906,0.005162149667739868,-0.006974220275878906,0.005162149667739868,33,4,0.8787878787878788
420,H,2,integrated_gradients,0.9,match_ig_baseline,scientific,-0.12995630502700806,-0.12270414084196091,-0.13371247053146362,-0.13875049352645874,0.008794188499450684,0.016046352684497833,0.005038022994995117,0.00725216418504715,0.0037561655044555664,0.00725216418504715,-0.0037561655044555664,33,4,0.8787878787878788
420,H,3,gnnexplainer,0.9,match_ig_baseline,scientific,-0.12045943737030029,-0.1342869997024536,-0.08999665081501007,-0.1417776346206665,0.02131819725036621,0.007490634918212891,0.05178098380565643,0.01382756233215332,0.030462786555290222,-0.01382756233215332,0.030462786555290222,33,4,0.8787878787878788
420,H,3,integrated_gradients,0.9,match_ig_baseline,scientific,-0.12045943737030029,-0.11487431824207306,-0.11778108775615692,-0.1417776346206665,0.02131819725036621,0.026903316378593445,0.023996546864509583,0.005585119128227234,0.0026783496141433716,0.005585119128227234,0.0026783496141433716,33,4,0.8787878787878788
420,H,4,gnnexplainer,0.9,match_ig_baseline,scientific,-0.12049415707588196,-0.1071302518248558,-0.12032607942819595,-0.1253821849822998,0.004888027906417847,0.018251933157444,0.005056105554103851,0.013363905251026154,0.00016807764768600464,0.013363905251026154,0.00016807764768600464,33,4,0.8787878787878788
420,H,4,integrated_gradients,0.9,match_ig_baseline,scientific,-0.12049415707588196,-0.10957100987434387,-0.12069578468799591,-0.1253821849822998,0.004888027906417847,0.015811175107955933,0.004686400294303894,0.010923147201538086,0.00020162761211395264,0.010923147201538086,-0.00020162761211395264,33,4,0.8787878787878788
420,H,5,integrated_gradients,0.9,match_ig_baseline,scientific,-0.1105690747499466,-0.06876973807811737,-0.10949121415615082,,,,,0.041799336671829224,0.0010778605937957764,,,33,4,0.8787878787878788
420,H,6,integrated_gradients,0.9,match_ig_baseline,scientific,-0.1105690747499466,-0.06876973807811737,-0.10949121415615082,,,,,0.041799336671829224,0.0010778605937957764,,,33,4,0.8787878787878788
420,H,7,integrated_gradients,0.9,match_ig_baseline,scientific,-0.1105690747499466,-0.06876973807811737,-0.10949121415615082,,,,,0.041799336671829224,0.0010778605937957764,,,33,4,0.8787878787878788
420,C,0,gnnexplainer,0.9,match_ig_baseline,scientific,-3.2180049419403076,-3.9544825553894043,-2.795228958129883,-3.2470529079437256,0.02904796600341797,0.7074296474456787,0.4518239498138428,0.7364776134490967,0.4227759838104248,0.6783816814422607,0.4227759838104248,39,4,0.8974358974358975
420,C,0,integrated_gradients,0.9,match_ig_baseline,scientific,-3.2180049419403076,-3.6655638217926025,-3.162849187850952,-3.2470529079437256,0.02904796600341797,0.41851091384887695,0.08420372009277344,0.4475588798522949,0.05515575408935547,0.389462947845459,0.05515575408935547,39,4,0.8974358974358975
420,C,1,gnnexplainer,0.9,match_ig_baseline,scientific,-3.06760573387146,-3.652092218399048,-2.9141650199890137,-2.733438730239868,0.3341670036315918,0.9186534881591797,0.1807262897491455,0.5844864845275879,0.1534407138824463,0.5844864845275879,-0.1534407138824463,39,4,0.8974358974358975
420,C,1,integrated_gradients,0.9,match_ig_baseline,scientific,-3.06760573387146,-3.763399362564087,-2.945030450820923,-2.733438730239868,0.3341670036315918,1.0299606323242188,0.2115917205810547,0.695793628692627,0.12257528305053711,0.695793628692627,-0.12257528305053711,39,4,0.8974358974358975
420,C,2,gnnexplainer,0.9,match_ig_baseline,scientific,-3.273740291595459,-4.2289204597473145,-2.712888240814209,-3.265650510787964,0.008089780807495117,0.9632699489593506,0.5527622699737549,0.9551801681518555,0.56085205078125,0.9551801681518555,0.5446724891662598,39,4,0.8974358974358975
420,C,2,integrated_gradients,0.9,match_ig_baseline,scientific,-3.273740291595459,-3.752678155899048,-2.996899366378784,-3.265650510787964,0.008089780807495117,0.487027645111084,0.2687511444091797,0.47893786430358887,0.2768409252166748,0.47893786430358887,0.26066136360168457,39,4,0.8974358974358975
430,H,0,gnnexplainer,0.9,match_ig_baseline,scientific,-0.035303592681884766,-0.02511262148618698,-0.02727176994085312,-0.028109626844525337,0.007193965837359428,0.002997005358338356,0.0008378569036722183,0.010190971195697784,0.008031822741031647,-0.004196960479021072,-0.00635610893368721,33,4,0.8787878787878788
430,H,0,integrated_gradients,0.9,match_ig_baseline,scientific,-0.035303592681884766,-0.030367176979780197,-0.039262183010578156,-0.028109626844525337,0.007193965837359428,0.00225755013525486,0.011152556166052818,0.0049364157021045685,0.00395859032869339,-0.0049364157021045685,0.00395859032869339,33,4,0.8787878787878788
430,H,1,gnnexplainer,0.9,match_ig_baseline,scientific,-0.03156699240207672,-0.03933577239513397,-0.0150078684091568,-0.046241145581007004,0.014674153178930283,0.006905373185873032,0.031233277171850204,0.007768779993057251,0.016559123992919922,-0.007768779993057251,0.016559123992919922,33,4,0.8787878787878788
430,H,1,integrated_gradients,0.9,match_ig_baseline,scientific,-0.03156699240207672,-0.03130238130688667,-0.0375545471906662,-0.046241145581007004,0.014674153178930283,0.01493876427412033,0.008686598390340805,0.0002646110951900482,0.0059875547885894775,0.0002646110951900482,-0.0059875547885894775,33,4,0.8787878787878788
430,H,2,gnnexplainer,0.9,match_ig_baseline,scientific,-0.09449046850204468,-0.08836149424314499,-0.09295959770679474,-0.08611804246902466,0.00837242603302002,0.002243451774120331,0.006841555237770081,0.006128974258899689,0.001530870795249939,-0.006128974258899689,-0.001530870795249939,33,4,0.8787878787878788
430,H,2,integrated_gradients,0.9,match_ig_baseline,scientific,-0.09449046850204468,-0.0834929496049881,-0.10126236081123352,-0.08611804246902466,0.00837242603302002,0.00262509286403656,0.015144318342208862,0.01099751889705658,0.006771892309188843,-0.0057473331689834595,0.006771892309188843,33,4,0.8787878787878788
430,H,3,integrated_gradients,0.9,match_ig_baseline,scientific,-0.10335616767406464,-0.05547037720680237,-0.09686283022165298,,,,,0.04788579046726227,0.006493337452411652,,,33,4,0.8787878787878788
430,H,4,gnnexplainer,0.9,match_ig_baseline,scientific,-0.37773847579956055,-0.41120046377182007,-0.3468717336654663,-0.3608199656009674,0.01691851019859314,0.05038049817085266,0.013948231935501099,0.03346198797225952,0.03086674213409424,0.03346198797225952,-0.002970278263092041,33,4,0.8787878787878788
430,H,4,integrated_gradients,0.9,match_ig_baseline,scientific,-0.37773847579956055,-0.29642561078071594,-0.37831252813339233,-0.3608199656009674,0.01691851019859314,0.06439435482025146,0.017492562532424927,0.0813128650188446,0.0005740523338317871,0.047475844621658325,0.0005740523338317871,33,4,0.8787878787878788
430,H,5,gnnexplainer,0.9,match_ig_baseline,scientific,-0.38157323002815247,-0.33644241094589233,-0.3627883493900299,-0.3773472011089325,0.004226028919219971,0.04090479016304016,0.014558851718902588,0.04513081908226013,0.01878488063812256,0.03667876124382019,0.010332822799682617,33,4,0.8787878787878788
430,H,5,integrated_gradients,0.9,match_ig_baseline,scientific,-0.38157323002815247,-0.2725413739681244,-0.3745798170566559,-0.3773472011089325,0.004226028919219971,0.1048058271408081,0.0027673840522766113,0.10903185606002808,0.006993412971496582,0.10057979822158813,-0.0014586448669433594,33,4,0.8787878787878788
430,H,6,gnnexplainer,0.9,match_ig_baseline,scientific,-0.36146605014801025,-0.3410205543041229,-0.3526718020439148,-0.38455814123153687,0.02309209108352661,0.04353758692741394,0.03188633918762207,0.02044549584388733,0.008794248104095459,0.02044549584388733,0.008794248104095459,33,4,0.8787878787878788
430,H,6,integrated_gradients,0.9,match_ig_baseline,scientific,-0.36146605014801025,-0.2751378118991852,-0.3711099326610565,-0.38455814123153687,0.02309209108352661,0.10942032933235168,0.013448208570480347,0.08632823824882507,0.009643882513046265,0.08632823824882507,-0.009643882513046265,33,4,0.8787878787878788
430,C,0,gnnexplainer,0.9,match_ig_baseline,scientific,-1.6228567361831665,-2.2850935459136963,-1.90211021900177,-1.468566656112671,0.1542900800704956,0.8165268898010254,0.4335435628890991,0.6622368097305298,0.2792534828186035,0.6622368097305298,0.2792534828186035,39,4,0.8974358974358975
430,C,0,integrated_gradients,0.9,match_ig_baseline,scientific,-1.6228567361831665,-2.687934637069702,-1.6984971761703491,-1.468566656112671,0.1542900800704956,1.2193679809570312,0.22993052005767822,1.0650779008865356,0.07564043998718262,1.0650779008865356,0.07564043998718262,39,4,0.8974358974358975
430,C,1,gnnexplainer,0.9,match_ig_baseline,scientific,-5.71925687789917,-3.468304395675659,-5.593923091888428,-6.611371994018555,0.8921151161193848,3.1430675983428955,1.017448902130127,2.2509524822235107,0.1253337860107422,2.2509524822235107,0.1253337860107422,39,4,0.8974358974358975
430,C,1,integrated_gradients,0.9,match_ig_baseline,scientific,-5.71925687789917,-4.679566383361816,-7.049788475036621,-6.611371994018555,0.8921151161193848,1.9318056106567383,0.4384164810180664,1.0396904945373535,1.3305315971374512,1.0396904945373535,-0.45369863510131836,39,4,0.8974358974358975
430,C,2,gnnexplainer,0.9,match_ig_baseline,scientific,-2.514878273010254,-4.571614742279053,-2.941984176635742,-2.538264513015747,0.023386240005493164,2.0333502292633057,0.4037196636199951,2.056736469268799,0.4271059036254883,2.0099639892578125,0.38033342361450195,39,4,0.8974358974358975
430,C,2,integrated_gradients,0.9,match_ig_baseline,scientific,-2.514878273010254,-4.07442569732666,-2.699232578277588,-2.538264513015747,0.023386240005493164,1.536161184310913,0.16096806526184082,1.5595474243164062,0.18435430526733398,1.51277494430542,0.13758182525634766,39,4,0.8974358974358975
430,C,3,gnnexplainer,0.9,match_ig_baseline,scientific,-13.054512023925781,-11.357662200927734,-5.6487555503845215,-12.801044464111328,0.2534675598144531,1.4433822631835938,7.152288913726807,1.6968498229980469,7.40575647354126,1.1899147033691406,6.8988213539123535,39,4,0.8974358974358975
430,C,3,integrated_gradients,0.9,match_ig_baseline,scientific,-13.054512023925781,-6.592775821685791,-11.682141304016113,-12.801044464111328,0.2534675598144531,6.208268642425537,1.1189031600952148,6.46173620223999,1.372370719909668,5.954801082611084,0.8654356002807617,39,4,0.8974358974358975
430,C,4,gnnexplainer,0.9,match_ig_baseline,scientific,-12.267698287963867,-10.619224548339844,-5.9548444747924805,-12.072532653808594,0.19516563415527344,1.45330810546875,6.117688179016113,1.6484737396240234,6.312853813171387,1.2581424713134766,5.92252254486084,39,4,0.8974358974358975
430,C,4,integrated_gradients,0.9,match_ig_baseline,scientific,-12.267698287963867,-7.637411117553711,-11.262704849243164,-12.072532653808594,0.19516563415527344,4.435121536254883,0.8098278045654297,4.630287170410156,1.0049934387207031,4.239955902099609,0.6146621704101562,39,4,0.8974358974358975
440,H,0,gnnexplainer,0.9,match_ig_baseline,scientific,-0.173091858625412,-0.18853917717933655,-0.13702553510665894,-0.17105746269226074,0.002034395933151245,0.017481714487075806,0.03403192758560181,0.01544731855392456,0.03606632351875305,0.01544731855392456,0.03199753165245056,33,4,0.8787878787878788
440,H,0,integrated_gradients,0.9,match_ig_baseline,scientific,-0.173091858625412,-0.15356305241584778,-0.1778440773487091,-0.17105746269226074,0.002034395933151245,0.017494410276412964,0.006786614656448364,0.01952880620956421,0.004752218723297119,0.015460014343261719,0.004752218723297119,33,4,0.8787878787878788
440,H,1,gnnexplainer,0.9,match_ig_baseline,scientific,-0.11586949229240417,-0.14421316981315613,-0.05179206281900406,-0.12198732793331146,0.006117835640907288,0.022225841879844666,0.0701952651143074,0.028343677520751953,0.06407742947340012,0.016108006238937378,0.06407742947340012,33,4,0.8787878787878788
440,H,1,integrated_gradients,0.9,match_ig_baseline,scientific,-0.11586949229240417,-0.07322436571121216,-0.10619072616100311,-0.12198732793331146,0.006117835640907288,0.048762962222099304,0.01579660177230835,0.04264512658119202,0.009678766131401062,0.04264512658119202,0.009678766131401062,33,4,0.8787878787878788
440,H,2,gnnexplainer,0.9,match_ig_baseline,scientific,-0.02511736750602722,-0.04124581068754196,-0.06398777663707733,-0.050234172493219376,0.025116804987192154,0.008988361805677414,0.013753604143857956,0.01612844318151474,0.03887040913105011,-0.01612844318151474,-0.011363200843334198,33,4,0.8787878787878788
440,H,2,integrated_gradients,0.9,match_ig_baseline,scientific,-0.02511736750602722,-0.05018440634012222,-0.03404669836163521,-0.050234172493219376,0.025116804987192154,4.976615309715271e-05,0.016187474131584167,0.025067038834095,0.008929330855607986,-0.025067038834095,-0.008929330855607986,33,4,0.8787878787878788
440,H,3,gnnexplainer,0.9,match_ig_baseline,scientific,-0.025093700736761093,-0.02387237548828125,-0.05019652843475342,-0.00895293615758419,0.016140764579176903,0.01491943933069706,0.04124359227716923,0.0012213252484798431,0.025102827697992325,-0.0012213252484798431,0.025102827697992325,33,4,0.8787878787878788
440,H,3,integrated_gradients,0.9,match_ig_baseline,scientific,-0.025093700736761093,-0.05324127525091171,-0.027896814048290253,-0.00895293615758419,0.016140764579176903,0.04428833909332752,0.018943877890706062,0.02814757451415062,0.0028031133115291595,0.02814757451415062,0.0028031133115291595,33,4,0.8787878787878788
440,H,4,gnnexplainer,0.9,match_ig_baseline,scientific,-0.025449000298976898,-0.0533682256937027,-0.03992031514644623,-0.02700575813651085,0.0015567578375339508,0.02636246755719185,0.012914557009935379,0.0279192253947258,0.01447131484746933,0.024805709719657898,0.011357799172401428,33,4,0.8787878787878788
440,H,4,integrated_gradients,0.9,match_ig_baseline,scientific,-0.025449000298976898,-0.05265834927558899,-0.02854171395301819,-0.02700575813651085,0.0015567578375339508,0.02565259113907814,0.0015359558165073395,0.02720934897661209,0.0030927136540412903,0.02409583330154419,-2.0802021026611328e-05,33,4,0.8787878787878788
440,H,5,integrated_gradients,0.9,match_ig_baseline,scientific,-0.11056908220052719,-0.06876973807811737,-0.10949121415615082,,,,,0.04179934412240982,0.0010778680443763733,,,33,4,0.8787878787878788
440,C,0,gnnexplainer,0.9,match_ig_baseline,scientific,-3.238034725189209,-3.5398147106170654,-4.33531379699707,-3.5290541648864746,0.2910194396972656,0.01076054573059082,0.8062596321105957,0.30177998542785645,1.0972790718078613,-0.2802588939666748,0.5152401924133301,39,4,0.8974358974358975
440,C,0,integrated_gradients,0.9,match_ig_baseline,scientific,-3.238034725189209,-4.379886150360107,-3.5339460372924805,-3.5290541648864746,0.2910194396972656,0.8508319854736328,0.004891872406005859,1.1418514251708984,0.2959113121032715,0.5598125457763672,-0.28612756729125977,39,4,0.8974358974358975
440,C,1,gnnexplainer,0.9,match_ig_baseline,scientific,-12.357522964477539,-11.354293823242188,-5.213191509246826,-12.59865665435791,0.2411336898803711,1.2443628311157227,7.385465145111084,1.0032291412353516,7.144331455230713,1.0032291412353516,7.144331455230713,39,4,0.8974358974358975
440,C,1,integrated_gradients,0.9,match_ig_baseline,scientific,-12.357522964477539,-5.939904689788818,-12.018983840942383,-12.59865665435791,0.2411336898803711,6.658751964569092,0.5796728134155273,6.417618274688721,0.33853912353515625,6.417618274688721,0.33853912353515625,39,4,0.8974358974358975
440,C,2,gnnexplainer,0.9,match_ig_baseline,scientific,-5.144594669342041,-4.653966426849365,-4.924017429351807,-5.474212646484375,0.329617977142334,0.8202462196350098,0.5501952171325684,0.4906282424926758,0.22057723999023438,0.4906282424926758,0.22057723999023438,39,4,0.8974358974358975
440,C,2,integrated_gradients,0.9,match_ig_baseline,scientific,-5.144594669342041,-4.069587707519531,-4.506861209869385,-5.474212646484375,0.329617977142334,1.4046249389648438,0.9673514366149902,1.0750069618225098,0.6377334594726562,1.0750069618225098,0.6377334594726562,39,4,0.8974358974358975
440,C,3,gnnexplainer,0.9,match_ig_baseline,scientific,-6.445936679840088,-4.674808979034424,-7.827794075012207,-6.965696334838867,0.5197596549987793,2.2908873558044434,0.8620977401733398,1.771127700805664,1.3818573951721191,1.771127700805664,0.34233808517456055,39,4,0.8974358974358975
440,C,3,integrated_gradients,0.9,match_ig_baseline,scientific,-6.445936679840088,-4.968291282653809,-8.226205825805664,-6.965696334838867,0.5197596549987793,1.9974050521850586,1.2605094909667969,1.4776453971862793,1.7802691459655762,1.4776453971862793,0.7407498359680176,39,4,0.8974358974358975
440,C,4,gnnexplainer,0.9,match_ig_baseline,scientific,0.25813132524490356,-0.4704006314277649,-0.5432743430137634,0.2522205412387848,0.005910784006118774,0.7226211726665497,0.7954948842525482,0.7285319566726685,0.801405668258667,0.7167103886604309,0.7895841002464294,39,4,0.8974358974358975
440,C,4,integrated_gradients,0.9,match_ig_baseline,scientific,0.25813132524490356,-0.9619951844215393,0.13277803361415863,0.2522205412387848,0.005910784006118774,1.214215725660324,0.11944250762462616,1.2201265096664429,0.12535329163074493,1.2083049416542053,0.11353172361850739,39,4,0.8974358974358975
450,H,0,gnnexplainer,0.9,match_ig_baseline,scientific,-0.04355114698410034,-0.09307549893856049,-0.054128341376781464,0.03275012969970703,0.07630127668380737,0.12582562863826752,0.0868784710764885,0.049524351954460144,0.010577194392681122,0.049524351954460144,0.010577194392681122,33,4,0.8787878787878788
450,H,0,integrated_gradients,0.9,match_ig_baseline,scientific,-0.04355114698410034,-0.0838240534067154,-0.046943433582782745,0.03275012969970703,0.07630127668380737,0.11657418310642242,0.07969356328248978,0.04027290642261505,0.0033922865986824036,0.04027290642261505,0.0033922865986824036,33,4,0.8787878787878788
450,H,1,gnnexplainer,0.9,match_ig_baseline,scientific,-0.06927318125963211,-0.07815735042095184,-0.10032246261835098,-0.0715140700340271,0.002240888774394989,0.006643280386924744,0.028808392584323883,0.008884169161319733,0.031049281358718872,0.004402391612529755,0.026567503809928894,33,4,0.8787878787878788
450,H,1,integrated_gradients,0.9,match_ig_baseline,scientific,-0.06927318125963211,-0.09910384565591812,-0.07233302295207977,-0.0715140700340271,0.002240888774394989,0.02758977562189102,0.0008189529180526733,0.02983066439628601,0.0030598416924476624,0.025348886847496033,-0.0014219358563423157,33,4,0.8787878787878788
450,H,2,gnnexplainer,0.9,match_ig_baseline,scientific,-0.06935058534145355,-0.04777493327856064,-0.12038016319274902,-0.07355805486440659,0.0042074695229530334,0.025783121585845947,0.04682210832834244,0.021575652062892914,0.05102957785129547,0.021575652062892914,0.042614638805389404,33,4,0.8787878787878788
450,H,2,integrated_gradients,0.9,match_ig_baseline,scientific,-0.06935058534145355,-0.0991063117980957,-0.07240472733974457,-0.07355805486440659,0.0042074695229530334,0.025548256933689117,0.0011533275246620178,0.02975572645664215,0.0030541419982910156,0.021340787410736084,-0.0030541419982910156,33,4,0.8787878787878788
450,H,3,gnnexplainer,0.9,match_ig_baseline,scientific,-0.14339891076087952,-0.15707719326019287,-0.12821343541145325,-0.23171529173851013,0.08831638097763062,0.07463809847831726,0.10350185632705688,0.013678282499313354,0.01518547534942627,-0.013678282499313354,0.01518547534942627,33,4,0.8787878787878788
450,H,3,integrated_gradients,0.9,match_ig_baseline,scientific,-0.14339891076087952,-0.10229621082544327,-0.13706985116004944,-0.23171529173851013,0.08831638097763062,0.12941908091306686,0.0946454405784607,0.04110269993543625,0.006329059600830078,0.04110269993543625,0.006329059600830078,33,4,0.8787878787878788
450,H,4,integrated_gradients,0.9,match_ig_baseline,scientific,-0.10335616767406464,-0.05547038093209267,-0.09686283767223358,,,,,0.04788578674197197,0.006493330001831055,,,33,4,0.8787878787878788
450,H,5,integrated_gradients,0.9,match_ig_baseline,scientific,-0.10335616767406464,-0.055470384657382965,-0.09686283767223358,,,,,0.04788578301668167,0.006493330001831055,,,33,4,0.8787878787878788
450,C,0,gnnexplainer,0.9,match_ig_baseline,scientific,-5.920004844665527,-4.307764053344727,-6.134910583496094,-7.761427879333496,1.8414230346679688,3.4536638259887695,1.6265172958374023,1.6122407913208008,0.2149057388305664,1.6122407913208008,-0.2149057388305664,39,4,0.8974358974358975
450,C,0,integrated_gradients,0.9,match_ig_baseline,scientific,-5.920004844665527,-4.18049955368042,-5.817014694213867,-7.761427879333496,1.8414230346679688,3.580928325653076,1.944413185119629,1.7395052909851074,0.10299015045166016,1.7395052909851074,0.10299015045166016,39,4,0.8974358974358975
450,C,1,gnnexplainer,0.9,match_ig_baseline,scientific,-8.008285522460938,-5.494256496429443,-5.510972499847412,-9.08093547821045,1.0726499557495117,3.586678981781006,3.569962978363037,2.514029026031494,2.4973130226135254,2.514029026031494,2.4973130226135254,39,4,0.8974358974358975
450,C,1,integrated_gradients,0.9,match_ig_baseline,scientific,-8.008285522460938,-4.324739933013916,-7.7904133796691895,-9.08093547821045,1.0726499557495117,4.756195545196533,1.2905220985412598,3.6835455894470215,0.21787214279174805,3.6835455894470215,0.21787214279174805,39,4,0.8974358974358975
450,C,2,gnnexplainer,0.9,match_ig_baseline,scientific,-0.7208598256111145,-1.9730178117752075,-0.7998606562614441,-0.7991183996200562,0.07825857400894165,1.1738994121551514,0.0007422566413879395,1.252157986164093,0.07900083065032959,1.0956408381462097,-0.07751631736755371,39,4,0.8974358974358975
450,C,2,integrated_gradients,0.9,match_ig_baseline,scientific,-0.7208598256111145,-2.4026007652282715,-0.44156205654144287,-0.7991183996200562,0.07825857400894165,1.6034823656082153,0.3575563430786133,1.681740939617157,0.27929776906967163,1.5252237915992737,0.27929776906967163,39,4,0.8974358974358975
450,C,3,gnnexplainer,0.9,match_ig_baseline,scientific,-5.4790120124816895,-2.8901991844177246,-7.804277420043945,-5.140366077423096,0.33864593505859375,2.250166893005371,2.6639113426208496,2.588812828063965,2.325265407562256,1.9115209579467773,2.325265407562256,39,4,0.8974358974358975
450,C,3,integrated_gradients,0.9,match_ig_baseline,scientific,-5.4790120124816895,-3.9466681480407715,-6.309635639190674,-5.140366077423096,0.33864593505859375,1.1936979293823242,1.1692695617675781,1.532343864440918,0.8306236267089844,0.8550519943237305,0.8306236267089844,39,4,0.8974358974358975
450,C,4,gnnexplainer,0.9,match_ig_baseline,scientific,-3.9353888034820557,-3.970982313156128,-4.046867847442627,-3.6308069229125977,0.304581880569458,0.3401753902435303,0.4160609245300293,0.035593509674072266,0.11147904396057129,0.035593509674072266,0.11147904396057129,39,4,0.8974358974358975
450,C,4,integrated_gradients,0.9,match_ig_baseline,scientific,-3.9353888034820557,-3.1623663902282715,-5.648498058319092,-3.6308069229125977,0.304581880569458,0.46844053268432617,2.017691135406494,0.7730224132537842,1.7131092548370361,0.16385865211486816,1.7131092548370361,39,4,0.8974358974358975
460,H,0,gnnexplainer,0.9,match_ig_baseline,scientific,-0.043785881251096725,-0.05033566802740097,-0.05943325161933899,-0.015303579159080982,0.028482302092015743,0.03503208886831999,0.04412967246025801,0.006549786776304245,0.015647370368242264,0.006549786776304245,0.015647370368242264,33,4,0.8787878787878788
460,H,0,integrated_gradients,0.9,match_ig_baseline,scientific,-0.043785881251096725,-0.05726370960474014,-0.03924322873353958,-0.015303579159080982,0.028482302092015743,0.04196013044565916,0.0239396495744586,0.013477828353643417,0.004542652517557144,0.013477828353643417,-0.004542652517557144,33,4,0.8787878787878788
460,H,1,gnnexplainer,0.9,match_ig_baseline,scientific,-0.07185396552085876,-0.07628057152032852,-0.061370644718408585,-0.08878634124994278,0.016932375729084015,0.012505769729614258,0.027415696531534195,0.004426605999469757,0.01048332080245018,-0.004426605999469757,0.01048332080245018,33,4,0.8787878787878788
460,H,1,integrated_gradients,0.9,match_ig_baseline,scientific,-0.07185396552085876,-0.054863445460796356,-0.0749577134847641,-0.08878634124994278,0.016932375729084015,0.03392289578914642,0.01382862776517868,0.01699052006006241,0.0031037479639053345,0.01699052006006241,-0.0031037479639053345,33,4,0.8787878787878788
460,H,2,gnnexplainer,0.9,match_ig_baseline,scientific,-0.04139140248298645,-0.03747609630227089,-0.07934297621250153,-0.04766342043876648,0.006272017955780029,0.01018732413649559,0.031679555773735046,0.003915306180715561,0.037951573729515076,0.003915306180715561,0.025407537817955017,33,4,0.8787878787878788
460,H,2,integrated_gradients,0.9,match_ig_baseline,scientific,-0.04139140248298645,-0.049237918108701706,-0.04159391671419144,-0.04766342043876648,0.006272017955780029,0.0015744976699352264,0.006069503724575043,0.007846515625715256,0.00020251423120498657,-0.004697520285844803,-0.00020251423120498657,33,4,0.8787878787878788
460,H,3,gnnexplainer,0.9,match_ig_baseline,scientific,-0.1064658984541893,-0.11396835744380951,-0.1456606388092041,-0.12816256284713745,0.02169666439294815,0.014194205403327942,0.01749807596206665,0.007502458989620209,0.0391947403550148,-0.007502458989620209,-0.0041985884308815,33,4,0.8787878787878788
460,H,3,integrated_gradients,0.9,match_ig_baseline,scientific,-0.1064658984541893,-0.09445420652627945,-0.12102662026882172,-0.12816256284713745,0.02169666439294815,0.033708356320858,0.007135942578315735,0.012011691927909851,0.014560721814632416,0.012011691927909851,-0.014560721814632416,33,4,0.8787878787878788
460,H,4,gnnexplainer,0.9,match_ig_baseline,scientific,-0.04387911036610603,-0.04058507829904556,-0.044061824679374695,-0.07319828867912292,0.02931917831301689,0.03261321038007736,0.02913646399974823,0.0032940320670604706,0.0001827143132686615,0.0032940320670604706,-0.0001827143132686615,33,4,0.8787878787878788
460,H,4,integrated_gradients,0.9,match_ig_baseline,scientific,-0.04387911036610603,-0.04553591087460518,-0.04490433633327484,-0.07319828867912292,0.02931917831301689,0.027662377804517746,0.028293952345848083,0.0016568005084991455,0.001025225967168808,-0.0016568005084991455,-0.001025225967168808,33,4,0.8787878787878788
460,H,5,gnnexplainer,0.9,match_ig_baseline,scientific,-0.06584247946739197,-0.06807728111743927,-0.04961507394909859,-0.06691791117191315,0.0010754317045211792,0.001159369945526123,0.01730283722281456,0.0022348016500473022,0.01622740551829338,8.393824100494385e-05,0.01622740551829338,33,4,0.8787878787878788
460,H,5,integrated_gradients,0.9,match_ig_baseline,scientific,-0.06584247946739197,-0.04854872077703476,-0.06725411862134933,-0.06691791117191315,0.0010754317045211792,0.018369190394878387,0.00033620744943618774,0.017293758690357208,0.001411639153957367,0.017293758690357208,-0.0007392242550849915,33,4,0.8787878787878788
460,H,6,gnnexplainer,0.9,match_ig_baseline,scientific,-0.03435482084751129,-0.031711120158433914,-0.034022361040115356,-0.03555815666913986,0.0012033358216285706,0.003847036510705948,0.0015357956290245056,0.0026437006890773773,0.00033245980739593506,0.0026437006890773773,0.00033245980739593506,33,4,0.8787878787878788
460,H,6,integrated_gradients,0.9,match_ig_baseline,scientific,-0.03435482084751129,-0.040868863463401794,-0.03528008610010147,-0.03555815666913986,0.0012033358216285706,0.005310706794261932,0.0002780705690383911,0.006514042615890503,0.0009252652525901794,0.004107370972633362,-0.0009252652525901794,33,4,0.8787878787878788
460,H,7,gnnexplainer,0.9,match_ig_baseline,scientific,-0.012830819934606552,-0.03783451393246651,-0.027619723230600357,-0.019224893301725388,0.0063940733671188354,0.01860962063074112,0.00839482992887497,0.025003693997859955,0.014788903295993805,0.012215547263622284,0.002000756561756134,33,4,0.8787878787878788
460,H,7,integrated_gradients,0.9,match_ig_baseline,scientific,-0.012830819934606552,-0.03542139381170273,-0.01657719537615776,-0.019224893301725388,0.0063940733671188354,0.01619650050997734,0.002647697925567627,0.022590573877096176,0.0037463754415512085,0.009802427142858505,-0.0037463754415512085,33,4,0.8787878787878788
460,H,8,gnnexplainer,0.9,match_ig_baseline,scientific,-0.025535907596349716,-0.03544846177101135,-0.02435869351029396,-0.05107570067048073,0.025539793074131012,0.015627238899469376,0.026717007160186768,0.009912554174661636,0.0011772140860557556,-0.009912554174661636,0.0011772140860557556,33,4,0.8787878787878788
460,H,8,integrated_gradients,0.9,match_ig_baseline,scientific,-0.025535907596349716,-0.0345686674118042,-0.026569228619337082,-0.05107570067048073,0.025539793074131012,0.01650703325867653,0.024506472051143646,0.009032759815454483,0.0010333210229873657,-0.009032759815454483,-0.0010333210229873657,33,4,0.8787878787878788
460,H,9,gnnexplainer,0.9,match_ig_baseline,scientific,-0.011747792363166809,-0.01266402006149292,-0.02825377881526947,0.01088925451040268,0.02263704687356949,0.0235532745718956,0.03914303332567215,0.0009162276983261108,0.01650598645210266,0.0009162276983261108,0.01650598645210266,33,4,0.8787878787878788
460,H,9,integrated_gradients,0.9,match_ig_baseline,scientific,-0.011747792363166809,-0.03581451624631882,-0.014541760087013245,0.01088925451040268,0.02263704687356949,0.0467037707567215,0.025431014597415924,0.024066723883152008,0.0027939677238464355,0.024066723883152008,0.0027939677238464355,33,4,0.8787878787878788
460,C,0,gnnexplainer,0.9,match_ig_baseline,scientific,-4.247857570648193,-3.04548978805542,-5.5105366706848145,-4.765948295593262,0.5180907249450684,1.7204585075378418,0.7445883750915527,1.2023677825927734,1.262679100036621,1.2023677825927734,0.22649765014648438,39,4,0.8974358974358975
460,C,0,integrated_gradients,0.9,match_ig_baseline,scientific,-4.247857570648193,-4.437360763549805,-4.154503345489502,-4.765948295593262,0.5180907249450684,0.32858753204345703,0.6114449501037598,0.18950319290161133,0.0933542251586914,-0.18950319290161133,0.0933542251586914,39,4,0.8974358974358975
460,C,1,gnnexplainer,0.9,match_ig_baseline,scientific,-2.4831478595733643,-4.129125595092773,-2.243929386138916,-2.5882418155670166,0.10509395599365234,1.5408837795257568,0.3443124294281006,1.6459777355194092,0.23921847343444824,1.4357898235321045,0.23921847343444824,39,4,0.8974358974358975
460,C,1,integrated_gradients,0.9,match_ig_baseline,scientific,-2.4831478595733643,-3.0609498023986816,-2.539693832397461,-2.5882418155670166,0.10509395599365234,0.47270798683166504,0.048547983169555664,0.5778019428253174,0.05654597282409668,0.3676140308380127,-0.05654597282409668,39,4,0.8974358974358975
460,C,2,gnnexplainer,0.9,match_ig_baseline,scientific,0.3663378357887268,-0.5645778775215149,-0.14771822094917297,0.3210907578468323,0.04524707794189453,0.8856686353683472,0.46880897879600525,0.9309157133102417,0.5140560567378998,0.8404215574264526,0.4235619008541107,39,4,0.8974358974358975
460,C,2,integrated_gradients,0.9,match_ig_baseline,scientific,0.3663378357887268,-1.2320157289505005,0.18695859611034393,0.3210907578468323,0.04524707794189453,1.5531064867973328,0.13413216173648834,1.5983535647392273,0.17937923967838287,1.5078594088554382,0.08888508379459381,39,4,0.8974358974358975
460,C,3,gnnexplainer,0.9,match_ig_baseline,scientific,-1.7728098630905151,-2.948394536972046,-2.235635280609131,-1.8821203708648682,0.10931050777435303,1.0662741661071777,0.3535149097442627,1.1755846738815308,0.4628254175186157,0.9569636583328247,0.24420440196990967,39,4,0.8974358974358975
460,C,3,integrated_gradients,0.9,match_ig_baseline,scientific,-1.7728098630905151,-3.354297399520874,-1.9653407335281372,-1.8821203708648682,0.10931050777435303,1.4721770286560059,0.08322036266326904,1.5814875364303589,0.19253087043762207,1.3628665208816528,-0.026090145111083984,39,4,0.8974358974358975
470,H,0,gnnexplainer,0.9,match_ig_baseline,scientific,-0.05952444300055504,-0.058121949434280396,-0.05000007152557373,-0.053031232208013535,0.006493210792541504,0.005090717226266861,0.003031160682439804,0.001402493566274643,0.009524371474981308,-0.001402493566274643,-0.0034620501101017,33,4,0.8787878787878788
470,H,0,integrated_gradients,0.9,match_ig_baseline,scientific,-0.05952444300055504,-0.05620935559272766,-0.06069820746779442,-0.053031232208013535,0.006493210792541504,0.0031781233847141266,0.007666975259780884,0.0033150874078273773,0.0011737644672393799,-0.0033150874078273773,0.0011737644672393799,33,4,0.8787878787878788
470,H,1,gnnexplainer,0.9,match_ig_baseline,scientific,-0.05956923961639404,-0.0590532124042511,-0.0668211281299591,-0.04844353348016739,0.011125706136226654,0.01060967892408371,0.018377594649791718,0.0005160272121429443,0.0072518885135650635,-0.0005160272121429443,0.0072518885135650635,33,4,0.8787878787878788
470,H,1,integrated_gradients,0.9,match_ig_baseline,scientific,-0.05956923961639404,-0.056183286011219025,-0.060762763023376465,-0.04844353348016739,0.011125706136226654,0.007739752531051636,0.012319229543209076,0.0033859536051750183,0.0011935234069824219,-0.0033859536051750183,0.0011935234069824219,33,4,0.8787878787878788
470,H,2,gnnexplainer,0.9,match_ig_baseline,scientific,-0.054433196783065796,-0.03942517191171646,-0.06488746404647827,-0.07911962270736694,0.024686425924301147,0.03969445079565048,0.014232158660888672,0.015008024871349335,0.010454267263412476,0.015008024871349335,-0.010454267263412476,33,4,0.8787878787878788
470,H,2,integrated_gradients,0.9,match_ig_baseline,scientific,-0.054433196783065796,-0.05835835263133049,-0.0563158318400383,-0.07911962270736694,0.024686425924301147,0.020761270076036453,0.022803790867328644,0.003925155848264694,0.0018826350569725037,-0.003925155848264694,-0.0018826350569725037,33,4,0.8787878787878788
470,H,3,gnnexplainer,0.9,match_ig_baseline,scientific,-0.17491021752357483,-0.17849692702293396,-0.13890120387077332,-0.18564572930335999,0.010735511779785156,0.007148802280426025,0.04674452543258667,0.003586709499359131,0.036009013652801514,-0.003586709499359131,0.036009013652801514,33,4,0.8787878787878788
470,H,3,integrated_gradients,0.9,match_ig_baseline,scientific,-0.17491021752357483,-0.13737478852272034,-0.17513656616210938,-0.18564572930335999,0.010735511779785156,0.04827094078063965,0.01050916314125061,0.03753542900085449,0.0002263486385345459,0.03753542900085449,-0.0002263486385345459,33,4,0.8787878787878788
470,H,4,gnnexplainer,0.9,match_ig_baseline,scientific,-0.23593086004257202,-0.20358198881149292,-0.2649661898612976,-0.23634721338748932,0.00041635334491729736,0.0327652245759964,0.02861897647380829,0.0323488712310791,0.029035329818725586,0.0323488712310791,0.02820262312889099,33,4,0.8787878787878788
470,H,4,integrated_gradients,0.9,match_ig_baseline,scientific,-0.23593086004257202,-0.18997693061828613,-0.2423343062400818,-0.23634721338748932,0.00041635334491729736,0.046370282769203186,0.005987092852592468,0.04595392942428589,0.006403446197509766,0.04595392942428589,0.005570739507675171,33,4,0.8787878787878788
470,H,5,gnnexplainer,0.9,match_ig_baseline,scientific,-0.20896568894386292,-0.17385125160217285,-0.21497955918312073,-0.20029433071613312,0.008671358227729797,0.026443079113960266,0.01468522846698761,0.035114437341690063,0.0060138702392578125,0.01777172088623047,0.0060138702392578125,33,4,0.8787878787878788
470,H,5,integrated_gradients,0.9,match_ig_baseline,scientific,-0.20896568894386292,-0.14863377809524536,-0.21694791316986084,-0.20029433071613312,0.008671358227729797,0.051660552620887756,0.016653582453727722,0.060331910848617554,0.007982224225997925,0.04298919439315796,0.007982224225997925,33,4,0.8787878787878788
470,H,6,gnnexplainer,0.9,match_ig_baseline,scientific,-0.23940086364746094,-0.2149547040462494,-0.2648569643497467,-0.24425962567329407,0.00485876202583313,0.029304921627044678,0.020597338676452637,0.024446159601211548,0.025456100702285767,0.024446159601211548,0.015738576650619507,33,4,0.8787878787878788
470,H,6,integrated_gradients,0.9,match_ig_baseline,scientific,-0.23940086364746094,-0.19658112525939941,-0.24475377798080444,-0.24425962567329407,0.00485876202583313,0.04767850041389465,0.000494152307510376,0.04281973838806152,0.005352914333343506,0.04281973838806152,-0.004364609718322754,33,4,0.8787878787878788
470,H,7,gnnexplainer,0.9,match_ig_baseline,scientific,-0.14705747365951538,-0.1879669725894928,-0.11216288805007935,-0.14684659242630005,0.00021088123321533203,0.04112038016319275,0.0346837043762207,0.04090949892997742,0.034894585609436035,0.04090949892997742,0.03447282314300537,33,4,0.8787878787878788
470,H,7,integrated_gradients,0.9,match_ig_baseline,scientific,-0.14705747365951538,-0.11202496290206909,-0.13754159212112427,-0.14684659242630005,0.00021088123321533203,0.03482162952423096,0.009305000305175781,0.03503251075744629,0.009515881538391113,0.034610748291015625,0.00909411907196045,33,4,0.8787878787878788
470,C,0,gnnexplainer,0.9,match_ig_baseline,scientific,-7.144142150878906,-4.669515609741211,-6.940645694732666,-6.739404678344727,0.4047374725341797,2.0698890686035156,0.20124101638793945,2.4746265411376953,0.20349645614624023,1.665151596069336,-0.20349645614624023,39,4,0.8974358974358975
470,C,0,integrated_gradients,0.9,match_ig_baseline,scientific,-7.144142150878906,-5.105442047119141,-6.495934009552002,-6.739404678344727,0.4047374725341797,1.633962631225586,0.2434706687927246,2.0387001037597656,0.6482081413269043,1.2292251586914062,-0.16126680374145508,39,4,0.8974358974358975
470,C,1,gnnexplainer,0.9,match_ig_baseline,scientific,-8.570443153381348,-6.786773204803467,-8.253260612487793,-8.243026733398438,0.32741641998291016,1.4562535285949707,0.010233879089355469,1.7836699485778809,0.3171825408935547,1.1288371086120605,-0.3171825408935547,39,4,0.8974358974358975
470,C,1,integrated_gradients,0.9,match_ig_baseline,scientific,-8.570443153381348,-5.339225769042969,-9.00877857208252,-8.243026733398438,0.32741641998291016,2.9038009643554688,0.765751838684082,3.231217384338379,0.4383354187011719,2.5763845443725586,0.4383354187011719,39,4,0.8974358974358975
470,C,2,gnnexplainer,0.9,match_ig_baseline,scientific,-7.305014610290527,-5.009002685546875,-7.733978748321533,-6.8385820388793945,0.4664325714111328,1.8295793533325195,0.8953967094421387,2.2960119247436523,0.42896413803100586,1.3631467819213867,0.42896413803100586,39,4,0.8974358974358975
470,C,2,integrated_gradients,0.9,match_ig_baseline,scientific,-7.305014610290527,-5.184079647064209,-7.989393711090088,-6.8385820388793945,0.4664325714111328,1.6545023918151855,1.1508116722106934,2.1209349632263184,0.6843791007995605,1.1880698204040527,0.6843791007995605,39,4,0.8974358974358975
470,C,3,gnnexplainer,0.9,match_ig_baseline,scientific,-8.564128875732422,-7.225814342498779,-7.356548309326172,-8.469472885131836,0.09465599060058594,1.2436585426330566,1.112924575805664,1.3383145332336426,1.20758056640625,1.1490025520324707,1.0182685852050781,39,4,0.8974358974358975
470,C,3,integrated_gradients,0.9,match_ig_baseline,scientific,-8.564128875732422,-5.69061803817749,-9.161742210388184,-8.469472885131836,0.09465599060058594,2.7788548469543457,0.6922693252563477,2.8735108375549316,0.5976133346557617,2.6841988563537598,0.5976133346557617,39,4,0.8974358974358975
470,C,4,gnnexplainer,0.9,match_ig_baseline,scientific,-6.1385979652404785,-5.301466464996338,-5.034160137176514,-6.0845866203308105,0.05401134490966797,0.7831201553344727,1.0504264831542969,0.8371315002441406,1.1044378280639648,0.7291088104248047,0.9964151382446289,39,4,0.8974358974358975
470,C,4,integrated_gradients,0.9,match_ig_baseline,scientific,-6.1385979652404785,-4.855479717254639,-5.793621063232422,-6.0845866203308105,0.05401134490966797,1.2291069030761719,0.29096555709838867,1.2831182479858398,0.34497690200805664,1.175095558166504,0.2369542121887207,39,4,0.8974358974358975
470,C,5,gnnexplainer,0.9,match_ig_baseline,scientific,-7.271572589874268,-4.309117317199707,-6.924263000488281,-7.651252746582031,0.37968015670776367,3.342135429382324,0.72698974609375,2.9624552726745605,0.34730958938598633,2.9624552726745605,0.34730958938598633,39,4,0.8974358974358975
470,C,5,integrated_gradients,0.9,match_ig_baseline,scientific,-7.271572589874268,-3.8873958587646484,-8.050691604614258,-7.651252746582031,0.37968015670776367,3.763856887817383,0.39943885803222656,3.384176731109619,0.7791190147399902,3.384176731109619,0.01975870132446289,39,4,0.8974358974358975
470,C,6,gnnexplainer,0.9,match_ig_baseline,scientific,-2.0932846069335938,-2.887342691421509,-1.9808987379074097,-2.1557068824768066,0.06242227554321289,0.7316358089447021,0.17480814456939697,0.794058084487915,0.11238586902618408,0.6692135334014893,0.11238586902618408,39,4,0.8974358974358975
470,C,6,integrated_gradients,0.9,match_ig_baseline,scientific,-2.0932846069335938,-2.952138662338257,-2.277491807937622,-2.1557068824768066,0.06242227554321289,0.7964317798614502,0.12178492546081543,0.8588540554046631,0.18420720100402832,0.7340095043182373,0.05936264991760254,39,4,0.8974358974358975
480,H,0,gnnexplainer,0.9,match_ig_baseline,scientific,-0.2637091279029846,-0.21797075867652893,-0.2895527780056,-0.25941720604896545,0.004291921854019165,0.04144644737243652,0.03013557195663452,0.04573836922645569,0.025843650102615356,0.03715452551841736,0.025843650102615356,33,4,0.8787878787878788
480,H,0,integrated_gradients,0.9,match_ig_baseline,scientific,-0.2637091279029846,-0.23672538995742798,-0.27575770020484924,-0.25941720604896545,0.004291921854019165,0.022691816091537476,0.01634049415588379,0.02698373794555664,0.012048572301864624,0.01839989423751831,0.012048572301864624,33,4,0.8787878787878788
480,H,1,gnnexplainer,0.9,match_ig_baseline,scientific,-0.2441394329071045,-0.20998188853263855,-0.28058239817619324,-0.24930313229560852,0.005163699388504028,0.03932124376296997,0.03127926588058472,0.03415754437446594,0.036442965269088745,0.03415754437446594,0.02611556649208069,33,4,0.8787878787878788
480,H,1,integrated_gradients,0.9,match_ig_baseline,scientific,-0.2441394329071045,-0.22086066007614136,-0.24429818987846375,-0.24930313229560852,0.005163699388504028,0.028442472219467163,0.005004942417144775,0.023278772830963135,0.00015875697135925293,0.023278772830963135,-0.00015875697135925293,33,4,0.8787878787878788
480,H,2,gnnexplainer,0.9,match_ig_baseline,scientific,-0.11225125938653946,-0.1004001647233963,-0.09847050905227661,-0.1182067021727562,0.005955442786216736,0.017806537449359894,0.019736193120479584,0.011851094663143158,0.013780750334262848,0.011851094663143158,0.013780750334262848,33,4,0.8787878787878788
480,H,2,integrated_gradients,0.9,match_ig_baseline,scientific,-0.11225125938653946,-0.10331453382968903,-0.11522964388132095,-0.1182067021727562,0.005955442786216736,0.01489216834306717,0.0029770582914352417,0.008936725556850433,0.002978384494781494,0.008936725556850433,-0.002978384494781494,33,4,0.8787878787878788
480,H,3,gnnexplainer,0.9,match_ig_baseline,scientific,-0.11104927957057953,-0.10485994070768356,-0.11109928786754608,-0.11688289046287537,0.005833610892295837,0.012022949755191803,0.005783602595329285,0.006189338862895966,5.0008296966552734e-05,0.006189338862895966,-5.0008296966552734e-05,33,4,0.8787878787878788
480,H,3,integrated_gradients,0.9,match_ig_baseline,scientific,-0.11104927957057953,-0.11465036869049072,-0.10823855549097061,-0.11688289046287537,0.005833610892295837,0.0022325217723846436,0.008644334971904755,0.003601089119911194,0.0028107240796089172,-0.003601089119911194,0.0028107240796089172,33,4,0.8787878787878788
480,H,4,integrated_gradients,0.9,match_ig_baseline,scientific,-0.1105690747499466,-0.06876973807811737,-0.10949121415615082,,,,,0.041799336671829224,0.0010778605937957764,,,33,4,0.8787878787878788
480,H,5,gnnexplainer,0.9,match_ig_baseline,scientific,-0.5830456614494324,-0.5119317173957825,-0.5741791725158691,-0.6012064814567566,0.01816082000732422,0.08927476406097412,0.02702730894088745,0.0711139440536499,0.008866488933563232,0.0711139440536499,0.008866488933563232,33,4,0.8787878787878788
480,H,5,integrated_gradients,0.9,match_ig_baseline,scientific,-0.5830456614494324,-0.5093226432800293,-0.6162582635879517,-0.6012064814567566,0.01816082000732422,0.0918838381767273,0.015051782131195068,0.07372301816940308,0.03321260213851929,0.07372301816940308,-0.0031090378761291504,33,4,0.8787878787878788
480,H,6,integrated_gradients,0.9,match_ig_baseline,scientific,-0.11056908220052719,-0.06876973807811737,-0.10949121415615082,,,,,0.04179934412240982,0.0010778680443763733,,,33,4,0.8787878787878788
480,H,7,integrated_gradients,0.9,match_ig_baseline,scientific,-0.11056908220052719,-0.06876973807811737,-0.10949121415615082,,,,,0.04179934412240982,0.0010778680443763733,,,33,4,0.8787878787878788
480,C,0,gnnexplainer,0.9,match_ig_baseline,scientific,-3.1684627532958984,-4.001407623291016,-3.271338701248169,-3.1351423263549805,0.03332042694091797,0.8662652969360352,0.13619637489318848,0.8329448699951172,0.10287594795227051,0.8329448699951172,0.10287594795227051,39,4,0.8974358974358975
480,C,0,integrated_gradients,0.9,match_ig_baseline,scientific,-3.1684627532958984,-3.7454631328582764,-3.666102409362793,-3.1351423263549805,0.03332042694091797,0.6103208065032959,0.5309600830078125,0.5770003795623779,0.49763965606689453,0.5770003795623779,0.49763965606689453,39,4,0.8974358974358975
480,C,1,gnnexplainer,0.9,match_ig_baseline,scientific,-3.570256471633911,-4.575114727020264,-3.600159168243408,-3.335395574569702,0.23486089706420898,1.2397191524505615,0.26476359367370605,1.0048582553863525,0.02990269660949707,1.0048582553863525,0.02990269660949707,39,4,0.8974358974358975
480,C,1,integrated_gradients,0.9,match_ig_baseline,scientific,-3.570256471633911,-4.370636463165283,-4.03875732421875,-3.335395574569702,0.23486089706420898,1.035240888595581,0.7033617496490479,0.8003799915313721,0.46850085258483887,0.8003799915313721,0.46850085258483887,39,4,0.8974358974358975
480,C,2,gnnexplainer,0.9,match_ig_baseline,scientific,-5.203941345214844,-4.484144687652588,-5.046513080596924,-4.873226165771484,0.3307151794433594,0.3890814781188965,0.17328691482543945,0.7197966575622559,0.15742826461791992,0.05836629867553711,-0.15742826461791992,39,4,0.8974358974358975
480,C,2,integrated_gradients,0.9,match_ig_baseline,scientific,-5.203941345214844,-5.2888569831848145,-5.197277069091797,-4.873226165771484,0.3307151794433594,0.4156308174133301,0.3240509033203125,0.0849156379699707,0.006664276123046875,0.0849156379699707,-0.006664276123046875,39,4,0.8974358974358975
480,C,3,gnnexplainer,0.9,match_ig_baseline,scientific,-17.36349868774414,-8.616838455200195,-10.212109565734863,-17.733488082885742,0.36998939514160156,9.116649627685547,7.521378517150879,8.746660232543945,7.151389122009277,8.746660232543945,7.151389122009277,39,4,0.8974358974358975
480,C,3,integrated_gradients,0.9,match_ig_baseline,scientific,-17.36349868774414,-5.454507827758789,-16.950363159179688,-17.733488082885742,0.36998939514160156,12.278980255126953,0.7831249237060547,11.908990859985352,0.4131355285644531,11.908990859985352,0.4131355285644531,39,4,0.8974358974358975
490,H,0,gnnexplainer,0.9,match_ig_baseline,scientific,-0.17315952479839325,-0.17972877621650696,-0.14706242084503174,-0.23058383166790009,0.057424306869506836,0.05085505545139313,0.08352141082286835,0.0065692514181137085,0.02609710395336151,-0.0065692514181137085,0.02609710395336151,33,4,0.8787878787878788
490,H,0,integrated_gradients,0.9,match_ig_baseline,scientific,-0.17315952479839325,-0.14818298816680908,-0.18197117745876312,-0.23058383166790009,0.057424306869506836,0.082400843501091,0.04861265420913696,0.024976536631584167,0.008811652660369873,0.024976536631584167,-0.008811652660369873,33,4,0.8787878787878788
490,H,1,gnnexplainer,0.9,match_ig_baseline,scientific,-0.15685632824897766,-0.18325908482074738,-0.16254577040672302,-0.249619260430336,0.09276293218135834,0.06636017560958862,0.08707349002361298,0.026402756571769714,0.005689442157745361,-0.026402756571769714,-0.005689442157745361,33,4,0.8787878787878788
490,H,1,integrated_gradients,0.9,match_ig_baseline,scientific,-0.15685632824897766,-0.15221184492111206,-0.15251824259757996,-0.249619260430336,0.09276293218135834,0.09740741550922394,0.09710101783275604,0.004644483327865601,0.004338085651397705,0.004644483327865601,0.004338085651397705,33,4,0.8787878787878788
490,H,2,gnnexplainer,0.9,match_ig_baseline,scientific,-0.18034976720809937,-0.1711716651916504,-0.1749306321144104,-0.26599687337875366,0.0856471061706543,0.09482520818710327,0.09106624126434326,0.009178102016448975,0.005419135093688965,0.009178102016448975,0.005419135093688965,33,4,0.8787878787878788
490,H,2,integrated_gradients,0.9,match_ig_baseline,scientific,-0.18034976720809937,-0.1504478007555008,-0.17973101139068604,-0.26599687337875366,0.0856471061706543,0.11554907262325287,0.08626586198806763,0.029901966452598572,0.0006187558174133301,0.029901966452598572,0.0006187558174133301,33,4,0.8787878787878788
490,H,3,integrated_gradients,0.9,match_ig_baseline,scientific,-0.11056908220052719,-0.06876973807811737,-0.10949121415615082,,,,,0.04179934412240982,0.0010778680443763733,,,33,4,0.8787878787878788
490,H,4,integrated_gradients,0.9,match_ig_baseline,scientific,-0.1105690747499466,-0.06876973807811737,-0.10949121415615082,,,,,0.041799336671829224,0.0010778605937957764,,,33,4,0.8787878787878788
490,H,5,gnnexplainer,0.9,match_ig_baseline,scientific,-0.12873896956443787,-0.1130032017827034,-0.13417267799377441,-0.1509436070919037,0.02220463752746582,0.03794040530920029,0.016770929098129272,0.015735767781734467,0.005433708429336548,0.015735767781734467,-0.005433708429336548,33,4,0.8787878787878788
490,H,5,integrated_gradients,0.9,match_ig_baseline,scientific,-0.12873896956443787,-0.12265630066394806,-0.13731317222118378,-0.1509436070919037,0.02220463752746582,0.028287306427955627,0.01363043487071991,0.006082668900489807,0.00857420265674591,0.006082668900489807,-0.00857420265674591,33,4,0.8787878787878788
490,H,6,gnnexplainer,0.9,match_ig_baseline,scientific,-0.12632957100868225,-0.131639301776886,-0.09458191692829132,-0.1284528225660324,0.0021232515573501587,0.0031864792108535767,0.03387090563774109,0.005309730768203735,0.03174765408039093,0.001063227653503418,0.03174765408039093,33,4,0.8787878787878788
490,H,6,integrated_gradients,0.9,match_ig_baseline,scientific,-0.12632957100868225,-0.12392923980951309,-0.12392439693212509,-0.1284528225660324,0.0021232515573501587,0.004523582756519318,0.004528425633907318,0.002400331199169159,0.0024051740765571594,0.002400331199169159,0.0024051740765571594,33,4,0.8787878787878788
490,H,7,integrated_gradients,0.9,match_ig_baseline,scientific,-0.11056908220052719,-0.06876973807811737,-0.10949121415615082,,,,,0.04179934412240982,0.0010778680443763733,,,33,4,0.8787878787878788
490,C,0,gnnexplainer,0.9,match_ig_baseline,scientific,-3.129530668258667,-3.1043527126312256,-4.090731620788574,-4.111388683319092,0.9818580150604248,1.0070359706878662,0.020657062530517578,0.025177955627441406,0.9612009525299072,0.025177955627441406,-0.9612009525299072,39,4,0.8974358974358975
490,C,0,integrated_gradients,0.9,match_ig_baseline,scientific,-3.129530668258667,-4.339070796966553,-3.0634429454803467,-4.111388683319092,0.9818580150604248,0.22768211364746094,1.0479457378387451,1.2095401287078857,0.06608772277832031,-0.7541759014129639,0.06608772277832031,39,4,0.8974358974358975
490,C,1,gnnexplainer,0.9,match_ig_baseline,scientific,-15.582393646240234,-9.28650188446045,-9.02476978302002,-16.991817474365234,1.409423828125,7.705315589904785,7.967047691345215,6.295891761779785,6.557623863220215,6.295891761779785,6.557623863220215,39,4,0.8974358974358975
490,C,1,integrated_gradients,0.9,match_ig_baseline,scientific,-15.582393646240234,-5.1558661460876465,-17.11673355102539,-16.991817474365234,1.409423828125,11.835951328277588,0.12491607666015625,10.426527500152588,1.5343399047851562,10.426527500152588,-1.2845077514648438,39,4,0.8974358974358975
490,C,2,gnnexplainer,0.9,match_ig_baseline,scientific,-3.881084442138672,-4.02313756942749,-5.045705318450928,-4.111124038696289,0.2300395965576172,0.08798646926879883,0.9345812797546387,0.14205312728881836,1.1646208763122559,-0.14205312728881836,0.7045416831970215,39,4,0.8974358974358975
490,C,2,integrated_gradients,0.9,match_ig_baseline,scientific,-3.881084442138672,-4.530655384063721,-3.7359466552734375,-4.111124038696289,0.2300395965576172,0.41953134536743164,0.37517738342285156,0.6495709419250488,0.14513778686523438,0.18949174880981445,0.14513778686523438,39,4,0.8974358974358975
490,C,3,gnnexplainer,0.9,match_ig_baseline,scientific,-2.2796802520751953,-1.817252278327942,-4.375133514404297,-3.4353280067443848,1.1556477546691895,1.6180757284164429,0.9398055076599121,0.4624279737472534,2.0954532623291016,0.4624279737472534,-0.21584224700927734,39,4,0.8974358974358975
490,C,3,integrated_gradients,0.9,match_ig_baseline,scientific,-2.2796802520751953,-3.1870625019073486,-2.74556565284729,-3.4353280067443848,1.1556477546691895,0.24826550483703613,0.6897623538970947,0.9073822498321533,0.4658854007720947,-0.9073822498321533,-0.4658854007720947,39,4,0.8974358974358975
500,H,0,gnnexplainer,0.9,match_ig_baseline,scientific,-0.08378373086452484,-0.08539371937513351,-0.09692075848579407,-0.10653185099363327,0.02274812012910843,0.021138131618499756,0.009611092507839203,0.001609988510608673,0.013137027621269226,-0.001609988510608673,-0.013137027621269226,33,4,0.8787878787878788
500,H,0,integrated_gradients,0.9,match_ig_baseline,scientific,-0.08378373086452484,-0.0865635871887207,-0.06917716562747955,-0.10653185099363327,0.02274812012910843,0.019968263804912567,0.03735468536615372,0.002779856324195862,0.014606565237045288,-0.002779856324195862,0.014606565237045288,33,4,0.8787878787878788
500,H,1,gnnexplainer,0.9,match_ig_baseline,scientific,-0.09802645444869995,-0.10408283770084381,-0.0891643613576889,-0.09490861743688583,0.0031178370118141174,0.009174220263957977,0.00574425607919693,0.00605638325214386,0.008862093091011047,0.00605638325214386,0.0026264190673828125,33,4,0.8787878787878788
500,H,1,integrated_gradients,0.9,match_ig_baseline,scientific,-0.09802645444869995,-0.09088998287916183,-0.09707854688167572,-0.09490861743688583,0.0031178370118141174,0.004018634557723999,0.0021699294447898865,0.0071364715695381165,0.000947907567024231,0.0009007975459098816,-0.000947907567024231,33,4,0.8787878787878788
500,H,2,gnnexplainer,0.9,match_ig_baseline,scientific,-0.022096559405326843,-0.1060851514339447,-0.039019376039505005,-0.014496341347694397,0.007600218057632446,0.0915888100862503,0.024523034691810608,0.08398859202861786,0.01692281663417816,0.08398859202861786,0.01692281663417816,33,4,0.8787878787878788
500,H,2,integrated_gradients,0.9,match_ig_baseline,scientific,-0.022096559405326843,-0.0770844966173172,-0.03299243003129959,-0.014496341347694397,0.007600218057632446,0.0625881552696228,0.018496088683605194,0.054987937211990356,0.010895870625972748,0.054987937211990356,0.010895870625972748,33,4,0.8787878787878788
500,H,3,gnnexplainer,0.9,match_ig_baseline,scientific,-0.11143986880779266,-0.12762126326560974,-0.07608379423618317,-0.10435646027326584,0.007083408534526825,0.023264802992343903,0.028272666037082672,0.016181394457817078,0.0353560745716095,0.016181394457817078,0.021189257502555847,33,4,0.8787878787878788
500,H,3,integrated_gradients,0.9,match_ig_baseline,scientific,-0.11143986880779266,-0.10007338970899582,-0.083956278860569,-0.10435646027326584,0.007083408534526825,0.0042830705642700195,0.02040018141269684,0.011366479098796844,0.027483589947223663,-0.0028003379702568054,0.013316772878170013,33,4,0.8787878787878788
500,H,4,gnnexplainer,0.9,match_ig_baseline,scientific,-0.07920713722705841,-0.09810835868120193,-0.06411516666412354,-0.07894282042980194,0.0002643167972564697,0.019165538251399994,0.014827653765678406,0.018901221454143524,0.015091970562934875,0.018901221454143524,0.014563336968421936,33,4,0.8787878787878788
500,H,4,integrated_gradients,0.9,match_ig_baseline,scientific,-0.07920713722705841,-0.06259947270154953,-0.0783609002828598,-0.07894282042980194,0.0002643167972564697,0.01634334772825241,0.0005819201469421387,0.01660766452550888,0.0008462369441986084,0.01607903093099594,0.00031760334968566895,33,4,0.8787878787878788
500,H,5,gnnexplainer,0.9,match_ig_baseline,scientific,-0.07803400605916977,-0.047910213470458984,-0.07380343973636627,-0.08696994185447693,0.00893593579530716,0.039059728384017944,0.013166502118110657,0.030123792588710785,0.004230566322803497,0.030123792588710785,0.004230566322803497,33,4,0.8787878787878788
500,H,5,integrated_gradients,0.9,match_ig_baseline,scientific,-0.07803400605916977,-0.07675650715827942,-0.08022460341453552,-0.08696994185447693,0.00893593579530716,0.01021343469619751,0.006745338439941406,0.0012774989008903503,0.002190597355365753,0.0012774989008903503,-0.002190597355365753,33,4,0.8787878787878788
500,H,6,gnnexplainer,0.9,match_ig_baseline,scientific,-0.075496606528759,-0.08317358791828156,-0.0785847157239914,-0.06850533932447433,0.006991267204284668,0.01466824859380722,0.01007937639951706,0.0076769813895225525,0.0030881091952323914,0.0076769813895225525,0.0030881091952323914,33,4,0.8787878787878788
500,H,6,integrated_gradients,0.9,match_ig_baseline,scientific,-0.075496606528759,-0.07816200703382492,-0.07774557173252106,-0.06850533932447433,0.006991267204284668,0.009656667709350586,0.009240232408046722,0.002665400505065918,0.0022489652037620544,0.002665400505065918,0.0022489652037620544,33,4,0.8787878787878788
500,H,7,integrated_gradients,0.9,match_ig_baseline,scientific,-0.1105690747499466,-0.06876973807811737,-0.10949121415615082,,,,,0.041799336671829224,0.0010778605937957764,,,33,4,0.8787878787878788
500,H,8,integrated_gradients,0.9,match_ig_baseline,scientific,-0.10335616767406464,-0.05547037720680237,-0.09686283767223358,,,,,0.04788579046726227,0.006493330001831055,,,33,4,0.8787878787878788
500,C,0,gnnexplainer,0.9,match_ig_baseline,scientific,-3.034438371658325,-2.870509147644043,-4.629931926727295,-3.292292833328247,0.2578544616699219,0.4217836856842041,1.3376390933990479,0.16392922401428223,1.5954935550689697,0.16392922401428223,1.079784631729126,39,4,0.8974358974358975
500,C,0,integrated_gradients,0.9,match_ig_baseline,scientific,-3.034438371658325,-3.890767812728882,-3.146332263946533,-3.292292833328247,0.2578544616699219,0.5984749794006348,0.14596056938171387,0.8563294410705566,0.11189389228820801,0.3406205177307129,-0.11189389228820801,39,4,0.8974358974358975
500,C,1,gnnexplainer,0.9,match_ig_baseline,scientific,-7.740678310394287,-6.186666011810303,-6.636504173278809,-8.960823059082031,1.2201447486877441,2.7741570472717285,2.3243188858032227,1.5540122985839844,1.1041741371154785,1.5540122985839844,1.1041741371154785,39,4,0.8974358974358975
500,C,1,integrated_gradients,0.9,match_ig_baseline,scientific,-7.740678310394287,-5.6263813972473145,-6.780355453491211,-8.960823059082031,1.2201447486877441,3.334441661834717,2.1804676055908203,2.1142969131469727,0.9603228569030762,2.1142969131469727,0.9603228569030762,39,4,0.8974358974358975
500,C,2,gnnexplainer,0.9,match_ig_baseline,scientific,-1.4245024919509888,-2.1900885105133057,-1.9375964403152466,-1.6536439657211304,0.2291414737701416,0.5364445447921753,0.2839524745941162,0.7655860185623169,0.5130939483642578,0.3073030710220337,0.05481100082397461,39,4,0.8974358974358975
500,C,2,integrated_gradients,0.9,match_ig_baseline,scientific,-1.4245024919509888,-2.886521816253662,-1.3551236391067505,-1.6536439657211304,0.2291414737701416,1.2328778505325317,0.2985203266143799,1.4620193243026733,0.06937885284423828,1.0037363767623901,0.06937885284423828,39,4,0.8974358974358975
500,C,3,gnnexplainer,0.9,match_ig_baseline,scientific,-1.2647517919540405,-1.9456243515014648,-1.6442135572433472,-1.4779253005981445,0.213173508644104,0.4676990509033203,0.16628825664520264,0.6808725595474243,0.37946176528930664,0.2545255422592163,-0.04688525199890137,39,4,0.8974358974358975
500,C,3,integrated_gradients,0.9,match_ig_baseline,scientific,-1.2647517919540405,-2.765946865081787,-1.2400259971618652,-1.4779253005981445,0.213173508644104,1.2880215644836426,0.2378993034362793,1.5011950731277466,0.024725794792175293,1.0748480558395386,0.024725794792175293,39,4,0.8974358974358975
500,C,4,gnnexplainer,0.9,match_ig_baseline,scientific,-2.3937554359436035,-3.5282132625579834,-2.2530696392059326,-2.5561444759368896,0.16238903999328613,0.9720687866210938,0.30307483673095703,1.1344578266143799,0.1406857967376709,0.8096797466278076,0.1406857967376709,39,4,0.8974358974358975
500,C,4,integrated_gradients,0.9,match_ig_baseline,scientific,-2.3937554359436035,-3.538506269454956,-2.3497960567474365,-2.5561444759368896,0.16238903999328613,0.9823617935180664,0.20634841918945312,1.1447508335113525,0.04395937919616699,0.8199727535247803,0.04395937919616699,39,4,0.8974358974358975
510,H,0,gnnexplainer,0.9,match_ig_baseline,scientific,-0.0641452819108963,-0.07564947754144669,-0.0731806755065918,-0.06858395785093307,0.004438675940036774,0.007065519690513611,0.004596717655658722,0.011504195630550385,0.009035393595695496,0.002626843750476837,0.00015804171562194824,33,4,0.8787878787878788
510,H,0,integrated_gradients,0.9,match_ig_baseline,scientific,-0.0641452819108963,-0.0638226792216301,-0.06299839168787003,-0.06858395785093307,0.004438675940036774,0.0047612786293029785,0.005585566163063049,0.00032260268926620483,0.0011468902230262756,0.00032260268926620483,0.0011468902230262756,33,4,0.8787878787878788
510,H,1,gnnexplainer,0.9,match_ig_baseline,scientific,-0.07207746058702469,-0.06654494255781174,-0.053258996456861496,-0.10737372934818268,0.03529626876115799,0.04082878679037094,0.05411473289132118,0.005532518029212952,0.018818464130163193,0.005532518029212952,0.018818464130163193,33,4,0.8787878787878788
510,H,1,integrated_gradients,0.9,match_ig_baseline,scientific,-0.07207746058702469,-0.06567557156085968,-0.07315728813409805,-0.10737372934818268,0.03529626876115799,0.041698157787323,0.034216441214084625,0.0064018890261650085,0.0010798275470733643,0.0064018890261650085,-0.0010798275470733643,33,4,0.8787878787878788
510,H,2,gnnexplainer,0.9,match_ig_baseline,scientific,-0.054743897169828415,-0.06277882307767868,-0.056169457733631134,-0.030469827353954315,0.0242740698158741,0.032308995723724365,0.02569963037967682,0.008034925907850266,0.0014255605638027191,0.008034925907850266,0.0014255605638027191,33,4,0.8787878787878788
510,H,2,integrated_gradients,0.9,match_ig_baseline,scientific,-0.054743897169828415,-0.052186012268066406,-0.05308534950017929,-0.030469827353954315,0.0242740698158741,0.02171618491411209,0.022615522146224976,0.0025578849017620087,0.0016585476696491241,-0.0025578849017620087,-0.0016585476696491241,33,4,0.8787878787878788
510,H,3,gnnexplainer,0.9,match_ig_baseline,scientific,-0.0725153461098671,-0.10389941930770874,-0.04231911897659302,-0.1194084882736206,0.04689314216375351,0.015509068965911865,0.07708936929702759,0.031384073197841644,0.03019622713327408,-0.031384073197841644,0.03019622713327408,33,4,0.8787878787878788
510,H,3,integrated_gradients,0.9,match_ig_baseline,scientific,-0.0725153461098671,-0.05634290724992752,-0.07628503441810608,-0.1194084882736206,0.04689314216375351,0.06306558102369308,0.043123453855514526,0.016172438859939575,0.003769688308238983,0.016172438859939575,-0.003769688308238983,33,4,0.8787878787878788
510,H,4,gnnexplainer,0.9,match_ig_baseline,scientific,-0.06956268846988678,-0.061551544815301895,-0.07308940589427948,-0.058769065886735916,0.010793622583150864,0.002782478928565979,0.014320340007543564,0.008011143654584885,0.0035267174243927,-0.008011143654584885,0.0035267174243927,33,4,0.8787878787878788
510,H,4,integrated_gradients,0.9,match_ig_baseline,scientific,-0.06956268846988678,-0.060101721435785294,-0.06873488426208496,-0.058769065886735916,0.010793622583150864,0.0013326555490493774,0.009965818375349045,0.009460967034101486,0.0008278042078018188,-0.009460967034101486,-0.0008278042078018188,33,4,0.8787878787878788
510,H,5,gnnexplainer,0.9,match_ig_baseline,scientific,-0.06805552542209625,-0.0747048631310463,-0.03687258064746857,-0.07969000190496445,0.011634476482868195,0.004985138773918152,0.04281742125749588,0.006649337708950043,0.031182944774627686,-0.006649337708950043,0.031182944774627686,33,4,0.8787878787878788
510,H,5,integrated_gradients,0.9,match_ig_baseline,scientific,-0.06805552542209625,-0.061641428619623184,-0.06925724446773529,-0.07969000190496445,0.011634476482868195,0.018048573285341263,0.010432757437229156,0.006414096802473068,0.001201719045639038,0.006414096802473068,-0.001201719045639038,33,4,0.8787878787878788
510,H,6,gnnexplainer,0.9,match_ig_baseline,scientific,-0.040923863649368286,-0.04096458852291107,-0.04018641263246536,-0.04133903980255127,0.0004151761531829834,0.00037445127964019775,0.001152627170085907,4.0724873542785645e-05,0.0007374510169029236,-4.0724873542785645e-05,0.0007374510169029236,33,4,0.8787878787878788
510,H,6,integrated_gradients,0.9,match_ig_baseline,scientific,-0.040923863649368286,-0.051899462938308716,-0.046060964465141296,-0.04133903980255127,0.0004151761531829834,0.010560423135757446,0.004721924662590027,0.01097559928894043,0.00513710081577301,0.010145246982574463,0.0043067485094070435,33,4,0.8787878787878788
510,H,7,gnnexplainer,0.9,match_ig_baseline,scientific,-0.02234116941690445,-0.04077862575650215,-0.02273210510611534,-0.03561985865235329,0.013278689235448837,0.005158767104148865,0.012887753546237946,0.018437456339597702,0.0003909356892108917,-0.008119922131299973,-0.0003909356892108917,33,4,0.8787878787878788
510,H,7,integrated_gradients,0.9,match_ig_baseline,scientific,-0.02234116941690445,-0.05344310402870178,-0.021107666194438934,-0.03561985865235329,0.013278689235448837,0.017823245376348495,0.014512192457914352,0.031101934611797333,0.0012335032224655151,0.004544556140899658,0.0012335032224655151,33,4,0.8787878787878788
510,H,8,gnnexplainer,0.9,match_ig_baseline,scientific,-0.057253893464803696,-0.05830668658018112,-0.040233053267002106,-0.0713830441236496,0.014129150658845901,0.013076357543468475,0.03114999085664749,0.0010527931153774261,0.01702084019780159,-0.0010527931153774261,0.01702084019780159,33,4,0.8787878787878788
510,H,8,integrated_gradients,0.9,match_ig_baseline,scientific,-0.057253893464803696,-0.05927886813879013,-0.05391167476773262,-0.0713830441236496,0.014129150658845901,0.012104175984859467,0.017471369355916977,0.002024974673986435,0.0033422186970710754,-0.002024974673986435,0.0033422186970710754,33,4,0.8787878787878788
510,H,9,gnnexplainer,0.9,match_ig_baseline,scientific,-0.06739038974046707,-0.07061055302619934,-0.06375430524349213,-0.08068999648094177,0.013299606740474701,0.010079443454742432,0.016935691237449646,0.0032201632857322693,0.003636084496974945,-0.0032201632857322693,0.003636084496974945,33,4,0.8787878787878788
510,H,9,integrated_gradients,0.9,match_ig_baseline,scientific,-0.06739038974046707,-0.05924110487103462,-0.06678127497434616,-0.08068999648094177,0.013299606740474701,0.02144889160990715,0.013908721506595612,0.00814928486943245,0.0006091147661209106,0.00814928486943245,0.0006091147661209106,33,4,0.8787878787878788
510,C,0,gnnexplainer,0.9,match_ig_baseline,scientific,-3.183384895324707,-4.110184192657471,-2.4619412422180176,-2.6794397830963135,0.5039451122283936,1.4307444095611572,0.2174985408782959,0.9267992973327637,0.7214436531066895,0.9267992973327637,-0.28644657135009766,39,4,0.8974358974358975
510,C,0,integrated_gradients,0.9,match_ig_baseline,scientific,-3.183384895324707,-3.4441475868225098,-3.270371913909912,-2.6794397830963135,0.5039451122283936,0.7647078037261963,0.5909321308135986,0.26076269149780273,0.08698701858520508,0.26076269149780273,0.08698701858520508,39,4,0.8974358974358975
510,C,1,gnnexplainer,0.9,match_ig_baseline,scientific,-2.929103136062622,-4.085625171661377,-2.5073843002319336,-2.8548877239227295,0.07421541213989258,1.2307374477386475,0.3475034236907959,1.1565220355987549,0.4217188358306885,1.1565220355987549,0.2732880115509033,39,4,0.8974358974358975
510,C,1,integrated_gradients,0.9,match_ig_baseline,scientific,-2.929103136062622,-3.345801591873169,-2.7044901847839355,-2.8548877239227295,0.07421541213989258,0.49091386795043945,0.15039753913879395,0.4166984558105469,0.22461295127868652,0.4166984558105469,0.07618212699890137,39,4,0.8974358974358975
510,C,2,gnnexplainer,0.9,match_ig_baseline,scientific,-4.82141637802124,-6.518216133117676,-3.7569525241851807,-4.148713111877441,0.6727032661437988,2.3695030212402344,0.39176058769226074,1.6967997550964355,1.0644638538360596,1.6967997550964355,-0.2809426784515381,39,4,0.8974358974358975
510,C,2,integrated_gradients,0.9,match_ig_baseline,scientific,-4.82141637802124,-4.367759704589844,-5.989022731781006,-4.148713111877441,0.6727032661437988,0.21904659271240234,1.8403096199035645,0.4536566734313965,1.1676063537597656,-0.4536566734313965,1.1676063537597656,39,4,0.8974358974358975
510,C,3,gnnexplainer,0.9,match_ig_baseline,scientific,-1.93549382686615,-3.176079511642456,-2.3279519081115723,-0.3196980357170105,1.6157957911491394,2.8563814759254456,2.0082538723945618,1.2405856847763062,0.39245808124542236,1.2405856847763062,0.39245808124542236,39,4,0.8974358974358975
510,C,3,integrated_gradients,0.9,match_ig_baseline,scientific,-1.93549382686615,-3.4199259281158447,-1.681492805480957,-0.3196980357170105,1.6157957911491394,3.1002278923988342,1.3617947697639465,1.4844321012496948,0.25400102138519287,1.4844321012496948,-0.25400102138519287,39,4,0.8974358974358975
510,C,4,gnnexplainer,0.9,match_ig_baseline,scientific,-0.8245482444763184,-1.733303189277649,-1.6376703977584839,-0.5578681230545044,0.26668012142181396,1.1754350662231445,1.0798022747039795,0.9087549448013306,0.8131221532821655,0.9087549448013306,0.8131221532821655,39,4,0.8974358974358975
510,C,4,integrated_gradients,0.9,match_ig_baseline,scientific,-0.8245482444763184,-2.957139253616333,-0.802504301071167,-0.5578681230545044,0.26668012142181396,2.3992711305618286,0.2446361780166626,2.1325910091400146,0.022043943405151367,2.1325910091400146,-0.022043943405151367,39,4,0.8974358974358975
510,C,5,gnnexplainer,0.9,match_ig_baseline,scientific,-1.521938443183899,-2.5160226821899414,-1.6022549867630005,-0.3343559503555298,1.1875824928283691,2.1816667318344116,1.2678990364074707,0.9940842390060425,0.08031654357910156,0.9940842390060425,0.08031654357910156,39,4,0.8974358974358975
510,C,5,integrated_gradients,0.9,match_ig_baseline,scientific,-1.521938443183899,-3.1777870655059814,-1.4707337617874146,-0.3343559503555298,1.1875824928283691,2.8434311151504517,1.1363778114318848,1.6558486223220825,0.051204681396484375,1.6558486223220825,-0.051204681396484375,39,4,0.8974358974358975
520,H,0,gnnexplainer,0.9,match_ig_baseline,scientific,-0.07483188062906265,-0.0956624448299408,-0.10175750404596329,-0.08798813819885254,0.013156257569789886,0.007674306631088257,0.013769365847110748,0.020830564200878143,0.026925623416900635,-0.00548195093870163,0.0006131082773208618,33,4,0.8787878787878788
520,H,0,integrated_gradients,0.9,match_ig_baseline,scientific,-0.07483188062906265,-0.11522866040468216,-0.08400681614875793,-0.08798813819885254,0.013156257569789886,0.02724052220582962,0.0039813220500946045,0.04039677977561951,0.009174935519695282,0.014084264636039734,-0.009174935519695282,33,4,0.8787878787878788
520,H,1,gnnexplainer,0.9,match_ig_baseline,scientific,-0.0839877501130104,-0.09445136785507202,-0.13515062630176544,-0.07020726054906845,0.013780489563941956,0.02424410730600357,0.06494336575269699,0.010463617742061615,0.051162876188755035,0.010463617742061615,0.051162876188755035,33,4,0.8787878787878788
520,H,1,integrated_gradients,0.9,match_ig_baseline,scientific,-0.0839877501130104,-0.12157784402370453,-0.08437614142894745,-0.07020726054906845,0.013780489563941956,0.05137058347463608,0.014168880879878998,0.03759009391069412,0.00038839131593704224,0.03759009391069412,0.00038839131593704224,33,4,0.8787878787878788
520,H,2,gnnexplainer,0.9,match_ig_baseline,scientific,-0.09250085800886154,-0.10697914659976959,-0.13181108236312866,-0.09876027703285217,0.006259419023990631,0.00821886956691742,0.03305080533027649,0.01447828859090805,0.03931022435426712,0.0019594505429267883,0.026791386306285858,33,4,0.8787878787878788
520,H,2,integrated_gradients,0.9,match_ig_baseline,scientific,-0.09250085800886154,-0.12039744108915329,-0.09369124472141266,-0.09876027703285217,0.006259419023990631,0.021637164056301117,0.005069032311439514,0.027896583080291748,0.001190386712551117,0.015377745032310486,-0.001190386712551117,33,4,0.8787878787878788
520,H,3,gnnexplainer,0.9,match_ig_baseline,scientific,-0.08420766144990921,-0.062238093465566635,-0.12742576003074646,-0.08206676691770554,0.0021408945322036743,0.0198286734521389,0.045358993113040924,0.021969567984342575,0.04321809858083725,0.017687778919935226,0.04321809858083725,33,4,0.8787878787878788
520,H,3,integrated_gradients,0.9,match_ig_baseline,scientific,-0.08420766144990921,-0.11966776847839355,-0.09431181848049164,-0.08206676691770554,0.0021408945322036743,0.03760100156068802,0.012245051562786102,0.035460107028484344,0.010104157030582428,0.035460107028484344,0.010104157030582428,33,4,0.8787878787878788
520,H,4,gnnexplainer,0.9,match_ig_baseline,scientific,-0.09416072070598602,-0.09599502384662628,-0.09833339601755142,-0.10170742124319077,0.007546700537204742,0.005712397396564484,0.0033740252256393433,0.0018343031406402588,0.004172675311565399,-0.0018343031406402588,-0.004172675311565399,33,4,0.8787878787878788
520,H,4,integrated_gradients,0.9,match_ig_baseline,scientific,-0.09416072070598602,-0.08176718652248383,-0.09870146214962006,-0.10170742124319077,0.007546700537204742,0.01994023472070694,0.0030059590935707092,0.012393534183502197,0.004540741443634033,0.012393534183502197,-0.004540741443634033,33,4,0.8787878787878788
520,H,5,gnnexplainer,0.9,match_ig_baseline,scientific,-0.09825107455253601,-0.11225712299346924,-0.07775551080703735,-0.1209438294172287,0.022692754864692688,0.00868670642375946,0.043188318610191345,0.014006048440933228,0.020495563745498657,-0.014006048440933228,0.020495563745498657,33,4,0.8787878787878788
520,H,5,integrated_gradients,0.9,match_ig_baseline,scientific,-0.09825107455253601,-0.08242649585008621,-0.10056166350841522,-0.1209438294172287,0.022692754864692688,0.03851733356714249,0.020382165908813477,0.0158245787024498,0.0023105889558792114,0.0158245787024498,-0.0023105889558792114,33,4,0.8787878787878788
520,H,6,gnnexplainer,0.9,match_ig_baseline,scientific,-0.09382067620754242,-0.10056519508361816,-0.10837217420339584,-0.11070739477872849,0.016886718571186066,0.010142199695110321,0.0023352205753326416,0.006744518876075745,0.014551497995853424,-0.006744518876075745,-0.014551497995853424,33,4,0.8787878787878788
520,H,6,integrated_gradients,0.9,match_ig_baseline,scientific,-0.09382067620754242,-0.08817388117313385,-0.09658513218164444,-0.11070739477872849,0.016886718571186066,0.022533513605594635,0.014122262597084045,0.005646795034408569,0.0027644559741020203,0.005646795034408569,-0.0027644559741020203,33,4,0.8787878787878788
520,H,7,gnnexplainer,0.9,match_ig_baseline,scientific,-0.08741485327482224,-0.09540381282567978,-0.08714587241411209,-0.07625960558652878,0.011155247688293457,0.019144207239151,0.010886266827583313,0.007988959550857544,0.00026898086071014404,0.007988959550857544,-0.00026898086071014404,33,4,0.8787878787878788
520,H,7,integrated_gradients,0.9,match_ig_baseline,scientific,-0.08741485327482224,-0.08536922931671143,-0.09485478699207306,-0.07625960558652878,0.011155247688293457,0.009109623730182648,0.01859518140554428,0.0020456239581108093,0.007439933717250824,-0.0020456239581108093,0.007439933717250824,33,4,0.8787878787878788
520,H,8,gnnexplainer,0.9,match_ig_baseline,scientific,-0.05939744412899017,-0.06104907765984535,-0.08676032721996307,-0.08428621292114258,0.024888768792152405,0.023237135261297226,0.0024741142988204956,0.0016516335308551788,0.0273628830909729,-0.0016516335308551788,-0.02241465449333191,33,4,0.8787878787878788
520,H,8,integrated_gradients,0.9,match_ig_baseline,scientific,-0.05939744412899017,-0.07782591879367828,-0.06711237877607346,-0.08428621292114258,0.024888768792152405,0.006460294127464294,0.017173834145069122,0.01842847466468811,0.0077149346470832825,-0.01842847466468811,-0.0077149346470832825,33,4,0.8787878787878788
520,H,9,gnnexplainer,0.9,match_ig_baseline,scientific,-0.09688574820756912,-0.09115453064441681,-0.08697027713060379,-0.09776833653450012,0.0008825883269309998,0.006613805890083313,0.010798059403896332,0.005731217563152313,0.009915471076965332,0.005731217563152313,0.009915471076965332,33,4,0.8787878787878788
520,H,9,integrated_gradients,0.9,match_ig_baseline,scientific,-0.09688574820756912,-0.0937870591878891,-0.10186047106981277,-0.09776833653450012,0.0008825883269309998,0.003981277346611023,0.004092134535312653,0.003098689019680023,0.004974722862243652,0.003098689019680023,0.003209546208381653,33,4,0.8787878787878788
520,H,10,gnnexplainer,0.9,match_ig_baseline,scientific,-0.059439800679683685,-0.0965283215045929,-0.08245392143726349,-0.05434755980968475,0.005092240869998932,0.04218076169490814,0.028106361627578735,0.03708852082490921,0.023014120757579803,0.03708852082490921,0.023014120757579803,33,4,0.8787878787878788
520,H,10,integrated_gradients,0.9,match_ig_baseline,scientific,-0.059439800679683685,-0.09368592500686646,-0.06433070451021194,-0.05434755980968475,0.005092240869998932,0.0393383651971817,0.009983144700527191,0.03424612432718277,0.004890903830528259,0.03424612432718277,0.004890903830528259,33,4,0.8787878787878788
520,H,11,gnnexplainer,0.9,match_ig_baseline,scientific,-0.1003698855638504,-0.08763876557350159,-0.12120748311281204,-0.10915524512529373,0.008785359561443329,0.021516479551792145,0.01205223798751831,0.012731119990348816,0.02083759754896164,0.012731119990348816,0.0032668784260749817,33,4,0.8787878787878788
520,H,11,integrated_gradients,0.9,match_ig_baseline,scientific,-0.1003698855638504,-0.1155988797545433,-0.09687650203704834,-0.10915524512529373,0.008785359561443329,0.006443634629249573,0.012278743088245392,0.015228994190692902,0.003493383526802063,-0.002341724932193756,0.003493383526802063,33,4,0.8787878787878788
520,C,0,gnnexplainer,0.9,match_ig_baseline,scientific,-1.1828290224075317,-1.9136050939559937,-1.8595905303955078,-1.3801279067993164,0.19729888439178467,0.5334771871566772,0.4794626235961914,0.7307760715484619,0.6767615079879761,0.3361783027648926,0.28216373920440674,39,4,0.8974358974358975
520,C,0,integrated_gradients,0.9,match_ig_baseline,scientific,-1.1828290224075317,-3.2357733249664307,-1.2249788045883179,-1.3801279067993164,0.19729888439178467,1.8556454181671143,0.15514910221099854,2.052944302558899,0.04214978218078613,1.6583465337753296,-0.04214978218078613,39,4,0.8974358974358975
520,C,1,gnnexplainer,0.9,match_ig_baseline,scientific,-1.3974918127059937,-3.242180824279785,-1.3738353252410889,-1.8805304765701294,0.48303866386413574,1.3616503477096558,0.5066951513290405,1.8446890115737915,0.023656487464904785,0.87861168384552,0.023656487464904785,39,4,0.8974358974358975
520,C,1,integrated_gradients,0.9,match_ig_baseline,scientific,-1.3974918127059937,-3.3169634342193604,-1.3709920644760132,-1.8805304765701294,0.48303866386413574,1.436432957649231,0.5095384120941162,1.9194716215133667,0.02649974822998047,0.9533942937850952,0.02649974822998047,39,4,0.8974358974358975
520,C,2,gnnexplainer,0.9,match_ig_baseline,scientific,-1.1253440380096436,-2.1211040019989014,-1.7972444295883179,-1.1852757930755615,0.05993175506591797,0.9358282089233398,0.6119686365127563,0.9957599639892578,0.6719003915786743,0.8758964538574219,0.5520368814468384,39,4,0.8974358974358975
520,C,2,integrated_gradients,0.9,match_ig_baseline,scientific,-1.1253440380096436,-2.99226713180542,-1.212239384651184,-1.1852757930755615,0.05993175506591797,1.8069913387298584,0.02696359157562256,1.8669230937957764,0.08689534664154053,1.7470595836639404,-0.03296816349029541,39,4,0.8974358974358975
520,C,3,gnnexplainer,0.9,match_ig_baseline,scientific,-3.0030300617218018,-4.577152729034424,-2.7598977088928223,-3.2553117275238037,0.25228166580200195,1.3218410015106201,0.49541401863098145,1.574122667312622,0.2431323528289795,1.0695593357086182,0.2431323528289795,39,4,0.8974358974358975
520,C,3,integrated_gradients,0.9,match_ig_baseline,scientific,-3.0030300617218018,-3.4008965492248535,-3.283585548400879,-3.2553117275238037,0.25228166580200195,0.1455848217010498,0.028273820877075195,0.39786648750305176,0.28055548667907715,-0.10669684410095215,-0.22400784492492676,39,4,0.8974358974358975
520,C,4,gnnexplainer,0.9,match_ig_baseline,scientific,-3.0563297271728516,-4.4726033210754395,-2.696638345718384,-3.4153201580047607,0.3589904308319092,1.0572831630706787,0.718681812286377,1.416273593902588,0.3596913814544678,0.6982927322387695,0.3596913814544678,39,4,0.8974358974358975
520,C,4,integrated_gradients,0.9,match_ig_baseline,scientific,-3.0563297271728516,-3.5055911540985107,-2.955193519592285,-3.4153201580047607,0.3589904308319092,0.09027099609375,0.4601266384124756,0.4492614269256592,0.1011362075805664,-0.2687194347381592,0.1011362075805664,39,4,0.8974358974358975
520,C,5,gnnexplainer,0.9,match_ig_baseline,scientific,-1.2444478273391724,-1.3624790906906128,-3.2913060188293457,-1.3090484142303467,0.06460058689117432,0.05343067646026611,1.982257604598999,0.11803126335144043,2.0468581914901733,-0.011169910430908203,1.9176570177078247,39,4,0.8974358974358975
520,C,5,integrated_gradients,0.9,match_ig_baseline,scientific,-1.2444478273391724,-2.7429609298706055,-1.2759991884231567,-1.3090484142303467,0.06460058689117432,1.4339125156402588,0.03304922580718994,1.498513102531433,0.031551361083984375,1.3693119287490845,-0.031551361083984375,39,4,0.8974358974358975
530,H,0,gnnexplainer,0.9,match_ig_baseline,scientific,-0.08534625172615051,-0.09635970741510391,-0.12128014862537384,-0.16678637266159058,0.08144012093544006,0.07042666524648666,0.045506224036216736,0.0110134556889534,0.03593389689922333,-0.0110134556889534,-0.03593389689922333,33,4,0.8787878787878788
530,H,0,integrated_gradients,0.9,match_ig_baseline,scientific,-0.08534625172615051,-0.07994415611028671,-0.10322938859462738,-0.16678637266159058,0.08144012093544006,0.08684221655130386,0.0635569840669632,0.0054020956158638,0.017883136868476868,0.0054020956158638,-0.017883136868476868,33,4,0.8787878787878788
530,H,1,gnnexplainer,0.9,match_ig_baseline,scientific,-0.09019753336906433,-0.10544835776090622,-0.08160854876041412,-0.13316234946250916,0.042964816093444824,0.027713991701602936,0.05155380070209503,0.015250824391841888,0.008588984608650208,-0.015250824391841888,0.008588984608650208,33,4,0.8787878787878788
530,H,1,integrated_gradients,0.9,match_ig_baseline,scientific,-0.09019753336906433,-0.08149471133947372,-0.1032027155160904,-0.13316234946250916,0.042964816093444824,0.05166763812303543,0.029959633946418762,0.008702822029590607,0.013005182147026062,0.008702822029590607,-0.013005182147026062,33,4,0.8787878787878788
530,H,2,gnnexplainer,0.9,match_ig_baseline,scientific,-0.030807171016931534,-0.04945927858352661,-0.036120738834142685,-0.0575319267809391,0.02672475576400757,0.00807264819741249,0.021411187946796417,0.018652107566595078,0.005313567817211151,-0.018652107566595078,-0.005313567817211151,33,4,0.8787878787878788
530,H,2,integrated_gradients,0.9,match_ig_baseline,scientific,-0.030807171016931534,-0.0390348955988884,-0.02868696302175522,-0.0575319267809391,0.02672475576400757,0.018497031182050705,0.028844963759183884,0.008227724581956863,0.0021202079951763153,-0.008227724581956863,0.0021202079951763153,33,4,0.8787878787878788
530,H,3,gnnexplainer,0.9,match_ig_baseline,scientific,-0.04008097946643829,-0.06823389232158661,-0.041982874274253845,-0.04089127480983734,0.0008102953433990479,0.027342617511749268,0.001091599464416504,0.028152912855148315,0.0019018948078155518,0.02653232216835022,0.00028130412101745605,33,4,0.8787878787878788
530,H,3,integrated_gradients,0.9,match_ig_baseline,scientific,-0.04008097946643829,-0.04161237180233002,-0.04542296379804611,-0.04089127480983734,0.0008102953433990479,0.0007210969924926758,0.004531688988208771,0.0015313923358917236,0.005341984331607819,-8.919835090637207e-05,0.003721393644809723,33,4,0.8787878787878788
530,H,4,gnnexplainer,0.9,match_ig_baseline,scientific,-0.03763440251350403,-0.021589267998933792,-0.01755554974079132,-0.06429433822631836,0.02665993571281433,0.04270507022738457,0.04673878848552704,0.016045134514570236,0.020078852772712708,0.016045134514570236,0.020078852772712708,33,4,0.8787878787878788
530,H,4,integrated_gradients,0.9,match_ig_baseline,scientific,-0.03763440251350403,-0.03689521551132202,-0.03775613009929657,-0.06429433822631836,0.02665993571281433,0.027399122714996338,0.02653820812702179,0.0007391870021820068,0.0001217275857925415,0.0007391870021820068,-0.0001217275857925415,33,4,0.8787878787878788
530,C,0,gnnexplainer,0.9,match_ig_baseline,scientific,-2.6694869995117188,-3.248075246810913,-1.989416241645813,-2.8974430561065674,0.22795605659484863,0.3506321907043457,0.9080268144607544,0.5785882472991943,0.6800707578659058,0.12267613410949707,0.6800707578659058,39,4,0.8974358974358975
530,C,0,integrated_gradients,0.9,match_ig_baseline,scientific,-2.6694869995117188,-3.1899607181549072,-2.658529043197632,-2.8974430561065674,0.22795605659484863,0.29251766204833984,0.23891401290893555,0.5204737186431885,0.010957956314086914,0.06456160545349121,0.010957956314086914,39,4,0.8974358974358975
530,C,1,gnnexplainer,0.9,match_ig_baseline,scientific,-3.2187187671661377,-4.368268013000488,-2.652270555496216,-2.7582390308380127,0.460479736328125,1.6100289821624756,0.10596847534179688,1.1495492458343506,0.5664482116699219,1.1495492458343506,-0.3545112609863281,39,4,0.8974358974358975
530,C,1,integrated_gradients,0.9,match_ig_baseline,scientific,-3.2187187671661377,-3.6711249351501465,-3.2229232788085938,-2.7582390308380127,0.460479736328125,0.9128859043121338,0.46468424797058105,0.4524061679840088,0.004204511642456055,0.4524061679840088,0.004204511642456055,39,4,0.8974358974358975
530,C,2,gnnexplainer,0.9,match_ig_baseline,scientific,-4.761256694793701,-3.401022434234619,-5.435611248016357,-4.5724406242370605,0.18881607055664062,1.1714181900024414,0.8631706237792969,1.360234260559082,0.6743545532226562,0.9826021194458008,0.6743545532226562,39,4,0.8974358974358975
530,C,2,integrated_gradients,0.9,match_ig_baseline,scientific,-4.761256694793701,-3.8207106590270996,-4.453290939331055,-4.5724406242370605,0.18881607055664062,0.7517299652099609,0.11914968490600586,0.9405460357666016,0.3079657554626465,0.5629138946533203,-0.06966638565063477,39,4,0.8974358974358975
540,H,0,gnnexplainer,0.9,match_ig_baseline,scientific,-0.22079989314079285,-0.1975802183151245,-0.2265101671218872,-0.23696942627429962,0.016169533133506775,0.03938920795917511,0.010459259152412415,0.023219674825668335,0.00571027398109436,0.023219674825668335,-0.00571027398109436,33,4,0.8787878787878788
540,H,0,integrated_gradients,0.9,match_ig_baseline,scientific,-0.22079989314079285,-0.1956675946712494,-0.2091168761253357,-0.23696942627429962,0.016169533133506775,0.04130183160305023,0.027852550148963928,0.025132298469543457,0.011683017015457153,0.025132298469543457,0.011683017015457153,33,4,0.8787878787878788
540,H,1,gnnexplainer,0.9,match_ig_baseline,scientific,-0.20938971638679504,-0.2049066722393036,-0.2241562008857727,-0.18371453881263733,0.025675177574157715,0.02119213342666626,0.040441662073135376,0.004483044147491455,0.014766484498977661,-0.004483044147491455,0.014766484498977661,33,4,0.8787878787878788
540,H,1,integrated_gradients,0.9,match_ig_baseline,scientific,-0.20938971638679504,-0.15729570388793945,-0.20993006229400635,-0.18371453881263733,0.025675177574157715,0.026418834924697876,0.02621552348136902,0.05209401249885559,0.0005403459072113037,0.0007436573505401611,0.0005403459072113037,33,4,0.8787878787878788
540,H,2,gnnexplainer,0.9,match_ig_baseline,scientific,-0.3819287121295929,-0.3643590807914734,-0.3747550845146179,-0.3960494101047516,0.014120697975158691,0.0316903293132782,0.021294325590133667,0.017569631338119507,0.007173627614974976,0.017569631338119507,0.007173627614974976,33,4,0.8787878787878788
540,H,2,integrated_gradients,0.9,match_ig_baseline,scientific,-0.3819287121295929,-0.29077354073524475,-0.40306973457336426,-0.3960494101047516,0.014120697975158691,0.10527586936950684,0.007020324468612671,0.09115517139434814,0.021141022443771362,0.09115517139434814,-0.0071003735065460205,33,4,0.8787878787878788
540,H,3,gnnexplainer,0.9,match_ig_baseline,scientific,-0.402263343334198,-0.30620959401130676,-0.3604545593261719,-0.371830016374588,0.030433326959609985,0.06562042236328125,0.011375457048416138,0.09605374932289124,0.04180878400802612,0.035187095403671265,-0.019057869911193848,33,4,0.8787878787878788
540,H,3,integrated_gradients,0.9,match_ig_baseline,scientific,-0.402263343334198,-0.29551419615745544,-0.39785832166671753,-0.371830016374588,0.030433326959609985,0.07631582021713257,0.026028305292129517,0.10674914717674255,0.004405021667480469,0.04588249325752258,-0.004405021667480469,33,4,0.8787878787878788
540,H,4,gnnexplainer,0.9,match_ig_baseline,scientific,-0.3794374167919159,-0.35765519738197327,-0.3993643820285797,-0.4645843207836151,0.08514690399169922,0.10692912340164185,0.0652199387550354,0.021782219409942627,0.01992696523666382,0.021782219409942627,-0.01992696523666382,33,4,0.8787878787878788
540,H,4,integrated_gradients,0.9,match_ig_baseline,scientific,-0.3794374167919159,-0.3279873728752136,-0.3920972943305969,-0.4645843207836151,0.08514690399169922,0.1365969479084015,0.07248702645301819,0.05145004391670227,0.01265987753868103,0.05145004391670227,-0.01265987753868103,33,4,0.8787878787878788
540,C,0,gnnexplainer,0.9,match_ig_baseline,scientific,-12.738444328308105,-11.410444259643555,-7.553653717041016,-12.523726463317871,0.21471786499023438,1.1132822036743164,4.9700727462768555,1.3280000686645508,5.18479061126709,0.898564338684082,4.755354881286621,39,4,0.8974358974358975
540,C,0,integrated_gradients,0.9,match_ig_baseline,scientific,-12.738444328308105,-7.908876419067383,-10.957326889038086,-12.523726463317871,0.21471786499023438,4.614850044250488,1.5663995742797852,4.829567909240723,1.7811174392700195,4.400132179260254,1.3516817092895508,39,4,0.8974358974358975
540,C,1,gnnexplainer,0.9,match_ig_baseline,scientific,-12.982415199279785,-12.661041259765625,-7.170682430267334,-13.155298233032227,0.1728830337524414,0.49425697326660156,5.984615802764893,0.32137393951416016,5.811732769012451,0.32137393951416016,5.811732769012451,39,4,0.8974358974358975
540,C,1,integrated_gradients,0.9,match_ig_baseline,scientific,-12.982415199279785,-7.767744064331055,-11.878746032714844,-13.155298233032227,0.1728830337524414,5.387554168701172,1.2765522003173828,5.2146711349487305,1.1036691665649414,5.2146711349487305,1.1036691665649414,39,4,0.8974358974358975
540,C,2,gnnexplainer,0.9,match_ig_baseline,scientific,-3.183546781539917,-4.916462421417236,-3.1758391857147217,-2.8943095207214355,0.28923726081848145,2.022152900695801,0.28152966499328613,1.7329156398773193,0.0077075958251953125,1.7329156398773193,-0.0077075958251953125,39,4,0.8974358974358975
540,C,2,integrated_gradients,0.9,match_ig_baseline,scientific,-3.183546781539917,-4.7330145835876465,-3.1170763969421387,-2.8943095207214355,0.28923726081848145,1.838705062866211,0.22276687622070312,1.5494678020477295,0.06647038459777832,1.5494678020477295,-0.06647038459777832,39,4,0.8974358974358975
540,C,3,gnnexplainer,0.9,match_ig_baseline,scientific,-9.12212085723877,-4.63690710067749,-9.934741020202637,-10.408849716186523,1.286728858947754,5.771942615509033,0.4741086959838867,4.485213756561279,0.8126201629638672,4.485213756561279,-0.8126201629638672,39,4,0.8974358974358975
540,C,3,integrated_gradients,0.9,match_ig_baseline,scientific,-9.12212085723877,-6.241273880004883,-9.819878578186035,-10.408849716186523,1.286728858947754,4.167575836181641,0.5889711380004883,2.8808469772338867,0.6977577209472656,2.8808469772338867,-0.6977577209472656,39,4,0.8974358974358975
550,H,0,gnnexplainer,0.9,match_ig_baseline,scientific,-0.21816495060920715,-0.16636747121810913,-0.25101789832115173,-0.20504797995090485,0.013116970658302307,0.038680508732795715,0.04596991837024689,0.05179747939109802,0.03285294771194458,0.025563538074493408,0.03285294771194458,33,4,0.8787878787878788
550,H,0,integrated_gradients,0.9,match_ig_baseline,scientific,-0.21816495060920715,-0.16209393739700317,-0.22664645314216614,-0.20504797995090485,0.013116970658302307,0.04295404255390167,0.02159847319126129,0.05607101321220398,0.008481502532958984,0.029837071895599365,0.008481502532958984,33,4,0.8787878787878788
550,H,1,gnnexplainer,0.9,match_ig_baseline,scientific,-0.23760801553726196,-0.2259259819984436,-0.2548120617866516,-0.25395262241363525,0.01634460687637329,0.02802664041519165,0.0008594393730163574,0.01168203353881836,0.01720404624938965,0.01168203353881836,-0.015485167503356934,33,4,0.8787878787878788
550,H,1,integrated_gradients,0.9,match_ig_baseline,scientific,-0.23760801553726196,-0.19322872161865234,-0.23883360624313354,-0.25395262241363525,0.01634460687637329,0.06072390079498291,0.015119016170501709,0.04437929391860962,0.001225590705871582,0.04437929391860962,-0.001225590705871582,33,4,0.8787878787878788
550,H,2,gnnexplainer,0.9,match_ig_baseline,scientific,-0.18680161237716675,-0.162975013256073,-0.15437129139900208,-0.1915663629770279,0.004764750599861145,0.028591349720954895,0.03719507157802582,0.02382659912109375,0.03243032097816467,0.02382659912109375,0.03243032097816467,33,4,0.8787878787878788
550,H,2,integrated_gradients,0.9,match_ig_baseline,scientific,-0.18680161237716675,-0.1351790428161621,-0.17947380244731903,-0.1915663629770279,0.004764750599861145,0.056387320160865784,0.012092560529708862,0.05162256956100464,0.007327809929847717,0.05162256956100464,0.007327809929847717,33,4,0.8787878787878788
550,H,3,gnnexplainer,0.9,match_ig_baseline,scientific,-0.18683534860610962,-0.14168518781661987,-0.21812492609024048,-0.19152235984802246,0.004687011241912842,0.04983717203140259,0.026602566242218018,0.045150160789489746,0.03128957748413086,0.045150160789489746,0.021915555000305176,33,4,0.8787878787878788
550,H,3,integrated_gradients,0.9,match_ig_baseline,scientific,-0.18683534860610962,-0.13521045446395874,-0.17950354516506195,-0.19152235984802246,0.004687011241912842,0.05631190538406372,0.01201881468296051,0.05162489414215088,0.0073318034410476685,0.05162489414215088,0.0073318034410476685,33,4,0.8787878787878788
550,H,4,gnnexplainer,0.9,match_ig_baseline,scientific,-0.2376207411289215,-0.17889586091041565,-0.21133652329444885,-0.253908634185791,0.016287893056869507,0.07501277327537537,0.04257211089134216,0.05872488021850586,0.026284217834472656,0.05872488021850586,0.026284217834472656,33,4,0.8787878787878788
550,H,4,integrated_gradients,0.9,match_ig_baseline,scientific,-0.2376207411289215,-0.1932414472103119,-0.23884913325309753,-0.253908634185791,0.016287893056869507,0.060667186975479126,0.015059500932693481,0.04437929391860962,0.0012283921241760254,0.04437929391860962,-0.0012283921241760254,33,4,0.8787878787878788
550,C,0,gnnexplainer,0.9,match_ig_baseline,scientific,-7.466970920562744,-6.7794013023376465,-7.149804592132568,-7.487302303314209,0.020331382751464844,0.7079010009765625,0.3374977111816406,0.6875696182250977,0.3171663284301758,0.6875696182250977,0.3171663284301758,39,4,0.8974358974358975
550,C,0,integrated_gradients,0.9,match_ig_baseline,scientific,-7.466970920562744,-5.277133464813232,-8.213128089904785,-7.487302303314209,0.020331382751464844,2.2101688385009766,0.7258257865905762,2.1898374557495117,0.746157169342041,2.1898374557495117,0.7054944038391113,39,4,0.8974358974358975
550,C,1,gnnexplainer,0.9,match_ig_baseline,scientific,-8.670175552368164,-7.256716728210449,-8.075069427490234,-8.586553573608398,0.08362197875976562,1.3298368453979492,0.5114841461181641,1.4134588241577148,0.5951061248779297,1.2462148666381836,0.42786216735839844,39,4,0.8974358974358975
550,C,1,integrated_gradients,0.9,match_ig_baseline,scientific,-8.670175552368164,-5.429751873016357,-9.053099632263184,-8.586553573608398,0.08362197875976562,3.156801700592041,0.46654605865478516,3.2404236793518066,0.38292407989501953,3.0731797218322754,0.38292407989501953,39,4,0.8974358974358975
550,C,2,gnnexplainer,0.9,match_ig_baseline,scientific,-7.088015079498291,-6.315186977386475,-5.495246887207031,-6.653168678283691,0.4348464012145996,0.3379817008972168,1.1579217910766602,0.7728281021118164,1.5927681922912598,-0.09686470031738281,0.7230753898620605,39,4,0.8974358974358975
550,C,2,integrated_gradients,0.9,match_ig_baseline,scientific,-7.088015079498291,-4.851332187652588,-7.364156246185303,-6.653168678283691,0.4348464012145996,1.8018364906311035,0.7109875679016113,2.236682891845703,0.2761411666870117,1.366990089416504,0.2761411666870117,39,4,0.8974358974358975
550,C,3,gnnexplainer,0.9,match_ig_baseline,scientific,-7.849673271179199,-3.802588939666748,-9.099235534667969,-8.760916709899902,0.9112434387207031,4.958327770233154,0.3383188247680664,4.047084331512451,1.2495622634887695,4.047084331512451,-0.5729246139526367,39,4,0.8974358974358975
550,C,3,integrated_gradients,0.9,match_ig_baseline,scientific,-7.849673271179199,-5.282179832458496,-6.8920159339904785,-8.760916709899902,0.9112434387207031,3.4787368774414062,1.8689007759094238,2.567493438720703,0.9576573371887207,2.567493438720703,0.9576573371887207,39,4,0.8974358974358975
550,C,4,gnnexplainer,0.9,match_ig_baseline,scientific,-7.088089466094971,-6.062792778015137,-5.989753246307373,-6.657597064971924,0.4304924011230469,0.5948042869567871,0.6678438186645508,1.025296688079834,1.0983362197875977,0.16431188583374023,0.2373514175415039,39,4,0.8974358974358975
550,C,4,integrated_gradients,0.9,match_ig_baseline,scientific,-7.088089466094971,-4.8510589599609375,-7.3641886711120605,-6.657597064971924,0.4304924011230469,1.8065381050109863,0.7065916061401367,2.237030506134033,0.27609920501708984,1.3760457038879395,0.27609920501708984,39,4,0.8974358974358975
550,C,5,gnnexplainer,0.9,match_ig_baseline,scientific,-8.670262336730957,-8.436433792114258,-6.877790927886963,-8.637860298156738,0.03240203857421875,0.20142650604248047,1.7600693702697754,0.23382854461669922,1.7924714088439941,0.16902446746826172,1.7276673316955566,39,4,0.8974358974358975
550,C,5,integrated_gradients,0.9,match_ig_baseline,scientific,-8.670262336730957,-5.429459571838379,-9.05289363861084,-8.637860298156738,0.03240203857421875,3.2084007263183594,0.41503334045410156,3.240802764892578,0.3826313018798828,3.1759986877441406,0.3826313018798828,39,4,0.8974358974358975
560,H,0,gnnexplainer,0.9,match_ig_baseline,scientific,-0.3207143545150757,-0.2790983021259308,-0.3114067018032074,-0.37208327651023865,0.051368921995162964,0.09298497438430786,0.06067657470703125,0.0416160523891449,0.009307652711868286,0.0416160523891449,0.009307652711868286,33,4,0.8787878787878788
560,H,0,integrated_gradients,0.9,match_ig_baseline,scientific,-0.3207143545150757,-0.23255014419555664,-0.3344669044017792,-0.37208327651023865,0.051368921995162964,0.139533132314682,0.03761637210845947,0.08816421031951904,0.013752549886703491,0.08816421031951904,-0.013752549886703491,33,4,0.8787878787878788
560,H,1,gnnexplainer,0.9,match_ig_baseline,scientific,-0.32242637872695923,-0.3083266019821167,-0.3215242624282837,-0.3541015088558197,0.031675130128860474,0.045774906873703,0.03257724642753601,0.01409977674484253,0.0009021162986755371,0.01409977674484253,0.0009021162986755371,33,4,0.8787878787878788
560,H,1,integrated_gradients,0.9,match_ig_baseline,scientific,-0.32242637872695923,-0.2872159779071808,-0.3161478042602539,-0.3541015088558197,0.031675130128860474,0.06688553094863892,0.037953704595565796,0.03521040081977844,0.006278574466705322,0.03521040081977844,0.006278574466705322,33,4,0.8787878787878788
560,H,2,gnnexplainer,0.9,match_ig_baseline,scientific,-0.11253227293491364,-0.1174270510673523,-0.15402308106422424,-0.10897886753082275,0.0035534054040908813,0.008448183536529541,0.04504421353340149,0.00489477813243866,0.04149080812931061,0.00489477813243866,0.04149080812931061,33,4,0.8787878787878788
560,H,2,integrated_gradients,0.9,match_ig_baseline,scientific,-0.11253227293491364,-0.12430018931627274,-0.12006601691246033,-0.10897886753082275,0.0035534054040908813,0.015321321785449982,0.011087149381637573,0.0117679163813591,0.007533743977546692,0.0117679163813591,0.007533743977546692,33,4,0.8787878787878788
560,H,3,gnnexplainer,0.9,match_ig_baseline,scientific,-0.13752040266990662,-0.14281684160232544,-0.09628318250179291,-0.1452067643404007,0.00768636167049408,0.0023899227380752563,0.04892358183860779,0.005296438932418823,0.04123722016811371,-0.005296438932418823,0.04123722016811371,33,4,0.8787878787878788
560,H,3,integrated_gradients,0.9,match_ig_baseline,scientific,-0.13752040266990662,-0.12357046455144882,-0.13222093880176544,-0.1452067643404007,0.00768636167049408,0.021636299788951874,0.012985825538635254,0.013949938118457794,0.005299463868141174,0.013949938118457794,0.005299463868141174,33,4,0.8787878787878788
560,H,4,gnnexplainer,0.9,match_ig_baseline,scientific,-0.13224159181118011,-0.1612132489681244,-0.11965697258710861,-0.09958270192146301,0.0326588898897171,0.06163054704666138,0.0200742706656456,0.028971657156944275,0.012584619224071503,0.028971657156944275,-0.012584619224071503,33,4,0.8787878787878788
560,H,4,integrated_gradients,0.9,match_ig_baseline,scientific,-0.13224159181118011,-0.1146908551454544,-0.12782889604568481,-0.09958270192146301,0.0326588898897171,0.015108153223991394,0.028246194124221802,0.017550736665725708,0.0044126957654953,-0.017550736665725708,-0.0044126957654953,33,4,0.8787878787878788
560,C,0,gnnexplainer,0.9,match_ig_baseline,scientific,-8.111145973205566,-6.96146821975708,-6.473896026611328,-7.71408224105835,0.3970637321472168,0.7526140213012695,1.2401862144470215,1.1496777534484863,1.6372499465942383,0.35555028915405273,0.8431224822998047,39,4,0.8974358974358975
560,C,0,integrated_gradients,0.9,match_ig_baseline,scientific,-8.111145973205566,-5.659630298614502,-6.902956485748291,-7.71408224105835,0.3970637321472168,2.0544519424438477,0.8111257553100586,2.4515156745910645,1.2081894874572754,1.6573882102966309,0.4140620231628418,39,4,0.8974358974358975
560,C,1,gnnexplainer,0.9,match_ig_baseline,scientific,-21.60605239868164,-16.568870544433594,-4.787485122680664,-21.820945739746094,0.21489334106445312,5.2520751953125,17.03346061706543,5.037181854248047,16.818567276000977,5.037181854248047,16.818567276000977,39,4,0.8974358974358975
560,C,1,integrated_gradients,0.9,match_ig_baseline,scientific,-21.60605239868164,-4.405510425567627,-14.992636680603027,-21.820945739746094,0.21489334106445312,17.415435314178467,6.828309059143066,17.200541973114014,6.613415718078613,17.200541973114014,6.613415718078613,39,4,0.8974358974358975
560,C,2,gnnexplainer,0.9,match_ig_baseline,scientific,-9.139358520507812,-7.16498327255249,-7.5219950675964355,-9.405034065246582,0.26567554473876953,2.240050792694092,1.8830389976501465,1.9743752479553223,1.617363452911377,1.9743752479553223,1.617363452911377,39,4,0.8974358974358975
560,C,2,integrated_gradients,0.9,match_ig_baseline,scientific,-9.139358520507812,-6.282284736633301,-8.51442813873291,-9.405034065246582,0.26567554473876953,3.1227493286132812,0.8906059265136719,2.8570737838745117,0.6249303817749023,2.8570737838745117,0.6249303817749023,39,4,0.8974358974358975
560,C,3,gnnexplainer,0.9,match_ig_baseline,scientific,-14.056706428527832,-6.116872310638428,-15.122018814086914,-14.057149887084961,0.00044345855712890625,7.940277576446533,1.0648689270019531,7.939834117889404,1.065312385559082,7.939834117889404,1.0644254684448242,39,4,0.8974358974358975
560,C,3,integrated_gradients,0.9,match_ig_baseline,scientific,-14.056706428527832,-6.2202067375183105,-12.492493629455566,-14.057149887084961,0.00044345855712890625,7.83694314956665,1.5646562576293945,7.8364996910095215,1.5642127990722656,7.8364996910095215,1.5642127990722656,39,4,0.8974358974358975
560,C,4,gnnexplainer,0.9,match_ig_baseline,scientific,-1.9412438869476318,-3.1986703872680664,-2.6367151737213135,-1.653899908065796,0.28734397888183594,1.5447704792022705,0.9828152656555176,1.2574265003204346,0.6954712867736816,1.2574265003204346,0.6954712867736816,39,4,0.8974358974358975
560,C,4,integrated_gradients,0.9,match_ig_baseline,scientific,-1.9412438869476318,-2.9849209785461426,-2.213188648223877,-1.653899908065796,0.28734397888183594,1.3310210704803467,0.559288740158081,1.0436770915985107,0.2719447612762451,1.0436770915985107,0.2719447612762451,39,4,0.8974358974358975
570,H,0,gnnexplainer,0.9,match_ig_baseline,scientific,-0.04078424349427223,-0.056370556354522705,-0.05569879338145256,-0.05070741847157478,0.009923174977302551,0.005663137882947922,0.004991374909877777,0.015586312860250473,0.014914549887180328,-0.0042600370943546295,-0.004931800067424774,33,4,0.8787878787878788
570,H,0,integrated_gradients,0.9,match_ig_baseline,scientific,-0.04078424349427223,-0.06388396769762039,-0.04372303560376167,-0.05070741847157478,0.009923174977302551,0.013176549226045609,0.00698438286781311,0.02309972420334816,0.002938792109489441,0.0032533742487430573,-0.002938792109489441,33,4,0.8787878787878788
570,H,1,gnnexplainer,0.9,match_ig_baseline,scientific,-0.03742873668670654,-0.054271239787340164,-0.061959199607372284,-0.030681097880005836,0.0067476388067007065,0.023590141907334328,0.03127810172736645,0.01684250310063362,0.02453046292066574,0.01684250310063362,0.02453046292066574,33,4,0.8787878787878788
570,H,1,integrated_gradients,0.9,match_ig_baseline,scientific,-0.03742873668670654,-0.0609554648399353,-0.0402657575905323,-0.030681097880005836,0.0067476388067007065,0.030274366959929466,0.009584659710526466,0.02352672815322876,0.00283702090382576,0.02352672815322876,0.00283702090382576,33,4,0.8787878787878788
570,H,2,gnnexplainer,0.9,match_ig_baseline,scientific,-0.03891298547387123,-0.06602123379707336,-0.0665917620062828,-0.057856567203998566,0.018943581730127335,0.008164666593074799,0.00873519480228424,0.027108248323202133,0.027678776532411575,-0.010778915137052536,-0.010208386927843094,33,4,0.8787878787878788
570,H,2,integrated_gradients,0.9,match_ig_baseline,scientific,-0.03891298547387123,-0.059376467019319534,-0.04201865568757057,-0.057856567203998566,0.018943581730127335,0.0015198998153209686,0.015837911516427994,0.020463481545448303,0.003105670213699341,-0.017423681914806366,-0.003105670213699341,33,4,0.8787878787878788
570,H,3,gnnexplainer,0.9,match_ig_baseline,scientific,-0.09598304331302643,-0.14468806982040405,-0.09465903788805008,-0.06626889854669571,0.02971414476633072,0.07841917127370834,0.02839013934135437,0.048705026507377625,0.0013240054249763489,0.048705026507377625,-0.0013240054249763489,33,4,0.8787878787878788
570,H,3,integrated_gradients,0.9,match_ig_baseline,scientific,-0.09598304331302643,-0.13583113253116608,-0.08908656984567642,-0.06626889854669571,0.02971414476633072,0.06956223398447037,0.022817671298980713,0.03984808921813965,0.006896473467350006,0.03984808921813965,-0.006896473467350006,33,4,0.8787878787878788
570,H,4,gnnexplainer,0.9,match_ig_baseline,scientific,-0.13319672644138336,-0.139909565448761,-0.1468641459941864,-0.1481378972530365,0.014941170811653137,0.008228331804275513,0.0012737512588500977,0.0067128390073776245,0.01366741955280304,-0.0067128390073776245,-0.01366741955280304,33,4,0.8787878787878788
570,H,4,integrated_gradients,0.9,match_ig_baseline,scientific,-0.13319672644138336,-0.13630980253219604,-0.14369365572929382,-0.1481378972530365,0.014941170811653137,0.011828094720840454,0.004444241523742676,0.003113076090812683,0.010496929287910461,-0.003113076090812683,-0.010496929287910461,33,4,0.8787878787878788
570,H,5,gnnexplainer,0.9,match_ig_baseline,scientific,-0.14630435407161713,-0.15687668323516846,-0.14962667226791382,-0.1412951648235321,0.005009189248085022,0.015581518411636353,0.008331507444381714,0.01057232916355133,0.003322318196296692,0.01057232916355133,0.003322318196296692,33,4,0.8787878787878788
570,H,5,integrated_gradients,0.9,match_ig_baseline,scientific,-0.14630435407161713,-0.15885713696479797,-0.15178757905960083,-0.1412951648235321,0.005009189248085022,0.01756197214126587,0.010492414236068726,0.012552782893180847,0.005483224987983704,0.012552782893180847,0.005483224987983704,33,4,0.8787878787878788
570,H,6,gnnexplainer,0.9,match_ig_baseline,scientific,-0.13606444001197815,-0.12515349686145782,-0.1808338463306427,-0.1590236872434616,0.02295924723148346,0.033870190382003784,0.02181015908718109,0.010910943150520325,0.04476940631866455,0.010910943150520325,-0.0011490881443023682,33,4,0.8787878787878788
570,H,6,integrated_gradients,0.9,match_ig_baseline,scientific,-0.13606444001197815,-0.16076360642910004,-0.13884297013282776,-0.1590236872434616,0.02295924723148346,0.0017399191856384277,0.02018071711063385,0.024699166417121887,0.0027785301208496094,-0.021219328045845032,-0.0027785301208496094,33,4,0.8787878787878788
570,H,7,gnnexplainer,0.9,match_ig_baseline,scientific,-0.08489236235618591,-0.025238513946533203,-0.09624817222356796,-0.08626879006624222,0.001376427710056305,0.061030276119709015,0.009979382157325745,0.05965384840965271,0.01135580986738205,0.05965384840965271,0.00860295444726944,33,4,0.8787878787878788
570,H,7,integrated_gradients,0.9,match_ig_baseline,scientific,-0.08489236235618591,-0.0659564882516861,-0.08236534893512726,-0.08626879006624222,0.001376427710056305,0.020312301814556122,0.0039034411311149597,0.018935874104499817,0.002527013421058655,0.018935874104499817,0.002527013421058655,33,4,0.8787878787878788
570,H,8,gnnexplainer,0.9,match_ig_baseline,scientific,-0.093735471367836,-0.08650718629360199,-0.06300422549247742,-0.07775163650512695,0.015983834862709045,0.008755549788475037,0.014747411012649536,0.007228285074234009,0.03073124587535858,-0.007228285074234009,-0.0012364238500595093,33,4,0.8787878787878788
570,H,8,integrated_gradients,0.9,match_ig_baseline,scientific,-0.093735471367836,-0.06955969333648682,-0.08737033605575562,-0.07775163650512695,0.015983834862709045,0.008191943168640137,0.009618699550628662,0.024175778031349182,0.006365135312080383,-0.007791891694068909,-0.006365135312080383,33,4,0.8787878787878788
570,C,0,gnnexplainer,0.9,match_ig_baseline,scientific,-0.3928559422492981,-0.7304309010505676,-1.3365951776504517,-0.6006723046302795,0.20781636238098145,0.12975859642028809,0.7359228730201721,0.33757495880126953,0.9437392354011536,-0.07805776596069336,0.5281065106391907,39,4,0.8974358974358975
570,C,0,integrated_gradients,0.9,match_ig_baseline,scientific,-0.3928559422492981,-1.9688620567321777,-0.37775421142578125,-0.6006723046302795,0.20781636238098145,1.3681897521018982,0.2229180932044983,1.5760061144828796,0.015101730823516846,1.1603733897209167,0.015101730823516846,39,4,0.8974358974358975
570,C,1,gnnexplainer,0.9,match_ig_baseline,scientific,-2.5305607318878174,-4.808316230773926,-2.3516056537628174,-2.3829500675201416,0.14761066436767578,2.425366163253784,0.03134441375732422,2.2777554988861084,0.178955078125,2.2777554988861084,-0.11626625061035156,39,4,0.8974358974358975
570,C,1,integrated_gradients,0.9,match_ig_baseline,scientific,-2.5305607318878174,-3.5445761680603027,-2.918574810028076,-2.3829500675201416,0.14761066436767578,1.1616261005401611,0.5356247425079346,1.0140154361724854,0.3880140781402588,1.0140154361724854,0.3880140781402588,39,4,0.8974358974358975
570,C,2,gnnexplainer,0.9,match_ig_baseline,scientific,-2.6105427742004395,-4.519129753112793,-2.9487667083740234,-2.563300609588623,0.047242164611816406,1.95582914352417,0.3854660987854004,1.9085869789123535,0.338223934173584,1.9085869789123535,0.338223934173584,39,4,0.8974358974358975
570,C,2,integrated_gradients,0.9,match_ig_baseline,scientific,-2.6105427742004395,-3.6218748092651367,-3.23923397064209,-2.563300609588623,0.047242164611816406,1.0585741996765137,0.6759333610534668,1.0113320350646973,0.6286911964416504,1.0113320350646973,0.6286911964416504,39,4,0.8974358974358975
570,C,3,gnnexplainer,0.9,match_ig_baseline,scientific,-2.6095263957977295,-4.633900165557861,-1.6758743524551392,-2.3603243827819824,0.24920201301574707,2.273575782775879,0.6844500303268433,2.024373769760132,0.9336520433425903,2.024373769760132,0.4352480173110962,39,4,0.8974358974358975
570,C,3,integrated_gradients,0.9,match_ig_baseline,scientific,-2.6095263957977295,-2.3025963306427,-2.7257003784179688,-2.3603243827819824,0.24920201301574707,0.05772805213928223,0.36537599563598633,0.3069300651550293,0.11617398262023926,-0.19147396087646484,0.11617398262023926,39,4,0.8974358974358975
580,H,0,gnnexplainer,0.9,match_ig_baseline,scientific,-0.04235192760825157,-0.060608215630054474,-0.040203697979450226,-0.04554123803973198,0.0031893104314804077,0.015066977590322495,0.0053375400602817535,0.018256288021802902,0.002148229628801346,0.011877667158842087,0.002148229628801346,33,4,0.8787878787878788
580,H,0,integrated_gradients,0.9,match_ig_baseline,scientific,-0.04235192760825157,-0.0421745702624321,-0.033481527119874954,-0.04554123803973198,0.0031893104314804077,0.003366667777299881,0.012059710919857025,0.00017735734581947327,0.008870400488376617,0.00017735734581947327,0.008870400488376617,33,4,0.8787878787878788
580,H,1,gnnexplainer,0.9,match_ig_baseline,scientific,-0.043576814234256744,-0.0617806650698185,-0.015633784234523773,-0.04554123803973198,0.001964423805475235,0.016239427030086517,0.029907453805208206,0.018203850835561752,0.02794302999973297,0.014275003224611282,0.02794302999973297,33,4,0.8787878787878788
580,H,1,integrated_gradients,0.9,match_ig_baseline,scientific,-0.043576814234256744,-0.04417458176612854,-0.036375775933265686,-0.04554123803973198,0.001964423805475235,0.0013666562736034393,0.009165462106466293,0.0005977675318717957,0.007201038300991058,-0.0005977675318717957,0.007201038300991058,33,4,0.8787878787878788
580,H,2,gnnexplainer,0.9,match_ig_baseline,scientific,-0.043507542461156845,-0.06655079871416092,-0.0029104873538017273,-0.04399748146533966,0.0004899390041828156,0.02255331724882126,0.04108699411153793,0.023043256253004074,0.04059705510735512,0.022063378244638443,0.04059705510735512,33,4,0.8787878787878788
580,H,2,integrated_gradients,0.9,match_ig_baseline,scientific,-0.043507542461156845,-0.04414698854088783,-0.03631400316953659,-0.04399748146533966,0.0004899390041828156,0.000149507075548172,0.00768347829580307,0.0006394460797309875,0.0071935392916202545,-0.00034043192863464355,0.0071935392916202545,33,4,0.8787878787878788
580,H,3,gnnexplainer,0.9,match_ig_baseline,scientific,-0.0433424636721611,-0.046752557158470154,-0.025172017514705658,-0.045541051775217056,0.002198588103055954,0.0012115053832530975,0.0203690342605114,0.0034100934863090515,0.018170446157455444,-0.0009870827198028564,0.018170446157455444,33,4,0.8787878787878788
580,H,3,integrated_gradients,0.9,match_ig_baseline,scientific,-0.0433424636721611,-0.04386238753795624,-0.03626560792326927,-0.045541051775217056,0.002198588103055954,0.0016786642372608185,0.009275443851947784,0.0005199238657951355,0.0070768557488918304,-0.0005199238657951355,0.0070768557488918304,33,4,0.8787878787878788
580,H,4,gnnexplainer,0.9,match_ig_baseline,scientific,-0.0425414964556694,-0.05113651603460312,-0.026684578508138657,-0.045541051775217056,0.002999555319547653,0.005595464259386063,0.0188564732670784,0.008595019578933716,0.015856917947530746,0.0025959089398384094,0.015856917947530746,33,4,0.8787878787878788
580,H,4,integrated_gradients,0.9,match_ig_baseline,scientific,-0.0425414964556694,-0.042075544595718384,-0.03363299369812012,-0.045541051775217056,0.002999555319547653,0.0034655071794986725,0.011908058077096939,0.0004659518599510193,0.008908502757549286,0.0004659518599510193,0.008908502757549286,33,4,0.8787878787878788
580,H,5,gnnexplainer,0.9,match_ig_baseline,scientific,-0.04241779446601868,-0.052001938223838806,-0.04527530074119568,-0.04395351558923721,0.0015357211232185364,0.008048422634601593,0.0013217851519584656,0.00958414375782013,0.002857506275177002,0.006512701511383057,-0.0002139359712600708,33,4,0.8787878787878788
580,H,5,integrated_gradients,0.9,match_ig_baseline,scientific,-0.04241779446601868,-0.04212610423564911,-0.0335288941860199,-0.04395351558923721,0.0015357211232185364,0.0018274113535881042,0.010424621403217316,0.00029169023036956787,0.00888890027999878,0.00029169023036956787,0.00888890027999878,33,4,0.8787878787878788
580,H,6,gnnexplainer,0.9,match_ig_baseline,scientific,-0.04345360025763512,-0.056592244654893875,-0.025919340550899506,-0.04195351526141167,0.0015000849962234497,0.014638729393482208,0.01603417471051216,0.013138644397258759,0.01753425970673561,0.013138644397258759,0.014534089714288712,33,4,0.8787878787878788
580,H,6,integrated_gradients,0.9,match_ig_baseline,scientific,-0.04345360025763512,-0.043994463980197906,-0.0363117940723896,-0.04195351526141167,0.0015000849962234497,0.0020409487187862396,0.005641721189022064,0.0005408637225627899,0.007141806185245514,0.0005408637225627899,0.0041416361927986145,33,4,0.8787878787878788
580,H,7,gnnexplainer,0.9,match_ig_baseline,scientific,-0.043632037937641144,-0.06699587404727936,-0.010138221085071564,-0.04395327344536781,0.0003212355077266693,0.023042600601911545,0.03381505236029625,0.023363836109638214,0.03349381685256958,0.022721365094184875,0.03349381685256958,33,4,0.8787878787878788
580,H,7,integrated_gradients,0.9,match_ig_baseline,scientific,-0.043632037937641144,-0.04415956512093544,-0.03641875088214874,-0.04395327344536781,0.0003212355077266693,0.00020629167556762695,0.0075345225632190704,0.0005275271832942963,0.007213287055492401,-0.00011494383215904236,0.007213287055492401,33,4,0.8787878787878788
580,H,8,gnnexplainer,0.9,match_ig_baseline,scientific,-0.0435342900454998,-0.03957001864910126,-0.03553144633769989,-0.04654105380177498,0.003006763756275177,0.006971035152673721,0.011009607464075089,0.003964271396398544,0.008002843707799911,0.003964271396398544,0.008002843707799911,33,4,0.8787878787878788
580,H,8,integrated_gradients,0.9,match_ig_baseline,scientific,-0.0435342900454998,-0.04413870349526405,-0.03636299446225166,-0.04654105380177498,0.003006763756275177,0.0024023503065109253,0.010178059339523315,0.0006044134497642517,0.007171295583248138,-0.0006044134497642517,0.007171295583248138,33,4,0.8787878787878788
580,H,9,gnnexplainer,0.9,match_ig_baseline,scientific,-0.043753091245889664,-0.08858740329742432,-0.02456754446029663,-0.044953517615795135,0.0012004263699054718,0.04363388568162918,0.020385973155498505,0.04483431205153465,0.019185546785593033,0.04243345931172371,0.019185546785593033,33,4,0.8787878787878788
580,H,9,integrated_gradients,0.9,match_ig_baseline,scientific,-0.043753091245889664,-0.04438990354537964,-0.03645773231983185,-0.044953517615795135,0.0012004263699054718,0.0005636140704154968,0.008495785295963287,0.000636812299489975,0.0072953589260578156,-0.000636812299489975,0.0072953589260578156,33,4,0.8787878787878788
580,H,10,gnnexplainer,0.9,match_ig_baseline,scientific,-0.04323994368314743,-0.05017898231744766,-0.012678422033786774,-0.045541051775217056,0.002301108092069626,0.004637930542230606,0.03286262974143028,0.006939038634300232,0.030561521649360657,0.0023368224501609802,0.030561521649360657,33,4,0.8787878787878788
580,H,10,integrated_gradients,0.9,match_ig_baseline,scientific,-0.04323994368314743,-0.0438648946583271,-0.036169007420539856,-0.045541051775217056,0.002301108092069626,0.0016761571168899536,0.0093720443546772,0.0006249509751796722,0.0070709362626075745,-0.0006249509751796722,0.0070709362626075745,33,4,0.8787878787878788
580,H,11,gnnexplainer,0.9,match_ig_baseline,scientific,-0.04322100803256035,-0.027433432638645172,-0.03499390184879303,-0.044997479766607285,0.001776471734046936,0.017564047127962112,0.010003577917814255,0.015787575393915176,0.008227106183767319,0.015787575393915176,0.008227106183767319,33,4,0.8787878787878788
580,H,11,integrated_gradients,0.9,match_ig_baseline,scientific,-0.04322100803256035,-0.043827734887599945,-0.03615770488977432,-0.044997479766607285,0.001776471734046936,0.0011697448790073395,0.008839774876832962,0.0006067268550395966,0.007063303142786026,-0.0006067268550395966,0.007063303142786026,33,4,0.8787878787878788
580,C,0,gnnexplainer,0.9,match_ig_baseline,scientific,-0.27294546365737915,-1.230936884880066,0.16782711446285248,-0.6115632057189941,0.338617742061615,0.6193736791610718,0.7793903201818466,0.9579914212226868,0.44077257812023163,0.2807559370994568,0.44077257812023163,39,4,0.8974358974358975
580,C,0,integrated_gradients,0.9,match_ig_baseline,scientific,-0.27294546365737915,-0.6432052254676819,0.24292607605457306,-0.6115632057189941,0.338617742061615,0.031642019748687744,0.8544892817735672,0.37025976181030273,0.5158715397119522,-0.30697572231292725,0.5158715397119522,39,4,0.8974358974358975
580,C,1,gnnexplainer,0.9,match_ig_baseline,scientific,-0.2834798991680145,-1.111355185508728,0.011624529957771301,-0.6180190443992615,0.33453914523124695,0.49333614110946655,0.6296435743570328,0.8278752863407135,0.2951044291257858,0.1587969958782196,0.2951044291257858,39,4,0.8974358974358975
580,C,1,integrated_gradients,0.9,match_ig_baseline,scientific,-0.2834798991680145,-0.6599652767181396,0.24220015108585358,-0.6180190443992615,0.33453914523124695,0.041946232318878174,0.860219195485115,0.3764853775501251,0.5256800502538681,-0.2925929129123688,0.5256800502538681,39,4,0.8974358974358975
580,C,2,gnnexplainer,0.9,match_ig_baseline,scientific,-0.2823028564453125,-1.0819371938705444,0.08644098043441772,-0.6124318242073059,0.3301289677619934,0.4695053696632385,0.6988728046417236,0.7996343374252319,0.3687438368797302,0.13937640190124512,0.3687438368797302,39,4,0.8974358974358975
580,C,2,integrated_gradients,0.9,match_ig_baseline,scientific,-0.2823028564453125,-0.6586149334907532,0.24179844558238983,-0.6124318242073059,0.3301289677619934,0.046183109283447266,0.8542302697896957,0.3763120770454407,0.5241013020277023,-0.28394585847854614,0.5241013020277023,39,4,0.8974358974358975
580,C,3,gnnexplainer,0.9,match_ig_baseline,scientific,-0.229669451713562,-1.9135316610336304,-0.006301984190940857,-0.6140190958976746,0.38434964418411255,1.2995125651359558,0.6077171117067337,1.6838622093200684,0.22336746752262115,0.9151629209518433,0.22336746752262115,39,4,0.8974358974358975
580,C,3,integrated_gradients,0.9,match_ig_baseline,scientific,-0.229669451713562,-0.23922783136367798,0.05984221398830414,-0.6140190958976746,0.38434964418411255,0.3747912645339966,0.6738613098859787,0.009558379650115967,0.28951166570186615,-0.009558379650115967,0.28951166570186615,39,4,0.8974358974358975
590,H,0,gnnexplainer,0.9,match_ig_baseline,scientific,-0.14293953776359558,-0.1325850635766983,-0.13801094889640808,-0.1338300108909607,0.009109526872634888,0.0012449473142623901,0.004180938005447388,0.010354474186897278,0.0049285888671875,-0.007864579558372498,-0.0049285888671875,33,4,0.8787878787878788
590,H,0,integrated_gradients,0.9,match_ig_baseline,scientific,-0.14293953776359558,-0.09590108692646027,-0.13895925879478455,-0.1338300108909607,0.009109526872634888,0.03792892396450043,0.0051292479038238525,0.047038450837135315,0.003980278968811035,0.02881939709186554,-0.003980278968811035,33,4,0.8787878787878788
590,H,1,gnnexplainer,0.9,match_ig_baseline,scientific,-0.14340117573738098,-0.1423700749874115,-0.1107257753610611,-0.13859327137470245,0.004807904362678528,0.0037768036127090454,0.027867496013641357,0.0010311007499694824,0.032675400376319885,-0.0010311007499694824,0.02305959165096283,33,4,0.8787878787878788
590,H,1,integrated_gradients,0.9,match_ig_baseline,scientific,-0.14340117573738098,-0.09716098010540009,-0.1382962018251419,-0.13859327137470245,0.004807904362678528,0.04143229126930237,0.0002970695495605469,0.046240195631980896,0.005104973912239075,0.03662438690662384,-0.004510834813117981,33,4,0.8787878787878788
590,H,2,gnnexplainer,0.9,match_ig_baseline,scientific,-0.023313183337450027,-0.04050777852535248,-0.0415438674390316,-0.022724760696291924,0.0005884226411581039,0.017783017829060555,0.018819106742739677,0.01719459518790245,0.018230684101581573,0.01719459518790245,0.018230684101581573,33,4,0.8787878787878788
590,H,2,integrated_gradients,0.9,match_ig_baseline,scientific,-0.023313183337450027,-0.04264838248491287,-0.0271720290184021,-0.022724760696291924,0.0005884226411581039,0.01992362178862095,0.004447268322110176,0.019335199147462845,0.003858845680952072,0.019335199147462845,0.003858845680952072,33,4,0.8787878787878788
590,H,3,gnnexplainer,0.9,match_ig_baseline,scientific,-0.023027494549751282,-0.04751424118876457,-0.025521837174892426,-0.01633944734930992,0.0066880472004413605,0.03117479383945465,0.009182389825582504,0.02448674663901329,0.002494342625141144,0.02448674663901329,0.002494342625141144,33,4,0.8787878787878788
590,H,3,integrated_gradients,0.9,match_ig_baseline,scientific,-0.023027494549751282,-0.04819497838616371,-0.023479193449020386,-0.01633944734930992,0.0066880472004413605,0.03185553103685379,0.0071397460997104645,0.02516748383641243,0.000451698899269104,0.02516748383641243,0.000451698899269104,33,4,0.8787878787878788
590,H,4,gnnexplainer,0.9,match_ig_baseline,scientific,-0.02282804623246193,-0.01004837080836296,-0.04404245316982269,-0.035707395523786545,0.012879349291324615,0.025659024715423584,0.008335057646036148,0.012779675424098969,0.021214406937360764,0.012779675424098969,-0.004544291645288467,33,4,0.8787878787878788
590,H,4,integrated_gradients,0.9,match_ig_baseline,scientific,-0.02282804623246193,-0.04253806546330452,-0.02669108286499977,-0.035707395523786545,0.012879349291324615,0.006830669939517975,0.009016312658786774,0.01971001923084259,0.003863036632537842,-0.006048679351806641,-0.003863036632537842,33,4,0.8787878787878788
590,H,5,gnnexplainer,0.9,match_ig_baseline,scientific,-0.13274767994880676,-0.11999046057462692,-0.1099957674741745,-0.1511107236146927,0.018363043665885925,0.031120263040065765,0.04111495614051819,0.01275721937417984,0.022751912474632263,0.01275721937417984,0.022751912474632263,33,4,0.8787878787878788
590,H,5,integrated_gradients,0.9,match_ig_baseline,scientific,-0.13274767994880676,-0.11233735084533691,-0.12199371308088303,-0.1511107236146927,0.018363043665885925,0.038773372769355774,0.029117010533809662,0.02041032910346985,0.010753966867923737,0.02041032910346985,0.010753966867923737,33,4,0.8787878787878788
590,H,6,gnnexplainer,0.9,match_ig_baseline,scientific,-0.13121137022972107,-0.12772738933563232,-0.084757961332798,-0.1433034986257553,0.01209212839603424,0.015576109290122986,0.058545537292957306,0.003483980894088745,0.046453408896923065,0.003483980894088745,0.046453408896923065,33,4,0.8787878787878788
590,H,6,integrated_gradients,0.9,match_ig_baseline,scientific,-0.13121137022972107,-0.11106597632169724,-0.12385307252407074,-0.1433034986257553,0.01209212839603424,0.032237522304058075,0.01945042610168457,0.020145393908023834,0.00735829770565033,0.020145393908023834,0.00735829770565033,33,4,0.8787878787878788
590,H,7,gnnexplainer,0.9,match_ig_baseline,scientific,-0.026960529386997223,-0.041814174503088,-0.0499526783823967,-0.038032058626413345,0.011071529239416122,0.003782115876674652,0.011920619755983353,0.014853645116090775,0.022992148995399475,-0.00728941336274147,0.0008490905165672302,33,4,0.8787878787878788
590,H,7,integrated_gradients,0.9,match_ig_baseline,scientific,-0.026960529386997223,-0.043693769723176956,-0.027803577482700348,-0.038032058626413345,0.011071529239416122,0.005661711096763611,0.010228481143712997,0.016733240336179733,0.000843048095703125,-0.005409818142652512,-0.000843048095703125,33,4,0.8787878787878788
590,H,8,gnnexplainer,0.9,match_ig_baseline,scientific,-0.020974505692720413,-0.03694154694676399,-0.04454048350453377,-0.020383045077323914,0.0005914606153964996,0.01655850186944008,0.024157438427209854,0.01596704125404358,0.023565977811813354,0.01596704125404358,0.023565977811813354,33,4,0.8787878787878788
590,H,8,integrated_gradients,0.9,match_ig_baseline,scientific,-0.020974505692720413,-0.046437688171863556,-0.02157098427414894,-0.020383045077323914,0.0005914606153964996,0.026054643094539642,0.0011879391968250275,0.025463182479143143,0.0005964785814285278,0.025463182479143143,0.0005964785814285278,33,4,0.8787878787878788
590,H,9,gnnexplainer,0.9,match_ig_baseline,scientific,-0.023163825273513794,-0.037427034229040146,-0.06436623632907867,-0.0226810984313488,0.0004827268421649933,0.014745935797691345,0.041685137897729874,0.014263208955526352,0.04120241105556488,0.014263208955526352,0.04120241105556488,33,4,0.8787878787878788
590,H,9,integrated_gradients,0.9,match_ig_baseline,scientific,-0.023163825273513794,-0.04452986642718315,-0.025852367281913757,-0.0226810984313488,0.0004827268421649933,0.02184876799583435,0.0031712688505649567,0.021366041153669357,0.0026885420083999634,0.021366041153669357,0.0026885420083999634,33,4,0.8787878787878788
590,H,10,gnnexplainer,0.9,match_ig_baseline,scientific,-0.06866036355495453,-0.07186294347047806,-0.08429497480392456,-0.0829530879855156,0.014292724430561066,0.011090144515037537,0.001341886818408966,0.003202579915523529,0.015634611248970032,-0.003202579915523529,-0.0129508376121521,33,4,0.8787878787878788
590,H,10,integrated_gradients,0.9,match_ig_baseline,scientific,-0.06866036355495453,-0.0857531875371933,-0.05536254867911339,-0.0829530879855156,0.014292724430561066,0.002800099551677704,0.027590539306402206,0.01709282398223877,0.01329781487584114,-0.011492624878883362,0.01329781487584114,33,4,0.8787878787878788
590,H,11,gnnexplainer,0.9,match_ig_baseline,scientific,-0.05154766887426376,-0.051015108823776245,-0.07578064501285553,-0.06334792077541351,0.01180025190114975,0.012332811951637268,0.012432724237442017,0.0005325600504875183,0.024232976138591766,0.0005325600504875183,0.0006324723362922668,33,4,0.8787878787878788
590,H,11,integrated_gradients,0.9,match_ig_baseline,scientific,-0.05154766887426376,-0.0709678903222084,-0.05091490224003792,-0.06334792077541351,0.01180025190114975,0.007619969546794891,0.012433018535375595,0.01942022144794464,0.0006327666342258453,-0.004180282354354858,0.0006327666342258453,33,4,0.8787878787878788
590,H,12,gnnexplainer,0.9,match_ig_baseline,scientific,-0.08349312096834183,-0.0808214545249939,-0.05201025307178497,-0.07983888685703278,0.0036542341113090515,0.0009825676679611206,0.027828633785247803,0.002671666443347931,0.031482867896556854,-0.002671666443347931,0.02417439967393875,33,4,0.8787878787878788
590,H,12,integrated_gradients,0.9,match_ig_baseline,scientific,-0.08349312096834183,-0.06415965408086777,-0.06907239556312561,-0.07983888685703278,0.0036542341113090515,0.01567923277616501,0.010766491293907166,0.01933346688747406,0.014420725405216217,0.012024998664855957,0.007112257182598114,33,4,0.8787878787878788
590,C,0,gnnexplainer,0.9,match_ig_baseline,scientific,-1.8581264019012451,-2.8361594676971436,-2.090508460998535,-1.8519742488861084,0.006152153015136719,0.9841852188110352,0.23853421211242676,0.9780330657958984,0.23238205909729004,0.9780330657958984,0.23238205909729004,39,4,0.8974358974358975
590,C,0,integrated_gradients,0.9,match_ig_baseline,scientific,-1.8581264019012451,-3.246126413345337,-1.887332558631897,-1.8519742488861084,0.006152153015136719,1.3941521644592285,0.035358309745788574,1.3880000114440918,0.029206156730651855,1.3880000114440918,0.029206156730651855,39,4,0.8974358974358975
590,C,1,gnnexplainer,0.9,match_ig_baseline,scientific,-1.9640873670578003,-3.003288507461548,-2.575953483581543,-2.013819694519043,0.049732327461242676,0.9894688129425049,0.5621337890625,1.0392011404037476,0.6118661165237427,0.9397364854812622,0.5124014616012573,39,4,0.8974358974358975
590,C,1,integrated_gradients,0.9,match_ig_baseline,scientific,-1.9640873670578003,-3.218726634979248,-1.9713770151138306,-2.013819694519043,0.049732327461242676,1.204906940460205,0.0424426794052124,1.2546392679214478,0.0072896480560302734,1.1551746129989624,-0.0072896480560302734,39,4,0.8974358974358975
590,C,2,gnnexplainer,0.9,match_ig_baseline,scientific,-0.603567361831665,-1.7361009120941162,-1.1371709108352661,-0.8569616675376892,0.25339430570602417,0.879139244556427,0.2802092432975769,1.1325335502624512,0.5336035490036011,0.6257449388504028,0.026814937591552734,39,4,0.8974358974358975
590,C,2,integrated_gradients,0.9,match_ig_baseline,scientific,-0.603567361831665,-1.6933969259262085,-1.3575760126113892,-0.8569616675376892,0.25339430570602417,0.8364352583885193,0.5006143450737,1.0898295640945435,0.7540086507797241,0.5830409526824951,0.24722003936767578,39,4,0.8974358974358975
590,C,3,gnnexplainer,0.9,match_ig_baseline,scientific,-0.34139642119407654,-1.5585922002792358,-0.6899279356002808,-0.4723472595214844,0.13095083832740784,1.0862449407577515,0.2175806760787964,1.2171957790851593,0.3485315144062042,0.9552941024303436,0.08662983775138855,39,4,0.8974358974358975
590,C,3,integrated_gradients,0.9,match_ig_baseline,scientific,-0.34139642119407654,-1.8874924182891846,-0.24346484243869781,-0.4723472595214844,0.13095083832740784,1.4151451587677002,0.22888241708278656,1.546095997095108,0.09793157875537872,1.2841943204402924,0.09793157875537872,39,4,0.8974358974358975
590,C,4,gnnexplainer,0.9,match_ig_baseline,scientific,-0.352691113948822,-0.9614326357841492,-0.8043552041053772,-0.44840162992477417,0.09571051597595215,0.513031005859375,0.355953574180603,0.6087415218353271,0.4516640901565552,0.41732048988342285,0.2602430582046509,39,4,0.8974358974358975
590,C,4,integrated_gradients,0.9,match_ig_baseline,scientific,-0.352691113948822,-2.0921499729156494,-0.33558812737464905,-0.44840162992477417,0.09571051597595215,1.6437483429908752,0.11281350255012512,1.7394588589668274,0.017102986574172974,1.548037827014923,0.017102986574172974,39,4,0.8974358974358975
600,H,0,gnnexplainer,0.9,match_ig_baseline,scientific,-0.07144060730934143,-0.08808452636003494,-0.055185310542583466,-0.053101032972335815,0.018339574337005615,0.03498349338769913,0.00208427757024765,0.016643919050693512,0.016255296766757965,0.016643919050693512,-0.016255296766757965,33,4,0.8787878787878788
600,H,0,integrated_gradients,0.9,match_ig_baseline,scientific,-0.07144060730934143,-0.06063000112771988,-0.06836535781621933,-0.053101032972335815,0.018339574337005615,0.007528968155384064,0.015264324843883514,0.010810606181621552,0.003075249493122101,-0.010810606181621552,-0.003075249493122101,33,4,0.8787878787878788
600,H,1,gnnexplainer,0.9,match_ig_baseline,scientific,-0.04814918339252472,-0.05407922714948654,-0.06446292996406555,-0.07022406905889511,0.022074885666370392,0.01614484190940857,0.005761139094829559,0.0059300437569618225,0.016313746571540833,-0.0059300437569618225,-0.016313746571540833,33,4,0.8787878787878788
600,H,1,integrated_gradients,0.9,match_ig_baseline,scientific,-0.04814918339252472,-0.055663663893938065,-0.045228201895952225,-0.07022406905889511,0.022074885666370392,0.014560405164957047,0.024995867162942886,0.007514480501413345,0.0029209814965724945,-0.007514480501413345,0.0029209814965724945,33,4,0.8787878787878788
600,H,2,gnnexplainer,0.9,match_ig_baseline,scientific,-0.048137836158275604,-0.07449265569448471,-0.032796069979667664,-0.06722407042980194,0.019086234271526337,0.00726858526468277,0.03442800045013428,0.026354819536209106,0.01534176617860794,-0.011817649006843567,0.01534176617860794,33,4,0.8787878787878788
600,H,2,integrated_gradients,0.9,match_ig_baseline,scientific,-0.048137836158275604,-0.05567276105284691,-0.04521692544221878,-0.06722407042980194,0.019086234271526337,0.011551309376955032,0.02200714498758316,0.007534924894571304,0.0029209107160568237,-0.007534924894571304,0.0029209107160568237,33,4,0.8787878787878788
600,H,3,gnnexplainer,0.9,match_ig_baseline,scientific,-0.048149775713682175,-0.04044341295957565,-0.058111436665058136,-0.07022406905889511,0.022074293345212936,0.029780656099319458,0.012112632393836975,0.007706362754106522,0.009961660951375961,0.007706362754106522,-0.009961660951375961,33,4,0.8787878787878788
600,H,3,integrated_gradients,0.9,match_ig_baseline,scientific,-0.048149775713682175,-0.05567730963230133,-0.045221079140901566,-0.07022406905889511,0.022074293345212936,0.01454675942659378,0.025002989917993546,0.007527533918619156,0.002928696572780609,-0.007527533918619156,0.002928696572780609,33,4,0.8787878787878788
600,H,4,gnnexplainer,0.9,match_ig_baseline,scientific,-0.07144029438495636,-0.07067613303661346,-0.05687013640999794,-0.053101032972335815,0.018339261412620544,0.01757510006427765,0.0037691034376621246,0.0007641613483428955,0.01457015797495842,-0.0007641613483428955,-0.01457015797495842,33,4,0.8787878787878788
600,H,4,integrated_gradients,0.9,match_ig_baseline,scientific,-0.07144029438495636,-0.06062932312488556,-0.06836535036563873,-0.053101032972335815,0.018339261412620544,0.007528290152549744,0.015264317393302917,0.0108109712600708,0.003074944019317627,-0.0108109712600708,-0.003074944019317627,33,4,0.8787878787878788
600,H,5,gnnexplainer,0.9,match_ig_baseline,scientific,-0.04813896864652634,-0.053352974355220795,-0.05777529254555702,-0.06822406500577927,0.02008509635925293,0.014871090650558472,0.010448772460222244,0.005214005708694458,0.009636323899030685,-0.005214005708694458,-0.009636323899030685,33,4,0.8787878787878788
600,H,5,integrated_gradients,0.9,match_ig_baseline,scientific,-0.04813896864652634,-0.05565919727087021,-0.045225590467453,-0.06822406500577927,0.02008509635925293,0.012564867734909058,0.022998474538326263,0.007520228624343872,0.0029133781790733337,-0.007520228624343872,0.0029133781790733337,33,4,0.8787878787878788
600,H,6,gnnexplainer,0.9,match_ig_baseline,scientific,-0.11660151183605194,-0.11404192447662354,-0.07706639915704727,-0.21545280516147614,0.0988512933254242,0.1014108806848526,0.13838640600442886,0.0025595873594284058,0.03953511267900467,0.0025595873594284058,0.03953511267900467,33,4,0.8787878787878788
600,H,6,integrated_gradients,0.9,match_ig_baseline,scientific,-0.11660151183605194,-0.09003035724163055,-0.10491776466369629,-0.21545280516147614,0.0988512933254242,0.12542244791984558,0.11053504049777985,0.026571154594421387,0.011683747172355652,0.026571154594421387,0.011683747172355652,33,4,0.8787878787878788
600,H,7,gnnexplainer,0.9,match_ig_baseline,scientific,-0.11660009622573853,-0.10424981266260147,-0.11237494647502899,-0.2144528031349182,0.09785270690917969,0.11020299047231674,0.10207785665988922,0.012350283563137054,0.004225149750709534,0.012350283563137054,0.004225149750709534,33,4,0.8787878787878788
600,H,7,integrated_gradients,0.9,match_ig_baseline,scientific,-0.11660009622573853,-0.09002941101789474,-0.10491436719894409,-0.2144528031349182,0.09785270690917969,0.12442339211702347,0.10953843593597412,0.02657068520784378,0.011685729026794434,0.02657068520784378,0.011685729026794434,33,4,0.8787878787878788
600,C,0,gnnexplainer,0.9,match_ig_baseline,scientific,-6.1166510581970215,-4.442152976989746,-5.118385314941406,-7.98489236831665,1.868241310119629,3.5427393913269043,2.866507053375244,1.6744980812072754,0.9982657432556152,1.6744980812072754,0.9982657432556152,39,4,0.8974358974358975
600,C,0,integrated_gradients,0.9,match_ig_baseline,scientific,-6.1166510581970215,-4.4187445640563965,-6.920996189117432,-7.98489236831665,1.868241310119629,3.566147804260254,1.0638961791992188,1.697906494140625,0.8043451309204102,1.697906494140625,-0.8043451309204102,39,4,0.8974358974358975
600,C,1,gnnexplainer,0.9,match_ig_baseline,scientific,-6.116570949554443,-5.031108379364014,-6.004906177520752,-7.9583048820495605,1.8417339324951172,2.927196502685547,1.9533987045288086,1.0854625701904297,0.1116647720336914,1.0854625701904297,0.1116647720336914,39,4,0.8974358974358975
600,C,1,integrated_gradients,0.9,match_ig_baseline,scientific,-6.116570949554443,-4.4187092781066895,-6.921034812927246,-7.9583048820495605,1.8417339324951172,3.539595603942871,1.0372700691223145,1.697861671447754,0.8044638633728027,1.697861671447754,-0.8044638633728027,39,4,0.8974358974358975
600,C,2,gnnexplainer,0.9,match_ig_baseline,scientific,-16.820642471313477,-12.478005409240723,-6.011712074279785,-18.30533790588379,1.4846954345703125,5.827332496643066,12.293625831604004,4.342637062072754,10.808930397033691,4.342637062072754,10.808930397033691,39,4,0.8974358974358975
600,C,2,integrated_gradients,0.9,match_ig_baseline,scientific,-16.820642471313477,-4.979060173034668,-14.053743362426758,-18.30533790588379,1.4846954345703125,13.326277732849121,4.251594543457031,11.841582298278809,2.7668991088867188,11.841582298278809,2.7668991088867188,39,4,0.8974358974358975
600,C,3,gnnexplainer,0.9,match_ig_baseline,scientific,-2.0360281467437744,-4.268446922302246,-1.4864962100982666,-1.6463894844055176,0.38963866233825684,2.6220574378967285,0.15989327430725098,2.2324187755584717,0.5495319366455078,2.2324187755584717,-0.22974538803100586,39,4,0.8974358974358975
600,C,3,integrated_gradients,0.9,match_ig_baseline,scientific,-2.0360281467437744,-3.995988368988037,-1.4611133337020874,-1.6463894844055176,0.38963866233825684,2.3495988845825195,0.18527615070343018,1.9599602222442627,0.574914813041687,1.9599602222442627,-0.20436251163482666,39,4,0.8974358974358975
600,C,4,gnnexplainer,0.9,match_ig_baseline,scientific,-2.0360162258148193,-3.3408074378967285,-2.467125654220581,-1.652389407157898,0.3836268186569214,1.6884180307388306,0.8147362470626831,1.3047912120819092,0.4311094284057617,1.3047912120819092,0.4311094284057617,39,4,0.8974358974358975
600,C,4,integrated_gradients,0.9,match_ig_baseline,scientific,-2.0360162258148193,-3.9960012435913086,-1.4611103534698486,-1.652389407157898,0.3836268186569214,2.3436118364334106,0.19127905368804932,1.9599850177764893,0.5749058723449707,1.9599850177764893,-0.19234776496887207,39,4,0.8974358974358975
610,H,0,gnnexplainer,0.9,match_ig_baseline,scientific,-0.44238173961639404,-0.5076775550842285,-0.35578203201293945,-0.615548849105835,0.17316710948944092,0.10787129402160645,0.2597668170928955,0.06529581546783447,0.08659970760345459,-0.06529581546783447,0.08659970760345459,33,4,0.8787878787878788
610,H,0,integrated_gradients,0.9,match_ig_baseline,scientific,-0.44238173961639404,-0.4409012794494629,-0.45486289262771606,-0.615548849105835,0.17316710948944092,0.17464756965637207,0.1606859564781189,0.0014804601669311523,0.012481153011322021,0.0014804601669311523,-0.012481153011322021,33,4,0.8787878787878788
610,H,1,gnnexplainer,0.9,match_ig_baseline,scientific,-0.1651545912027359,-0.17592370510101318,-0.1373186707496643,-0.12229462713003159,0.042859964072704315,0.0536290779709816,0.015024043619632721,0.010769113898277283,0.027835920453071594,0.010769113898277283,-0.027835920453071594,33,4,0.8787878787878788
610,H,1,integrated_gradients,0.9,match_ig_baseline,scientific,-0.1651545912027359,-0.15678668022155762,-0.16323640942573547,-0.12229462713003159,0.042859964072704315,0.03449205309152603,0.04094178229570389,0.008367910981178284,0.0019181817770004272,-0.008367910981178284,-0.0019181817770004272,33,4,0.8787878787878788
610,H,2,gnnexplainer,0.9,match_ig_baseline,scientific,-0.13610506057739258,-0.14364132285118103,-0.1312788724899292,-0.1601894050836563,0.024084344506263733,0.01654808223247528,0.028910532593727112,0.007536262273788452,0.004826188087463379,-0.007536262273788452,0.004826188087463379,33,4,0.8787878787878788
610,H,2,integrated_gradients,0.9,match_ig_baseline,scientific,-0.13610506057739258,-0.15325072407722473,-0.13374696671962738,-0.1601894050836563,0.024084344506263733,0.00693868100643158,0.02644243836402893,0.017145663499832153,0.0023580938577651978,-0.017145663499832153,0.0023580938577651978,33,4,0.8787878787878788
610,H,3,gnnexplainer,0.9,match_ig_baseline,scientific,-0.1795758754014969,-0.16573750972747803,-0.1779133677482605,-0.18318936228752136,0.003613486886024475,0.017451852560043335,0.005275994539260864,0.01383836567401886,0.0016625076532363892,0.01383836567401886,0.0016625076532363892,33,4,0.8787878787878788
610,H,3,integrated_gradients,0.9,match_ig_baseline,scientific,-0.1795758754014969,-0.16101592779159546,-0.17955145239830017,-0.18318936228752136,0.003613486886024475,0.022173434495925903,0.0036379098892211914,0.018559947609901428,2.442300319671631e-05,0.018559947609901428,2.442300319671631e-05,33,4,0.8787878787878788
610,H,4,gnnexplainer,0.9,match_ig_baseline,scientific,-0.500056803226471,-0.46907252073287964,-0.5486932396888733,-0.6312503814697266,0.13119357824325562,0.16217786073684692,0.08255714178085327,0.03098428249359131,0.048636436462402344,0.03098428249359131,-0.048636436462402344,33,4,0.8787878787878788
610,H,4,integrated_gradients,0.9,match_ig_baseline,scientific,-0.500056803226471,-0.4813745319843292,-0.5176212787628174,-0.6312503814697266,0.13119357824325562,0.14987584948539734,0.11362910270690918,0.018682271242141724,0.017564475536346436,0.018682271242141724,-0.017564475536346436,33,4,0.8787878787878788
610,H,5,gnnexplainer,0.9,match_ig_baseline,scientific,-0.14004060626029968,-0.1546943634748459,-0.1635558307170868,-0.12377718091011047,0.01626342535018921,0.030917182564735413,0.03977864980697632,0.014653757214546204,0.02351522445678711,0.014653757214546204,0.02351522445678711,33,4,0.8787878787878788
610,H,5,integrated_gradients,0.9,match_ig_baseline,scientific,-0.14004060626029968,-0.14815881848335266,-0.13852697610855103,-0.12377718091011047,0.01626342535018921,0.024381637573242188,0.014749795198440552,0.008118212223052979,0.0015136301517486572,0.008118212223052979,-0.0015136301517486572,33,4,0.8787878787878788
610,H,6,gnnexplainer,0.9,match_ig_baseline,scientific,-0.12860378623008728,-0.12776291370391846,-0.15516045689582825,-0.14696994423866272,0.01836615800857544,0.019207030534744263,0.008190512657165527,0.0008408725261688232,0.026556670665740967,0.0008408725261688232,-0.010175645351409912,33,4,0.8787878787878788
610,H,6,integrated_gradients,0.9,match_ig_baseline,scientific,-0.12860378623008728,-0.14450740814208984,-0.12627464532852173,-0.14696994423866272,0.01836615800857544,0.002462536096572876,0.02069529891014099,0.015903621912002563,0.0023291409015655518,-0.015903621912002563,0.0023291409015655518,33,4,0.8787878787878788
610,H,7,gnnexplainer,0.9,match_ig_baseline,scientific,-0.16811057925224304,-0.20425543189048767,-0.1504196673631668,-0.19154877960681915,0.02343820035457611,0.012706652283668518,0.041129112243652344,0.03614485263824463,0.017690911889076233,-0.010731548070907593,0.017690911889076233,33,4,0.8787878787878788
610,H,7,integrated_gradients,0.9,match_ig_baseline,scientific,-0.16811057925224304,-0.1591888964176178,-0.16749966144561768,-0.19154877960681915,0.02343820035457611,0.032359883189201355,0.024049118161201477,0.008921682834625244,0.0006109178066253662,0.008921682834625244,0.0006109178066253662,33,4,0.8787878787878788
610,C,0,gnnexplainer,0.9,match_ig_baseline,scientific,-16.07822036743164,-11.17842960357666,-9.353852272033691,-18.057586669921875,1.9793663024902344,6.879157066345215,8.703734397888184,4.8997907638549805,6.724368095397949,4.8997907638549805,6.724368095397949,39,4,0.8974358974358975
610,C,0,integrated_gradients,0.9,match_ig_baseline,scientific,-16.07822036743164,-6.081261157989502,-17.03763198852539,-18.057586669921875,1.9793663024902344,11.976325511932373,1.0199546813964844,9.996959209442139,0.95941162109375,9.996959209442139,-0.95941162109375,39,4,0.8974358974358975
610,C,1,gnnexplainer,0.9,match_ig_baseline,scientific,-16.779712677001953,-7.747572898864746,-8.859500885009766,-17.75385856628418,0.9741458892822266,10.006285667419434,8.894357681274414,9.032139778137207,7.9202117919921875,9.032139778137207,7.9202117919921875,39,4,0.8974358974358975
610,C,1,integrated_gradients,0.9,match_ig_baseline,scientific,-16.779712677001953,-5.369590759277344,-17.139389038085938,-17.75385856628418,0.9741458892822266,12.384267807006836,0.6144695281982422,11.41012191772461,0.3596763610839844,11.41012191772461,-0.3596763610839844,39,4,0.8974358974358975
610,C,2,gnnexplainer,0.9,match_ig_baseline,scientific,-1.856040596961975,-3.3796346187591553,-2.4666671752929688,-2.5053277015686035,0.6492871046066284,0.8743069171905518,0.038660526275634766,1.5235940217971802,0.6106265783309937,0.22501981258392334,-0.6106265783309937,39,4,0.8974358974358975
610,C,2,integrated_gradients,0.9,match_ig_baseline,scientific,-1.856040596961975,-3.289591073989868,-2.8933792114257812,-2.5053277015686035,0.6492871046066284,0.7842633724212646,0.38805150985717773,1.433550477027893,1.0373386144638062,0.13497626781463623,-0.2612355947494507,39,4,0.8974358974358975
610,C,3,gnnexplainer,0.9,match_ig_baseline,scientific,-1.9090392589569092,-3.1859889030456543,-2.8740410804748535,-2.3740406036376953,0.46500134468078613,0.811948299407959,0.5000004768371582,1.2769496440887451,0.9650018215179443,0.34694695472717285,0.03499913215637207,39,4,0.8974358974358975
610,C,3,integrated_gradients,0.9,match_ig_baseline,scientific,-1.9090392589569092,-3.0790348052978516,-2.757108211517334,-2.3740406036376953,0.46500134468078613,0.7049942016601562,0.38306760787963867,1.1699955463409424,0.8480689525604248,0.23999285697937012,-0.08193373680114746,39,4,0.8974358974358975
620,H,0,gnnexplainer,0.9,match_ig_baseline,scientific,-0.22838380932807922,-0.21163398027420044,-0.2014036476612091,-0.2509962022304535,0.022612392902374268,0.03936222195625305,0.049592554569244385,0.016749829053878784,0.026980161666870117,0.016749829053878784,0.026980161666870117,33,4,0.8787878787878788
620,H,0,integrated_gradients,0.9,match_ig_baseline,scientific,-0.22838380932807922,-0.17519935965538025,-0.2307019829750061,-0.2509962022304535,0.022612392902374268,0.07579684257507324,0.020294219255447388,0.053184449672698975,0.00231817364692688,0.053184449672698975,-0.00231817364692688,33,4,0.8787878787878788
620,H,1,gnnexplainer,0.9,match_ig_baseline,scientific,-0.228367418050766,-0.19706133008003235,-0.24924835562705994,-0.24986469745635986,0.021497279405593872,0.052803367376327515,0.0006163418292999268,0.03130608797073364,0.020880937576293945,0.03130608797073364,-0.020880937576293945,33,4,0.8787878787878788
620,H,1,integrated_gradients,0.9,match_ig_baseline,scientific,-0.228367418050766,-0.17548373341560364,-0.23083704710006714,-0.24986469745635986,0.021497279405593872,0.07438096404075623,0.019027650356292725,0.052883684635162354,0.0024696290493011475,0.052883684635162354,-0.0024696290493011475,33,4,0.8787878787878788
620,H,2,gnnexplainer,0.9,match_ig_baseline,scientific,-0.2283584177494049,-0.17576658725738525,-0.23966223001480103,-0.2488207370042801,0.020462319254875183,0.07305414974689484,0.009158506989479065,0.05259183049201965,0.011303812265396118,0.05259183049201965,-0.011303812265396118,33,4,0.8787878787878788
620,H,2,integrated_gradients,0.9,match_ig_baseline,scientific,-0.2283584177494049,-0.17547443509101868,-0.23084157705307007,-0.2488207370042801,0.020462319254875183,0.07334630191326141,0.017979159951210022,0.05288398265838623,0.002483159303665161,0.05288398265838623,-0.002483159303665161,33,4,0.8787878787878788
620,H,3,gnnexplainer,0.9,match_ig_baseline,scientific,-0.22839093208312988,-0.1876050978899002,-0.2741295099258423,-0.25204017758369446,0.023649245500564575,0.06443507969379425,0.022089332342147827,0.040785834193229675,0.0457385778427124,0.040785834193229675,-0.001559913158416748,33,4,0.8787878787878788
620,H,3,integrated_gradients,0.9,match_ig_baseline,scientific,-0.22839093208312988,-0.17520752549171448,-0.23075678944587708,-0.25204017758369446,0.023649245500564575,0.07683265209197998,0.021283388137817383,0.053183406591415405,0.0023658573627471924,0.053183406591415405,-0.0023658573627471924,33,4,0.8787878787878788
620,H,4,gnnexplainer,0.9,match_ig_baseline,scientific,-0.22839006781578064,-0.21284955739974976,-0.2524224519729614,-0.251996248960495,0.023606181144714355,0.03914669156074524,0.00042620301246643066,0.015540510416030884,0.024032384157180786,0.015540510416030884,-0.023179978132247925,33,4,0.8787878787878788
620,H,4,integrated_gradients,0.9,match_ig_baseline,scientific,-0.22839006781578064,-0.17521196603775024,-0.23077404499053955,-0.251996248960495,0.023606181144714355,0.07678428292274475,0.021222203969955444,0.053178101778030396,0.002383977174758911,0.053178101778030396,-0.002383977174758911,33,4,0.8787878787878788
620,H,5,gnnexplainer,0.9,match_ig_baseline,scientific,-0.22836831212043762,-0.2273578941822052,-0.25215795636177063,-0.24986469745635986,0.02149638533592224,0.022506803274154663,0.0022932589054107666,0.0010104179382324219,0.023789644241333008,0.0010104179382324219,-0.019203126430511475,33,4,0.8787878787878788
620,H,5,integrated_gradients,0.9,match_ig_baseline,scientific,-0.22836831212043762,-0.17551222443580627,-0.23081988096237183,-0.24986469745635986,0.02149638533592224,0.07435247302055359,0.019044816493988037,0.05285608768463135,0.002451568841934204,0.05285608768463135,-0.002451568841934204,33,4,0.8787878787878788
620,H,6,gnnexplainer,0.9,match_ig_baseline,scientific,-0.00035447627305984497,-0.033744584769010544,-0.003421299159526825,0.08161692321300507,0.08197139948606491,0.11536150798201561,0.08503822237253189,0.0333901084959507,0.00306682288646698,0.0333901084959507,0.00306682288646698,33,4,0.8787878787878788
620,H,6,integrated_gradients,0.9,match_ig_baseline,scientific,-0.00035447627305984497,-0.017031840980052948,-0.003433994948863983,0.08161692321300507,0.08197139948606491,0.09864876419305801,0.08505091816186905,0.016677364706993103,0.003079518675804138,0.016677364706993103,0.003079518675804138,33,4,0.8787878787878788
620,H,7,gnnexplainer,0.9,match_ig_baseline,scientific,-0.0003616511821746826,-0.031262047588825226,-0.018584445118904114,0.0810290277004242,0.08139067888259888,0.11229107528924942,0.09961347281932831,0.030900396406650543,0.01822279393672943,0.030900396406650543,0.01822279393672943,33,4,0.8787878787878788
620,H,7,integrated_gradients,0.9,match_ig_baseline,scientific,-0.0003616511821746826,-0.017039239406585693,-0.0034477747976779938,0.0810290277004242,0.08139067888259888,0.09806826710700989,0.08447680249810219,0.01667758822441101,0.003086123615503311,0.01667758822441101,0.003086123615503311,33,4,0.8787878787878788
620,H,8,gnnexplainer,0.9,match_ig_baseline,scientific,-0.00035750120878219604,-0.008524924516677856,0.0015447735786437988,0.08161692321300507,0.08197442442178726,0.09014184772968292,0.08007214963436127,0.00816742330789566,0.0019022747874259949,0.00816742330789566,-0.0019022747874259949,33,4,0.8787878787878788
620,H,8,integrated_gradients,0.9,match_ig_baseline,scientific,-0.00035750120878219604,-0.01703455299139023,-0.003440994769334793,0.08161692321300507,0.08197442442178726,0.0986514762043953,0.08505791798233986,0.016677051782608032,0.003083493560552597,0.016677051782608032,0.003083493560552597,33,4,0.8787878787878788
620,H,9,gnnexplainer,0.9,match_ig_baseline,scientific,-0.01004878431558609,-0.029669515788555145,-0.009071312844753265,0.17055636644363403,0.18060515075922012,0.20022588223218918,0.1796276792883873,0.019620731472969055,0.0009774714708328247,0.019620731472969055,-0.0009774714708328247,33,4,0.8787878787878788
620,H,9,integrated_gradients,0.9,match_ig_baseline,scientific,-0.01004878431558609,-0.01193564385175705,-0.01261487603187561,0.17055636644363403,0.18060515075922012,0.18249201029539108,0.18317124247550964,0.0018868595361709595,0.0025660917162895203,0.0018868595361709595,0.0025660917162895203,33,4,0.8787878787878788
620,C,0,gnnexplainer,0.9,match_ig_baseline,scientific,-8.43395709991455,-7.089264869689941,-5.859217166900635,-8.185676574707031,0.24828052520751953,1.0964117050170898,2.3264594078063965,1.3446922302246094,2.574739933013916,0.8481311798095703,2.078178882598877,39,4,0.8974358974358975
620,C,0,integrated_gradients,0.9,match_ig_baseline,scientific,-8.43395709991455,-5.315086841583252,-9.189204216003418,-8.185676574707031,0.24828052520751953,2.8705897331237793,1.0035276412963867,3.118870258331299,0.7552471160888672,2.6223092079162598,0.7552471160888672,39,4,0.8974358974358975
620,C,1,gnnexplainer,0.9,match_ig_baseline,scientific,-8.439017295837402,-8.754321098327637,-6.451064586639404,-8.185914039611816,0.25310325622558594,0.5684070587158203,1.734849452972412,0.3153038024902344,1.987952709197998,0.3153038024902344,1.4817461967468262,39,4,0.8974358974358975
620,C,1,integrated_gradients,0.9,match_ig_baseline,scientific,-8.439017295837402,-5.30376672744751,-9.186606407165527,-8.185914039611816,0.25310325622558594,2.8821473121643066,1.000692367553711,3.1352505683898926,0.747589111328125,2.6290440559387207,0.747589111328125,39,4,0.8974358974358975
620,C,2,gnnexplainer,0.9,match_ig_baseline,scientific,-8.438666343688965,-6.863443851470947,-7.63369607925415,-8.188501358032227,0.2501649856567383,1.3250575065612793,0.5548052787780762,1.5752224922180176,0.8049702644348145,1.074892520904541,0.3046402931213379,39,4,0.8974358974358975
620,C,2,integrated_gradients,0.9,match_ig_baseline,scientific,-8.438666343688965,-5.303703784942627,-9.18664836883545,-8.188501358032227,0.2501649856567383,2.8847975730895996,0.9981470108032227,3.134962558746338,0.7479820251464844,2.6346325874328613,0.7479820251464844,39,4,0.8974358974358975
620,C,3,gnnexplainer,0.9,match_ig_baseline,scientific,-8.43066120147705,-6.430618762969971,-7.915280818939209,-8.189264297485352,0.24139690399169922,1.7586455345153809,0.2739834785461426,2.00004243850708,0.5153803825378418,1.5172486305236816,0.03258657455444336,39,4,0.8974358974358975
620,C,3,integrated_gradients,0.9,match_ig_baseline,scientific,-8.43066120147705,-5.313385009765625,-9.1895170211792,-8.189264297485352,0.24139690399169922,2.8758792877197266,1.0002527236938477,3.117276191711426,0.7588558197021484,2.6344823837280273,0.7588558197021484,39,4,0.8974358974358975
620,C,4,gnnexplainer,0.9,match_ig_baseline,scientific,-8.43023681640625,-4.861582279205322,-8.83469009399414,-8.187677383422852,0.24255943298339844,3.3260951042175293,0.6470127105712891,3.5686545372009277,0.4044532775878906,3.083535671234131,0.4044532775878906,39,4,0.8974358974358975
620,C,4,integrated_gradients,0.9,match_ig_baseline,scientific,-8.43023681640625,-5.3128886222839355,-9.189811706542969,-8.187677383422852,0.24255943298339844,2.874788761138916,1.0021343231201172,3.1173481941223145,0.7595748901367188,2.6322293281555176,0.7595748901367188,39,4,0.8974358974358975
620,C,5,gnnexplainer,0.9,match_ig_baseline,scientific,-8.442373275756836,-6.769347190856934,-7.996272087097168,-8.186501502990723,0.2558717727661133,1.417154312133789,0.1902294158935547,1.6730260848999023,0.44610118865966797,1.1612825393676758,-0.0656423568725586,39,4,0.8974358974358975
620,C,5,integrated_gradients,0.9,match_ig_baseline,scientific,-8.442373275756836,-5.304682731628418,-9.185628890991211,-8.186501502990723,0.2558717727661133,2.8818187713623047,0.9991273880004883,3.137690544128418,0.743255615234375,2.6259469985961914,0.743255615234375,39,4,0.8974358974358975
620,C,6,gnnexplainer,0.9,match_ig_baseline,scientific,0.4642379879951477,0.25304359197616577,-0.20809386670589447,1.20413076877594,0.7398927807807922,0.9510871767997742,1.4122246354818344,0.21119439601898193,0.6723318547010422,0.21119439601898193,0.6723318547010422,39,4,0.8974358974358975
620,C,6,integrated_gradients,0.9,match_ig_baseline,scientific,0.4642379879951477,0.04134412109851837,0.19182942807674408,1.20413076877594,0.7398927807807922,1.1627866476774216,1.0123013406991959,0.42289386689662933,0.2724085599184036,0.42289386689662933,0.2724085599184036,39,4,0.8974358974358975
630,H,0,gnnexplainer,0.9,match_ig_baseline,scientific,-0.02311921864748001,-0.030796028673648834,-0.06025237962603569,-0.025250257924199104,0.0021310392767190933,0.00554577074944973,0.035002121701836586,0.007676810026168823,0.03713316097855568,0.0034147314727306366,0.03287108242511749,33,4,0.8787878787878788
630,H,0,integrated_gradients,0.9,match_ig_baseline,scientific,-0.02311921864748001,-0.0375465527176857,-0.026707585901021957,-0.025250257924199104,0.0021310392767190933,0.012296294793486595,0.001457327976822853,0.014427334070205688,0.0035883672535419464,0.010165255516767502,-0.0006737112998962402,33,4,0.8787878787878788
630,H,1,gnnexplainer,0.9,match_ig_baseline,scientific,-0.03730684518814087,-0.04431905597448349,-0.0611431822180748,-0.038969941437244415,0.0016630962491035461,0.005349114537239075,0.022173240780830383,0.007012210786342621,0.02383633702993393,0.0036860182881355286,0.020510144531726837,33,4,0.8787878787878788
630,H,1,integrated_gradients,0.9,match_ig_baseline,scientific,-0.03730684518814087,-0.0514506921172142,-0.04031803086400032,-0.038969941437244415,0.0016630962491035461,0.012480750679969788,0.0013480894267559052,0.014143846929073334,0.0030111856758594513,0.010817654430866241,-0.000315006822347641,33,4,0.8787878787878788
630,H,2,gnnexplainer,0.9,match_ig_baseline,scientific,-0.0716160386800766,-0.07266702502965927,-0.056166306138038635,-0.06771529465913773,0.0039007440209388733,0.004951730370521545,0.01154898852109909,0.0010509863495826721,0.015449732542037964,0.0010509863495826721,0.007648244500160217,33,4,0.8787878787878788
630,H,2,integrated_gradients,0.9,match_ig_baseline,scientific,-0.0716160386800766,-0.06411471217870712,-0.07408972084522247,-0.06771529465913773,0.0039007440209388733,0.003600582480430603,0.006374426186084747,0.007501326501369476,0.002473682165145874,-0.00030016154050827026,0.002473682165145874,33,4,0.8787878787878788
630,H,3,integrated_gradients,0.9,match_ig_baseline,scientific,-0.10335616767406464,-0.05547037720680237,-0.09686283022165298,,,,,0.04788579046726227,0.006493337452411652,,,33,4,0.8787878787878788
630,H,4,gnnexplainer,0.9,match_ig_baseline,scientific,-0.0682767927646637,-0.05607110261917114,-0.06164330616593361,-0.06947855651378632,0.0012017637491226196,0.013407453894615173,0.007835250347852707,0.012205690145492554,0.006633486598730087,0.012205690145492554,0.006633486598730087,33,4,0.8787878787878788
630,H,4,integrated_gradients,0.9,match_ig_baseline,scientific,-0.0682767927646637,-0.06296822428703308,-0.06934551894664764,-0.06947855651378632,0.0012017637491226196,0.006510332226753235,0.00013303756713867188,0.005308568477630615,0.0010687261819839478,0.005308568477630615,-0.0010687261819839478,33,4,0.8787878787878788
630,H,5,gnnexplainer,0.9,match_ig_baseline,scientific,-0.049337469041347504,-0.03934726491570473,-0.05602971836924553,-0.04885619133710861,0.0004812777042388916,0.009508926421403885,0.007173527032136917,0.009990204125642776,0.0066922493278980255,0.009027648717164993,0.0066922493278980255,33,4,0.8787878787878788
630,H,5,integrated_gradients,0.9,match_ig_baseline,scientific,-0.049337469041347504,-0.04885890707373619,-0.05069606006145477,-0.04885619133710861,0.0004812777042388916,2.7157366275787354e-06,0.0018398687243461609,0.00047856196761131287,0.0013585910201072693,-0.00047856196761131287,0.0013585910201072693,33,4,0.8787878787878788
630,H,6,gnnexplainer,0.9,match_ig_baseline,scientific,-0.004342615604400635,-0.035085272043943405,-0.0333789587020874,-0.01280344370752573,0.008460828103125095,0.022281828336417675,0.020575514994561672,0.03074265643954277,0.029036343097686768,0.01382100023329258,0.012114686891436577,33,4,0.8787878787878788
630,H,6,integrated_gradients,0.9,match_ig_baseline,scientific,-0.004342615604400635,-0.03896471485495567,-0.01268509030342102,-0.01280344370752573,0.008460828103125095,0.026161271147429943,0.00011835340410470963,0.03462209925055504,0.008342474699020386,0.017700443044304848,-0.008342474699020386,33,4,0.8787878787878788
630,H,7,gnnexplainer,0.9,match_ig_baseline,scientific,-0.4479888677597046,-0.4527428448200226,-0.447720468044281,-0.45876866579055786,0.010779798030853271,0.006025820970535278,0.011048197746276855,0.004753977060317993,0.000268399715423584,-0.004753977060317993,0.000268399715423584,33,4,0.8787878787878788
630,H,7,integrated_gradients,0.9,match_ig_baseline,scientific,-0.4479888677597046,-0.3696938455104828,-0.4226013720035553,-0.45876866579055786,0.010779798030853271,0.08907482028007507,0.036167293787002563,0.0782950222492218,0.025387495756149292,0.0782950222492218,0.025387495756149292,33,4,0.8787878787878788
630,H,8,gnnexplainer,0.9,match_ig_baseline,scientific,-0.5106724500656128,-0.46016961336135864,-0.45191121101379395,-0.4803043007850647,0.030368149280548096,0.020134687423706055,0.028393089771270752,0.05050283670425415,0.05876123905181885,-0.010233461856842041,-0.0019750595092773438,33,4,0.8787878787878788
630,H,8,integrated_gradients,0.9,match_ig_baseline,scientific,-0.5106724500656128,-0.37943926453590393,-0.44930896162986755,-0.4803043007850647,0.030368149280548096,0.10086503624916077,0.030995339155197144,0.13123318552970886,0.06136348843574524,0.07049688696861267,0.0006271898746490479,33,4,0.8787878787878788
630,H,9,gnnexplainer,0.9,match_ig_baseline,scientific,-0.4643908739089966,-0.38185396790504456,-0.4965672791004181,-0.48453184962272644,0.02014097571372986,0.10267788171768188,0.01203542947769165,0.08253690600395203,0.03217640519142151,0.08253690600395203,-0.008105546236038208,33,4,0.8787878787878788
630,H,9,integrated_gradients,0.9,match_ig_baseline,scientific,-0.4643908739089966,-0.38703423738479614,-0.4377710521221161,-0.48453184962272644,0.02014097571372986,0.0974976122379303,0.04676079750061035,0.07735663652420044,0.026619821786880493,0.07735663652420044,0.026619821786880493,33,4,0.8787878787878788
630,H,10,gnnexplainer,0.9,match_ig_baseline,scientific,-0.5328218936920166,-0.45027169585227966,-0.4885847568511963,-0.5533307194709778,0.02050882577896118,0.10305902361869812,0.0647459626197815,0.08255019783973694,0.04423713684082031,0.08255019783973694,0.04423713684082031,33,4,0.8787878787878788
630,H,10,integrated_gradients,0.9,match_ig_baseline,scientific,-0.5328218936920166,-0.34443387389183044,-0.5351569056510925,-0.5533307194709778,0.02050882577896118,0.20889684557914734,0.018173813819885254,0.18838801980018616,0.0023350119590759277,0.18838801980018616,-0.0023350119590759277,33,4,0.8787878787878788
630,C,0,gnnexplainer,0.9,match_ig_baseline,scientific,-0.585507869720459,-1.3231719732284546,-1.0800888538360596,-0.7319445610046387,0.1464366912841797,0.5912274122238159,0.3481442928314209,0.7376641035079956,0.4945809841156006,0.44479072093963623,0.2017076015472412,39,4,0.8974358974358975
630,C,0,integrated_gradients,0.9,match_ig_baseline,scientific,-0.585507869720459,-1.622365117073059,-0.8864011168479919,-0.7319445610046387,0.1464366912841797,0.8904205560684204,0.15445655584335327,1.0368572473526,0.30089324712753296,0.7439838647842407,0.008019864559173584,39,4,0.8974358974358975
630,C,1,gnnexplainer,0.9,match_ig_baseline,scientific,-6.7654547691345215,-4.591413974761963,-7.230473518371582,-7.420319557189941,0.6548647880554199,2.8289055824279785,0.18984603881835938,2.1740407943725586,0.46501874923706055,2.1740407943725586,-0.46501874923706055,39,4,0.8974358974358975
630,C,1,integrated_gradients,0.9,match_ig_baseline,scientific,-6.7654547691345215,-4.286004543304443,-7.748279094696045,-7.420319557189941,0.6548647880554199,3.134315013885498,0.3279595375061035,2.479450225830078,0.9828243255615234,2.479450225830078,-0.3269052505493164,39,4,0.8974358974358975
630,C,2,gnnexplainer,0.9,match_ig_baseline,scientific,-0.999916136264801,-2.428664207458496,-1.1923532485961914,-0.9909263849258423,0.00898975133895874,1.4377378225326538,0.20142686367034912,1.428748071193695,0.19243711233139038,1.428748071193695,0.19243711233139038,39,4,0.8974358974358975
630,C,2,integrated_gradients,0.9,match_ig_baseline,scientific,-0.999916136264801,-2.7631077766418457,-0.737648606300354,-0.9909263849258423,0.00898975133895874,1.7721813917160034,0.2532777786254883,1.7631916403770447,0.262267529964447,1.7631916403770447,0.24428802728652954,39,4,0.8974358974358975
630,C,3,gnnexplainer,0.9,match_ig_baseline,scientific,-13.794824600219727,-9.665578842163086,-10.376421928405762,-13.486979484558105,0.3078451156616211,3.8214006423950195,3.1105575561523438,4.129245758056641,3.418402671813965,3.5135555267333984,2.8027124404907227,39,4,0.8974358974358975
630,C,3,integrated_gradients,0.9,match_ig_baseline,scientific,-13.794824600219727,-8.783058166503906,-12.481388092041016,-13.486979484558105,0.3078451156616211,4.703921318054199,1.0055913925170898,5.01176643371582,1.313436508178711,4.396076202392578,0.6977462768554688,39,4,0.8974358974358975
630,C,4,gnnexplainer,0.9,match_ig_baseline,scientific,-14.877642631530762,-15.56881046295166,-8.445679664611816,-14.350349426269531,0.5272932052612305,1.218461036682129,5.904669761657715,0.6911678314208984,6.431962966918945,0.6911678314208984,5.377376556396484,39,4,0.8974358974358975
630,C,4,integrated_gradients,0.9,match_ig_baseline,scientific,-14.877642631530762,-9.256113052368164,-13.27976131439209,-14.350349426269531,0.5272932052612305,5.094236373901367,1.0705881118774414,5.621529579162598,1.5978813171386719,4.566943168640137,0.5432949066162109,39,4,0.8974358974358975
640,H,0,gnnexplainer,0.9,match_ig_baseline,scientific,-0.21126306056976318,-0.2450006902217865,-0.16494464874267578,0.13790667057037354,0.3491697311401367,0.38290736079216003,0.3028513193130493,0.033737629652023315,0.0463184118270874,0.033737629652023315,-0.0463184118270874,33,4,0.8787878787878788
640,H,0,integrated_gradients,0.9,match_ig_baseline,scientific,-0.21126306056976318,-0.19314786791801453,-0.19720691442489624,0.13790667057037354,0.3491697311401367,0.33105453848838806,0.3351135849952698,0.018115192651748657,0.014056146144866943,-0.018115192651748657,-0.014056146144866943,33,4,0.8787878787878788
640,H,1,gnnexplainer,0.9,match_ig_baseline,scientific,-0.21125224232673645,-0.3053014278411865,-0.25595423579216003,0.13790667057037354,0.34915891289711,0.44320809841156006,0.39386090636253357,0.09404918551445007,0.044701993465423584,0.09404918551445007,0.044701993465423584,33,4,0.8787878787878788
640,H,1,integrated_gradients,0.9,match_ig_baseline,scientific,-0.21125224232673645,-0.1931304931640625,-0.1972007155418396,0.13790667057037354,0.34915891289711,0.33103716373443604,0.33510738611221313,0.01812174916267395,0.01405152678489685,-0.01812174916267395,-0.01405152678489685,33,4,0.8787878787878788
640,H,2,gnnexplainer,0.9,match_ig_baseline,scientific,-0.04018162190914154,-0.0448557510972023,-0.05075712502002716,-0.010049479082226753,0.030132142826914787,0.03480627201497555,0.04070764593780041,0.0046741291880607605,0.01057550311088562,0.0046741291880607605,0.01057550311088562,33,4,0.8787878787878788
640,H,2,integrated_gradients,0.9,match_ig_baseline,scientific,-0.04018162190914154,-0.05018232390284538,-0.03962741047143936,-0.010049479082226753,0.030132142826914787,0.04013284482061863,0.02957793138921261,0.010000701993703842,0.000554211437702179,0.010000701993703842,-0.000554211437702179,33,4,0.8787878787878788
640,H,3,gnnexplainer,0.9,match_ig_baseline,scientific,-0.02698579430580139,-0.03384293243288994,-0.05328851938247681,-0.030795302242040634,0.0038095079362392426,0.003047630190849304,0.022493217140436172,0.006857138127088547,0.026302725076675415,-0.0007618777453899384,0.01868370920419693,33,4,0.8787878787878788
640,H,3,integrated_gradients,0.9,match_ig_baseline,scientific,-0.02698579430580139,-0.049510445445775986,-0.03132523223757744,-0.030795302242040634,0.0038095079362392426,0.01871514320373535,0.0005299299955368042,0.022524651139974594,0.004339437931776047,0.014905635267496109,-0.0032795779407024384,33,4,0.8787878787878788
640,H,4,gnnexplainer,0.9,match_ig_baseline,scientific,-0.029253706336021423,-0.027577366679906845,-0.0359821692109108,-0.03988323733210564,0.010629530996084213,0.012305870652198792,0.0039010681211948395,0.0016763396561145782,0.006728462874889374,0.0016763396561145782,-0.006728462874889374,33,4,0.8787878787878788
640,H,4,integrated_gradients,0.9,match_ig_baseline,scientific,-0.029253706336021423,-0.04856716841459274,-0.032504621893167496,-0.03988323733210564,0.010629530996084213,0.008683931082487106,0.007378615438938141,0.01931346207857132,0.0032509155571460724,-0.001945599913597107,-0.0032509155571460724,33,4,0.8787878787878788
640,H,5,gnnexplainer,0.9,match_ig_baseline,scientific,-0.07945401221513748,-0.08762134611606598,-0.04949241876602173,-0.08353185653686523,0.004077844321727753,0.004089489579200745,0.034039437770843506,0.008167333900928497,0.029961593449115753,1.1645257472991943e-05,0.029961593449115753,33,4,0.8787878787878788
640,H,5,integrated_gradients,0.9,match_ig_baseline,scientific,-0.07945401221513748,-0.07204153388738632,-0.07723862677812576,-0.08353185653686523,0.004077844321727753,0.011490322649478912,0.0062932297587394714,0.00741247832775116,0.0022153854370117188,0.00741247832775116,0.0022153854370117188,33,4,0.8787878787878788
640,H,6,gnnexplainer,0.9,match_ig_baseline,scientific,-0.11835552006959915,-0.14749263226985931,-0.06190729886293411,-0.10661061108112335,0.0117449089884758,0.04088202118873596,0.04470331221818924,0.029137112200260162,0.05644822120666504,0.029137112200260162,0.03295840322971344,33,4,0.8787878787878788
640,H,6,integrated_gradients,0.9,match_ig_baseline,scientific,-0.11835552006959915,-0.08641333878040314,-0.12034891545772552,-0.10661061108112335,0.0117449089884758,0.020197272300720215,0.013738304376602173,0.031942181289196014,0.0019933953881263733,0.008452363312244415,0.0019933953881263733,33,4,0.8787878787878788
640,H,7,gnnexplainer,0.9,match_ig_baseline,scientific,-0.06900552660226822,-0.08190576732158661,-0.054840151220560074,-0.07117222994565964,0.0021667033433914185,0.010733537375926971,0.016332078725099564,0.01290024071931839,0.014165375381708145,0.008566834032535553,0.014165375381708145,33,4,0.8787878787878788
640,H,7,integrated_gradients,0.9,match_ig_baseline,scientific,-0.06900552660226822,-0.04733584076166153,-0.07398942112922668,-0.07117222994565964,0.0021667033433914185,0.023836389183998108,0.002817191183567047,0.02166968584060669,0.004983894526958466,0.02166968584060669,0.0006504878401756287,33,4,0.8787878787878788
640,H,8,gnnexplainer,0.9,match_ig_baseline,scientific,-0.10110029578208923,-0.047378405928611755,-0.11391475796699524,-0.12511934340000153,0.024019047617912292,0.07774093747138977,0.011204585433006287,0.05372188985347748,0.012814462184906006,0.05372188985347748,-0.012814462184906006,33,4,0.8787878787878788
640,H,8,integrated_gradients,0.9,match_ig_baseline,scientific,-0.10110029578208923,-0.05940413847565651,-0.09703183174133301,-0.12511934340000153,0.024019047617912292,0.06571520492434502,0.028087511658668518,0.041696157306432724,0.004068464040756226,0.041696157306432724,0.004068464040756226,33,4,0.8787878787878788
640,H,9,gnnexplainer,0.9,match_ig_baseline,scientific,-0.07945292443037033,-0.0851692482829094,-0.07892057299613953,-0.08353185653686523,0.0040789321064949036,0.001637391746044159,0.004611283540725708,0.0057163238525390625,0.0005323514342308044,-0.0024415403604507446,0.0005323514342308044,33,4,0.8787878787878788
640,H,9,integrated_gradients,0.9,match_ig_baseline,scientific,-0.07945292443037033,-0.07204288244247437,-0.07723814994096756,-0.08353185653686523,0.0040789321064949036,0.01148897409439087,0.0062937065958976746,0.007410041987895966,0.002214774489402771,0.007410041987895966,0.002214774489402771,33,4,0.8787878787878788
640,H,10,gnnexplainer,0.9,match_ig_baseline,scientific,-0.11835354566574097,-0.09840340167284012,-0.08873781561851501,-0.10661061108112335,0.011742934584617615,0.008207209408283234,0.017872795462608337,0.01995014399290085,0.029615730047225952,-0.003535725176334381,0.006129860877990723,33,4,0.8787878787878788
640,H,10,integrated_gradients,0.9,match_ig_baseline,scientific,-0.11835354566574097,-0.08641114830970764,-0.1203489750623703,-0.10661061108112335,0.011742934584617615,0.02019946277141571,0.013738363981246948,0.031942397356033325,0.0019954293966293335,0.008456528186798096,0.0019954293966293335,33,4,0.8787878787878788
640,H,11,gnnexplainer,0.9,match_ig_baseline,scientific,-0.04018741473555565,-0.03330881893634796,-0.047453559935092926,-0.010049479082226753,0.030137935653328896,0.023259339854121208,0.03740408085286617,0.006878595799207687,0.007266145199537277,-0.006878595799207687,0.007266145199537277,33,4,0.8787878787878788
640,H,11,integrated_gradients,0.9,match_ig_baseline,scientific,-0.04018741473555565,-0.050180479884147644,-0.03963571786880493,-0.010049479082226753,0.030137935653328896,0.04013100080192089,0.02958623878657818,0.009993065148591995,0.0005516968667507172,0.009993065148591995,-0.0005516968667507172,33,4,0.8787878787878788
640,H,12,gnnexplainer,0.9,match_ig_baseline,scientific,-0.029250383377075195,-0.039532482624053955,-0.0428948812186718,-0.04088323935866356,0.011632855981588364,0.0013507567346096039,0.0020116418600082397,0.01028209924697876,0.013644497841596603,-0.01028209924697876,-0.009621214121580124,33,4,0.8787878787878788
640,H,12,integrated_gradients,0.9,match_ig_baseline,scientific,-0.029250383377075195,-0.04856393113732338,-0.032501641660928726,-0.04088323935866356,0.011632855981588364,0.0076806917786598206,0.008381597697734833,0.019313547760248184,0.003251258283853531,-0.003952164202928543,-0.003251258283853531,33,4,0.8787878787878788
640,H,13,gnnexplainer,0.9,match_ig_baseline,scientific,-0.026982992887496948,-0.045645616948604584,-0.06453850865364075,-0.030795302242040634,0.003812309354543686,0.01485031470656395,0.03374320641160011,0.018662624061107635,0.0375555157661438,0.011038005352020264,0.029930897057056427,33,4,0.8787878787878788
640,H,13,integrated_gradients,0.9,match_ig_baseline,scientific,-0.026982992887496948,-0.04950714111328125,-0.03132231533527374,-0.030795302242040634,0.003812309354543686,0.018711838871240616,0.0005270130932331085,0.022524148225784302,0.004339322447776794,0.01489952951669693,-0.0032852962613105774,33,4,0.8787878787878788
640,C,0,gnnexplainer,0.9,match_ig_baseline,scientific,-7.860611915588379,-6.068304061889648,-10.840968132019043,-8.271045684814453,0.4104337692260742,2.2027416229248047,2.56992244720459,1.7923078536987305,2.980356216430664,1.7923078536987305,2.1594886779785156,39,4,0.8974358974358975
640,C,0,integrated_gradients,0.9,match_ig_baseline,scientific,-7.860611915588379,-4.857895374298096,-7.3467559814453125,-8.271045684814453,0.4104337692260742,3.4131503105163574,0.9242897033691406,3.002716541290283,0.5138559341430664,3.002716541290283,0.5138559341430664,39,4,0.8974358974358975
640,C,1,gnnexplainer,0.9,match_ig_baseline,scientific,-7.8596673011779785,-3.5597081184387207,-6.700267314910889,-8.270045280456543,0.41037797927856445,4.710337162017822,1.5697779655456543,4.299959182739258,1.1593999862670898,4.299959182739258,1.1593999862670898,39,4,0.8974358974358975
640,C,1,integrated_gradients,0.9,match_ig_baseline,scientific,-7.8596673011779785,-4.858105182647705,-7.346767425537109,-8.270045280456543,0.41037797927856445,3.411940097808838,0.9232778549194336,3.0015621185302734,0.5128998756408691,3.0015621185302734,0.5128998756408691,39,4,0.8974358974358975
640,C,2,gnnexplainer,0.9,match_ig_baseline,scientific,-0.4793398380279541,-1.1872016191482544,-1.2192819118499756,-0.608948290348053,0.12960845232009888,0.5782533288002014,0.6103336215019226,0.7078617811203003,0.7399420738220215,0.44864487648010254,0.48072516918182373,39,4,0.8974358974358975
640,C,2,integrated_gradients,0.9,match_ig_baseline,scientific,-0.4793398380279541,-2.174807071685791,-0.4698272943496704,-0.608948290348053,0.12960845232009888,1.565858781337738,0.13912099599838257,1.695467233657837,0.009512543678283691,1.4362503290176392,0.009512543678283691,39,4,0.8974358974358975
640,C,3,gnnexplainer,0.9,match_ig_baseline,scientific,-1.0577682256698608,-3.712130069732666,-1.4862858057022095,-1.4114946126937866,0.3537263870239258,2.3006354570388794,0.07479119300842285,2.654361844062805,0.42851758003234863,1.9469090700149536,-0.27893519401550293,39,4,0.8974358974358975
640,C,3,integrated_gradients,0.9,match_ig_baseline,scientific,-1.0577682256698608,-4.385216236114502,-1.1772834062576294,-1.4114946126937866,0.3537263870239258,2.9737216234207153,0.23421120643615723,3.327448010444641,0.11951518058776855,2.6199952363967896,-0.11951518058776855,39,4,0.8974358974358975
640,C,4,gnnexplainer,0.9,match_ig_baseline,scientific,-1.6062666177749634,-4.820406436920166,-2.365591049194336,-2.1460978984832764,0.539831280708313,2.6743085384368896,0.21949315071105957,3.2141398191452026,0.7593244314193726,2.1344772577285767,-0.3203381299972534,39,4,0.8974358974358975
640,C,4,integrated_gradients,0.9,match_ig_baseline,scientific,-1.6062666177749634,-4.407944679260254,-1.827412724494934,-2.1460978984832764,0.539831280708313,2.2618467807769775,0.3186851739883423,2.8016780614852905,0.2211461067199707,1.7220155000686646,-0.2211461067199707,39,4,0.8974358974358975
640,C,5,gnnexplainer,0.9,match_ig_baseline,scientific,-1.0578246116638184,-3.4171531200408936,-1.7266242504119873,-1.4114511013031006,0.3536264896392822,2.005702018737793,0.3151731491088867,2.359328508377075,0.668799638748169,1.6520755290985107,-0.03845334053039551,39,4,0.8974358974358975
640,C,5,integrated_gradients,0.9,match_ig_baseline,scientific,-1.0578246116638184,-4.385271072387695,-1.177281379699707,-1.4114511013031006,0.3536264896392822,2.9738199710845947,0.23416972160339355,3.327446460723877,0.11945676803588867,2.6201934814453125,-0.11945676803588867,39,4,0.8974358974358975
640,C,6,gnnexplainer,0.9,match_ig_baseline,scientific,-0.47932881116867065,-0.8173485398292542,-1.7718262672424316,-0.6109034419059753,0.1315746307373047,0.2064450979232788,1.1609228253364563,0.3380197286605835,1.292497456073761,0.07487046718597412,1.0293481945991516,39,4,0.8974358974358975
640,C,6,integrated_gradients,0.9,match_ig_baseline,scientific,-0.47932881116867065,-2.1749372482299805,-0.46982407569885254,-0.6109034419059753,0.1315746307373047,1.5640338063240051,0.1410793662071228,1.6956084370613098,0.009504735469818115,1.4324591755867004,0.009504735469818115,39,4,0.8974358974358975
650,H,0,gnnexplainer,0.9,match_ig_baseline,scientific,-0.034940771758556366,-0.053324371576309204,-0.05277187377214432,-0.047470711171627045,0.012529939413070679,0.005853660404682159,0.005301162600517273,0.018383599817752838,0.01783110201358795,-0.006676279008388519,-0.007228776812553406,33,4,0.8787878787878788
650,H,0,integrated_gradients,0.9,match_ig_baseline,scientific,-0.034940771758556366,-0.04784639924764633,-0.040708865970373154,-0.047470711171627045,0.012529939413070679,0.0003756880760192871,0.006761845201253891,0.012905627489089966,0.005768094211816788,-0.012154251337051392,-0.005768094211816788,33,4,0.8787878787878788
650,H,1,gnnexplainer,0.9,match_ig_baseline,scientific,-0.06100916862487793,-0.02992500364780426,-0.06339911371469498,-0.0373387411236763,0.02367042750120163,0.00741373747587204,0.026060372591018677,0.03108416497707367,0.002389945089817047,-0.01625669002532959,0.002389945089817047,33,4,0.8787878787878788
650,H,1,integrated_gradients,0.9,match_ig_baseline,scientific,-0.06100916862487793,-0.05205213651061058,-0.058831509202718735,-0.0373387411236763,0.02367042750120163,0.01471339538693428,0.021492768079042435,0.00895703211426735,0.002177659422159195,-0.00895703211426735,-0.002177659422159195,33,4,0.8787878787878788
650,H,2,gnnexplainer,0.9,match_ig_baseline,scientific,-0.024738125503063202,-0.009903714060783386,-0.043947018682956696,-0.021102281287312508,0.0036358442157506943,0.011198567226529121,0.022844737395644188,0.014834411442279816,0.019208893179893494,0.007562723010778427,0.019208893179893494,33,4,0.8787878787878788
650,H,2,integrated_gradients,0.9,match_ig_baseline,scientific,-0.024738125503063202,-0.04516904428601265,-0.027752026915550232,-0.021102281287312508,0.0036358442157506943,0.024066762998700142,0.006649745628237724,0.020430918782949448,0.00301390141248703,0.020430918782949448,0.00301390141248703,33,4,0.8787878787878788
650,H,3,gnnexplainer,0.9,match_ig_baseline,scientific,-0.10827633738517761,-0.08365015685558319,-0.13538676500320435,-0.09628623723983765,0.011990100145339966,0.012636080384254456,0.0391005277633667,0.02462618052959442,0.027110427618026733,0.0006459802389144897,0.027110427618026733,33,4,0.8787878787878788
650,H,3,integrated_gradients,0.9,match_ig_baseline,scientific,-0.10827633738517761,-0.10989531874656677,-0.10045159608125687,-0.09628623723983765,0.011990100145339966,0.013609081506729126,0.00416535884141922,0.0016189813613891602,0.007824741303920746,0.0016189813613891602,-0.007824741303920746,33,4,0.8787878787878788
650,H,4,gnnexplainer,0.9,match_ig_baseline,scientific,-0.05421527847647667,-0.06211376562714577,-0.08910569548606873,-0.1060146912932396,0.051799412816762924,0.043900925666093826,0.016908995807170868,0.007898487150669098,0.034890417009592056,-0.007898487150669098,-0.034890417009592056,33,4,0.8787878787878788
650,H,4,integrated_gradients,0.9,match_ig_baseline,scientific,-0.05421527847647667,-0.09293264895677567,-0.058011867105960846,-0.1060146912932396,0.051799412816762924,0.013082042336463928,0.04800282418727875,0.038717370480298996,0.0037965886294841766,-0.038717370480298996,-0.0037965886294841766,33,4,0.8787878787878788
650,H,5,gnnexplainer,0.9,match_ig_baseline,scientific,-0.0340970978140831,-0.05889801308512688,-0.036389779299497604,-0.045926790684461594,0.011829692870378494,0.012971222400665283,0.00953701138496399,0.024800915271043777,0.002292681485414505,0.001141529530286789,-0.002292681485414505,33,4,0.8787878787878788
650,H,5,integrated_gradients,0.9,match_ig_baseline,scientific,-0.0340970978140831,-0.04633142054080963,-0.03968648239970207,-0.045926790684461594,0.011829692870378494,0.0004046298563480377,0.0062403082847595215,0.012234322726726532,0.005589384585618973,-0.011425063014030457,-0.005589384585618973,33,4,0.8787878787878788
650,H,6,gnnexplainer,0.9,match_ig_baseline,scientific,-0.023676138371229172,-0.049337029457092285,-0.030698828399181366,-0.01910228095948696,0.00457385741174221,0.030234748497605324,0.011596547439694405,0.025660891085863113,0.007022690027952194,0.025660891085863113,0.007022690027952194,33,4,0.8787878787878788
650,H,6,integrated_gradients,0.9,match_ig_baseline,scientific,-0.023676138371229172,-0.043445564806461334,-0.026074498891830444,-0.01910228095948696,0.00457385741174221,0.024343283846974373,0.006972217932343483,0.019769426435232162,0.0023983605206012726,0.019769426435232162,0.0023983605206012726,33,4,0.8787878787878788
650,H,7,gnnexplainer,0.9,match_ig_baseline,scientific,-0.05934511870145798,-0.08218340575695038,-0.05326076224446297,-0.03475097194314003,0.024594146758317947,0.04743243381381035,0.018509790301322937,0.0228382870554924,0.00608435645699501,0.0228382870554924,-0.00608435645699501,33,4,0.8787878787878788
650,H,7,integrated_gradients,0.9,match_ig_baseline,scientific,-0.05934511870145798,-0.050779737532138824,-0.057638317346572876,-0.03475097194314003,0.024594146758317947,0.016028765588998795,0.022887345403432846,0.008565381169319153,0.0017068013548851013,-0.008565381169319153,-0.0017068013548851013,33,4,0.8787878787878788
650,H,8,gnnexplainer,0.9,match_ig_baseline,scientific,-0.03394071012735367,-0.03831920772790909,-0.04343065991997719,-0.04692678898572922,0.01298607885837555,0.00860758125782013,0.0034961290657520294,0.00437849760055542,0.00948994979262352,-0.00437849760055542,-0.00948994979262352,33,4,0.8787878787878788
650,H,8,integrated_gradients,0.9,match_ig_baseline,scientific,-0.03394071012735367,-0.04634803533554077,-0.03952246904373169,-0.04692678898572922,0.01298607885837555,0.000578753650188446,0.007404319941997528,0.012407325208187103,0.005581758916378021,-0.012407325208187103,-0.005581758916378021,33,4,0.8787878787878788
650,H,9,gnnexplainer,0.9,match_ig_baseline,scientific,-0.05895303934812546,-0.07703924924135208,-0.0507027804851532,-0.03479496389627457,0.02415807545185089,0.042244285345077515,0.01590781658887863,0.018086209893226624,0.00825025886297226,0.018086209893226624,-0.00825025886297226,33,4,0.8787878787878788
650,H,9,integrated_gradients,0.9,match_ig_baseline,scientific,-0.05895303934812546,-0.050821661949157715,-0.05734787881374359,-0.03479496389627457,0.02415807545185089,0.016026698052883148,0.022552914917469025,0.008131377398967743,0.0016051605343818665,-0.008131377398967743,-0.0016051605343818665,33,4,0.8787878787878788
650,H,10,gnnexplainer,0.9,match_ig_baseline,scientific,-0.023587524890899658,-0.04870029538869858,-0.02547646313905716,-0.020102281123399734,0.0034852437674999237,0.028598014265298843,0.005374182015657425,0.02511277049779892,0.0018889382481575012,0.02511277049779892,0.0018889382481575012,33,4,0.8787878787878788
650,H,10,integrated_gradients,0.9,match_ig_baseline,scientific,-0.023587524890899658,-0.04343753680586815,-0.0260397270321846,-0.020102281123399734,0.0034852437674999237,0.023335255682468414,0.005937445908784866,0.01985001191496849,0.0024522021412849426,0.01985001191496849,0.0024522021412849426,33,4,0.8787878787878788
650,H,11,gnnexplainer,0.9,match_ig_baseline,scientific,-0.10841157287359238,-0.08885517716407776,-0.1036197692155838,-0.09524228423833847,0.013169288635253906,0.006387107074260712,0.00837748497724533,0.019556395709514618,0.0047918036580085754,-0.006782181560993195,-0.0047918036580085754,33,4,0.8787878787878788
650,H,11,integrated_gradients,0.9,match_ig_baseline,scientific,-0.10841157287359238,-0.10981273651123047,-0.100473552942276,-0.09524228423833847,0.013169288635253906,0.014570452272891998,0.0052312687039375305,0.001401163637638092,0.007938019931316376,0.001401163637638092,-0.007938019931316376,33,4,0.8787878787878788
650,H,12,gnnexplainer,0.9,match_ig_baseline,scientific,-0.05435436591506004,-0.06161295622587204,-0.07949838787317276,-0.10497073829174042,0.050616372376680374,0.04335778206586838,0.025472350418567657,0.0072585903108119965,0.025144021958112717,-0.0072585903108119965,-0.025144021958112717,33,4,0.8787878787878788
650,H,12,integrated_gradients,0.9,match_ig_baseline,scientific,-0.05435436591506004,-0.09272533655166626,-0.05813107639551163,-0.10497073829174042,0.050616372376680374,0.012245401740074158,0.04683966189622879,0.038370970636606216,0.003776710480451584,-0.038370970636606216,-0.003776710480451584,33,4,0.8787878787878788
650,H,13,gnnexplainer,0.9,match_ig_baseline,scientific,-0.06090754270553589,-0.06137813255190849,-0.050464928150177,-0.03579496219754219,0.025112580507993698,0.025583170354366302,0.014669965952634811,0.00047058984637260437,0.010442614555358887,0.00047058984637260437,-0.010442614555358887,33,4,0.8787878787878788
650,H,13,integrated_gradients,0.9,match_ig_baseline,scientific,-0.06090754270553589,-0.051895856857299805,-0.05888824164867401,-0.03579496219754219,0.025112580507993698,0.016100894659757614,0.02309327945113182,0.009011685848236084,0.0020193010568618774,-0.009011685848236084,-0.0020193010568618774,33,4,0.8787878787878788
650,H,14,gnnexplainer,0.9,match_ig_baseline,scientific,-0.03507107496261597,-0.03892500698566437,-0.04693511873483658,-0.04792679101228714,0.012855716049671173,0.009001784026622772,0.0009916722774505615,0.003853932023048401,0.011864043772220612,-0.003853932023048401,-0.011864043772220612,33,4,0.8787878787878788
650,H,14,integrated_gradients,0.9,match_ig_baseline,scientific,-0.03507107496261597,-0.03969774395227432,-0.03670177236199379,-0.04792679101228714,0.012855716049671173,0.008229047060012817,0.01122501865029335,0.004626668989658356,0.0016306973993778229,-0.004626668989658356,-0.0016306973993778229,33,4,0.8787878787878788
650,H,15,gnnexplainer,0.9,match_ig_baseline,scientific,-0.024672776460647583,-0.03465316444635391,-0.04943365603685379,-0.01910228095948696,0.005570495501160622,0.015550883486866951,0.03033137507736683,0.00998038798570633,0.024760879576206207,0.00998038798570633,0.024760879576206207,33,4,0.8787878787878788
650,H,15,integrated_gradients,0.9,match_ig_baseline,scientific,-0.024672776460647583,-0.04500671848654747,-0.027623042464256287,-0.01910228095948696,0.005570495501160622,0.02590443752706051,0.008520761504769325,0.020333942025899887,0.0029502660036087036,0.020333942025899887,0.0029502660036087036,33,4,0.8787878787878788
650,C,0,gnnexplainer,0.9,match_ig_baseline,scientific,-0.6039972305297852,-2.349543571472168,-0.4775491952896118,-0.7945148944854736,0.19051766395568848,1.5550286769866943,0.3169656991958618,1.7455463409423828,0.12644803524017334,1.3645110130310059,0.12644803524017334,39,4,0.8974358974358975
650,C,0,integrated_gradients,0.9,match_ig_baseline,scientific,-0.6039972305297852,-2.4133827686309814,-0.6325671672821045,-0.7945148944854736,0.19051766395568848,1.6188678741455078,0.16194772720336914,1.8093855381011963,0.028569936752319336,1.4283502101898193,-0.028569936752319336,39,4,0.8974358974358975
650,C,1,gnnexplainer,0.9,match_ig_baseline,scientific,-0.9427768588066101,-4.174278736114502,-1.029148817062378,-1.2854688167572021,0.34269195795059204,2.8888099193573,0.2563199996948242,3.231501877307892,0.08637195825576782,2.5461179614067078,-0.08637195825576782,39,4,0.8974358974358975
650,C,1,integrated_gradients,0.9,match_ig_baseline,scientific,-0.9427768588066101,-3.773740768432617,-0.9781491160392761,-1.2854688167572021,0.34269195795059204,2.488271951675415,0.307319700717926,2.830963909626007,0.035372257232666016,2.145579993724823,-0.035372257232666016,39,4,0.8974358974358975
650,C,2,gnnexplainer,0.9,match_ig_baseline,scientific,-0.6430948376655579,-2.6586036682128906,-0.7726331949234009,-0.7869271636009216,0.14383232593536377,1.871676504611969,0.014293968677520752,2.0155088305473328,0.12953835725784302,1.7278441786766052,-0.12953835725784302,39,4,0.8974358974358975
650,C,2,integrated_gradients,0.9,match_ig_baseline,scientific,-0.6430948376655579,-2.3123226165771484,-0.6376943588256836,-0.7869271636009216,0.14383232593536377,1.5253954529762268,0.14923280477523804,1.6692277789115906,0.005400478839874268,1.381563127040863,0.005400478839874268,39,4,0.8974358974358975
650,C,3,gnnexplainer,0.9,match_ig_baseline,scientific,-0.6416166424751282,-1.4547780752182007,-1.356918215751648,-0.7869707942008972,0.14535415172576904,0.6678072810173035,0.5699474215507507,0.8131614327430725,0.7153015732765198,0.5224531292915344,0.4245932698249817,39,4,0.8974358974358975
650,C,3,integrated_gradients,0.9,match_ig_baseline,scientific,-0.6416166424751282,-2.3067071437835693,-0.6359934210777283,-0.7869707942008972,0.14535415172576904,1.5197363495826721,0.15097737312316895,1.6650905013084412,0.005623221397399902,1.374382197856903,0.005623221397399902,39,4,0.8974358974358975
650,C,4,gnnexplainer,0.9,match_ig_baseline,scientific,-0.942050039768219,-4.416738033294678,-0.9004039168357849,-1.282924771308899,0.34087473154067993,3.133813261985779,0.382520854473114,3.4746879935264587,0.04164612293243408,2.792938530445099,0.04164612293243408,39,4,0.8974358974358975
650,C,4,integrated_gradients,0.9,match_ig_baseline,scientific,-0.942050039768219,-3.777679204940796,-0.9776515364646912,-1.282924771308899,0.34087473154067993,2.494754433631897,0.30527323484420776,2.835629165172577,0.03560149669647217,2.153879702091217,-0.03560149669647217,39,4,0.8974358974358975
650,C,5,gnnexplainer,0.9,match_ig_baseline,scientific,-0.60410076379776,-1.786199927330017,-0.5994661450386047,-0.7939702272415161,0.1898694634437561,0.992229700088501,0.19450408220291138,1.182099163532257,0.0046346187591552734,0.8023602366447449,0.0046346187591552734,39,4,0.8974358974358975
650,C,5,integrated_gradients,0.9,match_ig_baseline,scientific,-0.60410076379776,-2.4085233211517334,-0.6334017515182495,-0.7939702272415161,0.1898694634437561,1.6145530939102173,0.1605684757232666,1.8044225573539734,0.029300987720489502,1.4246836304664612,-0.029300987720489502,39,4,0.8974358974358975
660,H,0,gnnexplainer,0.9,match_ig_baseline,scientific,-0.16517344117164612,-0.11786580085754395,-0.17662310600280762,-0.20275944471359253,0.03758600354194641,0.08489364385604858,0.026136338710784912,0.04730764031410217,0.011449664831161499,0.04730764031410217,-0.011449664831161499,33,4,0.8787878787878788
660,H,0,integrated_gradients,0.9,match_ig_baseline,scientific,-0.16517344117164612,-0.11427468806505203,-0.16164225339889526,-0.20275944471359253,0.03758600354194641,0.0884847566485405,0.041117191314697266,0.050898753106594086,0.0035311877727508545,0.050898753106594086,0.0035311877727508545,33,4,0.8787878787878788
660,H,1,gnnexplainer,0.9,match_ig_baseline,scientific,-0.1645946204662323,-0.15568865835666656,-0.1419481337070465,-0.20275944471359253,0.03816482424736023,0.047070786356925964,0.06081131100654602,0.008905962109565735,0.02264648675918579,0.008905962109565735,0.02264648675918579,33,4,0.8787878787878788
660,H,1,integrated_gradients,0.9,match_ig_baseline,scientific,-0.1645946204662323,-0.10955635458230972,-0.15671861171722412,-0.20275944471359253,0.03816482424736023,0.0932030901312828,0.04604083299636841,0.05503826588392258,0.007876008749008179,0.05503826588392258,0.007876008749008179,33,4,0.8787878787878788
660,H,2,gnnexplainer,0.9,match_ig_baseline,scientific,-0.1664506494998932,-0.12295949459075928,-0.18636605143547058,-0.20075945556163788,0.03430880606174469,0.0777999609708786,0.014393404126167297,0.04349115490913391,0.019915401935577393,0.04349115490913391,-0.019915401935577393,33,4,0.8787878787878788
660,H,2,integrated_gradients,0.9,match_ig_baseline,scientific,-0.1664506494998932,-0.11060083657503128,-0.15911510586738586,-0.20075945556163788,0.03430880606174469,0.0901586189866066,0.041644349694252014,0.05584981292486191,0.007335543632507324,0.05584981292486191,0.007335543632507324,33,4,0.8787878787878788
660,H,3,gnnexplainer,0.9,match_ig_baseline,scientific,-0.16647592186927795,-0.14596125483512878,-0.16309083998203278,-0.20375944674015045,0.0372835248708725,0.05779819190502167,0.040668606758117676,0.02051466703414917,0.0033850818872451782,0.02051466703414917,0.0033850818872451782,33,4,0.8787878787878788
660,H,3,integrated_gradients,0.9,match_ig_baseline,scientific,-0.16647592186927795,-0.1106056272983551,-0.1591273993253708,-0.20375944674015045,0.0372835248708725,0.09315381944179535,0.04463204741477966,0.05587029457092285,0.0073485225439071655,0.05587029457092285,0.0073485225439071655,33,4,0.8787878787878788
660,H,4,gnnexplainer,0.9,match_ig_baseline,scientific,-0.16462445259094238,-0.13105708360671997,-0.15654580295085907,-0.20221565663814545,0.037591204047203064,0.07115857303142548,0.04566985368728638,0.03356736898422241,0.008078649640083313,0.03356736898422241,0.008078649640083313,33,4,0.8787878787878788
660,H,4,integrated_gradients,0.9,match_ig_baseline,scientific,-0.16462445259094238,-0.10957048833370209,-0.15675054490566254,-0.20221565663814545,0.037591204047203064,0.09264516830444336,0.04546511173248291,0.055053964257240295,0.007873907685279846,0.055053964257240295,0.007873907685279846,33,4,0.8787878787878788
660,C,0,gnnexplainer,0.9,match_ig_baseline,scientific,-7.038024425506592,-5.606754779815674,-6.426939010620117,-6.987955093383789,0.050069332122802734,1.3812003135681152,0.5610160827636719,1.431269645690918,0.6110854148864746,1.3311309814453125,0.5109467506408691,39,4,0.8974358974358975
660,C,0,integrated_gradients,0.9,match_ig_baseline,scientific,-7.038024425506592,-5.997000694274902,-6.785810947418213,-6.987955093383789,0.050069332122802734,0.9909543991088867,0.20214414596557617,1.0410237312316895,0.2522134780883789,0.940885066986084,0.15207481384277344,39,4,0.8974358974358975
660,C,1,gnnexplainer,0.9,match_ig_baseline,scientific,-7.038747310638428,-5.522080898284912,-7.050920009613037,-7.023499011993408,0.015248298645019531,1.501418113708496,0.027420997619628906,1.5166664123535156,0.012172698974609375,1.4861698150634766,0.012172698974609375,39,4,0.8974358974358975
660,C,1,integrated_gradients,0.9,match_ig_baseline,scientific,-7.038747310638428,-5.997567653656006,-6.78632116317749,-7.023499011993408,0.015248298645019531,1.0259313583374023,0.23717784881591797,1.0411796569824219,0.2524261474609375,1.0106830596923828,0.22192955017089844,39,4,0.8974358974358975
660,C,2,gnnexplainer,0.9,match_ig_baseline,scientific,-6.839990139007568,-6.062428951263428,-5.970455169677734,-7.008410930633545,0.16842079162597656,0.9459819793701172,1.0379557609558105,0.7775611877441406,0.869534969329834,0.7775611877441406,0.869534969329834,39,4,0.8974358974358975
660,C,2,integrated_gradients,0.9,match_ig_baseline,scientific,-6.839990139007568,-5.759522914886475,-6.567829608917236,-7.008410930633545,0.16842079162597656,1.2488880157470703,0.4405813217163086,1.0804672241210938,0.27216053009033203,1.0804672241210938,0.27216053009033203,39,4,0.8974358974358975
660,C,3,gnnexplainer,0.9,match_ig_baseline,scientific,-6.853241443634033,-5.962156772613525,-7.259402751922607,-7.023411273956299,0.17016983032226562,1.0612545013427734,0.2359914779663086,0.8910846710205078,0.4061613082885742,0.8910846710205078,0.06582164764404297,39,4,0.8974358974358975
660,C,3,integrated_gradients,0.9,match_ig_baseline,scientific,-6.853241443634033,-6.017881870269775,-6.513256549835205,-7.023411273956299,0.17016983032226562,1.0055294036865234,0.5101547241210938,0.8353595733642578,0.3399848937988281,0.8353595733642578,0.3399848937988281,39,4,0.8974358974358975
660,C,4,gnnexplainer,0.9,match_ig_baseline,scientific,-6.838660717010498,-6.541942596435547,-6.069705963134766,-7.0013227462768555,0.16266202926635742,0.4593801498413086,0.9316167831420898,0.29671812057495117,0.7689547538757324,0.29671812057495117,0.7689547538757324,39,4,0.8974358974358975
660,C,4,integrated_gradients,0.9,match_ig_baseline,scientific,-6.838660717010498,-5.7587690353393555,-6.566828727722168,-7.0013227462768555,0.16266202926635742,1.2425537109375,0.4344940185546875,1.0798916816711426,0.2718319892883301,1.0798916816711426,0.2718319892883301,39,4,0.8974358974358975
670,H,0,gnnexplainer,0.9,match_ig_baseline,scientific,-0.12615878880023956,-0.11904458701610565,-0.13232597708702087,-0.11269008368253708,0.013468705117702484,0.006354503333568573,0.019635893404483795,0.007114201784133911,0.006167188286781311,-0.007114201784133911,0.006167188286781311,33,4,0.8787878787878788
670,H,0,integrated_gradients,0.9,match_ig_baseline,scientific,-0.12615878880023956,-0.13505703210830688,-0.12703919410705566,-0.11269008368253708,0.013468705117702484,0.022366948425769806,0.014349110424518585,0.008898243308067322,0.0008804053068161011,0.008898243308067322,0.0008804053068161011,33,4,0.8787878787878788
670,H,1,gnnexplainer,0.9,match_ig_baseline,scientific,-0.13615170121192932,-0.14184629917144775,-0.12536147236824036,-0.13299790024757385,0.0031538009643554688,0.008848398923873901,0.007636427879333496,0.005694597959518433,0.010790228843688965,0.005694597959518433,0.004482626914978027,33,4,0.8787878787878788
670,H,1,integrated_gradients,0.9,match_ig_baseline,scientific,-0.13615170121192932,-0.12464624643325806,-0.13205496966838837,-0.13299790024757385,0.0031538009643554688,0.008351653814315796,0.0009429305791854858,0.011505454778671265,0.004096731543540955,0.005197852849960327,-0.002210870385169983,33,4,0.8787878787878788
670,H,2,gnnexplainer,0.9,match_ig_baseline,scientific,-0.12615621089935303,-0.13034303486347198,-0.12915216386318207,-0.11327777057886124,0.01287844032049179,0.01706526428461075,0.01587439328432083,0.0041868239641189575,0.0029959529638290405,0.0041868239641189575,0.0029959529638290405,33,4,0.8787878787878788
670,H,2,integrated_gradients,0.9,match_ig_baseline,scientific,-0.12615621089935303,-0.13506460189819336,-0.12703368067741394,-0.11327777057886124,0.01287844032049179,0.021786831319332123,0.013755910098552704,0.008908390998840332,0.0008774697780609131,0.008908390998840332,0.0008774697780609131,33,4,0.8787878787878788
670,H,3,gnnexplainer,0.9,match_ig_baseline,scientific,-0.1208568587899208,-0.14274877309799194,-0.11864958703517914,-0.11427777260541916,0.006579086184501648,0.028471000492572784,0.004371814429759979,0.021891914308071136,0.0022072717547416687,0.021891914308071136,-0.0022072717547416687,33,4,0.8787878787878788
670,H,3,integrated_gradients,0.9,match_ig_baseline,scientific,-0.1208568587899208,-0.13059937953948975,-0.12277941405773163,-0.11427777260541916,0.006579086184501648,0.016321606934070587,0.00850164145231247,0.00974252074956894,0.0019225552678108215,0.00974252074956894,0.0019225552678108215,33,4,0.8787878787878788
670,H,4,gnnexplainer,0.9,match_ig_baseline,scientific,-0.1313440203666687,-0.12838539481163025,-0.11853286623954773,-0.13399790227413177,0.0026538819074630737,0.005612507462501526,0.015465036034584045,0.002958625555038452,0.012811154127120972,0.002958625555038452,0.012811154127120972,33,4,0.8787878787878788
670,H,4,integrated_gradients,0.9,match_ig_baseline,scientific,-0.1313440203666687,-0.12021896243095398,-0.1281229853630066,-0.13399790227413177,0.0026538819074630737,0.013778939843177795,0.005874916911125183,0.011125057935714722,0.0032210350036621094,0.011125057935714722,0.0032210350036621094,33,4,0.8787878787878788
670,H,5,gnnexplainer,0.9,match_ig_baseline,scientific,-0.12088869512081146,-0.1333419382572174,-0.1350322663784027,-0.116277776658535,0.004610918462276459,0.017064161598682404,0.018754489719867706,0.012453243136405945,0.014143571257591248,0.012453243136405945,0.014143571257591248,33,4,0.8787878787878788
670,H,5,integrated_gradients,0.9,match_ig_baseline,scientific,-0.12088869512081146,-0.13063551485538483,-0.12279825657606125,-0.116277776658535,0.004610918462276459,0.014357738196849823,0.006520479917526245,0.009746819734573364,0.0019095614552497864,0.009746819734573364,0.0019095614552497864,33,4,0.8787878787878788
670,H,6,gnnexplainer,0.9,match_ig_baseline,scientific,-0.12363876402378082,-0.1255728006362915,-0.12667816877365112,-0.11223382502794266,0.011404938995838165,0.013338975608348846,0.014444343745708466,0.0019340366125106812,0.0030394047498703003,0.0019340366125106812,0.0030394047498703003,33,4,0.8787878787878788
670,H,6,integrated_gradients,0.9,match_ig_baseline,scientific,-0.12363876402378082,-0.1328190565109253,-0.1250700056552887,-0.11223382502794266,0.011404938995838165,0.020585231482982635,0.012836180627346039,0.00918029248714447,0.0014312416315078735,0.00918029248714447,0.0014312416315078735,33,4,0.8787878787878788
670,H,7,gnnexplainer,0.9,match_ig_baseline,scientific,-0.13401181995868683,-0.13163986802101135,-0.1309412717819214,-0.1345856636762619,0.0005738437175750732,0.0029457956552505493,0.003644391894340515,0.002371951937675476,0.003070548176765442,0.002371951937675476,0.003070548176765442,33,4,0.8787878787878788
670,H,7,integrated_gradients,0.9,match_ig_baseline,scientific,-0.13401181995868683,-0.12260530889034271,-0.1301671266555786,-0.1345856636762619,0.0005738437175750732,0.01198035478591919,0.004418537020683289,0.011406511068344116,0.0038446933031082153,0.011406511068344116,0.0038446933031082153,33,4,0.8787878787878788
670,H,8,gnnexplainer,0.9,match_ig_baseline,scientific,-0.12363122403621674,-0.12088629603385925,-0.13534080982208252,-0.11269008368253708,0.010941140353679657,0.008196212351322174,0.02265072613954544,0.002744928002357483,0.011709585785865784,-0.002744928002357483,0.011709585785865784,33,4,0.8787878787878788
670,H,8,integrated_gradients,0.9,match_ig_baseline,scientific,-0.12363122403621674,-0.13280367851257324,-0.1250622570514679,-0.11269008368253708,0.010941140353679657,0.020113594830036163,0.012372173368930817,0.009172454476356506,0.0014310330152511597,0.009172454476356506,0.0014310330152511597,33,4,0.8787878787878788
670,C,0,gnnexplainer,0.9,match_ig_baseline,scientific,-7.337776184082031,-6.485983371734619,-7.727688312530518,-7.250162601470947,0.08761358261108398,0.7641792297363281,0.4775257110595703,0.8517928123474121,0.38991212844848633,0.6765656471252441,0.38991212844848633,39,4,0.8974358974358975
670,C,0,integrated_gradients,0.9,match_ig_baseline,scientific,-7.337776184082031,-6.108445167541504,-8.569741249084473,-7.250162601470947,0.08761358261108398,1.1417174339294434,1.3195786476135254,1.2293310165405273,1.2319650650024414,1.0541038513183594,1.2319650650024414,39,4,0.8974358974358975
670,C,1,gnnexplainer,0.9,match_ig_baseline,scientific,-2.7511672973632812,-3.5312695503234863,-2.888827323913574,-2.665163278579712,0.08600401878356934,0.8661062717437744,0.2236640453338623,0.7801022529602051,0.13766002655029297,0.7801022529602051,0.13766002655029297,39,4,0.8974358974358975
670,C,1,integrated_gradients,0.9,match_ig_baseline,scientific,-2.7511672973632812,-3.3903298377990723,-2.982302665710449,-2.665163278579712,0.08600401878356934,0.7251665592193604,0.3171393871307373,0.639162540435791,0.23113536834716797,0.639162540435791,0.23113536834716797,39,4,0.8974358974358975
670,C,2,gnnexplainer,0.9,match_ig_baseline,scientific,-2.7469482421875,-3.108536720275879,-2.332399368286133,-2.672163248062134,0.07478499412536621,0.4363734722137451,0.339763879776001,0.3615884780883789,0.4145488739013672,0.3615884780883789,0.26497888565063477,39,4,0.8974358974358975
670,C,2,integrated_gradients,0.9,match_ig_baseline,scientific,-2.7469482421875,-3.35798978805542,-2.9894556999206543,-2.672163248062134,0.07478499412536621,0.6858265399932861,0.3172924518585205,0.6110415458679199,0.2425074577331543,0.6110415458679199,0.2425074577331543,39,4,0.8974358974358975
670,C,3,gnnexplainer,0.9,match_ig_baseline,scientific,-2.741644859313965,-3.403683662414551,-3.0517945289611816,-2.6667068004608154,0.07493805885314941,0.7369768619537354,0.3850877285003662,0.6620388031005859,0.3101496696472168,0.6620388031005859,0.3101496696472168,39,4,0.8974358974358975
670,C,3,integrated_gradients,0.9,match_ig_baseline,scientific,-2.741644859313965,-3.368859052658081,-2.9848976135253906,-2.6667068004608154,0.07493805885314941,0.7021522521972656,0.3181908130645752,0.6272141933441162,0.24325275421142578,0.6272141933441162,0.24325275421142578,39,4,0.8974358974358975
680,H,0,gnnexplainer,0.9,match_ig_baseline,scientific,-0.24025121331214905,-0.1999918520450592,-0.22995278239250183,-0.2213812917470932,0.018869921565055847,0.021389439702033997,0.00857149064540863,0.040259361267089844,0.010298430919647217,0.0025195181369781494,-0.010298430919647217,33,4,0.8787878787878788
680,H,0,integrated_gradients,0.9,match_ig_baseline,scientific,-0.24025121331214905,-0.18204501271247864,-0.24160927534103394,-0.2213812917470932,0.018869921565055847,0.03933627903461456,0.020227983593940735,0.05820620059967041,0.0013580620288848877,0.020466357469558716,0.0013580620288848877,33,4,0.8787878787878788
680,H,1,gnnexplainer,0.9,match_ig_baseline,scientific,-0.08660456538200378,-0.09545615315437317,-0.09753141552209854,-0.011197688989341259,0.07540687639266253,0.08425846416503191,0.08633372653275728,0.008851587772369385,0.010926850140094757,0.008851587772369385,0.010926850140094757,33,4,0.8787878787878788
680,H,1,integrated_gradients,0.9,match_ig_baseline,scientific,-0.08660456538200378,-0.09464707970619202,-0.08299115300178528,-0.011197688989341259,0.07540687639266253,0.08344939071685076,0.07179346401244402,0.008042514324188232,0.003613412380218506,0.008042514324188232,-0.003613412380218506,33,4,0.8787878787878788
680,H,2,gnnexplainer,0.9,match_ig_baseline,scientific,-0.07427486777305603,-0.09627514332532883,-0.08822643756866455,-0.04261809587478638,0.03165677189826965,0.05365704745054245,0.045608341693878174,0.022000275552272797,0.01395156979560852,0.022000275552272797,0.01395156979560852,33,4,0.8787878787878788
680,H,2,integrated_gradients,0.9,match_ig_baseline,scientific,-0.07427486777305603,-0.0879548192024231,-0.07689221948385239,-0.04261809587478638,0.03165677189826965,0.04533672332763672,0.03427412360906601,0.013679951429367065,0.002617351710796356,0.013679951429367065,0.002617351710796356,33,4,0.8787878787878788
680,H,3,gnnexplainer,0.9,match_ig_baseline,scientific,-0.07880909740924835,-0.08892360329627991,-0.09296389669179916,-0.030108986422419548,0.048700110986828804,0.05881461687386036,0.06285491026937962,0.010114505887031555,0.014154799282550812,0.010114505887031555,0.014154799282550812,33,4,0.8787878787878788
680,H,3,integrated_gradients,0.9,match_ig_baseline,scientific,-0.07880909740924835,-0.0958612710237503,-0.08300144970417023,-0.030108986422419548,0.048700110986828804,0.06575228460133076,0.05289246328175068,0.017052173614501953,0.004192352294921875,0.017052173614501953,0.004192352294921875,33,4,0.8787878787878788
680,H,4,gnnexplainer,0.9,match_ig_baseline,scientific,-0.07428210973739624,-0.06450393795967102,-0.10771317780017853,-0.04466203227639198,0.029620077461004257,0.019841905683279037,0.06305114552378654,0.00977817177772522,0.03343106806278229,-0.00977817177772522,0.03343106806278229,33,4,0.8787878787878788
680,H,4,integrated_gradients,0.9,match_ig_baseline,scientific,-0.07428210973739624,-0.08805888891220093,-0.07682459056377411,-0.04466203227639198,0.029620077461004257,0.043396856635808945,0.032162558287382126,0.013776779174804688,0.0025424808263778687,0.013776779174804688,0.0025424808263778687,33,4,0.8787878787878788
680,H,5,gnnexplainer,0.9,match_ig_baseline,scientific,-0.08689076453447342,-0.08905874937772751,-0.09335482120513916,-0.010153764858841896,0.07673699967563152,0.07890498451888561,0.08320105634629726,0.0021679848432540894,0.006464056670665741,0.0021679848432540894,0.006464056670665741,33,4,0.8787878787878788
680,H,5,integrated_gradients,0.9,match_ig_baseline,scientific,-0.08689076453447342,-0.09499172866344452,-0.08289173245429993,-0.010153764858841896,0.07673699967563152,0.08483796380460262,0.07273796759545803,0.0081009641289711,0.003999032080173492,0.0081009641289711,-0.003999032080173492,33,4,0.8787878787878788
680,H,6,gnnexplainer,0.9,match_ig_baseline,scientific,-0.07900640368461609,-0.0912180095911026,-0.10960448533296585,-0.029152963310480118,0.04985344037413597,0.06206504628062248,0.08045152202248573,0.012211605906486511,0.030598081648349762,0.012211605906486511,0.030598081648349762,33,4,0.8787878787878788
680,H,6,integrated_gradients,0.9,match_ig_baseline,scientific,-0.07900640368461609,-0.09617523103952408,-0.08289015293121338,-0.029152963310480118,0.04985344037413597,0.06702226772904396,0.05373718962073326,0.01716882735490799,0.00388374924659729,0.01716882735490799,0.00388374924659729,33,4,0.8787878787878788
680,C,0,gnnexplainer,0.9,match_ig_baseline,scientific,-4.818810939788818,-3.0452349185943604,-7.044641017913818,-5.345205783843994,0.5263948440551758,2.299970865249634,1.6994352340698242,1.773576021194458,2.225830078125,1.773576021194458,1.1730403900146484,39,4,0.8974358974358975
680,C,0,integrated_gradients,0.9,match_ig_baseline,scientific,-4.818810939788818,-4.050826549530029,-5.960745334625244,-5.345205783843994,0.5263948440551758,1.2943792343139648,0.61553955078125,0.7679843902587891,1.1419343948364258,0.7679843902587891,0.08914470672607422,39,4,0.8974358974358975
680,C,1,gnnexplainer,0.9,match_ig_baseline,scientific,-1.2843044996261597,-2.0050981044769287,-2.2559430599212646,-1.2986263036727905,0.01432180404663086,0.7064718008041382,0.9573167562484741,0.720793604850769,0.971638560295105,0.6921499967575073,0.9429949522018433,39,4,0.8974358974358975
680,C,1,integrated_gradients,0.9,match_ig_baseline,scientific,-1.2843044996261597,-2.2624104022979736,-1.6554216146469116,-1.2986263036727905,0.01432180404663086,0.9637840986251831,0.3567953109741211,0.978105902671814,0.37111711502075195,0.9494622945785522,0.34247350692749023,39,4,0.8974358974358975
680,C,2,gnnexplainer,0.9,match_ig_baseline,scientific,-1.3026031255722046,-2.215275287628174,-1.8773069381713867,-1.2954069375991821,0.007196187973022461,0.9198683500289917,0.5819000005722046,0.9126721620559692,0.5747038125991821,0.9126721620559692,0.5747038125991821,39,4,0.8974358974358975
680,C,2,integrated_gradients,0.9,match_ig_baseline,scientific,-1.3026031255722046,-2.2763173580169678,-1.6706032752990723,-1.2954069375991821,0.007196187973022461,0.9809104204177856,0.37519633769989014,0.9737142324447632,0.3680001497268677,0.9737142324447632,0.3680001497268677,39,4,0.8974358974358975
690,H,0,gnnexplainer,0.9,match_ig_baseline,scientific,-0.0707128494977951,-0.06866442412137985,-0.058252349495887756,-0.0933745801448822,0.022661730647087097,0.02471015602350235,0.035122230648994446,0.0020484253764152527,0.012460500001907349,0.0020484253764152527,0.012460500001907349,33,4,0.8787878787878788
690,H,0,integrated_gradients,0.9,match_ig_baseline,scientific,-0.0707128494977951,-0.06539890170097351,-0.062190692871809006,-0.0933745801448822,0.022661730647087097,0.02797567844390869,0.031183887273073196,0.005313947796821594,0.0085221566259861,0.005313947796821594,0.0085221566259861,33,4,0.8787878787878788
690,H,1,gnnexplainer,0.9,match_ig_baseline,scientific,-0.0695280060172081,-0.06171682849526405,-0.0633104220032692,-0.07876035571098328,0.009232349693775177,0.017043527215719223,0.01544993370771408,0.007811177521944046,0.006217584013938904,0.007811177521944046,0.006217584013938904,33,4,0.8787878787878788
690,H,1,integrated_gradients,0.9,match_ig_baseline,scientific,-0.0695280060172081,-0.06503007560968399,-0.06090233474969864,-0.07876035571098328,0.009232349693775177,0.013730280101299286,0.017858020961284637,0.004497930407524109,0.00862567126750946,0.004497930407524109,0.00862567126750946,33,4,0.8787878787878788
690,H,2,gnnexplainer,0.9,match_ig_baseline,scientific,-0.06974300742149353,-0.04795660823583603,-0.07694041728973389,-0.07261136919260025,0.00286836177110672,0.02465476095676422,0.0043290480971336365,0.0217863991856575,0.0071974098682403564,0.0217863991856575,0.0014606863260269165,33,4,0.8787878787878788
690,H,2,integrated_gradients,0.9,match_ig_baseline,scientific,-0.06974300742149353,-0.06537588685750961,-0.06251002848148346,-0.07261136919260025,0.00286836177110672,0.007235482335090637,0.01010134071111679,0.004367120563983917,0.007232978940010071,0.004367120563983917,0.007232978940010071,33,4,0.8787878787878788
690,H,3,gnnexplainer,0.9,match_ig_baseline,scientific,-0.13492387533187866,-0.10416657477617264,-0.1351163387298584,-0.13056695461273193,0.0043569207191467285,0.026400379836559296,0.004549384117126465,0.030757300555706024,0.00019246339797973633,0.022043459117412567,0.00019246339797973633,33,4,0.8787878787878788
690,H,3,integrated_gradients,0.9,match_ig_baseline,scientific,-0.13492387533187866,-0.12060125172138214,-0.1272578239440918,-0.13056695461273193,0.0043569207191467285,0.009965702891349792,0.0033091306686401367,0.014322623610496521,0.007666051387786865,0.005608782172203064,-0.0010477900505065918,33,4,0.8787878787878788
690,H,4,gnnexplainer,0.9,match_ig_baseline,scientific,-0.1396944522857666,-0.0989556685090065,-0.13351891934871674,-0.1455758512020111,0.005881398916244507,0.04662018269300461,0.012056931853294373,0.0407387837767601,0.006175532937049866,0.0407387837767601,0.006175532937049866,33,4,0.8787878787878788
690,H,4,integrated_gradients,0.9,match_ig_baseline,scientific,-0.1396944522857666,-0.08756846189498901,-0.14431235194206238,-0.1455758512020111,0.005881398916244507,0.058007389307022095,0.0012634992599487305,0.05212599039077759,0.004617899656295776,0.05212599039077759,-0.004617899656295776,33,4,0.8787878787878788
690,H,5,gnnexplainer,0.9,match_ig_baseline,scientific,-0.10029534995555878,-0.09037423133850098,-0.11414468288421631,-0.1371104121208191,0.036815062165260315,0.046736180782318115,0.022965729236602783,0.0099211186170578,0.013849332928657532,0.0099211186170578,-0.013849332928657532,33,4,0.8787878787878788
690,H,5,integrated_gradients,0.9,match_ig_baseline,scientific,-0.10029534995555878,-0.11316153407096863,-0.0992618203163147,-0.1371104121208191,0.036815062165260315,0.023948878049850464,0.037848591804504395,0.012866184115409851,0.0010335296392440796,-0.012866184115409851,0.0010335296392440796,33,4,0.8787878787878788
690,H,6,gnnexplainer,0.9,match_ig_baseline,scientific,-0.10252399742603302,-0.09875324368476868,-0.14593958854675293,-0.09293525665998459,0.009588740766048431,0.005817987024784088,0.05300433188676834,0.0037707537412643433,0.04341559112071991,-0.0037707537412643433,0.04341559112071991,33,4,0.8787878787878788
690,H,6,integrated_gradients,0.9,match_ig_baseline,scientific,-0.10252399742603302,-0.131343275308609,-0.09897705912590027,-0.09293525665998459,0.009588740766048431,0.03840801864862442,0.00604180246591568,0.02881927788257599,0.0035469383001327515,0.02881927788257599,-0.0035469383001327515,33,4,0.8787878787878788
690,H,7,gnnexplainer,0.9,match_ig_baseline,scientific,-0.04147017374634743,-0.05149455368518829,-0.047759972512722015,0.008627315983176231,0.05009748972952366,0.060121869668364525,0.05638728849589825,0.010024379938840866,0.006289798766374588,0.010024379938840866,0.006289798766374588,33,4,0.8787878787878788
690,H,7,integrated_gradients,0.9,match_ig_baseline,scientific,-0.04147017374634743,-0.05266336724162102,-0.0401654988527298,0.008627315983176231,0.05009748972952366,0.06129068322479725,0.04879281483590603,0.01119319349527359,0.00130467489361763,0.01119319349527359,-0.00130467489361763,33,4,0.8787878787878788
690,H,8,gnnexplainer,0.9,match_ig_baseline,scientific,-0.05369195714592934,-0.062027495354413986,-0.05775187164545059,-0.07826009392738342,0.024568136781454086,0.016232598572969437,0.02050822228193283,0.00833553820848465,0.0040599144995212555,-0.00833553820848465,-0.0040599144995212555,33,4,0.8787878787878788
690,H,8,integrated_gradients,0.9,match_ig_baseline,scientific,-0.05369195714592934,-0.07223659008741379,-0.054572902619838715,-0.07826009392738342,0.024568136781454086,0.006023503839969635,0.023687191307544708,0.01854463294148445,0.000880945473909378,-0.01854463294148445,-0.000880945473909378,33,4,0.8787878787878788
690,H,9,gnnexplainer,0.9,match_ig_baseline,scientific,-0.04400085657835007,-0.054818958044052124,-0.06751900166273117,-0.06557556241750717,0.021574705839157104,0.010756604373455048,0.001943439245223999,0.010818101465702057,0.023518145084381104,-0.010818101465702057,-0.019631266593933105,33,4,0.8787878787878788
690,H,9,integrated_gradients,0.9,match_ig_baseline,scientific,-0.04400085657835007,-0.07425922900438309,-0.0509616918861866,-0.06557556241750717,0.021574705839157104,0.008683666586875916,0.014613870531320572,0.03025837242603302,0.006960835307836533,-0.012891039252281189,-0.006960835307836533,33,4,0.8787878787878788
690,C,0,gnnexplainer,0.9,match_ig_baseline,scientific,-1.1725621223449707,-1.5067654848098755,0.7099802494049072,-1.38539457321167,0.21283245086669922,0.12137091159820557,2.095374822616577,0.3342033624649048,1.882542371749878,-0.09146153926849365,1.882542371749878,39,4,0.8974358974358975
690,C,0,integrated_gradients,0.9,match_ig_baseline,scientific,-1.1725621223449707,-0.5681781768798828,-0.8475849032402039,-1.38539457321167,0.21283245086669922,0.8172163963317871,0.5378096699714661,0.6043839454650879,0.32497721910476685,0.6043839454650879,0.32497721910476685,39,4,0.8974358974358975
690,C,1,gnnexplainer,0.9,match_ig_baseline,scientific,-3.5884628295898438,-1.939298391342163,-5.646463871002197,-3.684644937515259,0.09618210792541504,1.7453465461730957,1.9618189334869385,1.6491644382476807,2.0580010414123535,1.6491644382476807,1.8656368255615234,39,4,0.8974358974358975
690,C,1,integrated_gradients,0.9,match_ig_baseline,scientific,-3.5884628295898438,-3.076601982116699,-3.8472542762756348,-3.684644937515259,0.09618210792541504,0.6080429553985596,0.16260933876037598,0.5118608474731445,0.258791446685791,0.5118608474731445,0.06642723083496094,39,4,0.8974358974358975
690,C,2,gnnexplainer,0.9,match_ig_baseline,scientific,-1.2125436067581177,-2.8928563594818115,-1.6016745567321777,-1.5031408071517944,0.29059720039367676,1.389715552330017,0.0985337495803833,1.6803127527236938,0.38913094997406006,1.0991183519363403,-0.19206345081329346,39,4,0.8974358974358975
690,C,2,integrated_gradients,0.9,match_ig_baseline,scientific,-1.2125436067581177,-2.2761447429656982,-1.7232029438018799,-1.5031408071517944,0.29059720039367676,0.7730039358139038,0.22006213665008545,1.0636011362075806,0.5106593370437622,0.48240673542022705,-0.07053506374359131,39,4,0.8974358974358975
690,C,3,gnnexplainer,0.9,match_ig_baseline,scientific,-1.085555076599121,-2.2356462478637695,-1.426750898361206,-1.4930760860443115,0.40752100944519043,0.742570161819458,0.06632518768310547,1.1500911712646484,0.34119582176208496,0.3350491523742676,-0.34119582176208496,39,4,0.8974358974358975
690,C,3,integrated_gradients,0.9,match_ig_baseline,scientific,-1.085555076599121,-2.467196226119995,-1.1314101219177246,-1.4930760860443115,0.40752100944519043,0.9741201400756836,0.3616659641265869,1.381641149520874,0.045855045318603516,0.5665991306304932,-0.045855045318603516,39,4,0.8974358974358975
700,H,0,gnnexplainer,0.9,match_ig_baseline,scientific,-0.035926997661590576,-0.06670688092708588,-0.021077752113342285,-0.03716272860765457,0.0012357309460639954,0.029544152319431305,0.016084976494312286,0.0307798832654953,0.014849245548248291,0.02830842137336731,0.014849245548248291,33,4,0.8787878787878788
700,H,0,integrated_gradients,0.9,match_ig_baseline,scientific,-0.035926997661590576,-0.05486287921667099,-0.030135296285152435,-0.03716272860765457,0.0012357309460639954,0.01770015060901642,0.007027432322502136,0.018935881555080414,0.005791701376438141,0.016464419662952423,0.005791701376438141,33,4,0.8787878787878788
700,H,1,gnnexplainer,0.9,match_ig_baseline,scientific,-0.0361982099711895,-0.03958967700600624,-0.034310951828956604,-0.03653114661574364,0.0003329366445541382,0.0030585303902626038,0.002220194786787033,0.003391467034816742,0.001887258142232895,0.0027255937457084656,0.001887258142232895,33,4,0.8787878787878788
700,H,1,integrated_gradients,0.9,match_ig_baseline,scientific,-0.0361982099711895,-0.045659489929676056,-0.03468751907348633,-0.03653114661574364,0.0003329366445541382,0.009128343313932419,0.001843627542257309,0.009461279958486557,0.0015106908977031708,0.00879540666937828,0.0015106908977031708,33,4,0.8787878787878788
700,H,2,gnnexplainer,0.9,match_ig_baseline,scientific,-0.04495701193809509,-0.042358286678791046,-0.013111956417560577,-0.06704018265008926,0.02208317071199417,0.024681895971298218,0.053928226232528687,0.0025987252593040466,0.031845055520534515,0.0025987252593040466,0.031845055520534515,33,4,0.8787878787878788
700,H,2,integrated_gradients,0.9,match_ig_baseline,scientific,-0.04495701193809509,-0.04515703022480011,-0.03783184662461281,-0.06704018265008926,0.02208317071199417,0.021883152425289154,0.029208336025476456,0.0002000182867050171,0.0071251653134822845,-0.0002000182867050171,0.0071251653134822845,33,4,0.8787878787878788
700,H,3,gnnexplainer,0.9,match_ig_baseline,scientific,-0.03590233251452446,-0.035485006868839264,-0.020400967448949814,-0.03711884841322899,0.0012165158987045288,0.0016338415443897247,0.016717880964279175,0.0004173256456851959,0.015501365065574646,0.0004173256456851959,0.015501365065574646,33,4,0.8787878787878788
700,H,3,integrated_gradients,0.9,match_ig_baseline,scientific,-0.03590233251452446,-0.05489800125360489,-0.030206486582756042,-0.03711884841322899,0.0012165158987045288,0.0177791528403759,0.006912361830472946,0.01899566873908043,0.005695845931768417,0.01656263694167137,0.005695845931768417,33,4,0.8787878787878788
700,H,4,gnnexplainer,0.9,match_ig_baseline,scientific,-0.03629269078373909,-0.052018359303474426,-0.015446390956640244,-0.039118848741054535,0.002826157957315445,0.012899510562419891,0.02367245778441429,0.015725668519735336,0.020846299827098846,0.010073352605104446,0.020846299827098846,33,4,0.8787878787878788
700,H,4,integrated_gradients,0.9,match_ig_baseline,scientific,-0.03629269078373909,-0.04570811614394188,-0.03461513668298721,-0.039118848741054535,0.002826157957315445,0.006589267402887344,0.004503712058067322,0.00941542536020279,0.0016775541007518768,0.0037631094455718994,0.0016775541007518768,33,4,0.8787878787878788
700,H,5,gnnexplainer,0.9,match_ig_baseline,scientific,-0.04491594806313515,-0.058940500020980835,-0.027112126350402832,-0.06804018467664719,0.02312423661351204,0.009099684655666351,0.040928058326244354,0.014024551957845688,0.017803821712732315,-0.014024551957845688,0.017803821712732315,33,4,0.8787878787878788
700,H,5,integrated_gradients,0.9,match_ig_baseline,scientific,-0.04491594806313515,-0.04514884948730469,-0.037803664803504944,-0.06804018467664719,0.02312423661351204,0.0228913351893425,0.030236519873142242,0.0002329014241695404,0.007112283259630203,-0.0002329014241695404,0.007112283259630203,33,4,0.8787878787878788
700,C,0,gnnexplainer,0.9,match_ig_baseline,scientific,-0.38066256046295166,-2.958880662918091,0.14520226418972015,-0.6804971098899841,0.29983454942703247,2.2783835530281067,0.8256993740797043,2.578218102455139,0.5258648246526718,1.9785490036010742,0.5258648246526718,39,4,0.8974358974358975
700,C,0,integrated_gradients,0.9,match_ig_baseline,scientific,-0.38066256046295166,-0.8802942037582397,-0.15612147748470306,-0.6804971098899841,0.29983454942703247,0.19979709386825562,0.5243756324052811,0.4996316432952881,0.2245410829782486,-0.10003745555877686,0.2245410829782486,39,4,0.8974358974358975
700,C,1,gnnexplainer,0.9,match_ig_baseline,scientific,-0.38045936822891235,-1.3543643951416016,0.19970975816249847,-0.6880847811698914,0.307625412940979,0.6662796139717102,0.8877945393323898,0.9739050269126892,0.5801691263914108,0.3586542010307312,0.5801691263914108,39,4,0.8974358974358975
700,C,1,integrated_gradients,0.9,match_ig_baseline,scientific,-0.38045936822891235,-0.8803950548171997,-0.1552480012178421,-0.6880847811698914,0.307625412940979,0.19231027364730835,0.5328367799520493,0.49993568658828735,0.22521136701107025,-0.11531513929367065,0.22521136701107025,39,4,0.8974358974358975
710,H,0,gnnexplainer,0.9,match_ig_baseline,scientific,-0.029907673597335815,-0.05161648243665695,-0.024546127766370773,0.002635101554915309,0.032542775152251124,0.05425158399157226,0.027181229321286082,0.021708808839321136,0.005361545830965042,0.021708808839321136,-0.005361545830965042,33,4,0.8787878787878788
710,H,0,integrated_gradients,0.9,match_ig_baseline,scientific,-0.029907673597335815,-0.0395984910428524,-0.027762018144130707,0.002635101554915309,0.032542775152251124,0.04223359259776771,0.030397119699046016,0.009690817445516586,0.0021456554532051086,0.009690817445516586,-0.0021456554532051086,33,4,0.8787878787878788
710,H,1,gnnexplainer,0.9,match_ig_baseline,scientific,-0.03134346753358841,-0.04949565231800079,-0.048659734427928925,-0.0008914239588193595,0.03045204357476905,0.048604228359181434,0.047768310469109565,0.018152184784412384,0.017316266894340515,0.018152184784412384,0.017316266894340515,33,4,0.8787878787878788
710,H,1,integrated_gradients,0.9,match_ig_baseline,scientific,-0.03134346753358841,-0.03895743936300278,-0.028533540666103363,-0.0008914239588193595,0.03045204357476905,0.03806601540418342,0.027642116707284003,0.007613971829414368,0.0028099268674850464,0.007613971829414368,-0.0028099268674850464,33,4,0.8787878787878788
710,H,2,gnnexplainer,0.9,match_ig_baseline,scientific,-0.046400636434555054,-0.04878903925418854,-0.0102560855448246,-0.028294291347265244,0.01810634508728981,0.020494747906923294,0.018038205802440643,0.002388402819633484,0.036144550889730453,0.002388402819633484,-6.813928484916687e-05,33,4,0.8787878787878788
710,H,2,integrated_gradients,0.9,match_ig_baseline,scientific,-0.046400636434555054,-0.043576303869485855,-0.03667467460036278,-0.028294291347265244,0.01810634508728981,0.015282012522220612,0.008380383253097534,0.0028243325650691986,0.009725961834192276,-0.0028243325650691986,-0.009725961834192276,33,4,0.8787878787878788
710,H,3,gnnexplainer,0.9,match_ig_baseline,scientific,-0.03167620301246643,-0.06169794872403145,-0.031172551214694977,-0.040400464087724686,0.008724261075258255,0.021297484636306763,0.009227912873029709,0.030021745711565018,0.0005036517977714539,0.012573223561048508,0.0005036517977714539,33,4,0.8787878787878788
710,H,3,integrated_gradients,0.9,match_ig_baseline,scientific,-0.03167620301246643,-0.05396338552236557,-0.025681130588054657,-0.040400464087724686,0.008724261075258255,0.013562921434640884,0.014719333499670029,0.02228718250989914,0.005995072424411774,0.004838660359382629,0.005995072424411774,33,4,0.8787878787878788
710,H,4,gnnexplainer,0.9,match_ig_baseline,scientific,-0.030396439135074615,-0.03750355914235115,-0.03355695679783821,-0.03430350497364998,0.003907065838575363,0.003200054168701172,0.0007465481758117676,0.007107120007276535,0.0031605176627635956,-0.0007070116698741913,-0.0031605176627635956,33,4,0.8787878787878788
710,H,4,integrated_gradients,0.9,match_ig_baseline,scientific,-0.030396439135074615,-0.042846545577049255,-0.02882370352745056,-0.03430350497364998,0.003907065838575363,0.008543040603399277,0.005479801446199417,0.01245010644197464,0.001572735607624054,0.004635974764823914,0.001572735607624054,33,4,0.8787878787878788
710,H,5,gnnexplainer,0.9,match_ig_baseline,scientific,-0.03176030144095421,-0.040037695318460464,-0.03459681198000908,-0.04444428160786629,0.012683980166912079,0.004406586289405823,0.009847469627857208,0.008277393877506256,0.0028365105390548706,-0.008277393877506256,-0.0028365105390548706,33,4,0.8787878787878788
710,H,5,integrated_gradients,0.9,match_ig_baseline,scientific,-0.03176030144095421,-0.05365694314241409,-0.02564183622598648,-0.04444428160786629,0.012683980166912079,0.009212661534547806,0.018802445381879807,0.021896641701459885,0.006118465214967728,-0.003471318632364273,0.006118465214967728,33,4,0.8787878787878788
710,H,6,gnnexplainer,0.9,match_ig_baseline,scientific,-0.14905980229377747,-0.1437978744506836,-0.1933184564113617,-0.1345662921667099,0.014493510127067566,0.009231582283973694,0.058752164244651794,0.005261927843093872,0.04425865411758423,-0.005261927843093872,0.04425865411758423,33,4,0.8787878787878788
710,H,6,integrated_gradients,0.9,match_ig_baseline,scientific,-0.14905980229377747,-0.17143121361732483,-0.15777532756328583,-0.1345662921667099,0.014493510127067566,0.03686492145061493,0.023209035396575928,0.022371411323547363,0.008715525269508362,0.022371411323547363,0.008715525269508362,33,4,0.8787878787878788
710,H,7,gnnexplainer,0.9,match_ig_baseline,scientific,-0.1790233850479126,-0.18220873177051544,-0.20233184099197388,-0.1694617122411728,0.009561672806739807,0.012747019529342651,0.032870128750801086,0.0031853467226028442,0.02330845594406128,0.0031853467226028442,0.02330845594406128,33,4,0.8787878787878788
710,H,7,integrated_gradients,0.9,match_ig_baseline,scientific,-0.1790233850479126,-0.18763239681720734,-0.17939290404319763,-0.1694617122411728,0.009561672806739807,0.018170684576034546,0.009931191802024841,0.008609011769294739,0.0003695189952850342,0.008609011769294739,0.0003695189952850342,33,4,0.8787878787878788
710,H,8,gnnexplainer,0.9,match_ig_baseline,scientific,-0.17922937870025635,-0.14772345125675201,-0.1938522458076477,-0.16887393593788147,0.010355442762374878,0.021150484681129456,0.024978309869766235,0.031505927443504333,0.014622867107391357,0.010795041918754578,0.014622867107391357,33,4,0.8787878787878788
710,H,8,integrated_gradients,0.9,match_ig_baseline,scientific,-0.17922937870025635,-0.18787673115730286,-0.1796240657567978,-0.16887393593788147,0.010355442762374878,0.019002795219421387,0.01075012981891632,0.008647352457046509,0.00039468705654144287,0.008647352457046509,0.00039468705654144287,33,4,0.8787878787878788
710,H,9,gnnexplainer,0.9,match_ig_baseline,scientific,-0.3067755103111267,-0.17764398455619812,-0.17248857021331787,-0.4650583565235138,0.15828284621238708,0.2874143719673157,0.2925697863101959,0.1291315257549286,0.13428694009780884,0.1291315257549286,0.13428694009780884,33,4,0.8787878787878788
710,H,9,integrated_gradients,0.9,match_ig_baseline,scientific,-0.3067755103111267,-0.17373061180114746,-0.2641083598136902,-0.4650583565235138,0.15828284621238708,0.29132774472236633,0.2009499967098236,0.13304489850997925,0.04266715049743652,0.13304489850997925,0.04266715049743652,33,4,0.8787878787878788
710,H,10,gnnexplainer,0.9,match_ig_baseline,scientific,-0.451644629240036,-0.37386077642440796,-0.3849266767501831,-0.4848386347293854,0.033194005489349365,0.11097785830497742,0.09991195797920227,0.07778385281562805,0.0667179524898529,0.07778385281562805,0.0667179524898529,33,4,0.8787878787878788
710,H,10,integrated_gradients,0.9,match_ig_baseline,scientific,-0.451644629240036,-0.389838308095932,-0.4412325620651245,-0.4848386347293854,0.033194005489349365,0.09500032663345337,0.043606072664260864,0.061806321144104004,0.010412067174911499,0.061806321144104004,0.010412067174911499,33,4,0.8787878787878788
710,C,0,gnnexplainer,0.9,match_ig_baseline,scientific,-11.389664649963379,-8.282102584838867,-7.478922367095947,-12.55687141418457,1.1672067642211914,4.274768829345703,5.077949047088623,3.1075620651245117,3.9107422828674316,3.1075620651245117,3.9107422828674316,39,4,0.8974358974358975
710,C,0,integrated_gradients,0.9,match_ig_baseline,scientific,-11.389664649963379,-6.858760356903076,-11.055130958557129,-12.55687141418457,1.1672067642211914,5.698111057281494,1.5017404556274414,4.530904293060303,0.33453369140625,4.530904293060303,0.33453369140625,39,4,0.8974358974358975
710,C,1,gnnexplainer,0.9,match_ig_baseline,scientific,0.07263192534446716,-0.6700976490974426,0.010696262121200562,-0.11629685759544373,0.1889287829399109,0.5538007915019989,0.1269931197166443,0.7427295744419098,0.0619356632232666,0.364872008562088,-0.0619356632232666,39,4,0.8974358974358975
710,C,1,integrated_gradients,0.9,match_ig_baseline,scientific,0.07263192534446716,-0.6371289491653442,-0.08008682727813721,-0.11629685759544373,0.1889287829399109,0.5208320915699005,0.03621003031730652,0.7097608745098114,0.15271875262260437,0.3319033086299896,-0.15271875262260437,39,4,0.8974358974358975
710,C,2,gnnexplainer,0.9,match_ig_baseline,scientific,-0.14685508608818054,-0.9447296261787415,-0.06104421615600586,0.3469945788383484,0.49384966492652893,1.2917242050170898,0.40803879499435425,0.7978745400905609,0.08581086993217468,0.7978745400905609,-0.08581086993217468,39,4,0.8974358974358975
710,C,2,integrated_gradients,0.9,match_ig_baseline,scientific,-0.14685508608818054,-0.31642454862594604,-0.570021390914917,0.3469945788383484,0.49384966492652893,0.6634191274642944,0.9170159697532654,0.1695694625377655,0.42316630482673645,0.1695694625377655,0.42316630482673645,39,4,0.8974358974358975
710,C,3,gnnexplainer,0.9,match_ig_baseline,scientific,-15.248257637023926,-13.980513572692871,-8.668237686157227,-15.769149780273438,0.5208921432495117,1.7886362075805664,7.100912094116211,1.2677440643310547,6.580019950866699,1.2677440643310547,6.580019950866699,39,4,0.8974358974358975
710,C,3,integrated_gradients,0.9,match_ig_baseline,scientific,-15.248257637023926,-8.149651527404785,-12.187455177307129,-15.769149780273438,0.5208921432495117,7.619498252868652,3.5816946029663086,7.098606109619141,3.060802459716797,7.098606109619141,3.060802459716797,39,4,0.8974358974358975
710,C,4,gnnexplainer,0.9,match_ig_baseline,scientific,-2.3723719120025635,-3.7543065547943115,-2.2681190967559814,-2.314819097518921,0.05755281448364258,1.4394874572753906,0.04670000076293945,1.381934642791748,0.10425281524658203,1.381934642791748,-0.010852813720703125,39,4,0.8974358974358975
710,C,4,integrated_gradients,0.9,match_ig_baseline,scientific,-2.3723719120025635,-3.642627477645874,-2.3801956176757812,-2.314819097518921,0.05755281448364258,1.3278083801269531,0.06537652015686035,1.2702555656433105,0.007823705673217773,1.2702555656433105,0.007823705673217773,39,4,0.8974358974358975
720,H,0,gnnexplainer,0.9,match_ig_baseline,scientific,-0.030818387866020203,-0.034499939531087875,-0.021073762327432632,-0.03239096701145172,0.0015725791454315186,0.002108972519636154,0.011317204684019089,0.0036815516650676727,0.00974462553858757,0.0005363933742046356,0.00974462553858757,33,4,0.8787878787878788
720,H,0,integrated_gradients,0.9,match_ig_baseline,scientific,-0.030818387866020203,-0.03498232364654541,-0.033834025263786316,-0.03239096701145172,0.0015725791454315186,0.002591356635093689,0.0014430582523345947,0.0041639357805252075,0.0030156373977661133,0.0010187774896621704,-0.00012952089309692383,33,4,0.8787878787878788
720,H,1,gnnexplainer,0.9,match_ig_baseline,scientific,-0.030843473970890045,-0.04482056945562363,-0.04882380738854408,-0.035978708416223526,0.005135234445333481,0.0088418610394001,0.012845098972320557,0.013977095484733582,0.017980333417654037,0.00370662659406662,0.007709864526987076,33,4,0.8787878787878788
720,H,1,integrated_gradients,0.9,match_ig_baseline,scientific,-0.030843473970890045,-0.03498934954404831,-0.033835962414741516,-0.035978708416223526,0.005135234445333481,0.0009893588721752167,0.00214274600148201,0.004145875573158264,0.002992488443851471,-0.004145875573158264,-0.002992488443851471,33,4,0.8787878787878788
720,H,2,gnnexplainer,0.9,match_ig_baseline,scientific,-0.02091902494430542,-0.014863453805446625,-0.05533403530716896,0.039741404354572296,0.060660429298877716,0.05460485816001892,0.09507543966174126,0.006055571138858795,0.03441501036286354,-0.006055571138858795,0.03441501036286354,33,4,0.8787878787878788
720,H,2,integrated_gradients,0.9,match_ig_baseline,scientific,-0.02091902494430542,-0.04160676151514053,-0.01831812411546707,0.039741404354572296,0.060660429298877716,0.08134816586971283,0.05805952847003937,0.020687736570835114,0.0026009008288383484,0.020687736570835114,-0.0026009008288383484,33,4,0.8787878787878788
720,H,3,gnnexplainer,0.9,match_ig_baseline,scientific,-0.022700466215610504,-0.009524211287498474,-0.03035729005932808,0.039741404354572296,0.0624418705701828,0.04926561564207077,0.07009869441390038,0.01317625492811203,0.007656823843717575,-0.01317625492811203,0.007656823843717575,33,4,0.8787878787878788
720,H,3,integrated_gradients,0.9,match_ig_baseline,scientific,-0.022700466215610504,-0.043170325458049774,-0.020596809685230255,0.039741404354572296,0.0624418705701828,0.08291172981262207,0.06033821403980255,0.02046985924243927,0.002103656530380249,0.02046985924243927,-0.002103656530380249,33,4,0.8787878787878788
720,H,4,gnnexplainer,0.9,match_ig_baseline,scientific,-0.031085029244422913,-0.039012014865875244,-0.03079085797071457,-0.03539096564054489,0.004305936396121979,0.003621049225330353,0.004600107669830322,0.007926985621452332,0.0002941712737083435,-0.000684887170791626,0.0002941712737083435,33,4,0.8787878787878788
720,H,4,integrated_gradients,0.9,match_ig_baseline,scientific,-0.031085029244422913,-0.03667091950774193,-0.03466857224702835,-0.03539096564054489,0.004305936396121979,0.0012799538671970367,0.0007223933935165405,0.0055858902633190155,0.0035835430026054382,-0.003025982528924942,-0.0035835430026054382,33,4,0.8787878787878788
720,H,5,gnnexplainer,0.9,match_ig_baseline,scientific,-0.031113430857658386,-0.04884110391139984,-0.02248302474617958,-0.03443499654531479,0.0033215656876564026,0.014406107366085052,0.011951971799135208,0.017727673053741455,0.008630406111478806,0.01108454167842865,0.008630406111478806,33,4,0.8787878787878788
720,H,5,integrated_gradients,0.9,match_ig_baseline,scientific,-0.031113430857658386,-0.036678146570920944,-0.03468092530965805,-0.03443499654531479,0.0033215656876564026,0.0022431500256061554,0.0002459287643432617,0.005564715713262558,0.0035674944519996643,-0.0010784156620502472,-0.003075636923313141,33,4,0.8787878787878788
720,H,6,gnnexplainer,0.9,match_ig_baseline,scientific,-0.02127540111541748,-0.01992545649409294,-0.043388739228248596,0.04074140638113022,0.0620168074965477,0.06066686287522316,0.08413014560937881,0.0013499446213245392,0.022113338112831116,-0.0013499446213245392,0.022113338112831116,33,4,0.8787878787878788
720,H,6,integrated_gradients,0.9,match_ig_baseline,scientific,-0.02127540111541748,-0.04184865951538086,-0.01878267526626587,0.04074140638113022,0.0620168074965477,0.08259006589651108,0.05952408164739609,0.02057325839996338,0.0024927258491516113,0.02057325839996338,-0.0024927258491516113,33,4,0.8787878787878788
720,H,7,gnnexplainer,0.9,match_ig_baseline,scientific,-0.030897706747055054,-0.031993672251701355,-0.02965588867664337,-0.035978708416223526,0.005081001669168472,0.003985036164522171,0.006322819739580154,0.0010959655046463013,0.0012418180704116821,-0.0010959655046463013,0.0012418180704116821,33,4,0.8787878787878788
720,H,7,integrated_gradients,0.9,match_ig_baseline,scientific,-0.030897706747055054,-0.035256728529930115,-0.03386162593960762,-0.035978708416223526,0.005081001669168472,0.0007219798862934113,0.0021170824766159058,0.004359021782875061,0.0029639191925525665,-0.004359021782875061,-0.0029639191925525665,33,4,0.8787878787878788
720,H,8,gnnexplainer,0.9,match_ig_baseline,scientific,-0.03089657425880432,-0.04438386857509613,-0.040159933269023895,-0.033390991389751434,0.002494417130947113,0.010992877185344696,0.006768941879272461,0.013487294316291809,0.009263359010219574,0.008498460054397583,0.004274524748325348,33,4,0.8787878787878788
720,H,8,integrated_gradients,0.9,match_ig_baseline,scientific,-0.03089657425880432,-0.035257890820503235,-0.03386157006025314,-0.033390991389751434,0.002494417130947113,0.0018668994307518005,0.000470578670501709,0.004361316561698914,0.002964995801448822,-0.0006275177001953125,-0.002023838460445404,33,4,0.8787878787878788
720,C,0,gnnexplainer,0.9,match_ig_baseline,scientific,0.033948659896850586,-1.2602766752243042,0.11002801358699799,-0.10624776780605316,0.14019642770290375,1.154028907418251,0.21627578139305115,1.2942253351211548,0.0760793536901474,1.0138324797153473,0.0760793536901474,39,4,0.8974358974358975
720,C,0,integrated_gradients,0.9,match_ig_baseline,scientific,0.033948659896850586,-0.6761983036994934,-0.05962488055229187,-0.10624776780605316,0.14019642770290375,0.5699505358934402,0.04662288725376129,0.710146963596344,0.09357354044914246,0.4297541081905365,-0.09357354044914246,39,4,0.8974358974358975
720,C,1,gnnexplainer,0.9,match_ig_baseline,scientific,0.02956150472164154,-1.4657351970672607,0.11358152329921722,-0.10224776715040207,0.1318092718720436,1.3634874299168587,0.2158292904496193,1.4952967017889023,0.08402001857757568,1.231678158044815,0.08402001857757568,39,4,0.8974358974358975
720,C,1,integrated_gradients,0.9,match_ig_baseline,scientific,0.02956150472164154,-0.6710359454154968,-0.05881892144680023,-0.10224776715040207,0.1318092718720436,0.5687881782650948,0.04342884570360184,0.7005974501371384,0.08838042616844177,0.43697890639305115,-0.08838042616844177,39,4,0.8974358974358975
720,C,2,gnnexplainer,0.9,match_ig_baseline,scientific,0.05101829767227173,-2.681474208831787,0.15628336369991302,-0.108247771859169,0.15926606953144073,2.573226436972618,0.26453113555908203,2.732492506504059,0.1052650660276413,2.4139603674411774,0.1052650660276413,39,4,0.8974358974358975
720,C,2,integrated_gradients,0.9,match_ig_baseline,scientific,0.05101829767227173,-0.6831200122833252,-0.06373580545186996,-0.108247771859169,0.15926606953144073,0.5748722404241562,0.04451196640729904,0.7341383099555969,0.1147541031241417,0.41560617089271545,-0.1147541031241417,39,4,0.8974358974358975
730,H,0,gnnexplainer,0.9,match_ig_baseline,scientific,-0.035426877439022064,-0.036620281636714935,-0.04023145139217377,-0.0828036293387413,0.04737675189971924,0.04618334770202637,0.042572177946567535,0.001193404197692871,0.004804573953151703,-0.001193404197692871,-0.004804573953151703,33,4,0.8787878787878788
730,H,0,integrated_gradients,0.9,match_ig_baseline,scientific,-0.035426877439022064,-0.04564381390810013,-0.034366171807050705,-0.0828036293387413,0.04737675189971924,0.037159815430641174,0.0484374575316906,0.010216936469078064,0.0010607056319713593,-0.010216936469078064,0.0010607056319713593,33,4,0.8787878787878788
730,H,1,gnnexplainer,0.9,match_ig_baseline,scientific,-0.03928791359066963,-0.04262178763747215,-0.056565359234809875,-0.05672350898385048,0.017435595393180847,0.014101721346378326,0.00015814974904060364,0.0033338740468025208,0.017277445644140244,-0.0033338740468025208,-0.017277445644140244,33,4,0.8787878787878788
730,H,1,integrated_gradients,0.9,match_ig_baseline,scientific,-0.03928791359066963,-0.042355019599199295,-0.03733512759208679,-0.05672350898385048,0.017435595393180847,0.014368489384651184,0.019388381391763687,0.003067106008529663,0.00195278599858284,-0.003067106008529663,0.00195278599858284,33,4,0.8787878787878788
730,H,2,gnnexplainer,0.9,match_ig_baseline,scientific,-0.03550073876976967,-0.04974503070116043,-0.036106497049331665,-0.08534755557775497,0.049846816807985306,0.03560252487659454,0.04924105852842331,0.014244291931390762,0.0006057582795619965,-0.014244291931390762,-0.0006057582795619965,33,4,0.8787878787878788
730,H,2,integrated_gradients,0.9,match_ig_baseline,scientific,-0.03550073876976967,-0.04568059742450714,-0.03439505025744438,-0.08534755557775497,0.049846816807985306,0.03966695815324783,0.05095250532031059,0.010179858654737473,0.0011056885123252869,-0.010179858654737473,0.0011056885123252869,33,4,0.8787878787878788
730,H,3,gnnexplainer,0.9,match_ig_baseline,scientific,-0.0567883662879467,-0.04945759102702141,-0.051481954753398895,-0.04140743240714073,0.01538093388080597,0.008050158619880676,0.010074522346258163,0.007330775260925293,0.005306411534547806,-0.007330775260925293,-0.005306411534547806,33,4,0.8787878787878788
730,H,3,integrated_gradients,0.9,match_ig_baseline,scientific,-0.0567883662879467,-0.04574435204267502,-0.054515112191438675,-0.04140743240714073,0.01538093388080597,0.0043369196355342865,0.013107679784297943,0.011044014245271683,0.002273254096508026,-0.011044014245271683,-0.002273254096508026,33,4,0.8787878787878788
730,H,4,gnnexplainer,0.9,match_ig_baseline,scientific,-0.03714349865913391,-0.03737523779273033,-0.03935922682285309,-0.0656544640660286,0.028510965406894684,0.028279226273298264,0.026295237243175507,0.0002317391335964203,0.0022157281637191772,-0.0002317391335964203,-0.0022157281637191772,33,4,0.8787878787878788
730,H,4,integrated_gradients,0.9,match_ig_baseline,scientific,-0.03714349865913391,-0.04741482809185982,-0.04115745425224304,-0.0656544640660286,0.028510965406894684,0.018239635974168777,0.024497009813785553,0.010271329432725906,0.004013955593109131,-0.010271329432725906,-0.004013955593109131,33,4,0.8787878787878788
730,H,5,gnnexplainer,0.9,match_ig_baseline,scientific,-0.03714146837592125,-0.05238594114780426,-0.047915372997522354,-0.0651107206940651,0.027969252318143845,0.012724779546260834,0.01719534769654274,0.01524447277188301,0.010773904621601105,-0.01524447277188301,-0.010773904621601105,33,4,0.8787878787878788
730,H,5,integrated_gradients,0.9,match_ig_baseline,scientific,-0.03714146837592125,-0.047424595803022385,-0.04115420579910278,-0.0651107206940651,0.027969252318143845,0.01768612489104271,0.02395651489496231,0.010283127427101135,0.004012737423181534,-0.010283127427101135,-0.004012737423181534,33,4,0.8787878787878788
730,H,6,gnnexplainer,0.9,match_ig_baseline,scientific,-0.32388418912887573,-0.2550218999385834,-0.2958807647228241,-0.46070948243141174,0.136825293302536,0.20568758249282837,0.16482871770858765,0.06886228919029236,0.028003424406051636,0.06886228919029236,0.028003424406051636,33,4,0.8787878787878788
730,H,6,integrated_gradients,0.9,match_ig_baseline,scientific,-0.32388418912887573,-0.19820669293403625,-0.30535805225372314,-0.46070948243141174,0.136825293302536,0.2625027894973755,0.1553514301776886,0.12567749619483948,0.018526136875152588,0.12567749619483948,0.018526136875152588,33,4,0.8787878787878788
730,H,7,gnnexplainer,0.9,match_ig_baseline,scientific,-0.17179745435714722,-0.13380694389343262,-0.21985399723052979,-0.13185574114322662,0.03994171321392059,0.0019512027502059937,0.08799825608730316,0.0379905104637146,0.04805654287338257,-0.0379905104637146,0.04805654287338257,33,4,0.8787878787878788
730,H,7,integrated_gradients,0.9,match_ig_baseline,scientific,-0.17179745435714722,-0.1963592767715454,-0.17986097931861877,-0.13185574114322662,0.03994171321392059,0.06450353562831879,0.04800523817539215,0.024561822414398193,0.008063524961471558,0.024561822414398193,0.008063524961471558,33,4,0.8787878787878788
730,H,8,gnnexplainer,0.9,match_ig_baseline,scientific,-0.22268977761268616,-0.2144526243209839,-0.21183186769485474,-0.24749764800071716,0.024807870388031006,0.033045023679733276,0.03566578030586243,0.00823715329170227,0.010857909917831421,0.00823715329170227,0.010857909917831421,33,4,0.8787878787878788
730,H,8,integrated_gradients,0.9,match_ig_baseline,scientific,-0.22268977761268616,-0.21454757452011108,-0.22206208109855652,-0.24749764800071716,0.024807870388031006,0.03295007348060608,0.025435566902160645,0.008142203092575073,0.0006276965141296387,0.008142203092575073,0.0006276965141296387,33,4,0.8787878787878788
730,H,9,gnnexplainer,0.9,match_ig_baseline,scientific,-0.22261035442352295,-0.20421823859214783,-0.2157514989376068,-0.2490854412317276,0.02647508680820465,0.04486720263957977,0.03333394229412079,0.018392115831375122,0.006858855485916138,0.018392115831375122,0.006858855485916138,33,4,0.8787878787878788
730,H,9,integrated_gradients,0.9,match_ig_baseline,scientific,-0.22261035442352295,-0.2144777476787567,-0.2220194935798645,-0.2490854412317276,0.02647508680820465,0.034607693552970886,0.027065947651863098,0.008132606744766235,0.0005908608436584473,0.008132606744766235,0.0005908608436584473,33,4,0.8787878787878788
730,C,0,gnnexplainer,0.9,match_ig_baseline,scientific,-13.518061637878418,-10.38660717010498,-7.55325174331665,-15.34196949005127,1.8239078521728516,4.955362319946289,7.788717746734619,3.1314544677734375,5.964809894561768,3.1314544677734375,5.964809894561768,39,4,0.8974358974358975
730,C,0,integrated_gradients,0.9,match_ig_baseline,scientific,-13.518061637878418,-8.194637298583984,-10.872513771057129,-15.34196949005127,1.8239078521728516,7.147332191467285,4.469455718994141,5.323424339294434,2.645547866821289,5.323424339294434,2.645547866821289,39,4,0.8974358974358975
730,C,1,gnnexplainer,0.9,match_ig_baseline,scientific,-0.1171511858701706,-2.2513959407806396,-0.11896196007728577,-0.7952368259429932,0.6780856400728226,1.4561591148376465,0.6762748658657074,2.134244754910469,0.0018107742071151733,0.7780734747648239,-0.0018107742071151733,39,4,0.8974358974358975
730,C,1,integrated_gradients,0.9,match_ig_baseline,scientific,-0.1171511858701706,-1.0797418355941772,-0.22477398812770844,-0.7952368259429932,0.6780856400728226,0.2845050096511841,0.5704628378152847,0.9625906497240067,0.10762280225753784,-0.3935806304216385,-0.10762280225753784,39,4,0.8974358974358975
730,C,2,gnnexplainer,0.9,match_ig_baseline,scientific,0.009718835353851318,-1.3978484869003296,0.06694380939006805,-0.42918500304222107,0.4389038383960724,0.9686634838581085,0.4961288124322891,1.407567322254181,0.057224974036216736,0.5297596454620361,0.057224974036216736,39,4,0.8974358974358975
730,C,2,integrated_gradients,0.9,match_ig_baseline,scientific,0.009718835353851318,-0.6243793368339539,-0.2450304478406906,-0.42918500304222107,0.4389038383960724,0.1951943337917328,0.18415455520153046,0.6340981721878052,0.25474928319454193,-0.2437095046043396,-0.25474928319454193,39,4,0.8974358974358975
730,C,3,gnnexplainer,0.9,match_ig_baseline,scientific,-1.7342995405197144,-2.4317755699157715,-2.2544050216674805,-2.1860930919647217,0.4517935514450073,0.2456824779510498,0.06831192970275879,0.6974760293960571,0.5201054811477661,-0.20611107349395752,-0.38348162174224854,39,4,0.8974358974358975
730,C,3,integrated_gradients,0.9,match_ig_baseline,scientific,-1.7342995405197144,-2.613574504852295,-2.2318592071533203,-2.1860930919647217,0.4517935514450073,0.42748141288757324,0.04576611518859863,0.8792749643325806,0.49755966663360596,-0.024312138557434082,-0.4060274362564087,39,4,0.8974358974358975
740,H,0,integrated_gradients,0.9,match_ig_baseline,scientific,-0.10694248974323273,-0.061614975333213806,-0.10197313874959946,,,,,0.04532751441001892,0.00496935099363327,,,33,4,0.8787878787878788
740,H,1,gnnexplainer,0.9,match_ig_baseline,scientific,-0.026137936860322952,-0.056294798851013184,-0.03809640556573868,0.03481113538146019,0.06094907224178314,0.09110593423247337,0.07290754094719887,0.03015686199069023,0.011958468705415726,0.03015686199069023,0.011958468705415726,33,4,0.8787878787878788
740,H,1,integrated_gradients,0.9,match_ig_baseline,scientific,-0.026137936860322952,-0.0481979176402092,-0.02449527382850647,0.03481113538146019,0.06094907224178314,0.08300905302166939,0.05930640920996666,0.022059980779886246,0.0016426630318164825,0.022059980779886246,-0.0016426630318164825,33,4,0.8787878787878788
740,H,2,gnnexplainer,0.9,match_ig_baseline,scientific,-0.04452488198876381,-0.036499861627817154,-0.07415778189897537,-0.0694003626704216,0.02487548068165779,0.032900501042604446,0.004757419228553772,0.008025020360946655,0.029632899910211563,0.008025020360946655,-0.02011806145310402,33,4,0.8787878787878788
740,H,2,integrated_gradients,0.9,match_ig_baseline,scientific,-0.04452488198876381,-0.05142536386847496,-0.03603504225611687,-0.0694003626704216,0.02487548068165779,0.01797499880194664,0.03336532041430473,0.006900481879711151,0.008489839732646942,-0.006900481879711151,0.008489839732646942,33,4,0.8787878787878788
740,H,3,gnnexplainer,0.9,match_ig_baseline,scientific,-0.04864649474620819,-0.05191803351044655,-0.03820214420557022,-0.03524171933531761,0.01340477541089058,0.016676314175128937,0.0029604248702526093,0.0032715387642383575,0.01044435054063797,0.0032715387642383575,-0.01044435054063797,33,4,0.8787878787878788
740,H,3,integrated_gradients,0.9,match_ig_baseline,scientific,-0.04864649474620819,-0.04944562166929245,-0.046934012323617935,-0.03524171933531761,0.01340477541089058,0.014203902333974838,0.011692292988300323,0.000799126923084259,0.0017124824225902557,0.000799126923084259,-0.0017124824225902557,33,4,0.8787878787878788
740,H,4,gnnexplainer,0.9,match_ig_baseline,scientific,-0.044288262724876404,-0.05459496006369591,-0.048976436257362366,-0.06663717329502106,0.022348910570144653,0.01204221323132515,0.01766073703765869,0.010306697338819504,0.004688173532485962,-0.010306697338819504,-0.004688173532485962,33,4,0.8787878787878788
740,H,4,integrated_gradients,0.9,match_ig_baseline,scientific,-0.044288262724876404,-0.04250378534197807,-0.043778203427791595,-0.06663717329502106,0.022348910570144653,0.024133387953042984,0.02285896986722946,0.0017844773828983307,0.0005100592970848083,0.0017844773828983307,0.0005100592970848083,33,4,0.8787878787878788
740,H,5,gnnexplainer,0.9,match_ig_baseline,scientific,-0.02385552227497101,-0.05537932366132736,-0.023787137120962143,0.03422334045171738,0.058078862726688385,0.08960266411304474,0.05801047757267952,0.031523801386356354,6.838515400886536e-05,0.031523801386356354,-6.838515400886536e-05,33,4,0.8787878787878788
740,H,5,integrated_gradients,0.9,match_ig_baseline,scientific,-0.02385552227497101,-0.04640711471438408,-0.021698176860809326,0.03422334045171738,0.058078862726688385,0.08063045516610146,0.0559215173125267,0.02255159243941307,0.002157345414161682,0.02255159243941307,-0.002157345414161682,33,4,0.8787878787878788
740,H,6,gnnexplainer,0.9,match_ig_baseline,scientific,-0.046978406608104706,-0.052546918392181396,-0.049320388585329056,-0.03061004728078842,0.016368359327316284,0.021936871111392975,0.018710341304540634,0.005568511784076691,0.00234198197722435,0.005568511784076691,0.00234198197722435,33,4,0.8787878787878788
740,H,6,integrated_gradients,0.9,match_ig_baseline,scientific,-0.046978406608104706,-0.04847387969493866,-0.045159559696912766,-0.03061004728078842,0.016368359327316284,0.017863832414150238,0.014549512416124344,0.0014954730868339539,0.0018188469111919403,0.0014954730868339539,-0.0018188469111919403,33,4,0.8787878787878788
740,H,7,integrated_gradients,0.9,match_ig_baseline,scientific,-0.10694248974323273,-0.061614979058504105,-0.10197313874959946,,,,,0.04532751068472862,0.00496935099363327,,,33,4,0.8787878787878788
740,H,8,integrated_gradients,0.9,match_ig_baseline,scientific,-0.10694248974323273,-0.061614979058504105,-0.10197313874959946,,,,,0.04532751068472862,0.00496935099363327,,,33,4,0.8787878787878788
740,H,9,gnnexplainer,0.9,match_ig_baseline,scientific,-0.04696982726454735,-0.059350743889808655,-0.04197457805275917,-0.11217248439788818,0.06520265713334084,0.05282174050807953,0.07019790634512901,0.012380916625261307,0.0049952492117881775,-0.012380916625261307,0.0049952492117881775,33,4,0.8787878787878788
740,H,9,integrated_gradients,0.9,match_ig_baseline,scientific,-0.04696982726454735,-0.06193283200263977,-0.043412819504737854,-0.11217248439788818,0.06520265713334084,0.05023965239524841,0.06875966489315033,0.014963004738092422,0.003557007759809494,-0.014963004738092422,0.003557007759809494,33,4,0.8787878787878788
740,H,10,gnnexplainer,0.9,match_ig_baseline,scientific,-0.046655893325805664,-0.06243729963898659,-0.054621580988168716,-0.10799708962440491,0.06134119629859924,0.04555978998541832,0.05337550863623619,0.015781406313180923,0.007965687662363052,-0.015781406313180923,-0.007965687662363052,33,4,0.8787878787878788
740,H,10,integrated_gradients,0.9,match_ig_baseline,scientific,-0.046655893325805664,-0.06220579147338867,-0.04318947717547417,-0.10799708962440491,0.06134119629859924,0.045791298151016235,0.06480761244893074,0.015549898147583008,0.003466416150331497,-0.015549898147583008,0.003466416150331497,33,4,0.8787878787878788
740,H,11,gnnexplainer,0.9,match_ig_baseline,scientific,-0.03764323145151138,-0.030859190970659256,-0.05008231848478317,0.028855061158537865,0.06649829261004925,0.05971425212919712,0.07893737964332104,0.006784040480852127,0.01243908703327179,-0.006784040480852127,0.01243908703327179,33,4,0.8787878787878788
740,H,11,integrated_gradients,0.9,match_ig_baseline,scientific,-0.03764323145151138,-0.059432756155729294,-0.04220658168196678,0.028855061158537865,0.06649829261004925,0.08828781731426716,0.07106164284050465,0.02178952470421791,0.0045633502304553986,0.02178952470421791,0.0045633502304553986,33,4,0.8787878787878788
740,C,0,gnnexplainer,0.9,match_ig_baseline,scientific,0.018430694937705994,-0.9283817410469055,0.2204260379076004,0.41184088587760925,0.39341019093990326,1.3402226269245148,0.19141484797000885,0.9468124359846115,0.2019953429698944,0.9468124359846115,-0.2019953429698944,39,4,0.8974358974358975
740,C,0,integrated_gradients,0.9,match_ig_baseline,scientific,0.018430694937705994,-0.7028022408485413,-0.14419066905975342,0.41184088587760925,0.39341019093990326,1.1146431267261505,0.5560315549373627,0.7212329357862473,0.1626213639974594,0.7212329357862473,0.1626213639974594,39,4,0.8974358974358975
740,C,1,gnnexplainer,0.9,match_ig_baseline,scientific,0.007801875472068787,-0.4080127477645874,-0.025047704577445984,0.3751834034919739,0.3673815280199051,0.7831961512565613,0.40023110806941986,0.4158146232366562,0.03284958004951477,0.4158146232366562,0.03284958004951477,39,4,0.8974358974358975
740,C,1,integrated_gradients,0.9,match_ig_baseline,scientific,0.007801875472068787,-0.7142171263694763,-0.14490163326263428,0.3751834034919739,0.3673815280199051,1.0894005298614502,0.5200850367546082,0.7220190018415451,0.15270350873470306,0.7220190018415451,0.15270350873470306,39,4,0.8974358974358975
740,C,2,gnnexplainer,0.9,match_ig_baseline,scientific,-0.3508378267288208,-1.318590521812439,-0.21903732419013977,0.5169197916984558,0.8677576184272766,1.8355103135108948,0.7359571158885956,0.9677526950836182,0.13180050253868103,0.9677526950836182,-0.13180050253868103,39,4,0.8974358974358975
740,C,2,integrated_gradients,0.9,match_ig_baseline,scientific,-0.3508378267288208,-1.066105842590332,-0.4657769203186035,0.5169197916984558,0.8677576184272766,1.5830256342887878,0.9826967120170593,0.7152680158615112,0.11493909358978271,0.7152680158615112,0.11493909358978271,39,4,0.8974358974358975
750,H,0,gnnexplainer,0.9,match_ig_baseline,scientific,0.03798817843198776,0.01622624695301056,0.02945885807275772,0.012653836980462074,0.025334341451525688,0.003572409972548485,0.016805021092295647,0.021761931478977203,0.008529320359230042,-0.021761931478977203,-0.008529320359230042,33,4,0.8787878787878788
750,H,0,integrated_gradients,0.9,match_ig_baseline,scientific,0.03798817843198776,0.029821015894412994,0.029868796467781067,0.012653836980462074,0.025334341451525688,0.01716717891395092,0.017214959487318993,0.008167162537574768,0.008119381964206696,-0.008167162537574768,-0.008119381964206696,33,4,0.8787878787878788
750,H,1,gnnexplainer,0.9,match_ig_baseline,scientific,0.04782714694738388,0.04952210932970047,0.03912805765867233,0.05693499743938446,0.00910785049200058,0.0074128881096839905,0.017806939780712128,0.0016949623823165894,0.008699089288711548,-0.0016949623823165894,0.008699089288711548,33,4,0.8787878787878788
750,H,1,integrated_gradients,0.9,match_ig_baseline,scientific,0.04782714694738388,0.023535706102848053,0.04321686923503876,0.05693499743938446,0.00910785049200058,0.03339929133653641,0.013718128204345703,0.024291440844535828,0.004610277712345123,0.024291440844535828,0.004610277712345123,33,4,0.8787878787878788
750,H,2,gnnexplainer,0.9,match_ig_baseline,scientific,0.03197725862264633,0.014469228684902191,0.02127828449010849,0.005504594184458256,0.026472664438188076,0.008964634500443935,0.015773690305650234,0.01750802993774414,0.010698974132537842,-0.01750802993774414,-0.010698974132537842,33,4,0.8787878787878788
750,H,2,integrated_gradients,0.9,match_ig_baseline,scientific,0.03197725862264633,0.0286976620554924,0.027568548917770386,0.005504594184458256,0.026472664438188076,0.023193067871034145,0.02206395473331213,0.0032795965671539307,0.004408709704875946,-0.0032795965671539307,-0.004408709704875946,33,4,0.8787878787878788
750,H,3,integrated_gradients,0.9,match_ig_baseline,scientific,-0.11056908220052719,-0.06876973807811737,-0.10949121415615082,,,,,0.04179934412240982,0.0010778680443763733,,,33,4,0.8787878787878788
750,H,4,gnnexplainer,0.9,match_ig_baseline,scientific,-0.04084251821041107,-0.03425689786672592,-0.04574727267026901,-0.05818985030055046,0.01734733209013939,0.02393295243382454,0.012442577630281448,0.00658562034368515,0.004904754459857941,0.00658562034368515,-0.004904754459857941,33,4,0.8787878787878788
750,H,4,integrated_gradients,0.9,match_ig_baseline,scientific,-0.04084251821041107,-0.059335000813007355,-0.036204300820827484,-0.05818985030055046,0.01734733209013939,0.001145150512456894,0.021985549479722977,0.018492482602596283,0.004638217389583588,-0.016202181577682495,0.004638217389583588,33,4,0.8787878787878788
750,H,5,gnnexplainer,0.9,match_ig_baseline,scientific,-0.05701668933033943,-0.06232985854148865,-0.05084202066063881,-0.05391708016395569,0.0030996091663837433,0.008412778377532959,0.0030750595033168793,0.005313169211149216,0.0061746686697006226,0.005313169211149216,-2.4549663066864014e-05,33,4,0.8787878787878788
750,H,5,integrated_gradients,0.9,match_ig_baseline,scientific,-0.05701668933033943,-0.05078555643558502,-0.05877245217561722,-0.05391708016395569,0.0030996091663837433,0.0031315237283706665,0.0048553720116615295,0.00623113289475441,0.0017557628452777863,3.191456198692322e-05,0.0017557628452777863,33,4,0.8787878787878788
750,H,6,gnnexplainer,0.9,match_ig_baseline,scientific,-0.06438229978084564,-0.06893275678157806,-0.05798314884305,-0.06305703520774841,0.001325264573097229,0.005875721573829651,0.00507388636469841,0.004550457000732422,0.006399150937795639,0.004550457000732422,0.003748621791601181,33,4,0.8787878787878788
750,H,6,integrated_gradients,0.9,match_ig_baseline,scientific,-0.06438229978084564,-0.05451561510562897,-0.07202635705471039,-0.06305703520774841,0.001325264573097229,0.008541420102119446,0.008969321846961975,0.009866684675216675,0.007644057273864746,0.007216155529022217,0.007644057273864746,33,4,0.8787878787878788
750,C,0,gnnexplainer,0.9,match_ig_baseline,scientific,0.374545156955719,-0.23678025603294373,0.1792416125535965,-0.010089988820254803,0.3846351457759738,0.22669026721268892,0.1893316013738513,0.6113254129886627,0.1953035444021225,-0.15794487856328487,-0.1953035444021225,39,4,0.8974358974358975
750,C,0,integrated_gradients,0.9,match_ig_baseline,scientific,0.374545156955719,-0.37484079599380493,0.09477958083152771,-0.010089988820254803,0.3846351457759738,0.36475080717355013,0.10486956965178251,0.7493859529495239,0.2797655761241913,-0.019884338602423668,-0.2797655761241913,39,4,0.8974358974358975
750,C,1,gnnexplainer,0.9,match_ig_baseline,scientific,-2.2758126258850098,-2.985919237136841,-2.31109881401062,-2.108027696609497,0.1677849292755127,0.8778915405273438,0.20307111740112305,0.710106611251831,0.03528618812561035,0.710106611251831,0.03528618812561035,39,4,0.8974358974358975
750,C,1,integrated_gradients,0.9,match_ig_baseline,scientific,-2.2758126258850098,-2.9620726108551025,-2.5838263034820557,-2.108027696609497,0.1677849292755127,0.8540449142456055,0.4757986068725586,0.6862599849700928,0.3080136775970459,0.6862599849700928,0.3080136775970459,39,4,0.8974358974358975
760,H,0,gnnexplainer,0.9,match_ig_baseline,scientific,4.727393388748169e-05,-0.007512509822845459,-0.015283506363630295,0.021837875247001648,0.021790601313114166,0.029350385069847107,0.03712138161063194,0.007559783756732941,0.015330780297517776,0.007559783756732941,0.015330780297517776,33,4,0.8787878787878788
760,H,0,integrated_gradients,0.9,match_ig_baseline,scientific,4.727393388748169e-05,-0.002198919653892517,0.002228476107120514,0.021837875247001648,0.021790601313114166,0.024036794900894165,0.019609399139881134,0.0022461935877799988,0.0021812021732330322,0.0022461935877799988,-0.0021812021732330322,33,4,0.8787878787878788
760,H,1,gnnexplainer,0.9,match_ig_baseline,scientific,-0.005665414035320282,-0.0012992247939109802,9.796768426895142e-05,-0.032697971910238266,0.027032557874917984,0.031398747116327286,0.03279593959450722,0.004366189241409302,0.005763381719589233,0.004366189241409302,0.005763381719589233,33,4,0.8787878787878788
760,H,1,integrated_gradients,0.9,match_ig_baseline,scientific,-0.005665414035320282,-0.002149593085050583,-0.006509460508823395,-0.032697971910238266,0.027032557874917984,0.030548378825187683,0.02618851140141487,0.003515820950269699,0.0008440464735031128,0.003515820950269699,-0.0008440464735031128,33,4,0.8787878787878788
760,H,2,gnnexplainer,0.9,match_ig_baseline,scientific,-0.005677040666341782,-0.02033928781747818,0.019941426813602448,-0.031697869300842285,0.026020828634500504,0.011358581483364105,0.05163929611444473,0.014662247151136398,0.02561846747994423,-0.014662247151136398,0.02561846747994423,33,4,0.8787878787878788
760,H,2,integrated_gradients,0.9,match_ig_baseline,scientific,-0.005677040666341782,-0.00214492529630661,-0.006571367383003235,-0.031697869300842285,0.026020828634500504,0.029552944004535675,0.02512650191783905,0.0035321153700351715,0.0008943267166614532,0.0035321153700351715,-0.0008943267166614532,33,4,0.8787878787878788
760,H,3,gnnexplainer,0.9,match_ig_baseline,scientific,-0.005807690322399139,0.0017388984560966492,-0.001996845006942749,-0.031697869300842285,0.025890178978443146,0.033436767756938934,0.029701024293899536,0.007546588778495789,0.0038108453154563904,0.007546588778495789,0.0038108453154563904,33,4,0.8787878787878788
760,H,3,integrated_gradients,0.9,match_ig_baseline,scientific,-0.005807690322399139,-0.0022235773503780365,-0.006627991795539856,-0.031697869300842285,0.025890178978443146,0.02947429195046425,0.02506987750530243,0.003584112972021103,0.0008203014731407166,0.003584112972021103,-0.0008203014731407166,33,4,0.8787878787878788
760,H,4,gnnexplainer,0.9,match_ig_baseline,scientific,-0.005804672837257385,-0.00919310376048088,0.00688508152961731,-0.032697971910238266,0.02689329907298088,0.023504868149757385,0.039583053439855576,0.0033884309232234955,0.012689754366874695,-0.0033884309232234955,0.012689754366874695,33,4,0.8787878787878788
760,H,4,integrated_gradients,0.9,match_ig_baseline,scientific,-0.005804672837257385,-0.0022314153611660004,-0.00658990815281868,-0.032697971910238266,0.02689329907298088,0.030466556549072266,0.026108063757419586,0.003573257476091385,0.0007852353155612946,0.003573257476091385,-0.0007852353155612946,33,4,0.8787878787878788
760,H,5,gnnexplainer,0.9,match_ig_baseline,scientific,-9.080767631530762e-05,-0.005241654813289642,-0.03266637399792671,0.02283787541091442,0.02292868308722973,0.028079530224204063,0.05550424940884113,0.005150847136974335,0.032575566321611404,0.005150847136974335,0.032575566321611404,33,4,0.8787878787878788
760,H,5,integrated_gradients,0.9,match_ig_baseline,scientific,-9.080767631530762e-05,-0.0023648999631404877,0.002070389688014984,0.02283787541091442,0.02292868308722973,0.02520277537405491,0.020767485722899437,0.00227409228682518,0.0021611973643302917,0.00227409228682518,-0.0021611973643302917,33,4,0.8787878787878788
760,H,6,gnnexplainer,0.9,match_ig_baseline,scientific,-0.0056715309619903564,-0.02543080970644951,0.007803872227668762,-0.03369797393679619,0.028026442974805832,0.00826716423034668,0.04150184616446495,0.019759278744459152,0.013475403189659119,-0.019759278744459152,0.013475403189659119,33,4,0.8787878787878788
760,H,6,integrated_gradients,0.9,match_ig_baseline,scientific,-0.0056715309619903564,-0.002142965793609619,-0.006556317210197449,-0.03369797393679619,0.028026442974805832,0.03155500814318657,0.02714165672659874,0.0035285651683807373,0.0008847862482070923,0.0035285651683807373,-0.0008847862482070923,33,4,0.8787878787878788
760,H,7,gnnexplainer,0.9,match_ig_baseline,scientific,-0.005666367709636688,-0.017943881452083588,-0.025134753435850143,-0.032697971910238266,0.027031604200601578,0.014754090458154678,0.0075632184743881226,0.0122775137424469,0.019468385726213455,-0.0122775137424469,-0.019468385726213455,33,4,0.8787878787878788
760,H,7,integrated_gradients,0.9,match_ig_baseline,scientific,-0.005666367709636688,-0.0021507516503334045,-0.006517678499221802,-0.032697971910238266,0.027031604200601578,0.03054722025990486,0.026180293411016464,0.0035156160593032837,0.0008513107895851135,0.0035156160593032837,-0.0008513107895851135,33,4,0.8787878787878788
760,H,8,gnnexplainer,0.9,match_ig_baseline,scientific,5.183368921279907e-05,-0.00995895266532898,0.023001693189144135,0.020793870091438293,0.020742036402225494,0.030752822756767273,0.002207823097705841,0.010010786354541779,0.022949859499931335,0.010010786354541779,-0.018534213304519653,33,4,0.8787878787878788
760,H,8,integrated_gradients,0.9,match_ig_baseline,scientific,5.183368921279907e-05,-0.002195749431848526,0.002225324511528015,0.020793870091438293,0.020742036402225494,0.02298961952328682,0.01856854557991028,0.002247583121061325,0.002173490822315216,0.002247583121061325,-0.002173490822315216,33,4,0.8787878787878788
760,C,0,gnnexplainer,0.9,match_ig_baseline,scientific,0.250580370426178,-0.254327654838562,-0.3265376091003418,-0.37623172998428345,0.6268121004104614,0.12190407514572144,0.04969412088394165,0.50490802526474,0.5771179795265198,-0.50490802526474,-0.5771179795265198,39,4,0.8974358974358975
760,C,0,integrated_gradients,0.9,match_ig_baseline,scientific,0.250580370426178,-0.5549889802932739,-0.03340161591768265,-0.37623172998428345,0.6268121004104614,0.17875725030899048,0.3428301140666008,0.8055693507194519,0.2839819863438606,-0.44805485010147095,-0.2839819863438606,39,4,0.8974358974358975
760,C,1,gnnexplainer,0.9,match_ig_baseline,scientific,0.2503671646118164,-0.4543878436088562,-0.31753283739089966,-0.36823153495788574,0.6185986995697021,0.08615630865097046,0.050698697566986084,0.7047550082206726,0.5679000020027161,-0.5324423909187317,-0.5679000020027161,39,4,0.8974358974358975
760,C,1,integrated_gradients,0.9,match_ig_baseline,scientific,0.2503671646118164,-0.5541561841964722,-0.03342633694410324,-0.36823153495788574,0.6185986995697021,0.18592464923858643,0.3348051980137825,0.8045233488082886,0.28379350155591965,-0.4326740503311157,-0.28379350155591965,39,4,0.8974358974358975
760,C,2,gnnexplainer,0.9,match_ig_baseline,scientific,0.25308263301849365,-0.26197460293769836,-0.2773649990558624,-0.3672311007976532,0.6203137338161469,0.10525649785995483,0.08986610174179077,0.515057235956192,0.5304476320743561,-0.515057235956192,-0.5304476320743561,39,4,0.8974358974358975
760,C,2,integrated_gradients,0.9,match_ig_baseline,scientific,0.25308263301849365,-0.561478316783905,-0.03342640399932861,-0.3672311007976532,0.6203137338161469,0.19424721598625183,0.3338046967983246,0.8145609498023987,0.28650903701782227,-0.426066517829895,-0.28650903701782227,39,4,0.8974358974358975
770,H,0,integrated_gradients,0.9,match_ig_baseline,scientific,-0.11165929585695267,-0.06971794366836548,-0.10599186271429062,,,,,0.04194135218858719,0.005667433142662048,,,33,4,0.8787878787878788
770,H,1,gnnexplainer,0.9,match_ig_baseline,scientific,-0.0732889175415039,-0.08176130056381226,-0.04607225954532623,-0.01663626730442047,0.056652650237083435,0.06512503325939178,0.02943599224090576,0.00847238302230835,0.027216657996177673,0.00847238302230835,-0.027216657996177673,33,4,0.8787878787878788
770,H,1,integrated_gradients,0.9,match_ig_baseline,scientific,-0.0732889175415039,-0.06259341537952423,-0.0675208643078804,-0.01663626730442047,0.056652650237083435,0.04595714807510376,0.05088459700345993,0.010695502161979675,0.005768053233623505,-0.010695502161979675,-0.005768053233623505,33,4,0.8787878787878788
770,H,2,gnnexplainer,0.9,match_ig_baseline,scientific,-0.07004798203706741,-0.08000043034553528,-0.0756092518568039,-0.025075281038880348,0.044972700998187065,0.05492514930665493,0.050533970817923546,0.009952448308467865,0.005561269819736481,0.009952448308467865,0.005561269819736481,33,4,0.8787878787878788
770,H,2,integrated_gradients,0.9,match_ig_baseline,scientific,-0.07004798203706741,-0.06554293632507324,-0.06654097884893417,-0.025075281038880348,0.044972700998187065,0.040467655286192894,0.041465697810053825,0.004505045711994171,0.0035070031881332397,-0.004505045711994171,-0.0035070031881332397,33,4,0.8787878787878788
770,H,3,gnnexplainer,0.9,match_ig_baseline,scientific,-0.06038928031921387,-0.06017253175377846,-0.07269744575023651,-0.007469826843589544,0.05291945347562432,0.05270270491018891,0.06522761890664697,0.00021674856543540955,0.012308165431022644,-0.00021674856543540955,0.012308165431022644,33,4,0.8787878787878788
770,H,3,integrated_gradients,0.9,match_ig_baseline,scientific,-0.06038928031921387,-0.07007529586553574,-0.05486650764942169,-0.007469826843589544,0.05291945347562432,0.06260546902194619,0.04739668080583215,0.009686015546321869,0.005522772669792175,0.009686015546321869,-0.005522772669792175,33,4,0.8787878787878788
770,H,4,gnnexplainer,0.9,match_ig_baseline,scientific,-0.04499819129705429,-0.05638831853866577,-0.04055027663707733,-0.06121565401554108,0.016217462718486786,0.004827335476875305,0.020665377378463745,0.01139012724161148,0.004447914659976959,-0.01139012724161148,0.004447914659976959,33,4,0.8787878787878788
770,H,4,integrated_gradients,0.9,match_ig_baseline,scientific,-0.04499819129705429,-0.034415438771247864,-0.037719689309597015,-0.06121565401554108,0.016217462718486786,0.026800215244293213,0.02349596470594406,0.010582752525806427,0.007278501987457275,0.010582752525806427,0.007278501987457275,33,4,0.8787878787878788
770,H,5,gnnexplainer,0.9,match_ig_baseline,scientific,-0.042951442301273346,-0.03259967267513275,-0.03139597550034523,-0.06089085713028908,0.017939414829015732,0.028291184455156326,0.029494881629943848,0.010351769626140594,0.011555466800928116,0.010351769626140594,0.011555466800928116,33,4,0.8787878787878788
770,H,5,integrated_gradients,0.9,match_ig_baseline,scientific,-0.042951442301273346,-0.034552186727523804,-0.03984478488564491,-0.06089085713028908,0.017939414829015732,0.026338670402765274,0.021046072244644165,0.008399255573749542,0.0031066574156284332,0.008399255573749542,0.0031066574156284332,33,4,0.8787878787878788
770,H,6,gnnexplainer,0.9,match_ig_baseline,scientific,-0.03130123019218445,-0.038694340735673904,-0.034335117787122726,-0.062093108892440796,0.030791878700256348,0.02339876815676689,0.02775799110531807,0.007393110543489456,0.003033887594938278,-0.007393110543489456,-0.003033887594938278,33,4,0.8787878787878788
770,H,6,integrated_gradients,0.9,match_ig_baseline,scientific,-0.03130123019218445,-0.04278140887618065,-0.02067238837480545,-0.062093108892440796,0.030791878700256348,0.019311700016260147,0.041420720517635345,0.0114801786839962,0.010628841817378998,-0.0114801786839962,0.010628841817378998,33,4,0.8787878787878788
770,H,7,gnnexplainer,0.9,match_ig_baseline,scientific,-0.03276588022708893,-0.004056237637996674,-0.029576770961284637,-0.03362821787595749,0.0008623376488685608,0.029571980237960815,0.0040514469146728516,0.028709642589092255,0.0031891092658042908,0.028709642589092255,0.0031891092658042908,33,4,0.8787878787878788
770,H,7,integrated_gradients,0.9,match_ig_baseline,scientific,-0.03276588022708893,-0.04022319242358208,-0.026803746819496155,-0.03362821787595749,0.0008623376488685608,0.006594974547624588,0.006824471056461334,0.007457312196493149,0.0059621334075927734,0.005732636898756027,0.0059621334075927734,33,4,0.8787878787878788
770,H,8,gnnexplainer,0.9,match_ig_baseline,scientific,-0.036026906222105026,-0.04452023282647133,-0.041816797107458115,-0.03030337207019329,0.0057235341519117355,0.014216860756278038,0.011513425037264824,0.008493326604366302,0.005789890885353088,0.008493326604366302,0.005789890885353088,33,4,0.8787878787878788
770,H,8,integrated_gradients,0.9,match_ig_baseline,scientific,-0.036026906222105026,-0.03099486231803894,-0.04097522795200348,-0.03030337207019329,0.0057235341519117355,0.0006914902478456497,0.010671855881810188,0.005032043904066086,0.004948321729898453,-0.005032043904066086,0.004948321729898453,33,4,0.8787878787878788
770,H,9,gnnexplainer,0.9,match_ig_baseline,scientific,-0.04427007585763931,-0.04530566185712814,-0.02709916979074478,-0.00425025774165988,0.04001981811597943,0.041055404115468264,0.022848912049084902,0.0010355859994888306,0.01717090606689453,0.0010355859994888306,-0.01717090606689453,33,4,0.8787878787878788
770,H,9,integrated_gradients,0.9,match_ig_baseline,scientific,-0.04427007585763931,-0.03515554219484329,-0.032644785940647125,-0.00425025774165988,0.04001981811597943,0.030905284453183413,0.028394528198987246,0.00911453366279602,0.011625289916992188,-0.00911453366279602,-0.011625289916992188,33,4,0.8787878787878788
770,C,0,gnnexplainer,0.9,match_ig_baseline,scientific,-0.9625418782234192,-2.170659065246582,-1.6235367059707642,-0.08352521806955338,0.8790166601538658,2.0871338471770287,1.5400114879012108,1.2081171870231628,0.660994827747345,1.2081171870231628,0.660994827747345,39,4,0.8974358974358975
770,C,0,integrated_gradients,0.9,match_ig_baseline,scientific,-0.9625418782234192,-2.3140969276428223,-1.7292112112045288,-0.08352521806955338,0.8790166601538658,2.230571709573269,1.6456859931349754,1.351555049419403,0.7666693329811096,1.351555049419403,0.7666693329811096,39,4,0.8974358974358975
770,C,1,gnnexplainer,0.9,match_ig_baseline,scientific,-0.7458785176277161,-3.2184560298919678,-0.08625651895999908,-0.9185637831687927,0.17268526554107666,2.299892246723175,0.8323072642087936,2.4725775122642517,0.659621998667717,2.1272069811820984,0.659621998667717,39,4,0.8974358974358975
770,C,1,integrated_gradients,0.9,match_ig_baseline,scientific,-0.7458785176277161,-2.1127758026123047,-1.1064902544021606,-0.9185637831687927,0.17268526554107666,1.194212019443512,0.18792647123336792,1.3668972849845886,0.3606117367744446,1.0215267539024353,0.01524120569229126,39,4,0.8974358974358975
770,C,2,gnnexplainer,0.9,match_ig_baseline,scientific,-0.7222520709037781,-3.0293843746185303,-0.3398594558238983,-0.7592434883117676,0.0369914174079895,2.2701408863067627,0.41938403248786926,2.307132303714752,0.38239261507987976,2.233149468898773,0.38239261507987976,39,4,0.8974358974358975
770,C,2,integrated_gradients,0.9,match_ig_baseline,scientific,-0.7222520709037781,-2.0294480323791504,-1.0753730535507202,-0.7592434883117676,0.0369914174079895,1.2702045440673828,0.31612956523895264,1.3071959614753723,0.35312098264694214,1.2332131266593933,0.27913814783096313,39,4,0.8974358974358975
780,H,0,gnnexplainer,0.9,match_ig_baseline,scientific,-0.03424498438835144,-0.05388723313808441,-0.016797609627246857,-0.056654516607522964,0.022409532219171524,0.002767283469438553,0.03985690698027611,0.01964224874973297,0.017447374761104584,-0.01964224874973297,0.017447374761104584,33,4,0.8787878787878788
780,H,0,integrated_gradients,0.9,match_ig_baseline,scientific,-0.03424498438835144,-0.029681973159313202,-0.02620501071214676,-0.056654516607522964,0.022409532219171524,0.026972543448209763,0.030449505895376205,0.0045630112290382385,0.008039973676204681,0.0045630112290382385,0.008039973676204681,33,4,0.8787878787878788
780,H,1,gnnexplainer,0.9,match_ig_baseline,scientific,-0.032329708337783813,-0.046758782118558884,-0.03890712559223175,-0.05837373062968254,0.026044022291898727,0.011614948511123657,0.01946660503745079,0.01442907378077507,0.006577417254447937,-0.01442907378077507,-0.006577417254447937,33,4,0.8787878787878788
780,H,1,integrated_gradients,0.9,match_ig_baseline,scientific,-0.032329708337783813,-0.02723197638988495,-0.02580748125910759,-0.05837373062968254,0.026044022291898727,0.031141754239797592,0.03256624937057495,0.005097731947898865,0.006522227078676224,0.005097731947898865,0.006522227078676224,33,4,0.8787878787878788
780,H,2,gnnexplainer,0.9,match_ig_baseline,scientific,-0.03186064958572388,-0.03274852782487869,-0.026358187198638916,-0.03147009387612343,0.0003905557096004486,0.0012784339487552643,0.005111906677484512,0.0008878782391548157,0.005502462387084961,0.0008878782391548157,0.004721350967884064,33,4,0.8787878787878788
780,H,2,integrated_gradients,0.9,match_ig_baseline,scientific,-0.03186064958572388,-0.03237978368997574,-0.03211813420057297,-0.03147009387612343,0.0003905557096004486,0.0009096898138523102,0.0006480403244495392,0.0005191341042518616,0.0002574846148490906,0.0005191341042518616,0.0002574846148490906,33,4,0.8787878787878788
780,H,3,gnnexplainer,0.9,match_ig_baseline,scientific,-0.031894534826278687,-0.02998470887541771,-0.03441988676786423,-0.04506674408912659,0.0131722092628479,0.015082035213708878,0.01064685732126236,0.0019098259508609772,0.0025253519415855408,0.0019098259508609772,-0.0025253519415855408,33,4,0.8787878787878788
780,H,3,integrated_gradients,0.9,match_ig_baseline,scientific,-0.031894534826278687,-0.03543669357895851,-0.022400546818971634,-0.04506674408912659,0.0131722092628479,0.009630050510168076,0.022666197270154953,0.003542158752679825,0.009493988007307053,-0.003542158752679825,0.009493988007307053,33,4,0.8787878787878788
780,H,4,gnnexplainer,0.9,match_ig_baseline,scientific,-0.04471692442893982,-0.05390562489628792,-0.03371444717049599,-0.07389127463102341,0.029174350202083588,0.01998564973473549,0.04017682746052742,0.009188700467348099,0.011002477258443832,-0.009188700467348099,0.011002477258443832,33,4,0.8787878787878788
780,H,4,integrated_gradients,0.9,match_ig_baseline,scientific,-0.04471692442893982,-0.03681615740060806,-0.036329735070466995,-0.07389127463102341,0.029174350202083588,0.037075117230415344,0.03756153956055641,0.007900767028331757,0.008387189358472824,0.007900767028331757,0.008387189358472824,33,4,0.8787878787878788
780,H,5,gnnexplainer,0.9,match_ig_baseline,scientific,-0.03157210350036621,-0.03464303910732269,-0.048188336193561554,-0.012759707868099213,0.018812395632267,0.02188333123922348,0.03542862832546234,0.003070935606956482,0.016616232693195343,0.003070935606956482,0.016616232693195343,33,4,0.8787878787878788
780,H,5,integrated_gradients,0.9,match_ig_baseline,scientific,-0.03157210350036621,-0.03499511629343033,-0.031624555587768555,-0.012759707868099213,0.018812395632267,0.022235408425331116,0.018864847719669342,0.0034230127930641174,5.245208740234375e-05,0.0034230127930641174,5.245208740234375e-05,33,4,0.8787878787878788
780,H,6,gnnexplainer,0.9,match_ig_baseline,scientific,-0.11845442652702332,-0.09590061753988266,-0.1026822105050087,-0.141023188829422,0.02256876230239868,0.04512257128953934,0.0383409783244133,0.022553808987140656,0.015772216022014618,0.022553808987140656,0.015772216022014618,33,4,0.8787878787878788
780,H,6,integrated_gradients,0.9,match_ig_baseline,scientific,-0.11845442652702332,-0.09343600273132324,-0.10473699867725372,-0.141023188829422,0.02256876230239868,0.047587186098098755,0.036286190152168274,0.025018423795700073,0.013717427849769592,0.025018423795700073,0.013717427849769592,33,4,0.8787878787878788
780,H,7,gnnexplainer,0.9,match_ig_baseline,scientific,-0.11560752242803574,-0.10457959771156311,-0.1068083867430687,-0.0901457667350769,0.025461755692958832,0.014433830976486206,0.01666262000799179,0.011027924716472626,0.008799135684967041,-0.011027924716472626,-0.008799135684967041,33,4,0.8787878787878788
780,H,7,integrated_gradients,0.9,match_ig_baseline,scientific,-0.11560752242803574,-0.09170861542224884,-0.1151355728507042,-0.0901457667350769,0.025461755692958832,0.001562848687171936,0.02498980611562729,0.023898907005786896,0.00047194957733154297,-0.023898907005786896,-0.00047194957733154297,33,4,0.8787878787878788
780,H,8,gnnexplainer,0.9,match_ig_baseline,scientific,-0.01577598601579666,-0.025457076728343964,-0.03760978579521179,-0.004935253411531448,0.010840732604265213,0.020521823316812515,0.032674532383680344,0.009681090712547302,0.02183379977941513,0.009681090712547302,0.02183379977941513,33,4,0.8787878787878788
780,H,8,integrated_gradients,0.9,match_ig_baseline,scientific,-0.01577598601579666,-0.036521051079034805,-0.014014635235071182,-0.004935253411531448,0.010840732604265213,0.03158579766750336,0.009079381823539734,0.020745065063238144,0.0017613507807254791,0.020745065063238144,-0.0017613507807254791,33,4,0.8787878787878788
780,H,9,gnnexplainer,0.9,match_ig_baseline,scientific,-0.026045523583889008,-0.040820010006427765,-0.04117470234632492,-0.037373729050159454,0.011328205466270447,0.0034462809562683105,0.0038009732961654663,0.014774486422538757,0.015129178762435913,-0.007881924510002136,-0.0075272321701049805,33,4,0.8787878787878788
780,H,9,integrated_gradients,0.9,match_ig_baseline,scientific,-0.026045523583889008,-0.033782098442316055,-0.02885282039642334,-0.037373729050159454,0.011328205466270447,0.003591630607843399,0.008520908653736115,0.007736574858427048,0.0028072968125343323,-0.007736574858427048,-0.0028072968125343323,33,4,0.8787878787878788
780,H,10,gnnexplainer,0.9,match_ig_baseline,scientific,-0.01670726388692856,-0.027310781180858612,-0.031387750059366226,-0.01834755763411522,0.0016402937471866608,0.008963223546743393,0.013040192425251007,0.010603517293930054,0.014680486172437668,0.007322929799556732,0.011399898678064346,33,4,0.8787878787878788
780,H,10,integrated_gradients,0.9,match_ig_baseline,scientific,-0.01670726388692856,-0.03595610707998276,-0.018244080245494843,-0.01834755763411522,0.0016402937471866608,0.01760854944586754,0.00010347738862037659,0.0192488431930542,0.0015368163585662842,0.015968255698680878,-0.0015368163585662842,33,4,0.8787878787878788
780,C,0,gnnexplainer,0.9,match_ig_baseline,scientific,-2.245131492614746,-4.066669464111328,-1.500101089477539,-2.4785163402557373,0.2333848476409912,1.5881531238555908,0.9784152507781982,1.821537971496582,0.745030403137207,1.3547682762145996,0.745030403137207,39,4,0.8974358974358975
780,C,0,integrated_gradients,0.9,match_ig_baseline,scientific,-2.245131492614746,-3.1830077171325684,-2.706942319869995,-2.4785163402557373,0.2333848476409912,0.704491376876831,0.2284259796142578,0.9378762245178223,0.461810827255249,0.47110652923583984,-0.0049588680267333984,39,4,0.8974358974358975
780,C,1,gnnexplainer,0.9,match_ig_baseline,scientific,-0.6139510869979858,-2.2738776206970215,-0.6947633624076843,-1.039336919784546,0.42538583278656006,1.2345407009124756,0.3445735573768616,1.6599265336990356,0.08081227540969849,0.8091548681259155,-0.08081227540969849,39,4,0.8974358974358975
780,C,1,integrated_gradients,0.9,match_ig_baseline,scientific,-0.6139510869979858,-1.6832972764968872,-0.8083849549293518,-1.039336919784546,0.42538583278656006,0.6439603567123413,0.2309519648551941,1.0693461894989014,0.19443386793136597,0.21857452392578125,-0.19443386793136597,39,4,0.8974358974358975
780,C,2,gnnexplainer,0.9,match_ig_baseline,scientific,-0.5631346106529236,-1.8511674404144287,-1.1302716732025146,-1.1567139625549316,0.5935793519020081,0.6944534778594971,0.026442289352416992,1.2880328297615051,0.5671370625495911,0.10087412595748901,-0.5671370625495911,39,4,0.8974358974358975
780,C,2,integrated_gradients,0.9,match_ig_baseline,scientific,-0.5631346106529236,-1.6662390232086182,-0.8690582513809204,-1.1567139625549316,0.5935793519020081,0.5095250606536865,0.28765571117401123,1.1031044125556946,0.3059236407279968,-0.08405429124832153,-0.3059236407279968,39,4,0.8974358974358975
780,C,3,gnnexplainer,0.9,match_ig_baseline,scientific,-0.17754033207893372,-0.5738257169723511,-0.6396036148071289,-0.23499566316604614,0.05745533108711243,0.33883005380630493,0.40460795164108276,0.39628538489341736,0.4620632827281952,0.2813747227191925,0.34715262055397034,39,4,0.8974358974358975
780,C,3,integrated_gradients,0.9,match_ig_baseline,scientific,-0.17754033207893372,-1.7415496110916138,-0.23808816075325012,-0.23499566316604614,0.05745533108711243,1.5065539479255676,0.0030924975872039795,1.56400927901268,0.060547828674316406,1.4490986168384552,-0.05436283349990845,39,4,0.8974358974358975
790,H,0,gnnexplainer,0.9,match_ig_baseline,scientific,-0.1566060185432434,-0.18929705023765564,-0.14110702276229858,-0.19559159874916077,0.03898558020591736,0.006294548511505127,0.05448457598686218,0.03269103169441223,0.015498995780944824,-0.03269103169441223,0.015498995780944824,33,4,0.8787878787878788
790,H,0,integrated_gradients,0.9,match_ig_baseline,scientific,-0.1566060185432434,-0.11411476135253906,-0.11765631288290024,-0.19559159874916077,0.03898558020591736,0.0814768373966217,0.07793528586626053,0.042491257190704346,0.03894970566034317,0.042491257190704346,0.03894970566034317,33,4,0.8787878787878788
790,H,1,gnnexplainer,0.9,match_ig_baseline,scientific,-0.3371109962463379,-0.29619792103767395,-0.35769012570381165,-0.36851513385772705,0.03140413761138916,0.0723172128200531,0.010825008153915405,0.04091307520866394,0.020579129457473755,0.04091307520866394,-0.020579129457473755,33,4,0.8787878787878788
790,H,1,integrated_gradients,0.9,match_ig_baseline,scientific,-0.3371109962463379,-0.2806456387042999,-0.3345980644226074,-0.36851513385772705,0.03140413761138916,0.08786949515342712,0.03391706943511963,0.056465357542037964,0.0025129318237304688,0.056465357542037964,0.0025129318237304688,33,4,0.8787878787878788
790,H,2,gnnexplainer,0.9,match_ig_baseline,scientific,-0.33711645007133484,-0.36746150255203247,-0.28153324127197266,-0.36851513385772705,0.03139868378639221,0.00105363130569458,0.0869818925857544,0.030345052480697632,0.05558320879936218,-0.030345052480697632,0.05558320879936218,33,4,0.8787878787878788
790,H,2,integrated_gradients,0.9,match_ig_baseline,scientific,-0.33711645007133484,-0.28064948320388794,-0.3345944285392761,-0.36851513385772705,0.03139868378639221,0.08786565065383911,0.03392070531845093,0.0564669668674469,0.002522021532058716,0.0564669668674469,0.002522021532058716,33,4,0.8787878787878788
790,H,3,gnnexplainer,0.9,match_ig_baseline,scientific,-0.15660420060157776,-0.15140390396118164,-0.13014820218086243,-0.19459159672260284,0.037987396121025085,0.043187692761421204,0.06444339454174042,0.005200296640396118,0.026455998420715332,0.005200296640396118,0.026455998420715332,33,4,0.8787878787878788
790,H,3,integrated_gradients,0.9,match_ig_baseline,scientific,-0.15660420060157776,-0.11411309987306595,-0.11765487492084503,-0.19459159672260284,0.037987396121025085,0.0804784968495369,0.07693672180175781,0.04249110072851181,0.03894932568073273,0.04249110072851181,0.03894932568073273,33,4,0.8787878787878788
790,C,0,gnnexplainer,0.9,match_ig_baseline,scientific,-10.634777069091797,-6.843024253845215,-8.193621635437012,-10.57038688659668,0.06439018249511719,3.727362632751465,2.376765251159668,3.791752815246582,2.441155433654785,3.6629724502563477,2.312375068664551,39,4,0.8974358974358975
790,C,0,integrated_gradients,0.9,match_ig_baseline,scientific,-10.634777069091797,-5.151134014129639,-11.66027545928955,-10.57038688659668,0.06439018249511719,5.419252872467041,1.089888572692871,5.483643054962158,1.025498390197754,5.354862689971924,1.025498390197754,39,4,0.8974358974358975
790,C,1,gnnexplainer,0.9,match_ig_baseline,scientific,-9.197672843933105,-6.308014869689941,-8.70123291015625,-8.774187088012695,0.42348575592041016,2.466172218322754,0.07295417785644531,2.889657974243164,0.49643993377685547,2.0426864624023438,-0.35053157806396484,39,4,0.8974358974358975
790,C,1,integrated_gradients,0.9,match_ig_baseline,scientific,-9.197672843933105,-5.912329196929932,-9.463726997375488,-8.774187088012695,0.42348575592041016,2.8618578910827637,0.689539909362793,3.285343647003174,0.2660541534423828,2.4383721351623535,0.2660541534423828,39,4,0.8974358974358975
790,C,2,gnnexplainer,0.9,match_ig_baseline,scientific,-9.197479248046875,-7.796446800231934,-8.025197982788086,-8.773186683654785,0.42429256439208984,0.9767398834228516,0.7479887008666992,1.4010324478149414,1.172281265258789,0.5524473190307617,0.3236961364746094,39,4,0.8974358974358975
790,C,2,integrated_gradients,0.9,match_ig_baseline,scientific,-9.197479248046875,-5.912198543548584,-9.463844299316406,-8.773186683654785,0.42429256439208984,2.860988140106201,0.6906576156616211,3.285280704498291,0.26636505126953125,2.4366955757141113,0.26636505126953125,39,4,0.8974358974358975
790,C,3,gnnexplainer,0.9,match_ig_baseline,scientific,-10.634745597839355,-10.315727233886719,-5.820459842681885,-10.566387176513672,0.0683584213256836,0.2506599426269531,4.745927333831787,0.3190183639526367,4.814285755157471,0.18230152130126953,4.6775689125061035,39,4,0.8974358974358975
790,C,3,integrated_gradients,0.9,match_ig_baseline,scientific,-10.634745597839355,-5.15111780166626,-11.660223960876465,-10.566387176513672,0.0683584213256836,5.415269374847412,1.093836784362793,5.483627796173096,1.0254783630371094,5.3469109535217285,1.0254783630371094,39,4,0.8974358974358975
800,H,0,gnnexplainer,0.9,match_ig_baseline,scientific,-0.04008062183856964,-0.04454902186989784,-0.06872951984405518,-0.00392476050183177,0.03615586133673787,0.04062426136806607,0.0648047593422234,0.004468400031328201,0.028648898005485535,0.004468400031328201,0.028648898005485535,33,4,0.8787878787878788
800,H,0,integrated_gradients,0.9,match_ig_baseline,scientific,-0.04008062183856964,-0.0545630007982254,-0.044853806495666504,-0.00392476050183177,0.03615586133673787,0.05063824029639363,0.040929045993834734,0.014482378959655762,0.004773184657096863,0.014482378959655762,0.004773184657096863,33,4,0.8787878787878788
800,H,1,gnnexplainer,0.9,match_ig_baseline,scientific,-0.06288813054561615,-0.05768165737390518,-0.06207980960607529,-0.06460889428853989,0.0017207637429237366,0.006927236914634705,0.0025290846824645996,0.005206473171710968,0.000808320939540863,0.005206473171710968,0.000808320939540863,33,4,0.8787878787878788
800,H,1,integrated_gradients,0.9,match_ig_baseline,scientific,-0.06288813054561615,-0.06537116318941116,-0.06455191969871521,-0.06460889428853989,0.0017207637429237366,0.0007622689008712769,5.6974589824676514e-05,0.0024830326437950134,0.00166378915309906,-0.0009584948420524597,-0.00166378915309906,33,4,0.8787878787878788
800,H,2,gnnexplainer,0.9,match_ig_baseline,scientific,-0.13370493054389954,-0.13897815346717834,-0.10026603937149048,-0.06662619113922119,0.06707873940467834,0.07235196232795715,0.03363984823226929,0.005273222923278809,0.03343889117240906,0.005273222923278809,-0.03343889117240906,33,4,0.8787878787878788
800,H,2,integrated_gradients,0.9,match_ig_baseline,scientific,-0.13370493054389954,-0.07626225799322128,-0.13099008798599243,-0.06662619113922119,0.06707873940467834,0.009636066854000092,0.06436389684677124,0.05744267255067825,0.0027148425579071045,-0.05744267255067825,-0.0027148425579071045,33,4,0.8787878787878788
800,H,3,gnnexplainer,0.9,match_ig_baseline,scientific,-0.1176520437002182,-0.13054823875427246,-0.10146385431289673,-0.08588121831417084,0.03177082538604736,0.044667020440101624,0.015582635998725891,0.01289619505405426,0.016188189387321472,0.01289619505405426,-0.016188189387321472,33,4,0.8787878787878788
800,H,3,integrated_gradients,0.9,match_ig_baseline,scientific,-0.1176520437002182,-0.09036312252283096,-0.10940621793270111,-0.08588121831417084,0.03177082538604736,0.004481904208660126,0.023524999618530273,0.027288921177387238,0.00824582576751709,-0.027288921177387238,-0.00824582576751709,33,4,0.8787878787878788
800,H,4,gnnexplainer,0.9,match_ig_baseline,scientific,-0.1279604732990265,-0.128109872341156,-0.11060893535614014,-0.10061817616224289,0.0273422971367836,0.027491696178913116,0.009990759193897247,0.0001493990421295166,0.017351537942886353,0.0001493990421295166,-0.017351537942886353,33,4,0.8787878787878788
800,H,4,integrated_gradients,0.9,match_ig_baseline,scientific,-0.1279604732990265,-0.0880250558257103,-0.13339415192604065,-0.10061817616224289,0.0273422971367836,0.012593120336532593,0.03277597576379776,0.03993541747331619,0.00543367862701416,-0.014749176800251007,0.00543367862701416,33,4,0.8787878787878788
800,H,5,gnnexplainer,0.9,match_ig_baseline,scientific,-0.12032494693994522,-0.12540189921855927,-0.12029066681861877,-0.15654033422470093,0.03621538728475571,0.031138435006141663,0.03624966740608215,0.005076952278614044,3.428012132644653e-05,-0.005076952278614044,3.428012132644653e-05,33,4,0.8787878787878788
800,H,5,integrated_gradients,0.9,match_ig_baseline,scientific,-0.12032494693994522,-0.08737492561340332,-0.13978372514247894,-0.15654033422470093,0.03621538728475571,0.06916540861129761,0.016756609082221985,0.0329500213265419,0.019458778202533722,0.0329500213265419,-0.019458778202533722,33,4,0.8787878787878788
800,C,0,gnnexplainer,0.9,match_ig_baseline,scientific,-3.4272639751434326,-2.445512056350708,-5.501421928405762,-4.065162658691406,0.6378986835479736,1.6196506023406982,1.4362592697143555,0.9817519187927246,2.074157953262329,0.9817519187927246,0.7983605861663818,39,4,0.8974358974358975
800,C,0,integrated_gradients,0.9,match_ig_baseline,scientific,-3.4272639751434326,-3.0335278511047363,-4.4184112548828125,-4.065162658691406,0.6378986835479736,1.03163480758667,0.35324859619140625,0.3937361240386963,0.9911472797393799,0.3937361240386963,-0.2846500873565674,39,4,0.8974358974358975
800,C,1,gnnexplainer,0.9,match_ig_baseline,scientific,-1.4055085182189941,-2.3905375003814697,-1.3361891508102417,-1.6483420133590698,0.24283349514007568,0.7421954870223999,0.3121528625488281,0.9850289821624756,0.06931936740875244,0.4993619918823242,0.06931936740875244,39,4,0.8974358974358975
800,C,1,integrated_gradients,0.9,match_ig_baseline,scientific,-1.4055085182189941,-2.2197799682617188,-1.6690794229507446,-1.6483420133590698,0.24283349514007568,0.5714379549026489,0.020737409591674805,0.8142714500427246,0.2635709047317505,0.32860445976257324,-0.22209608554840088,39,4,0.8974358974358975
800,C,2,gnnexplainer,0.9,match_ig_baseline,scientific,-3.5648629665374756,-4.319100856781006,-4.614325523376465,-3.949789524078369,0.38492655754089355,0.3693113327026367,0.6645359992980957,0.7542378902435303,1.0494625568389893,-0.015615224838256836,0.27960944175720215,39,4,0.8974358974358975
800,C,2,integrated_gradients,0.9,match_ig_baseline,scientific,-3.5648629665374756,-3.8688950538635254,-4.055385112762451,-3.949789524078369,0.38492655754089355,0.08089447021484375,0.10559558868408203,0.3040320873260498,0.4905221462249756,-0.3040320873260498,-0.2793309688568115,39,4,0.8974358974358975
810,H,0,gnnexplainer,0.9,match_ig_baseline,scientific,-0.01645805314183235,-0.017578870058059692,-0.04240112006664276,0.0017052999464794993,0.01816335308831185,0.01928417000453919,0.04410642001312226,0.0011208169162273407,0.02594306692481041,0.0011208169162273407,0.02594306692481041,33,4,0.8787878787878788
810,H,0,integrated_gradients,0.9,match_ig_baseline,scientific,-0.01645805314183235,-0.05079686641693115,-0.021147925406694412,0.0017052999464794993,0.01816335308831185,0.05250216636341065,0.02285322535317391,0.0343388132750988,0.0046898722648620605,0.0343388132750988,0.0046898722648620605,33,4,0.8787878787878788
810,H,1,gnnexplainer,0.9,match_ig_baseline,scientific,-0.016928408294916153,-0.04212455451488495,-0.03000979870557785,-0.051049478352069855,0.0341210700571537,0.008924923837184906,0.021039679646492004,0.025196146219968796,0.013081390410661697,-0.025196146219968796,-0.013081390410661697,33,4,0.8787878787878788
810,H,1,integrated_gradients,0.9,match_ig_baseline,scientific,-0.016928408294916153,-0.04930606484413147,-0.02017965540289879,-0.051049478352069855,0.0341210700571537,0.001743413507938385,0.030869822949171066,0.03237765654921532,0.0032512471079826355,-0.03237765654921532,-0.0032512471079826355,33,4,0.8787878787878788
810,H,2,gnnexplainer,0.9,match_ig_baseline,scientific,-0.016515642404556274,-0.03403271734714508,-0.018971029669046402,-0.004584239795804024,0.01193140260875225,0.029448477551341057,0.014386789873242378,0.017517074942588806,0.0024553872644901276,0.017517074942588806,0.0024553872644901276,33,4,0.8787878787878788
810,H,2,integrated_gradients,0.9,match_ig_baseline,scientific,-0.016515642404556274,-0.0509747639298439,-0.022597774863243103,-0.004584239795804024,0.01193140260875225,0.04639052413403988,0.01801353506743908,0.03445912152528763,0.006082132458686829,0.03445912152528763,0.006082132458686829,33,4,0.8787878787878788
810,H,3,gnnexplainer,0.9,match_ig_baseline,scientific,-0.07311180979013443,-0.09020692110061646,-0.07457133382558823,-0.08859267830848694,0.015480868518352509,0.0016142427921295166,0.014021344482898712,0.017095111310482025,0.0014595240354537964,-0.013866625726222992,-0.0014595240354537964,33,4,0.8787878787878788
810,H,3,integrated_gradients,0.9,match_ig_baseline,scientific,-0.07311180979013443,-0.0745052695274353,-0.07671632617712021,-0.08859267830848694,0.015480868518352509,0.014087408781051636,0.01187635213136673,0.0013934597373008728,0.003604516386985779,-0.0013934597373008728,-0.003604516386985779,33,4,0.8787878787878788
810,H,4,gnnexplainer,0.9,match_ig_baseline,scientific,-0.06668403744697571,-0.08504810184240341,-0.07083843648433685,-0.03610100969672203,0.030583027750253677,0.04894709214568138,0.03473742678761482,0.018364064395427704,0.004154399037361145,0.018364064395427704,0.004154399037361145,33,4,0.8787878787878788
810,H,4,integrated_gradients,0.9,match_ig_baseline,scientific,-0.06668403744697571,-0.06963569670915604,-0.0737905204296112,-0.03610100969672203,0.030583027750253677,0.033534687012434006,0.037689510732889175,0.0029516592621803284,0.007106482982635498,0.0029516592621803284,0.007106482982635498,33,4,0.8787878787878788
810,H,5,gnnexplainer,0.9,match_ig_baseline,scientific,-0.12751621007919312,-0.12254344671964645,-0.0927077904343605,-0.17983891069889069,0.05232270061969757,0.05729546397924423,0.08713112026453018,0.004972763359546661,0.03480841964483261,0.004972763359546661,0.03480841964483261,33,4,0.8787878787878788
810,H,5,integrated_gradients,0.9,match_ig_baseline,scientific,-0.12751621007919312,-0.1180344969034195,-0.1260838657617569,-0.17983891069889069,0.05232270061969757,0.06180441379547119,0.05375504493713379,0.00948171317577362,0.0014323443174362183,0.00948171317577362,0.0014323443174362183,33,4,0.8787878787878788
810,H,6,gnnexplainer,0.9,match_ig_baseline,scientific,-0.13160119950771332,-0.13756266236305237,-0.13018810749053955,-0.09926728159189224,0.032333917915821075,0.038295380771160126,0.03092082589864731,0.00596146285533905,0.001413092017173767,0.00596146285533905,-0.001413092017173767,33,4,0.8787878787878788
810,H,6,integrated_gradients,0.9,match_ig_baseline,scientific,-0.13160119950771332,-0.1156834214925766,-0.12063601613044739,-0.09926728159189224,0.032333917915821075,0.016416139900684357,0.021368734538555145,0.01591777801513672,0.01096518337726593,-0.01591777801513672,-0.01096518337726593,33,4,0.8787878787878788
810,H,7,integrated_gradients,0.9,match_ig_baseline,scientific,-0.11192387342453003,-0.07117509096860886,-0.11009728163480759,,,,,0.04074878245592117,0.0018265917897224426,,,33,4,0.8787878787878788
810,C,0,gnnexplainer,0.9,match_ig_baseline,scientific,-0.4026767611503601,-0.8187178373336792,-0.6212821006774902,-0.35611748695373535,0.046559274196624756,0.46260035037994385,0.2651646137237549,0.4160410761833191,0.21860533952713013,0.4160410761833191,0.21860533952713013,39,4,0.8974358974358975
810,C,0,integrated_gradients,0.9,match_ig_baseline,scientific,-0.4026767611503601,-1.4813851118087769,-0.3534391522407532,-0.35611748695373535,0.046559274196624756,1.1252676248550415,0.0026783347129821777,1.0787083506584167,0.049237608909606934,1.0787083506584167,-0.04388093948364258,39,4,0.8974358974358975
810,C,1,gnnexplainer,0.9,match_ig_baseline,scientific,-1.161831021308899,-2.036994218826294,-2.1320419311523438,-1.2437807321548462,0.08194971084594727,0.7932134866714478,0.8882611989974976,0.875163197517395,0.9702109098434448,0.7112637758255005,0.8063114881515503,39,4,0.8974358974358975
810,C,1,integrated_gradients,0.9,match_ig_baseline,scientific,-1.161831021308899,-3.0499513149261475,-1.357161283493042,-1.2437807321548462,0.08194971084594727,1.8061705827713013,0.1133805513381958,1.8881202936172485,0.19533026218414307,1.724220871925354,0.031430840492248535,39,4,0.8974358974358975
810,C,2,gnnexplainer,0.9,match_ig_baseline,scientific,-2.8222055435180664,-4.380794048309326,-2.1626839637756348,-3.1748270988464355,0.35262155532836914,1.2059669494628906,1.0121431350708008,1.5585885047912598,0.6595215797424316,0.8533453941345215,0.6595215797424316,39,4,0.8974358974358975
810,C,2,integrated_gradients,0.9,match_ig_baseline,scientific,-2.8222055435180664,-3.408318519592285,-3.408372163772583,-3.1748270988464355,0.35262155532836914,0.2334914207458496,0.23354506492614746,0.5861129760742188,0.5861666202545166,-0.11913013458251953,-0.11907649040222168,39,4,0.8974358974358975
820,H,0,gnnexplainer,0.9,match_ig_baseline,scientific,-0.029714003205299377,-0.05012407898902893,-0.04522166773676872,0.003012357745319605,0.03272636095061898,0.053136436734348536,0.04823402548208833,0.020410075783729553,0.015507664531469345,0.020410075783729553,0.015507664531469345,33,4,0.8787878787878788
820,H,0,integrated_gradients,0.9,match_ig_baseline,scientific,-0.029714003205299377,-0.06000128388404846,-0.0447695218026638,0.003012357745319605,0.03272636095061898,0.06301364162936807,0.04778187954798341,0.030287280678749084,0.015055518597364426,0.030287280678749084,0.015055518597364426,33,4,0.8787878787878788
820,H,1,gnnexplainer,0.9,match_ig_baseline,scientific,-0.04886847734451294,-0.04280707240104675,-0.06793823838233948,-0.0987340658903122,0.049865588545799255,0.05592699348926544,0.030795827507972717,0.0060614049434661865,0.019069761037826538,0.0060614049434661865,-0.019069761037826538,33,4,0.8787878787878788
820,H,1,integrated_gradients,0.9,match_ig_baseline,scientific,-0.04886847734451294,-0.06216413900256157,-0.052575621753931046,-0.0987340658903122,0.049865588545799255,0.036569926887750626,0.04615844413638115,0.01329566165804863,0.003707144409418106,-0.01329566165804863,-0.003707144409418106,33,4,0.8787878787878788
820,H,2,gnnexplainer,0.9,match_ig_baseline,scientific,-0.049396395683288574,-0.051868319511413574,-0.04870631545782089,-0.08754105120897293,0.03814465552568436,0.03567273169755936,0.03883473575115204,0.002471923828125,0.0006900802254676819,-0.002471923828125,0.0006900802254676819,33,4,0.8787878787878788
820,H,2,integrated_gradients,0.9,match_ig_baseline,scientific,-0.049396395683288574,-0.06282849609851837,-0.05120091885328293,-0.08754105120897293,0.03814465552568436,0.02471255511045456,0.03634013235569,0.013432100415229797,0.0018045231699943542,-0.013432100415229797,-0.0018045231699943542,33,4,0.8787878787878788
820,H,3,gnnexplainer,0.9,match_ig_baseline,scientific,-0.31523609161376953,-0.22965306043624878,-0.3235618472099304,-0.27846091985702515,0.036775171756744385,0.04880785942077637,0.04510092735290527,0.08558303117752075,0.008325755596160889,0.012032687664031982,0.008325755596160889,33,4,0.8787878787878788
820,H,3,integrated_gradients,0.9,match_ig_baseline,scientific,-0.31523609161376953,-0.26978346705436707,-0.3050750195980072,-0.27846091985702515,0.036775171756744385,0.008677452802658081,0.026614099740982056,0.045452624559402466,0.010161072015762329,-0.028097718954086304,-0.010161072015762329,33,4,0.8787878787878788
820,H,4,gnnexplainer,0.9,match_ig_baseline,scientific,-0.030459731817245483,-0.017980966717004776,-0.060813747346401215,-0.035943612456321716,0.005483880639076233,0.01796264573931694,0.0248701348900795,0.012478765100240707,0.03035401552915573,0.012478765100240707,0.019386254251003265,33,4,0.8787878787878788
820,H,4,integrated_gradients,0.9,match_ig_baseline,scientific,-0.030459731817245483,-0.06098940223455429,-0.03688047081232071,-0.035943612456321716,0.005483880639076233,0.025045789778232574,0.0009368583559989929,0.030529670417308807,0.006420738995075226,0.01956190913915634,-0.00454702228307724,33,4,0.8787878787878788
820,H,5,gnnexplainer,0.9,match_ig_baseline,scientific,-0.053988318890333176,-0.05654008314013481,-0.06476964801549911,-0.054794806987047195,0.0008064880967140198,0.001745276153087616,0.00997484102845192,0.0025517642498016357,0.01078132912516594,0.0009387880563735962,0.0091683529317379,33,4,0.8787878787878788
820,H,5,integrated_gradients,0.9,match_ig_baseline,scientific,-0.053988318890333176,-0.061128731817007065,-0.05458669364452362,-0.054794806987047195,0.0008064880967140198,0.006333924829959869,0.00020811334252357483,0.007140412926673889,0.000598374754190445,0.00552743673324585,-0.000598374754190445,33,4,0.8787878787878788
820,H,6,gnnexplainer,0.9,match_ig_baseline,scientific,-0.041283395141363144,-0.05889055132865906,-0.0704406350851059,-0.005083596333861351,0.03619979880750179,0.05380695499479771,0.06535703875124454,0.017607156187295914,0.029157239943742752,0.017607156187295914,0.029157239943742752,33,4,0.8787878787878788
820,H,6,integrated_gradients,0.9,match_ig_baseline,scientific,-0.041283395141363144,-0.061959441751241684,-0.047084156423807144,-0.005083596333861351,0.03619979880750179,0.05687584541738033,0.04200056008994579,0.02067604660987854,0.005800761282444,0.02067604660987854,0.005800761282444,33,4,0.8787878787878788
820,H,7,integrated_gradients,0.9,match_ig_baseline,scientific,-0.11192387342453003,-0.07117509096860886,-0.11009728163480759,,,,,0.04074878245592117,0.0018265917897224426,,,33,4,0.8787878787878788
820,C,0,gnnexplainer,0.9,match_ig_baseline,scientific,-0.7508315443992615,-1.3618489503860474,-1.02944815158844,-0.6585195064544678,0.0923120379447937,0.7033294439315796,0.37092864513397217,0.6110174059867859,0.27861660718917847,0.6110174059867859,0.27861660718917847,39,4,0.8974358974358975
820,C,0,integrated_gradients,0.9,match_ig_baseline,scientific,-0.7508315443992615,-1.8048747777938843,-0.7609726786613464,-0.6585195064544678,0.0923120379447937,1.1463552713394165,0.10245317220687866,1.0540432333946228,0.010141134262084961,1.0540432333946228,0.010141134262084961,39,4,0.8974358974358975
820,C,1,gnnexplainer,0.9,match_ig_baseline,scientific,-5.107137203216553,-4.209644317626953,-7.405869007110596,-4.582784175872803,0.52435302734375,0.3731398582458496,2.823084831237793,0.8974928855895996,2.298731803894043,-0.1512131690979004,2.298731803894043,39,4,0.8974358974358975
820,C,1,integrated_gradients,0.9,match_ig_baseline,scientific,-5.107137203216553,-5.364505767822266,-5.569809436798096,-4.582784175872803,0.52435302734375,0.7817215919494629,0.987025260925293,0.2573685646057129,0.46267223358154297,0.2573685646057129,0.46267223358154297,39,4,0.8974358974358975
820,C,2,gnnexplainer,0.9,match_ig_baseline,scientific,-1.0149331092834473,-1.9978541135787964,-1.4681535959243774,-1.1788182258605957,0.16388511657714844,0.8190358877182007,0.28933537006378174,0.9829210042953491,0.4532204866409302,0.6551507711410522,0.1254502534866333,39,4,0.8974358974358975
820,C,2,integrated_gradients,0.9,match_ig_baseline,scientific,-1.0149331092834473,-1.7615052461624146,-1.2750790119171143,-1.1788182258605957,0.16388511657714844,0.5826870203018188,0.09626078605651855,0.7465721368789673,0.260145902633667,0.4188019037246704,-0.06762433052062988,39,4,0.8974358974358975
830,H,0,gnnexplainer,0.9,match_ig_baseline,scientific,-0.05090108886361122,-0.047125790268182755,-0.04621698707342148,-0.042531080543994904,0.008370008319616318,0.004594709724187851,0.0036859065294265747,0.003775298595428467,0.004684101790189743,-0.003775298595428467,-0.004684101790189743,33,4,0.8787878787878788
830,H,0,integrated_gradients,0.9,match_ig_baseline,scientific,-0.05090108886361122,-0.04708661139011383,-0.04675723984837532,-0.042531080543994904,0.008370008319616318,0.004555530846118927,0.004226159304380417,0.0038144774734973907,0.004143849015235901,-0.0038144774734973907,-0.004143849015235901,33,4,0.8787878787878788
830,H,1,gnnexplainer,0.9,match_ig_baseline,scientific,-0.04001126438379288,-0.0338539257645607,-0.04027768224477768,-0.0557594932615757,0.01574822887778282,0.021905567497015,0.01548181101679802,0.006157338619232178,0.00026641786098480225,0.006157338619232178,-0.00026641786098480225,33,4,0.8787878787878788
830,H,1,integrated_gradients,0.9,match_ig_baseline,scientific,-0.04001126438379288,-0.04451797902584076,-0.03525388613343239,-0.0557594932615757,0.01574822887778282,0.01124151423573494,0.02050560712814331,0.004506714642047882,0.004757378250360489,-0.004506714642047882,0.004757378250360489,33,4,0.8787878787878788
830,H,2,gnnexplainer,0.9,match_ig_baseline,scientific,-0.06224847212433815,-0.06460309028625488,-0.05166547745466232,-0.041714537888765335,0.020533934235572815,0.022888552397489548,0.009950939565896988,0.002354618161916733,0.010582994669675827,0.002354618161916733,-0.010582994669675827,33,4,0.8787878787878788
830,H,2,integrated_gradients,0.9,match_ig_baseline,scientific,-0.06224847212433815,-0.0438261553645134,-0.059952206909656525,-0.041714537888765335,0.020533934235572815,0.002111617475748062,0.01823766902089119,0.018422316759824753,0.0022962652146816254,-0.018422316759824753,-0.0022962652146816254,33,4,0.8787878787878788
830,H,3,gnnexplainer,0.9,match_ig_baseline,scientific,-0.06268128752708435,-0.07701887935400009,-0.03414001315832138,-0.09828542917966843,0.035604141652584076,0.021266549825668335,0.06414541602134705,0.014337591826915741,0.02854127436876297,-0.014337591826915741,0.02854127436876297,33,4,0.8787878787878788
830,H,3,integrated_gradients,0.9,match_ig_baseline,scientific,-0.06268128752708435,-0.045692212879657745,-0.05951481685042381,-0.09828542917966843,0.035604141652584076,0.05259321630001068,0.038770612329244614,0.016989074647426605,0.0031664706766605377,0.016989074647426605,0.0031664706766605377,33,4,0.8787878787878788
830,H,4,gnnexplainer,0.9,match_ig_baseline,scientific,-0.06445484608411789,-0.06966317445039749,-0.04629083722829819,-0.01999492011964321,0.04445992596447468,0.04966825433075428,0.026295917108654976,0.005208328366279602,0.018164008855819702,0.005208328366279602,-0.018164008855819702,33,4,0.8787878787878788
830,H,4,integrated_gradients,0.9,match_ig_baseline,scientific,-0.06445484608411789,-0.04700378328561783,-0.0626198798418045,-0.01999492011964321,0.04445992596447468,0.027008863165974617,0.04262495972216129,0.01745106279850006,0.001834966242313385,-0.01745106279850006,-0.001834966242313385,33,4,0.8787878787878788
830,H,5,gnnexplainer,0.9,match_ig_baseline,scientific,-0.05990423634648323,-0.05996444821357727,-0.0637892335653305,-0.05457375571131706,0.005330480635166168,0.005390692502260208,0.009215477854013443,6.021186709403992e-05,0.0038849972188472748,6.021186709403992e-05,0.0038849972188472748,33,4,0.8787878787878788
830,H,5,integrated_gradients,0.9,match_ig_baseline,scientific,-0.05990423634648323,-0.03740327060222626,-0.07725232094526291,-0.05457375571131706,0.005330480635166168,0.017170485109090805,0.022678565233945847,0.022500965744256973,0.01734808459877968,0.011840004473924637,0.01734808459877968,33,4,0.8787878787878788
830,H,6,gnnexplainer,0.9,match_ig_baseline,scientific,-0.05964216589927673,-0.06443054229021072,-0.09921902418136597,-0.1007235050201416,0.04108133912086487,0.03629296272993088,0.0015044808387756348,0.0047883763909339905,0.03957685828208923,-0.0047883763909339905,-0.03957685828208923,33,4,0.8787878787878788
830,H,6,integrated_gradients,0.9,match_ig_baseline,scientific,-0.05964216589927673,-0.04976474866271019,-0.06774682551622391,-0.1007235050201416,0.04108133912086487,0.05095875635743141,0.032976679503917694,0.009877417236566544,0.008104659616947174,0.009877417236566544,-0.008104659616947174,33,4,0.8787878787878788
830,C,0,gnnexplainer,0.9,match_ig_baseline,scientific,-1.7842061519622803,-3.3299663066864014,-2.00400972366333,-1.9674350023269653,0.18322885036468506,1.362531304359436,0.036574721336364746,1.545760154724121,0.2198035717010498,1.179302453994751,-0.1466541290283203,39,4,0.8974358974358975
830,C,0,integrated_gradients,0.9,match_ig_baseline,scientific,-1.7842061519622803,-2.5833077430725098,-1.949081540107727,-1.9674350023269653,0.18322885036468506,0.6158727407455444,0.01835346221923828,0.7991015911102295,0.16487538814544678,0.4326438903808594,-0.16487538814544678,39,4,0.8974358974358975
830,C,1,gnnexplainer,0.9,match_ig_baseline,scientific,-1.786185622215271,-3.5247459411621094,-1.4879087209701538,-2.238614559173584,0.452428936958313,1.2861313819885254,0.7507058382034302,1.7385603189468384,0.2982769012451172,0.8337024450302124,0.2982769012451172,39,4,0.8974358974358975
830,C,1,integrated_gradients,0.9,match_ig_baseline,scientific,-1.786185622215271,-2.4551286697387695,-2.5974199771881104,-2.238614559173584,0.452428936958313,0.21651411056518555,0.35880541801452637,0.6689430475234985,0.8112343549728394,-0.23591482639312744,-0.09362351894378662,39,4,0.8974358974358975
830,C,2,gnnexplainer,0.9,match_ig_baseline,scientific,-3.4910733699798584,-3.731156826019287,-4.036708354949951,-3.8502185344696045,0.3591451644897461,0.11906170845031738,0.18648982048034668,0.2400834560394287,0.5456349849700928,-0.2400834560394287,-0.17265534400939941,39,4,0.8974358974358975
830,C,2,integrated_gradients,0.9,match_ig_baseline,scientific,-3.4910733699798584,-3.5036940574645996,-4.720210552215576,-3.8502185344696045,0.3591451644897461,0.3465244770050049,0.8699920177459717,0.012620687484741211,1.2291371822357178,-0.012620687484741211,0.5108468532562256,39,4,0.8974358974358975
840,H,0,gnnexplainer,0.9,match_ig_baseline,scientific,-0.23221775889396667,-0.2716328203678131,-0.17297795414924622,-0.11911804229021072,0.11309971660375595,0.1525147780776024,0.05385991185903549,0.039415061473846436,0.05923980474472046,0.039415061473846436,-0.05923980474472046,33,4,0.8787878787878788
840,H,0,integrated_gradients,0.9,match_ig_baseline,scientific,-0.23221775889396667,-0.17176759243011475,-0.22319605946540833,-0.11911804229021072,0.11309971660375595,0.05264955013990402,0.1040780171751976,0.06045016646385193,0.00902169942855835,-0.06045016646385193,-0.00902169942855835,33,4,0.8787878787878788
840,H,1,gnnexplainer,0.9,match_ig_baseline,scientific,-0.233944833278656,-0.29590168595314026,-0.19810861349105835,-0.1911974847316742,0.04274734854698181,0.10470420122146606,0.006911128759384155,0.06195685267448425,0.035836219787597656,0.06195685267448425,-0.035836219787597656,33,4,0.8787878787878788
840,H,1,integrated_gradients,0.9,match_ig_baseline,scientific,-0.233944833278656,-0.17786148190498352,-0.23832353949546814,-0.1911974847316742,0.04274734854698181,0.013336002826690674,0.047126054763793945,0.056083351373672485,0.004378706216812134,-0.029411345720291138,0.004378706216812134,33,4,0.8787878787878788
840,H,2,gnnexplainer,0.9,match_ig_baseline,scientific,-0.22122281789779663,-0.2559742033481598,-0.18250161409378052,-0.13553033769130707,0.08569248020648956,0.12044386565685272,0.04697127640247345,0.03475138545036316,0.03872120380401611,0.03475138545036316,-0.03872120380401611,33,4,0.8787878787878788
840,H,2,integrated_gradients,0.9,match_ig_baseline,scientific,-0.22122281789779663,-0.1744506061077118,-0.2307721972465515,-0.13553033769130707,0.08569248020648956,0.038920268416404724,0.09524185955524445,0.04677221179008484,0.009549379348754883,-0.04677221179008484,0.009549379348754883,33,4,0.8787878787878788
840,H,3,gnnexplainer,0.9,match_ig_baseline,scientific,-0.2379944920539856,-0.2546124756336212,-0.23585712909698486,-0.20381151139736176,0.03418298065662384,0.05080096423625946,0.03204561769962311,0.01661798357963562,0.0021373629570007324,0.01661798357963562,-0.0021373629570007324,33,4,0.8787878787878788
840,H,3,integrated_gradients,0.9,match_ig_baseline,scientific,-0.2379944920539856,-0.18257929384708405,-0.24407431483268738,-0.20381151139736176,0.03418298065662384,0.02123221755027771,0.04026280343532562,0.05541519820690155,0.006079822778701782,-0.01295076310634613,0.006079822778701782,33,4,0.8787878787878788
840,H,4,gnnexplainer,0.9,match_ig_baseline,scientific,-0.2333136796951294,-0.26920318603515625,-0.14097341895103455,-0.18588173389434814,0.04743194580078125,0.0833214521408081,0.0449083149433136,0.035889506340026855,0.09234026074409485,0.035889506340026855,-0.0025236308574676514,33,4,0.8787878787878788
840,H,4,integrated_gradients,0.9,match_ig_baseline,scientific,-0.2333136796951294,-0.17187681794166565,-0.2323058843612671,-0.18588173389434814,0.04743194580078125,0.014004915952682495,0.046424150466918945,0.061436861753463745,0.0010077953338623047,-0.033427029848098755,-0.0010077953338623047,33,4,0.8787878787878788
840,H,5,integrated_gradients,0.9,match_ig_baseline,scientific,-0.11192386597394943,-0.07117509841918945,-0.11009728908538818,,,,,0.04074876755475998,0.0018265768885612488,,,33,4,0.8787878787878788
840,C,0,gnnexplainer,0.9,match_ig_baseline,scientific,-7.870670795440674,-7.116060733795166,-6.22679328918457,-7.24313497543335,0.6275358200073242,0.1270742416381836,1.0163416862487793,0.7546100616455078,1.6438775062561035,-0.5004615783691406,0.3888058662414551,39,4,0.8974358974358975
840,C,0,integrated_gradients,0.9,match_ig_baseline,scientific,-7.870670795440674,-5.182706356048584,-8.017090797424316,-7.24313497543335,0.6275358200073242,2.0604286193847656,0.7739558219909668,2.68796443939209,0.14642000198364258,1.4328927993774414,0.14642000198364258,39,4,0.8974358974358975
840,C,1,gnnexplainer,0.9,match_ig_baseline,scientific,-8.116994857788086,-5.599293231964111,-6.4127936363220215,-8.200384140014648,0.0833892822265625,2.601090908050537,1.787590503692627,2.5177016258239746,1.7042012214660645,2.5177016258239746,1.7042012214660645,39,4,0.8974358974358975
840,C,1,integrated_gradients,0.9,match_ig_baseline,scientific,-8.116994857788086,-5.471159934997559,-8.775516510009766,-8.200384140014648,0.0833892822265625,2.72922420501709,0.5751323699951172,2.6458349227905273,0.6585216522216797,2.6458349227905273,0.4917430877685547,39,4,0.8974358974358975
840,C,2,gnnexplainer,0.9,match_ig_baseline,scientific,-7.5919365882873535,-6.1465277671813965,-7.046416759490967,-7.147254943847656,0.44468164443969727,1.0007271766662598,0.10083818435668945,1.445408821105957,0.5455198287963867,0.5560455322265625,-0.3438434600830078,39,4,0.8974358974358975
840,C,2,integrated_gradients,0.9,match_ig_baseline,scientific,-7.5919365882873535,-5.211017608642578,-8.291388511657715,-7.147254943847656,0.44468164443969727,1.9362373352050781,1.1441335678100586,2.3809189796447754,0.6994519233703613,1.4915556907653809,0.6994519233703613,39,4,0.8974358974358975
840,C,3,gnnexplainer,0.9,match_ig_baseline,scientific,-8.119890213012695,-6.03932523727417,-7.870396137237549,-8.205798149108887,0.0859079360961914,2.166472911834717,0.3354020118713379,2.0805649757385254,0.24949407577514648,2.0805649757385254,0.24949407577514648,39,4,0.8974358974358975
840,C,3,integrated_gradients,0.9,match_ig_baseline,scientific,-8.119890213012695,-5.4719719886779785,-8.731425285339355,-8.205798149108887,0.0859079360961914,2.733826160430908,0.5256271362304688,2.647918224334717,0.6115350723266602,2.647918224334717,0.43971920013427734,39,4,0.8974358974358975
840,C,4,gnnexplainer,0.9,match_ig_baseline,scientific,-7.902196407318115,-6.0457539558410645,-6.830226898193359,-7.484918117523193,0.4172782897949219,1.439164161682129,0.654691219329834,1.8564424514770508,1.0719695091247559,1.021885871887207,0.2374129295349121,39,4,0.8974358974358975
840,C,4,integrated_gradients,0.9,match_ig_baseline,scientific,-7.902196407318115,-5.112265586853027,-8.662919998168945,-7.484918117523193,0.4172782897949219,2.372652530670166,1.178001880645752,2.789930820465088,0.7607235908508301,1.9553742408752441,0.7607235908508301,39,4,0.8974358974358975
840,C,5,gnnexplainer,0.9,match_ig_baseline,scientific,-7.574882507324219,-5.079569339752197,-6.601505279541016,-9.38199234008789,1.8071098327636719,4.302423000335693,2.780487060546875,2.4953131675720215,0.9733772277832031,2.4953131675720215,0.9733772277832031,39,4,0.8974358974358975
840,C,5,integrated_gradients,0.9,match_ig_baseline,scientific,-7.574882507324219,-4.513432502746582,-7.717879295349121,-9.38199234008789,1.8071098327636719,4.868559837341309,1.6641130447387695,3.0614500045776367,0.14299678802490234,3.0614500045776367,-0.14299678802490234,39,4,0.8974358974358975
850,H,0,gnnexplainer,0.9,match_ig_baseline,scientific,-0.09305834770202637,-0.09056106209754944,-0.10205027461051941,-0.0937066376209259,0.0006482899188995361,0.003145575523376465,0.008343636989593506,0.0024972856044769287,0.008991926908493042,0.0024972856044769287,0.00769534707069397,33,4,0.8787878787878788
850,H,0,integrated_gradients,0.9,match_ig_baseline,scientific,-0.09305834770202637,-0.08925113826990128,-0.09069660305976868,-0.0937066376209259,0.0006482899188995361,0.004455499351024628,0.0030100345611572266,0.0038072094321250916,0.0023617446422576904,0.0038072094321250916,0.0023617446422576904,33,4,0.8787878787878788
850,H,1,gnnexplainer,0.9,match_ig_baseline,scientific,-0.11718978732824326,-0.1360168755054474,-0.08028598874807358,-0.12615437805652618,0.008964590728282928,0.009862497448921204,0.045868389308452606,0.018827088177204132,0.03690379858016968,0.0008979067206382751,0.03690379858016968,33,4,0.8787878787878788
850,H,1,integrated_gradients,0.9,match_ig_baseline,scientific,-0.11718978732824326,-0.08697076141834259,-0.11586502194404602,-0.12615437805652618,0.008964590728282928,0.039183616638183594,0.010289356112480164,0.030219025909900665,0.001324765384197235,0.030219025909900665,0.001324765384197235,33,4,0.8787878787878788
850,H,2,gnnexplainer,0.9,match_ig_baseline,scientific,-0.09304233640432358,-0.07343005388975143,-0.09167428314685822,-0.0937066376209259,0.0006643012166023254,0.02027658373117447,0.002032354474067688,0.019612282514572144,0.0013680532574653625,0.019612282514572144,0.0013680532574653625,33,4,0.8787878787878788
850,H,2,integrated_gradients,0.9,match_ig_baseline,scientific,-0.09304233640432358,-0.08924224972724915,-0.09066769480705261,-0.0937066376209259,0.0006643012166023254,0.004464387893676758,0.003038942813873291,0.0038000866770744324,0.0023746415972709656,0.0038000866770744324,0.0023746415972709656,33,4,0.8787878787878788
850,H,3,gnnexplainer,0.9,match_ig_baseline,scientific,-0.11714059859514236,-0.11755388975143433,-0.10573972761631012,-0.1271982640028,0.010057665407657623,0.009644374251365662,0.021458536386489868,0.00041329115629196167,0.011400870978832245,-0.00041329115629196167,0.011400870978832245,33,4,0.8787878787878788
850,H,3,integrated_gradients,0.9,match_ig_baseline,scientific,-0.11714059859514236,-0.08692894130945206,-0.1158481314778328,-0.1271982640028,0.010057665407657623,0.04026932269334793,0.011350132524967194,0.030211657285690308,0.0012924671173095703,0.030211657285690308,0.0012924671173095703,33,4,0.8787878787878788
850,H,4,gnnexplainer,0.9,match_ig_baseline,scientific,-0.07356497645378113,-0.07501164078712463,-0.07642210274934769,-0.03950480371713638,0.034060172736644745,0.03550683706998825,0.036917299032211304,0.0014466643333435059,0.002857126295566559,0.0014466643333435059,0.002857126295566559,33,4,0.8787878787878788
850,H,4,integrated_gradients,0.9,match_ig_baseline,scientific,-0.07356497645378113,-0.06200115755200386,-0.08537819981575012,-0.03950480371713638,0.034060172736644745,0.022496353834867477,0.04587339609861374,0.011563818901777267,0.011813223361968994,-0.011563818901777267,0.011813223361968994,33,4,0.8787878787878788
850,H,5,gnnexplainer,0.9,match_ig_baseline,scientific,-0.07058652490377426,-0.06534502655267715,-0.06086967512965202,-0.08933819830417633,0.01875167340040207,0.023993171751499176,0.028468523174524307,0.005241498351097107,0.009716849774122238,0.005241498351097107,0.009716849774122238,33,4,0.8787878787878788
850,H,5,integrated_gradients,0.9,match_ig_baseline,scientific,-0.07058652490377426,-0.06532944738864899,-0.07058483362197876,-0.08933819830417633,0.01875167340040207,0.024008750915527344,0.01875336468219757,0.005257077515125275,1.691281795501709e-06,0.005257077515125275,1.691281795501709e-06,33,4,0.8787878787878788
850,H,6,gnnexplainer,0.9,match_ig_baseline,scientific,-0.07058120518922806,-0.0718473568558693,-0.07361853867769241,-0.09088212251663208,0.020300917327404022,0.019034765660762787,0.017263583838939667,0.0012661516666412354,0.0030373334884643555,-0.0012661516666412354,-0.0030373334884643555,33,4,0.8787878787878788
850,H,6,integrated_gradients,0.9,match_ig_baseline,scientific,-0.07058120518922806,-0.06532751023769379,-0.07058949023485184,-0.09088212251663208,0.020300917327404022,0.025554612278938293,0.020292632281780243,0.005253694951534271,8.285045623779297e-06,0.005253694951534271,-8.285045623779297e-06,33,4,0.8787878787878788
850,H,7,gnnexplainer,0.9,match_ig_baseline,scientific,-0.07355833798646927,-0.08310812711715698,-0.05729416385293007,-0.04050480201840401,0.03305353596806526,0.042603325098752975,0.016789361834526062,0.009549789130687714,0.0162641741335392,0.009549789130687714,-0.0162641741335392,33,4,0.8787878787878788
850,H,7,integrated_gradients,0.9,match_ig_baseline,scientific,-0.07355833798646927,-0.06199807673692703,-0.08537288010120392,-0.04050480201840401,0.03305353596806526,0.021493274718523026,0.04486807808279991,0.011560261249542236,0.01181454211473465,-0.011560261249542236,0.01181454211473465,33,4,0.8787878787878788
850,C,0,gnnexplainer,0.9,match_ig_baseline,scientific,-2.4203362464904785,-3.4839060306549072,-2.7053794860839844,-2.4804482460021973,0.06011199951171875,1.00345778465271,0.2249312400817871,1.0635697841644287,0.28504323959350586,0.9433457851409912,0.16481924057006836,39,4,0.8974358974358975
850,C,0,integrated_gradients,0.9,match_ig_baseline,scientific,-2.4203362464904785,-3.0260891914367676,-2.5155458450317383,-2.4804482460021973,0.06011199951171875,0.5456409454345703,0.035097599029541016,0.6057529449462891,0.09520959854125977,0.48552894592285156,-0.025014400482177734,39,4,0.8974358974358975
850,C,1,gnnexplainer,0.9,match_ig_baseline,scientific,-1.7363786697387695,-3.5035369396209717,-1.380325436592102,-2.0469255447387695,0.310546875,1.4566113948822021,0.6666001081466675,1.7671582698822021,0.3560532331466675,1.1460645198822021,0.3560532331466675,39,4,0.8974358974358975
850,C,1,integrated_gradients,0.9,match_ig_baseline,scientific,-1.7363786697387695,-2.4473752975463867,-2.592069625854492,-2.0469255447387695,0.310546875,0.4004497528076172,0.5451440811157227,0.7109966278076172,0.8556909561157227,0.08990287780761719,0.23459720611572266,39,4,0.8974358974358975
850,C,2,gnnexplainer,0.9,match_ig_baseline,scientific,-1.735222578048706,-2.9299967288970947,-2.047591209411621,-2.044881820678711,0.3096592426300049,0.8851149082183838,0.0027093887329101562,1.1947741508483887,0.31236863136291504,0.5754556655883789,-0.3069498538970947,39,4,0.8974358974358975
850,C,2,integrated_gradients,0.9,match_ig_baseline,scientific,-1.735222578048706,-2.4479246139526367,-2.592174768447876,-2.044881820678711,0.3096592426300049,0.4030427932739258,0.547292947769165,0.7127020359039307,0.8569521903991699,0.0933835506439209,0.23763370513916016,39,4,0.8974358974358975
850,C,3,gnnexplainer,0.9,match_ig_baseline,scientific,-2.4205479621887207,-3.620377540588379,-2.124901056289673,-2.5094480514526367,0.08890008926391602,1.1109294891357422,0.38454699516296387,1.1998295783996582,0.29564690589904785,1.0220293998718262,0.29564690589904785,39,4,0.8974358974358975
850,C,3,integrated_gradients,0.9,match_ig_baseline,scientific,-2.4205479621887207,-3.0258607864379883,-2.516087055206299,-2.5094480514526367,0.08890008926391602,0.5164127349853516,0.006639003753662109,0.6053128242492676,0.09553909301757812,0.42751264572143555,-0.0822610855102539,39,4,0.8974358974358975
860,H,0,gnnexplainer,0.9,match_ig_baseline,scientific,-0.05994417518377304,-0.040971532464027405,-0.02408578246831894,-0.029250698164105415,0.030693477019667625,0.01172083429992199,0.005164915695786476,0.018972642719745636,0.0358583927154541,-0.018972642719745636,-0.02552856132388115,33,4,0.8787878787878788
860,H,0,integrated_gradients,0.9,match_ig_baseline,scientific,-0.05994417518377304,-0.041169751435518265,-0.055147044360637665,-0.029250698164105415,0.030693477019667625,0.01191905327141285,0.02589634619653225,0.018774423748254776,0.004797130823135376,-0.018774423748254776,-0.004797130823135376,33,4,0.8787878787878788
860,H,1,gnnexplainer,0.9,match_ig_baseline,scientific,-0.0608404204249382,-0.04505861550569534,-0.057538338005542755,-0.11045248061418533,0.04961206018924713,0.06539386510848999,0.05291414260864258,0.01578180491924286,0.0033020824193954468,0.01578180491924286,0.0033020824193954468,33,4,0.8787878787878788
860,H,1,integrated_gradients,0.9,match_ig_baseline,scientific,-0.0608404204249382,-0.029825352132320404,-0.0510450080037117,-0.11045248061418533,0.04961206018924713,0.08062712848186493,0.05940747261047363,0.031015068292617798,0.009795412421226501,0.031015068292617798,0.009795412421226501,33,4,0.8787878787878788
860,H,2,gnnexplainer,0.9,match_ig_baseline,scientific,-0.13180316984653473,-0.12307750433683395,-0.07975706458091736,-0.16006632149219513,0.0282631516456604,0.036988817155361176,0.08030925691127777,0.008725665509700775,0.05204610526561737,0.008725665509700775,0.05204610526561737,33,4,0.8787878787878788
860,H,2,integrated_gradients,0.9,match_ig_baseline,scientific,-0.13180316984653473,-0.08389858901500702,-0.12913183867931366,-0.16006632149219513,0.0282631516456604,0.07616773247718811,0.03093448281288147,0.04790458083152771,0.0026713311672210693,0.04790458083152771,0.0026713311672210693,33,4,0.8787878787878788
860,H,3,gnnexplainer,0.9,match_ig_baseline,scientific,-0.1155354380607605,-0.11448367685079575,-0.08367831259965897,-0.09367170184850693,0.02186373621225357,0.02081197500228882,0.009993389248847961,0.0010517612099647522,0.03185712546110153,-0.0010517612099647522,-0.011870346963405609,33,4,0.8787878787878788
860,H,3,integrated_gradients,0.9,match_ig_baseline,scientific,-0.1155354380607605,-0.08293908089399338,-0.11691444367170334,-0.09367170184850693,0.02186373621225357,0.01073262095451355,0.02324274182319641,0.03259635716676712,0.0013790056109428406,-0.01113111525774002,0.0013790056109428406,33,4,0.8787878787878788
860,H,4,gnnexplainer,0.9,match_ig_baseline,scientific,-0.11464446783065796,-0.08996090292930603,-0.07707340270280838,-0.1239691823720932,0.009324714541435242,0.03400827944278717,0.04689577966928482,0.02468356490135193,0.03757106512784958,0.02468356490135193,0.03757106512784958,33,4,0.8787878787878788
860,H,4,integrated_gradients,0.9,match_ig_baseline,scientific,-0.11464446783065796,-0.06513780355453491,-0.10248081386089325,-0.1239691823720932,0.009324714541435242,0.05883137881755829,0.02148836851119995,0.04950666427612305,0.01216365396976471,0.04950666427612305,0.01216365396976471,33,4,0.8787878787878788
860,H,5,gnnexplainer,0.9,match_ig_baseline,scientific,-0.10237365961074829,-0.08177396655082703,-0.09162814170122147,-0.12439107894897461,0.02201741933822632,0.04261711239814758,0.03276293724775314,0.020599693059921265,0.010745517909526825,0.020599693059921265,0.010745517909526825,33,4,0.8787878787878788
860,H,5,integrated_gradients,0.9,match_ig_baseline,scientific,-0.10237365961074829,-0.0727996900677681,-0.09802817553281784,-0.12439107894897461,0.02201741933822632,0.05159138888120651,0.02636290341615677,0.029573969542980194,0.0043454840779304504,0.029573969542980194,0.0043454840779304504,33,4,0.8787878787878788
860,H,6,gnnexplainer,0.9,match_ig_baseline,scientific,-0.020093884319067,-0.013504788279533386,-0.03625062480568886,-0.02909271791577339,0.00899883359670639,0.015587929636240005,0.007157906889915466,0.006589096039533615,0.016156740486621857,0.006589096039533615,-0.001840926706790924,33,4,0.8787878787878788
860,H,6,integrated_gradients,0.9,match_ig_baseline,scientific,-0.020093884319067,-0.03384030610322952,-0.02834002673625946,-0.02909271791577339,0.00899883359670639,0.004747588187456131,0.0007526911795139313,0.013746421784162521,0.008246142417192459,-0.004251245409250259,-0.008246142417192459,33,4,0.8787878787878788
860,H,7,gnnexplainer,0.9,match_ig_baseline,scientific,-0.016619041562080383,-0.027806006371974945,-0.03373787924647331,-0.01250502374023199,0.0041140178218483925,0.015300982631742954,0.02123285550624132,0.011186964809894562,0.01711883768439293,0.011186964809894562,0.01711883768439293,33,4,0.8787878787878788
860,H,7,integrated_gradients,0.9,match_ig_baseline,scientific,-0.016619041562080383,-0.03367249295115471,-0.025523461401462555,-0.01250502374023199,0.0041140178218483925,0.021167469210922718,0.013018437661230564,0.017053451389074326,0.008904419839382172,0.017053451389074326,0.008904419839382172,33,4,0.8787878787878788
860,H,8,gnnexplainer,0.9,match_ig_baseline,scientific,-0.05660799518227577,-0.06374229490756989,-0.052040986716747284,-0.10453114658594131,0.04792315140366554,0.04078885167837143,0.05249015986919403,0.007134299725294113,0.004567008465528488,-0.007134299725294113,0.004567008465528488,33,4,0.8787878787878788
860,H,8,integrated_gradients,0.9,match_ig_baseline,scientific,-0.05660799518227577,-0.04390157386660576,-0.059787116944789886,-0.10453114658594131,0.04792315140366554,0.060629572719335556,0.04474402964115143,0.012706421315670013,0.0031791217625141144,0.012706421315670013,-0.0031791217625141144,33,4,0.8787878787878788
860,C,0,gnnexplainer,0.9,match_ig_baseline,scientific,-4.584624767303467,-3.5469141006469727,-4.887665748596191,-5.240227222442627,0.6556024551391602,1.6933131217956543,0.35256147384643555,1.0377106666564941,0.3030409812927246,1.0377106666564941,-0.3030409812927246,39,4,0.8974358974358975
860,C,0,integrated_gradients,0.9,match_ig_baseline,scientific,-4.584624767303467,-4.093258857727051,-4.943812847137451,-5.240227222442627,0.6556024551391602,1.1469683647155762,0.2964143753051758,0.491365909576416,0.3591880798339844,0.491365909576416,-0.3591880798339844,39,4,0.8974358974358975
860,C,1,gnnexplainer,0.9,match_ig_baseline,scientific,-2.8677186965942383,-3.8237016201019287,-2.875807762145996,-2.7840986251831055,0.08362007141113281,1.0396029949188232,0.09170913696289062,0.9559829235076904,0.008089065551757812,0.9559829235076904,0.008089065551757812,39,4,0.8974358974358975
860,C,1,integrated_gradients,0.9,match_ig_baseline,scientific,-2.8677186965942383,-3.2884421348571777,-2.8642756938934326,-2.7840986251831055,0.08362007141113281,0.5043435096740723,0.08017706871032715,0.42072343826293945,0.003443002700805664,0.42072343826293945,-0.003443002700805664,39,4,0.8974358974358975
860,C,2,gnnexplainer,0.9,match_ig_baseline,scientific,-3.1105546951293945,-5.561095714569092,-2.725346565246582,-3.243563175201416,0.13300848007202148,2.317532539367676,0.518216609954834,2.4505410194396973,0.3852081298828125,2.1845240592956543,0.3852081298828125,39,4,0.8974358974358975
860,C,2,integrated_gradients,0.9,match_ig_baseline,scientific,-3.1105546951293945,-3.438281536102295,-3.886965274810791,-3.243563175201416,0.13300848007202148,0.1947183609008789,0.643402099609375,0.3277268409729004,0.7764105796813965,0.06170988082885742,0.5103936195373535,39,4,0.8974358974358975
860,C,3,gnnexplainer,0.9,match_ig_baseline,scientific,-1.7109287977218628,-3.159597635269165,-1.9478479623794556,-1.6472264528274536,0.06370234489440918,1.5123711824417114,0.30062150955200195,1.4486688375473022,0.23691916465759277,1.4486688375473022,0.23691916465759277,39,4,0.8974358974358975
860,C,3,integrated_gradients,0.9,match_ig_baseline,scientific,-1.7109287977218628,-3.1228344440460205,-1.5059438943862915,-1.6472264528274536,0.06370234489440918,1.475607991218567,0.1412825584411621,1.4119056463241577,0.2049849033355713,1.4119056463241577,0.07758021354675293,39,4,0.8974358974358975
870,H,0,gnnexplainer,0.9,match_ig_baseline,scientific,-0.18764856457710266,-0.1888904869556427,-0.1371661126613617,-0.26033154129981995,0.07268297672271729,0.07144105434417725,0.12316542863845825,0.001241922378540039,0.05048245191574097,-0.001241922378540039,0.05048245191574097,33,4,0.8787878787878788
870,H,0,integrated_gradients,0.9,match_ig_baseline,scientific,-0.18764856457710266,-0.12464985251426697,-0.18842491507530212,-0.26033154129981995,0.07268297672271729,0.13568168878555298,0.07190662622451782,0.0629987120628357,0.0007763504981994629,0.0629987120628357,-0.0007763504981994629,33,4,0.8787878787878788
870,C,0,gnnexplainer,0.9,match_ig_baseline,scientific,-12.882357597351074,-11.592869758605957,-10.208524703979492,-14.859903335571289,1.9775457382202148,3.267033576965332,4.651378631591797,1.2894878387451172,2.673832893371582,1.2894878387451172,2.673832893371582,39,4,0.8974358974358975
870,C,0,integrated_gradients,0.9,match_ig_baseline,scientific,-12.882357597351074,-10.87547779083252,-11.091524124145508,-14.859903335571289,1.9775457382202148,3.9844255447387695,3.7683792114257812,2.0068798065185547,1.7908334732055664,2.0068798065185547,1.7908334732055664,39,4,0.8974358974358975
880,H,0,gnnexplainer,0.9,match_ig_baseline,scientific,-0.21155187487602234,-0.17721976339817047,-0.22650015354156494,-0.23855718970298767,0.027005314826965332,0.0613374263048172,0.01205703616142273,0.03433211147785187,0.014948278665542603,0.03433211147785187,-0.014948278665542603,33,4,0.8787878787878788
880,H,0,integrated_gradients,0.9,match_ig_baseline,scientific,-0.21155187487602234,-0.1709432303905487,-0.2051246464252472,-0.23855718970298767,0.027005314826965332,0.06761395931243896,0.03343254327774048,0.04060864448547363,0.0064272284507751465,0.04060864448547363,0.0064272284507751465,33,4,0.8787878787878788
880,H,1,gnnexplainer,0.9,match_ig_baseline,scientific,-0.21241360902786255,-0.18050727248191833,-0.18684524297714233,-0.26826804876327515,0.0558544397354126,0.08776077628135681,0.08142280578613281,0.031906336545944214,0.025568366050720215,0.031906336545944214,0.025568366050720215,33,4,0.8787878787878788
880,H,1,integrated_gradients,0.9,match_ig_baseline,scientific,-0.21241360902786255,-0.1657547950744629,-0.207963228225708,-0.26826804876327515,0.0558544397354126,0.10251325368881226,0.06030482053756714,0.04665881395339966,0.004450380802154541,0.04665881395339966,0.004450380802154541,33,4,0.8787878787878788
880,H,2,gnnexplainer,0.9,match_ig_baseline,scientific,-0.21155494451522827,-0.19164559245109558,-0.19467788934707642,-0.23855718970298767,0.0270022451877594,0.04691159725189209,0.043879300355911255,0.01990935206413269,0.016877055168151855,0.01990935206413269,0.016877055168151855,33,4,0.8787878787878788
880,H,2,integrated_gradients,0.9,match_ig_baseline,scientific,-0.21155494451522827,-0.1709464192390442,-0.20513084530830383,-0.23855718970298767,0.0270022451877594,0.06761077046394348,0.03342634439468384,0.04060852527618408,0.0064240992069244385,0.04060852527618408,0.0064240992069244385,33,4,0.8787878787878788
880,H,3,gnnexplainer,0.9,match_ig_baseline,scientific,-0.21241816878318787,-0.20363637804985046,-0.18232694268226624,-0.26826804876327515,0.05584987998008728,0.06463167071342468,0.08594110608100891,0.008781790733337402,0.03009122610092163,0.008781790733337402,0.03009122610092163,33,4,0.8787878787878788
880,H,3,integrated_gradients,0.9,match_ig_baseline,scientific,-0.21241816878318787,-0.16575893759727478,-0.20796838402748108,-0.26826804876327515,0.05584987998008728,0.10250911116600037,0.06029966473579407,0.046659231185913086,0.004449784755706787,0.046659231185913086,0.004449784755706787,33,4,0.8787878787878788
880,C,0,gnnexplainer,0.9,match_ig_baseline,scientific,-4.905505657196045,-3.284898281097412,-7.463002681732178,-5.532802104949951,0.6272964477539062,2.247903823852539,1.9302005767822266,1.6206073760986328,2.557497024536133,1.6206073760986328,1.3029041290283203,39,4,0.8974358974358975
880,C,0,integrated_gradients,0.9,match_ig_baseline,scientific,-4.905505657196045,-3.751969337463379,-5.363880634307861,-5.532802104949951,0.6272964477539062,1.7808327674865723,0.16892147064208984,1.153536319732666,0.4583749771118164,1.153536319732666,-0.4583749771118164,39,4,0.8974358974358975
880,C,1,gnnexplainer,0.9,match_ig_baseline,scientific,-4.905829906463623,-2.432485818862915,-5.99146842956543,-5.532802104949951,0.6269721984863281,3.100316286087036,0.4586663246154785,2.473344087600708,1.0856385231018066,2.473344087600708,-0.1683058738708496,39,4,0.8974358974358975
880,C,1,integrated_gradients,0.9,match_ig_baseline,scientific,-4.905829906463623,-3.751943349838257,-5.36392068862915,-5.532802104949951,0.6269721984863281,1.7808587551116943,0.16888141632080078,1.1538865566253662,0.45809078216552734,1.1538865566253662,-0.45809078216552734,39,4,0.8974358974358975
890,H,0,gnnexplainer,0.9,match_ig_baseline,scientific,-0.35190799832344055,-0.3551047444343567,-0.251777708530426,-0.4185471832752228,0.06663918495178223,0.06344243884086609,0.16676947474479675,0.0031967461109161377,0.10013028979301453,-0.0031967461109161377,0.10013028979301453,33,4,0.8787878787878788
890,H,0,integrated_gradients,0.9,match_ig_baseline,scientific,-0.35190799832344055,-0.28176555037498474,-0.3309318423271179,-0.4185471832752228,0.06663918495178223,0.13678163290023804,0.08761534094810486,0.07014244794845581,0.020976155996322632,0.07014244794845581,0.020976155996322632,33,4,0.8787878787878788
890,H,1,gnnexplainer,0.9,match_ig_baseline,scientific,-0.02108565717935562,-0.05863579362630844,-0.043089039623737335,0.00025937226018868387,0.021345029439544305,0.058895165886497125,0.04334841188392602,0.03755013644695282,0.022003382444381714,0.03755013644695282,0.022003382444381714,33,4,0.8787878787878788
890,H,1,integrated_gradients,0.9,match_ig_baseline,scientific,-0.02108565717935562,-0.052253998816013336,-0.025408420711755753,0.00025937226018868387,0.021345029439544305,0.05251337107620202,0.025667792971944436,0.031168341636657715,0.004322763532400131,0.031168341636657715,0.004322763532400131,33,4,0.8787878787878788
890,H,2,gnnexplainer,0.9,match_ig_baseline,scientific,-0.021085664629936218,-0.02517465502023697,-0.04622794687747955,0.0012593722203746438,0.022345036850310862,0.026434027240611613,0.0474873190978542,0.004088990390300751,0.025142282247543335,0.004088990390300751,0.025142282247543335,33,4,0.8787878787878788
890,H,2,integrated_gradients,0.9,match_ig_baseline,scientific,-0.021085664629936218,-0.05225400626659393,-0.025408439338207245,0.0012593722203746438,0.022345036850310862,0.05351337848696858,0.02666781155858189,0.031168341636657715,0.004322774708271027,0.031168341636657715,0.004322774708271027,33,4,0.8787878787878788
890,H,3,gnnexplainer,0.9,match_ig_baseline,scientific,-0.038662128150463104,-0.05848243832588196,-0.04075699672102928,-0.07812710106372833,0.03946497291326523,0.019644662737846375,0.03737010434269905,0.019820310175418854,0.0020948685705661774,-0.019820310175418854,-0.0020948685705661774,33,4,0.8787878787878788
890,H,3,integrated_gradients,0.9,match_ig_baseline,scientific,-0.038662128150463104,-0.05487213656306267,-0.04090391471982002,-0.07812710106372833,0.03946497291326523,0.023254964500665665,0.03722318634390831,0.016210008412599564,0.0022417865693569183,-0.016210008412599564,-0.0022417865693569183,33,4,0.8787878787878788
890,C,0,gnnexplainer,0.9,match_ig_baseline,scientific,-11.069295883178711,-9.350496292114258,-8.326210975646973,-12.233343124389648,1.1640472412109375,2.8828468322753906,3.907132148742676,1.7187995910644531,2.7430849075317383,1.7187995910644531,2.7430849075317383,39,4,0.8974358974358975
890,C,0,integrated_gradients,0.9,match_ig_baseline,scientific,-11.069295883178711,-8.657772064208984,-9.690141677856445,-12.233343124389648,1.1640472412109375,3.575571060180664,2.543201446533203,2.4115238189697266,1.3791542053222656,2.4115238189697266,1.3791542053222656,39,4,0.8974358974358975
890,C,1,gnnexplainer,0.9,match_ig_baseline,scientific,-0.8538639545440674,-1.5702850818634033,-0.7933309674263,-0.9634795188903809,0.10961556434631348,0.6068055629730225,0.1701485514640808,0.7164211273193359,0.060532987117767334,0.497189998626709,0.060532987117767334,39,4,0.8974358974358975
890,C,1,integrated_gradients,0.9,match_ig_baseline,scientific,-0.8538639545440674,-1.3513938188552856,-1.061795711517334,-0.9634795188903809,0.10961556434631348,0.3879142999649048,0.09831619262695312,0.49752986431121826,0.2079317569732666,0.2782987356185913,-0.011299371719360352,39,4,0.8974358974358975
900,H,0,gnnexplainer,0.9,match_ig_baseline,scientific,-0.23734065890312195,-0.23949331045150757,-0.20937654376029968,-0.23693415522575378,0.00040650367736816406,0.002559155225753784,0.0275576114654541,0.00215265154838562,0.027964115142822266,0.00215265154838562,0.027151107788085938,33,4,0.8787878787878788
900,H,0,integrated_gradients,0.9,match_ig_baseline,scientific,-0.23734065890312195,-0.19435808062553406,-0.22980144619941711,-0.23693415522575378,0.00040650367736816406,0.04257607460021973,0.00713270902633667,0.04298257827758789,0.007539212703704834,0.04216957092285156,0.006726205348968506,33,4,0.8787878787878788
900,H,1,gnnexplainer,0.9,match_ig_baseline,scientific,-0.23688927292823792,-0.2108350396156311,-0.2490483522415161,-0.2758202850818634,0.03893101215362549,0.0649852454662323,0.02677193284034729,0.02605423331260681,0.012159079313278198,0.02605423331260681,-0.012159079313278198,33,4,0.8787878787878788
900,H,1,integrated_gradients,0.9,match_ig_baseline,scientific,-0.23688927292823792,-0.19594478607177734,-0.22870990633964539,-0.2758202850818634,0.03893101215362549,0.07987549901008606,0.04711037874221802,0.04094448685646057,0.00817936658859253,0.04094448685646057,0.00817936658859253,33,4,0.8787878787878788
900,H,2,gnnexplainer,0.9,match_ig_baseline,scientific,-0.37867453694343567,-0.28885892033576965,-0.3512638807296753,-0.40071579813957214,0.022041261196136475,0.11185687780380249,0.04945191740989685,0.08981561660766602,0.027410656213760376,0.08981561660766602,0.027410656213760376,33,4,0.8787878787878788
900,H,2,integrated_gradients,0.9,match_ig_baseline,scientific,-0.37867453694343567,-0.2829797565937042,-0.39836665987968445,-0.40071579813957214,0.022041261196136475,0.11773604154586792,0.0023491382598876953,0.09569478034973145,0.01969212293624878,0.09569478034973145,-0.01969212293624878,33,4,0.8787878787878788
900,H,3,gnnexplainer,0.9,match_ig_baseline,scientific,-0.4016248881816864,-0.36296385526657104,-0.4335288405418396,-0.41469818353652954,0.01307329535484314,0.051734328269958496,0.01883065700531006,0.038661032915115356,0.0319039523601532,0.038661032915115356,0.005757361650466919,33,4,0.8787878787878788
900,H,3,integrated_gradients,0.9,match_ig_baseline,scientific,-0.4016248881816864,-0.2927704155445099,-0.393407940864563,-0.41469818353652954,0.01307329535484314,0.12192776799201965,0.021290242671966553,0.10885447263717651,0.008216947317123413,0.10885447263717651,0.008216947317123413,33,4,0.8787878787878788
900,H,4,gnnexplainer,0.9,match_ig_baseline,scientific,-0.38052332401275635,-0.33822181820869446,-0.42433393001556396,-0.46154922246932983,0.08102589845657349,0.12332740426063538,0.03721529245376587,0.04230150580406189,0.04381060600280762,0.04230150580406189,-0.04381060600280762,33,4,0.8787878787878788
900,H,4,integrated_gradients,0.9,match_ig_baseline,scientific,-0.38052332401275635,-0.2815352976322174,-0.398931622505188,-0.46154922246932983,0.08102589845657349,0.18001392483711243,0.06261759996414185,0.09898802638053894,0.01840829849243164,0.09898802638053894,-0.01840829849243164,33,4,0.8787878787878788
900,C,0,gnnexplainer,0.9,match_ig_baseline,scientific,-12.715232849121094,-10.528449058532715,-8.388043403625488,-13.110637664794922,0.3954048156738281,2.582188606262207,4.722594261169434,2.186783790588379,4.3271894454956055,2.186783790588379,4.3271894454956055,39,4,0.8974358974358975
900,C,0,integrated_gradients,0.9,match_ig_baseline,scientific,-12.715232849121094,-7.438369274139404,-10.585068702697754,-13.110637664794922,0.3954048156738281,5.672268390655518,2.525568962097168,5.2768635749816895,2.13016414642334,5.2768635749816895,2.13016414642334,39,4,0.8974358974358975
900,C,1,gnnexplainer,0.9,match_ig_baseline,scientific,-12.514914512634277,-9.151294708251953,-9.48813533782959,-12.389410972595215,0.1255035400390625,3.2381162643432617,2.901275634765625,3.363619804382324,3.0267791748046875,3.112612724304199,2.7757720947265625,39,4,0.8974358974358975
900,C,1,integrated_gradients,0.9,match_ig_baseline,scientific,-12.514914512634277,-6.485623836517334,-11.541122436523438,-12.389410972595215,0.1255035400390625,5.903787136077881,0.8482885360717773,6.029290676116943,0.9737920761108398,5.778283596038818,0.7227849960327148,39,4,0.8974358974358975
900,C,2,gnnexplainer,0.9,match_ig_baseline,scientific,-6.116671085357666,-3.5067875385284424,-7.94204568862915,-6.054717063903809,0.06195402145385742,2.547929525375366,1.8873286247253418,2.6098835468292236,1.8253746032714844,2.485975503921509,1.8253746032714844,39,4,0.8974358974358975
900,C,2,integrated_gradients,0.9,match_ig_baseline,scientific,-6.116671085357666,-4.858672618865967,-6.972894668579102,-6.054717063903809,0.06195402145385742,1.1960444450378418,0.918177604675293,1.2579984664916992,0.8562235832214355,1.1340904235839844,0.8562235832214355,39,4,0.8974358974358975
910,H,0,gnnexplainer,0.9,match_ig_baseline,scientific,-0.16885484755039215,-0.18198123574256897,-0.20156055688858032,-0.16111931204795837,0.007735535502433777,0.020861923694610596,0.04044124484062195,0.013126388192176819,0.03270570933818817,0.013126388192176819,0.03270570933818817,33,4,0.8787878787878788
910,H,0,integrated_gradients,0.9,match_ig_baseline,scientific,-0.16885484755039215,-0.1711139678955078,-0.16358894109725952,-0.16111931204795837,0.007735535502433777,0.009994655847549438,0.0024696290493011475,0.0022591203451156616,0.005265906453132629,0.0022591203451156616,-0.005265906453132629,33,4,0.8787878787878788
910,H,1,gnnexplainer,0.9,match_ig_baseline,scientific,-0.1363462209701538,-0.15141326189041138,-0.13590875267982483,-0.10531982034444809,0.03102640062570572,0.04609344154596329,0.03058893233537674,0.015067040920257568,0.0004374682903289795,0.015067040920257568,-0.0004374682903289795,33,4,0.8787878787878788
910,H,1,integrated_gradients,0.9,match_ig_baseline,scientific,-0.1363462209701538,-0.1540384590625763,-0.149419367313385,-0.10531982034444809,0.03102640062570572,0.048718638718128204,0.04409954696893692,0.017692238092422485,0.013073146343231201,0.017692238092422485,0.013073146343231201,33,4,0.8787878787878788
910,H,2,gnnexplainer,0.9,match_ig_baseline,scientific,-0.16885198652744293,-0.15885409712791443,-0.17100927233695984,-0.16216327250003815,0.006688714027404785,0.0033091753721237183,0.008845999836921692,0.009997889399528503,0.0021572858095169067,-0.003379538655281067,0.0021572858095169067,33,4,0.8787878787878788
910,H,2,integrated_gradients,0.9,match_ig_baseline,scientific,-0.16885198652744293,-0.17111043632030487,-0.16358700394630432,-0.16216327250003815,0.006688714027404785,0.008947163820266724,0.0014237314462661743,0.0022584497928619385,0.005264982581138611,0.0022584497928619385,-0.005264982581138611,33,4,0.8787878787878788
910,H,3,gnnexplainer,0.9,match_ig_baseline,scientific,-0.3977031707763672,-0.35307586193084717,-0.4295310378074646,-0.417776495218277,0.02007332444190979,0.06470063328742981,0.011754542589187622,0.04462730884552002,0.03182786703109741,0.04462730884552002,-0.008318781852722168,33,4,0.8787878787878788
910,H,3,integrated_gradients,0.9,match_ig_baseline,scientific,-0.3977031707763672,-0.34464290738105774,-0.42172104120254517,-0.417776495218277,0.02007332444190979,0.07313358783721924,0.0039445459842681885,0.05306026339530945,0.02401787042617798,0.05306026339530945,-0.0161287784576416,33,4,0.8787878787878788
910,H,4,gnnexplainer,0.9,match_ig_baseline,scientific,-0.2610219419002533,-0.2405969202518463,-0.22529572248458862,-0.28138047456741333,0.020358532667160034,0.04078355431556702,0.05608475208282471,0.020425021648406982,0.03572621941566467,0.020425021648406982,0.03572621941566467,33,4,0.8787878787878788
910,H,4,integrated_gradients,0.9,match_ig_baseline,scientific,-0.2610219419002533,-0.1916148066520691,-0.23115098476409912,-0.28138047456741333,0.020358532667160034,0.08976566791534424,0.05022948980331421,0.0694071352481842,0.029870957136154175,0.0694071352481842,0.029870957136154175,33,4,0.8787878787878788
910,C,0,gnnexplainer,0.9,match_ig_baseline,scientific,-1.60006844997406,-3.4406068325042725,-1.4737749099731445,-1.5980899333953857,0.0019785165786743164,1.8425168991088867,0.12431502342224121,1.8405383825302124,0.12629354000091553,1.8405383825302124,0.1223365068435669,39,4,0.8974358974358975
910,C,0,integrated_gradients,0.9,match_ig_baseline,scientific,-1.60006844997406,-2.9851653575897217,-1.5587050914764404,-1.5980899333953857,0.0019785165786743164,1.387075424194336,0.03938484191894531,1.3850969076156616,0.04136335849761963,1.3850969076156616,0.037406325340270996,39,4,0.8974358974358975
910,C,1,gnnexplainer,0.9,match_ig_baseline,scientific,-13.066161155700684,-12.069047927856445,-7.643039226531982,-13.050590515136719,0.015570640563964844,0.9815425872802734,5.407551288604736,0.9971132278442383,5.423121929168701,0.9659719467163086,5.3919806480407715,39,4,0.8974358974358975
910,C,1,integrated_gradients,0.9,match_ig_baseline,scientific,-13.066161155700684,-7.734571933746338,-13.070487976074219,-13.050590515136719,0.015570640563964844,5.316018581390381,0.0198974609375,5.331589221954346,0.004326820373535156,5.300447940826416,0.004326820373535156,39,4,0.8974358974358975
910,C,2,gnnexplainer,0.9,match_ig_baseline,scientific,-11.957037925720215,-9.870918273925781,-6.883522987365723,-12.2492036819458,0.29216575622558594,2.3782854080200195,5.365680694580078,2.0861196517944336,5.073514938354492,2.0861196517944336,5.073514938354492,39,4,0.8974358974358975
910,C,2,integrated_gradients,0.9,match_ig_baseline,scientific,-11.957037925720215,-6.383902549743652,-11.83478832244873,-12.2492036819458,0.29216575622558594,5.865301132202148,0.4144153594970703,5.5731353759765625,0.12224960327148438,5.5731353759765625,0.12224960327148438,39,4,0.8974358974358975
920,H,0,gnnexplainer,0.9,match_ig_baseline,scientific,-0.010900169610977173,-0.013034753501415253,0.015723206102848053,-0.02646115981042385,0.015560990199446678,0.013426406309008598,0.042184365913271904,0.00213458389043808,0.026623375713825226,-0.00213458389043808,0.026623375713825226,33,4,0.8787878787878788
920,H,0,integrated_gradients,0.9,match_ig_baseline,scientific,-0.010900169610977173,-0.03693041950464249,-0.010668240487575531,-0.02646115981042385,0.015560990199446678,0.010469259694218636,0.01579291932284832,0.026030249893665314,0.00023192912340164185,-0.005091730505228043,0.00023192912340164185,33,4,0.8787878787878788
920,H,1,gnnexplainer,0.9,match_ig_baseline,scientific,-0.010878454893827438,-0.021103397011756897,-0.018574152141809464,-0.027461189776659012,0.016582734882831573,0.006357792764902115,0.008887037634849548,0.010224942117929459,0.007695697247982025,-0.010224942117929459,-0.007695697247982025,33,4,0.8787878787878788
920,H,1,integrated_gradients,0.9,match_ig_baseline,scientific,-0.010878454893827438,-0.03691570460796356,-0.010652966797351837,-0.027461189776659012,0.016582734882831573,0.00945451483130455,0.016808222979307175,0.026037249714136124,0.0002254880964756012,-0.007128220051527023,0.0002254880964756012,33,4,0.8787878787878788
920,H,2,gnnexplainer,0.9,match_ig_baseline,scientific,-0.0056606680154800415,-0.019654031842947006,-0.027937166392803192,0.04227575287222862,0.047936420887708664,0.06192978471517563,0.07021291926503181,0.013993363827466965,0.02227649837732315,0.013993363827466965,0.02227649837732315,33,4,0.8787878787878788
920,H,2,integrated_gradients,0.9,match_ig_baseline,scientific,-0.0056606680154800415,-0.030799031257629395,-0.0060524046421051025,0.04227575287222862,0.047936420887708664,0.07307478412985802,0.048328157514333725,0.025138363242149353,0.00039173662662506104,0.025138363242149353,0.00039173662662506104,33,4,0.8787878787878788
920,H,3,gnnexplainer,0.9,match_ig_baseline,scientific,-0.1473551094532013,-0.14168903231620789,-0.12468867003917694,-0.1532231569290161,0.005868047475814819,0.011534124612808228,0.028534486889839172,0.005666077136993408,0.022666439414024353,0.005666077136993408,0.022666439414024353,33,4,0.8787878787878788
920,H,3,integrated_gradients,0.9,match_ig_baseline,scientific,-0.1473551094532013,-0.1212082952260971,-0.14247679710388184,-0.1532231569290161,0.005868047475814819,0.032014861702919006,0.010746359825134277,0.026146814227104187,0.004878312349319458,0.026146814227104187,0.004878312349319458,33,4,0.8787878787878788
920,H,4,gnnexplainer,0.9,match_ig_baseline,scientific,-0.1474318951368332,-0.16261208057403564,-0.1557186394929886,-0.15263541042804718,0.005203515291213989,0.009976670145988464,0.0030832290649414062,0.015180185437202454,0.008286744356155396,0.004773154854774475,-0.002120286226272583,33,4,0.8787878787878788
920,H,4,integrated_gradients,0.9,match_ig_baseline,scientific,-0.1474318951368332,-0.12127615511417389,-0.14253868162631989,-0.15263541042804718,0.005203515291213989,0.03135925531387329,0.010096728801727295,0.026155740022659302,0.004893213510513306,0.026155740022659302,0.004893213510513306,33,4,0.8787878787878788
920,C,0,gnnexplainer,0.9,match_ig_baseline,scientific,-0.013007238507270813,-0.33869075775146484,-0.45201295614242554,-0.21122358739376068,0.19821634888648987,0.12746717035770416,0.24078936874866486,0.32568351924419403,0.4390057176351547,-0.0707491785287857,0.04257301986217499,39,4,0.8974358974358975
920,C,0,integrated_gradients,0.9,match_ig_baseline,scientific,-0.013007238507270813,-1.2198688983917236,0.09652774035930634,-0.21122358739376068,0.19821634888648987,1.008645310997963,0.307751327753067,1.2068616598844528,0.10953497886657715,0.8104289621114731,0.10953497886657715,39,4,0.8974358974358975
920,C,1,gnnexplainer,0.9,match_ig_baseline,scientific,-2.8118417263031006,-4.5163984298706055,-4.002049922943115,-2.92391037940979,0.11206865310668945,1.5924880504608154,1.0781395435333252,1.7045567035675049,1.1902081966400146,1.480419397354126,0.9660708904266357,39,4,0.8974358974358975
920,C,1,integrated_gradients,0.9,match_ig_baseline,scientific,-2.8118417263031006,-4.420387268066406,-3.227351188659668,-2.92391037940979,0.11206865310668945,1.4964768886566162,0.30344080924987793,1.6085455417633057,0.4155094623565674,1.3844082355499268,0.19137215614318848,39,4,0.8974358974358975
920,C,2,gnnexplainer,0.9,match_ig_baseline,scientific,-11.745789527893066,-6.7811737060546875,-12.449975967407227,-13.146695137023926,1.4009056091308594,6.365521430969238,0.6967191696166992,4.964615821838379,0.7041864395141602,4.964615821838379,-0.7041864395141602,39,4,0.8974358974358975
920,C,2,integrated_gradients,0.9,match_ig_baseline,scientific,-11.745789527893066,-7.231774806976318,-12.160204887390137,-13.146695137023926,1.4009056091308594,5.914920330047607,0.9864902496337891,4.514014720916748,0.4144153594970703,4.514014720916748,-0.4144153594970703,39,4,0.8974358974358975
930,H,0,gnnexplainer,0.9,match_ig_baseline,scientific,-0.07836125046014786,-0.1085653081536293,-0.08892245590686798,-0.055776793509721756,0.0225844569504261,0.05278851464390755,0.033145662397146225,0.030204057693481445,0.010561205446720123,0.030204057693481445,0.010561205446720123,33,4,0.8787878787878788
930,H,0,integrated_gradients,0.9,match_ig_baseline,scientific,-0.07836125046014786,-0.10560570657253265,-0.08648466318845749,-0.055776793509721756,0.0225844569504261,0.0498289130628109,0.030707869678735733,0.027244456112384796,0.008123412728309631,0.027244456112384796,0.008123412728309631,33,4,0.8787878787878788
930,H,1,gnnexplainer,0.9,match_ig_baseline,scientific,-0.09898994863033295,-0.09232721477746964,-0.10572554171085358,-0.12190913408994675,0.0229191854596138,0.029581919312477112,0.01618359237909317,0.006662733852863312,0.00673559308052063,0.006662733852863312,-0.00673559308052063,33,4,0.8787878787878788
930,H,1,integrated_gradients,0.9,match_ig_baseline,scientific,-0.09898994863033295,-0.10222654789686203,-0.097508504986763,-0.12190913408994675,0.0229191854596138,0.019682586193084717,0.024400629103183746,0.0032365992665290833,0.0014814436435699463,-0.0032365992665290833,0.0014814436435699463,33,4,0.8787878787878788
930,H,2,gnnexplainer,0.9,match_ig_baseline,scientific,-0.07956928014755249,-0.10899093002080917,-0.09713312238454819,-0.09325166046619415,0.013682380318641663,0.01573926955461502,0.0038814619183540344,0.029421649873256683,0.017563842236995697,0.002056889235973358,-0.009800918400287628,33,4,0.8787878787878788
930,H,2,integrated_gradients,0.9,match_ig_baseline,scientific,-0.07956928014755249,-0.10499536246061325,-0.08699072897434235,-0.09325166046619415,0.013682380318641663,0.011743701994419098,0.006260931491851807,0.02542608231306076,0.007421448826789856,-0.0019386783242225647,-0.007421448826789856,33,4,0.8787878787878788
930,H,3,gnnexplainer,0.9,match_ig_baseline,scientific,-0.32701802253723145,-0.27119529247283936,-0.3456842303276062,-0.3476186692714691,0.02060064673423767,0.07642337679862976,0.001934438943862915,0.05582273006439209,0.018666207790374756,0.05582273006439209,-0.018666207790374756,33,4,0.8787878787878788
930,H,3,integrated_gradients,0.9,match_ig_baseline,scientific,-0.32701802253723145,-0.24675002694129944,-0.30934807658195496,-0.3476186692714691,0.02060064673423767,0.10086864233016968,0.03827059268951416,0.080267995595932,0.01766994595527649,0.080267995595932,0.01766994595527649,33,4,0.8787878787878788
930,H,4,gnnexplainer,0.9,match_ig_baseline,scientific,-0.31885063648223877,-0.29180315136909485,-0.3154522776603699,-0.3440757095813751,0.025225073099136353,0.05227255821228027,0.02862343192100525,0.02704748511314392,0.0033983588218688965,0.02704748511314392,0.0033983588218688965,33,4,0.8787878787878788
930,H,4,integrated_gradients,0.9,match_ig_baseline,scientific,-0.31885063648223877,-0.24958187341690063,-0.3050488829612732,-0.3440757095813751,0.025225073099136353,0.09449383616447449,0.03902682662010193,0.06926876306533813,0.013801753520965576,0.06926876306533813,0.013801753520965576,33,4,0.8787878787878788
930,C,0,gnnexplainer,0.9,match_ig_baseline,scientific,-0.49499887228012085,-1.2699192762374878,-1.0787017345428467,-0.35320693254470825,0.1417919397354126,0.9167123436927795,0.7254948019981384,0.7749204039573669,0.5837028622627258,0.7749204039573669,0.5837028622627258,39,4,0.8974358974358975
930,C,0,integrated_gradients,0.9,match_ig_baseline,scientific,-0.49499887228012085,-3.3081846237182617,-0.353232204914093,-0.35320693254470825,0.1417919397354126,2.9549776911735535,2.5272369384765625e-05,2.813185751438141,0.14176666736602783,2.813185751438141,-0.14176666736602783,39,4,0.8974358974358975
930,C,1,gnnexplainer,0.9,match_ig_baseline,scientific,-2.1293272972106934,-3.0067148208618164,-2.9140782356262207,-2.5098164081573486,0.3804891109466553,0.4968984127044678,0.40426182746887207,0.877387523651123,0.7847509384155273,0.1164093017578125,0.023772716522216797,39,4,0.8974358974358975
930,C,1,integrated_gradients,0.9,match_ig_baseline,scientific,-2.1293272972106934,-3.5461487770080566,-3.0798821449279785,-2.5098164081573486,0.3804891109466553,1.036332368850708,0.5700657367706299,1.4168214797973633,0.9505548477172852,0.6558432579040527,0.1895766258239746,39,4,0.8974358974358975
930,C,2,gnnexplainer,0.9,match_ig_baseline,scientific,-7.135551929473877,-5.216540813446045,-7.458933353424072,-6.9585771560668945,0.17697477340698242,1.7420363426208496,0.5003561973571777,1.919011116027832,0.3233814239501953,1.5650615692138672,0.3233814239501953,39,4,0.8974358974358975
930,C,2,integrated_gradients,0.9,match_ig_baseline,scientific,-7.135551929473877,-5.456995487213135,-7.338607311248779,-6.9585771560668945,0.17697477340698242,1.5015816688537598,0.38003015518188477,1.6785564422607422,0.20305538177490234,1.3246068954467773,0.20305538177490234,39,4,0.8974358974358975
930,C,3,gnnexplainer,0.9,match_ig_baseline,scientific,-6.269104480743408,-4.222972393035889,-7.064850807189941,-7.788299083709717,1.5191946029663086,3.565326690673828,0.7234482765197754,2.0461320877075195,0.7957463264465332,2.0461320877075195,-0.7957463264465332,39,4,0.8974358974358975
930,C,3,integrated_gradients,0.9,match_ig_baseline,scientific,-6.269104480743408,-4.716226100921631,-8.000758171081543,-7.788299083709717,1.5191946029663086,3.072072982788086,0.21245908737182617,1.5528783798217773,1.7316536903381348,1.5528783798217773,-1.3067355155944824,39,4,0.8974358974358975
