graph_idx,compound,target_node_type,node_idx,edge_idx,edge_importance_mean,edge_variance
0,1,C,0,0,0.7602217584848404,0.1203190595223109
0,1,C,0,1,0.6084033817052841,0.1656060914091642
0,1,C,0,2,0.0629083789885044,0.00010384541752878949
0,1,C,0,3,0.41133992969989774,0.18360286584387153
0,1,C,0,4,0.0,0.0
0,1,C,0,5,0.2381272979080677,0.12029372766779249
0,1,C,0,6,0.0,0.0
0,1,C,0,7,0.0,0.0
0,1,C,0,8,0.4095191642642021,0.18196257940697827
0,1,C,0,9,0.5827663108706475,0.18625759289985105
0,1,C,0,10,0.5864719733595848,0.17859195240491382
0,1,C,0,11,0.4122941419482231,0.18057254752184343
0,1,C,0,12,0.0,0.0
0,1,C,0,13,0.0,0.0
0,1,C,0,14,0.41447039917111395,0.1795572757616403
0,1,C,0,15,0.5878106847405433,0.18022360815855595
0,1,C,0,16,0.5923006072640419,0.17844359023941803
0,1,C,0,17,0.06915401965379715,5.452452374782535e-05
0,1,C,0,18,0.5876267172396183,0.1804958382639422
0,1,C,0,19,0.0,0.0
0,1,C,1,0,0.8286761522293091,0.003759407939006678
0,1,C,1,1,0.8888348817825318,0.0015713414003207047
0,1,C,1,2,0.9314172983169555,0.0002576851822317394
0,1,C,1,3,0.7646113753318786,0.002343320422341435
0,1,C,1,4,0.587115116417408,0.18490801058998674
0,1,C,1,5,0.8618804216384888,0.0005151627240522316
0,1,C,1,6,0.0,0.0
0,1,C,1,7,0.6007897600531578,0.1601137312499067
0,1,C,1,8,0.25436679273843765,0.11830890098699495
0,1,C,1,9,0.07863069027662277,3.595930440613238e-05
0,1,C,1,10,0.25890994220972063,0.11980747694378566
0,1,C,1,11,0.8256210803985595,0.004184903224113725
0,1,C,1,12,0.8936323404312134,0.0012265593553058805
0,1,C,1,13,0.0,0.0
0,1,C,1,14,0.8544175505638123,0.0005739686289408041
0,1,C,1,15,0.8057967305183411,0.0025781861367838135
0,1,C,1,16,0.8448202729225158,0.0003584600560066065
0,1,C,1,17,0.8174508333206176,0.0021472284049215773
0,1,C,1,18,0.838736605644226,0.0026858820437161055
0,1,C,1,19,0.0,0.0
0,1,C,2,0,0.7857634425163269,0.0021417980979606456
0,1,C,2,1,0.5757536366581917,0.17435125877627336
0,1,C,2,2,0.7921619176864624,0.007499147008369676
0,1,C,2,3,0.7066895246505738,0.028649651951400866
0,1,C,2,4,0.8726385831832886,0.0021235819570662785
0,1,C,2,5,0.785111951828003,0.0044253801315511515
0,1,C,2,6,0.7468651860952378,0.11705039735251044
0,1,C,2,7,0.7996598958969117,0.017970680783058978
0,1,C,2,8,0.0,0.0
0,1,C,2,9,0.0,0.0
0,1,C,2,10,0.0,0.0
0,1,C,2,11,0.899237060546875,0.0002556571200182134
0,1,C,2,12,0.7163656234741211,0.02132473238841811
0,1,C,2,13,0.0,0.0
0,1,C,2,14,0.23955921977758407,0.11946575703327142
0,1,C,2,15,0.4075615406036377,0.1800399621887533
0,1,C,2,16,0.4125062346458435,0.17695260621546607
0,1,C,2,17,0.8220501899719238,0.0008948441088912773
0,1,C,2,18,0.8007740259170533,0.002588106157781169
0,1,C,2,19,0.5867292672395706,0.1773368882381418
0,1,C,3,0,0.4195071026682854,0.18719680519481216
0,1,C,3,1,0.0,0.0
0,1,C,3,2,0.5756464436650276,0.1217011991161299
0,1,C,3,3,0.5817395985126496,0.17957792217205676
0,1,C,3,4,0.7552972912788392,0.0009732745996279846
0,1,C,3,5,0.6838911920785904,0.06141267475784087
0,1,C,3,6,0.8069626331329346,0.008695382297194385
0,1,C,3,7,0.7135247588157654,0.0066958990490476825
0,1,C,3,8,0.0,0.0
0,1,C,3,9,0.0,0.0
0,1,C,3,10,0.0,0.0
0,1,C,3,11,0.0,0.0
0,1,C,3,12,0.5787344962358475,0.18211842445900522
0,1,C,3,13,0.741607940196991,0.1256299927133321
0,1,C,3,14,0.0,0.0
0,1,C,3,15,0.0,0.0
0,1,C,3,16,0.0,0.0
0,1,C,3,17,0.760164599120617,0.11921848508253304
0,1,C,3,18,0.8693383455276489,0.0016640993077109555
0,1,C,3,19,0.8330054879188538,0.0017306780415538014
0,1,C,4,0,0.0,0.0
0,1,C,4,1,0.0,0.0
0,1,C,4,2,0.5874973937869072,0.18170830715515426
0,1,C,4,3,0.0,0.0
0,1,C,4,4,0.8110552072525025,0.0054211148906043154
0,1,C,4,5,0.5661799848079682,0.18263106284643213
0,1,C,4,6,0.869999086856842,0.0027753184512698684
0,1,C,4,7,0.8791860342025757,0.002153190277928729
0,1,C,4,8,0.0,0.0
0,1,C,4,9,0.0,0.0
0,1,C,4,10,0.0,0.0
0,1,C,4,11,0.0,0.0
0,1,C,4,12,0.0,0.0
0,1,C,4,13,0.823947548866272,0.003578891920926708
0,1,C,4,14,0.0,0.0
0,1,C,4,15,0.0,0.0
0,1,C,4,16,0.0,0.0
0,1,C,4,17,0.0,0.0
0,1,C,4,18,0.7571752823889255,0.12187491860230182
0,1,C,4,19,0.7742509841918945,0.00213372838917536
0,1,H,0,0,0.06912943869829177,8.385524708907078e-06
0,1,H,0,1,0.7643552243709564,0.12008033565007196
0,1,H,0,2,0.0,0.0
0,1,H,0,3,0.24214365482330322,0.11790105569481306
0,1,H,0,4,0.0,0.0
0,1,H,0,5,0.0,0.0
0,1,H,0,6,0.0,0.0
0,1,H,0,7,0.0,0.0
0,1,H,0,8,0.5870298534631729,0.17954760986801382
0,1,H,0,9,0.5893670499324799,0.17874523839716602
0,1,H,0,10,0.5847780972719192,0.17764812975696626
0,1,H,0,11,0.0,0.0
0,1,H,0,12,0.0,0.0
0,1,H,0,13,0.0,0.0
0,1,H,0,14,0.23793103247880937,0.1212166846228534
0,1,H,0,15,0.7596254006028176,0.11804416422816917
0,1,H,0,16,0.7596174508333207,0.11834578517800518
0,1,H,0,17,0.41371727362275124,0.1806216595868
0,1,H,0,18,0.0,0.0
0,1,H,0,19,0.0,0.0
0,1,H,1,0,0.4149608865380287,0.1825799068024832
0,1,H,1,1,0.4143099501729012,0.17619751417418628
0,1,H,1,2,0.0,0.0
0,1,H,1,3,0.4063555240631104,0.18655059133308666
0,1,H,1,4,0.0,0.0
0,1,H,1,5,0.0,0.0
0,1,H,1,6,0.0,0.0
0,1,H,1,7,0.0,0.0
0,1,H,1,8,0.5905302554368973,0.17879311018341998
0,1,H,1,9,0.4138623774051666,0.17741874905352578
0,1,H,1,10,0.41537039130926134,0.17663511719995442
0,1,H,1,11,0.0,0.0
0,1,H,1,12,0.0,0.0
0,1,H,1,13,0.0,0.0
0,1,H,1,14,0.4156538531184196,0.18630308487320382
0,1,H,1,15,0.4121634975075722,0.17820628780748904
0,1,H,1,16,0.4077348120510578,0.18351454511364115
0,1,H,1,17,0.41462140083312987,0.17677455080331134
0,1,H,1,18,0.0,0.0
0,1,H,1,19,0.0,0.0
0,1,H,2,0,0.4147353947162628,0.18024306885573416
0,1,H,2,1,0.41302613019943235,0.17794840674939452
0,1,H,2,2,0.0,0.0
0,1,H,2,3,0.40982425436377523,0.1798673139927316
0,1,H,2,4,0.0,0.0
0,1,H,2,5,0.0,0.0
0,1,H,2,6,0.0,0.0
0,1,H,2,7,0.0,0.0
0,1,H,2,8,0.06243034675717354,0.00010360190386639934
0,1,H,2,9,0.23855573534965516,0.11917469957997082
0,1,H,2,10,0.41553988605737685,0.17875637563122757
0,1,H,2,11,0.0,0.0
0,1,H,2,12,0.0,0.0
0,1,H,2,13,0.0,0.0
0,1,H,2,14,0.41216770336031916,0.1816331770573861
0,1,H,2,15,0.5950397565960884,0.18237912396364897
0,1,H,2,16,0.24292077422142028,0.11830694849074844
0,1,H,2,17,0.06975520327687264,1.8676735223102094e-05
0,1,H,2,18,0.0,0.0
0,1,H,2,19,0.0,0.0
0,1,H,3,0,0.9270153880119324,2.4503640880766397e-05
0,1,H,3,1,0.5855828806757927,0.1862918538557933
0,1,H,3,2,0.7597028627991677,0.11906225528210365
0,1,H,3,3,0.24164609909057616,0.11828391469218728
0,1,H,3,4,0.0,0.0
0,1,H,3,5,0.07218180298805237,3.408578622821068e-07
0,1,H,3,6,0.0,0.0
0,1,H,3,7,0.0,0.0
0,1,H,3,8,0.0,0.0
0,1,H,3,9,0.0,0.0
0,1,H,3,10,0.0,0.0
0,1,H,3,11,0.93701730966568,0.00022467460385854564
0,1,H,3,12,0.0,0.0
0,1,H,3,13,0.0,0.0
0,1,H,3,14,0.5886541828513145,0.1788499371676014
0,1,H,3,15,0.2406609684228897,0.11836673290698521
0,1,H,3,16,0.5802616208791733,0.18350339622170025
0,1,H,3,17,0.7573201447725296,0.11801088380007232
0,1,H,3,18,0.5848591208457947,0.17887222151042717
0,1,H,3,19,0.0,0.0
0,1,H,4,0,0.5903939872980117,0.17916432694213752
0,1,H,4,1,0.0,0.0
0,1,H,4,2,0.41149555146694183,0.17966766976806509
0,1,H,4,3,0.4122467629611492,0.18018752767052582
0,1,H,4,4,0.7580842077732086,0.12094509658610023
0,1,H,4,5,0.4164088971912861,0.18444552874225256
0,1,H,4,6,0.0,0.0
0,1,H,4,7,0.5857337586581707,0.17875220946839934
0,1,H,4,8,0.0,0.0
0,1,H,4,9,0.0,0.0
0,1,H,4,10,0.0,0.0
0,1,H,4,11,0.0,0.0
0,1,H,4,12,0.2371144823729992,0.1190613634082339
0,1,H,4,13,0.0,0.0
0,1,H,4,14,0.0,0.0
0,1,H,4,15,0.0,0.0
0,1,H,4,16,0.0,0.0
0,1,H,4,17,0.7576431140303612,0.11756234026085322
0,1,H,4,18,0.5844136580824852,0.17845753211205384
0,1,H,4,19,0.0,0.0
0,1,H,5,0,0.0,0.0
0,1,H,5,1,0.0,0.0
0,1,H,5,2,0.0,0.0
0,1,H,5,3,0.0,0.0
0,1,H,5,4,0.4155795007944107,0.17824554583770072
0,1,H,5,5,0.0,0.0
0,1,H,5,6,0.5866339445114136,0.18083226685731665
0,1,H,5,7,0.416108725965023,0.17960665673947437
0,1,H,5,8,0.0,0.0
0,1,H,5,9,0.0,0.0
0,1,H,5,10,0.0,0.0
0,1,H,5,11,0.0,0.0
0,1,H,5,12,0.0,0.0
0,1,H,5,13,0.41106191724538804,0.18008963813552892
0,1,H,5,14,0.0,0.0
0,1,H,5,15,0.0,0.0
0,1,H,5,16,0.0,0.0
0,1,H,5,17,0.0,0.0
0,1,H,5,18,0.0,0.0
0,1,H,5,19,0.7557794257998467,0.12127916251914098
10,2,C,0,0,0.8944128751754761,0.0003819059155532045
10,2,C,0,1,0.5079283297061921,0.07383912642241186
10,2,C,0,2,0.7339980863034725,0.11582688197606088
10,2,C,0,3,0.32213186025619506,0.04344178429589171
10,2,C,0,4,0.4122341021895409,0.18006951103588745
10,2,C,0,5,0.8938979148864746,0.00029838049240794363
10,2,C,0,6,0.8923799395561218,0.0001751080419040818
10,2,C,0,7,0.5787749968469142,0.18323054404540437
10,2,C,0,8,0.86529620885849,0.0005363338039055066
10,2,C,0,9,0.7915658354759216,0.002154879800012566
10,2,C,0,10,0.5812115430831909,0.18227759197147414
10,2,C,0,11,0.4072826884686947,0.17979230579692274
10,2,C,0,12,0.0,0.0
10,2,C,0,13,0.0,0.0
10,2,C,0,14,0.40837396755814553,0.17900066871765924
10,2,C,0,15,0.22982038632035257,0.12081920891179332
10,2,C,0,16,0.7693552255630494,0.005171457129812609
10,2,C,0,17,0.8164175629615784,0.001211381723616114
10,2,C,0,18,0.9016526937484741,0.0013281204750043684
10,2,C,0,19,0.4066140942275524,0.18162938369136822
10,2,C,0,20,0.4169735461473465,0.18134430648121133
10,2,C,0,21,0.9271267533302308,3.6814423586406514e-06
10,2,C,0,22,0.7480935320258141,0.11705151190360327
10,2,C,0,23,0.5920704200863838,0.18207341495865892
10,2,C,1,0,0.44554213285446165,0.01618091048056961
10,2,C,1,1,0.902364194393158,0.00061991478308272
10,2,C,1,2,0.7613961912691594,0.12491175247946833
10,2,C,1,3,0.8898757815361023,0.000283917018855675
10,2,C,1,4,0.7283457025885582,0.11670145875153741
10,2,C,1,5,0.4005444809794426,0.07059234412462928
10,2,C,1,6,0.40597118511796,0.17630426168373836
10,2,C,1,7,0.715493456274271,0.10937112086566687
10,2,C,1,8,0.749448275566101,0.11808710878331766
10,2,C,1,9,0.755626730620861,0.1209408221402081
10,2,C,1,10,0.8124488115310669,0.0020390178598452737
10,2,C,1,11,0.8165423035621643,0.0018587309788296127
10,2,C,1,12,0.3986012950539589,0.18340395877967963
10,2,C,1,13,0.9214282393455505,9.583297381482225e-05
10,2,C,1,14,0.0,0.0
10,2,C,1,15,0.0,0.0
10,2,C,1,16,0.7575487673282624,0.11914801114476518
10,2,C,1,17,0.5602209895849228,0.17169191997422037
10,2,C,1,18,0.8636894941329956,0.0006552724711858105
10,2,C,1,19,0.879233181476593,0.001193100504239908
10,2,C,1,20,0.2409187711775303,0.1248182324164713
10,2,C,1,21,0.8998699903488159,0.0007780243495651007
10,2,C,1,22,0.24030928462743759,0.11835191029638348
10,2,C,1,23,0.7591984927654266,0.11845683274506924
10,2,C,2,0,0.8844942212104797,9.765237618580613e-05
10,2,C,2,1,0.7498813048005104,0.11732981928622058
10,2,C,2,2,0.6985980249941349,0.10655902213008253
10,2,C,2,3,0.40550213530659673,0.17770991253820997
10,2,C,2,4,0.5064805388450623,0.07196311373042313
10,2,C,2,5,0.730951265245676,0.11420713561083957
10,2,C,2,6,0.8795201182365417,0.0006565714281293822
10,2,C,2,7,0.4278765723109245,0.06305409647615798
10,2,C,2,8,0.0,0.0
10,2,C,2,9,0.0,0.0
10,2,C,2,10,0.40564781948924067,0.17939153784805556
10,2,C,2,11,0.7567618787288666,0.12085121263244289
10,2,C,2,12,0.7612275719642639,0.00494233604635724
10,2,C,2,13,0.7834107398986816,0.0011170031142930272
10,2,C,2,14,0.74963358938694,0.11822076235213248
10,2,C,2,15,0.5770716600120067,0.18475024573175836
10,2,C,2,16,0.41165586858987807,0.17829123722635867
10,2,C,2,17,0.7612828388810158,0.11801673325979375
10,2,C,2,18,0.885759150981903,0.0020187799634365433
10,2,C,2,19,0.23032909035682678,0.11962223635119396
10,2,C,2,20,0.8374877452850342,0.0036581955984891583
10,2,C,2,21,0.8083159804344178,0.007916495265782544
10,2,C,2,22,0.5650276616215706,0.17345553508521064
10,2,C,2,23,0.5878791496157646,0.17502730103658676
10,2,C,3,0,0.7540328726172447,0.11738441940988183
10,2,C,3,1,0.7230688877403736,0.11676093399244317
10,2,C,3,2,0.4200965017080307,0.03610546661676164
10,2,C,3,3,0.718562076240778,0.1168850492601693
10,2,C,3,4,0.7241720847785473,0.11635659126178757
10,2,C,3,5,0.7498517125844956,0.12054617686917586
10,2,C,3,6,0.4318320155143738,0.06171597354933915
10,2,C,3,7,0.8911105275154114,4.4661059421571286e-05
10,2,C,3,8,0.5797366499900818,0.17523317335133876
10,2,C,3,9,0.7522222138941288,0.12033220745662754
10,2,C,3,10,0.0,0.0
10,2,C,3,11,0.0,0.0
10,2,C,3,12,0.9262856841087341,4.301548340066574e-05
10,2,C,3,13,0.9201703548431397,2.3353103909187215e-05
10,2,C,3,14,0.8410587549209595,0.0006087117519621187
10,2,C,3,15,0.8173925518989563,0.003320108072007031
10,2,C,3,16,0.41190037280321123,0.1825174264404322
10,2,C,3,17,0.9075212359428406,0.00021047690430776815
10,2,C,3,18,0.9289601683616638,3.075793974090857e-05
10,2,C,3,19,0.23626180365681648,0.11940208752177846
10,2,C,3,20,0.5819345071911812,0.1805591377992674
10,2,C,3,21,0.7425759732723236,0.11704641839137508
10,2,C,3,22,0.7519112467765808,0.0007186306571676937
10,2,C,3,23,0.8431846022605896,0.0020746365554308002
10,2,H,0,0,0.0666371613740921,3.207053807144588e-05
10,2,H,0,1,0.06844009608030319,1.872771438461207e-05
10,2,H,0,2,0.5890246495604515,0.17827184775638671
10,2,H,0,3,0.5870699971914292,0.17866011587469094
10,2,H,0,4,0.0,0.0
10,2,H,0,5,0.41523159518837927,0.18660966569912946
10,2,H,0,6,0.5877974823117256,0.1776020005628985
10,2,H,0,7,0.0,0.0
10,2,H,0,8,0.5841996029019356,0.1801563180710292
10,2,H,0,9,0.5869245678186417,0.18189143807694488
10,2,H,0,10,0.0,0.0
10,2,H,0,11,0.0,0.0
10,2,H,0,12,0.0,0.0
10,2,H,0,13,0.0,0.0
10,2,H,0,14,0.0,0.0
10,2,H,0,15,0.0,0.0
10,2,H,0,16,0.4133244350552559,0.1806327194505443
10,2,H,0,17,0.4154411658644676,0.1764413436735385
10,2,H,0,18,0.4146074324846268,0.17771286327080008
10,2,H,0,19,0.2436894103884697,0.1176178453125349
10,2,H,0,20,0.0,0.0
10,2,H,0,21,0.0,0.0
10,2,H,0,22,0.7601950198411942,0.12009126549906317
10,2,H,0,23,0.23955105990171432,0.11918503369717566
10,2,H,1,0,0.7597214475274086,0.12055969345036661
10,2,H,1,1,0.414917017519474,0.17907119693998197
10,2,H,1,2,0.4129539981484413,0.17821436424191686
10,2,H,1,3,0.5862002685666085,0.17844481274336066
10,2,H,1,4,0.0,0.0
10,2,H,1,5,0.4186146080493927,0.1810121804547562
10,2,H,1,6,0.0703948125243187,7.846463653513602e-06
10,2,H,1,7,0.0,0.0
10,2,H,1,8,0.5872365310788155,0.17918165392870317
10,2,H,1,9,0.5901629805564881,0.18020549605208305
10,2,H,1,10,0.0,0.0
10,2,H,1,11,0.0,0.0
10,2,H,1,12,0.0,0.0
10,2,H,1,13,0.0,0.0
10,2,H,1,14,0.0,0.0
10,2,H,1,15,0.0,0.0
10,2,H,1,16,0.4153426833450794,0.1871506196049229
10,2,H,1,17,0.7597485154867172,0.11868834435322706
10,2,H,1,18,0.9370131134986878,1.3410673462885826e-05
10,2,H,1,19,0.5876209601759911,0.17905806784725503
10,2,H,1,20,0.0,0.0
10,2,H,1,21,0.0,0.0
10,2,H,1,22,0.587721410393715,0.17659785075443607
10,2,H,1,23,0.4103162355720997,0.17984680551542725
10,2,H,2,0,0.5886554315686225,0.17876855659509985
10,2,H,2,1,0.41453387290239335,0.18236621192545638
10,2,H,2,2,0.0,0.0
10,2,H,2,3,0.4161516919732094,0.17998434979032762
10,2,H,2,4,0.2441156342625618,0.11882661253859772
10,2,H,2,5,0.404191979393363,0.18560102187541588
10,2,H,2,6,0.0,0.0
10,2,H,2,7,0.41562954932451246,0.18010779229137547
10,2,H,2,8,0.0,0.0
10,2,H,2,9,0.0,0.0
10,2,H,2,10,0.7569713443517685,0.11988821315651546
10,2,H,2,11,0.06509132385253906,8.076772833766287e-05
10,2,H,2,12,0.0,0.0
10,2,H,2,13,0.0,0.0
10,2,H,2,14,0.0,0.0
10,2,H,2,15,0.0,0.0
10,2,H,2,16,0.7623954147100449,0.11879841626811154
10,2,H,2,17,0.4108429320156574,0.17948291483512613
10,2,H,2,18,0.5849543452262879,0.17910213688336873
10,2,H,2,19,0.4127886690199375,0.18042254411737857
10,2,H,2,20,0.5901630118489265,0.1814669859217072
10,2,H,2,21,0.5922284796833992,0.17961724503080373
10,2,H,2,22,0.0,0.0
10,2,H,2,23,0.0,0.0
10,2,H,3,0,0.24153181165456772,0.11839050881990873
10,2,H,3,1,0.5806002736091613,0.18312204447848104
10,2,H,3,2,0.0,0.0
10,2,H,3,3,0.23710732087492942,0.12102250356308686
10,2,H,3,4,0.5858993873000145,0.17875290139335936
10,2,H,3,5,0.5902341291308403,0.17826468892143738
10,2,H,3,6,0.0,0.0
10,2,H,3,7,0.4140775427222252,0.17733875844472863
10,2,H,3,8,0.0,0.0
10,2,H,3,9,0.0,0.0
10,2,H,3,10,0.5916474729776382,0.17988770500820483
10,2,H,3,11,0.41371026560664176,0.17915391799885177
10,2,H,3,12,0.0,0.0
10,2,H,3,13,0.0,0.0
10,2,H,3,14,0.0,0.0
10,2,H,3,15,0.0,0.0
10,2,H,3,16,0.5901621848344802,0.1779420832687068
10,2,H,3,17,0.06414641365408898,0.00012232198171862273
10,2,H,3,18,0.24195572659373282,0.1201491631916495
10,2,H,3,19,0.23392970860004425,0.12158894660703838
10,2,H,3,20,0.7557129755616188,0.12506104634623755
10,2,H,3,21,0.9321810841560364,6.517020157446041e-06
10,2,H,3,22,0.0,0.0
10,2,H,3,23,0.0,0.0
10,2,H,4,0,0.4108932867646217,0.18230370745424734
10,2,H,4,1,0.0,0.0
10,2,H,4,2,0.4145906776189804,0.17704867352624296
10,2,H,4,3,0.0,0.0
10,2,H,4,4,0.7610473364591599,0.11825805907079998
10,2,H,4,5,0.41861218512058257,0.18213117965723025
10,2,H,4,6,0.23426568731665612,0.12444355797800757
10,2,H,4,7,0.7616163611412048,0.12379278767429072
10,2,H,4,8,0.0,0.0
10,2,H,4,9,0.0,0.0
10,2,H,4,10,0.0,0.0
10,2,H,4,11,0.0,0.0
10,2,H,4,12,0.5926956877112388,0.18387337088224803
10,2,H,4,13,0.41430301815271375,0.17703814597188894
10,2,H,4,14,0.0,0.0
10,2,H,4,15,0.0,0.0
10,2,H,4,16,0.0,0.0
10,2,H,4,17,0.0,0.0
10,2,H,4,18,0.5929665684700012,0.18016216369740506
10,2,H,4,19,0.23847626894712448,0.12187026880152226
10,2,H,4,20,0.7569742769002914,0.1195475861374373
10,2,H,4,21,0.5875292107462883,0.17644873463144345
10,2,H,4,22,0.41324507519602777,0.17911264438240707
10,2,H,4,23,0.24281856715679168,0.118192970391089
10,2,H,5,0,0.5920041531324387,0.18004470401186828
10,2,H,5,1,0.0,0.0
10,2,H,5,2,0.9407845973968506,7.061276882978973e-05
10,2,H,5,3,0.0,0.0
10,2,H,5,4,0.5866019949316978,0.17796259809070727
10,2,H,5,5,0.4172214806079865,0.18005513944378868
10,2,H,5,6,0.4154313147068024,0.1769693793539592
10,2,H,5,7,0.41655348539352416,0.17780472529786948
10,2,H,5,8,0.0,0.0
10,2,H,5,9,0.0,0.0
10,2,H,5,10,0.0,0.0
10,2,H,5,11,0.0,0.0
10,2,H,5,12,0.41678003668785096,0.1781020686261583
10,2,H,5,13,0.41348060965538025,0.17988031790865894
10,2,H,5,14,0.0,0.0
10,2,H,5,15,0.0,0.0
10,2,H,5,16,0.0,0.0
10,2,H,5,17,0.0,0.0
10,2,H,5,18,0.24239654392004012,0.11811679845877048
10,2,H,5,19,0.41576735526323316,0.1761442431376002
10,2,H,5,20,0.41202363818883897,0.17898024136436133
10,2,H,5,21,0.41860729902982713,0.18226955462896047
10,2,H,5,22,0.24422066211700438,0.11783674111160576
10,2,H,5,23,0.41700644195079806,0.17757562045244282
10,2,H,6,0,0.0,0.0
10,2,H,6,1,0.5889445692300797,0.1771876973630216
10,2,H,6,2,0.5884356826543808,0.1774032673497431
10,2,H,6,3,0.41263958513736726,0.18018486427471542
10,2,H,6,4,0.24427510201931,0.1187287025591159
10,2,H,6,5,0.0,0.0
10,2,H,6,6,0.06812973618507386,6.142997368088209e-06
10,2,H,6,7,0.24357251673936844,0.11796152023744526
10,2,H,6,8,0.0,0.0
10,2,H,6,9,0.0,0.0
10,2,H,6,10,0.0,0.0
10,2,H,6,11,0.0,0.0
10,2,H,6,12,0.0,0.0
10,2,H,6,13,0.0,0.0
10,2,H,6,14,0.243244531750679,0.11980376212313719
10,2,H,6,15,0.40880766585469247,0.1804895321891118
10,2,H,6,16,0.5903941571712494,0.18017991661836025
10,2,H,6,17,0.4145929992198944,0.17726091752440146
10,2,H,6,18,0.0,0.0
10,2,H,6,19,0.0,0.0
10,2,H,6,20,0.5858703106641769,0.17886235458592595
10,2,H,6,21,0.581792862713337,0.18169573851591042
10,2,H,6,22,0.7596316404640675,0.12200189556594702
10,2,H,6,23,0.5865989059209824,0.17716040212858264
10,2,H,7,0,0.0,0.0
10,2,H,7,1,0.4156837224960327,0.17805339194287834
10,2,H,7,2,0.4116070866584778,0.17956352639730572
10,2,H,7,3,0.5889335855841636,0.17851458489945665
10,2,H,7,4,0.7630758687853814,0.11899238789494193
10,2,H,7,5,0.0,0.0
10,2,H,7,6,0.5889164954423904,0.1782062141590453
10,2,H,7,7,0.4146331652998924,0.18058680325717275
10,2,H,7,8,0.0,0.0
10,2,H,7,9,0.0,0.0
10,2,H,7,10,0.0,0.0
10,2,H,7,11,0.0,0.0
10,2,H,7,12,0.0,0.0
10,2,H,7,13,0.0,0.0
10,2,H,7,14,0.5847806498408318,0.17841842160948254
10,2,H,7,15,0.06838837042450904,1.3486318340070192e-05
10,2,H,7,16,0.41679842323064803,0.17837776068659555
10,2,H,7,17,0.585026639699936,0.18145755146377324
10,2,H,7,18,0.0,0.0
10,2,H,7,19,0.0,0.0
10,2,H,7,20,0.4088194265961647,0.1809841477457743
10,2,H,7,21,0.06658855453133583,0.00013493112606667302
10,2,H,7,22,0.4155057117342949,0.17792277238056847
10,2,H,7,23,0.06876180469989776,6.550520861035026e-06
20,3,C,0,0,0.21988697126507759,0.027376466801129744
20,3,C,0,1,0.7769285559654235,0.0115214624044404
20,3,C,0,2,0.27882941961288454,0.1159319464648024
20,3,C,0,3,0.7562036156654358,0.009764247538124379
20,3,C,0,4,0.7565093643963337,0.12153290427941059
20,3,C,0,5,0.2957619845867157,0.0987934568487702
20,3,C,0,6,0.0,0.0
20,3,C,0,7,0.5834358893334866,0.18103087894587538
20,3,C,0,8,0.7592297121882439,0.12350855144377437
20,3,C,0,9,0.0,0.0
20,3,C,0,10,0.41804232597351076,0.15889573794477918
20,3,C,0,11,0.5851711750030517,0.17519086862964123
20,3,C,0,12,0.7525294065475464,0.013561343446721136
20,3,C,0,13,0.7430433943867684,0.1234092219730359
20,3,C,0,14,0.0,0.0
20,3,C,0,15,0.0,0.0
20,3,C,0,16,0.0,0.0
20,3,C,0,17,0.5647753223776817,0.1748225386388701
20,3,C,0,18,0.7187525153160095,0.006944131374658581
20,3,C,0,19,0.8011230587959289,0.0029059799168132372
20,3,C,0,20,0.5931323617696762,0.18169770082215136
20,3,C,0,21,0.0,0.0
20,3,C,0,22,0.4165808349847794,0.18135866024022812
20,3,C,0,23,0.8270711421966552,0.0026019066620597184
20,3,C,1,0,0.742151427268982,0.005606022408230728
20,3,C,1,1,0.2554951779544353,0.1191238559006486
20,3,C,1,2,0.7600580945611,0.12094922355950635
20,3,C,1,3,0.5567260429263114,0.15136591985387102
20,3,C,1,4,0.3092230767011642,0.09950071668092213
20,3,C,1,5,0.8002255082130432,0.004022810913723732
20,3,C,1,6,0.41311661899089813,0.17663707249236632
20,3,C,1,7,0.08879135102033615,0.001491701060197994
20,3,C,1,8,0.0,0.0
20,3,C,1,9,0.753454402089119,0.12033975772258518
20,3,C,1,10,0.41524653807282447,0.18307363962739856
20,3,C,1,11,0.0,0.0
20,3,C,1,12,0.4025349274277687,0.18391289397391783
20,3,C,1,13,0.752872908115387,0.01378146088348814
20,3,C,1,14,0.7337793380022049,0.11012304893488793
20,3,C,1,15,0.0,0.0
20,3,C,1,16,0.0,0.0
20,3,C,1,17,0.0,0.0
20,3,C,1,18,0.629957988485694,0.09490958246142478
20,3,C,1,19,0.7756515979766846,0.003981020897679741
20,3,C,1,20,0.8617167353630066,0.002570960946090964
20,3,C,1,21,0.5895793154835701,0.17986606138139938
20,3,C,1,22,0.0,0.0
20,3,C,1,23,0.7557521276175976,0.12587605928865497
20,3,C,2,0,0.2520985662937164,0.11045709467307455
20,3,C,2,1,0.7650283589959145,0.11963267346402588
20,3,C,2,2,0.0,0.0
20,3,C,2,3,0.5918548598885536,0.18015174206942697
20,3,C,2,4,0.7853175520896911,0.0040088253489776095
20,3,C,2,5,0.3965426370501518,0.12511886319410023
20,3,C,2,6,0.4511872544884682,0.16833341809535757
20,3,C,2,7,0.7585879802703858,0.007672298401929253
20,3,C,2,8,0.5840275757014751,0.18378253139740888
20,3,C,2,9,0.09437784403562546,0.00032167121662657116
20,3,C,2,10,0.0,0.0
20,3,C,2,11,0.5843027584254742,0.18048766644742592
20,3,C,2,12,0.0,0.0
20,3,C,2,13,0.7263407208025455,0.11887812395335147
20,3,C,2,14,0.8237379312515258,0.0066003084116081825
20,3,C,2,15,0.560428062081337,0.17268906600540707
20,3,C,2,16,0.0,0.0
20,3,C,2,17,0.0,0.0
20,3,C,2,18,0.4153261497616768,0.17958305840775518
20,3,C,2,19,0.8477877855300904,0.002304239841843128
20,3,C,2,20,0.7436989545822144,0.0032291278171314277
20,3,C,2,21,0.8390453815460205,0.0018521305640584271
20,3,C,2,22,0.7641053795814514,0.12225824306625128
20,3,C,2,23,0.0,0.0
20,3,C,3,0,0.5833803854882718,0.17855375253773206
20,3,C,3,1,0.0,0.0
20,3,C,3,2,0.5751623556017875,0.18696128729554
20,3,C,3,3,0.0,0.0
20,3,C,3,4,0.2870612874627113,0.09450551408000347
20,3,C,3,5,0.7568233072757721,0.11786050752924467
20,3,C,3,6,0.757574987411499,0.003281235038467969
20,3,C,3,7,0.19402875900268554,0.020780158472954873
20,3,C,3,8,0.2639703795313835,0.02793413709924869
20,3,C,3,9,0.8283286809921264,0.0023073734305219776
20,3,C,3,10,0.7561426907777786,0.11940623575750013
20,3,C,3,11,0.34573628306388854,0.11274766127509735
20,3,C,3,12,0.0,0.0
20,3,C,3,13,0.0,0.0
20,3,C,3,14,0.7395378209650516,0.11642298493480982
20,3,C,3,15,0.8165494799613953,0.0013697895318756537
20,3,C,3,16,0.9097211956977844,0.00014932822747226737
20,3,C,3,17,0.0,0.0
20,3,C,3,18,0.0,0.0
20,3,C,3,19,0.5890033975243568,0.1787425958953937
20,3,C,3,20,0.7881546378135681,0.016008573529415458
20,3,C,3,21,0.7578098893165588,0.004210829144789443
20,3,C,3,22,0.7164355218410492,0.04549617293264134
20,3,C,3,23,0.2397264927625656,0.12007836309760818
20,3,C,4,0,0.0,0.0
20,3,C,4,1,0.580002074688673,0.1812723812305182
20,3,C,4,2,0.4569244354963303,0.15137224911925226
20,3,C,4,3,0.4112859182059765,0.1797955396724037
20,3,C,4,4,0.5823365420103073,0.18743242863641094
20,3,C,4,5,0.0,0.0
20,3,C,4,6,0.5848623037338256,0.15563679873710679
20,3,C,4,7,0.2344691313803196,0.11464798091952555
20,3,C,4,8,0.7904632687568665,0.011763605548691203
20,3,C,4,9,0.2968179866671562,0.1067166263692437
20,3,C,4,10,0.4320984408259392,0.17496449826313798
20,3,C,4,11,0.7143377661705017,0.008557003385506334
20,3,C,4,12,0.0,0.0
20,3,C,4,13,0.0,0.0
20,3,C,4,14,0.0,0.0
20,3,C,4,15,0.7489521518349648,0.1215588957776472
20,3,C,4,16,0.8041302919387817,0.0052315000336543
20,3,C,4,17,0.5694606341421604,0.18273910381222708
20,3,C,4,18,0.77273308634758,0.12399635560105804
20,3,C,4,19,0.0,0.0
20,3,C,4,20,0.4136574387550354,0.17795916063146233
20,3,C,4,21,0.7857250690460205,0.007405618689148808
20,3,C,4,22,0.7439737677574157,0.0097212872462174
20,3,C,4,23,0.8278755784034729,0.0028211330004504023
20,3,C,5,0,0.5813130743801593,0.18015014365767887
20,3,C,5,1,0.2602849915623665,0.08352034870325764
20,3,C,5,2,0.7798209547996521,0.0050824306115723064
20,3,C,5,3,0.19506559371948243,0.009466830824472226
20,3,C,5,4,0.0,0.0
20,3,C,5,5,0.5906586185097694,0.19133040444228536
20,3,C,5,6,0.7574820429086685,0.12172960462235523
20,3,C,5,7,0.0,0.0
20,3,C,5,8,0.4089530438184738,0.13612003867536088
20,3,C,5,9,0.5902675777673722,0.1821294622938472
20,3,C,5,10,0.7430794835090637,0.005904267696062959
20,3,C,5,11,0.12029089778661728,0.0021212077523337313
20,3,C,5,12,0.9112363457679749,6.822460280631049e-05
20,3,C,5,13,0.0,0.0
20,3,C,5,14,0.0,0.0
20,3,C,5,15,0.0,0.0
20,3,C,5,16,0.7328062862157821,0.1130875365549048
20,3,C,5,17,0.7256044149398804,0.008420526012611163
20,3,C,5,18,0.8070024847984314,0.0022486464149736205
20,3,C,5,19,0.4118196822702885,0.17799562249247397
20,3,C,5,20,0.0,0.0
20,3,C,5,21,0.40340258926153183,0.18529745532783082
20,3,C,5,22,0.8395937919616699,0.0022794059925297463
20,3,C,5,23,0.7478851437568664,0.0034581499226555936
20,3,H,0,0,0.7652483388781548,0.12056691581610783
20,3,H,0,1,0.5841084629297256,0.17917322416984657
20,3,H,0,2,0.41876929849386213,0.17977263819993966
20,3,H,0,3,0.7606680735945701,0.1182430717776765
20,3,H,0,4,0.0,0.0
20,3,H,0,5,0.4134905427694321,0.18083438452814202
20,3,H,0,6,0.0,0.0
20,3,H,0,7,0.0,0.0
20,3,H,0,8,0.0,0.0
20,3,H,0,9,0.0,0.0
20,3,H,0,10,0.5855890929698944,0.17881625193504563
20,3,H,0,11,0.0,0.0
20,3,H,0,12,0.4131196588277817,0.179279662881575
20,3,H,0,13,0.0,0.0
20,3,H,0,14,0.0,0.0
20,3,H,0,15,0.0,0.0
20,3,H,0,16,0.0,0.0
20,3,H,0,17,0.0,0.0
20,3,H,0,18,0.5816036604344845,0.1840398690302397
20,3,H,0,19,0.5841988295316696,0.18390352502308488
20,3,H,0,20,0.0,0.0
20,3,H,0,21,0.0,0.0
20,3,H,0,22,0.0,0.0
20,3,H,0,23,0.23885009214282035,0.12102657289960406
20,3,H,1,0,0.0,0.0
20,3,H,1,1,0.40837235674262046,0.181814187566389
20,3,H,1,2,0.41028653979301455,0.1813128608139709
20,3,H,1,3,0.7646398335695267,0.1212217063100759
20,3,H,1,4,0.0,0.0
20,3,H,1,5,0.0,0.0
20,3,H,1,6,0.0,0.0
20,3,H,1,7,0.0,0.0
20,3,H,1,8,0.5939576894044876,0.1821787812678338
20,3,H,1,9,0.0,0.0
20,3,H,1,10,0.23813848346471786,0.12100449992376305
20,3,H,1,11,0.4178745999932289,0.17935500652791442
20,3,H,1,12,0.0,0.0
20,3,H,1,13,0.0,0.0
20,3,H,1,14,0.0,0.0
20,3,H,1,15,0.0,0.0
20,3,H,1,16,0.0,0.0
20,3,H,1,17,0.41441220939159396,0.1775819017581093
20,3,H,1,18,0.5874425359070301,0.18323678681241667
20,3,H,1,19,0.0,0.0
20,3,H,1,20,0.0,0.0
20,3,H,1,21,0.0,0.0
20,3,H,1,22,0.5914064675569535,0.1811814896100647
20,3,H,1,23,0.41317065358161925,0.17888805633153781
20,3,H,2,0,0.0,0.0
20,3,H,2,1,0.0,0.0
20,3,H,2,2,0.5868142142891883,0.17826047153016122
20,3,H,2,3,0.0,0.0
20,3,H,2,4,0.0,0.0
20,3,H,2,5,0.0,0.0
20,3,H,2,6,0.5864181950688362,0.1837049514445924
20,3,H,2,7,0.0,0.0
20,3,H,2,8,0.9438723444938659,7.769289531921686e-05
20,3,H,2,9,0.9371414065361023,2.1169884043672485e-05
20,3,H,2,10,0.587829415500164,0.17645734972525506
20,3,H,2,11,0.06638344153761863,5.245255189580744e-05
20,3,H,2,12,0.0,0.0
20,3,H,2,13,0.0,0.0
20,3,H,2,14,0.0,0.0
20,3,H,2,15,0.0,0.0
20,3,H,2,16,0.4156300812959671,0.17893719159837657
20,3,H,2,17,0.0,0.0
20,3,H,2,18,0.0,0.0
20,3,H,2,19,0.0,0.0
20,3,H,2,20,0.0,0.0
20,3,H,2,21,0.24499654173851013,0.12562797443522178
20,3,H,2,22,0.4142001450061798,0.1763353775058742
20,3,H,2,23,0.4105334371328354,0.18239873346045066
20,3,H,3,0,0.0,0.0
20,3,H,3,1,0.0,0.0
20,3,H,3,2,0.0,0.0
20,3,H,3,3,0.0,0.0
20,3,H,3,4,0.41472440510988234,0.17944864838397184
20,3,H,3,5,0.0,0.0
20,3,H,3,6,0.06732668578624726,0.00011108750974054616
20,3,H,3,7,0.4115266285836697,0.18006655084524795
20,3,H,3,8,0.5845051869750023,0.18071821104494962
20,3,H,3,9,0.4134459115564823,0.18115776409617643
20,3,H,3,10,0.0,0.0
20,3,H,3,11,0.41274954080581666,0.17939509406316084
20,3,H,3,12,0.0,0.0
20,3,H,3,13,0.0,0.0
20,3,H,3,14,0.0,0.0
20,3,H,3,15,0.5837143294513225,0.1813893495337974
20,3,H,3,16,0.0,0.0
20,3,H,3,17,0.0,0.0
20,3,H,3,18,0.0,0.0
20,3,H,3,19,0.0,0.0
20,3,H,3,20,0.411528892070055,0.17862369910248269
20,3,H,3,21,0.5878365345299243,0.1821479775621365
20,3,H,3,22,0.5865663796663284,0.17727690239838084
20,3,H,3,23,0.0,0.0
20,3,H,4,0,0.24171555265784264,0.12629074420231448
20,3,H,4,1,0.0,0.0
20,3,H,4,2,0.0,0.0
20,3,H,4,3,0.0,0.0
20,3,H,4,4,0.7628327295184135,0.12031810300765215
20,3,H,4,5,0.5840942867100238,0.1812894086165398
20,3,H,4,6,0.4118599608540535,0.17891157788669446
20,3,H,4,7,0.7589394465088845,0.11789402046221371
20,3,H,4,8,0.0,0.0
20,3,H,4,9,0.4190033331513405,0.18030946939374262
20,3,H,4,10,0.0,0.0
20,3,H,4,11,0.0,0.0
20,3,H,4,12,0.0,0.0
20,3,H,4,13,0.0,0.0
20,3,H,4,14,0.40980760008096695,0.17925622980286948
20,3,H,4,15,0.0,0.0
20,3,H,4,16,0.0,0.0
20,3,H,4,17,0.0,0.0
20,3,H,4,18,0.0,0.0
20,3,H,4,19,0.5896594122052192,0.18402746524033642
20,3,H,4,20,0.5867012120783329,0.18349865498485843
20,3,H,4,21,0.4111554451286793,0.18091597511777907
20,3,H,4,22,0.0,0.0
20,3,H,4,23,0.0,0.0
20,3,H,5,0,0.5922394558787346,0.18246534960391828
20,3,H,5,1,0.5934866711497306,0.18723128812215037
20,3,H,5,2,0.0,0.0
20,3,H,5,3,0.58757763504982,0.17901646685679506
20,3,H,5,4,0.5841089583933353,0.1804806283055843
20,3,H,5,5,0.24437051862478257,0.117520392309919
20,3,H,5,6,0.0,0.0
20,3,H,5,7,0.41301472336053846,0.1872472529620619
20,3,H,5,8,0.0,0.0
20,3,H,5,9,0.0,0.0
20,3,H,5,10,0.0,0.0
20,3,H,5,11,0.0,0.0
20,3,H,5,12,0.0,0.0
20,3,H,5,13,0.41270496845245364,0.17750601680140102
20,3,H,5,14,0.0,0.0
20,3,H,5,15,0.0,0.0
20,3,H,5,16,0.0,0.0
20,3,H,5,17,0.0,0.0
20,3,H,5,18,0.584745891392231,0.18011793595587822
20,3,H,5,19,0.5882617041468621,0.17747945501439455
20,3,H,5,20,0.06708425953984261,7.87037273869329e-05
20,3,H,5,21,0.0,0.0
20,3,H,5,22,0.0,0.0
20,3,H,5,23,0.0,0.0
30,4,C,0,0,0.09078967422246934,6.341936328853936e-05
30,4,C,0,1,0.37314947247505187,0.019886456418179533
30,4,C,0,2,0.6034577056765557,0.17187953342029702
30,4,C,0,3,0.19923918843269348,0.019948178914260758
30,4,C,0,4,0.4113472536206245,0.17930949108934743
30,4,C,0,5,0.2919051319360733,0.11020791765941909
30,4,C,0,6,0.5890867069363594,0.1798287835988907
30,4,C,0,7,0.24262202084064483,0.1185888283584686
30,4,C,0,8,0.2670688718557358,0.11325549085622319
30,4,C,0,9,0.7605830639600754,0.11765735061984724
30,4,C,0,10,0.8324669003486633,0.00154829538619623
30,4,C,0,11,0.7098598718643189,0.011661161096868398
30,4,C,0,12,0.7588867232203483,0.12010120950362105
30,4,C,0,13,0.41291329860687254,0.1792895992839668
30,4,C,0,14,0.0,0.0
30,4,C,0,15,0.0,0.0
30,4,C,0,16,0.7645041584968567,0.11997941596773332
30,4,C,0,17,0.5900786519050598,0.17893132050135857
30,4,C,0,18,0.7259765326976776,0.022503738731497122
30,4,C,0,19,0.7799518585205079,0.00599340350272172
30,4,C,0,20,0.2530763804912567,0.11893400656406397
30,4,C,0,21,0.25928703546524046,0.12177875037122554
30,4,C,0,22,0.4157148189842701,0.18121855649671775
30,4,C,0,23,0.4194072842597961,0.17777604875020725
30,4,C,0,24,0.23981665819883347,0.12361465829241372
30,4,C,0,25,0.07434412539005279,2.2224238193282453e-05
30,4,C,1,0,0.645678049325943,0.07277191884729903
30,4,C,1,1,0.5818327479064465,0.17913599089915624
30,4,C,1,2,0.40913757756352426,0.181838085806154
30,4,C,1,3,0.5869324505329132,0.18273520982137273
30,4,C,1,4,0.9333442330360413,0.00011091452182142804
30,4,C,1,5,0.5305634289979935,0.09309193793959576
30,4,C,1,6,0.4119252175092697,0.18133423425006903
30,4,C,1,7,0.24323124140501023,0.11853935145353786
30,4,C,1,8,0.7600559547543526,0.11916702599757575
30,4,C,1,9,0.2451289862394333,0.11759203325649074
30,4,C,1,10,0.5866508767008781,0.1797968920299089
30,4,C,1,11,0.24336092472076415,0.12050761100840286
30,4,C,1,12,0.07385673224925995,3.4656471339022943e-06
30,4,C,1,13,0.5902885511517525,0.17566013712928172
30,4,C,1,14,0.5872098267078399,0.1767778129077045
30,4,C,1,15,0.0,0.0
30,4,C,1,16,0.0,0.0
30,4,C,1,17,0.0,0.0
30,4,C,1,18,0.41465725004673004,0.1771631139893432
30,4,C,1,19,0.06923146545886993,1.61471058986562e-05
30,4,C,1,20,0.24536704868078232,0.11870214073277385
30,4,C,1,21,0.24850808531045915,0.11768024034385971
30,4,C,1,22,0.41812296211719513,0.18013718132461093
30,4,C,1,23,0.24121619313955306,0.11877569677591968
30,4,C,1,24,0.4172861710190773,0.18246697854451416
30,4,C,1,25,0.41344738006591797,0.17837415351146874
30,4,C,2,0,0.8868362665176391,0.0004472681437670189
30,4,C,2,1,0.06397702544927597,2.7195368204230296e-05
30,4,C,2,2,0.5857507541775704,0.17812589293741535
30,4,C,2,3,0.58068138808012,0.17991317681350333
30,4,C,2,4,0.7490289688110352,0.0008441140270625168
30,4,C,2,5,0.8501192927360535,0.00017701231117115413
30,4,C,2,6,0.35783967673778533,0.007898422764535198
30,4,C,2,7,0.8614935636520386,0.0012305906968856561
30,4,C,2,8,0.9188050031661987,0.0005336006027420126
30,4,C,2,9,0.8151603817939759,0.003300571786515718
30,4,C,2,10,0.0,0.0
30,4,C,2,11,0.0,0.0
30,4,C,2,12,0.4218947798013687,0.1782293584078066
30,4,C,2,13,0.24575391709804534,0.12448813263448293
30,4,C,2,14,0.8087641954421997,0.0035801871035809536
30,4,C,2,15,0.8685723900794983,0.000769135161429233
30,4,C,2,16,0.0,0.0
30,4,C,2,17,0.0,0.0
30,4,C,2,18,0.9146590113639832,0.00018419459819710938
30,4,C,2,19,0.40445695966482165,0.18332965578602173
30,4,C,2,20,0.8703630924224853,0.00012671264792430746
30,4,C,2,21,0.8914816617965698,0.0006293734809511874
30,4,C,2,22,0.8182729482650757,0.001028850915270141
30,4,C,2,23,0.7588166952133178,0.003966782740466498
30,4,C,2,24,0.7556956067681313,0.12555521442337966
30,4,C,2,25,0.5734436482191085,0.17730549511118562
30,4,C,3,0,0.24275110065937042,0.12127054909901887
30,4,C,3,1,0.2421436071395874,0.11690776098753544
30,4,C,3,2,0.7175682239234448,0.10904027458832914
30,4,C,3,3,0.9337410092353821,1.7860490458474484e-05
30,4,C,3,4,0.8073569059371948,0.0063016825761641835
30,4,C,3,5,0.9141711831092835,0.00012278157332673345
30,4,C,3,6,0.7857435822486878,0.00573653516456062
30,4,C,3,7,0.282207664847374,0.012549563692045709
30,4,C,3,8,0.8786556363105774,0.001221455091309451
30,4,C,3,9,0.7811850070953369,0.004531655010337374
30,4,C,3,10,0.0,0.0
30,4,C,3,11,0.0,0.0
30,4,C,3,12,0.0,0.0
30,4,C,3,13,0.0,0.0
30,4,C,3,14,0.8726427793502808,0.0005192052220417055
30,4,C,3,15,0.816297709941864,0.004606319353021604
30,4,C,3,16,0.2541780099272728,0.12024201423723087
30,4,C,3,17,0.4280796036124229,0.17311929395357534
30,4,C,3,18,0.5690442658960819,0.18601658043976793
30,4,C,3,19,0.5663619287312031,0.17255574505173593
30,4,C,3,20,0.7578460797667503,0.11968503670463577
30,4,C,3,21,0.4035494588315487,0.18412563917084265
30,4,C,3,22,0.8581377267837524,0.001756639358259804
30,4,C,3,23,0.817817211151123,0.0010988424824972753
30,4,C,3,24,0.7196963213384151,0.11169241565203354
30,4,C,3,25,0.5588379628956318,0.16772338668896128
30,4,C,4,0,0.7604983359575271,0.11765312576852549
30,4,C,4,1,0.24384439885616302,0.11942422273258424
30,4,C,4,2,0.4751515954732895,0.0800068626199629
30,4,C,4,3,0.9307129502296447,6.584570711311243e-05
30,4,C,4,4,0.4174256645143032,0.18071141096896456
30,4,C,4,5,0.4140882223844528,0.1787159222689764
30,4,C,4,6,0.5888554409146309,0.17665964837261494
30,4,C,4,7,0.5863325536251068,0.1792959895011493
30,4,C,4,8,0.2742130309343338,0.015211595509856046
30,4,C,4,9,0.7567169412970542,0.11846964792349786
30,4,C,4,10,0.23747094199061394,0.1206712829704925
30,4,C,4,11,0.07171944677829742,5.370832251037072e-06
30,4,C,4,12,0.0,0.0
30,4,C,4,13,0.0,0.0
30,4,C,4,14,0.0,0.0
30,4,C,4,15,0.23706219419837,0.11963522006138642
30,4,C,4,16,0.2522787287831306,0.12001687774343732
30,4,C,4,17,0.5969890177249908,0.17782153744159915
30,4,C,4,18,0.9298449635505677,9.97692825762897e-06
30,4,C,4,19,0.4042895086109638,0.18464853971917516
30,4,C,4,20,0.40839599072933197,0.18162939040830867
30,4,C,4,21,0.4134724959731102,0.17862337950795718
30,4,C,4,22,0.24941865727305412,0.12951435898324534
30,4,C,4,23,0.755152478069067,0.12442973429166004
30,4,C,4,24,0.4216364353895187,0.17363936192000706
30,4,C,4,25,0.2481438025832176,0.11830326347231154
30,4,H,0,0,0.41669265031814573,0.1778357789494242
30,4,H,0,1,0.0646056704223156,7.011112518536588e-05
30,4,H,0,2,0.5873124837875366,0.17699189958613404
30,4,H,0,3,0.5888619437813759,0.17881767143930377
30,4,H,0,4,0.0,0.0
30,4,H,0,5,0.4145731985569,0.1777410688956917
30,4,H,0,6,0.0,0.0
30,4,H,0,7,0.0,0.0
30,4,H,0,8,0.4198078140616417,0.18177145506031372
30,4,H,0,9,0.0,0.0
30,4,H,0,10,0.7642422921955585,0.12341361104018829
30,4,H,0,11,0.24135501235723494,0.1187434523994195
30,4,H,0,12,0.0,0.0
30,4,H,0,13,0.0,0.0
30,4,H,0,14,0.0,0.0
30,4,H,0,15,0.0,0.0
30,4,H,0,16,0.0,0.0
30,4,H,0,17,0.0,0.0
30,4,H,0,18,0.23890507370233535,0.1204119330929859
30,4,H,0,19,0.590682652592659,0.17831367660839084
30,4,H,0,20,0.4147950768470764,0.17725103683471347
30,4,H,0,21,0.7649416416883469,0.12241312243305624
30,4,H,0,22,0.0,0.0
30,4,H,0,23,0.0,0.0
30,4,H,0,24,0.24013009220361708,0.11891354154007665
30,4,H,0,25,0.41396885067224504,0.1775654275478895
30,4,H,1,0,0.5901723608374596,0.1780022411879258
30,4,H,1,1,0.7605661749839783,0.1180700787852416
30,4,H,1,2,0.7610645011067391,0.1210928700036817
30,4,H,1,3,0.5908521041274071,0.1789187741222459
30,4,H,1,4,0.0,0.0
30,4,H,1,5,0.4158737361431122,0.1782710453489343
30,4,H,1,6,0.0,0.0
30,4,H,1,7,0.0,0.0
30,4,H,1,8,0.5868593379855156,0.180198674072905
30,4,H,1,9,0.0,0.0
30,4,H,1,10,0.7655455380678177,0.12093893311453632
30,4,H,1,11,0.24333545118570327,0.11883098581183656
30,4,H,1,12,0.0,0.0
30,4,H,1,13,0.0,0.0
30,4,H,1,14,0.0,0.0
30,4,H,1,15,0.0,0.0
30,4,H,1,16,0.0,0.0
30,4,H,1,17,0.0,0.0
30,4,H,1,18,0.5873865082859993,0.17705908311629748
30,4,H,1,19,0.5879152089357376,0.1766142522490189
30,4,H,1,20,0.58507699072361,0.18072465135197896
30,4,H,1,21,0.5862126559019089,0.18177764783459177
30,4,H,1,22,0.0,0.0
30,4,H,1,23,0.0,0.0
30,4,H,1,24,0.5867573007941246,0.179948861131988
30,4,H,1,25,0.41299489289522173,0.1781418452447519
30,4,H,2,0,0.7674872025847435,0.12042165704521686
30,4,H,2,1,0.06869661211967468,4.2010883362739727e-05
30,4,H,2,2,0.0,0.0
30,4,H,2,3,0.41765432581305506,0.1858716635948261
30,4,H,2,4,0.414228967577219,0.1790973702547318
30,4,H,2,5,0.41331394761800766,0.17732616063827084
30,4,H,2,6,0.0,0.0
30,4,H,2,7,0.4174668535590172,0.17814024209067775
30,4,H,2,8,0.0,0.0
30,4,H,2,9,0.0,0.0
30,4,H,2,10,0.0,0.0
30,4,H,2,11,0.0,0.0
30,4,H,2,12,0.7623060941696167,0.11913867063749564
30,4,H,2,13,0.5883759275078774,0.18008286057345396
30,4,H,2,14,0.0,0.0
30,4,H,2,15,0.0,0.0
30,4,H,2,16,0.0,0.0
30,4,H,2,17,0.0,0.0
30,4,H,2,18,0.4162960648536682,0.1777926975728655
30,4,H,2,19,0.23799077644944192,0.11955130970278645
30,4,H,2,20,0.7579354792833328,0.1200092144874036
30,4,H,2,21,0.24630792140960694,0.12391003389977195
30,4,H,2,22,0.7630422294139863,0.11909414226392398
30,4,H,2,23,0.0,0.0
30,4,H,2,24,0.0,0.0
30,4,H,2,25,0.0,0.0
30,4,H,3,0,0.5874361872673035,0.17659346370773393
30,4,H,3,1,0.7592802673578263,0.1177142660277142
30,4,H,3,2,0.0,0.0
30,4,H,3,3,0.4168605491518974,0.17738364085854072
30,4,H,3,4,0.24257002621889115,0.11796724403133521
30,4,H,3,5,0.5831605188548565,0.1788782185401702
30,4,H,3,6,0.0,0.0
30,4,H,3,7,0.4170902445912361,0.17793120073156538
30,4,H,3,8,0.0,0.0
30,4,H,3,9,0.0,0.0
30,4,H,3,10,0.0,0.0
30,4,H,3,11,0.0,0.0
30,4,H,3,12,0.5892714992165565,0.1787540855645296
30,4,H,3,13,0.7597501814365387,0.11944259997222786
30,4,H,3,14,0.0,0.0
30,4,H,3,15,0.0,0.0
30,4,H,3,16,0.0,0.0
30,4,H,3,17,0.0,0.0
30,4,H,3,18,0.5925946518778801,0.1805234253813209
30,4,H,3,19,0.24521540030837058,0.12294846545495705
30,4,H,3,20,0.41469364166259765,0.17661011364044513
30,4,H,3,21,0.23964594975113868,0.11895488607702331
30,4,H,3,22,0.590641662478447,0.1797015464403929
30,4,H,3,23,0.0,0.0
30,4,H,3,24,0.0,0.0
30,4,H,3,25,0.0,0.0
30,4,H,4,0,0.4114786580204964,0.17921048991109628
30,4,H,4,1,0.0,0.0
30,4,H,4,2,0.0,0.0
30,4,H,4,3,0.0,0.0
30,4,H,4,4,0.23731769174337386,0.119999920961769
30,4,H,4,5,0.5906291693449021,0.17954931650249858
30,4,H,4,6,0.4138422802090645,0.17869261921266938
30,4,H,4,7,0.7619446694850922,0.11924333275977743
30,4,H,4,8,0.0,0.0
30,4,H,4,9,0.2404402159154415,0.12039761464619939
30,4,H,4,10,0.0,0.0
30,4,H,4,11,0.0,0.0
30,4,H,4,12,0.0,0.0
30,4,H,4,13,0.0,0.0
30,4,H,4,14,0.7577937722206116,0.12063498983618559
30,4,H,4,15,0.0,0.0
30,4,H,4,16,0.0,0.0
30,4,H,4,17,0.0,0.0
30,4,H,4,18,0.0,0.0
30,4,H,4,19,0.0,0.0
30,4,H,4,20,0.4102847561240196,0.17946413400238526
30,4,H,4,21,0.41679797023534776,0.17968667407225453
30,4,H,4,22,0.7574944093823432,0.1172132589357914
30,4,H,4,23,0.5851218596100807,0.1785142094807676
30,4,H,4,24,0.0,0.0
30,4,H,4,25,0.0,0.0
30,4,H,5,0,0.0,0.0
30,4,H,5,1,0.0,0.0
30,4,H,5,2,0.4145583860576153,0.1814633937029406
30,4,H,5,3,0.0,0.0
30,4,H,5,4,0.7597120046615601,0.12057532788706679
30,4,H,5,5,0.0,0.0
30,4,H,5,6,0.5868033528327942,0.17884105620864743
30,4,H,5,7,0.41458257734775544,0.1769775196246844
30,4,H,5,8,0.41536511331796644,0.18129208986349699
30,4,H,5,9,0.4119720429182053,0.1773508594792857
30,4,H,5,10,0.0,0.0
30,4,H,5,11,0.0,0.0
30,4,H,5,12,0.0,0.0
30,4,H,5,13,0.0,0.0
30,4,H,5,14,0.0,0.0
30,4,H,5,15,0.5850070178508758,0.17782741583680564
30,4,H,5,16,0.0,0.0
30,4,H,5,17,0.0,0.0
30,4,H,5,18,0.0,0.0
30,4,H,5,19,0.0,0.0
30,4,H,5,20,0.0,0.0
30,4,H,5,21,0.0,0.0
30,4,H,5,22,0.5863979458808899,0.17698115371519202
30,4,H,5,23,0.7584148570895195,0.11824562454479559
30,4,H,5,24,0.5858467169106006,0.1832326695375917
30,4,H,5,25,0.41792699992656707,0.17955355226249242
30,4,H,6,0,0.0,0.0
30,4,H,6,1,0.4136517196893692,0.17807684494496964
30,4,H,6,2,0.40885689929127694,0.18089519133311976
30,4,H,6,3,0.4129779517650604,0.18005660615070113
30,4,H,6,4,0.0,0.0
30,4,H,6,5,0.0,0.0
30,4,H,6,6,0.5886177197098732,0.17758441228599037
30,4,H,6,7,0.0,0.0
30,4,H,6,8,0.585611866414547,0.17932170388003374
30,4,H,6,9,0.5895561397075653,0.17786060170608112
30,4,H,6,10,0.0,0.0
30,4,H,6,11,0.0,0.0
30,4,H,6,12,0.0,0.0
30,4,H,6,13,0.0,0.0
30,4,H,6,14,0.0,0.0
30,4,H,6,15,0.0,0.0
30,4,H,6,16,0.5906447350978852,0.1794156935681087
30,4,H,6,17,0.5857445940375328,0.18076621554649372
30,4,H,6,18,0.41327357813715937,0.18343550513301826
30,4,H,6,19,0.5886652350425721,0.17812531036572837
30,4,H,6,20,0.0,0.0
30,4,H,6,21,0.0,0.0
30,4,H,6,22,0.0,0.0
30,4,H,6,23,0.7586343914270401,0.11994979923516917
30,4,H,6,24,0.4121589630842209,0.17927275117797103
30,4,H,6,25,0.41511728540062903,0.1819232128670894
30,4,H,7,0,0.0,0.0
30,4,H,7,1,0.24444913119077682,0.11754593299343934
30,4,H,7,2,0.759275133907795,0.11787678371978394
30,4,H,7,3,0.7655073970556259,0.11979050706750809
30,4,H,7,4,0.0,0.0
30,4,H,7,5,0.0,0.0
30,4,H,7,6,0.41312103122472765,0.178177412764988
30,4,H,7,7,0.0,0.0
30,4,H,7,8,0.7592512264847755,0.11819086045145741
30,4,H,7,9,0.4108430281281471,0.1848731504178803
30,4,H,7,10,0.0,0.0
30,4,H,7,11,0.0,0.0
30,4,H,7,12,0.0,0.0
30,4,H,7,13,0.0,0.0
30,4,H,7,14,0.0,0.0
30,4,H,7,15,0.0,0.0
30,4,H,7,16,0.4164668366312981,0.17885947990992565
30,4,H,7,17,0.41446884870529177,0.17694802063752033
30,4,H,7,18,0.41465197801589965,0.17662354941920574
30,4,H,7,19,0.23780924528837205,0.11963461891739333
30,4,H,7,20,0.0,0.0
30,4,H,7,21,0.0,0.0
30,4,H,7,22,0.0,0.0
30,4,H,7,23,0.5876572303473949,0.18199420858275867
30,4,H,7,24,0.5884322836995125,0.17699148994473918
30,4,H,7,25,0.40859220623970033,0.18457720801379018
40,5,C,0,0,0.6630756594240665,0.1082276522879376
40,5,C,0,1,0.703558337688446,0.006285682471294365
40,5,C,0,2,0.8418002843856811,0.001921067841862225
40,5,C,0,3,0.7760776042938232,0.00439516573136359
40,5,C,0,4,0.7595262177288532,0.12153394264435893
40,5,C,0,5,0.5310504987835885,0.1476297859075011
40,5,C,0,6,0.0,0.0
40,5,C,0,7,0.2430986523628235,0.11728198326550446
40,5,C,0,8,0.8590861201286316,0.0007087878091633116
40,5,C,0,9,0.0,0.0
40,5,C,0,10,0.06495006382465363,8.439379454552864e-05
40,5,C,0,11,0.41951923370361327,0.17646467139263064
40,5,C,0,12,0.7638340443372726,0.11890677709700999
40,5,C,0,13,0.0,0.0
40,5,C,0,14,0.0,0.0
40,5,C,0,15,0.0,0.0
40,5,C,0,16,0.7943484425544739,0.0024621044603856035
40,5,C,0,17,0.5917729049921036,0.18082036560615855
40,5,C,0,18,0.6994191996753216,0.1131863586119963
40,5,C,0,19,0.8764055013656616,0.0007339303817880705
40,5,C,0,20,0.8891010403633117,0.0002881778028259418
40,5,C,0,21,0.0,0.0
40,5,C,0,22,0.0,0.0
40,5,C,0,23,0.0,0.0
40,5,C,1,0,0.753334355354309,0.0019644738498973877
40,5,C,1,1,0.8378325223922729,0.0017552555813188063
40,5,C,1,2,0.4094828933477402,0.17948052901358932
40,5,C,1,3,0.8134675979614258,0.0019783577917459635
40,5,C,1,4,0.8561265110969544,0.001121322401264422
40,5,C,1,5,0.8128782033920288,0.0010067724404271418
40,5,C,1,6,0.4076741002500057,0.1828834969826876
40,5,C,1,7,0.7203482270240784,0.013066015520448674
40,5,C,1,8,0.7318758793175221,0.11473502803993282
40,5,C,1,9,0.7458185762166977,0.1213522721052271
40,5,C,1,10,0.0,0.0
40,5,C,1,11,0.0,0.0
40,5,C,1,12,0.0,0.0
40,5,C,1,13,0.0,0.0
40,5,C,1,14,0.0,0.0
40,5,C,1,15,0.0,0.0
40,5,C,1,16,0.8290035367012024,0.002437648777221
40,5,C,1,17,0.84220449924469,0.0011595275941706973
40,5,C,1,18,0.5629346154630184,0.17802312417836655
40,5,C,1,19,0.7502515003085136,0.12106138768514771
40,5,C,1,20,0.7521612592041492,0.1226154023957647
40,5,C,1,21,0.4027337573468685,0.18296003351832119
40,5,C,1,22,0.7430436633527279,0.12173623171940069
40,5,C,1,23,0.9224130630493164,6.761589807581458e-05
40,5,C,2,0,0.7565784677863121,0.10842704255051623
40,5,C,2,1,0.4144530832767487,0.17819121166178964
40,5,C,2,2,0.0,0.0
40,5,C,2,3,0.4128764197230339,0.17950526461614608
40,5,C,2,4,0.7167358040809632,0.014198960648801917
40,5,C,2,5,0.9051357507705688,0.0009839867414839886
40,5,C,2,6,0.8740325450897217,0.005017334491112137
40,5,C,2,7,0.7574359536170959,0.002381466537640051
40,5,C,2,8,0.0,0.0
40,5,C,2,9,0.827314043045044,0.001780355716987856
40,5,C,2,10,0.0,0.0
40,5,C,2,11,0.0,0.0
40,5,C,2,12,0.0,0.0
40,5,C,2,13,0.422421595454216,0.1748510468233175
40,5,C,2,14,0.4183794155716896,0.1748546531660485
40,5,C,2,15,0.7698045179247857,0.11835391561435801
40,5,C,2,16,0.24507186710834503,0.1198458141207994
40,5,C,2,17,0.790686058998108,0.0038192322105848574
40,5,C,2,18,0.0,0.0
40,5,C,2,19,0.0,0.0
40,5,C,2,20,0.0,0.0
40,5,C,2,21,0.8895030856132508,0.00030453371917730013
40,5,C,2,22,0.8543734192848206,0.00037030542303369886
40,5,C,2,23,0.8667155385017395,0.0002993622573134758
40,5,C,3,0,0.24079323038458825,0.11918839306984463
40,5,C,3,1,0.9172087192535401,3.069309986955204e-05
40,5,C,3,2,0.2648654729127884,0.005651412143181922
40,5,C,3,3,0.1111772358417511,0.00031861906131196437
40,5,C,3,4,0.0,0.0
40,5,C,3,5,0.5888511463999748,0.1801311657324866
40,5,C,3,6,0.0,0.0
40,5,C,3,7,0.0,0.0
40,5,C,3,8,0.4213526636362076,0.17989820899759063
40,5,C,3,9,0.0,0.0
40,5,C,3,10,0.7831110954284668,0.009429997570461524
40,5,C,3,11,0.7623943209648132,0.0013687195015668863
40,5,C,3,12,0.7925999164581299,0.013489201001185336
40,5,C,3,13,0.0,0.0
40,5,C,3,14,0.0,0.0
40,5,C,3,15,0.0,0.0
40,5,C,3,16,0.25237415730953217,0.12226719289881557
40,5,C,3,17,0.0,0.0
40,5,C,3,18,0.7478382229804993,0.01725281773802948
40,5,C,3,19,0.8947900056838989,0.0012806525696694847
40,5,C,3,20,0.7832002401351928,0.003775762934658076
40,5,C,3,21,0.0,0.0
40,5,C,3,22,0.0,0.0
40,5,C,3,23,0.0,0.0
40,5,C,4,0,0.7570034235715866,0.12024137265090293
40,5,C,4,1,0.0,0.0
40,5,C,4,2,0.0,0.0
40,5,C,4,3,0.0,0.0
40,5,C,4,4,0.5785414174199104,0.17156779092262364
40,5,C,4,5,0.24146025255322456,0.11834166168895152
40,5,C,4,6,0.2837018042802811,0.008071920009179081
40,5,C,4,7,0.09468964636325836,6.83588540322999e-05
40,5,C,4,8,0.0,0.0
40,5,C,4,9,0.42354730814695357,0.17939781630082138
40,5,C,4,10,0.0,0.0
40,5,C,4,11,0.0,0.0
40,5,C,4,12,0.0,0.0
40,5,C,4,13,0.8034912586212158,0.0015477146744979108
40,5,C,4,14,0.7014635682106019,0.0064620467162973235
40,5,C,4,15,0.6842168688774108,0.03973375307235387
40,5,C,4,16,0.0,0.0
40,5,C,4,17,0.2483552187681198,0.11462492953165763
40,5,C,4,18,0.0,0.0
40,5,C,4,19,0.0,0.0
40,5,C,4,20,0.0,0.0
40,5,C,4,21,0.8193953275680542,0.004393246557878569
40,5,C,4,22,0.7852011561393738,0.006887423681858139
40,5,C,4,23,0.6928464710712433,0.0940330917921601
40,5,H,0,0,0.41477580070495607,0.17665550383959264
40,5,H,0,1,0.7567167043685913,0.11828353680832693
40,5,H,0,2,0.06852035075426102,7.500788861567465e-06
40,5,H,0,3,0.9297566890716553,8.233427620609745e-06
40,5,H,0,4,0.0,0.0
40,5,H,0,5,0.4204702332615852,0.18130689114728876
40,5,H,0,6,0.0,0.0
40,5,H,0,7,0.0,0.0
40,5,H,0,8,0.24191198647022247,0.11732792538923983
40,5,H,0,9,0.0,0.0
40,5,H,0,10,0.0,0.0
40,5,H,0,11,0.0,0.0
40,5,H,0,12,0.0,0.0
40,5,H,0,13,0.0,0.0
40,5,H,0,14,0.0,0.0
40,5,H,0,15,0.0,0.0
40,5,H,0,16,0.23859424367547036,0.12492152646244878
40,5,H,0,17,0.0,0.0
40,5,H,0,18,0.7560355134308339,0.1206459103117143
40,5,H,0,19,0.5867513060569763,0.1762851304657644
40,5,H,0,20,0.23613381311297416,0.12053868657573019
40,5,H,0,21,0.0,0.0
40,5,H,0,22,0.0,0.0
40,5,H,0,23,0.0,0.0
40,5,H,1,0,0.4163601830601692,0.17901972993326443
40,5,H,1,1,0.0,0.0
40,5,H,1,2,0.0,0.0
40,5,H,1,3,0.0,0.0
40,5,H,1,4,0.4151886060833931,0.1785439964409803
40,5,H,1,5,0.4224665194749832,0.18330890366170144
40,5,H,1,6,0.5866811290383339,0.17733186028937015
40,5,H,1,7,0.23789853304624559,0.12235519701044299
40,5,H,1,8,0.0,0.0
40,5,H,1,9,0.588667257130146,0.1789752937200037
40,5,H,1,10,0.0,0.0
40,5,H,1,11,0.0,0.0
40,5,H,1,12,0.0,0.0
40,5,H,1,13,0.0,0.0
40,5,H,1,14,0.0,0.0
40,5,H,1,15,0.0,0.0
40,5,H,1,16,0.0,0.0
40,5,H,1,17,0.23751043677330017,0.11946575777985295
40,5,H,1,18,0.0,0.0
40,5,H,1,19,0.0,0.0
40,5,H,1,20,0.0,0.0
40,5,H,1,21,0.41751726120710375,0.17922726530770308
40,5,H,1,22,0.5916147604584694,0.1794917930085062
40,5,H,1,23,0.7583511993288994,0.12015857203078788
40,5,H,2,0,0.0,0.0
40,5,H,2,1,0.24237831979990004,0.12204648606054218
40,5,H,2,2,0.7564825482666493,0.1213357674329207
40,5,H,2,3,0.7594646871089935,0.11800094962406446
40,5,H,2,4,0.0,0.0
40,5,H,2,5,0.0,0.0
40,5,H,2,6,0.0,0.0
40,5,H,2,7,0.0,0.0
40,5,H,2,8,0.0,0.0
40,5,H,2,9,0.0,0.0
40,5,H,2,10,0.40991451367735865,0.1799159790154175
40,5,H,2,11,0.5842349320650101,0.17882713107574494
40,5,H,2,12,0.07112696766853333,3.7359904741629533e-06
40,5,H,2,13,0.0,0.0
40,5,H,2,14,0.0,0.0
40,5,H,2,15,0.0,0.0
40,5,H,2,16,0.5861816585063935,0.17927498471052786
40,5,H,2,17,0.0,0.0
40,5,H,2,18,0.586804173886776,0.17971814996660956
40,5,H,2,19,0.24101263284683228,0.11850274313494091
40,5,H,2,20,0.41236393228173257,0.1784388745558005
40,5,H,2,21,0.0,0.0
40,5,H,2,22,0.0,0.0
40,5,H,2,23,0.0,0.0
40,5,H,3,0,0.0,0.0
40,5,H,3,1,0.4179436877369881,0.183107924517645
40,5,H,3,2,0.06144727319478989,9.994565749603892e-05
40,5,H,3,3,0.7572070360183716,0.11980819714479907
40,5,H,3,4,0.0,0.0
40,5,H,3,5,0.0,0.0
40,5,H,3,6,0.0,0.0
40,5,H,3,7,0.0,0.0
40,5,H,3,8,0.0,0.0
40,5,H,3,9,0.0,0.0
40,5,H,3,10,0.5867324188351631,0.17694202991927835
40,5,H,3,11,0.5911467522382736,0.17930141303771502
40,5,H,3,12,0.5862278401851654,0.1777009921589078
40,5,H,3,13,0.0,0.0
40,5,H,3,14,0.0,0.0
40,5,H,3,15,0.0,0.0
40,5,H,3,16,0.4146819353103638,0.1774529003961523
40,5,H,3,17,0.0,0.0
40,5,H,3,18,0.41499486565589905,0.1810982308242833
40,5,H,3,19,0.41616263389587405,0.17807663110637867
40,5,H,3,20,0.5894996121525764,0.1801140785481085
40,5,H,3,21,0.0,0.0
40,5,H,3,22,0.0,0.0
40,5,H,3,23,0.0,0.0
40,5,H,4,0,0.0,0.0
40,5,H,4,1,0.5886549860239029,0.17913173700597115
40,5,H,4,2,0.06543072983622551,6.859235654959273e-05
40,5,H,4,3,0.5895865812897683,0.18099889945900544
40,5,H,4,4,0.0,0.0
40,5,H,4,5,0.0,0.0
40,5,H,4,6,0.0,0.0
40,5,H,4,7,0.0,0.0
40,5,H,4,8,0.0,0.0
40,5,H,4,9,0.0,0.0
40,5,H,4,10,0.41290637627244,0.17764666236093518
40,5,H,4,11,0.7603952705860137,0.11832314927557934
40,5,H,4,12,0.7702178195118904,0.1220603096801691
40,5,H,4,13,0.0,0.0
40,5,H,4,14,0.0,0.0
40,5,H,4,15,0.0,0.0
40,5,H,4,16,0.580024003982544,0.18317341862230316
40,5,H,4,17,0.0,0.0
40,5,H,4,18,0.24158519208431245,0.11839465234280458
40,5,H,4,19,0.4171401172876358,0.17972987104604718
40,5,H,4,20,0.4054229617118835,0.18335103495688615
40,5,H,4,21,0.0,0.0
40,5,H,4,22,0.0,0.0
40,5,H,4,23,0.0,0.0
40,5,H,5,0,0.0,0.0
40,5,H,5,1,0.0,0.0
40,5,H,5,2,0.0,0.0
40,5,H,5,3,0.0,0.0
40,5,H,5,4,0.40835678577423096,0.18080750035551874
40,5,H,5,5,0.0,0.0
40,5,H,5,6,0.23172163218259811,0.12154935303875329
40,5,H,5,7,0.24629065543413162,0.12406551199627855
40,5,H,5,8,0.0,0.0
40,5,H,5,9,0.0,0.0
40,5,H,5,10,0.0,0.0
40,5,H,5,11,0.0,0.0
40,5,H,5,12,0.0,0.0
40,5,H,5,13,0.4110599927604198,0.1801469364148804
40,5,H,5,14,0.587377841770649,0.17738502901262848
40,5,H,5,15,0.24819218814373017,0.12548302137525336
40,5,H,5,16,0.0,0.0
40,5,H,5,17,0.41584222540259363,0.18120126416855895
40,5,H,5,18,0.0,0.0
40,5,H,5,19,0.0,0.0
40,5,H,5,20,0.0,0.0
40,5,H,5,21,0.41528567522764204,0.1804602809486745
40,5,H,5,22,0.41297225207090377,0.17887744405403513
40,5,H,5,23,0.2403000719845295,0.1211963962410098
40,5,H,6,0,0.0,0.0
40,5,H,6,1,0.0,0.0
40,5,H,6,2,0.0,0.0
40,5,H,6,3,0.0,0.0
40,5,H,6,4,0.41335643976926806,0.1780837215186805
40,5,H,6,5,0.0,0.0
40,5,H,6,6,0.41495354771614074,0.17670540726037687
40,5,H,6,7,0.24138722643256189,0.11934758287360665
40,5,H,6,8,0.0,0.0
40,5,H,6,9,0.0,0.0
40,5,H,6,10,0.0,0.0
40,5,H,6,11,0.0,0.0
40,5,H,6,12,0.0,0.0
40,5,H,6,13,0.41178815588355067,0.17830394225881718
40,5,H,6,14,0.4122798517346382,0.1794130465873578
40,5,H,6,15,0.5912940949201584,0.17928345003474805
40,5,H,6,16,0.0,0.0
40,5,H,6,17,0.06957557052373886,6.666704452840122e-06
40,5,H,6,18,0.0,0.0
40,5,H,6,19,0.0,0.0
40,5,H,6,20,0.0,0.0
40,5,H,6,21,0.41885130703449247,0.17965911362852754
40,5,H,6,22,0.4111514024436474,0.18020167725862213
40,5,H,6,23,0.4164883174002171,0.18183439777748006
40,5,H,7,0,0.0,0.0
40,5,H,7,1,0.0,0.0
40,5,H,7,2,0.0,0.0
40,5,H,7,3,0.0,0.0
40,5,H,7,4,0.24304233193397523,0.11968969511068832
40,5,H,7,5,0.0,0.0
40,5,H,7,6,0.5902479529380799,0.1854357150926182
40,5,H,7,7,0.4123502179980278,0.17812855447303205
40,5,H,7,8,0.0,0.0
40,5,H,7,9,0.0,0.0
40,5,H,7,10,0.0,0.0
40,5,H,7,11,0.0,0.0
40,5,H,7,12,0.0,0.0
40,5,H,7,13,0.7575938820838928,0.12141188482369272
40,5,H,7,14,0.41418278217315674,0.1783447152171848
40,5,H,7,15,0.4162283390760422,0.17916632008606076
40,5,H,7,16,0.0,0.0
40,5,H,7,17,0.41303853541612623,0.1801900697814109
40,5,H,7,18,0.0,0.0
40,5,H,7,19,0.0,0.0
40,5,H,7,20,0.0,0.0
40,5,H,7,21,0.4142263293266296,0.17678685083191265
40,5,H,7,22,0.7653165832161903,0.11992618906065151
40,5,H,7,23,0.2423966944217682,0.11848087747020371
50,6,C,0,0,0.7521275892853737,0.11369441655017773
50,6,C,0,1,0.7027183294296264,0.008907968524112278
50,6,C,0,2,0.9109110355377197,1.1514219622767996e-05
50,6,C,0,3,0.6078615128993988,0.02657488813766392
50,6,C,0,4,0.4176072463393211,0.1813404699390772
50,6,C,0,5,0.4178972661495209,0.037419637926645634
50,6,C,0,6,0.590543894469738,0.1787517731794622
50,6,C,0,7,0.521931329369545,0.08576206405646558
50,6,C,0,8,0.7703183919191361,0.12089511141270856
50,6,C,0,9,0.2319723628461361,0.11799212167718309
50,6,C,0,10,0.5909290447831154,0.17900335911093357
50,6,C,0,11,0.5920011296868324,0.1805487584227462
50,6,C,0,12,0.2506998419761658,0.11667004388259328
50,6,C,0,13,0.24151978194713591,0.11891762574939371
50,6,C,0,14,0.2531700238585472,0.10730220368616236
50,6,C,0,15,0.411478029936552,0.1794142374857263
50,6,C,0,16,0.0,0.0
50,6,C,0,17,0.0,0.0
50,6,C,0,18,0.0,0.0
50,6,C,0,19,0.5839953869581223,0.17982960302726406
50,6,C,0,20,0.24704567193984986,0.1194657700072211
50,6,C,0,21,0.7642635270953179,0.11906025978341965
50,6,C,0,22,0.1760745167732239,0.0027172642148254236
50,6,C,0,23,0.4088639870285988,0.1724873387048565
50,6,C,0,24,0.4139971137046814,0.17712658704945147
50,6,C,0,25,0.4132832117378712,0.17996659322812092
50,6,C,0,26,0.5889851838350296,0.17793243811571044
50,6,C,0,27,0.6269256487488747,0.14051062209633047
50,6,C,0,28,0.7517133578658104,0.11863940381146812
50,6,C,0,29,0.9222968935966491,6.009883424468399e-05
50,6,C,1,0,0.663565507531166,0.09586325525302894
50,6,C,1,1,0.5877031549811363,0.17821279802855788
50,6,C,1,2,0.7609966054558754,0.1188444795133651
50,6,C,1,3,0.09481381773948669,0.0006740280695807544
50,6,C,1,4,0.41837757378816604,0.1762162049186391
50,6,C,1,5,0.7633446022868157,0.11843117499584503
50,6,C,1,6,0.5876688532531261,0.1800374273983723
50,6,C,1,7,0.2461077317595482,0.08669780986620612
50,6,C,1,8,0.4115134485065937,0.18023596492902988
50,6,C,1,9,0.32162216007709504,0.1049584688886552
50,6,C,1,10,0.7614798679947853,0.11819386458499663
50,6,C,1,11,0.08854881823062896,0.0009094764883428397
50,6,C,1,12,0.06893363669514656,2.2374133335825162e-05
50,6,C,1,13,0.24352605938911437,0.11875421768126108
50,6,C,1,14,0.5870701819658279,0.17930589797189572
50,6,C,1,15,0.41573925465345385,0.17619077784566822
50,6,C,1,16,0.06915522813796997,4.571172525160705e-06
50,6,C,1,17,0.4145587615668774,0.17967846779217436
50,6,C,1,18,0.0,0.0
50,6,C,1,19,0.0,0.0
50,6,C,1,20,0.40976527556777,0.18079925461099672
50,6,C,1,21,0.4136401653289795,0.17785142991525907
50,6,C,1,22,0.5883772730827331,0.180245272167821
50,6,C,1,23,0.39504981189966204,0.12907494195295716
50,6,C,1,24,0.24524824768304826,0.12092011423124922
50,6,C,1,25,0.06880138367414475,2.3154807930461098e-05
50,6,C,1,26,0.7603024542331696,0.11982208603321354
50,6,C,1,27,0.9357302069664002,1.3329977519163093e-05
50,6,C,1,28,0.23887714147567748,0.11940327680169749
50,6,C,1,29,0.5918116316199302,0.17924076089094132
50,6,C,2,0,0.5905011460185051,0.18018951807552053
50,6,C,2,1,0.24303411245346068,0.11930492636256584
50,6,C,2,2,0.24174497425556182,0.11904330230827125
50,6,C,2,3,0.41257034838199613,0.1808705848176047
50,6,C,2,4,0.41839530915021894,0.17775718657821238
50,6,C,2,5,0.24249805361032487,0.12225540640410126
50,6,C,2,6,0.8062363862991333,0.008985890309317313
50,6,C,2,7,0.4098924919962883,0.1719599676362559
50,6,C,2,8,0.42128887921571734,0.18201601346001056
50,6,C,2,9,0.588192480802536,0.17666625292356755
50,6,C,2,10,0.40998961925506594,0.17153887380031835
50,6,C,2,11,0.4123967558145523,0.019902652058287486
50,6,C,2,12,0.5883704245090484,0.17869565703742932
50,6,C,2,13,0.41429765298962595,0.18038449466977413
50,6,C,2,14,0.0,0.0
50,6,C,2,15,0.24286422580480577,0.11796110186723663
50,6,C,2,16,0.4210793703794479,0.17355533979029683
50,6,C,2,17,0.6096453189849853,0.16327639966450314
50,6,C,2,18,0.41118136048316956,0.1795170449934708
50,6,C,2,19,0.0,0.0
50,6,C,2,20,0.0,0.0
50,6,C,2,21,0.0,0.0
50,6,C,2,22,0.4144713819026947,0.1796475067928983
50,6,C,2,23,0.41150602996349334,0.1768574163851076
50,6,C,2,24,0.25197167992591857,0.1182661444889133
50,6,C,2,25,0.42753903567790985,0.17198889819336732
50,6,C,2,26,0.752653905749321,0.11591209202803651
50,6,C,2,27,0.5858587831258774,0.18146266373846345
50,6,C,2,28,0.24243548065423964,0.12521000648612007
50,6,C,2,29,0.7606062039732933,0.11793519817760112
50,6,C,3,0,0.08379357010126114,9.364951458318506e-05
50,6,C,3,1,0.08302200436592103,9.05924719592921e-05
50,6,C,3,2,0.807656216621399,0.0015344577033309292
50,6,C,3,3,0.9160027980804444,6.35806570932118e-05
50,6,C,3,4,0.0,0.0
50,6,C,3,5,0.075592540204525,3.726588373749173e-05
50,6,C,3,6,0.3888532668352127,0.058906568217506464
50,6,C,3,7,0.5785813674330711,0.17738244069852635
50,6,C,3,8,0.0,0.0
50,6,C,3,9,0.6076769217848778,0.17422627136854532
50,6,C,3,10,0.7963874816894532,0.0010697434525275182
50,6,C,3,11,0.8460250496864319,0.00018724280205333342
50,6,C,3,12,0.3718941867351532,0.00669673773276834
50,6,C,3,13,0.8418781280517578,0.0002467398138824706
50,6,C,3,14,0.0,0.0
50,6,C,3,15,0.0,0.0
50,6,C,3,16,0.423303447663784,0.17771534461722624
50,6,C,3,17,0.25312582701444625,0.1222436461523966
50,6,C,3,18,0.7936886072158813,0.0024899631150125854
50,6,C,3,19,0.8583126783370971,0.0017142028519663197
50,6,C,3,20,0.0,0.0
50,6,C,3,21,0.0,0.0
50,6,C,3,22,0.5896095611155033,0.184720915301476
50,6,C,3,23,0.9102538704872132,0.00010757568030527411
50,6,C,3,24,0.8506569266319275,0.0024100702553297992
50,6,C,3,25,0.900811517238617,0.0005518176209429271
50,6,C,3,26,0.8307720065116883,0.0032384362619603735
50,6,C,3,27,0.8120688080787659,0.00033654549273819616
50,6,C,3,28,0.0,0.0
50,6,C,3,29,0.0,0.0
50,6,C,4,0,0.25966828465461733,0.11766014406741658
50,6,C,4,1,0.859177565574646,0.002249003185904428
50,6,C,4,2,0.8069571018218994,0.0008385770726769692
50,6,C,4,3,0.8071847438812256,0.006858361763209189
50,6,C,4,4,0.4331364154815674,0.17786566335305198
50,6,C,4,5,0.8967652797698975,0.0004855032588685049
50,6,C,4,6,0.2552424430847168,0.11794764331183094
50,6,C,4,7,0.8860744357109069,0.0001666839983036539
50,6,C,4,8,0.27446318715810775,0.11332115922273875
50,6,C,4,9,0.5978782966732978,0.17993456189628848
50,6,C,4,10,0.843270194530487,0.00299668810412669
50,6,C,4,11,0.5470490843057633,0.16456375974438403
50,6,C,4,12,0.8466208100318908,0.0003063327969391594
50,6,C,4,13,0.36068350076675415,0.0012541780143873638
50,6,C,4,14,0.42566060423851015,0.17534349016791734
50,6,C,4,15,0.0,0.0
50,6,C,4,16,0.0,0.0
50,6,C,4,17,0.0,0.0
50,6,C,4,18,0.8712246298789978,0.00140501139531807
50,6,C,4,19,0.8373535513877869,0.005140815807835395
50,6,C,4,20,0.0,0.0
50,6,C,4,21,0.0,0.0
50,6,C,4,22,0.5496985837817192,0.151106480418517
50,6,C,4,23,0.9219161748886109,0.0001010251407157625
50,6,C,4,24,0.7470545932650566,0.11946915561905662
50,6,C,4,25,0.7431475974619388,0.12300410347932074
50,6,C,4,26,0.8323670148849487,0.0016214978815631297
50,6,C,4,27,0.8253526449203491,0.0026214716452565767
50,6,C,4,28,0.5597150348126888,0.17288311251754868
50,6,C,4,29,0.9029376626014709,3.2402714941781597e-06
50,6,C,5,0,0.41701371073722837,0.18069208739899129
50,6,C,5,1,0.07228647470474243,1.7866806824131663e-05
50,6,C,5,2,0.06593967154622078,2.1537393074768648e-05
50,6,C,5,3,0.41683686822652816,0.179402805644194
50,6,C,5,4,0.447445946931839,0.10649698471935713
50,6,C,5,5,0.7580388218164444,0.12665154687546196
50,6,C,5,6,0.5877909243106842,0.17665733185931154
50,6,C,5,7,0.4214344918727875,0.18136933660868743
50,6,C,5,8,0.31362186670303344,0.08808807480523538
50,6,C,5,9,0.24334072768688203,0.11825311939214186
50,6,C,5,10,0.0,0.0
50,6,C,5,11,0.24601633548736573,0.11753405400556434
50,6,C,5,12,0.24345941096544266,0.11928838946323528
50,6,C,5,13,0.0,0.0
50,6,C,5,14,0.5880036443471909,0.178487413165526
50,6,C,5,15,0.7618010833859443,0.11889302905192263
50,6,C,5,16,0.0,0.0
50,6,C,5,17,0.0,0.0
50,6,C,5,18,0.0,0.0
50,6,C,5,19,0.0,0.0
50,6,C,5,20,0.7396222159266472,0.11148664944486368
50,6,C,5,21,0.5970738634467125,0.16873890237162348
50,6,C,5,22,0.24428341835737227,0.11782737590223731
50,6,C,5,23,0.5885768577456474,0.17724448788322053
50,6,C,5,24,0.5869585439562798,0.1776524401486801
50,6,C,5,25,0.4096709951758385,0.18244186240177998
50,6,C,5,26,0.0,0.0
50,6,C,5,27,0.7582485422492027,0.12034541790926179
50,6,C,5,28,0.8390763700008392,0.0295251685902727
50,6,C,5,29,0.7441003561019898,0.09534164293337086
50,6,H,0,0,0.24207534193992614,0.11834000939903111
50,6,H,0,1,0.0,0.0
50,6,H,0,2,0.0,0.0
50,6,H,0,3,0.0,0.0
50,6,H,0,4,0.0,0.0
50,6,H,0,5,0.0,0.0
50,6,H,0,6,0.5876910015940666,0.176494336561362
50,6,H,0,7,0.7658480331301689,0.12166717950108712
50,6,H,0,8,0.0,0.0
50,6,H,0,9,0.06870049238204956,3.3858347296900074e-05
50,6,H,0,10,0.23728269711136818,0.11993334119284471
50,6,H,0,11,0.9290085196495056,4.17239900173172e-06
50,6,H,0,12,0.0,0.0
50,6,H,0,13,0.41679279655218127,0.1784000231021771
50,6,H,0,14,0.0,0.0
50,6,H,0,15,0.0,0.0
50,6,H,0,16,0.40826401039958,0.18208210562539653
50,6,H,0,17,0.5893453091382981,0.1812008295775586
50,6,H,0,18,0.0,0.0
50,6,H,0,19,0.0,0.0
50,6,H,0,20,0.0,0.0
50,6,H,0,21,0.0,0.0
50,6,H,0,22,0.0,0.0
50,6,H,0,23,0.5863399252295494,0.17814769811811773
50,6,H,0,24,0.41539364606142043,0.17628579393151686
50,6,H,0,25,0.23901980742812157,0.1219074424218021
50,6,H,0,26,0.5890247121453285,0.1794984336119873
50,6,H,0,27,0.0,0.0
50,6,H,0,28,0.0,0.0
50,6,H,0,29,0.0,0.0
50,6,H,1,0,0.41892915964126587,0.18213771275362908
50,6,H,1,1,0.0,0.0
50,6,H,1,2,0.0,0.0
50,6,H,1,3,0.0,0.0
50,6,H,1,4,0.0,0.0
50,6,H,1,5,0.0,0.0
50,6,H,1,6,0.24325883239507676,0.11807992114265457
50,6,H,1,7,0.5875171139836312,0.17722638536332253
50,6,H,1,8,0.0,0.0
50,6,H,1,9,0.588744830340147,0.18191852723373853
50,6,H,1,10,0.5889008834958076,0.18109433216952672
50,6,H,1,11,0.40631582140922545,0.1825205096815241
50,6,H,1,12,0.0,0.0
50,6,H,1,13,0.41493926346302035,0.1783792569023571
50,6,H,1,14,0.0,0.0
50,6,H,1,15,0.0,0.0
50,6,H,1,16,0.5900467820465565,0.1840396955110974
50,6,H,1,17,0.7629674345254898,0.11934840660840185
50,6,H,1,18,0.0,0.0
50,6,H,1,19,0.0,0.0
50,6,H,1,20,0.0,0.0
50,6,H,1,21,0.0,0.0
50,6,H,1,22,0.0,0.0
50,6,H,1,23,0.24192755222320556,0.11842801580171133
50,6,H,1,24,0.41042881906032563,0.17957242582988736
50,6,H,1,25,0.5867451444268227,0.17755532806474553
50,6,H,1,26,0.2357000805437565,0.12051384670320058
50,6,H,1,27,0.0,0.0
50,6,H,1,28,0.0,0.0
50,6,H,1,29,0.0,0.0
50,6,H,2,0,0.7635661602020264,0.11971470081915869
50,6,H,2,1,0.5864292182028293,0.1816997103454596
50,6,H,2,2,0.5879967600107193,0.17693157677569726
50,6,H,2,3,0.5912301644682885,0.18633139191869189
50,6,H,2,4,0.24360523670911788,0.11888822299901688
50,6,H,2,5,0.24027279242873192,0.12315894089916588
50,6,H,2,6,0.0,0.0
50,6,H,2,7,0.589561703056097,0.18395946535705318
50,6,H,2,8,0.4160750538110733,0.1766498134209054
50,6,H,2,9,0.5910094976425171,0.17959737495116784
50,6,H,2,10,0.0,0.0
50,6,H,2,11,0.0,0.0
50,6,H,2,12,0.5885376662015915,0.1773606263191244
50,6,H,2,13,0.0,0.0
50,6,H,2,14,0.588238625228405,0.1778425184986591
50,6,H,2,15,0.0,0.0
50,6,H,2,16,0.0,0.0
50,6,H,2,17,0.0,0.0
50,6,H,2,18,0.0,0.0
50,6,H,2,19,0.0,0.0
50,6,H,2,20,0.0,0.0
50,6,H,2,21,0.0,0.0
50,6,H,2,22,0.4141331069171429,0.1819031990630536
50,6,H,2,23,0.24214971363544463,0.12081517540227564
50,6,H,2,24,0.0,0.0
50,6,H,2,25,0.0,0.0
50,6,H,2,26,0.0,0.0
50,6,H,2,27,0.7566222086548805,0.12012374744836354
50,6,H,2,28,0.5870493367314339,0.17786286107477284
50,6,H,2,29,0.4149370491504669,0.1779743428325923
50,6,H,3,0,0.9405155062675477,4.976360613028419e-05
50,6,H,3,1,0.07216241657733917,4.8250472832434e-06
50,6,H,3,2,0.0,0.0
50,6,H,3,3,0.41030494645237925,0.1846744026020875
50,6,H,3,4,0.06946556270122528,1.6255230915529495e-05
50,6,H,3,5,0.2432042643427849,0.11819345754316299
50,6,H,3,6,0.0,0.0
50,6,H,3,7,0.2432527258992195,0.11800235630322362
50,6,H,3,8,0.5874907791614532,0.17835538634174256
50,6,H,3,9,0.06612471714615822,5.99839195958718e-05
50,6,H,3,10,0.0,0.0
50,6,H,3,11,0.0,0.0
50,6,H,3,12,0.0,0.0
50,6,H,3,13,0.0,0.0
50,6,H,3,14,0.0,0.0
50,6,H,3,15,0.0,0.0
50,6,H,3,16,0.0,0.0
50,6,H,3,17,0.0,0.0
50,6,H,3,18,0.0,0.0
50,6,H,3,19,0.0,0.0
50,6,H,3,20,0.5795689724385739,0.18526786247095145
50,6,H,3,21,0.24467285647988318,0.12410732001858964
50,6,H,3,22,0.5844686940312386,0.18034772389820503
50,6,H,3,23,0.5908804506063461,0.18164216891533055
50,6,H,3,24,0.0,0.0
50,6,H,3,25,0.0,0.0
50,6,H,3,26,0.0,0.0
50,6,H,3,27,0.0,0.0
50,6,H,3,28,0.24837154000997544,0.1251251610923329
50,6,H,3,29,0.5847365900874137,0.18201940022756374
50,6,H,4,0,0.23986255303025245,0.12022184150255147
50,6,H,4,1,0.5910216972231865,0.18115041927332304
50,6,H,4,2,0.0,0.0
50,6,H,4,3,0.4161301329731941,0.17687253083125842
50,6,H,4,4,0.24221389293670653,0.11863760299891665
50,6,H,4,5,0.9321427702903747,1.0797905625281603e-06
50,6,H,4,6,0.0,0.0
50,6,H,4,7,0.41695357114076614,0.1798038501276948
50,6,H,4,8,0.9384886384010315,3.850649322686195e-05
50,6,H,4,9,0.41780154705047606,0.17843281315806242
50,6,H,4,10,0.0,0.0
50,6,H,4,11,0.0,0.0
50,6,H,4,12,0.0,0.0
50,6,H,4,13,0.0,0.0
50,6,H,4,14,0.0,0.0
50,6,H,4,15,0.0,0.0
50,6,H,4,16,0.0,0.0
50,6,H,4,17,0.0,0.0
50,6,H,4,18,0.0,0.0
50,6,H,4,19,0.0,0.0
50,6,H,4,20,0.2411522462964058,0.11830144964448022
50,6,H,4,21,0.7613950535655022,0.11901508571641788
50,6,H,4,22,0.5871906772255897,0.18053060865927645
50,6,H,4,23,0.9354058861732483,6.0740126101563874e-05
50,6,H,4,24,0.0,0.0
50,6,H,4,25,0.0,0.0
50,6,H,4,26,0.0,0.0
50,6,H,4,27,0.0,0.0
50,6,H,4,28,0.759975689649582,0.11885298000278213
50,6,H,4,29,0.5874595016241073,0.17716035269307187
50,6,H,5,0,0.2443179816007614,0.11881485765193893
50,6,H,5,1,0.2391313888132572,0.12236191164873926
50,6,H,5,2,0.0,0.0
50,6,H,5,3,0.24587370604276657,0.1208330425423754
50,6,H,5,4,0.24380211681127548,0.11829571024743209
50,6,H,5,5,0.24294586181640626,0.11969804663780312
50,6,H,5,6,0.5897673964500427,0.18231280255132348
50,6,H,5,7,0.589522448182106,0.17716919760196004
50,6,H,5,8,0.4133782722055912,0.17995636157857767
50,6,H,5,9,0.41303061991930007,0.17892888203045101
50,6,H,5,10,0.0,0.0
50,6,H,5,11,0.41799096912145617,0.18043760967148675
50,6,H,5,12,0.0,0.0
50,6,H,5,13,0.0,0.0
50,6,H,5,14,0.0,0.0
50,6,H,5,15,0.24065276980400085,0.1183455753139929
50,6,H,5,16,0.0,0.0
50,6,H,5,17,0.0,0.0
50,6,H,5,18,0.0,0.0
50,6,H,5,19,0.0,0.0
50,6,H,5,20,0.0,0.0
50,6,H,5,21,0.0,0.0
50,6,H,5,22,0.2435559883713722,0.1178100321018963
50,6,H,5,23,0.23735716715455055,0.11995526887318386
50,6,H,5,24,0.5898326888680459,0.18451133746600884
50,6,H,5,25,0.5879529148340226,0.1806493861549081
50,6,H,5,26,0.0,0.0
50,6,H,5,27,0.0,0.0
50,6,H,5,28,0.07078608274459838,1.0408200787770384e-06
50,6,H,5,29,0.5866005264222622,0.18427405856859647
50,6,H,6,0,0.0,0.0
50,6,H,6,1,0.0,0.0
50,6,H,6,2,0.4183167427778244,0.18080130228125174
50,6,H,6,3,0.0,0.0
50,6,H,6,4,0.0,0.0
50,6,H,6,5,0.0,0.0
50,6,H,6,6,0.5880794733762741,0.17895777708815663
50,6,H,6,7,0.0,0.0
50,6,H,6,8,0.0,0.0
50,6,H,6,9,0.0,0.0
50,6,H,6,10,0.7576449766755105,0.11755758345710676
50,6,H,6,11,0.5896977543830871,0.17844580960246267
50,6,H,6,12,0.5909703344106674,0.18082054184171623
50,6,H,6,13,0.5836832530796527,0.17891158730795542
50,6,H,6,14,0.0,0.0
50,6,H,6,15,0.0,0.0
50,6,H,6,16,0.0,0.0
50,6,H,6,17,0.0,0.0
50,6,H,6,18,0.40970891043543817,0.17907680669008114
50,6,H,6,19,0.0,0.0
50,6,H,6,20,0.0,0.0
50,6,H,6,21,0.0,0.0
50,6,H,6,22,0.0,0.0
50,6,H,6,23,0.0,0.0
50,6,H,6,24,0.586387300491333,0.17694732106147748
50,6,H,6,25,0.4137780927121639,0.1809233544044267
50,6,H,6,26,0.7588412888348103,0.1212841746953447
50,6,H,6,27,0.5852323547005653,0.17916722313307715
50,6,H,6,28,0.0,0.0
50,6,H,6,29,0.0,0.0
50,6,H,7,0,0.0,0.0
50,6,H,7,1,0.06869135200977325,3.398395756779915e-05
50,6,H,7,2,0.41493564322590826,0.17981219839739795
50,6,H,7,3,0.4128394484519958,0.17886427198464597
50,6,H,7,4,0.0,0.0
50,6,H,7,5,0.4125575855374336,0.17855268488215714
50,6,H,7,6,0.0,0.0
50,6,H,7,7,0.0,0.0
50,6,H,7,8,0.0,0.0
50,6,H,7,9,0.0,0.0
50,6,H,7,10,0.4113943040370941,0.18046233032944228
50,6,H,7,11,0.0,0.0
50,6,H,7,12,0.7555404037237168,0.11973638166589891
50,6,H,7,13,0.24171519055962562,0.11905084422909126
50,6,H,7,14,0.0,0.0
50,6,H,7,15,0.0,0.0
50,6,H,7,16,0.0,0.0
50,6,H,7,17,0.0,0.0
50,6,H,7,18,0.0,0.0
50,6,H,7,19,0.5845291838049889,0.17848908201747443
50,6,H,7,20,0.0,0.0
50,6,H,7,21,0.0,0.0
50,6,H,7,22,0.5862717807292939,0.17643422320907273
50,6,H,7,23,0.0,0.0
50,6,H,7,24,0.0,0.0
50,6,H,7,25,0.0,0.0
50,6,H,7,26,0.2387889601290226,0.11912291002798119
50,6,H,7,27,0.4094829589128494,0.18011703875363416
50,6,H,7,28,0.0,0.0
50,6,H,7,29,0.0,0.0
60,7,C,0,0,0.07980394661426544,3.5653574321261595e-05
60,7,C,0,1,0.308416086435318,0.028722535437675268
60,7,C,0,2,0.4171976275742054,0.1813783445807491
60,7,C,0,3,0.4221541941165924,0.1788471428542092
60,7,C,0,4,0.0,0.0
60,7,C,0,5,0.587360693514347,0.17954887102932698
60,7,C,0,6,0.0,0.0
60,7,C,0,7,0.5883430570363999,0.17842208402953608
60,7,C,0,8,0.8730153679847718,0.0002887335659360701
60,7,C,0,9,0.6708629757165909,0.07556591424030759
60,7,C,0,10,0.8474979519844055,0.0007926601165542024
60,7,C,0,11,0.5905965879559517,0.17622764752537995
60,7,C,0,12,0.0,0.0
60,7,C,0,13,0.0,0.0
60,7,C,0,14,0.0,0.0
60,7,C,0,15,0.0,0.0
60,7,C,0,16,0.0,0.0
60,7,C,0,17,0.0,0.0
60,7,C,0,18,0.08945847526192666,0.0006379005961832917
60,7,C,0,19,0.6933020800352097,0.06459644215708575
60,7,C,0,20,0.870824933052063,0.0019872187961155418
60,7,C,0,21,0.08219599574804307,3.844703347718248e-05
60,7,C,0,22,0.0,0.0
60,7,C,0,23,0.0,0.0
60,7,C,0,24,0.0,0.0
60,7,C,0,25,0.0,0.0
60,7,C,0,26,0.0,0.0
60,7,C,0,27,0.0,0.0
60,7,C,1,0,0.8012629270553588,0.003700178976388315
60,7,C,1,1,0.8320943474769592,0.0017196354191733577
60,7,C,1,2,0.7918267011642456,0.008487520525287947
60,7,C,1,3,0.8085973620414734,0.0004776036435552555
60,7,C,1,4,0.7476239532232285,0.11658623595116713
60,7,C,1,5,0.8567790627479553,0.0019351090746249611
60,7,C,1,6,0.7555977046489716,0.1202539440990067
60,7,C,1,7,0.8315051794052124,0.004131366529698255
60,7,C,1,8,0.2515944316983223,0.11583822895185292
60,7,C,1,9,0.4210083827376366,0.17471257048953362
60,7,C,1,10,0.08135204166173934,5.452887296518494e-05
60,7,C,1,11,0.7927449822425843,0.0006630878288140707
60,7,C,1,12,0.0,0.0
60,7,C,1,13,0.0,0.0
60,7,C,1,14,0.0,0.0
60,7,C,1,15,0.0,0.0
60,7,C,1,16,0.0,0.0
60,7,C,1,17,0.0,0.0
60,7,C,1,18,0.8603146791458129,0.0012233514380872634
60,7,C,1,19,0.8253418922424316,0.0008801060722666421
60,7,C,1,20,0.849388313293457,0.00042753716087617026
60,7,C,1,21,0.7820738554000854,0.0011791654276251506
60,7,C,1,22,0.4027786388993263,0.17745887014049613
60,7,C,1,23,0.7524152949452401,0.11811383063777778
60,7,C,1,24,0.23158362358808518,0.11731106377086542
60,7,C,1,25,0.5711018808186055,0.1837259446639638
60,7,C,1,26,0.232455512881279,0.11963028821075042
60,7,C,1,27,0.9267165541648865,8.26313206707141e-05
60,7,C,2,0,0.8264134168624878,0.00043283848265303956
60,7,C,2,1,0.7551619715988636,0.12412950943104581
60,7,C,2,2,0.8122398614883423,0.0016526936390243916
60,7,C,2,3,0.22377577126026155,9.301425966240727e-05
60,7,C,2,4,0.8531963586807251,0.0012494579621369442
60,7,C,2,5,0.815722119808197,0.0012086269873668699
60,7,C,2,6,0.8176838517189026,0.0011659969105971865
60,7,C,2,7,0.815158998966217,0.003739870577886393
60,7,C,2,8,0.0,0.0
60,7,C,2,9,0.0,0.0
60,7,C,2,10,0.0,0.0
60,7,C,2,11,0.8572006464004517,0.000584078592027879
60,7,C,2,12,0.1018542304635048,0.00015944068922150388
60,7,C,2,13,0.2567164808511734,0.12044132980287023
60,7,C,2,14,0.2738956809043884,0.11475456989705898
60,7,C,2,15,0.0936074897646904,0.0002513295851208985
60,7,C,2,16,0.4344994753599167,0.17410148866936254
60,7,C,2,17,0.4357085794210434,0.1753972243047197
60,7,C,2,18,0.5794922709465027,0.17588701108226026
60,7,C,2,19,0.4020078867673874,0.17816377901427435
60,7,C,2,20,0.5795985087752342,0.18165775351639155
60,7,C,2,21,0.7572178721427918,0.002217843968363411
60,7,C,2,22,0.8360727667808533,0.0006240277241511194
60,7,C,2,23,0.831824803352356,0.0014173555809514934
60,7,C,2,24,0.8411604046821595,0.0010925879108901883
60,7,C,2,25,0.8130242586135864,0.0014752245218724624
60,7,C,2,26,0.8202700614929199,0.0015437610588008965
60,7,C,2,27,0.8407943367958068,0.003171603927221724
60,7,C,3,0,0.5854410126805305,0.18072783604757214
60,7,C,3,1,0.0,0.0
60,7,C,3,2,0.6027775853872299,0.17162712594294635
60,7,C,3,3,0.24829134494066238,0.12135469348920361
60,7,C,3,4,0.5868390515446663,0.17828627757820575
60,7,C,3,5,0.08182563856244088,0.0001560733758305877
60,7,C,3,6,0.26734606325626376,0.001449626926251888
60,7,C,3,7,0.43208354860544207,0.16797451073964606
60,7,C,3,8,0.0,0.0
60,7,C,3,9,0.0,0.0
60,7,C,3,10,0.0,0.0
60,7,C,3,11,0.0,0.0
60,7,C,3,12,0.8746372938156128,0.0005558004785774528
60,7,C,3,13,0.6855634868144989,0.06742296101917218
60,7,C,3,14,0.7306770920753479,0.0566452693121272
60,7,C,3,15,0.0,0.0
60,7,C,3,16,0.0,0.0
60,7,C,3,17,0.0,0.0
60,7,C,3,18,0.0,0.0
60,7,C,3,19,0.0,0.0
60,7,C,3,20,0.0,0.0
60,7,C,3,21,0.5882747888565063,0.17707785147516536
60,7,C,3,22,0.7421510815620422,0.0051507441104106984
60,7,C,3,23,0.37085714340209963,0.06770889456107995
60,7,C,3,24,0.7832886576652527,0.006171908980421392
60,7,C,3,25,0.758924463391304,0.11962151215268298
60,7,C,3,26,0.5882627159357071,0.17748813520000756
60,7,C,3,27,0.4136361926794052,0.18191210994703474
60,7,C,4,0,0.5868074923753739,0.1785573365984812
60,7,C,4,1,0.0,0.0
60,7,C,4,2,0.41304382085800173,0.18149914863058667
60,7,C,4,3,0.5889831125736237,0.17888845361758715
60,7,C,4,4,0.2674554131925106,0.06827142541555033
60,7,C,4,5,0.765546803176403,0.11958368891591471
60,7,C,4,6,0.24330031871795654,0.1205117397117366
60,7,C,4,7,0.5941095560789108,0.1763146571758989
60,7,C,4,8,0.0,0.0
60,7,C,4,9,0.0,0.0
60,7,C,4,10,0.0,0.0
60,7,C,4,11,0.0,0.0
60,7,C,4,12,0.0,0.0
60,7,C,4,13,0.0,0.0
60,7,C,4,14,0.0,0.0
60,7,C,4,15,0.933173680305481,0.0002684962674899793
60,7,C,4,16,0.9352810144424438,3.430130852080993e-05
60,7,C,4,17,0.5822092577815056,0.18057601974050702
60,7,C,4,18,0.0,0.0
60,7,C,4,19,0.0,0.0
60,7,C,4,20,0.0,0.0
60,7,C,4,21,0.23925352841615677,0.11926141883880419
60,7,C,4,22,0.07059453800320625,2.3577188394874328e-05
60,7,C,4,23,0.41251721531152724,0.17861110285105014
60,7,C,4,24,0.41824725866317747,0.18140350616110879
60,7,C,4,25,0.5879158124327659,0.1779663680507581
60,7,C,4,26,0.7489082530140877,0.10348712769195192
60,7,C,4,27,0.7584777370095253,0.11778935411760835
60,7,H,0,0,0.7544321641325951,0.12344380449978054
60,7,H,0,1,0.5874901011586189,0.17756748204636907
60,7,H,0,2,0.0,0.0
60,7,H,0,3,0.7528529450297355,0.1259896447166687
60,7,H,0,4,0.0,0.0
60,7,H,0,5,0.0,0.0
60,7,H,0,6,0.0,0.0
60,7,H,0,7,0.0,0.0
60,7,H,0,8,0.24121105223894118,0.11848591484959699
60,7,H,0,9,0.5883962005376816,0.17873042195213712
60,7,H,0,10,0.763817946612835,0.11978839294147443
60,7,H,0,11,0.0,0.0
60,7,H,0,12,0.0,0.0
60,7,H,0,13,0.0,0.0
60,7,H,0,14,0.0,0.0
60,7,H,0,15,0.0,0.0
60,7,H,0,16,0.0,0.0
60,7,H,0,17,0.0,0.0
60,7,H,0,18,0.41543498635292053,0.1765731114716107
60,7,H,0,19,0.4135020822286606,0.17741836800203625
60,7,H,0,20,0.2440689407289028,0.12345194348553787
60,7,H,0,21,0.4149174377322197,0.17652166420657128
60,7,H,0,22,0.0,0.0
60,7,H,0,23,0.0,0.0
60,7,H,0,24,0.0,0.0
60,7,H,0,25,0.0,0.0
60,7,H,0,26,0.0,0.0
60,7,H,0,27,0.0,0.0
60,7,H,1,0,0.5861556723713874,0.17655677329549074
60,7,H,1,1,0.5872697323560715,0.17751839904732242
60,7,H,1,2,0.0,0.0
60,7,H,1,3,0.24243300706148146,0.1210687356901848
60,7,H,1,4,0.0,0.0
60,7,H,1,5,0.0,0.0
60,7,H,1,6,0.0,0.0
60,7,H,1,7,0.0,0.0
60,7,H,1,8,0.5863347142934799,0.17695612254890644
60,7,H,1,9,0.24352290183305741,0.11802567155648849
60,7,H,1,10,0.0710747480392456,5.313548811045621e-06
60,7,H,1,11,0.0,0.0
60,7,H,1,12,0.0,0.0
60,7,H,1,13,0.0,0.0
60,7,H,1,14,0.0,0.0
60,7,H,1,15,0.0,0.0
60,7,H,1,16,0.0,0.0
60,7,H,1,17,0.0,0.0
60,7,H,1,18,0.934938645362854,2.55367438521148e-05
60,7,H,1,19,0.41528639793395994,0.17947325204989303
60,7,H,1,20,0.4161892935633659,0.17758463969451815
60,7,H,1,21,0.5881293416023254,0.1769622825476131
60,7,H,1,22,0.0,0.0
60,7,H,1,23,0.0,0.0
60,7,H,1,24,0.0,0.0
60,7,H,1,25,0.0,0.0
60,7,H,1,26,0.0,0.0
60,7,H,1,27,0.0,0.0
60,7,H,2,0,0.41124800220131874,0.17920119015672897
60,7,H,2,1,0.5890429884195327,0.18269197802585016
60,7,H,2,2,0.0,0.0
60,7,H,2,3,0.7610328152775765,0.11842882957882699
60,7,H,2,4,0.0,0.0
60,7,H,2,5,0.0,0.0
60,7,H,2,6,0.0,0.0
60,7,H,2,7,0.0,0.0
60,7,H,2,8,0.4153358057141304,0.17876447902867273
60,7,H,2,9,0.5854124926030636,0.1851484469832105
60,7,H,2,10,0.41407225653529167,0.17969267647669954
60,7,H,2,11,0.0,0.0
60,7,H,2,12,0.0,0.0
60,7,H,2,13,0.0,0.0
60,7,H,2,14,0.0,0.0
60,7,H,2,15,0.0,0.0
60,7,H,2,16,0.0,0.0
60,7,H,2,17,0.0,0.0
60,7,H,2,18,0.416894705593586,0.18246680939158144
60,7,H,2,19,0.41212050765752795,0.17886080954606798
60,7,H,2,20,0.5879271984100342,0.18156844586957313
60,7,H,2,21,0.5868965119123459,0.1766158704046127
60,7,H,2,22,0.0,0.0
60,7,H,2,23,0.0,0.0
60,7,H,2,24,0.0,0.0
60,7,H,2,25,0.0,0.0
60,7,H,2,26,0.0,0.0
60,7,H,2,27,0.0,0.0
60,7,H,3,0,0.583726667612791,0.18217606277453605
60,7,H,3,1,0.2467945173382759,0.12040447048547258
60,7,H,3,2,0.06746484637260437,0.00011846726426568922
60,7,H,3,3,0.5863622516393662,0.17791563110314298
60,7,H,3,4,0.0,0.0
60,7,H,3,5,0.41428252682089806,0.18058303142001927
60,7,H,3,6,0.0,0.0
60,7,H,3,7,0.4132963791489601,0.17841401537037677
60,7,H,3,8,0.0,0.0
60,7,H,3,9,0.0,0.0
60,7,H,3,10,0.0,0.0
60,7,H,3,11,0.7547715857625008,0.11895839125235194
60,7,H,3,12,0.0,0.0
60,7,H,3,13,0.0,0.0
60,7,H,3,14,0.0,0.0
60,7,H,3,15,0.0,0.0
60,7,H,3,16,0.0,0.0
60,7,H,3,17,0.0,0.0
60,7,H,3,18,0.415449258685112,0.17820885914444545
60,7,H,3,19,0.23789090663194656,0.1193658810282651
60,7,H,3,20,0.24254561960697174,0.11780766454110651
60,7,H,3,21,0.4151795834302902,0.18147325346269683
60,7,H,3,22,0.0,0.0
60,7,H,3,23,0.0,0.0
60,7,H,3,24,0.0,0.0
60,7,H,3,25,0.0,0.0
60,7,H,3,26,0.0,0.0
60,7,H,3,27,0.0,0.0
60,7,H,4,0,0.0,0.0
60,7,H,4,1,0.0,0.0
60,7,H,4,2,0.41912142783403394,0.18238536534369595
60,7,H,4,3,0.0,0.0
60,7,H,4,4,0.0,0.0
60,7,H,4,5,0.5899023756384849,0.1792934265157549
60,7,H,4,6,0.41092954874038695,0.1795909773966664
60,7,H,4,7,0.4171619608998299,0.18041311658819859
60,7,H,4,8,0.0,0.0
60,7,H,4,9,0.0,0.0
60,7,H,4,10,0.0,0.0
60,7,H,4,11,0.0,0.0
60,7,H,4,12,0.24226539731025695,0.11836267177686119
60,7,H,4,13,0.586249066889286,0.17860291756928107
60,7,H,4,14,0.5865034073591232,0.17667833109369274
60,7,H,4,15,0.0,0.0
60,7,H,4,16,0.0,0.0
60,7,H,4,17,0.0,0.0
60,7,H,4,18,0.0,0.0
60,7,H,4,19,0.0,0.0
60,7,H,4,20,0.0,0.0
60,7,H,4,21,0.0,0.0
60,7,H,4,22,0.7582833521068096,0.12182235826883085
60,7,H,4,23,0.5870735615491867,0.17810169677252916
60,7,H,4,24,0.5849680930376053,0.1794375313700945
60,7,H,4,25,0.0,0.0
60,7,H,4,26,0.0,0.0
60,7,H,4,27,0.0,0.0
60,7,H,5,0,0.0,0.0
60,7,H,5,1,0.0,0.0
60,7,H,5,2,0.4157603085041046,0.1762508958030888
60,7,H,5,3,0.0,0.0
60,7,H,5,4,0.0,0.0
60,7,H,5,5,0.5870121836662292,0.1768715600709138
60,7,H,5,6,0.4157393276691437,0.1771356523015232
60,7,H,5,7,0.4136356070637703,0.17809091851785444
60,7,H,5,8,0.0,0.0
60,7,H,5,9,0.0,0.0
60,7,H,5,10,0.0,0.0
60,7,H,5,11,0.0,0.0
60,7,H,5,12,0.4148340478539467,0.17790177425522297
60,7,H,5,13,0.5868482857942581,0.17788945405486706
60,7,H,5,14,0.9344596862792969,5.7518250383736816e-05
60,7,H,5,15,0.0,0.0
60,7,H,5,16,0.0,0.0
60,7,H,5,17,0.0,0.0
60,7,H,5,18,0.0,0.0
60,7,H,5,19,0.0,0.0
60,7,H,5,20,0.0,0.0
60,7,H,5,21,0.0,0.0
60,7,H,5,22,0.5867293670773506,0.18058827754568757
60,7,H,5,23,0.239084829390049,0.11943500295867249
60,7,H,5,24,0.4158676192164421,0.17782819752409984
60,7,H,5,25,0.0,0.0
60,7,H,5,26,0.0,0.0
60,7,H,5,27,0.0,0.0
60,7,H,6,0,0.0,0.0
60,7,H,6,1,0.0,0.0
60,7,H,6,2,0.5884151712059975,0.17719315692290258
60,7,H,6,3,0.0,0.0
60,7,H,6,4,0.0,0.0
60,7,H,6,5,0.7637083396315575,0.12194288380284543
60,7,H,6,6,0.5860051728785038,0.17998560632490723
60,7,H,6,7,0.589347468316555,0.17952538886273697
60,7,H,6,8,0.0,0.0
60,7,H,6,9,0.0,0.0
60,7,H,6,10,0.0,0.0
60,7,H,6,11,0.0,0.0
60,7,H,6,12,0.24328463524580002,0.11796080963537632
60,7,H,6,13,0.41746618002653124,0.1801733480933469
60,7,H,6,14,0.4131990298628807,0.17834997120836205
60,7,H,6,15,0.0,0.0
60,7,H,6,16,0.0,0.0
60,7,H,6,17,0.0,0.0
60,7,H,6,18,0.0,0.0
60,7,H,6,19,0.0,0.0
60,7,H,6,20,0.0,0.0
60,7,H,6,21,0.0,0.0
60,7,H,6,22,0.4152372062206268,0.17626611162949515
60,7,H,6,23,0.41519958823919295,0.1805560088037525
60,7,H,6,24,0.41685023009777067,0.1780913676994113
60,7,H,6,25,0.0,0.0
60,7,H,6,26,0.0,0.0
60,7,H,6,27,0.0,0.0
60,7,H,7,0,0.0,0.0
60,7,H,7,1,0.0,0.0
60,7,H,7,2,0.237540253251791,0.11962988429047279
60,7,H,7,3,0.0,0.0
60,7,H,7,4,0.5857208594679832,0.17944599361787886
60,7,H,7,5,0.24146850258111954,0.11854659524501776
60,7,H,7,6,0.0,0.0
60,7,H,7,7,0.2426152154803276,0.11878743499452264
60,7,H,7,8,0.0,0.0
60,7,H,7,9,0.0,0.0
60,7,H,7,10,0.0,0.0
60,7,H,7,11,0.0,0.0
60,7,H,7,12,0.0,0.0
60,7,H,7,13,0.0,0.0
60,7,H,7,14,0.0,0.0
60,7,H,7,15,0.5816220626235008,0.18095415847062557
60,7,H,7,16,0.4156121864914894,0.1776232566629401
60,7,H,7,17,0.5856441535055638,0.18197948802816613
60,7,H,7,18,0.0,0.0
60,7,H,7,19,0.0,0.0
60,7,H,7,20,0.0,0.0
60,7,H,7,21,0.0,0.0
60,7,H,7,22,0.0,0.0
60,7,H,7,23,0.0,0.0
60,7,H,7,24,0.0,0.0
60,7,H,7,25,0.7582383453845978,0.1175540289181292
60,7,H,7,26,0.5873220667243004,0.17666659937563392
60,7,H,7,27,0.2435228332877159,0.11740788883336309
60,7,H,8,0,0.0,0.0
60,7,H,8,1,0.0,0.0
60,7,H,8,2,0.24704495072364807,0.12425637733644981
60,7,H,8,3,0.0,0.0
60,7,H,8,4,0.5860166013240814,0.17846408418323295
60,7,H,8,5,0.4133628323674202,0.17773723464070365
60,7,H,8,6,0.0,0.0
60,7,H,8,7,0.5859694927930832,0.17770115681908433
60,7,H,8,8,0.0,0.0
60,7,H,8,9,0.0,0.0
60,7,H,8,10,0.0,0.0
60,7,H,8,11,0.0,0.0
60,7,H,8,12,0.0,0.0
60,7,H,8,13,0.0,0.0
60,7,H,8,14,0.0,0.0
60,7,H,8,15,0.5797031596302986,0.18267140250706615
60,7,H,8,16,0.4141729548573494,0.17779320245127866
60,7,H,8,17,0.4112484633922577,0.1809067351005511
60,7,H,8,18,0.0,0.0
60,7,H,8,19,0.0,0.0
60,7,H,8,20,0.0,0.0
60,7,H,8,21,0.0,0.0
60,7,H,8,22,0.0,0.0
60,7,H,8,23,0.0,0.0
60,7,H,8,24,0.0,0.0
60,7,H,8,25,0.24151047468185424,0.11908724903229499
60,7,H,8,26,0.24145820885896682,0.11816058873240216
60,7,H,8,27,0.5858067110180855,0.17865803717583506
60,7,H,9,0,0.0,0.0
60,7,H,9,1,0.0,0.0
60,7,H,9,2,0.7600953727960587,0.11965822349509506
60,7,H,9,3,0.0,0.0
60,7,H,9,4,0.759827296435833,0.118358840311095
60,7,H,9,5,0.5848207175731659,0.17802796962281767
60,7,H,9,6,0.0,0.0
60,7,H,9,7,0.5863432623445988,0.18424380169541404
60,7,H,9,8,0.0,0.0
60,7,H,9,9,0.0,0.0
60,7,H,9,10,0.0,0.0
60,7,H,9,11,0.0,0.0
60,7,H,9,12,0.0,0.0
60,7,H,9,13,0.0,0.0
60,7,H,9,14,0.0,0.0
60,7,H,9,15,0.7605520531535148,0.1182897588990616
60,7,H,9,16,0.5875678360462189,0.17805204105979716
60,7,H,9,17,0.5895673364400864,0.18227554627170908
60,7,H,9,18,0.0,0.0
60,7,H,9,19,0.0,0.0
60,7,H,9,20,0.0,0.0
60,7,H,9,21,0.0,0.0
60,7,H,9,22,0.0,0.0
60,7,H,9,23,0.0,0.0
60,7,H,9,24,0.0,0.0
60,7,H,9,25,0.585682438313961,0.17721365753827362
60,7,H,9,26,0.41320671439170836,0.17745075134916227
60,7,H,9,27,0.24074324816465378,0.11897972140240809
70,8,C,0,0,0.3242388486862183,0.005323891042906084
70,8,C,0,1,0.8627335906028748,0.001091226528806146
70,8,C,0,2,0.8382174253463746,0.0030328300765424384
70,8,C,0,3,0.7925866842269897,0.005374751078061024
70,8,C,0,4,0.8426111102104187,0.001532902050686289
70,8,C,0,5,0.8427203536033631,0.003170810155038737
70,8,C,0,6,0.0,0.0
70,8,C,0,7,0.8710574269294739,0.0005693877941632763
70,8,C,0,8,0.3924632005393505,0.16936992297369535
70,8,C,0,9,0.5766166493296623,0.17812853341674434
70,8,C,0,10,0.7839359641075134,0.0028318692483367157
70,8,C,0,11,0.23849304094910623,0.12348103214143633
70,8,C,0,12,0.39966207668185233,0.17569574712181937
70,8,C,0,13,0.8438127756118774,0.0012376711399588202
70,8,C,0,14,0.7657772302627563,0.08669413109691818
70,8,C,0,15,0.0,0.0
70,8,C,0,16,0.8255765795707702,0.00876092987672564
70,8,C,0,17,0.859655749797821,0.00035855237823824383
70,8,C,0,18,0.0,0.0
70,8,C,0,19,0.0,0.0
70,8,C,0,20,0.0,0.0
70,8,C,0,21,0.06681697294116021,0.00010790797887093363
70,8,C,0,22,0.0,0.0
70,8,C,0,23,0.0,0.0
70,8,C,0,24,0.8216911435127259,0.003008123689270405
70,8,C,0,25,0.7855158805847168,0.0019785468852640516
70,8,C,0,26,0.40464183911681173,0.1790183349946771
70,8,C,0,27,0.41112484931945803,0.1775318394699064
70,8,C,0,28,0.5832331702113152,0.1760633698985797
70,8,C,0,29,0.34483505338430404,0.11394838446987235
70,8,C,0,30,0.0,0.0
70,8,C,0,31,0.7145995445549488,0.1147396224440141
70,8,C,1,0,0.7871076464653015,0.006322619404160434
70,8,C,1,1,0.20989710986614227,0.0005177504925489274
70,8,C,1,2,0.900813639163971,0.0017967342616699966
70,8,C,1,3,0.8538869142532348,0.0007202120199883666
70,8,C,1,4,0.8207882523536683,0.0014683290593941933
70,8,C,1,5,0.8020345091819763,0.0005066620731346915
70,8,C,1,6,0.5694672428071499,0.17206717258677157
70,8,C,1,7,0.8525154113769531,0.0019435048661696896
70,8,C,1,8,0.39996049031615255,0.17343437706448842
70,8,C,1,9,0.8674332857131958,0.0017267116465157525
70,8,C,1,10,0.4087557286024094,0.18168860683292837
70,8,C,1,11,0.5746347427368164,0.1773309973565944
70,8,C,1,12,0.0,0.0
70,8,C,1,13,0.8806857347488404,0.0009050488168745119
70,8,C,1,14,0.0,0.0
70,8,C,1,15,0.6506803140044213,0.11411548162510883
70,8,C,1,16,0.8442412734031677,0.0025676879790259475
70,8,C,1,17,0.815038549900055,0.001142394991085496
70,8,C,1,18,0.24891922622919083,0.1200992582800668
70,8,C,1,19,0.0,0.0
70,8,C,1,20,0.0,0.0
70,8,C,1,21,0.0,0.0
70,8,C,1,22,0.0,0.0
70,8,C,1,23,0.0,0.0
70,8,C,1,24,0.8376161098480225,0.005158965198214958
70,8,C,1,25,0.814545214176178,0.002032973380012493
70,8,C,1,26,0.8755841016769409,0.002831959816304561
70,8,C,1,27,0.23930008858442306,0.11863084066844447
70,8,C,1,28,0.4092515543103218,0.18193167425229156
70,8,C,1,29,0.5841829001903533,0.17868621664332296
70,8,C,1,30,0.8937748193740844,0.000471009828239346
70,8,C,1,31,0.0,0.0
70,8,C,2,0,0.8978700041770935,0.00047929783442413054
70,8,C,2,1,0.5746931858360768,0.17879479070413326
70,8,C,2,2,0.7535601906478405,0.12176604343325385
70,8,C,2,3,0.4165851712226868,0.1778727102205411
70,8,C,2,4,0.8470451474189759,0.001968854056433997
70,8,C,2,5,0.6400880813598633,0.07415872332036173
70,8,C,2,6,0.7395519256591797,0.009600851788511876
70,8,C,2,7,0.7532217621803283,0.005795754586235659
70,8,C,2,8,0.7066411212086677,0.11380747238089803
70,8,C,2,9,0.535769009590149,0.023800067583100104
70,8,C,2,10,0.41894347220659256,0.1785281630639322
70,8,C,2,11,0.7840301215648651,0.03580552310203146
70,8,C,2,12,0.5888605371117592,0.17749042835218326
70,8,C,2,13,0.5820059649646282,0.17789372827303568
70,8,C,2,14,0.40588158294558524,0.18060250071324133
70,8,C,2,15,0.5990759953856468,0.15086487446774605
70,8,C,2,16,0.0,0.0
70,8,C,2,17,0.7392240308225155,0.11765947569687371
70,8,C,2,18,0.1666911154985428,0.007034599143148443
70,8,C,2,19,0.5872015558183193,0.18057027020987984
70,8,C,2,20,0.5874234959483147,0.18121708224765626
70,8,C,2,21,0.0,0.0
70,8,C,2,22,0.39715016931295394,0.17805261006027578
70,8,C,2,23,0.0,0.0
70,8,C,2,24,0.4155108079314232,0.1777234080097159
70,8,C,2,25,0.484592629224062,0.11266389141899616
70,8,C,2,26,0.4815464675426483,0.06214873047893171
70,8,C,2,27,0.4061663046479225,0.17594993316300636
70,8,C,2,28,0.7547226324677467,0.12023579700705796
70,8,C,2,29,0.241492335498333,0.1184469308780222
70,8,C,2,30,0.8687894582748413,0.0005546361143993295
70,8,C,2,31,0.41539814323186874,0.1787018426317007
70,8,C,3,0,0.7621613696217537,0.11975802139140716
70,8,C,3,1,0.4084197297692299,0.19066257823990784
70,8,C,3,2,0.77359938621521,0.008911021903814742
70,8,C,3,3,0.5870657563209534,0.18084456883507105
70,8,C,3,4,0.8026022553443909,0.0016330466018681024
70,8,C,3,5,0.40830149203538896,0.1818099896664846
70,8,C,3,6,0.41314057931303977,0.1834341931819929
70,8,C,3,7,0.7806421637535095,0.009056939683394775
70,8,C,3,8,0.7365816354751586,0.002334818251744366
70,8,C,3,9,0.7898098707199097,0.003064445463822665
70,8,C,3,10,0.7645090222358704,0.006542356751229761
70,8,C,3,11,0.7653827786445617,0.0032585494965536553
70,8,C,3,12,0.5778361544013023,0.17862669211330812
70,8,C,3,13,0.7593837022781372,0.011795792020030546
70,8,C,3,14,0.5803622238337993,0.17503825989871882
70,8,C,3,15,0.5829193472862244,0.18055666523170139
70,8,C,3,16,0.0,0.0
70,8,C,3,17,0.0,0.0
70,8,C,3,18,0.5879483863711357,0.18063946601826208
70,8,C,3,19,0.2575241029262543,0.09319906640324686
70,8,C,3,20,0.11253926008939744,0.0004474800545482305
70,8,C,3,21,0.4167410612106323,0.18039433864462623
70,8,C,3,22,0.0,0.0
70,8,C,3,23,0.0,0.0
70,8,C,3,24,0.5687064729630947,0.17456972669575815
70,8,C,3,25,0.7427410766482353,0.11860215955478264
70,8,C,3,26,0.2554229885339737,0.11763020617317232
70,8,C,3,27,0.28706185817718505,0.004108868287905967
70,8,C,3,28,0.2874942421913147,0.004755859713684529
70,8,C,3,29,0.42355223298072814,0.17148391406317204
70,8,C,3,30,0.7454022347927094,0.11899751174923083
70,8,C,3,31,0.7439274370670319,0.1189417384914789
70,8,C,4,0,0.5853281259536743,0.1814648354201617
70,8,C,4,1,0.5061999723315239,0.11014843509927566
70,8,C,4,2,0.7431298136711121,0.011439703853671688
70,8,C,4,3,0.7888967275619507,0.015052550436964508
70,8,C,4,4,0.7530092686414719,0.11768029514738491
70,8,C,4,5,0.7632486999034882,0.11950838814787006
70,8,C,4,6,0.5908509686589241,0.18064491954181322
70,8,C,4,7,0.5784424833953381,0.18001609695823098
70,8,C,4,8,0.8661104559898376,0.0010387823683080909
70,8,C,4,9,0.5863752938807011,0.18506229937556778
70,8,C,4,10,0.6217698931694031,0.003872174212133075
70,8,C,4,11,0.694982198625803,0.10888795945715295
70,8,C,4,12,0.7648248910903931,0.044484157344484174
70,8,C,4,13,0.6471648931503295,0.0025735957894218583
70,8,C,4,14,0.7439342170953751,0.10683136327861045
70,8,C,4,15,0.7525182291865349,0.11878037418275725
70,8,C,4,16,0.40227450951933863,0.17798239500966
70,8,C,4,17,0.0,0.0
70,8,C,4,18,0.0,0.0
70,8,C,4,19,0.23007566705346108,0.12310128464458021
70,8,C,4,20,0.5843102216720581,0.18082085265258194
70,8,C,4,21,0.4002597227692604,0.1176090207656891
70,8,C,4,22,0.0,0.0
70,8,C,4,23,0.7522707626223564,0.11926530275878991
70,8,C,4,24,0.7697428822517395,0.015575866327409357
70,8,C,4,25,0.590764731168747,0.18208535812370732
70,8,C,4,26,0.41663876473903655,0.17927860947532565
70,8,C,4,27,0.5825214996933937,0.18057982606814219
70,8,C,4,28,0.7597374118864536,0.12235430774356723
70,8,C,4,29,0.6328786388039589,0.08517166798955125
70,8,C,4,30,0.41836336106061933,0.18066936941344963
70,8,C,4,31,0.7348638355731965,0.020950346248256434
70,8,C,5,0,0.7318009376525879,0.07849210429993378
70,8,C,5,1,0.0,0.0
70,8,C,5,2,0.8550439357757569,0.0018229956795869386
70,8,C,5,3,0.0,0.0
70,8,C,5,4,0.8396455883979798,0.002219783229622294
70,8,C,5,5,0.5692888222634792,0.17954646395656154
70,8,C,5,6,0.810127067565918,0.0015283428728017155
70,8,C,5,7,0.8298965573310852,0.0015275387739612258
70,8,C,5,8,0.5825535409152508,0.18180042122416026
70,8,C,5,9,0.8469411611557007,0.0018927698496020184
70,8,C,5,10,0.7446358740329743,0.1174535461647922
70,8,C,5,11,0.5807278499007225,0.17461053876619448
70,8,C,5,12,0.864469301700592,0.0017320888483331486
70,8,C,5,13,0.8712499737739563,0.0008156951987928096
70,8,C,5,14,0.28415592312812804,0.008526621915073331
70,8,C,5,15,0.8258822560310364,0.0025743700813009697
70,8,C,5,16,0.0,0.0
70,8,C,5,17,0.0,0.0
70,8,C,5,18,0.7728596135973931,0.11872930996176845
70,8,C,5,19,0.0,0.0
70,8,C,5,20,0.0,0.0
70,8,C,5,21,0.0,0.0
70,8,C,5,22,0.7955392479896546,0.002008567582772116
70,8,C,5,23,0.8325888514518738,0.0019113119569325932
70,8,C,5,24,0.0,0.0
70,8,C,5,25,0.9202382802963257,0.0005585308666761081
70,8,C,5,26,0.43817814290523527,0.15738880654794507
70,8,C,5,27,0.5844370365142822,0.18166328203629756
70,8,C,5,28,0.4091309726238251,0.18007158786400354
70,8,C,5,29,0.7541359305381775,0.12504371327903047
70,8,C,5,30,0.8101933121681213,0.003520147808995091
70,8,C,5,31,0.8150376200675964,0.004861532797123971
70,8,C,6,0,0.0,0.0
70,8,C,6,1,0.725255811214447,0.08742845473578115
70,8,C,6,2,0.8262199640274048,0.0016264447330078722
70,8,C,6,3,0.9297820806503296,9.59580401163862e-05
70,8,C,6,4,0.8718517780303955,0.00017509537218188598
70,8,C,6,5,0.0,0.0
70,8,C,6,6,0.7889511823654175,0.000245679551628939
70,8,C,6,7,0.8838961839675903,8.397828314400613e-05
70,8,C,6,8,0.5810670614242553,0.1863220705519626
70,8,C,6,9,0.5825595289468766,0.18024078322040965
70,8,C,6,10,0.8092310428619385,0.004484088638382388
70,8,C,6,11,0.23349690735340117,0.11747637964498767
70,8,C,6,12,0.8142651557922364,0.002375676340427333
70,8,C,6,13,0.8187971591949463,0.001441039561964033
70,8,C,6,14,0.8685448408126831,0.0015554087344094116
70,8,C,6,15,0.34845854341983795,0.009319272995583461
70,8,C,6,16,0.0,0.0
70,8,C,6,17,0.0,0.0
70,8,C,6,18,0.0,0.0
70,8,C,6,19,0.0,0.0
70,8,C,6,20,0.0,0.0
70,8,C,6,21,0.242877946048975,0.12332469162603255
70,8,C,6,22,0.8598079204559326,0.0008593387515622907
70,8,C,6,23,0.7938979268074036,0.006745502550565163
70,8,C,6,24,0.5601790219545364,0.18097468662687266
70,8,C,6,25,0.0,0.0
70,8,C,6,26,0.2404961422085762,0.1199614837014906
70,8,C,6,27,0.5788596481084823,0.17755535689119578
70,8,C,6,28,0.7530102759599686,0.11750584318386396
70,8,C,6,29,0.29381561279296875,0.0812268325754644
70,8,C,6,30,0.8222367286682128,0.015243740763809513
70,8,C,6,31,0.8295480608940125,0.0028653564471042615
70,8,H,0,0,0.0,0.0
70,8,H,0,1,0.0,0.0
70,8,H,0,2,0.2408057928085327,0.11869442336605304
70,8,H,0,3,0.0,0.0
70,8,H,0,4,0.2430822253227234,0.11791048059158556
70,8,H,0,5,0.0,0.0
70,8,H,0,6,0.0,0.0
70,8,H,0,7,0.4185235120356083,0.18449416293549986
70,8,H,0,8,0.4034873306751251,0.1876199440882901
70,8,H,0,9,0.9324334263801575,8.56607915125096e-06
70,8,H,0,10,0.4151516854763031,0.17694106774280458
70,8,H,0,11,0.7587916627526283,0.11934066568155725
70,8,H,0,12,0.0,0.0
70,8,H,0,13,0.4131409712135792,0.17897453899788418
70,8,H,0,14,0.0,0.0
70,8,H,0,15,0.0,0.0
70,8,H,0,16,0.0,0.0
70,8,H,0,17,0.0,0.0
70,8,H,0,18,0.0,0.0
70,8,H,0,19,0.4146239638328552,0.17659516222094246
70,8,H,0,20,0.41030255854129793,0.18172962702915452
70,8,H,0,21,0.0,0.0
70,8,H,0,22,0.0,0.0
70,8,H,0,23,0.0,0.0
70,8,H,0,24,0.0,0.0
70,8,H,0,25,0.0,0.0
70,8,H,0,26,0.5846338897943497,0.17888607877758506
70,8,H,0,27,0.5876745924353599,0.17784622439427222
70,8,H,0,28,0.41264019161462784,0.18168437347279814
70,8,H,0,29,0.5868993416428566,0.1790935270123254
70,8,H,0,30,0.0,0.0
70,8,H,0,31,0.0,0.0
70,8,H,1,0,0.0,0.0
70,8,H,1,1,0.0,0.0
70,8,H,1,2,0.5868362545967102,0.17966462596526697
70,8,H,1,3,0.0,0.0
70,8,H,1,4,0.41189323365688324,0.18638958381953324
70,8,H,1,5,0.0,0.0
70,8,H,1,6,0.0,0.0
70,8,H,1,7,0.41501765698194504,0.1766968718683733
70,8,H,1,8,0.9332181930541992,2.7541633116925364e-05
70,8,H,1,9,0.41279036551713943,0.17937267294259848
70,8,H,1,10,0.9317329049110412,5.340473786077382e-06
70,8,H,1,11,0.2488315835595131,0.12580997729252186
70,8,H,1,12,0.0,0.0
70,8,H,1,13,0.5849799327552319,0.1804099857289899
70,8,H,1,14,0.0,0.0
70,8,H,1,15,0.0,0.0
70,8,H,1,16,0.0,0.0
70,8,H,1,17,0.0,0.0
70,8,H,1,18,0.0,0.0
70,8,H,1,19,0.4116880506277084,0.1820584356562207
70,8,H,1,20,0.5855195067822934,0.1804701248585075
70,8,H,1,21,0.0,0.0
70,8,H,1,22,0.0,0.0
70,8,H,1,23,0.0,0.0
70,8,H,1,24,0.0,0.0
70,8,H,1,25,0.0,0.0
70,8,H,1,26,0.4178821459412575,0.1785231196387969
70,8,H,1,27,0.0694850206375122,1.6501030623730097e-05
70,8,H,1,28,0.06885931119322777,5.4008840760997324e-05
70,8,H,1,29,0.40751189067959787,0.18275302237400975
70,8,H,1,30,0.0,0.0
70,8,H,1,31,0.0,0.0
70,8,H,2,0,0.5887039422988891,0.1790069544568102
70,8,H,2,1,0.5803013324737549,0.18404222667465925
70,8,H,2,2,0.4163804166018963,0.18346240702066857
70,8,H,2,3,0.41100386083126067,0.1775976899364759
70,8,H,2,4,0.0,0.0
70,8,H,2,5,0.5888242572546005,0.17693341121533146
70,8,H,2,6,0.0,0.0
70,8,H,2,7,0.0,0.0
70,8,H,2,8,0.0,0.0
70,8,H,2,9,0.0,0.0
70,8,H,2,10,0.41558783054351806,0.17707457988577766
70,8,H,2,11,0.0,0.0
70,8,H,2,12,0.0,0.0
70,8,H,2,13,0.4129710778594017,0.17806947253899646
70,8,H,2,14,0.0,0.0
70,8,H,2,15,0.0,0.0
70,8,H,2,16,0.9272627234458923,1.4278050977623025e-05
70,8,H,2,17,0.0,0.0
70,8,H,2,18,0.0,0.0
70,8,H,2,19,0.0,0.0
70,8,H,2,20,0.0,0.0
70,8,H,2,21,0.0,0.0
70,8,H,2,22,0.0,0.0
70,8,H,2,23,0.0,0.0
70,8,H,2,24,0.23128339126706124,0.1278172001066623
70,8,H,2,25,0.41599107086658477,0.18398586505905062
70,8,H,2,26,0.0,0.0
70,8,H,2,27,0.0,0.0
70,8,H,2,28,0.0,0.0
70,8,H,2,29,0.4146044969558716,0.1801415611658031
70,8,H,2,30,0.0,0.0
70,8,H,2,31,0.0,0.0
70,8,H,3,0,0.7584480121731758,0.11755310944719496
70,8,H,3,1,0.24579683989286422,0.11990070831178745
70,8,H,3,2,0.0,0.0
70,8,H,3,3,0.5858082003891468,0.18043611102071122
70,8,H,3,4,0.2390991471707821,0.11901652991944234
70,8,H,3,5,0.5813061773777009,0.1829967025346766
70,8,H,3,6,0.0,0.0
70,8,H,3,7,0.5868398070335388,0.17691268001280688
70,8,H,3,8,0.0,0.0
70,8,H,3,9,0.7633472353219986,0.11971086285043493
70,8,H,3,10,0.0,0.0
70,8,H,3,11,0.0,0.0
70,8,H,3,12,0.0,0.0
70,8,H,3,13,0.0,0.0
70,8,H,3,14,0.0,0.0
70,8,H,3,15,0.0,0.0
70,8,H,3,16,0.0,0.0
70,8,H,3,17,0.9317641258239746,3.637645999816641e-05
70,8,H,3,18,0.0,0.0
70,8,H,3,19,0.0,0.0
70,8,H,3,20,0.0,0.0
70,8,H,3,21,0.0,0.0
70,8,H,3,22,0.0,0.0
70,8,H,3,23,0.0,0.0
70,8,H,3,24,0.23229321837425232,0.12188482600124281
70,8,H,3,25,0.4107321217656136,0.17990383866191947
70,8,H,3,26,0.7591946393251419,0.12003511543202525
70,8,H,3,27,0.0,0.0
70,8,H,3,28,0.0,0.0
70,8,H,3,29,0.0,0.0
70,8,H,3,30,0.0,0.0
70,8,H,3,31,0.0,0.0
70,8,H,4,0,0.40703937634825704,0.1832065325771268
70,8,H,4,1,0.0,0.0
70,8,H,4,2,0.0,0.0
70,8,H,4,3,0.0,0.0
70,8,H,4,4,0.7587800860404968,0.11853623856065895
70,8,H,4,5,0.7656485334038734,0.11961487047571251
70,8,H,4,6,0.41603431552648545,0.1770144066463539
70,8,H,4,7,0.06747474819421768,6.30017425223306e-05
70,8,H,4,8,0.5852883480489254,0.17948624147151174
70,8,H,4,9,0.4125570297241211,0.17966757491894036
70,8,H,4,10,0.0,0.0
70,8,H,4,11,0.41022624596953394,0.1815447076523376
70,8,H,4,12,0.0,0.0
70,8,H,4,13,0.0,0.0
70,8,H,4,14,0.0,0.0
70,8,H,4,15,0.5855981685221195,0.17928668126437192
70,8,H,4,16,0.0,0.0
70,8,H,4,17,0.0,0.0
70,8,H,4,18,0.41078139245510104,0.18165226820280472
70,8,H,4,19,0.0,0.0
70,8,H,4,20,0.0,0.0
70,8,H,4,21,0.0,0.0
70,8,H,4,22,0.0,0.0
70,8,H,4,23,0.0,0.0
70,8,H,4,24,0.0,0.0
70,8,H,4,25,0.5904477581381797,0.17967199181904456
70,8,H,4,26,0.23702026307582855,0.12072208780162319
70,8,H,4,27,0.2409592390060425,0.12294568786025731
70,8,H,4,28,0.06916210651397706,3.6488113801391716e-06
70,8,H,4,29,0.0,0.0
70,8,H,4,30,0.5898305639624596,0.17883392191183206
70,8,H,4,31,0.0,0.0
70,8,H,5,0,0.0,0.0
70,8,H,5,1,0.5908479034900666,0.1795999338845017
70,8,H,5,2,0.4184411376714706,0.18074186462498848
70,8,H,5,3,0.41329224556684496,0.18008983689194308
70,8,H,5,4,0.0,0.0
70,8,H,5,5,0.0,0.0
70,8,H,5,6,0.0,0.0
70,8,H,5,7,0.0,0.0
70,8,H,5,8,0.4183407425880432,0.17879887391639046
70,8,H,5,9,0.0,0.0
70,8,H,5,10,0.41517461389303206,0.17730982535268386
70,8,H,5,11,0.41395543664693835,0.1791367241956226
70,8,H,5,12,0.4120375715196133,0.17986186215921562
70,8,H,5,13,0.588296240568161,0.17789077163794162
70,8,H,5,14,0.5828269340097905,0.18157017759425953
70,8,H,5,15,0.0,0.0
70,8,H,5,16,0.0,0.0
70,8,H,5,17,0.0,0.0
70,8,H,5,18,0.0,0.0
70,8,H,5,19,0.0,0.0
70,8,H,5,20,0.0,0.0
70,8,H,5,21,0.5899158269166946,0.1813928947543594
70,8,H,5,22,0.0,0.0
70,8,H,5,23,0.0,0.0
70,8,H,5,24,0.41608198583126066,0.17883798916848015
70,8,H,5,25,0.0,0.0
70,8,H,5,26,0.0,0.0
70,8,H,5,27,0.7585805252194404,0.1174431822069825
70,8,H,5,28,0.5918641194701195,0.18194317174144822
70,8,H,5,29,0.5842690370976925,0.17993669222011027
70,8,H,5,30,0.0,0.0
70,8,H,5,31,0.5856209382414818,0.18137084682483823
70,8,H,6,0,0.0,0.0
70,8,H,6,1,0.0,0.0
70,8,H,6,2,0.5894873797893524,0.17802002267243938
70,8,H,6,3,0.0,0.0
70,8,H,6,4,0.0,0.0
70,8,H,6,5,0.0,0.0
70,8,H,6,6,0.5868293166160583,0.17690244104480457
70,8,H,6,7,0.0,0.0
70,8,H,6,8,0.0,0.0
70,8,H,6,9,0.0,0.0
70,8,H,6,10,0.589956347644329,0.1781811292666516
70,8,H,6,11,0.0,0.0
70,8,H,6,12,0.4109331391751766,0.18164481370253455
70,8,H,6,13,0.4127545639872551,0.18023421133848433
70,8,H,6,14,0.7585457101464271,0.11848390844718323
70,8,H,6,15,0.5917100295424461,0.1788833253962771
70,8,H,6,16,0.0,0.0
70,8,H,6,17,0.0,0.0
70,8,H,6,18,0.0,0.0
70,8,H,6,19,0.0,0.0
70,8,H,6,20,0.0,0.0
70,8,H,6,21,0.0,0.0
70,8,H,6,22,0.0,0.0
70,8,H,6,23,0.7586415067315102,0.11944231003789951
70,8,H,6,24,0.0,0.0
70,8,H,6,25,0.0,0.0
70,8,H,6,26,0.0,0.0
70,8,H,6,27,0.0,0.0
70,8,H,6,28,0.0,0.0
70,8,H,6,29,0.4154589667916298,0.17768536922356334
70,8,H,6,30,0.5839790776371956,0.18003193279218777
70,8,H,6,31,0.7586616322398185,0.11894878294364206
70,8,H,7,0,0.0,0.0
70,8,H,7,1,0.0,0.0
70,8,H,7,2,0.0,0.0
70,8,H,7,3,0.0,0.0
70,8,H,7,4,0.5865035444498062,0.17858363260825327
70,8,H,7,5,0.0,0.0
70,8,H,7,6,0.5824096031486988,0.1778840949938685
70,8,H,7,7,0.4163145646452904,0.17898844614840392
70,8,H,7,8,0.0,0.0
70,8,H,7,9,0.5870882548391819,0.17994386456679973
70,8,H,7,10,0.0,0.0
70,8,H,7,11,0.0,0.0
70,8,H,7,12,0.5889348745346069,0.17861125223979654
70,8,H,7,13,0.0,0.0
70,8,H,7,14,0.5948645740747451,0.1838313724840691
70,8,H,7,15,0.4169245265424252,0.18219103757300067
70,8,H,7,16,0.0,0.0
70,8,H,7,17,0.0,0.0
70,8,H,7,18,0.0,0.0
70,8,H,7,19,0.0,0.0
70,8,H,7,20,0.0,0.0
70,8,H,7,21,0.0,0.0
70,8,H,7,22,0.7562986105680466,0.12008858604435413
70,8,H,7,23,0.0,0.0
70,8,H,7,24,0.0,0.0
70,8,H,7,25,0.0,0.0
70,8,H,7,26,0.7582277074456215,0.12083405286723573
70,8,H,7,27,0.0,0.0
70,8,H,7,28,0.0,0.0
70,8,H,7,29,0.0,0.0
70,8,H,7,30,0.23796210438013077,0.11909447871319427
70,8,H,7,31,0.5882946334779262,0.18429592350860075
80,9,C,0,0,0.7435077100992202,0.1218856480963055
80,9,C,0,1,0.32608834803104403,0.018325855843512033
80,9,C,0,2,0.7559220120310783,0.1190584930329667
80,9,C,0,3,0.30982051193714144,0.004578324964861978
80,9,C,0,4,0.24201057255268096,0.11781064846944811
80,9,C,0,5,0.0952349305152893,0.0004397161019675133
80,9,C,0,6,0.0,0.0
80,9,C,0,7,0.5871058523654937,0.1812314310877273
80,9,C,0,8,0.0,0.0
80,9,C,0,9,0.0,0.0
80,9,C,0,10,0.586245596408844,0.1766117507412625
80,9,C,0,11,0.0,0.0
80,9,C,0,12,0.10655425041913986,9.303693065079167e-06
80,9,C,0,13,0.5852700568735599,0.178857467399985
80,9,C,0,14,0.8188870191574097,0.0019780350938683
80,9,C,0,15,0.8191831946372986,0.002418493652567975
80,9,C,0,16,0.4043316453695297,0.18089273047345836
80,9,C,0,17,0.7562492594122887,0.11814633387822555
80,9,C,0,18,0.0,0.0
80,9,C,0,19,0.0,0.0
80,9,C,0,20,0.0,0.0
80,9,C,0,21,0.0,0.0
80,9,C,0,22,0.5818456701934338,0.17905054768785342
80,9,C,0,23,0.587599566578865,0.179913427694589
80,9,C,0,24,0.74764324426651,0.0055021685309674245
80,9,C,0,25,0.7092574715614319,0.006702034169038598
80,9,C,0,26,0.12061897814273834,0.0007890836698656178
80,9,C,0,27,0.5811514250934124,0.17826219177408725
80,9,C,0,28,0.0732131615281105,1.528337234660615e-05
80,9,C,0,29,0.41871685087680816,0.17974171198681246
80,9,C,0,30,0.0,0.0
80,9,C,0,31,0.5878464996814727,0.18100639074226083
80,9,C,0,32,0.08785668388009071,0.00034330542637158736
80,9,C,0,33,0.26225087940692904,0.1139729144473195
80,9,C,1,0,0.3526784211397171,0.010493908118483334
80,9,C,1,1,0.7450987383723259,0.11662067573528834
80,9,C,1,2,0.76152313798666,0.12021105393947477
80,9,C,1,3,0.10535271465778351,0.0005903120210490221
80,9,C,1,4,0.5832568012177944,0.1797258816359473
80,9,C,1,5,0.19275732934474946,0.0011194074580129867
80,9,C,1,6,0.4120448961853981,0.17908758809080635
80,9,C,1,7,0.09812793731689454,2.665840524077367e-05
80,9,C,1,8,0.0,0.0
80,9,C,1,9,0.41401883214712143,0.17991962277166648
80,9,C,1,10,0.0,0.0
80,9,C,1,11,0.0,0.0
80,9,C,1,12,0.933353590965271,1.593529525422355e-05
80,9,C,1,13,0.0,0.0
80,9,C,1,14,0.4095604121685028,0.17441723651219643
80,9,C,1,15,0.066001857817173,7.692144004036726e-06
80,9,C,1,16,0.783815348148346,0.005048740955673168
80,9,C,1,17,0.8424765586853027,0.0015371645004938726
80,9,C,1,18,0.7559158876538277,0.11752041760718553
80,9,C,1,19,0.7578891858458519,0.11830469033631104
80,9,C,1,20,0.0,0.0
80,9,C,1,21,0.0,0.0
80,9,C,1,22,0.0,0.0
80,9,C,1,23,0.0,0.0
80,9,C,1,24,0.3957523763179779,0.12927933270256717
80,9,C,1,25,0.0784449815750122,6.374373645088305e-06
80,9,C,1,26,0.8014315724372864,0.012873535218624851
80,9,C,1,27,0.704546058177948,0.011585909640198507
80,9,C,1,28,0.25954141318798063,0.12016325319337029
80,9,C,1,29,0.25689626187086106,0.11894399685354937
80,9,C,1,30,0.5902735739946365,0.17590513044875333
80,9,C,1,31,0.0,0.0
80,9,C,1,32,0.24516928791999817,0.11758958786699088
80,9,C,1,33,0.4181573584675789,0.17683877997710953
80,9,C,2,0,0.23783495277166367,0.12048161764856498
80,9,C,2,1,0.5863149330019951,0.1791877579655749
80,9,C,2,2,0.0,0.0
80,9,C,2,3,0.41354688405990603,0.17868366473967118
80,9,C,2,4,0.1959316313266754,0.011369808183201028
80,9,C,2,5,0.4183008462190628,0.17231522154504472
80,9,C,2,6,0.12860784381628038,0.010259330709416105
80,9,C,2,7,0.25055891275405884,0.014605034284263407
80,9,C,2,8,0.5902212485671043,0.17817856061712806
80,9,C,2,9,0.5859921008348465,0.17838198927804308
80,9,C,2,10,0.0,0.0
80,9,C,2,11,0.9346733331680298,1.0787956416322686e-05
80,9,C,2,12,0.0,0.0
80,9,C,2,13,0.0,0.0
80,9,C,2,14,0.0,0.0
80,9,C,2,15,0.0,0.0
80,9,C,2,16,0.41055670827627183,0.17907411276522273
80,9,C,2,17,0.4137591734528542,0.18249808932833914
80,9,C,2,18,0.5611956432461739,0.1570293438612594
80,9,C,2,19,0.8983474254608155,8.138451653877609e-05
80,9,C,2,20,0.4182339534163475,0.18255745107491245
80,9,C,2,21,0.0,0.0
80,9,C,2,22,0.0,0.0
80,9,C,2,23,0.0,0.0
80,9,C,2,24,0.7590420663356781,0.12101329966732648
80,9,C,2,25,0.7594353333115578,0.11812958414312029
80,9,C,2,26,0.7659027621150016,0.11784367764552525
80,9,C,2,27,0.4181471034884453,0.17889762914154042
80,9,C,2,28,0.8546379089355469,0.00923802083234392
80,9,C,2,29,0.6809404984116554,0.10168175721616127
80,9,C,2,30,0.07534101158380509,0.0001259070724633071
80,9,C,2,31,0.0,0.0
80,9,C,2,32,0.0,0.0
80,9,C,2,33,0.0,0.0
80,9,C,3,0,0.2554673418402672,0.11814901495126065
80,9,C,3,1,0.0,0.0
80,9,C,3,2,0.0,0.0
80,9,C,3,3,0.0,0.0
80,9,C,3,4,0.11357470899820328,0.00043546259533088443
80,9,C,3,5,0.5900663718581199,0.177283054901953
80,9,C,3,6,0.7837024807929993,0.0034124551936847067
80,9,C,3,7,0.862182354927063,0.0037039331918046516
80,9,C,3,8,0.8135151624679565,0.03672963044972533
80,9,C,3,9,0.7824202656745911,0.0022188784592009373
80,9,C,3,10,0.5899853348731995,0.1804907478081335
80,9,C,3,11,0.8692519426345825,0.00018666744093223997
80,9,C,3,12,0.0,0.0
80,9,C,3,13,0.4176229849457741,0.17673017365836302
80,9,C,3,14,0.0,0.0
80,9,C,3,15,0.0,0.0
80,9,C,3,16,0.0,0.0
80,9,C,3,17,0.0,0.0
80,9,C,3,18,0.7662106767296791,0.11574104862471035
80,9,C,3,19,0.2501071900129318,0.1179451895101495
80,9,C,3,20,0.7844279408454895,0.0032804239784084642
80,9,C,3,21,0.0,0.0
80,9,C,3,22,0.0,0.0
80,9,C,3,23,0.0,0.0
80,9,C,3,24,0.0,0.0
80,9,C,3,25,0.0,0.0
80,9,C,3,26,0.23850943967700006,0.12175385942227113
80,9,C,3,27,0.7577030062675476,0.1196786439386969
80,9,C,3,28,0.8899652838706971,0.0027412265092712574
80,9,C,3,29,0.8900410294532776,0.0008038600775230975
80,9,C,3,30,0.7792305469512939,0.0001970045535605891
80,9,C,3,31,0.2427827686071396,0.119542279001398
80,9,C,3,32,0.0,0.0
80,9,C,3,33,0.0,0.0
80,9,C,4,0,0.0,0.0
80,9,C,4,1,0.0,0.0
80,9,C,4,2,0.24540451020002366,0.12168092356768707
80,9,C,4,3,0.0,0.0
80,9,C,4,4,0.25444164872169495,0.11819171312597967
80,9,C,4,5,0.0,0.0
80,9,C,4,6,0.8026921629905701,0.002620313545735655
80,9,C,4,7,0.7685838133096695,0.10774678889252728
80,9,C,4,8,0.817287003993988,0.0037196187407411685
80,9,C,4,9,0.9006336092948913,0.00014994810810208036
80,9,C,4,10,0.8847518682479858,0.0002580016192075618
80,9,C,4,11,0.8737160086631774,0.0003369232666491939
80,9,C,4,12,0.41066051796078684,0.1785861880439851
80,9,C,4,13,0.8015121221542358,0.002530047443634942
80,9,C,4,14,0.0,0.0
80,9,C,4,15,0.0,0.0
80,9,C,4,16,0.0,0.0
80,9,C,4,17,0.0,0.0
80,9,C,4,18,0.0,0.0
80,9,C,4,19,0.0,0.0
80,9,C,4,20,0.3830021061003208,0.1735674737246752
80,9,C,4,21,0.7188468500971794,0.11580902109612179
80,9,C,4,22,0.0,0.0
80,9,C,4,23,0.0,0.0
80,9,C,4,24,0.0,0.0
80,9,C,4,25,0.0,0.0
80,9,C,4,26,0.0,0.0
80,9,C,4,27,0.0,0.0
80,9,C,4,28,0.7439666390419006,0.11459771015572358
80,9,C,4,29,0.9149192452430726,6.593077661477763e-05
80,9,C,4,30,0.867291271686554,0.0007969941697027139
80,9,C,4,31,0.8502559304237366,0.00046403725987943285
80,9,C,4,32,0.9081648707389831,0.00015244620645574967
80,9,C,4,33,0.5639312446117402,0.17122785574064298
80,9,C,5,0,0.0,0.0
80,9,C,5,1,0.25756498128175737,0.11679573192189027
80,9,C,5,2,0.4335613340139389,0.1484731076540474
80,9,C,5,3,0.41408781260252,0.17679455297749383
80,9,C,5,4,0.0,0.0
80,9,C,5,5,0.0,0.0
80,9,C,5,6,0.5811791867017746,0.18285120713954103
80,9,C,5,7,0.0,0.0
80,9,C,5,8,0.8989781856536865,0.00024597684422701606
80,9,C,5,9,0.24878933578729628,0.11976868603114546
80,9,C,5,10,0.7739101886749268,0.0006047158549415598
80,9,C,5,11,0.8709962725639343,0.005567401808574743
80,9,C,5,12,0.892182469367981,0.0009550432312664725
80,9,C,5,13,0.7705593109130859,0.004148064036037624
80,9,C,5,14,0.0,0.0
80,9,C,5,15,0.0,0.0
80,9,C,5,16,0.0,0.0
80,9,C,5,17,0.0,0.0
80,9,C,5,18,0.0,0.0
80,9,C,5,19,0.0,0.0
80,9,C,5,20,0.0,0.0
80,9,C,5,21,0.8206651926040649,0.0017037583111081743
80,9,C,5,22,0.4217191725969315,0.17552174772078258
80,9,C,5,23,0.422392863035202,0.17573268363578448
80,9,C,5,24,0.9215059041976928,2.5942257037456786e-05
80,9,C,5,25,0.41015279069542887,0.1780060123614417
80,9,C,5,26,0.0,0.0
80,9,C,5,27,0.0,0.0
80,9,C,5,28,0.0,0.0
80,9,C,5,29,0.0,0.0
80,9,C,5,30,0.9343961715698242,1.2987415781537945e-05
80,9,C,5,31,0.7894601821899414,0.0031585130280120666
80,9,C,5,32,0.7230573564767837,0.11904602049625627
80,9,C,5,33,0.8811997890472412,0.0010460071231042892
80,9,C,6,0,0.7624960899353027,0.11878174629548341
80,9,C,6,1,0.5879258379340172,0.17786096789869843
80,9,C,6,2,0.24598034471273422,0.020283355326627995
80,9,C,6,3,0.43385894447565077,0.16828808672269444
80,9,C,6,4,0.0,0.0
80,9,C,6,5,0.24614346027374268,0.11742430452275612
80,9,C,6,6,0.0,0.0
80,9,C,6,7,0.0,0.0
80,9,C,6,8,0.41551156640052794,0.17801356475931246
80,9,C,6,9,0.0,0.0
80,9,C,6,10,0.5838862895965576,0.1738854801389254
80,9,C,6,11,0.24361192882061006,0.11805445476949805
80,9,C,6,12,0.28324475288391116,0.006160924265529886
80,9,C,6,13,0.093316750228405,8.359941898693268e-05
80,9,C,6,14,0.41461591273546217,0.17670316024380445
80,9,C,6,15,0.4141315549612045,0.17638162307215505
80,9,C,6,16,0.0,0.0
80,9,C,6,17,0.0,0.0
80,9,C,6,18,0.0,0.0
80,9,C,6,19,0.0,0.0
80,9,C,6,20,0.0,0.0
80,9,C,6,21,0.58869289457798,0.1764159926825895
80,9,C,6,22,0.7914034962654114,0.014318756833606871
80,9,C,6,23,0.6714974567294121,0.08247261181338925
80,9,C,6,24,0.2514566659927368,0.12348171477924634
80,9,C,6,25,0.5876020699739456,0.1789366415387048
80,9,C,6,26,0.24377212822437286,0.11802258963126364
80,9,C,6,27,0.2410727247595787,0.11870252485901896
80,9,C,6,28,0.0,0.0
80,9,C,6,29,0.0,0.0
80,9,C,6,30,0.0,0.0
80,9,C,6,31,0.2497251585125923,0.1157880890004163
80,9,C,6,32,0.8732380628585815,0.0027711687328527998
80,9,C,6,33,0.8994787096977234,0.00010327314710650627
80,9,H,0,0,0.41627481430768964,0.17665280098772987
80,9,H,0,1,0.4200269177556038,0.18239585054120455
80,9,H,0,2,0.0,0.0
80,9,H,0,3,0.41701799631118774,0.1796726585712211
80,9,H,0,4,0.7594704136252404,0.11769639058679886
80,9,H,0,5,0.24308791905641555,0.11827921486857562
80,9,H,0,6,0.0,0.0
80,9,H,0,7,0.584419383853674,0.1856317782102673
80,9,H,0,8,0.0,0.0
80,9,H,0,9,0.0,0.0
80,9,H,0,10,0.0,0.0
80,9,H,0,11,0.0,0.0
80,9,H,0,12,0.0,0.0
80,9,H,0,13,0.0,0.0
80,9,H,0,14,0.0,0.0
80,9,H,0,15,0.0,0.0
80,9,H,0,16,0.41178343668580053,0.17848675995920735
80,9,H,0,17,0.4156909003853798,0.18126679407025453
80,9,H,0,18,0.0,0.0
80,9,H,0,19,0.0,0.0
80,9,H,0,20,0.0,0.0
80,9,H,0,21,0.0,0.0
80,9,H,0,22,0.0,0.0
80,9,H,0,23,0.0,0.0
80,9,H,0,24,0.41644141525030137,0.17856891537302996
80,9,H,0,25,0.06469670385122299,6.177899651263695e-05
80,9,H,0,26,0.759577015042305,0.11797006517088841
80,9,H,0,27,0.4140597000718117,0.18063927313193245
80,9,H,0,28,0.41558037251234053,0.17740617168234674
80,9,H,0,29,0.757831646502018,0.11975739887046759
80,9,H,0,30,0.0,0.0
80,9,H,0,31,0.0,0.0
80,9,H,0,32,0.0,0.0
80,9,H,0,33,0.0,0.0
80,9,H,1,0,0.5886843800544739,0.1844758204200147
80,9,H,1,1,0.5871181324124336,0.1759880909808848
80,9,H,1,2,0.0,0.0
80,9,H,1,3,0.23686575517058372,0.12027719706723314
80,9,H,1,4,0.41390200406312944,0.17834175106017924
80,9,H,1,5,0.5888086050748825,0.1770711946946693
80,9,H,1,6,0.0,0.0
80,9,H,1,7,0.4201971530914307,0.18554333296845876
80,9,H,1,8,0.0,0.0
80,9,H,1,9,0.0,0.0
80,9,H,1,10,0.0,0.0
80,9,H,1,11,0.0,0.0
80,9,H,1,12,0.0,0.0
80,9,H,1,13,0.0,0.0
80,9,H,1,14,0.0,0.0
80,9,H,1,15,0.0,0.0
80,9,H,1,16,0.41601297110319135,0.17722773579466486
80,9,H,1,17,0.7588542073965072,0.11875285697152413
80,9,H,1,18,0.0,0.0
80,9,H,1,19,0.0,0.0
80,9,H,1,20,0.0,0.0
80,9,H,1,21,0.0,0.0
80,9,H,1,22,0.0,0.0
80,9,H,1,23,0.0,0.0
80,9,H,1,24,0.7637356445193291,0.12036463948772838
80,9,H,1,25,0.2410305492579937,0.11893958831035441
80,9,H,1,26,0.5838720418512822,0.18025987689088213
80,9,H,1,27,0.4138147793710232,0.18117044070955254
80,9,H,1,28,0.5865963190793991,0.18097103097746509
80,9,H,1,29,0.5873235061764717,0.17723113955471187
80,9,H,1,30,0.0,0.0
80,9,H,1,31,0.0,0.0
80,9,H,1,32,0.0,0.0
80,9,H,1,33,0.0,0.0
80,9,H,2,0,0.5904036730527877,0.1793497231263242
80,9,H,2,1,0.0,0.0
80,9,H,2,2,0.0,0.0
80,9,H,2,3,0.0,0.0
80,9,H,2,4,0.5864742770791054,0.17792854855748358
80,9,H,2,5,0.24195209220051767,0.11821346802623725
80,9,H,2,6,0.5842993915081024,0.17908710660719093
80,9,H,2,7,0.40994597151875495,0.18138706577742936
80,9,H,2,8,0.0,0.0
80,9,H,2,9,0.24254181385040283,0.11915283681528129
80,9,H,2,10,0.0,0.0
80,9,H,2,11,0.0,0.0
80,9,H,2,12,0.0,0.0
80,9,H,2,13,0.0,0.0
80,9,H,2,14,0.0,0.0
80,9,H,2,15,0.0,0.0
80,9,H,2,16,0.0,0.0
80,9,H,2,17,0.0,0.0
80,9,H,2,18,0.7573133394122123,0.11739215039883462
80,9,H,2,19,0.4142408326268196,0.17698844493824878
80,9,H,2,20,0.0,0.0
80,9,H,2,21,0.0,0.0
80,9,H,2,22,0.0,0.0
80,9,H,2,23,0.0,0.0
80,9,H,2,24,0.0,0.0
80,9,H,2,25,0.0,0.0
80,9,H,2,26,0.41783721596002577,0.18166337409528227
80,9,H,2,27,0.5906277313828469,0.1798572174322247
80,9,H,2,28,0.5850340440869332,0.181916593242995
80,9,H,2,29,0.07189758569002151,4.217348626625039e-06
80,9,H,2,30,0.5889100164175034,0.17737668412973895
80,9,H,2,31,0.0,0.0
80,9,H,2,32,0.0,0.0
80,9,H,2,33,0.0,0.0
80,9,H,3,0,0.5869734138250351,0.17637134027359025
80,9,H,3,1,0.0,0.0
80,9,H,3,2,0.0,0.0
80,9,H,3,3,0.0,0.0
80,9,H,3,4,0.9312765240669251,8.918014672474329e-06
80,9,H,3,5,0.24311345666646958,0.11779309677552754
80,9,H,3,6,0.5874598413705826,0.1776359336109992
80,9,H,3,7,0.4124608665704727,0.17949066615403012
80,9,H,3,8,0.0,0.0
80,9,H,3,9,0.06301874369382858,0.00012682145468629003
80,9,H,3,10,0.0,0.0
80,9,H,3,11,0.0,0.0
80,9,H,3,12,0.0,0.0
80,9,H,3,13,0.0,0.0
80,9,H,3,14,0.0,0.0
80,9,H,3,15,0.0,0.0
80,9,H,3,16,0.0,0.0
80,9,H,3,17,0.0,0.0
80,9,H,3,18,0.2415309429168701,0.11816692569645688
80,9,H,3,19,0.2382742926478386,0.11905336269834021
80,9,H,3,20,0.0,0.0
80,9,H,3,21,0.0,0.0
80,9,H,3,22,0.0,0.0
80,9,H,3,23,0.0,0.0
80,9,H,3,24,0.0,0.0
80,9,H,3,25,0.0,0.0
80,9,H,3,26,0.587558364868164,0.18253185511270595
80,9,H,3,27,0.5876166671514511,0.17688018085278845
80,9,H,3,28,0.5830803140997887,0.18250108059449582
80,9,H,3,29,0.5876262813806534,0.17892004445692203
80,9,H,3,30,0.415165114402771,0.18325377084547717
80,9,H,3,31,0.0,0.0
80,9,H,3,32,0.0,0.0
80,9,H,3,33,0.0,0.0
80,9,H,4,0,0.0,0.0
80,9,H,4,1,0.241986882686615,0.1183023993821617
80,9,H,4,2,0.41256155967712405,0.17848292442843994
80,9,H,4,3,0.5902800783514977,0.17817423392613704
80,9,H,4,4,0.0,0.0
80,9,H,4,5,0.0,0.0
80,9,H,4,6,0.0,0.0
80,9,H,4,7,0.0,0.0
80,9,H,4,8,0.0,0.0
80,9,H,4,9,0.0,0.0
80,9,H,4,10,0.4201540485024452,0.18100435926910427
80,9,H,4,11,0.0,0.0
80,9,H,4,12,0.5883158966898918,0.17829282952132802
80,9,H,4,13,0.24397543370723723,0.11876392137143758
80,9,H,4,14,0.0,0.0
80,9,H,4,15,0.0,0.0
80,9,H,4,16,0.0,0.0
80,9,H,4,17,0.0,0.0
80,9,H,4,18,0.0,0.0
80,9,H,4,19,0.0,0.0
80,9,H,4,20,0.0,0.0
80,9,H,4,21,0.0,0.0
80,9,H,4,22,0.24245359152555465,0.11741510251161842
80,9,H,4,23,0.24048247784376145,0.11850792909296588
80,9,H,4,24,0.2446751579642296,0.1199234413324602
80,9,H,4,25,0.4155681312084198,0.17656236945400794
80,9,H,4,26,0.0,0.0
80,9,H,4,27,0.0,0.0
80,9,H,4,28,0.0,0.0
80,9,H,4,29,0.0,0.0
80,9,H,4,30,0.0,0.0
80,9,H,4,31,0.41425695419311526,0.17760817573751791
80,9,H,4,32,0.7649032205343247,0.12156721477367545
80,9,H,4,33,0.7631360396742821,0.12195425753808378
80,9,H,5,0,0.0,0.0
80,9,H,5,1,0.4141852229833603,0.1813628844343232
80,9,H,5,2,0.5853214025497436,0.180079147374197
80,9,H,5,3,0.2378173552453518,0.11972764519670949
80,9,H,5,4,0.0,0.0
80,9,H,5,5,0.0,0.0
80,9,H,5,6,0.0,0.0
80,9,H,5,7,0.0,0.0
80,9,H,5,8,0.0,0.0
80,9,H,5,9,0.0,0.0
80,9,H,5,10,0.41494501382112503,0.17778835784747288
80,9,H,5,11,0.0,0.0
80,9,H,5,12,0.4151619702577591,0.17764282181650737
80,9,H,5,13,0.41674883365631105,0.1800086415360564
80,9,H,5,14,0.0,0.0
80,9,H,5,15,0.0,0.0
80,9,H,5,16,0.0,0.0
80,9,H,5,17,0.0,0.0
80,9,H,5,18,0.0,0.0
80,9,H,5,19,0.0,0.0
80,9,H,5,20,0.0,0.0
80,9,H,5,21,0.0,0.0
80,9,H,5,22,0.24315036237239837,0.11745783985783409
80,9,H,5,23,0.5879041731357575,0.1779411470861667
80,9,H,5,24,0.24074590653181077,0.11898773802777225
80,9,H,5,25,0.41462463438510894,0.17707871331301334
80,9,H,5,26,0.0,0.0
80,9,H,5,27,0.0,0.0
80,9,H,5,28,0.0,0.0
80,9,H,5,29,0.0,0.0
80,9,H,5,30,0.0,0.0
80,9,H,5,31,0.7566939786076545,0.12063127025100195
80,9,H,5,32,0.9297959923744201,3.4099239201168525e-08
80,9,H,5,33,0.41869163066148757,0.18268717320209085
80,9,H,6,0,0.5872638940811157,0.1770251542103845
80,9,H,6,1,0.5843997694551945,0.17991106356735934
80,9,H,6,2,0.4173318162560463,0.17753162769972516
80,9,H,6,3,0.5850982062518597,0.1829555045447117
80,9,H,6,4,0.0,0.0
80,9,H,6,5,0.76387520134449,0.11917600513084939
80,9,H,6,6,0.0,0.0
80,9,H,6,7,0.0,0.0
80,9,H,6,8,0.0,0.0
80,9,H,6,9,0.0,0.0
80,9,H,6,10,0.0,0.0
80,9,H,6,11,0.0,0.0
80,9,H,6,12,0.24337555319070817,0.11996925431435061
80,9,H,6,13,0.0,0.0
80,9,H,6,14,0.4123981542885303,0.17847450725776529
80,9,H,6,15,0.9325888276100158,2.2557680859449645e-05
80,9,H,6,16,0.0,0.0
80,9,H,6,17,0.0,0.0
80,9,H,6,18,0.0,0.0
80,9,H,6,19,0.0,0.0
80,9,H,6,20,0.0,0.0
80,9,H,6,21,0.0,0.0
80,9,H,6,22,0.0,0.0
80,9,H,6,23,0.0,0.0
80,9,H,6,24,0.5908564135432244,0.17892627882347237
80,9,H,6,25,0.41806239187717437,0.1785563614280993
80,9,H,6,26,0.4151209697127342,0.17719589975061362
80,9,H,6,27,0.07096826583147049,3.835611125238003e-06
80,9,H,6,28,0.0,0.0
80,9,H,6,29,0.0,0.0
80,9,H,6,30,0.0,0.0
80,9,H,6,31,0.0,0.0
80,9,H,6,32,0.2435581386089325,0.11838411306683402
80,9,H,6,33,0.5885237231850624,0.17910089838828055
80,9,H,7,0,0.23930075988173485,0.11932502995664027
80,9,H,7,1,0.4148200161755085,0.18356592168443486
80,9,H,7,2,0.4118396960198879,0.17940510358052447
80,9,H,7,3,0.7576441317796707,0.1200960497752023
80,9,H,7,4,0.0,0.0
80,9,H,7,5,0.41497631222009657,0.1805543321782896
80,9,H,7,6,0.0,0.0
80,9,H,7,7,0.0,0.0
80,9,H,7,8,0.0,0.0
80,9,H,7,9,0.0,0.0
80,9,H,7,10,0.0,0.0
80,9,H,7,11,0.0,0.0
80,9,H,7,12,0.07014667242765427,2.1368116626585555e-05
80,9,H,7,13,0.0,0.0
80,9,H,7,14,0.4159210234880447,0.17734009555468516
80,9,H,7,15,0.587901720404625,0.17998568389946332
80,9,H,7,16,0.0,0.0
80,9,H,7,17,0.0,0.0
80,9,H,7,18,0.0,0.0
80,9,H,7,19,0.0,0.0
80,9,H,7,20,0.0,0.0
80,9,H,7,21,0.0,0.0
80,9,H,7,22,0.0,0.0
80,9,H,7,23,0.0,0.0
80,9,H,7,24,0.4102304883301258,0.18000636965412853
80,9,H,7,25,0.5876374915242195,0.17628333228288318
80,9,H,7,26,0.24169712215662004,0.11834865301623539
80,9,H,7,27,0.4136198297142982,0.17968068430900735
80,9,H,7,28,0.0,0.0
80,9,H,7,29,0.0,0.0
80,9,H,7,30,0.0,0.0
80,9,H,7,31,0.0,0.0
80,9,H,7,32,0.9337743759155274,2.4693032612219666e-05
80,9,H,7,33,0.24455613642930984,0.12144258303850779
80,9,H,8,0,0.0,0.0
80,9,H,8,1,0.0,0.0
80,9,H,8,2,0.5862112134695053,0.17903637707239164
80,9,H,8,3,0.0,0.0
80,9,H,8,4,0.0,0.0
80,9,H,8,5,0.0,0.0
80,9,H,8,6,0.0,0.0
80,9,H,8,7,0.0,0.0
80,9,H,8,8,0.5876797020435334,0.17736584347161144
80,9,H,8,9,0.0,0.0
80,9,H,8,10,0.7649018213152885,0.12206408627539327
80,9,H,8,11,0.4136208385229111,0.1782155134026823
80,9,H,8,12,0.2434906966984272,0.12170213685493547
80,9,H,8,13,0.5867206037044526,0.17630840678415663
80,9,H,8,14,0.0,0.0
80,9,H,8,15,0.0,0.0
80,9,H,8,16,0.0,0.0
80,9,H,8,17,0.0,0.0
80,9,H,8,18,0.0,0.0
80,9,H,8,19,0.0,0.0
80,9,H,8,20,0.0,0.0
80,9,H,8,21,0.4117044538259506,0.18082898752731022
80,9,H,8,22,0.0,0.0
80,9,H,8,23,0.0,0.0
80,9,H,8,24,0.0,0.0
80,9,H,8,25,0.0,0.0
80,9,H,8,26,0.0,0.0
80,9,H,8,27,0.0,0.0
80,9,H,8,28,0.0,0.0
80,9,H,8,29,0.0,0.0
80,9,H,8,30,0.0,0.0
80,9,H,8,31,0.5839648708701134,0.1816830050652631
80,9,H,8,32,0.41518864035606384,0.1791427736196535
80,9,H,8,33,0.24263883009552956,0.12091121189796268
80,9,H,9,0,0.0,0.0
80,9,H,9,1,0.0,0.0
80,9,H,9,2,0.0,0.0
80,9,H,9,3,0.0,0.0
80,9,H,9,4,0.4143501177430153,0.18033096729977582
80,9,H,9,5,0.0,0.0
80,9,H,9,6,0.41389406844973564,0.17992675018264276
80,9,H,9,7,0.41875606775283813,0.17935964073662677
80,9,H,9,8,0.41329393684864046,0.17808766558904982
80,9,H,9,9,0.23819335401058198,0.11990539284277106
80,9,H,9,10,0.0,0.0
80,9,H,9,11,0.5877986311912536,0.17643347608651305
80,9,H,9,12,0.0,0.0
80,9,H,9,13,0.0,0.0
80,9,H,9,14,0.0,0.0
80,9,H,9,15,0.0,0.0
80,9,H,9,16,0.0,0.0
80,9,H,9,17,0.0,0.0
80,9,H,9,18,0.0,0.0
80,9,H,9,19,0.0,0.0
80,9,H,9,20,0.41247425228357315,0.17843178028985335
80,9,H,9,21,0.0,0.0
80,9,H,9,22,0.0,0.0
80,9,H,9,23,0.0,0.0
80,9,H,9,24,0.0,0.0
80,9,H,9,25,0.0,0.0
80,9,H,9,26,0.0,0.0
80,9,H,9,27,0.0,0.0
80,9,H,9,28,0.41472934037446973,0.17693264041793527
80,9,H,9,29,0.4130246743559837,0.1838894620140506
80,9,H,9,30,0.5819196872413158,0.18193040313588524
80,9,H,9,31,0.0,0.0
80,9,H,9,32,0.0,0.0
80,9,H,9,33,0.0,0.0
90,10,C,0,0,0.326115345954895,0.00044983509729000563
90,10,C,0,1,0.8421398878097535,0.0021966981062794843
90,10,C,0,2,0.8544714689254761,0.0009852408790828806
90,10,C,0,3,0.7723890900611877,0.0011749724124919681
90,10,C,0,4,0.9260857939720154,0.00026782592530963714
90,10,C,0,5,0.8036360263824462,0.010242033900021
90,10,C,0,6,0.7415219619870186,0.11467265036044254
90,10,C,0,7,0.2602832064032555,0.11633187823913053
90,10,C,0,8,0.0,0.0
90,10,C,0,9,0.26752107590436935,0.11556771354784715
90,10,C,0,10,0.44409930408000947,0.094856629286398
90,10,C,0,11,0.7521390795707703,0.11704375464069786
90,10,C,0,12,0.0,0.0
90,10,C,0,13,0.09789117872714996,2.4992615072774174e-05
90,10,C,0,14,0.0,0.0
90,10,C,0,15,0.0,0.0
90,10,C,0,16,0.81538325548172,0.003047658316530999
90,10,C,0,17,0.8389264464378356,0.001310235569760323
90,10,C,0,18,0.0,0.0
90,10,C,0,19,0.0,0.0
90,10,C,0,20,0.42600474059581755,0.17788916738167398
90,10,C,0,21,0.42967766970396043,0.17864602824438397
90,10,C,0,22,0.0,0.0
90,10,C,0,23,0.0,0.0
90,10,C,0,24,0.0,0.0
90,10,C,0,25,0.0,0.0
90,10,C,0,26,0.8144782662391663,0.0005170971388130852
90,10,C,0,27,0.8338267922401428,0.0019701643551235295
90,10,C,0,28,0.5848254710435867,0.17831148074216827
90,10,C,0,29,0.40616972669959067,0.17859010325558855
90,10,C,0,30,0.854565954208374,0.00014422711174773896
90,10,C,0,31,0.8785032153129577,0.0009882069852940845
90,10,C,0,32,0.0,0.0
90,10,C,0,33,0.0,0.0
90,10,C,0,34,0.0,0.0
90,10,C,0,35,0.0,0.0
90,10,C,1,0,0.7721121668815613,0.0005773688411119338
90,10,C,1,1,0.3099649429321289,0.0010761575304277925
90,10,C,1,2,0.9288825273513794,0.00035240676745388553
90,10,C,1,3,0.85738765001297,0.00031172889530267867
90,10,C,1,4,0.8729546427726745,0.0004418070494915582
90,10,C,1,5,0.8080565333366394,0.002292223866460574
90,10,C,1,6,0.9197133541107178,0.0002291701926574774
90,10,C,1,7,0.21534413993358612,0.007754103658169474
90,10,C,1,8,0.0,0.0
90,10,C,1,9,0.26639382541179657,0.11491957176281749
90,10,C,1,10,0.4298995867371559,0.17844640429027642
90,10,C,1,11,0.5752156034111977,0.1726843512069105
90,10,C,1,12,0.0,0.0
90,10,C,1,13,0.26471503376960753,0.11150133004961034
90,10,C,1,14,0.0,0.0
90,10,C,1,15,0.0,0.0
90,10,C,1,16,0.8773185968399048,0.00046392447251491825
90,10,C,1,17,0.8088364839553833,0.0018475353473783687
90,10,C,1,18,0.08697882443666458,0.00023207911992018993
90,10,C,1,19,0.25262799561023713,0.120189340154169
90,10,C,1,20,0.0,0.0
90,10,C,1,21,0.0,0.0
90,10,C,1,22,0.0,0.0
90,10,C,1,23,0.0,0.0
90,10,C,1,24,0.0,0.0
90,10,C,1,25,0.0,0.0
90,10,C,1,26,0.8423777937889099,0.0019079618692236975
90,10,C,1,27,0.7716119647026062,0.003116239789597728
90,10,C,1,28,0.8834884643554688,0.00011475642095234661
90,10,C,1,29,0.8811211228370667,0.0006994301186077223
90,10,C,1,30,0.754496219009161,0.12062469851649056
90,10,C,1,31,0.41086819767951965,0.17836031979093517
90,10,C,1,32,0.0,0.0
90,10,C,1,33,0.0,0.0
90,10,C,1,34,0.0,0.0
90,10,C,1,35,0.0,0.0
90,10,C,2,0,0.765382832288742,0.11160696237617826
90,10,C,2,1,0.2437647372484207,0.1181015761966939
90,10,C,2,2,0.9342764019966125,3.389026450832944e-05
90,10,C,2,3,0.5920628905296326,0.17807982548745063
90,10,C,2,4,0.590252423286438,0.008060673150294803
90,10,C,2,5,0.7890264928340912,0.03339602530119322
90,10,C,2,6,0.5648984044790268,0.08323981427904906
90,10,C,2,7,0.6273175954818726,0.012262929810568438
90,10,C,2,8,0.24905636459589003,0.12272729835762838
90,10,C,2,9,0.24656662940979004,0.1202163653696126
90,10,C,2,10,0.4159302204847336,0.17887254412027428
90,10,C,2,11,0.7967151522636413,0.0009912520024008132
90,10,C,2,12,0.07379306107759476,7.540676210937569e-06
90,10,C,2,13,0.07410614788532258,2.469859106438487e-05
90,10,C,2,14,0.24626292437314987,0.11819830484229146
90,10,C,2,15,0.418111801892519,0.18181371151176662
90,10,C,2,16,0.0,0.0
90,10,C,2,17,0.4138482540845871,0.17993973810662195
90,10,C,2,18,0.4266227439045906,0.17835444467773356
90,10,C,2,19,0.4282756373286247,0.17149665514845924
90,10,C,2,20,0.0,0.0
90,10,C,2,21,0.0,0.0
90,10,C,2,22,0.0,0.0
90,10,C,2,23,0.0,0.0
90,10,C,2,24,0.0,0.0
90,10,C,2,25,0.0,0.0
90,10,C,2,26,0.5859965711832047,0.17778380750416384
90,10,C,2,27,0.7478913962841034,0.08852526289945217
90,10,C,2,28,0.6007790118455887,0.15771682273573936
90,10,C,2,29,0.7534584686160087,0.10850778589075497
90,10,C,2,30,0.41807893514633176,0.17880409636654218
90,10,C,2,31,0.41248770132660867,0.17885372226531657
90,10,C,2,32,0.40740898326039315,0.18309362817470184
90,10,C,2,33,0.23905570358037947,0.11898250273308894
90,10,C,2,34,0.7584418222308159,0.12024900321479459
90,10,C,2,35,0.586896950006485,0.17594874197940702
90,10,C,3,0,0.07538516521453857,1.5394325485162953e-06
90,10,C,3,1,0.41959877610206603,0.17959527265675732
90,10,C,3,2,0.2845945343375206,0.08709591663057144
90,10,C,3,3,0.2411418616771698,0.11948951705323585
90,10,C,3,4,0.20855836421251298,0.04494947868553462
90,10,C,3,5,0.4181721925735474,0.17643658439197285
90,10,C,3,6,0.371841824054718,0.0026114122481045144
90,10,C,3,7,0.7519347399473191,0.11587342452382328
90,10,C,3,8,0.8430585384368896,0.003498718671118297
90,10,C,3,9,0.4034955322742462,0.01442269778090285
90,10,C,3,10,0.925851845741272,0.00010792346269795417
90,10,C,3,11,0.35963980555534364,0.010673132185522008
90,10,C,3,12,0.4885627135634422,0.09573912083870273
90,10,C,3,13,0.33377147912979127,0.027840733037173
90,10,C,3,14,0.40175339877605437,0.16870074921610792
90,10,C,3,15,0.7373221933841705,0.08840687822412562
90,10,C,3,16,0.0,0.0
90,10,C,3,17,0.0,0.0
90,10,C,3,18,0.9300078272819519,9.375156415103449e-07
90,10,C,3,19,0.41417025923728945,0.17664167315889986
90,10,C,3,20,0.5860521800816059,0.18140853485189362
90,10,C,3,21,0.4151705041527748,0.1788683680085338
90,10,C,3,22,0.7558539487421513,0.12035324931892684
90,10,C,3,23,0.7583148166537285,0.11861961727593524
90,10,C,3,24,0.4120337463915348,0.17922562043474924
90,10,C,3,25,0.23516117110848428,0.11894372146853849
90,10,C,3,26,0.4208410382270813,0.17903404970702633
90,10,C,3,27,0.5863261997699738,0.1803545688078209
90,10,C,3,28,0.5912144869565964,0.17680769064273777
90,10,C,3,29,0.25127444341778754,0.12111062258752874
90,10,C,3,30,0.24782653003931046,0.11688660341817551
90,10,C,3,31,0.24845907539129258,0.11913992923841592
90,10,C,3,32,0.4290031656622887,0.1615314041753741
90,10,C,3,33,0.411142960190773,0.17255214515633316
90,10,C,3,34,0.26132959574460984,0.11294800703119398
90,10,C,3,35,0.09281640648841857,0.00020152265896734357
90,10,C,4,0,0.4173960328102112,0.1769620376969429
90,10,C,4,1,0.24585817232728005,0.1204802641485336
90,10,C,4,2,0.5905651271343231,0.016433218582652245
90,10,C,4,3,0.7230202227830886,0.08019631234597466
90,10,C,4,4,0.41549170315265654,0.17898359063480185
90,10,C,4,5,0.7584305718541146,0.12067049291370661
90,10,C,4,6,0.5301230385899544,0.09855330994578085
90,10,C,4,7,0.5871939316391945,0.18605074455270817
90,10,C,4,8,0.2415914259850979,0.11952540744175552
90,10,C,4,9,0.24482477605342864,0.1184281959602846
90,10,C,4,10,0.6288454413414002,0.011677372456980207
90,10,C,4,11,0.8588664889335632,0.0004569913218412581
90,10,C,4,12,0.2501778334379196,0.12023336342462668
90,10,C,4,13,0.420373897254467,0.17909752037273743
90,10,C,4,14,0.4191658765077591,0.1801899577252137
90,10,C,4,15,0.4163154184818268,0.17915972739706407
90,10,C,4,16,0.410262693464756,0.1787690571261353
90,10,C,4,17,0.0,0.0
90,10,C,4,18,0.0,0.0
90,10,C,4,19,0.0,0.0
90,10,C,4,20,0.2531187072396278,0.11507785795241152
90,10,C,4,21,0.25340022444725036,0.11039179005908092
90,10,C,4,22,0.0,0.0
90,10,C,4,23,0.0,0.0
90,10,C,4,24,0.0,0.0
90,10,C,4,25,0.0,0.0
90,10,C,4,26,0.7810563266277313,0.03962934743049672
90,10,C,4,27,0.4124198846518993,0.18320331901021142
90,10,C,4,28,0.7633932590484619,0.1194262122225291
90,10,C,4,29,0.5881187751889229,0.17810049055611005
90,10,C,4,30,0.30757747739553454,0.10110818699622226
90,10,C,4,31,0.2600937277078629,0.10826652942727633
90,10,C,4,32,0.41579071432352066,0.1791159351016875
90,10,C,4,33,0.7603519678115844,0.11802514030242775
90,10,C,4,34,0.9311001300811768,6.816059152470189e-06
90,10,C,4,35,0.07074215561151505,8.028137732210006e-06
90,10,C,5,0,0.0,0.0
90,10,C,5,1,0.0,0.0
90,10,C,5,2,0.42192630618810656,0.18143526336004928
90,10,C,5,3,0.0,0.0
90,10,C,5,4,0.4173226460814476,0.17650328475716667
90,10,C,5,5,0.0,0.0
90,10,C,5,6,0.41861456334590913,0.17567604845311796
90,10,C,5,7,0.5896110117435456,0.1789409374221377
90,10,C,5,8,0.49490363970398904,0.13962071881845697
90,10,C,5,9,0.4181175991892815,0.17631904814277205
90,10,C,5,10,0.5891666226089001,0.18160218231269926
90,10,C,5,11,0.4244856908917427,0.17740311669955947
90,10,C,5,12,0.4183660000562668,0.1760814598188529
90,10,C,5,13,0.5892378389835358,0.18317686053401258
90,10,C,5,14,0.5931817039847374,0.1786675537153212
90,10,C,5,15,0.7150771364569664,0.10070320119645873
90,10,C,5,16,0.0,0.0
90,10,C,5,17,0.0,0.0
90,10,C,5,18,0.0,0.0
90,10,C,5,19,0.0,0.0
90,10,C,5,20,0.0,0.0
90,10,C,5,21,0.0,0.0
90,10,C,5,22,0.5965751752257347,0.17633720442721676
90,10,C,5,23,0.4173990681767464,0.18246733070210638
90,10,C,5,24,0.4133632734417915,0.1774386607556245
90,10,C,5,25,0.9352543115615845,2.0712411180454642e-05
90,10,C,5,26,0.0,0.0
90,10,C,5,27,0.0,0.0
90,10,C,5,28,0.761240728199482,0.11927945175324783
90,10,C,5,29,0.41524978131055834,0.17682630963679655
90,10,C,5,30,0.5854432463645936,0.17937559257637922
90,10,C,5,31,0.41848204731941224,0.1790160406712587
90,10,C,5,32,0.6028467580676079,0.16391978810937696
90,10,C,5,33,0.5847968280315399,0.1548388744481217
90,10,C,5,34,0.7596033617854119,0.11748575213343235
90,10,C,5,35,0.7617634743452072,0.11835002752192059
90,10,C,6,0,0.0,0.0
90,10,C,6,1,0.0,0.0
90,10,C,6,2,0.2443564087152481,0.11958747071228211
90,10,C,6,3,0.0,0.0
90,10,C,6,4,0.4138192445039749,0.18046826397675853
90,10,C,6,5,0.0,0.0
90,10,C,6,6,0.45163154900074004,0.15460135759564048
90,10,C,6,7,0.7599202737212181,0.11789221752248276
90,10,C,6,8,0.8977023839950562,0.0013641983626433785
90,10,C,6,9,0.5825280457735061,0.1782066575935502
90,10,C,6,10,0.7584114626049996,0.12176482310759615
90,10,C,6,11,0.2892720699310303,0.0655334158389875
90,10,C,6,12,0.46685283780097964,0.01798067442113634
90,10,C,6,13,0.7581720694899559,0.11835603426378638
90,10,C,6,14,0.24048775434494019,0.004876148641964928
90,10,C,6,15,0.40575396120548246,0.17873851634583898
90,10,C,6,16,0.0,0.0
90,10,C,6,17,0.0,0.0
90,10,C,6,18,0.0,0.0
90,10,C,6,19,0.0,0.0
90,10,C,6,20,0.0,0.0
90,10,C,6,21,0.0,0.0
90,10,C,6,22,0.5814171105623245,0.18162005800437345
90,10,C,6,23,0.9309578657150268,2.2887056048261907e-05
90,10,C,6,24,0.7701357841491699,0.017384148960184972
90,10,C,6,25,0.659776645898819,0.06627100667276538
90,10,C,6,26,0.0,0.0
90,10,C,6,27,0.0,0.0
90,10,C,6,28,0.24440837800502777,0.11875370284801834
90,10,C,6,29,0.23889150097966194,0.11973041342808757
90,10,C,6,30,0.07067348659038544,1.7288273722768645e-05
90,10,C,6,31,0.41956414729356767,0.1801652705553003
90,10,C,6,32,0.08183303475379944,3.112778418816742e-05
90,10,C,6,33,0.24637762159109117,0.11795913006648111
90,10,C,6,34,0.7036868095397949,0.018437944521567714
90,10,C,6,35,0.840485417842865,0.0033162307134398357
90,10,H,0,0,0.2443387821316719,0.11800315599632274
90,10,H,0,1,0.0,0.0
90,10,H,0,2,0.0,0.0
90,10,H,0,3,0.0,0.0
90,10,H,0,4,0.4180115610361099,0.17934638004349193
90,10,H,0,5,0.2372332088649273,0.12012362891551967
90,10,H,0,6,0.0690002679824829,1.3512580294370302e-05
90,10,H,0,7,0.4200935229659081,0.1799633940442373
90,10,H,0,8,0.0,0.0
90,10,H,0,9,0.2406329907476902,0.11888132814411553
90,10,H,0,10,0.0,0.0
90,10,H,0,11,0.4167822636663914,0.18271168686049147
90,10,H,0,12,0.0,0.0
90,10,H,0,13,0.24296186566352845,0.11997731793090124
90,10,H,0,14,0.0,0.0
90,10,H,0,15,0.0,0.0
90,10,H,0,16,0.0,0.0
90,10,H,0,17,0.0,0.0
90,10,H,0,18,0.5844641745090484,0.1773116637209105
90,10,H,0,19,0.2415858820080757,0.1181224730318585
90,10,H,0,20,0.0,0.0
90,10,H,0,21,0.0,0.0
90,10,H,0,22,0.0,0.0
90,10,H,0,23,0.0,0.0
90,10,H,0,24,0.0,0.0
90,10,H,0,25,0.0,0.0
90,10,H,0,26,0.0,0.0
90,10,H,0,27,0.07116412073373794,3.822542974032394e-06
90,10,H,0,28,0.4182871714234352,0.18292543329674085
90,10,H,0,29,0.5891660034656525,0.17831996464792482
90,10,H,0,30,0.0,0.0
90,10,H,0,31,0.0,0.0
90,10,H,0,32,0.0,0.0
90,10,H,0,33,0.0,0.0
90,10,H,0,34,0.0,0.0
90,10,H,0,35,0.0,0.0
90,10,H,1,0,0.24200304597616196,0.11844550082252472
90,10,H,1,1,0.0,0.0
90,10,H,1,2,0.0,0.0
90,10,H,1,3,0.0,0.0
90,10,H,1,4,0.5862978950142861,0.17789772002720267
90,10,H,1,5,0.4093114323914051,0.1816502787334588
90,10,H,1,6,0.41339305639266966,0.17931811626830577
90,10,H,1,7,0.23856921643018722,0.11955582002455747
90,10,H,1,8,0.0,0.0
90,10,H,1,9,0.592533253133297,0.18272436696504482
90,10,H,1,10,0.0,0.0
90,10,H,1,11,0.07250628918409348,3.5196918156366054e-06
90,10,H,1,12,0.0,0.0
90,10,H,1,13,0.2424719288945198,0.11820414733669052
90,10,H,1,14,0.0,0.0
90,10,H,1,15,0.0,0.0
90,10,H,1,16,0.0,0.0
90,10,H,1,17,0.0,0.0
90,10,H,1,18,0.24281827956438065,0.11757631226025608
90,10,H,1,19,0.7602406203746795,0.11900798706856378
90,10,H,1,20,0.0,0.0
90,10,H,1,21,0.0,0.0
90,10,H,1,22,0.0,0.0
90,10,H,1,23,0.0,0.0
90,10,H,1,24,0.0,0.0
90,10,H,1,25,0.0,0.0
90,10,H,1,26,0.0,0.0
90,10,H,1,27,0.41474760621786116,0.17904593752399034
90,10,H,1,28,0.4190416932106018,0.1801827533872772
90,10,H,1,29,0.5821130886673928,0.18538925099384973
90,10,H,1,30,0.0,0.0
90,10,H,1,31,0.0,0.0
90,10,H,1,32,0.0,0.0
90,10,H,1,33,0.0,0.0
90,10,H,1,34,0.0,0.0
90,10,H,1,35,0.0,0.0
90,10,H,2,0,0.0,0.0
90,10,H,2,1,0.5903319373726845,0.18090830602961125
90,10,H,2,2,0.589622600376606,0.1809754500309194
90,10,H,2,3,0.5886359691619873,0.17855867717108814
90,10,H,2,4,0.0,0.0
90,10,H,2,5,0.0,0.0
90,10,H,2,6,0.07230477035045624,1.7425080169219953e-06
90,10,H,2,7,0.0,0.0
90,10,H,2,8,0.0,0.0
90,10,H,2,9,0.4195412486791611,0.180166892719618
90,10,H,2,10,0.24015506729483604,0.11893415015892468
90,10,H,2,11,0.41467259228229525,0.1793010392723587
90,10,H,2,12,0.0,0.0
90,10,H,2,13,0.9319168090820312,4.777395370467729e-06
90,10,H,2,14,0.0,0.0
90,10,H,2,15,0.0,0.0
90,10,H,2,16,0.0,0.0
90,10,H,2,17,0.0,0.0
90,10,H,2,18,0.0,0.0
90,10,H,2,19,0.0,0.0
90,10,H,2,20,0.9316824913024903,2.2664423173921474e-05
90,10,H,2,21,0.5838085599243641,0.17933921505929032
90,10,H,2,22,0.0,0.0
90,10,H,2,23,0.0,0.0
90,10,H,2,24,0.0,0.0
90,10,H,2,25,0.0,0.0
90,10,H,2,26,0.2415785476565361,0.11817535626926004
90,10,H,2,27,0.0,0.0
90,10,H,2,28,0.0,0.0
90,10,H,2,29,0.0,0.0
90,10,H,2,30,0.24539651423692704,0.12161812467369489
90,10,H,2,31,0.0715334340929985,4.738343901022901e-07
90,10,H,2,32,0.0,0.0
90,10,H,2,33,0.0,0.0
90,10,H,2,34,0.0,0.0
90,10,H,2,35,0.0,0.0
90,10,H,3,0,0.0,0.0
90,10,H,3,1,0.9331819653511048,1.3394094355021478e-05
90,10,H,3,2,0.2407018557190895,0.1181929121424505
90,10,H,3,3,0.5849058121442795,0.17895621913452256
90,10,H,3,4,0.0,0.0
90,10,H,3,5,0.0,0.0
90,10,H,3,6,0.24050544202327728,0.1189963452715644
90,10,H,3,7,0.0,0.0
90,10,H,3,8,0.0,0.0
90,10,H,3,9,0.5917044088244439,0.17978222437420585
90,10,H,3,10,0.2438529685139656,0.12234156300320309
90,10,H,3,11,0.7598525136709213,0.1186228357221621
90,10,H,3,12,0.0,0.0
90,10,H,3,13,0.5897070407867432,0.17812502654773563
90,10,H,3,14,0.0,0.0
90,10,H,3,15,0.0,0.0
90,10,H,3,16,0.0,0.0
90,10,H,3,17,0.0,0.0
90,10,H,3,18,0.0,0.0
90,10,H,3,19,0.0,0.0
90,10,H,3,20,0.5864975035190583,0.17877725995498372
90,10,H,3,21,0.5856281489133834,0.1762397522898088
90,10,H,3,22,0.0,0.0
90,10,H,3,23,0.0,0.0
90,10,H,3,24,0.0,0.0
90,10,H,3,25,0.0,0.0
90,10,H,3,26,0.5870527714490891,0.17879563078395236
90,10,H,3,27,0.0,0.0
90,10,H,3,28,0.0,0.0
90,10,H,3,29,0.0,0.0
90,10,H,3,30,0.41565015316009524,0.17680404613134895
90,10,H,3,31,0.417706224322319,0.18181398325876433
90,10,H,3,32,0.0,0.0
90,10,H,3,33,0.0,0.0
90,10,H,3,34,0.0,0.0
90,10,H,3,35,0.0,0.0
90,10,H,4,0,0.0,0.0
90,10,H,4,1,0.0,0.0
90,10,H,4,2,0.0,0.0
90,10,H,4,3,0.0,0.0
90,10,H,4,4,0.0,0.0
90,10,H,4,5,0.0,0.0
90,10,H,4,6,0.5863679967820644,0.18374747513171652
90,10,H,4,7,0.0,0.0
90,10,H,4,8,0.5923381373286247,0.18348434095315014
90,10,H,4,9,0.24635213017463684,0.12043343914176326
90,10,H,4,10,0.0,0.0
90,10,H,4,11,0.7590184941887855,0.12044575561954166
90,10,H,4,12,0.5881842359900474,0.178466884708731
90,10,H,4,13,0.24227472692728041,0.11852148735357086
90,10,H,4,14,0.7628544628620147,0.1186919429750597
90,10,H,4,15,0.24050426483154297,0.1193830635583795
90,10,H,4,16,0.0,0.0
90,10,H,4,17,0.0,0.0
90,10,H,4,18,0.0,0.0
90,10,H,4,19,0.0,0.0
90,10,H,4,20,0.0,0.0
90,10,H,4,21,0.0,0.0
90,10,H,4,22,0.2363674134016037,0.11979168393859778
90,10,H,4,23,0.24110602587461472,0.11847292917007893
90,10,H,4,24,0.0,0.0
90,10,H,4,25,0.0,0.0
90,10,H,4,26,0.0,0.0
90,10,H,4,27,0.0,0.0
90,10,H,4,28,0.0,0.0
90,10,H,4,29,0.0,0.0
90,10,H,4,30,0.0,0.0
90,10,H,4,31,0.0,0.0
90,10,H,4,32,0.5852517724037171,0.1798373950666798
90,10,H,4,33,0.24335694164037705,0.11859050313633741
90,10,H,4,34,0.5882934212684632,0.1796175003913407
90,10,H,4,35,0.4174656465649605,0.1787146230234198
90,10,H,5,0,0.0,0.0
90,10,H,5,1,0.0,0.0
90,10,H,5,2,0.0,0.0
90,10,H,5,3,0.0,0.0
90,10,H,5,4,0.0,0.0
90,10,H,5,5,0.0,0.0
90,10,H,5,6,0.24086359590291978,0.11920426959554446
90,10,H,5,7,0.0,0.0
90,10,H,5,8,0.24064934030175208,0.12002903568649322
90,10,H,5,9,0.24130680412054062,0.11875733234416097
90,10,H,5,10,0.0,0.0
90,10,H,5,11,0.2420354887843132,0.1183651738207521
90,10,H,5,12,0.07264291644096374,2.42855454527291e-06
90,10,H,5,13,0.7604730740189553,0.11782678443648856
90,10,H,5,14,0.41386615484952927,0.17771667801250052
90,10,H,5,15,0.41657176315784455,0.17628035648718682
90,10,H,5,16,0.0,0.0
90,10,H,5,17,0.0,0.0
90,10,H,5,18,0.0,0.0
90,10,H,5,19,0.0,0.0
90,10,H,5,20,0.0,0.0
90,10,H,5,21,0.0,0.0
90,10,H,5,22,0.2451685056090355,0.11998439375392853
90,10,H,5,23,0.2382548213005066,0.11911506529156739
90,10,H,5,24,0.0,0.0
90,10,H,5,25,0.0,0.0
90,10,H,5,26,0.0,0.0
90,10,H,5,27,0.0,0.0
90,10,H,5,28,0.0,0.0
90,10,H,5,29,0.0,0.0
90,10,H,5,30,0.0,0.0
90,10,H,5,31,0.0,0.0
90,10,H,5,32,0.5920199424028396,0.17973447696941064
90,10,H,5,33,0.4157833784818649,0.179142883148176
90,10,H,5,34,0.7590635269880295,0.11835776227599393
90,10,H,5,35,0.41662721782922746,0.17819584980324057
90,10,H,6,0,0.0,0.0
90,10,H,6,1,0.0,0.0
90,10,H,6,2,0.0,0.0
90,10,H,6,3,0.0,0.0
90,10,H,6,4,0.0,0.0
90,10,H,6,5,0.0,0.0
90,10,H,6,6,0.24509841054677964,0.11733596463118727
90,10,H,6,7,0.0,0.0
90,10,H,6,8,0.415484356880188,0.18014874194784386
90,10,H,6,9,0.41538813561201093,0.17916963354543047
90,10,H,6,10,0.0,0.0
90,10,H,6,11,0.41335082799196243,0.17935610525627116
90,10,H,6,12,0.06938683986663818,7.492316444805969e-05
90,10,H,6,13,0.41489609330892563,0.17802362602738642
90,10,H,6,14,0.41683770567178724,0.18122650438861276
90,10,H,6,15,0.589868338406086,0.1776563195407797
90,10,H,6,16,0.0,0.0
90,10,H,6,17,0.0,0.0
90,10,H,6,18,0.0,0.0
90,10,H,6,19,0.0,0.0
90,10,H,6,20,0.0,0.0
90,10,H,6,21,0.0,0.0
90,10,H,6,22,0.0,0.0
90,10,H,6,23,0.0,0.0
90,10,H,6,24,0.5846455976366997,0.17872388966594294
90,10,H,6,25,0.24241771548986435,0.12241630580855019
90,10,H,6,26,0.0,0.0
90,10,H,6,27,0.0,0.0
90,10,H,6,28,0.0,0.0
90,10,H,6,29,0.0,0.0
90,10,H,6,30,0.0,0.0
90,10,H,6,31,0.0,0.0
90,10,H,6,32,0.7551036655902863,0.12121855830829405
90,10,H,6,33,0.41526468843221664,0.17659611674940648
90,10,H,6,34,0.4170044854283333,0.17883897985838876
90,10,H,6,35,0.5853511825203895,0.17895047411176535
90,10,H,7,0,0.0,0.0
90,10,H,7,1,0.0,0.0
90,10,H,7,2,0.0,0.0
90,10,H,7,3,0.0,0.0
90,10,H,7,4,0.0,0.0
90,10,H,7,5,0.0,0.0
90,10,H,7,6,0.06862251460552216,1.5789958614220722e-05
90,10,H,7,7,0.0,0.0
90,10,H,7,8,0.7698073849081993,0.12114294588746814
90,10,H,7,9,0.41357083395123484,0.18052952997845456
90,10,H,7,10,0.0,0.0
90,10,H,7,11,0.41578723341226576,0.17695051655577035
90,10,H,7,12,0.41773839592933654,0.17716218195000516
90,10,H,7,13,0.41378315538167953,0.18879772902873265
90,10,H,7,14,0.5889809310436249,0.17973240688984224
90,10,H,7,15,0.5907172828912735,0.17802844277645885
90,10,H,7,16,0.0,0.0
90,10,H,7,17,0.0,0.0
90,10,H,7,18,0.0,0.0
90,10,H,7,19,0.0,0.0
90,10,H,7,20,0.0,0.0
90,10,H,7,21,0.0,0.0
90,10,H,7,22,0.0,0.0
90,10,H,7,23,0.0,0.0
90,10,H,7,24,0.4176109790802002,0.17881287682584082
90,10,H,7,25,0.757820463180542,0.11763336719660997
90,10,H,7,26,0.0,0.0
90,10,H,7,27,0.0,0.0
90,10,H,7,28,0.0,0.0
90,10,H,7,29,0.0,0.0
90,10,H,7,30,0.0,0.0
90,10,H,7,31,0.0,0.0
90,10,H,7,32,0.4125931322574615,0.17810219970189717
90,10,H,7,33,0.758523853123188,0.1176129752966089
90,10,H,7,34,0.4125411301851273,0.180655002213112
90,10,H,7,35,0.5890544146299362,0.1777725188519376
90,10,H,8,0,0.5884578749537468,0.1767378373398132
90,10,H,8,1,0.240835727006197,0.11970138566005839
90,10,H,8,2,0.06785427182912826,4.204481071997446e-05
90,10,H,8,3,0.41457695662975313,0.17621609063123306
90,10,H,8,4,0.0,0.0
90,10,H,8,5,0.5866978213191032,0.1770867369481605
90,10,H,8,6,0.0,0.0
90,10,H,8,7,0.0,0.0
90,10,H,8,8,0.0,0.0
90,10,H,8,9,0.0,0.0
90,10,H,8,10,0.5860075294971466,0.17906768560638198
90,10,H,8,11,0.0,0.0
90,10,H,8,12,0.0,0.0
90,10,H,8,13,0.0,0.0
90,10,H,8,14,0.0,0.0
90,10,H,8,15,0.0,0.0
90,10,H,8,16,0.5834601566195488,0.17736869462861937
90,10,H,8,17,0.0,0.0
90,10,H,8,18,0.0,0.0
90,10,H,8,19,0.0,0.0
90,10,H,8,20,0.0,0.0
90,10,H,8,21,0.0,0.0
90,10,H,8,22,0.0,0.0
90,10,H,8,23,0.0,0.0
90,10,H,8,24,0.0,0.0
90,10,H,8,25,0.0,0.0
90,10,H,8,26,0.585660208761692,0.17751205717185364
90,10,H,8,27,0.41669429689645765,0.17963146367282615
90,10,H,8,28,0.0,0.0
90,10,H,8,29,0.0,0.0
90,10,H,8,30,0.4163329854607582,0.17886837485607124
90,10,H,8,31,0.5888884499669075,0.1783246864476977
90,10,H,8,32,0.0,0.0
90,10,H,8,33,0.0,0.0
90,10,H,8,34,0.0,0.0
90,10,H,8,35,0.0,0.0
90,10,H,9,0,0.5879112020134926,0.1776573582744197
90,10,H,9,1,0.7610572919249534,0.12079138550346072
90,10,H,9,2,0.0,0.0
90,10,H,9,3,0.5898810401558876,0.18286816908665657
90,10,H,9,4,0.41582374423742297,0.17683541671706382
90,10,H,9,5,0.4130229279398918,0.17792027125820034
90,10,H,9,6,0.0,0.0
90,10,H,9,7,0.41665922552347184,0.17938616009652839
90,10,H,9,8,0.0,0.0
90,10,H,9,9,0.0,0.0
90,10,H,9,10,0.0,0.0
90,10,H,9,11,0.0,0.0
90,10,H,9,12,0.0,0.0
90,10,H,9,13,0.0,0.0
90,10,H,9,14,0.0,0.0
90,10,H,9,15,0.0,0.0
90,10,H,9,16,0.0,0.0
90,10,H,9,17,0.24249038249254226,0.12023093760958595
90,10,H,9,18,0.0,0.0
90,10,H,9,19,0.0,0.0
90,10,H,9,20,0.0,0.0
90,10,H,9,21,0.0,0.0
90,10,H,9,22,0.0,0.0
90,10,H,9,23,0.0,0.0
90,10,H,9,24,0.0,0.0
90,10,H,9,25,0.0,0.0
90,10,H,9,26,0.5841337040066719,0.17908846268856596
90,10,H,9,27,0.5895057216286659,0.17928106967757146
90,10,H,9,28,0.24052176102995873,0.11855637608231981
90,10,H,9,29,0.5902058392763138,0.18118798118018212
90,10,H,9,30,0.0,0.0
90,10,H,9,31,0.0,0.0
90,10,H,9,32,0.0,0.0
90,10,H,9,33,0.0,0.0
90,10,H,9,34,0.0,0.0
90,10,H,9,35,0.0,0.0
100,11,C,0,0,0.41644920110702516,0.06389598758595859
100,11,C,0,1,0.8267041563987731,0.00043906565260186885
100,11,C,0,2,0.8481181859970093,0.0017197280198644194
100,11,C,0,3,0.799387764930725,8.054338477222701e-05
100,11,C,0,4,0.7542257376015187,0.12162147808283548
100,11,C,0,5,0.8048628211021424,0.0008279819056875226
100,11,C,0,6,0.0,0.0
100,11,C,0,7,0.739113338291645,0.11895315186499858
100,11,C,0,8,0.0,0.0
100,11,C,0,9,0.0,0.0
100,11,C,0,10,0.0,0.0
100,11,C,0,11,0.0,0.0
100,11,C,0,12,0.8973347902297973,0.0009144951762075947
100,11,C,0,13,0.0,0.0
100,11,C,0,14,0.8549489140510559,0.00022542120908127574
100,11,C,0,15,0.41118610426783564,0.1780766562945382
100,11,C,0,16,0.8570608735084534,0.0017571300068618709
100,11,C,0,17,0.865107798576355,0.000460003117219685
100,11,C,0,18,0.0,0.0
100,11,C,0,19,0.0,0.0
100,11,C,0,20,0.0,0.0
100,11,C,0,21,0.0,0.0
100,11,C,0,22,0.0,0.0
100,11,C,0,23,0.0,0.0
100,11,C,0,24,0.0,0.0
100,11,C,0,25,0.0,0.0
100,11,C,0,26,0.24373457059264184,0.1203700208301834
100,11,C,0,27,0.2510051101446152,0.11621878079055922
100,11,C,0,28,0.7963710308074952,0.00540051440896633
100,11,C,0,29,0.8304287195205688,0.0012979660181642316
100,11,C,0,30,0.7473638579249382,0.11720987557666622
100,11,C,0,31,0.2411508485674858,0.11742606924481849
100,11,C,0,32,0.0,0.0
100,11,C,0,33,0.0,0.0
100,11,C,0,34,0.0,0.0
100,11,C,0,35,0.0,0.0
100,11,C,0,36,0.39655554965138434,0.18027120225787066
100,11,C,0,37,0.5736403048038483,0.17592183206401998
100,11,C,0,38,0.8725286602973938,0.0009189306574660348
100,11,C,0,39,0.8529546022415161,0.00015984630858923766
100,11,C,1,0,0.8237550973892211,0.0009634838099748322
100,11,C,1,1,0.7445438504219055,0.017532779784691855
100,11,C,1,2,0.5838495910167694,0.1760934779208993
100,11,C,1,3,0.826546573638916,0.00143894896833757
100,11,C,1,4,0.8585549116134643,0.0015713174304244147
100,11,C,1,5,0.7886679887771606,0.0009137360266882409
100,11,C,1,6,0.2625842273235321,0.11799680097317482
100,11,C,1,7,0.8592963695526123,0.0001700893129785186
100,11,C,1,8,0.0,0.0
100,11,C,1,9,0.8907934784889221,0.00034050222165632243
100,11,C,1,10,0.0,0.0
100,11,C,1,11,0.0,0.0
100,11,C,1,12,0.0,0.0
100,11,C,1,13,0.0,0.0
100,11,C,1,14,0.7535343870520592,0.11879762351850891
100,11,C,1,15,0.0,0.0
100,11,C,1,16,0.8537056803703308,0.00011854433193093429
100,11,C,1,17,0.8103150486946106,0.002740086761738212
100,11,C,1,18,0.24650705307722093,0.1185271929243297
100,11,C,1,19,0.600607942044735,0.17228658714265288
100,11,C,1,20,0.0,0.0
100,11,C,1,21,0.0,0.0
100,11,C,1,22,0.0,0.0
100,11,C,1,23,0.0,0.0
100,11,C,1,24,0.0,0.0
100,11,C,1,25,0.0,0.0
100,11,C,1,26,0.0,0.0
100,11,C,1,27,0.0,0.0
100,11,C,1,28,0.7778636932373046,0.0013018985184791631
100,11,C,1,29,0.8020910739898681,0.002456716570498543
100,11,C,1,30,0.8510737776756286,0.0021228545258531995
100,11,C,1,31,0.8805301189422607,0.0002493905630714721
100,11,C,1,32,0.7377070777118206,0.11676267380665714
100,11,C,1,33,0.7360547244548797,0.11697580437051529
100,11,C,1,34,0.0,0.0
100,11,C,1,35,0.0,0.0
100,11,C,1,36,0.0,0.0
100,11,C,1,37,0.0,0.0
100,11,C,1,38,0.9203183889389038,3.17002061657945e-05
100,11,C,1,39,0.7505001492798329,0.11960562762507392
100,11,C,2,0,0.261403352022171,0.11526279762556264
100,11,C,2,1,0.5903848126530647,0.1771646437859164
100,11,C,2,2,0.0,0.0
100,11,C,2,3,0.4148318886756897,0.1775139712595583
100,11,C,2,4,0.3395256668329239,0.029064201244622757
100,11,C,2,5,0.15705427080392836,0.017124784181199594
100,11,C,2,6,0.2613069638609886,0.11464947970503259
100,11,C,2,7,0.25082008093595504,0.04103454920509434
100,11,C,2,8,0.23915360420942305,0.11951895156422661
100,11,C,2,9,0.4216157376766205,0.17922161660868696
100,11,C,2,10,0.0,0.0
100,11,C,2,11,0.24636264592409135,0.11908600689352264
100,11,C,2,12,0.0,0.0
100,11,C,2,13,0.0,0.0
100,11,C,2,14,0.0,0.0
100,11,C,2,15,0.0,0.0
100,11,C,2,16,0.0,0.0
100,11,C,2,17,0.07277126759290695,2.4117141368460442e-05
100,11,C,2,18,0.8185534358024598,0.0025662496503562693
100,11,C,2,19,0.7926706314086914,0.012891423868104258
100,11,C,2,20,0.4154142394661903,0.17652977622986255
100,11,C,2,21,0.23982343226671218,0.11874250514352894
100,11,C,2,22,0.0,0.0
100,11,C,2,23,0.0,0.0
100,11,C,2,24,0.0,0.0
100,11,C,2,25,0.0,0.0
100,11,C,2,26,0.0,0.0
100,11,C,2,27,0.0,0.0
100,11,C,2,28,0.2445892482995987,0.11741965907643762
100,11,C,2,29,0.09074702858924866,6.94492066359631e-05
100,11,C,2,30,0.8039648532867432,0.008529864855002244
100,11,C,2,31,0.1308758042752743,0.007006880619999658
100,11,C,2,32,0.5894254609942436,0.17662699525811382
100,11,C,2,33,0.7636680588126182,0.11805094698856619
100,11,C,2,34,0.418550069630146,0.17750245836515366
100,11,C,2,35,0.0,0.0
100,11,C,2,36,0.0,0.0
100,11,C,2,37,0.0,0.0
100,11,C,2,38,0.0,0.0
100,11,C,2,39,0.0,0.0
100,11,C,3,0,0.41699487119913103,0.17676417753661228
100,11,C,3,1,0.0,0.0
100,11,C,3,2,0.0,0.0
100,11,C,3,3,0.0,0.0
100,11,C,3,4,0.07099915742874145,2.5603218472416426e-05
100,11,C,3,5,0.24397700428962707,0.11809505195841334
100,11,C,3,6,0.23449482321739196,0.09537151387236176
100,11,C,3,7,0.4146464869379997,0.1773807832230408
100,11,C,3,8,0.24207870215177535,0.11863879224043332
100,11,C,3,9,0.26440539509058,0.11079516203559345
100,11,C,3,10,0.06825997084379196,8.939301090903129e-05
100,11,C,3,11,0.4158690616488457,0.1771248189188904
100,11,C,3,12,0.0,0.0
100,11,C,3,13,0.41589863747358324,0.1786990325246354
100,11,C,3,14,0.0,0.0
100,11,C,3,15,0.0,0.0
100,11,C,3,16,0.0,0.0
100,11,C,3,17,0.0,0.0
100,11,C,3,18,0.5878693982958794,0.1770687525772245
100,11,C,3,19,0.2407754108309746,0.1186537639583229
100,11,C,3,20,0.4158556669950485,0.17551093138886187
100,11,C,3,21,0.41661943942308427,0.17593118715645756
100,11,C,3,22,0.24303121119737625,0.11782468792013048
100,11,C,3,23,0.0,0.0
100,11,C,3,24,0.0,0.0
100,11,C,3,25,0.0,0.0
100,11,C,3,26,0.0,0.0
100,11,C,3,27,0.0,0.0
100,11,C,3,28,0.0,0.0
100,11,C,3,29,0.41527159959077836,0.1777733865663874
100,11,C,3,30,0.24360450953245164,0.11799666541475473
100,11,C,3,31,0.24312721192836761,0.11977053150045291
100,11,C,3,32,0.5876133784651756,0.17786031914242323
100,11,C,3,33,0.5864673137664795,0.1778950169363163
100,11,C,3,34,0.5836047112941742,0.17985253852856417
100,11,C,3,35,0.5886473447084427,0.17685920224776316
100,11,C,3,36,0.0,0.0
100,11,C,3,37,0.0,0.0
100,11,C,3,38,0.0,0.0
100,11,C,3,39,0.0,0.0
100,11,C,4,0,0.0,0.0
100,11,C,4,1,0.0,0.0
100,11,C,4,2,0.0,0.0
100,11,C,4,3,0.0,0.0
100,11,C,4,4,0.8930526733398437,0.0010204263130000868
100,11,C,4,5,0.0,0.0
100,11,C,4,6,0.8517774820327759,0.0019497238051548037
100,11,C,4,7,0.5819674223661423,0.17762782169958424
100,11,C,4,8,0.8166649341583252,0.0003838665910265604
100,11,C,4,9,0.8722973823547363,0.0005237578995897251
100,11,C,4,10,0.5653105616569519,0.06688018425081928
100,11,C,4,11,0.8151752948760986,0.0004918921892155481
100,11,C,4,12,0.9295063376426697,0.00010311765769387195
100,11,C,4,13,0.8401950478553772,0.0031044839863545804
100,11,C,4,14,0.0,0.0
100,11,C,4,15,0.9079131960868836,0.0003998825835358844
100,11,C,4,16,0.0,0.0
100,11,C,4,17,0.0,0.0
100,11,C,4,18,0.0,0.0
100,11,C,4,19,0.0,0.0
100,11,C,4,20,0.07816623300313949,4.9069625399722485e-06
100,11,C,4,21,0.41660843417048454,0.17963517762351702
100,11,C,4,22,0.8256579995155334,0.0005997718515183692
100,11,C,4,23,0.8698644995689392,0.00016239236314504526
100,11,C,4,24,0.0,0.0
100,11,C,4,25,0.0,0.0
100,11,C,4,26,0.0,0.0
100,11,C,4,27,0.0,0.0
100,11,C,4,28,0.0,0.0
100,11,C,4,29,0.0,0.0
100,11,C,4,30,0.7397281020879746,0.11574720284502109
100,11,C,4,31,0.7498385027050972,0.11993843674221871
100,11,C,4,32,0.8742331027984619,0.0005688932980640971
100,11,C,4,33,0.8372415661811828,0.0030751218552660473
100,11,C,4,34,0.8124565839767456,0.0006095879618365529
100,11,C,4,35,0.8006160378456115,0.004745397183586989
100,11,C,4,36,0.9195265650749207,3.598652683990622e-05
100,11,C,4,37,0.5835478276014328,0.1775844008968436
100,11,C,4,38,0.0,0.0
100,11,C,4,39,0.0,0.0
100,11,C,5,0,0.0,0.0
100,11,C,5,1,0.0,0.0
100,11,C,5,2,0.9126059174537658,0.00023003874743153575
100,11,C,5,3,0.0,0.0
100,11,C,5,4,0.0,0.0
100,11,C,5,5,0.0,0.0
100,11,C,5,6,0.5766087666153907,0.17784212523994988
100,11,C,5,7,0.0,0.0
100,11,C,5,8,0.7914096474647522,0.005644719830318365
100,11,C,5,9,0.06200937479734421,4.459151230095327e-05
100,11,C,5,10,0.8056427359580993,0.001710591449161427
100,11,C,5,11,0.7247661352157593,0.02946115770631792
100,11,C,5,12,0.8235788583755493,0.005363941938740311
100,11,C,5,13,0.7668761968612671,0.0015158049280836394
100,11,C,5,14,0.09560663253068924,6.036011029340038e-05
100,11,C,5,15,0.8452735424041748,0.0005830465611913382
100,11,C,5,16,0.0,0.0
100,11,C,5,17,0.0,0.0
100,11,C,5,18,0.0,0.0
100,11,C,5,19,0.0,0.0
100,11,C,5,20,0.0,0.0
100,11,C,5,21,0.0,0.0
100,11,C,5,22,0.8675646424293518,0.0010893875871312276
100,11,C,5,23,0.8063592076301574,0.0036136881722251247
100,11,C,5,24,0.08139793872833252,4.421747798768472e-06
100,11,C,5,25,0.07465600222349167,0.00014278303086572296
100,11,C,5,26,0.0,0.0
100,11,C,5,27,0.0,0.0
100,11,C,5,28,0.0,0.0
100,11,C,5,29,0.0,0.0
100,11,C,5,30,0.0,0.0
100,11,C,5,31,0.0,0.0
100,11,C,5,32,0.577054177224636,0.176820511134754
100,11,C,5,33,0.7523068577051163,0.11883052602830442
100,11,C,5,34,0.8340293407440186,0.0011410883718988886
100,11,C,5,35,0.7581439852714539,0.001823436520334951
100,11,C,5,36,0.8569002985954285,0.0012709506162971707
100,11,C,5,37,0.8852446556091309,0.0007331167691481254
100,11,C,5,38,0.7336000174283981,0.11435297552683574
100,11,C,5,39,0.903299069404602,0.00024220991302513535
100,11,C,6,0,0.0,0.0
100,11,C,6,1,0.244000343978405,0.1179034206135954
100,11,C,6,2,0.5909688621759415,0.17532321710680185
100,11,C,6,3,0.41502013653516767,0.1767109194322135
100,11,C,6,4,0.0,0.0
100,11,C,6,5,0.0,0.0
100,11,C,6,6,0.0,0.0
100,11,C,6,7,0.0,0.0
100,11,C,6,8,0.24100292921066285,0.1188444864252668
100,11,C,6,9,0.0,0.0
100,11,C,6,10,0.09677795171737671,9.086622529262733e-05
100,11,C,6,11,0.2471696227788925,0.11861139043019905
100,11,C,6,12,0.4331009894609451,0.026326193490731564
100,11,C,6,13,0.2587727576494217,0.09285361963536296
100,11,C,6,14,0.5181804865598678,0.13846794907438836
100,11,C,6,15,0.2073970302939415,0.007576534982307823
100,11,C,6,16,0.0,0.0
100,11,C,6,17,0.0,0.0
100,11,C,6,18,0.0,0.0
100,11,C,6,19,0.0,0.0
100,11,C,6,20,0.0,0.0
100,11,C,6,21,0.0,0.0
100,11,C,6,22,0.0,0.0
100,11,C,6,23,0.07944157421588897,4.951148444223286e-06
100,11,C,6,24,0.7794387102127075,0.0185806712049137
100,11,C,6,25,0.7235812425613404,0.045574032575088665
100,11,C,6,26,0.24599015861749648,0.12351246064619885
100,11,C,6,27,0.4143877625465393,0.1766115536248735
100,11,C,6,28,0.7618616789579391,0.11783225435565722
100,11,C,6,29,0.0,0.0
100,11,C,6,30,0.0,0.0
100,11,C,6,31,0.0,0.0
100,11,C,6,32,0.0,0.0
100,11,C,6,33,0.0,0.0
100,11,C,6,34,0.416215255856514,0.17646367466419327
100,11,C,6,35,0.10382508337497712,0.0001990975275825901
100,11,C,6,36,0.6960597798228264,0.11061662168125466
100,11,C,6,37,0.6083758421242237,0.12928662661065832
100,11,C,6,38,0.24822729378938674,0.1217172039313174
100,11,C,6,39,0.5913264766335488,0.1792116853970224
100,11,C,7,0,0.24239871948957442,0.11843591855885957
100,11,C,7,1,0.24455626606941222,0.11749599465095203
100,11,C,7,2,0.26324545592069626,0.11137902125252719
100,11,C,7,3,0.4181353226304054,0.17583426882326703
100,11,C,7,4,0.0,0.0
100,11,C,7,5,0.417215583473444,0.18157970438800317
100,11,C,7,6,0.0,0.0
100,11,C,7,7,0.0,0.0
100,11,C,7,8,0.0,0.0
100,11,C,7,9,0.0,0.0
100,11,C,7,10,0.4132153667509556,0.1817934456300501
100,11,C,7,11,0.0,0.0
100,11,C,7,12,0.7634788110852242,0.11607203464715062
100,11,C,7,13,0.41331096142530444,0.17998782786961487
100,11,C,7,14,0.25429645776748655,0.1128944697184878
100,11,C,7,15,0.2465645745396614,0.1183234844127266
100,11,C,7,16,0.23920746594667436,0.11989861142929552
100,11,C,7,17,0.0,0.0
100,11,C,7,18,0.0,0.0
100,11,C,7,19,0.0,0.0
100,11,C,7,20,0.0,0.0
100,11,C,7,21,0.0,0.0
100,11,C,7,22,0.0,0.0
100,11,C,7,23,0.0,0.0
100,11,C,7,24,0.4121870376169682,0.17921978622247914
100,11,C,7,25,0.07107741236686707,9.399218453118863e-06
100,11,C,7,26,0.5866961926221848,0.17596404400297896
100,11,C,7,27,0.5878848776221275,0.1804678756376645
100,11,C,7,28,0.9314672112464905,5.912727235966032e-06
100,11,C,7,29,0.5901397913694382,0.17886849979125935
100,11,C,7,30,0.0,0.0
100,11,C,7,31,0.0,0.0
100,11,C,7,32,0.0,0.0
100,11,C,7,33,0.0,0.0
100,11,C,7,34,0.0,0.0
100,11,C,7,35,0.4158083975315094,0.18059573695531256
100,11,C,7,36,0.416169211268425,0.17662798428727206
100,11,C,7,37,0.5843622781336307,0.18028560663595566
100,11,C,7,38,0.24366600140929223,0.11748009224686984
100,11,C,7,39,0.4160368859767914,0.1757190822749307
100,11,H,0,0,0.7598388195037842,0.11796070452810029
100,11,H,0,1,0.0,0.0
100,11,H,0,2,0.0,0.0
100,11,H,0,3,0.0,0.0
100,11,H,0,4,0.41496034115552904,0.17855082625218552
100,11,H,0,5,0.758474101126194,0.1190359415682859
100,11,H,0,6,0.7585138380527496,0.11775723786492946
100,11,H,0,7,0.4142575815320015,0.1771085434104122
100,11,H,0,8,0.0,0.0
100,11,H,0,9,0.41584309488534926,0.17687764663499841
100,11,H,0,10,0.0,0.0
100,11,H,0,11,0.0,0.0
100,11,H,0,12,0.0,0.0
100,11,H,0,13,0.0,0.0
100,11,H,0,14,0.0,0.0
100,11,H,0,15,0.0,0.0
100,11,H,0,16,0.0,0.0
100,11,H,0,17,0.0,0.0
100,11,H,0,18,0.4124758645892143,0.1774941092045877
100,11,H,0,19,0.4145366206765175,0.17922351578555124
100,11,H,0,20,0.0,0.0
100,11,H,0,21,0.0,0.0
100,11,H,0,22,0.0,0.0
100,11,H,0,23,0.0,0.0
100,11,H,0,24,0.0,0.0
100,11,H,0,25,0.0,0.0
100,11,H,0,26,0.0,0.0
100,11,H,0,27,0.0,0.0
100,11,H,0,28,0.0,0.0
100,11,H,0,29,0.2392595574259758,0.11964259378147886
100,11,H,0,30,0.24334664791822433,0.1223576076309788
100,11,H,0,31,0.41736297905445097,0.17825059196665355
100,11,H,0,32,0.5870825484395027,0.17634997828428334
100,11,H,0,33,0.41228582710027695,0.17828789093890407
100,11,H,0,34,0.0,0.0
100,11,H,0,35,0.0,0.0
100,11,H,0,36,0.0,0.0
100,11,H,0,37,0.0,0.0
100,11,H,0,38,0.0,0.0
100,11,H,0,39,0.0,0.0
100,11,H,1,0,0.7584688484668731,0.11827502679821564
100,11,H,1,1,0.0,0.0
100,11,H,1,2,0.0,0.0
100,11,H,1,3,0.0,0.0
100,11,H,1,4,0.5809284582734108,0.18121284552422182
100,11,H,1,5,0.4169259175658226,0.17812812226705282
100,11,H,1,6,0.591294351220131,0.17948416415288732
100,11,H,1,7,0.7597488567233086,0.11815088706661134
100,11,H,1,8,0.0,0.0
100,11,H,1,9,0.759812805056572,0.11925988818570521
100,11,H,1,10,0.0,0.0
100,11,H,1,11,0.0,0.0
100,11,H,1,12,0.0,0.0
100,11,H,1,13,0.0,0.0
100,11,H,1,14,0.0,0.0
100,11,H,1,15,0.0,0.0
100,11,H,1,16,0.0,0.0
100,11,H,1,17,0.0,0.0
100,11,H,1,18,0.24284491539001465,0.11825716104087673
100,11,H,1,19,0.4133083611726761,0.1779212368787398
100,11,H,1,20,0.0,0.0
100,11,H,1,21,0.0,0.0
100,11,H,1,22,0.0,0.0
100,11,H,1,23,0.0,0.0
100,11,H,1,24,0.0,0.0
100,11,H,1,25,0.0,0.0
100,11,H,1,26,0.0,0.0
100,11,H,1,27,0.0,0.0
100,11,H,1,28,0.0,0.0
100,11,H,1,29,0.5859501600265503,0.17777063226511863
100,11,H,1,30,0.2416551113128662,0.11931005226723505
100,11,H,1,31,0.5872041076421738,0.17631172889049435
100,11,H,1,32,0.7590908959507943,0.11767908769971944
100,11,H,1,33,0.24346951842308046,0.11769428165879792
100,11,H,1,34,0.0,0.0
100,11,H,1,35,0.0,0.0
100,11,H,1,36,0.0,0.0
100,11,H,1,37,0.0,0.0
100,11,H,1,38,0.0,0.0
100,11,H,1,39,0.0,0.0
100,11,H,2,0,0.0,0.0
100,11,H,2,1,0.0,0.0
100,11,H,2,2,0.0,0.0
100,11,H,2,3,0.0,0.0
100,11,H,2,4,0.41588215678930285,0.17626477300707682
100,11,H,2,5,0.0,0.0
100,11,H,2,6,0.7586620718240737,0.12191839626362902
100,11,H,2,7,0.23775090426206588,0.12032420479408179
100,11,H,2,8,0.41591062396764755,0.17760816126739493
100,11,H,2,9,0.5853824898600578,0.17830079575980848
100,11,H,2,10,0.0,0.0
100,11,H,2,11,0.24206786900758742,0.12014716856778399
100,11,H,2,12,0.0,0.0
100,11,H,2,13,0.0,0.0
100,11,H,2,14,0.0,0.0
100,11,H,2,15,0.0,0.0
100,11,H,2,16,0.0,0.0
100,11,H,2,17,0.0,0.0
100,11,H,2,18,0.0,0.0
100,11,H,2,19,0.0,0.0
100,11,H,2,20,0.41926981657743456,0.18178932912642085
100,11,H,2,21,0.7578595414757728,0.11796635900434413
100,11,H,2,22,0.0,0.0
100,11,H,2,23,0.0,0.0
100,11,H,2,24,0.0,0.0
100,11,H,2,25,0.0,0.0
100,11,H,2,26,0.0,0.0
100,11,H,2,27,0.0,0.0
100,11,H,2,28,0.0,0.0
100,11,H,2,29,0.0,0.0
100,11,H,2,30,0.24422263354063034,0.1174384930397608
100,11,H,2,31,0.23949195370078086,0.11943696185212482
100,11,H,2,32,0.06861976385116578,9.410632759330185e-06
100,11,H,2,33,0.24000062718987464,0.11941490778618283
100,11,H,2,34,0.24329335540533065,0.1189382561764117
100,11,H,2,35,0.0,0.0
100,11,H,2,36,0.0,0.0
100,11,H,2,37,0.0,0.0
100,11,H,2,38,0.0,0.0
100,11,H,2,39,0.0,0.0
100,11,H,3,0,0.0,0.0
100,11,H,3,1,0.0,0.0
100,11,H,3,2,0.0,0.0
100,11,H,3,3,0.0,0.0
100,11,H,3,4,0.4140641003847122,0.17860920625830318
100,11,H,3,5,0.0,0.0
100,11,H,3,6,0.5860647037625313,0.17703789310806273
100,11,H,3,7,0.7647687688469886,0.11963070263119305
100,11,H,3,8,0.5879958912730217,0.17828210255633375
100,11,H,3,9,0.5836416341364383,0.17888777849355902
100,11,H,3,10,0.0,0.0
100,11,H,3,11,0.5873547106981277,0.17747609056282143
100,11,H,3,12,0.0,0.0
100,11,H,3,13,0.0,0.0
100,11,H,3,14,0.0,0.0
100,11,H,3,15,0.0,0.0
100,11,H,3,16,0.0,0.0
100,11,H,3,17,0.0,0.0
100,11,H,3,18,0.0,0.0
100,11,H,3,19,0.0,0.0
100,11,H,3,20,0.7599158212542534,0.1201165983199978
100,11,H,3,21,0.24144738167524338,0.11897365268777751
100,11,H,3,22,0.0,0.0
100,11,H,3,23,0.0,0.0
100,11,H,3,24,0.0,0.0
100,11,H,3,25,0.0,0.0
100,11,H,3,26,0.0,0.0
100,11,H,3,27,0.0,0.0
100,11,H,3,28,0.0,0.0
100,11,H,3,29,0.0,0.0
100,11,H,3,30,0.5834318667650222,0.17986055196489786
100,11,H,3,31,0.4149033322930336,0.17684725457427028
100,11,H,3,32,0.7594238743185997,0.11871910027308683
100,11,H,3,33,0.4148685231804848,0.17898573164247772
100,11,H,3,34,0.5892901018261909,0.17804529729745444
100,11,H,3,35,0.0,0.0
100,11,H,3,36,0.0,0.0
100,11,H,3,37,0.0,0.0
100,11,H,3,38,0.0,0.0
100,11,H,3,39,0.0,0.0
100,11,H,4,0,0.0,0.0
100,11,H,4,1,0.0,0.0
100,11,H,4,2,0.4161267340183258,0.1768179326037204
100,11,H,4,3,0.0,0.0
100,11,H,4,4,0.0,0.0
100,11,H,4,5,0.0,0.0
100,11,H,4,6,0.0,0.0
100,11,H,4,7,0.0,0.0
100,11,H,4,8,0.0,0.0
100,11,H,4,9,0.0,0.0
100,11,H,4,10,0.759944449365139,0.11781436911129192
100,11,H,4,11,0.0,0.0
100,11,H,4,12,0.7576390534639359,0.11980954038735166
100,11,H,4,13,0.06987905949354171,3.55616015072302e-05
100,11,H,4,14,0.24376315027475357,0.11998958685317876
100,11,H,4,15,0.7591575860977173,0.1194754746570175
100,11,H,4,16,0.0,0.0
100,11,H,4,17,0.0,0.0
100,11,H,4,18,0.0,0.0
100,11,H,4,19,0.0,0.0
100,11,H,4,20,0.0,0.0
100,11,H,4,21,0.0,0.0
100,11,H,4,22,0.0,0.0
100,11,H,4,23,0.0,0.0
100,11,H,4,24,0.24323935508728028,0.11766573910397708
100,11,H,4,25,0.5873848602175713,0.17683702538696192
100,11,H,4,26,0.0,0.0
100,11,H,4,27,0.0,0.0
100,11,H,4,28,0.0,0.0
100,11,H,4,29,0.0,0.0
100,11,H,4,30,0.0,0.0
100,11,H,4,31,0.0,0.0
100,11,H,4,32,0.0,0.0
100,11,H,4,33,0.0,0.0
100,11,H,4,34,0.0,0.0
100,11,H,4,35,0.7591983869671821,0.11764811557094752
100,11,H,4,36,0.7587996065616608,0.11920112183595477
100,11,H,4,37,0.414341002702713,0.18198247326873537
100,11,H,4,38,0.5885105147957802,0.17753658076341214
100,11,H,4,39,0.5868822515010834,0.17656310235051434
100,11,H,5,0,0.0,0.0
100,11,H,5,1,0.0,0.0
100,11,H,5,2,0.4148523285984993,0.17700324314771615
100,11,H,5,3,0.0,0.0
100,11,H,5,4,0.0,0.0
100,11,H,5,5,0.0,0.0
100,11,H,5,6,0.0,0.0
100,11,H,5,7,0.0,0.0
100,11,H,5,8,0.0,0.0
100,11,H,5,9,0.0,0.0
100,11,H,5,10,0.5876633182168007,0.17659379202461117
100,11,H,5,11,0.0,0.0
100,11,H,5,12,0.2430836409330368,0.11917633004799613
100,11,H,5,13,0.41483319103717803,0.1771747280893884
100,11,H,5,14,0.41685783714056013,0.17833736567210953
100,11,H,5,15,0.24270444363355637,0.11799538296388001
100,11,H,5,16,0.0,0.0
100,11,H,5,17,0.0,0.0
100,11,H,5,18,0.0,0.0
100,11,H,5,19,0.0,0.0
100,11,H,5,20,0.0,0.0
100,11,H,5,21,0.0,0.0
100,11,H,5,22,0.0,0.0
100,11,H,5,23,0.0,0.0
100,11,H,5,24,0.7589713931083679,0.11888098879068139
100,11,H,5,25,0.411288420855999,0.1788578306124345
100,11,H,5,26,0.0,0.0
100,11,H,5,27,0.0,0.0
100,11,H,5,28,0.0,0.0
100,11,H,5,29,0.0,0.0
100,11,H,5,30,0.0,0.0
100,11,H,5,31,0.0,0.0
100,11,H,5,32,0.0,0.0
100,11,H,5,33,0.0,0.0
100,11,H,5,34,0.0,0.0
100,11,H,5,35,0.4171667739748955,0.17794793388709523
100,11,H,5,36,0.585905796289444,0.17735656509682626
100,11,H,5,37,0.7571306340396404,0.12189548137239758
100,11,H,5,38,0.5863733157515526,0.17789686537728389
100,11,H,5,39,0.4117516867816448,0.17918564804807405
100,11,H,6,0,0.0,0.0
100,11,H,6,1,0.5899209424853324,0.17884802520743776
100,11,H,6,2,0.5848052456974984,0.177521675831829
100,11,H,6,3,0.9321064352989197,7.571291928343271e-06
100,11,H,6,4,0.0,0.0
100,11,H,6,5,0.0,0.0
100,11,H,6,6,0.0,0.0
100,11,H,6,7,0.0,0.0
100,11,H,6,8,0.0,0.0
100,11,H,6,9,0.0,0.0
100,11,H,6,10,0.0,0.0
100,11,H,6,11,0.0,0.0
100,11,H,6,12,0.23706762492656708,0.12051947146748139
100,11,H,6,13,0.0,0.0
100,11,H,6,14,0.4166049912571907,0.1769519075897493
100,11,H,6,15,0.24305754154920578,0.11796991533412134
100,11,H,6,16,0.0,0.0
100,11,H,6,17,0.0,0.0
100,11,H,6,18,0.0,0.0
100,11,H,6,19,0.0,0.0
100,11,H,6,20,0.0,0.0
100,11,H,6,21,0.0,0.0
100,11,H,6,22,0.0,0.0
100,11,H,6,23,0.0,0.0
100,11,H,6,24,0.0,0.0
100,11,H,6,25,0.0,0.0
100,11,H,6,26,0.5830982238054275,0.18158231699733512
100,11,H,6,27,0.4145543061196804,0.18188133679431204
100,11,H,6,28,0.4176823481917381,0.17836194438947603
100,11,H,6,29,0.0,0.0
100,11,H,6,30,0.0,0.0
100,11,H,6,31,0.0,0.0
100,11,H,6,32,0.0,0.0
100,11,H,6,33,0.0,0.0
100,11,H,6,34,0.0,0.0
100,11,H,6,35,0.0,0.0
100,11,H,6,36,0.7561120137572288,0.12326530495688044
100,11,H,6,37,0.5870291754603386,0.17646090279535118
100,11,H,6,38,0.761325292289257,0.1184404900115887
100,11,H,6,39,0.5888327926397323,0.1773877421253499
100,11,H,7,0,0.0,0.0
100,11,H,7,1,0.4185697376728058,0.17872056193561103
100,11,H,7,2,0.7584547534584999,0.11804421926163862
100,11,H,7,3,0.24324062317609788,0.11788416986431524
100,11,H,7,4,0.0,0.0
100,11,H,7,5,0.0,0.0
100,11,H,7,6,0.0,0.0
100,11,H,7,7,0.0,0.0
100,11,H,7,8,0.0,0.0
100,11,H,7,9,0.0,0.0
100,11,H,7,10,0.0,0.0
100,11,H,7,11,0.0,0.0
100,11,H,7,12,0.5861200526356697,0.17738535263329266
100,11,H,7,13,0.0,0.0
100,11,H,7,14,0.4179565668106079,0.17905381435359602
100,11,H,7,15,0.7584846153855324,0.11755469346026129
100,11,H,7,16,0.0,0.0
100,11,H,7,17,0.0,0.0
100,11,H,7,18,0.0,0.0
100,11,H,7,19,0.0,0.0
100,11,H,7,20,0.0,0.0
100,11,H,7,21,0.0,0.0
100,11,H,7,22,0.0,0.0
100,11,H,7,23,0.0,0.0
100,11,H,7,24,0.0,0.0
100,11,H,7,25,0.0,0.0
100,11,H,7,26,0.24343716949224473,0.12097724001436341
100,11,H,7,27,0.5861963093280792,0.17678763052450847
100,11,H,7,28,0.7604743197560311,0.11844283917654283
100,11,H,7,29,0.0,0.0
100,11,H,7,30,0.0,0.0
100,11,H,7,31,0.0,0.0
100,11,H,7,32,0.0,0.0
100,11,H,7,33,0.0,0.0
100,11,H,7,34,0.0,0.0
100,11,H,7,35,0.0,0.0
100,11,H,7,36,0.07170384973287583,2.2094598648969565e-06
100,11,H,7,37,0.24017443507909775,0.11877194118921428
100,11,H,7,38,0.5855615988373757,0.179231625042896
100,11,H,7,39,0.41685247272253034,0.17843670519756194
100,11,H,8,0,0.24376532584428787,0.11799935341999164
100,11,H,8,1,0.24261510819196702,0.11948459182280902
100,11,H,8,2,0.41464427188038827,0.18071150952914902
100,11,H,8,3,0.24290082454681397,0.12036937155947558
100,11,H,8,4,0.0,0.0
100,11,H,8,5,0.4124614119529724,0.1789790965543213
100,11,H,8,6,0.0,0.0
100,11,H,8,7,0.0,0.0
100,11,H,8,8,0.0,0.0
100,11,H,8,9,0.0,0.0
100,11,H,8,10,0.0,0.0
100,11,H,8,11,0.0,0.0
100,11,H,8,12,0.0,0.0
100,11,H,8,13,0.0,0.0
100,11,H,8,14,0.5893200889229775,0.17777612558421796
100,11,H,8,15,0.0,0.0
100,11,H,8,16,0.41298846155405045,0.17751987612216022
100,11,H,8,17,0.0,0.0
100,11,H,8,18,0.0,0.0
100,11,H,8,19,0.0,0.0
100,11,H,8,20,0.0,0.0
100,11,H,8,21,0.0,0.0
100,11,H,8,22,0.0,0.0
100,11,H,8,23,0.0,0.0
100,11,H,8,24,0.0,0.0
100,11,H,8,25,0.0,0.0
100,11,H,8,26,0.0,0.0
100,11,H,8,27,0.0,0.0
100,11,H,8,28,0.586006247997284,0.17698086690508227
100,11,H,8,29,0.5879640847444534,0.17708819273430162
100,11,H,8,30,0.0,0.0
100,11,H,8,31,0.0,0.0
100,11,H,8,32,0.0,0.0
100,11,H,8,33,0.0,0.0
100,11,H,8,34,0.0,0.0
100,11,H,8,35,0.0,0.0
100,11,H,8,36,0.0,0.0
100,11,H,8,37,0.0,0.0
100,11,H,8,38,0.41414528489112856,0.1777110268479447
100,11,H,8,39,0.4139840744435787,0.179538108587675
100,11,H,9,0,0.4214271128177643,0.18439960283914109
100,11,H,9,1,0.413921420276165,0.17743801927626585
100,11,H,9,2,0.0,0.0
100,11,H,9,3,0.41967281252145766,0.18049971656237365
100,11,H,9,4,0.766386890411377,0.12024916950444804
100,11,H,9,5,0.7549824632704258,0.1206730717478611
100,11,H,9,6,0.0,0.0
100,11,H,9,7,0.24155407547950744,0.1197233756630515
100,11,H,9,8,0.0,0.0
100,11,H,9,9,0.0,0.0
100,11,H,9,10,0.0,0.0
100,11,H,9,11,0.0,0.0
100,11,H,9,12,0.0,0.0
100,11,H,9,13,0.0,0.0
100,11,H,9,14,0.0,0.0
100,11,H,9,15,0.0,0.0
100,11,H,9,16,0.0,0.0
100,11,H,9,17,0.5824689641594887,0.17761380402676835
100,11,H,9,18,0.0,0.0
100,11,H,9,19,0.0,0.0
100,11,H,9,20,0.0,0.0
100,11,H,9,21,0.0,0.0
100,11,H,9,22,0.0,0.0
100,11,H,9,23,0.0,0.0
100,11,H,9,24,0.0,0.0
100,11,H,9,25,0.0,0.0
100,11,H,9,26,0.0,0.0
100,11,H,9,27,0.0,0.0
100,11,H,9,28,0.583958289027214,0.17891746585553975
100,11,H,9,29,0.5854431822896004,0.17812132983491846
100,11,H,9,30,0.5883944392204284,0.1787630345216655
100,11,H,9,31,0.41405021250247953,0.17792154394879284
100,11,H,9,32,0.0,0.0
100,11,H,9,33,0.0,0.0
100,11,H,9,34,0.0,0.0
100,11,H,9,35,0.0,0.0
100,11,H,9,36,0.0,0.0
100,11,H,9,37,0.0,0.0
100,11,H,9,38,0.0,0.0
100,11,H,9,39,0.0,0.0
100,11,H,10,0,0.0,0.0
100,11,H,10,1,0.0,0.0
100,11,H,10,2,0.0,0.0
100,11,H,10,3,0.0,0.0
100,11,H,10,4,0.0,0.0
100,11,H,10,5,0.0,0.0
100,11,H,10,6,0.5873622417449951,0.17689962261506217
100,11,H,10,7,0.0,0.0
100,11,H,10,8,0.7560197904706001,0.11753712523558543
100,11,H,10,9,0.7575397193431854,0.11921726086692672
100,11,H,10,10,0.4142491653561592,0.17754668284739328
100,11,H,10,11,0.41447866559028623,0.1804192789248685
100,11,H,10,12,0.0,0.0
100,11,H,10,13,0.41579652279615403,0.17871766677315518
100,11,H,10,14,0.0,0.0
100,11,H,10,15,0.0,0.0
100,11,H,10,16,0.0,0.0
100,11,H,10,17,0.0,0.0
100,11,H,10,18,0.0,0.0
100,11,H,10,19,0.0,0.0
100,11,H,10,20,0.0,0.0
100,11,H,10,21,0.0,0.0
100,11,H,10,22,0.7544736087322235,0.11954356806490252
100,11,H,10,23,0.0,0.0
100,11,H,10,24,0.0,0.0
100,11,H,10,25,0.0,0.0
100,11,H,10,26,0.0,0.0
100,11,H,10,27,0.0,0.0
100,11,H,10,28,0.0,0.0
100,11,H,10,29,0.0,0.0
100,11,H,10,30,0.0,0.0
100,11,H,10,31,0.0,0.0
100,11,H,10,32,0.7590167194604873,0.12062308897311565
100,11,H,10,33,0.2449084460735321,0.11862551971707432
100,11,H,10,34,0.4094797968864441,0.1804504476644202
100,11,H,10,35,0.4127814508974552,0.18021975979823424
100,11,H,10,36,0.0,0.0
100,11,H,10,37,0.0,0.0
100,11,H,10,38,0.0,0.0
100,11,H,10,39,0.0,0.0
100,11,H,11,0,0.0,0.0
100,11,H,11,1,0.0,0.0
100,11,H,11,2,0.0,0.0
100,11,H,11,3,0.0,0.0
100,11,H,11,4,0.0,0.0
100,11,H,11,5,0.0,0.0
100,11,H,11,6,0.0,0.0
100,11,H,11,7,0.0,0.0
100,11,H,11,8,0.7613564997911453,0.11837342138043785
100,11,H,11,9,0.0,0.0
100,11,H,11,10,0.7603275373578071,0.11877320414611788
100,11,H,11,11,0.5895923718810081,0.17774583708958996
100,11,H,11,12,0.24380649030208587,0.11880306103981678
100,11,H,11,13,0.06212403103709221,5.125568421635362e-05
100,11,H,11,14,0.0,0.0
100,11,H,11,15,0.586904601752758,0.17723041852373286
100,11,H,11,16,0.0,0.0
100,11,H,11,17,0.0,0.0
100,11,H,11,18,0.0,0.0
100,11,H,11,19,0.0,0.0
100,11,H,11,20,0.0,0.0
100,11,H,11,21,0.0,0.0
100,11,H,11,22,0.0,0.0
100,11,H,11,23,0.40694874078035354,0.1810270412392106
100,11,H,11,24,0.0,0.0
100,11,H,11,25,0.0,0.0
100,11,H,11,26,0.0,0.0
100,11,H,11,27,0.0,0.0
100,11,H,11,28,0.0,0.0
100,11,H,11,29,0.0,0.0
100,11,H,11,30,0.0,0.0
100,11,H,11,31,0.0,0.0
100,11,H,11,32,0.0,0.0
100,11,H,11,33,0.0,0.0
100,11,H,11,34,0.5878123596310616,0.1776215465643431
100,11,H,11,35,0.7568865031003952,0.11984155496663432
100,11,H,11,36,0.5913320034742355,0.17921768397129187
100,11,H,11,37,0.9364428400993348,2.787124037610056e-05
100,11,H,11,38,0.0,0.0
100,11,H,11,39,0.0,0.0
110,13,C,0,0,0.9343650937080383,0.00022663177320936256
110,13,C,0,1,0.7601771950721741,0.004822022791752545
110,13,C,0,2,0.41951885595917704,0.1855756442995035
110,13,C,0,3,0.40929183587431905,0.1788955290893935
110,13,C,0,4,0.7601578027009964,0.1192894192642164
110,13,C,0,5,0.24005356952548026,0.1192499182910615
110,13,C,0,6,0.7479720711708069,0.013856989623137394
110,13,C,0,7,0.757574450969696,0.11974846594850903
110,13,C,0,8,0.0,0.0
110,13,C,0,9,0.0,0.0
110,13,C,0,10,0.5939432665705681,0.1842805807363761
110,13,C,0,11,0.41329901963472365,0.18581876912968268
110,13,C,0,12,0.7426548719406127,0.008101022073228705
110,13,C,0,13,0.7504566431045532,0.004567068139132004
110,13,C,0,14,0.589030297100544,0.18332384789699757
110,13,C,0,15,0.9417942881584167,0.00012865905870768302
110,13,C,0,16,0.4088681571185589,0.18854972872942766
110,13,C,0,17,0.4149313077330589,0.180527708451532
110,13,C,0,18,0.13933340162038804,0.0006743099544045527
110,13,C,0,19,0.23310238718986512,0.12116313532327971
110,13,C,1,0,0.7843303799629211,0.014701070067044103
110,13,C,1,1,0.7302219115197659,0.1176397581136551
110,13,C,1,2,0.5831338033080101,0.18330941424881161
110,13,C,1,3,0.7109448671340942,0.00035076638308964906
110,13,C,1,4,0.5902836725115777,0.1806191156841921
110,13,C,1,5,0.5758477874100209,0.1777144600465319
110,13,C,1,6,0.5799697272479534,0.18019481685613287
110,13,C,1,7,0.8428901791572571,0.0027957532590230016
110,13,C,1,8,0.7476270191371441,0.11914288245678
110,13,C,1,9,0.0,0.0
110,13,C,1,10,0.4125846765935421,0.1831114904726516
110,13,C,1,11,0.41995193138718606,0.1937593824288418
110,13,C,1,12,0.800209355354309,0.004663761676004298
110,13,C,1,13,0.7906286239624023,0.010926140611831272
110,13,C,1,14,0.8318093299865723,0.006668840887106456
110,13,C,1,15,0.2384234294295311,0.12399673426299873
110,13,C,1,16,0.23594867214560508,0.12027467051531322
110,13,C,1,17,0.41713299304246904,0.179693524432844
110,13,C,1,18,0.7828288927674294,0.11370167616264401
110,13,C,1,19,0.0,0.0
110,13,C,2,0,0.5806219838559628,0.1849287941937099
110,13,C,2,1,0.4109138436615467,0.18013091845358337
110,13,C,2,2,0.7543172717094422,0.0017941512986885753
110,13,C,2,3,0.6031021997332573,0.18732731863866778
110,13,C,2,4,0.9124925255775451,0.0005750709908332397
110,13,C,2,5,0.7727002263069153,0.012065664800548746
110,13,C,2,6,0.0,0.0
110,13,C,2,7,0.4037503905594349,0.18374116499583004
110,13,C,2,8,0.8441389203071594,0.003572943179993615
110,13,C,2,9,0.9222986698150635,8.200184620221762e-05
110,13,C,2,10,0.5911416202783585,0.18306281713759912
110,13,C,2,11,0.5836768217384816,0.1824110309803405
110,13,C,2,12,0.5767005696892739,0.1893898867041103
110,13,C,2,13,0.8609145641326904,0.0033235907385440557
110,13,C,2,14,0.8040015697479248,0.0033980037396403873
110,13,C,2,15,0.8260105133056641,0.0022261329574624253
110,13,C,2,16,0.2411126971244812,0.12148100096826275
110,13,C,2,17,0.26097351908683775,0.11552355418296716
110,13,C,2,18,0.4106460824608803,0.17931955959398457
110,13,C,2,19,0.0,0.0
110,13,C,3,0,0.4176489397883415,0.18222105570617364
110,13,C,3,1,0.4165567010641098,0.179701721614753
110,13,C,3,2,0.4097991421818733,0.17856578691057973
110,13,C,3,3,0.7607789799571038,0.12054479986389718
110,13,C,3,4,0.6817336440086365,0.00041087429521354576
110,13,C,3,5,0.4113812558352947,0.18345648310625645
110,13,C,3,6,0.0,0.0
110,13,C,3,7,0.0,0.0
110,13,C,3,8,0.7479518674314022,0.12253995584336608
110,13,C,3,9,0.8485947370529174,0.003944773325874565
110,13,C,3,10,0.25323721319437026,0.11619542712609414
110,13,C,3,11,0.24676040634512902,0.12057071364366385
110,13,C,3,12,0.40675814151763917,0.18112911345919736
110,13,C,3,13,0.5883966684341431,0.18026349867463215
110,13,C,3,14,0.8490678310394287,0.004073269792989151
110,13,C,3,15,0.7945205926895141,0.005334764781248112
110,13,C,3,16,0.5764931462705135,0.18492433909035663
110,13,C,3,17,0.7746081873774529,0.11143260870611305
110,13,C,3,18,0.4054281607270241,0.18066054987769267
110,13,C,3,19,0.23845663517713547,0.11918890206304253
110,13,H,1,0,0.0,0.0
110,13,H,1,1,0.0,0.0
110,13,H,1,2,0.4207057677209377,0.19547104065266369
110,13,H,1,3,0.0,0.0
110,13,H,1,4,0.7598010316491127,0.11996214433575114
110,13,H,1,5,0.5867430344223976,0.17771797308020526
110,13,H,1,6,0.0,0.0
110,13,H,1,7,0.0,0.0
110,13,H,1,8,0.0,0.0
110,13,H,1,9,0.5837032496929169,0.18062212313041795
110,13,H,1,10,0.4104169622063637,0.17904964243920474
110,13,H,1,11,0.2307045839726925,0.1259485298625831
110,13,H,1,12,0.0,0.0
110,13,H,1,13,0.0,0.0
110,13,H,1,14,0.5803279682993889,0.18575214570943913
110,13,H,1,15,0.4079353094100952,0.18181096405195896
110,13,H,1,16,0.7622032150626182,0.11914191427016955
110,13,H,1,17,0.5902041584253311,0.18666973041027204
110,13,H,1,18,0.0,0.0
110,13,H,1,19,0.0,0.0
110,13,H,2,0,0.2384066954255104,0.12439275453811409
110,13,H,2,1,0.0,0.0
110,13,H,2,2,0.4167719006538391,0.18051015253406769
110,13,H,2,3,0.07159227281808853,6.372528496787488e-06
110,13,H,2,4,0.4096696570515633,0.18117851960518863
110,13,H,2,5,0.9354045152664184,2.19191683123654e-05
110,13,H,2,6,0.0,0.0
110,13,H,2,7,0.0,0.0
110,13,H,2,8,0.5899902179837226,0.1796146332854624
110,13,H,2,9,0.0,0.0
110,13,H,2,10,0.0,0.0
110,13,H,2,11,0.0,0.0
110,13,H,2,12,0.0,0.0
110,13,H,2,13,0.4173454515635967,0.18451381649450987
110,13,H,2,14,0.5919457137584686,0.17998014413818528
110,13,H,2,15,0.5879549831151962,0.17960412290766503
110,13,H,2,16,0.0,0.0
110,13,H,2,17,0.06869058161973954,8.67140813990197e-06
110,13,H,2,18,0.0,0.0
110,13,H,2,19,0.0,0.0
110,13,H,3,0,0.5796735435724258,0.18766812431231664
110,13,H,3,1,0.24320634007453917,0.11889509945230561
110,13,H,3,2,0.24437088519334793,0.1269258697012799
110,13,H,3,3,0.5865931540727616,0.17952656796940406
110,13,H,3,4,0.0,0.0
110,13,H,3,5,0.5872273966670036,0.17630763053137705
110,13,H,3,6,0.0,0.0
110,13,H,3,7,0.7531011588871479,0.12364982120165151
110,13,H,3,8,0.0,0.0
110,13,H,3,9,0.0,0.0
110,13,H,3,10,0.0,0.0
110,13,H,3,11,0.0,0.0
110,13,H,3,12,0.58616394251585,0.17973283024580358
110,13,H,3,13,0.41880870759487154,0.18304818669572745
110,13,H,3,14,0.7513448312878609,0.12646951469942422
110,13,H,3,15,0.0,0.0
110,13,H,3,16,0.0,0.0
110,13,H,3,17,0.0,0.0
110,13,H,3,18,0.5858858041465282,0.18018142579726248
110,13,H,3,19,0.0,0.0
110,13,H,4,0,0.24152477085590363,0.12092540795527498
110,13,H,4,1,0.7590289279818535,0.11840643938626771
110,13,H,4,2,0.0,0.0
110,13,H,4,3,0.06374297440052032,6.845171517452564e-05
110,13,H,4,4,0.0,0.0
110,13,H,4,5,0.0,0.0
110,13,H,4,6,0.41713270768523214,0.18390904931949215
110,13,H,4,7,0.0,0.0
110,13,H,4,8,0.0,0.0
110,13,H,4,9,0.0,0.0
110,13,H,4,10,0.5887087568640709,0.18121113690394558
110,13,H,4,11,0.5862385898828506,0.17906898338412952
110,13,H,4,12,0.2390890024602413,0.11925890255530994
110,13,H,4,13,0.24567754790186883,0.125463640495316
110,13,H,4,14,0.0,0.0
110,13,H,4,15,0.0,0.0
110,13,H,4,16,0.41403922736644744,0.1809068040999351
110,13,H,4,17,0.0,0.0
110,13,H,4,18,0.4112613156437874,0.17848155521755224
110,13,H,4,19,0.0,0.0
120,16,C,0,0,0.4359368711709976,0.1774179326966004
120,16,C,0,1,0.1824815034866333,0.004437917195544703
120,16,C,0,2,0.4106309562921524,0.17985643210443675
120,16,C,0,3,0.263100366294384,0.11791770318069594
120,16,C,0,4,0.2422584280371666,0.1221734818122802
120,16,C,0,5,0.2749274283647537,0.10621448610066711
120,16,C,0,6,0.8320708274841309,0.003473054082054716
120,16,C,0,7,0.8342045903205871,0.0008807386331676525
120,16,C,0,8,0.793744707107544,0.004793588999530982
120,16,C,0,9,0.4112831324338913,0.18656574730986647
120,16,C,0,10,0.0,0.0
120,16,C,0,11,0.0,0.0
120,16,C,0,12,0.0,0.0
120,16,C,0,13,0.0,0.0
120,16,C,0,14,0.7588169693946838,0.019722115621626415
120,16,C,0,15,0.7862772583961487,0.00800399497748657
120,16,C,0,16,0.7385966300964355,0.008560089265755836
120,16,C,0,17,0.5840727314352989,0.17384766409697355
120,16,C,0,18,0.24774083793163298,0.11830143932368105
120,16,C,0,19,0.4181323617696762,0.17646298790574816
120,16,C,0,20,0.5862067073583603,0.18141571855383778
120,16,C,0,21,0.5842223465442657,0.18232436725174062
120,16,C,1,0,0.16624344736337662,0.007003515334577734
120,16,C,1,1,0.4245515249669552,0.17593472359458073
120,16,C,1,2,0.2549480482935905,0.1128183583289812
120,16,C,1,3,0.29420083165168764,0.0067108553143663124
120,16,C,1,4,0.28499924689531325,0.11833445974688536
120,16,C,1,5,0.3038730323314667,0.015836698236656677
120,16,C,1,6,0.41276217699050904,0.17740160303891586
120,16,C,1,7,0.587294901907444,0.17963486062667858
120,16,C,1,8,0.4138649418950081,0.18269250415847246
120,16,C,1,9,0.7465029239654541,0.0056289797505178285
120,16,C,1,10,0.060211445391178134,4.760229265038607e-05
120,16,C,1,11,0.5829947419464588,0.18309845306404518
120,16,C,1,12,0.5867439828813076,0.1829289230931796
120,16,C,1,13,0.5841987729072571,0.1852094804744465
120,16,C,1,14,0.5865077450871468,0.18167011150263362
120,16,C,1,15,0.07701579332351685,4.923281428522497e-05
120,16,C,1,16,0.592286328971386,0.18200686205156735
120,16,C,1,17,0.838694441318512,0.0005238816237698528
120,16,C,1,18,0.4263178363442421,0.17376329352607495
120,16,C,1,19,0.2483367294073105,0.1216038877657587
120,16,C,1,20,0.24226420149207115,0.11432305254177841
120,16,C,1,21,0.7555963523685932,0.12079130106827404
120,16,C,2,0,0.6053953140974044,0.17025588143691517
120,16,C,2,1,0.5832127258181572,0.1793833286200664
120,16,C,2,2,0.2019904613494873,0.00447482439839165
120,16,C,2,3,0.2617237776517868,0.11724937793747651
120,16,C,2,4,0.4166748642921448,0.18123439875052694
120,16,C,2,5,0.08742385655641556,0.0007139944188861902
120,16,C,2,6,0.0,0.0
120,16,C,2,7,0.0,0.0
120,16,C,2,8,0.0,0.0
120,16,C,2,9,0.5851385608315468,0.18331439988504167
120,16,C,2,10,0.8330610871315003,0.0028834977083582202
120,16,C,2,11,0.8267163753509521,0.007674083063624551
120,16,C,2,12,0.7719309568405152,0.0063254274739856
120,16,C,2,13,0.0,0.0
120,16,C,2,14,0.245004403591156,0.12124400440075803
120,16,C,2,15,0.7616664305329323,0.12030351544270312
120,16,C,2,16,0.24716710597276687,0.11738800950308767
120,16,C,2,17,0.4068214699625969,0.17719789060275112
120,16,C,2,18,0.7837434887886048,0.0014279359348412868
120,16,C,2,19,0.814798891544342,0.00199379542162319
120,16,C,2,20,0.8142958641052246,0.0031320924006004703
120,16,C,2,21,0.761680181324482,0.11933419625750555
120,16,C,3,0,0.554835582524538,0.1751501619462858
120,16,C,3,1,0.06766749992966652,0.0001162011989866896
120,16,C,3,2,0.5962563455104828,0.1780254495908733
120,16,C,3,3,0.566447027772665,0.1751378393820595
120,16,C,3,4,0.7177053213119506,0.004414350883923248
120,16,C,3,5,0.7572923064231872,0.009323326283920038
120,16,C,3,6,0.0,0.0
120,16,C,3,7,0.0,0.0
120,16,C,3,8,0.0,0.0
120,16,C,3,9,0.4198404274880886,0.18504993075483214
120,16,C,3,10,0.0,0.0
120,16,C,3,11,0.0,0.0
120,16,C,3,12,0.0,0.0
120,16,C,3,13,0.4384617254137993,0.16671759471054698
120,16,C,3,14,0.7532969161868095,0.11872389333568156
120,16,C,3,15,0.23411064222455025,0.11775483908594737
120,16,C,3,16,0.5829774588346481,0.17914959220536542
120,16,C,3,17,0.7011654175817966,0.10433326895227009
120,16,C,3,18,0.75224140137434,0.11854666698696477
120,16,C,3,19,0.5776655837893486,0.17768947723492926
120,16,C,3,20,0.40762766674160955,0.1798960536267475
120,16,C,3,21,0.7543090224266052,0.11931100391716369
120,16,H,0,0,0.7568268194794655,0.1215479288777038
120,16,H,0,1,0.4107789695262909,0.17919207562272546
120,16,H,0,2,0.0,0.0
120,16,H,0,3,0.7579051218926907,0.12338495130623675
120,16,H,0,4,0.0,0.0
120,16,H,0,5,0.24106702953577042,0.11874457535802785
120,16,H,0,6,0.758251067250967,0.12823327516098115
120,16,H,0,7,0.5839969471096993,0.18018976216478402
120,16,H,0,8,0.23523822873830796,0.12071366576625815
120,16,H,0,9,0.0,0.0
120,16,H,0,10,0.0,0.0
120,16,H,0,11,0.0,0.0
120,16,H,0,12,0.0,0.0
120,16,H,0,13,0.0,0.0
120,16,H,0,14,0.41182121485471723,0.1787834173056043
120,16,H,0,15,0.41091169491410257,0.1790493014728986
120,16,H,0,16,0.5847196966409683,0.18815398304879297
120,16,H,0,17,0.5905323684215545,0.1846648347897728
120,16,H,0,18,0.0,0.0
120,16,H,0,19,0.0,0.0
120,16,H,0,20,0.0,0.0
120,16,H,0,21,0.0,0.0
120,16,H,1,0,0.24275406152009965,0.12199757789304436
120,16,H,1,1,0.4142300345003605,0.1838564339786642
120,16,H,1,2,0.0,0.0
120,16,H,1,3,0.4149576410651207,0.1764957150884066
120,16,H,1,4,0.0,0.0
120,16,H,1,5,0.5886515706777573,0.17894094613829276
120,16,H,1,6,0.41424710154533384,0.17714618842877078
120,16,H,1,7,0.7641848847270012,0.12228580243270919
120,16,H,1,8,0.7584689639508724,0.12137361355863448
120,16,H,1,9,0.0,0.0
120,16,H,1,10,0.0,0.0
120,16,H,1,11,0.0,0.0
120,16,H,1,12,0.0,0.0
120,16,H,1,13,0.0,0.0
120,16,H,1,14,0.41256642192602155,0.18786326421097724
120,16,H,1,15,0.41475657671689986,0.1784195203972277
120,16,H,1,16,0.5875352561473847,0.17843212666600494
120,16,H,1,17,0.23891520574688913,0.11913022330072753
120,16,H,1,18,0.0,0.0
120,16,H,1,19,0.0,0.0
120,16,H,1,20,0.0,0.0
120,16,H,1,21,0.0,0.0
120,16,H,2,0,0.4178711622953415,0.17873130029053944
120,16,H,2,1,0.41778823882341387,0.17937088074432533
120,16,H,2,2,0.0,0.0
120,16,H,2,3,0.41588839888572693,0.17675652070538936
120,16,H,2,4,0.0,0.0
120,16,H,2,5,0.4099976524710655,0.17979443085690044
120,16,H,2,6,0.41238782554864883,0.1784766611297998
120,16,H,2,7,0.5863600015640259,0.17595990820719365
120,16,H,2,8,0.5917591050267219,0.18041409173780087
120,16,H,2,9,0.0,0.0
120,16,H,2,10,0.0,0.0
120,16,H,2,11,0.0,0.0
120,16,H,2,12,0.0,0.0
120,16,H,2,13,0.0,0.0
120,16,H,2,14,0.5885300680994987,0.17815501167086928
120,16,H,2,15,0.5821339175105095,0.1822260189368225
120,16,H,2,16,0.5854126319289208,0.1772031401311162
120,16,H,2,17,0.7649559259414673,0.1199121478565067
120,16,H,2,18,0.0,0.0
120,16,H,2,19,0.0,0.0
120,16,H,2,20,0.0,0.0
120,16,H,2,21,0.0,0.0
120,16,H,3,0,0.5925890266895294,0.1801518839835698
120,16,H,3,1,0.0,0.0
120,16,H,3,2,0.23689040616154672,0.1203469334186931
120,16,H,3,3,0.23836405649781228,0.11949880522016418
120,16,H,3,4,0.0,0.0
120,16,H,3,5,0.4141181230545044,0.17741036513091657
120,16,H,3,6,0.0,0.0
120,16,H,3,7,0.0,0.0
120,16,H,3,8,0.0,0.0
120,16,H,3,9,0.0,0.0
120,16,H,3,10,0.4130420371890068,0.17840236785207442
120,16,H,3,11,0.7586491778492928,0.11842529687417329
120,16,H,3,12,0.7599249333143234,0.11808173709937667
120,16,H,3,13,0.0,0.0
120,16,H,3,14,0.0,0.0
120,16,H,3,15,0.0,0.0
120,16,H,3,16,0.0,0.0
120,16,H,3,17,0.5896526888012886,0.18155074727649292
120,16,H,3,18,0.7684082984924316,0.12100084697263895
120,16,H,3,19,0.4159831956028938,0.17831591247580855
120,16,H,3,20,0.9311389923095703,3.670209811446057e-06
120,16,H,3,21,0.0,0.0
120,16,H,4,0,0.4050146725028753,0.18413456806487052
120,16,H,4,1,0.0,0.0
120,16,H,4,2,0.24239373654127122,0.11800512476093968
120,16,H,4,3,0.2437213644385338,0.11887167419410907
120,16,H,4,4,0.0,0.0
120,16,H,4,5,0.5888298571109771,0.17807958032588594
120,16,H,4,6,0.0,0.0
120,16,H,4,7,0.0,0.0
120,16,H,4,8,0.0,0.0
120,16,H,4,9,0.0,0.0
120,16,H,4,10,0.7609338596463203,0.11886742334158011
120,16,H,4,11,0.5853612542152404,0.18186398610079652
120,16,H,4,12,0.4164738766849041,0.18664061021158956
120,16,H,4,13,0.0,0.0
120,16,H,4,14,0.0,0.0
120,16,H,4,15,0.0,0.0
120,16,H,4,16,0.0,0.0
120,16,H,4,17,0.24160971641540527,0.11895142173494082
120,16,H,4,18,0.24489641040563584,0.12409365316789245
120,16,H,4,19,0.758170773088932,0.11823310389039668
120,16,H,4,20,0.5902913302183151,0.179033274900042
120,16,H,4,21,0.0,0.0
120,16,H,5,0,0.4141970008611679,0.17765135463143925
120,16,H,5,1,0.0,0.0
120,16,H,5,2,0.41597516238689425,0.18287920602953495
120,16,H,5,3,0.5900778390467167,0.18453348454978097
120,16,H,5,4,0.0,0.0
120,16,H,5,5,0.7544528730213642,0.12645314680511555
120,16,H,5,6,0.0,0.0
120,16,H,5,7,0.0,0.0
120,16,H,5,8,0.0,0.0
120,16,H,5,9,0.0,0.0
120,16,H,5,10,0.5889071106910706,0.17814578158903668
120,16,H,5,11,0.588217668235302,0.1829437807360379
120,16,H,5,12,0.41587324216961863,0.18396597967243444
120,16,H,5,13,0.0,0.0
120,16,H,5,14,0.0,0.0
120,16,H,5,15,0.0,0.0
120,16,H,5,16,0.0,0.0
120,16,H,5,17,0.4079172290861607,0.18464883914063301
120,16,H,5,18,0.418115396797657,0.17913512639859444
120,16,H,5,19,0.5873547568917274,0.17708118203002304
120,16,H,5,20,0.7635308757424355,0.11933338544955034
120,16,H,5,21,0.0,0.0
120,16,H,6,0,0.4124665014445782,0.18005781934519438
120,16,H,6,1,0.5875798359513282,0.18052579400837043
120,16,H,6,2,0.23865003883838654,0.12116304019171184
120,16,H,6,3,0.588570949435234,0.17741895422060705
120,16,H,6,4,0.7610322758555412,0.11970914645171775
120,16,H,6,5,0.7656008958816528,0.12047326334234128
120,16,H,6,6,0.0,0.0
120,16,H,6,7,0.0,0.0
120,16,H,6,8,0.0,0.0
120,16,H,6,9,0.23999199271202087,0.11945631947200948
120,16,H,6,10,0.0,0.0
120,16,H,6,11,0.0,0.0
120,16,H,6,12,0.0,0.0
120,16,H,6,13,0.0,0.0
120,16,H,6,14,0.24590997248888016,0.12365474460235633
120,16,H,6,15,0.5924809917807579,0.18438916069089567
120,16,H,6,16,0.761335751414299,0.12536852896832004
120,16,H,6,17,0.5847145296633244,0.18106359000858138
120,16,H,6,18,0.5894032090902328,0.17813055040446746
120,16,H,6,19,0.24118893295526506,0.11869924551641405
120,16,H,6,20,0.4117068208754063,0.17930747571928002
120,16,H,6,21,0.4134707361459732,0.17689386476411237
130,17,C,0,0,0.5880035609006882,0.17909208383605962
130,17,C,0,1,0.17952737659215928,0.004179906994755581
130,17,C,0,2,0.4180461846292019,0.18396960526508188
130,17,C,0,3,0.42245652824640273,0.18117274640247205
130,17,C,0,4,0.0,0.0
130,17,C,0,5,0.41217632591724396,0.17845256213757282
130,17,C,0,6,0.0,0.0
130,17,C,0,7,0.0,0.0
130,17,C,0,8,0.88991938829422,0.0030838212872075135
130,17,C,0,9,0.5765761286020279,0.16719309390048367
130,17,C,0,10,0.5770632207393647,0.15874061512503218
130,17,C,0,11,0.41121457442641257,0.18043021083168304
130,17,C,0,12,0.0,0.0
130,17,C,0,13,0.0,0.0
130,17,C,0,14,0.0,0.0
130,17,C,0,15,0.0,0.0
130,17,C,0,16,0.6363379135727882,0.1235750401068461
130,17,C,0,17,0.5822345800697803,0.1793550678014968
130,17,C,0,18,0.6437051832675934,0.1198960445123356
130,17,C,0,19,0.25238924026489257,0.11986818077335717
130,17,C,0,20,0.5861432231962681,0.18455502447833455
130,17,C,0,21,0.0,0.0
130,17,C,0,22,0.0,0.0
130,17,C,0,23,0.0,0.0
130,17,C,1,0,0.7962150692939758,0.004962903642716867
130,17,C,1,1,0.8416962265968323,0.0030203147646724916
130,17,C,1,2,0.8951005935668945,0.002280009213556866
130,17,C,1,3,0.8146684885025024,0.003947328471024605
130,17,C,1,4,0.24379644691944122,0.11934143771384653
130,17,C,1,5,0.8251337528228759,0.0025448244703645175
130,17,C,1,6,0.0,0.0
130,17,C,1,7,0.7629472061991691,0.1195603684524559
130,17,C,1,8,0.4327275589108467,0.1741694869119837
130,17,C,1,9,0.4198005899786949,0.1771570411841857
130,17,C,1,10,0.26603852212429047,0.11493443374799808
130,17,C,1,11,0.8138250827789306,0.004235403927426376
130,17,C,1,12,0.8733767986297607,0.000477496286452208
130,17,C,1,13,0.0,0.0
130,17,C,1,14,0.0,0.0
130,17,C,1,15,0.0,0.0
130,17,C,1,16,0.8698163986206054,0.0009540148766811285
130,17,C,1,17,0.8642688035964966,0.0021081810169101796
130,17,C,1,18,0.8626971483230591,0.0007935483286993872
130,17,C,1,19,0.8202084183692933,0.0011712653437021458
130,17,C,1,20,0.7571302056312561,0.00634999909538152
130,17,C,1,21,0.40099103152751925,0.1759397840800567
130,17,C,1,22,0.5773257188498974,0.1773675234996413
130,17,C,1,23,0.0,0.0
130,17,C,2,0,0.7855363726615906,0.007289773959564058
130,17,C,2,1,0.4086821638047695,0.1806783379127048
130,17,C,2,2,0.7451689124107361,0.024928117817979118
130,17,C,2,3,0.5549437731504441,0.10065385966676606
130,17,C,2,4,0.8334582686424256,0.0017026912687620667
130,17,C,2,5,0.7245105981826783,0.0035791193700282524
130,17,C,2,6,0.2515814498066902,0.11954723000462304
130,17,C,2,7,0.8309730529785156,0.003231813122801839
130,17,C,2,8,0.0,0.0
130,17,C,2,9,0.0,0.0
130,17,C,2,10,0.0,0.0
130,17,C,2,11,0.8482608556747436,0.003585413417247593
130,17,C,2,12,0.7164785265922546,0.007664572142310533
130,17,C,2,13,0.4207896038889885,0.17715542883812588
130,17,C,2,14,0.5965619087219238,0.1776786489346595
130,17,C,2,15,0.0,0.0
130,17,C,2,16,0.7560367554426193,0.1192622943621153
130,17,C,2,17,0.5797042727470398,0.17886125943755898
130,17,C,2,18,0.7563447430729866,0.11938897620185948
130,17,C,2,19,0.795818316936493,0.006008942021165921
130,17,C,2,20,0.7853441953659057,0.00419327691071544
130,17,C,2,21,0.8763001561164856,0.00043318662109328445
130,17,C,2,22,0.7909998893737793,0.0069709684976231754
130,17,C,2,23,0.759016039967537,0.12027543720767402
130,17,C,3,0,0.24217941462993622,0.11804214630137548
130,17,C,3,1,0.0,0.0
130,17,C,3,2,0.25375090539455414,0.1163771307875836
130,17,C,3,3,0.41642024666070937,0.17719193983488407
130,17,C,3,4,0.4299564301967621,0.029400520299605194
130,17,C,3,5,0.43407136350870135,0.16065422279695524
130,17,C,3,6,0.09051862210035325,0.00020110059727628028
130,17,C,3,7,0.4462273418903351,0.14656975119571855
130,17,C,3,8,0.0,0.0
130,17,C,3,9,0.0,0.0
130,17,C,3,10,0.0,0.0
130,17,C,3,11,0.0,0.0
130,17,C,3,12,0.25015716105699537,0.12428356563075019
130,17,C,3,13,0.4841258466243744,0.04877817706829447
130,17,C,3,14,0.7507487416267395,0.014337657888616776
130,17,C,3,15,0.7589302644133568,0.12044954921691672
130,17,C,3,16,0.0,0.0
130,17,C,3,17,0.0,0.0
130,17,C,3,18,0.0,0.0
130,17,C,3,19,0.24302189648151398,0.11762810724259101
130,17,C,3,20,0.42460898905992506,0.17913926554584547
130,17,C,3,21,0.893327534198761,0.0004780097146962703
130,17,C,3,22,0.6308081716299057,0.11038755053669225
130,17,C,3,23,0.5807233422994613,0.17976904911635672
130,17,C,4,0,0.0,0.0
130,17,C,4,1,0.0,0.0
130,17,C,4,2,0.5806617110967636,0.18040089177670487
130,17,C,4,3,0.0,0.0
130,17,C,4,4,0.8157041311264038,0.003976700363041061
130,17,C,4,5,0.41930392682552337,0.1800061643932429
130,17,C,4,6,0.7405285358428955,0.005735582619109039
130,17,C,4,7,0.8358828783035278,0.00484967521699616
130,17,C,4,8,0.0,0.0
130,17,C,4,9,0.0,0.0
130,17,C,4,10,0.0,0.0
130,17,C,4,11,0.0,0.0
130,17,C,4,12,0.0,0.0
130,17,C,4,13,0.415206179022789,0.1757938728743631
130,17,C,4,14,0.23893931955099107,0.11977977554408101
130,17,C,4,15,0.27459549307823183,0.10961040899097185
130,17,C,4,16,0.0,0.0
130,17,C,4,17,0.0,0.0
130,17,C,4,18,0.0,0.0
130,17,C,4,19,0.0,0.0
130,17,C,4,20,0.5864844039082527,0.1796019887063029
130,17,C,4,21,0.8795131564140319,0.00034901528259098316
130,17,C,4,22,0.9083999633789063,0.00011686167650509561
130,17,C,4,23,0.6016333341598511,0.16602355530719967
130,17,H,0,0,0.7596161589026451,0.11970361279709718
130,17,H,0,1,0.4174124836921692,0.179229000676806
130,17,H,0,2,0.0,0.0
130,17,H,0,3,0.760417653620243,0.12151542996188507
130,17,H,0,4,0.0,0.0
130,17,H,0,5,0.0,0.0
130,17,H,0,6,0.0,0.0
130,17,H,0,7,0.0,0.0
130,17,H,0,8,0.7576570332050323,0.12028012778178535
130,17,H,0,9,0.41380255818367007,0.17700389083537044
130,17,H,0,10,0.41332960575819017,0.180507821294422
130,17,H,0,11,0.0,0.0
130,17,H,0,12,0.0,0.0
130,17,H,0,13,0.0,0.0
130,17,H,0,14,0.0,0.0
130,17,H,0,15,0.0,0.0
130,17,H,0,16,0.5863498613238335,0.17768571935540967
130,17,H,0,17,0.4131203703582287,0.18419169149531023
130,17,H,0,18,0.24174805954098702,0.12079247500423615
130,17,H,0,19,0.7602056205272675,0.12403753867707094
130,17,H,0,20,0.0,0.0
130,17,H,0,21,0.0,0.0
130,17,H,0,22,0.0,0.0
130,17,H,0,23,0.0,0.0
130,17,H,1,0,0.768982358276844,0.12453022506737921
130,17,H,1,1,0.4124169133603573,0.1800695056035521
130,17,H,1,2,0.0,0.0
130,17,H,1,3,0.583582765609026,0.18504372324528728
130,17,H,1,4,0.0,0.0
130,17,H,1,5,0.0,0.0
130,17,H,1,6,0.0,0.0
130,17,H,1,7,0.0,0.0
130,17,H,1,8,0.40957775712013245,0.18211854320818638
130,17,H,1,9,0.24200159236788749,0.12608900219549252
130,17,H,1,10,0.7536607772111893,0.12465862138768417
130,17,H,1,11,0.0,0.0
130,17,H,1,12,0.0,0.0
130,17,H,1,13,0.0,0.0
130,17,H,1,14,0.0,0.0
130,17,H,1,15,0.0,0.0
130,17,H,1,16,0.4153416410088539,0.17672636482713253
130,17,H,1,17,0.24201423674821854,0.12068420844364869
130,17,H,1,18,0.24124486222863198,0.1186363808421935
130,17,H,1,19,0.23918276354670526,0.12241366298150795
130,17,H,1,20,0.0,0.0
130,17,H,1,21,0.0,0.0
130,17,H,1,22,0.0,0.0
130,17,H,1,23,0.0,0.0
130,17,H,2,0,0.4176965430378914,0.1829071543504602
130,17,H,2,1,0.5814985752105712,0.18102479996568505
130,17,H,2,2,0.0,0.0
130,17,H,2,3,0.5834476329386235,0.1814514944565265
130,17,H,2,4,0.0,0.0
130,17,H,2,5,0.0,0.0
130,17,H,2,6,0.0,0.0
130,17,H,2,7,0.0,0.0
130,17,H,2,8,0.5874936431646347,0.17836949004907293
130,17,H,2,9,0.5876637756824493,0.17941101590893235
130,17,H,2,10,0.41668447107076645,0.1863687765557951
130,17,H,2,11,0.0,0.0
130,17,H,2,12,0.0,0.0
130,17,H,2,13,0.0,0.0
130,17,H,2,14,0.0,0.0
130,17,H,2,15,0.0,0.0
130,17,H,2,16,0.24032093584537506,0.11863858928596986
130,17,H,2,17,0.416988268494606,0.17812347725217365
130,17,H,2,18,0.41589816361665727,0.17754202492828475
130,17,H,2,19,0.762783695757389,0.12163945362068214
130,17,H,2,20,0.0,0.0
130,17,H,2,21,0.0,0.0
130,17,H,2,22,0.0,0.0
130,17,H,2,23,0.0,0.0
130,17,H,3,0,0.0,0.0
130,17,H,3,1,0.0,0.0
130,17,H,3,2,0.24044277667999267,0.118865239292925
130,17,H,3,3,0.0,0.0
130,17,H,3,4,0.41394233554601667,0.1766134841041993
130,17,H,3,5,0.41490631699562075,0.17673575569091932
130,17,H,3,6,0.4125432804226875,0.1786076981496301
130,17,H,3,7,0.7550387308001518,0.1260389454441569
130,17,H,3,8,0.0,0.0
130,17,H,3,9,0.0,0.0
130,17,H,3,10,0.0,0.0
130,17,H,3,11,0.0,0.0
130,17,H,3,12,0.0,0.0
130,17,H,3,13,0.585941256582737,0.18226380296109018
130,17,H,3,14,0.584248635172844,0.18301682985191267
130,17,H,3,15,0.0,0.0
130,17,H,3,16,0.0,0.0
130,17,H,3,17,0.0,0.0
130,17,H,3,18,0.0,0.0
130,17,H,3,19,0.0,0.0
130,17,H,3,20,0.7570237196981907,0.12426581209857837
130,17,H,3,21,0.5827340245246887,0.18253415407676635
130,17,H,3,22,0.7651878073811531,0.12078341148520585
130,17,H,3,23,0.5860198467969895,0.1762407699138493
130,17,H,4,0,0.0,0.0
130,17,H,4,1,0.0,0.0
130,17,H,4,2,0.5893858179450036,0.18053416883803902
130,17,H,4,3,0.0,0.0
130,17,H,4,4,0.5869307532906533,0.17675321110109757
130,17,H,4,5,0.7647291466593742,0.11978776492162266
130,17,H,4,6,0.5920855969190597,0.1800129671285792
130,17,H,4,7,0.9324702024459839,9.192163000193432e-06
130,17,H,4,8,0.0,0.0
130,17,H,4,9,0.0,0.0
130,17,H,4,10,0.0,0.0
130,17,H,4,11,0.0,0.0
130,17,H,4,12,0.0,0.0
130,17,H,4,13,0.41508265361189844,0.18650479583166038
130,17,H,4,14,0.4151292696595192,0.18083760402857202
130,17,H,4,15,0.0,0.0
130,17,H,4,16,0.0,0.0
130,17,H,4,17,0.0,0.0
130,17,H,4,18,0.0,0.0
130,17,H,4,19,0.0,0.0
130,17,H,4,20,0.5864386260509491,0.1775231740454582
130,17,H,4,21,0.413982854783535,0.18104168202073379
130,17,H,4,22,0.5862659350037575,0.17758424281169924
130,17,H,4,23,0.41668371111154556,0.18262511678821744
130,17,H,5,0,0.7616112276911735,0.11964367848353712
130,17,H,5,1,0.24288323074579238,0.11780392765458583
130,17,H,5,2,0.930978000164032,1.5010971978313137e-06
130,17,H,5,3,0.7582376226782799,0.12076255565384408
130,17,H,5,4,0.0,0.0
130,17,H,5,5,0.4152705281972885,0.17661536944756698
130,17,H,5,6,0.0,0.0
130,17,H,5,7,0.0,0.0
130,17,H,5,8,0.0,0.0
130,17,H,5,9,0.0,0.0
130,17,H,5,10,0.0,0.0
130,17,H,5,11,0.40490470379590987,0.18075433285414952
130,17,H,5,12,0.0,0.0
130,17,H,5,13,0.0,0.0
130,17,H,5,14,0.0,0.0
130,17,H,5,15,0.0,0.0
130,17,H,5,16,0.4083272911608219,0.18087119396132945
130,17,H,5,17,0.23518629148602485,0.122434366411831
130,17,H,5,18,0.5835481822490692,0.18153131249752916
130,17,H,5,19,0.5899321734905243,0.17932191486535692
130,17,H,5,20,0.5908190846443176,0.1818406091917165
130,17,H,5,21,0.0,0.0
130,17,H,5,22,0.0,0.0
130,17,H,5,23,0.0,0.0
130,17,H,6,0,0.24349888414144516,0.11836335019387922
130,17,H,6,1,0.0,0.0
130,17,H,6,2,0.5952612936496735,0.1823120264697472
130,17,H,6,3,0.7580132775008679,0.12307063009550853
130,17,H,6,4,0.415264767408371,0.17856088505150414
130,17,H,6,5,0.237252364307642,0.1194031664616833
130,17,H,6,6,0.0,0.0
130,17,H,6,7,0.2375227577984333,0.12084493383587806
130,17,H,6,8,0.0,0.0
130,17,H,6,9,0.0,0.0
130,17,H,6,10,0.0,0.0
130,17,H,6,11,0.0,0.0
130,17,H,6,12,0.412134213745594,0.1839680123924699
130,17,H,6,13,0.0,0.0
130,17,H,6,14,0.0,0.0
130,17,H,6,15,0.0,0.0
130,17,H,6,16,0.0,0.0
130,17,H,6,17,0.0,0.0
130,17,H,6,18,0.0,0.0
130,17,H,6,19,0.41236587688326837,0.17965733547537097
130,17,H,6,20,0.9322030305862427,4.0631613708796985e-06
130,17,H,6,21,0.419499808549881,0.18485219386029933
130,17,H,6,22,0.5899141728878021,0.17889909455792052
130,17,H,6,23,0.0,0.0
140,18,C,0,0,0.4111810654401779,0.1796746150482897
140,18,C,0,1,0.4126094415783882,0.18390062754593348
140,18,C,0,2,0.24079466983675957,0.12153315404340917
140,18,C,0,3,0.5892248585820198,0.1775168867539364
140,18,C,0,4,0.5832917615771294,0.18207678931528842
140,18,C,0,5,0.2395094335079193,0.11818324146125621
140,18,C,0,6,0.5848507434129715,0.1780644474602287
140,18,C,0,7,0.0,0.0
140,18,C,0,8,0.0,0.0
140,18,C,0,9,0.0,0.0
140,18,C,0,10,0.41345192342996595,0.1769479586584708
140,18,C,0,11,0.4157747164368629,0.1773176392012979
140,18,C,0,12,0.9286770343780517,4.8023199388183004e-05
140,18,C,0,13,0.5857473865151406,0.17914369118984816
140,18,C,0,14,0.07023586109280586,2.2183469403422864e-05
140,18,C,0,15,0.2424560382962227,0.1186729906071741
140,18,C,0,16,0.5880566537380219,0.18239149999907908
140,18,C,0,17,0.5865760393440723,0.17967894111971616
140,18,C,0,18,0.2377573221921921,0.11987316077546577
140,18,C,0,19,0.5897057518362999,0.17819386421948175
140,18,C,0,20,0.23979858309030533,0.11879447073828613
140,18,C,0,21,0.5874492049217224,0.1774901436868192
140,18,C,0,22,0.2437040239572525,0.12217107418109711
140,18,C,0,23,0.41655897796154023,0.17926033428242175
140,18,C,0,24,0.5862527668476105,0.17604491720115206
140,18,C,0,25,0.4172420591115952,0.1794509749607227
140,18,C,0,26,0.0,0.0
140,18,C,0,27,0.0,0.0
140,18,C,1,0,0.5858217358589173,0.17685221420826508
140,18,C,1,1,0.2341503959149122,0.1260008716144488
140,18,C,1,2,0.5884393766522408,0.17818573973784302
140,18,C,1,3,0.24633357524871827,0.11907360320893483
140,18,C,1,4,0.2441197454929352,0.11745521978368514
140,18,C,1,5,0.41415985524654386,0.18069215420031617
140,18,C,1,6,0.5880143225193024,0.17691573625979565
140,18,C,1,7,0.5855821684002877,0.17877106332425605
140,18,C,1,8,0.5857409283518791,0.18304705214722353
140,18,C,1,9,0.4152290642261505,0.1790354672386692
140,18,C,1,10,0.5861499726772308,0.17709538322060125
140,18,C,1,11,0.5873892530798912,0.17918971072663914
140,18,C,1,12,0.2438670814037323,0.1179233580578521
140,18,C,1,13,0.5873831048607826,0.1822216274674448
140,18,C,1,14,0.7615117415785789,0.118441792975516
140,18,C,1,15,0.5875101163983345,0.17685510934883358
140,18,C,1,16,0.243414269387722,0.11777873601125433
140,18,C,1,17,0.5883950158953667,0.17787638271181858
140,18,C,1,18,0.7593260444700718,0.12176381783042847
140,18,C,1,19,0.41228684335947036,0.17854754494762376
140,18,C,1,20,0.5857166737318039,0.17927133395830347
140,18,C,1,21,0.7565134450793266,0.12265873633629117
140,18,C,1,22,0.24180667400360106,0.11793262545998837
140,18,C,1,23,0.7581002160906791,0.11778064662170254
140,18,C,1,24,0.0,0.0
140,18,C,1,25,0.0,0.0
140,18,C,1,26,0.5859198540449142,0.1784183018946424
140,18,C,1,27,0.5848997622728348,0.17894567826870542
140,18,C,2,0,0.09162728786468506,2.6685325814015395e-05
140,18,C,2,1,0.4171434849500656,0.17918231802036194
140,18,C,2,2,0.21443589329719542,0.0021241170328102936
140,18,C,2,3,0.26002627462148664,0.11987096863981497
140,18,C,2,4,0.0,0.0
140,18,C,2,5,0.0,0.0
140,18,C,2,6,0.41433961391448976,0.18002578277136522
140,18,C,2,7,0.8164931654930114,0.002362508674035837
140,18,C,2,8,0.8245326519012451,0.002205288682390858
140,18,C,2,9,0.8439980149269104,0.0019321943892691706
140,18,C,2,10,0.0,0.0
140,18,C,2,11,0.5856928944587707,0.1763972991471816
140,18,C,2,12,0.4162438303232193,0.17734260718426575
140,18,C,2,13,0.4181872382760048,0.17685809934348568
140,18,C,2,14,0.41316244304180144,0.17976864927760355
140,18,C,2,15,0.8181586503982544,0.0024571543220596936
140,18,C,2,16,0.774054491519928,0.006988212115445834
140,18,C,2,17,0.7663742303848267,0.002516523885610411
140,18,C,2,18,0.0,0.0
140,18,C,2,19,0.0,0.0
140,18,C,2,20,0.5877429232001304,0.17840279337074852
140,18,C,2,21,0.41437100172042846,0.17995521980931478
140,18,C,2,22,0.7599069893360137,0.11993975853786894
140,18,C,2,23,0.414791539311409,0.17952188064387808
140,18,C,2,24,0.0,0.0
140,18,C,2,25,0.0,0.0
140,18,C,2,26,0.0,0.0
140,18,C,2,27,0.0,0.0
140,18,H,0,0,0.41450463980436325,0.1799689593249886
140,18,H,0,1,0.2429671049118042,0.11817795539731417
140,18,H,0,2,0.0,0.0
140,18,H,0,3,0.41454301625490186,0.17633954692994327
140,18,H,0,4,0.5887850493192672,0.17822646450040658
140,18,H,0,5,0.4138771504163742,0.17745346650471866
140,18,H,0,6,0.0,0.0
140,18,H,0,7,0.0,0.0
140,18,H,0,8,0.0,0.0
140,18,H,0,9,0.0,0.0
140,18,H,0,10,0.762084373831749,0.11909234653651164
140,18,H,0,11,0.0,0.0
140,18,H,0,12,0.41152331680059434,0.17861977312739744
140,18,H,0,13,0.41082406267523763,0.17897698799803957
140,18,H,0,14,0.4141733556985855,0.17728463967898636
140,18,H,0,15,0.0,0.0
140,18,H,0,16,0.0,0.0
140,18,H,0,17,0.0,0.0
140,18,H,0,18,0.420950374007225,0.1844663776603749
140,18,H,0,19,0.4142424941062927,0.17721043071758422
140,18,H,0,20,0.0,0.0
140,18,H,0,21,0.0,0.0
140,18,H,0,22,0.7642760366201401,0.11981122981478047
140,18,H,0,23,0.586996815353632,0.18087429397460836
140,18,H,0,24,0.0,0.0
140,18,H,0,25,0.0,0.0
140,18,H,0,26,0.0,0.0
140,18,H,0,27,0.0,0.0
140,18,H,1,0,0.4161333918571472,0.18069493943627482
140,18,H,1,1,0.41440522372722627,0.177021658959418
140,18,H,1,2,0.0,0.0
140,18,H,1,3,0.588509415090084,0.17752170578286544
140,18,H,1,4,0.4145357757806778,0.18283260250480698
140,18,H,1,5,0.7642480075359345,0.11987590248115879
140,18,H,1,6,0.0,0.0
140,18,H,1,7,0.0,0.0
140,18,H,1,8,0.0,0.0
140,18,H,1,9,0.0,0.0
140,18,H,1,10,0.5859627068042755,0.17704004436617934
140,18,H,1,11,0.0,0.0
140,18,H,1,12,0.7580510750412941,0.11814187666847258
140,18,H,1,13,0.41654443442821504,0.17818949503468512
140,18,H,1,14,0.5875553697347641,0.18082974101085364
140,18,H,1,15,0.0,0.0
140,18,H,1,16,0.0,0.0
140,18,H,1,17,0.0,0.0
140,18,H,1,18,0.5864448800683022,0.17795697361823598
140,18,H,1,19,0.24162001460790633,0.11802368828127749
140,18,H,1,20,0.0,0.0
140,18,H,1,21,0.0,0.0
140,18,H,1,22,0.2367993600666523,0.12037279966989231
140,18,H,1,23,0.7572350621223449,0.12060586247359936
140,18,H,1,24,0.0,0.0
140,18,H,1,25,0.0,0.0
140,18,H,1,26,0.0,0.0
140,18,H,1,27,0.0,0.0
140,18,H,2,0,0.7601290285587311,0.11903802877995431
140,18,H,2,1,0.0,0.0
140,18,H,2,2,0.4148602604866028,0.17970312505421682
140,18,H,2,3,0.24356939494609833,0.11853783148628998
140,18,H,2,4,0.0,0.0
140,18,H,2,5,0.0,0.0
140,18,H,2,6,0.0,0.0
140,18,H,2,7,0.0670738585293293,5.8466651599078383e-05
140,18,H,2,8,0.41536767929792406,0.1802642633930321
140,18,H,2,9,0.7611452579498291,0.11926831630290254
140,18,H,2,10,0.0,0.0
140,18,H,2,11,0.0,0.0
140,18,H,2,12,0.0,0.0
140,18,H,2,13,0.0,0.0
140,18,H,2,14,0.591841347515583,0.18013050257399382
140,18,H,2,15,0.5858973577618599,0.17700441608311923
140,18,H,2,16,0.07018847167491912,7.019075161127653e-06
140,18,H,2,17,0.4117081016302109,0.18116656041537582
140,18,H,2,18,0.0,0.0
140,18,H,2,19,0.0,0.0
140,18,H,2,20,0.0,0.0
140,18,H,2,21,0.0,0.0
140,18,H,2,22,0.0,0.0
140,18,H,2,23,0.5842211686074734,0.18206963693587105
140,18,H,2,24,0.0,0.0
140,18,H,2,25,0.0,0.0
140,18,H,2,26,0.0,0.0
140,18,H,2,27,0.0,0.0
140,18,H,3,0,0.41609262973070144,0.18045611679654164
140,18,H,3,1,0.0,0.0
140,18,H,3,2,0.4153779104351997,0.1775833159407738
140,18,H,3,3,0.23892231807112693,0.12067517483785181
140,18,H,3,4,0.0,0.0
140,18,H,3,5,0.0,0.0
140,18,H,3,6,0.0,0.0
140,18,H,3,7,0.5884725272655487,0.1784309347248217
140,18,H,3,8,0.5907670825719833,0.179656889815278
140,18,H,3,9,0.412903767824173,0.1781489780485681
140,18,H,3,10,0.0,0.0
140,18,H,3,11,0.0,0.0
140,18,H,3,12,0.0,0.0
140,18,H,3,13,0.0,0.0
140,18,H,3,14,0.5861534729599953,0.17668749341262066
140,18,H,3,15,0.41560873240232465,0.17702980129680024
140,18,H,3,16,0.41364131569862367,0.18579332460028328
140,18,H,3,17,0.2440293937921524,0.12139425065201821
140,18,H,3,18,0.0,0.0
140,18,H,3,19,0.0,0.0
140,18,H,3,20,0.0,0.0
140,18,H,3,21,0.0,0.0
140,18,H,3,22,0.0,0.0
140,18,H,3,23,0.5865404725074768,0.17714666905831308
140,18,H,3,24,0.0,0.0
140,18,H,3,25,0.0,0.0
140,18,H,3,26,0.0,0.0
140,18,H,3,27,0.0,0.0
140,18,H,4,0,0.5873740375041961,0.17898449326568402
140,18,H,4,1,0.0,0.0
140,18,H,4,2,0.24348405003547668,0.11742956931549604
140,18,H,4,3,0.4129027724266052,0.178438947329876
140,18,H,4,4,0.0,0.0
140,18,H,4,5,0.0,0.0
140,18,H,4,6,0.0,0.0
140,18,H,4,7,0.4160185858607292,0.17743649096313313
140,18,H,4,8,0.24191901683807374,0.1182200330610433
140,18,H,4,9,0.7575283408164978,0.11959881030528921
140,18,H,4,10,0.0,0.0
140,18,H,4,11,0.0,0.0
140,18,H,4,12,0.0,0.0
140,18,H,4,13,0.0,0.0
140,18,H,4,14,0.7608894184231758,0.11853993703397259
140,18,H,4,15,0.4146734938025475,0.17889419412798113
140,18,H,4,16,0.24637584239244462,0.12115198901071941
140,18,H,4,17,0.24014508351683617,0.12128410703546626
140,18,H,4,18,0.0,0.0
140,18,H,4,19,0.0,0.0
140,18,H,4,20,0.0,0.0
140,18,H,4,21,0.0,0.0
140,18,H,4,22,0.0,0.0
140,18,H,4,23,0.5857097446918488,0.17700619083797203
140,18,H,4,24,0.0,0.0
140,18,H,4,25,0.0,0.0
140,18,H,4,26,0.0,0.0
140,18,H,4,27,0.0,0.0
140,18,H,5,0,0.5889932721853256,0.17792570278263095
140,18,H,5,1,0.41400150805711744,0.17794673512133577
140,18,H,5,2,0.4152335003018379,0.17840135331661613
140,18,H,5,3,0.4110681965947151,0.17973863530487053
140,18,H,5,4,0.0,0.0
140,18,H,5,5,0.0,0.0
140,18,H,5,6,0.4129961922764778,0.1776475031748105
140,18,H,5,7,0.0,0.0
140,18,H,5,8,0.0,0.0
140,18,H,5,9,0.0,0.0
140,18,H,5,10,0.0,0.0
140,18,H,5,11,0.24345441311597824,0.11802781010858761
140,18,H,5,12,0.24164504036307335,0.12303949165681893
140,18,H,5,13,0.41448756381869317,0.18286672950025956
140,18,H,5,14,0.5871331050992012,0.17800955104527283
140,18,H,5,15,0.4145838148891926,0.18006206547026787
140,18,H,5,16,0.9363345742225647,1.6296376265643176e-05
140,18,H,5,17,0.41611285507678986,0.17974132531201517
140,18,H,5,18,0.0,0.0
140,18,H,5,19,0.0,0.0
140,18,H,5,20,0.7587032869458199,0.11782362146272449
140,18,H,5,21,0.41546877324581144,0.1768834394061906
140,18,H,5,22,0.5892745658755303,0.17903251339907353
140,18,H,5,23,0.413680499792099,0.17729001824137838
140,18,H,5,24,0.0,0.0
140,18,H,5,25,0.0,0.0
140,18,H,5,26,0.0,0.0
140,18,H,5,27,0.0,0.0
150,19,C,0,0,0.07334082275629043,2.6934186193341422e-05
150,19,C,0,1,0.10423948019742965,0.00015151769809727876
150,19,C,0,2,0.5846988096833229,0.18169368955696302
150,19,C,0,3,0.0,0.0
150,19,C,0,4,0.7130049496889115,0.1079706457526314
150,19,C,0,5,0.8921958088874817,0.0002022718790007616
150,19,C,0,6,0.24345229864120482,0.11776823735202395
150,19,C,0,7,0.7584785923361779,0.11817520011289051
150,19,C,0,8,0.0,0.0
150,19,C,0,9,0.0,0.0
150,19,C,0,10,0.0,0.0
150,19,C,0,11,0.0,0.0
150,19,C,0,12,0.9274834752082824,4.389436404409252e-05
150,19,C,0,13,0.7571626096963883,0.11865643140265791
150,19,C,0,14,0.4107857957482338,0.17961598163636178
150,19,C,0,15,0.4111901082098484,0.17709094156077532
150,19,C,0,16,0.2474461242556572,0.12266870051264267
150,19,C,0,17,0.8804693102836609,0.0001395887563978704
150,19,C,0,18,0.24340614527463914,0.11611051784413026
150,19,C,0,19,0.07772098481655121,2.955893969973644e-05
150,19,C,0,20,0.0,0.0
150,19,C,0,21,0.0,0.0
150,19,C,0,22,0.5879839479923248,0.17835374031638512
150,19,C,0,23,0.4143986187875271,0.17830358727230117
150,19,C,0,24,0.7575672373175621,0.11865823922711279
150,19,C,0,25,0.41318574249744416,0.1775360136772213
150,19,C,0,26,0.4164009943604469,0.18248633212278734
150,19,C,0,27,0.5851961836218834,0.18281365490959484
150,19,C,0,28,0.0,0.0
150,19,C,0,29,0.2369224764406681,0.12065262129409879
150,19,C,0,30,0.0,0.0
150,19,C,0,31,0.4172248527407646,0.18035331033643626
150,19,C,1,0,0.09944140166044235,1.2960284453922278e-05
150,19,C,1,1,0.5920462623238564,0.1774242233222399
150,19,C,1,2,0.0,0.0
150,19,C,1,3,0.41563833951950074,0.17770150095199638
150,19,C,1,4,0.5933232590556144,0.1817778220340304
150,19,C,1,5,0.4138033762574196,0.17792127761353133
150,19,C,1,6,0.8865362048149109,0.0001716523082231447
150,19,C,1,7,0.5602017119526863,0.16755740730495253
150,19,C,1,8,0.0,0.0
150,19,C,1,9,0.0,0.0
150,19,C,1,10,0.0,0.0
150,19,C,1,11,0.0,0.0
150,19,C,1,12,0.4154616862535477,0.17837511930850355
150,19,C,1,13,0.5820516347885132,0.1759828112982575
150,19,C,1,14,0.4098261117935181,0.1770768292948451
150,19,C,1,15,0.580597311258316,0.18380865927596526
150,19,C,1,16,0.07845391631126404,7.217256849503252e-06
150,19,C,1,17,0.07704387605190277,1.233680882839483e-05
150,19,C,1,18,0.8939480066299439,0.00019407080335923863
150,19,C,1,19,0.5859340250492096,0.16933457102518984
150,19,C,1,20,0.4162265002727509,0.17743340798843735
150,19,C,1,21,0.4146959587931633,0.17906837687215865
150,19,C,1,22,0.0,0.0
150,19,C,1,23,0.0,0.0
150,19,C,1,24,0.5864992335438728,0.1790406257300671
150,19,C,1,25,0.0684289999306202,1.960176210799247e-05
150,19,C,1,26,0.5834278240799904,0.1774279425591046
150,19,C,1,27,0.5842958889901638,0.1837483419929018
150,19,C,1,28,0.41352839171886446,0.17884472040039084
150,19,C,1,29,0.0,0.0
150,19,C,1,30,0.07083768844604492,8.350747521168601e-07
150,19,C,1,31,0.0,0.0
150,19,C,2,0,0.4143662929534912,0.1782829063031416
150,19,C,2,1,0.0,0.0
150,19,C,2,2,0.24393806010484695,0.11865109365003146
150,19,C,2,3,0.10123045444488525,0.00013403006849787235
150,19,C,2,4,0.0,0.0
150,19,C,2,5,0.0,0.0
150,19,C,2,6,0.0,0.0
150,19,C,2,7,0.0,0.0
150,19,C,2,8,0.7291876316070557,0.11766332034485114
150,19,C,2,9,0.7217504993081093,0.116034058902547
150,19,C,2,10,0.7595480099320412,0.11828091250049903
150,19,C,2,11,0.5895095229148865,0.17846969100932544
150,19,C,2,12,0.5869016587734223,0.17637261098318152
150,19,C,2,13,0.23740904182195663,0.11921569028574179
150,19,C,2,14,0.5797355905175209,0.1770887967062594
150,19,C,2,15,0.41539147049188613,0.17836660056121784
150,19,C,2,16,0.0,0.0
150,19,C,2,17,0.0,0.0
150,19,C,2,18,0.41562351062893865,0.18386426400112493
150,19,C,2,19,0.24432079792022704,0.118228015475164
150,19,C,2,20,0.7409788727760315,0.07997193261457852
150,19,C,2,21,0.07672895789146424,0.00016103484513791067
150,19,C,2,22,0.4206588178873062,0.17805893538753853
150,19,C,2,23,0.25396688580513,0.11869144440439865
150,19,C,2,24,0.4148154020309448,0.17661600236957703
150,19,C,2,25,0.4144732505083084,0.1762088024433651
150,19,C,2,26,0.0,0.0
150,19,C,2,27,0.5865830764174461,0.17705567399015373
150,19,C,2,28,0.5953243508934974,0.18608282480330007
150,19,C,2,29,0.588243393599987,0.18410012319945065
150,19,C,2,30,0.5869417756795883,0.17878260484952677
150,19,C,2,31,0.0,0.0
150,19,C,3,0,0.0,0.0
150,19,C,3,1,0.411432596296072,0.178612574705097
150,19,C,3,2,0.4260623499751091,0.17595509467212112
150,19,C,3,3,0.2484990730881691,0.11957167470314252
150,19,C,3,4,0.0,0.0
150,19,C,3,5,0.0,0.0
150,19,C,3,6,0.0,0.0
150,19,C,3,7,0.0,0.0
150,19,C,3,8,0.24158081635832787,0.1184262664098433
150,19,C,3,9,0.24077819883823395,0.11815552612736444
150,19,C,3,10,0.7261715352535247,0.10261359464393735
150,19,C,3,11,0.722361758351326,0.10733899863829724
150,19,C,3,12,0.4103534325957298,0.17744186560713598
150,19,C,3,13,0.2418522208929062,0.11807281619574206
150,19,C,3,14,0.587043671309948,0.18131566413394767
150,19,C,3,15,0.7603512153029441,0.11860146736488106
150,19,C,3,16,0.5838374838232994,0.1822281023742669
150,19,C,3,17,0.41863970309495924,0.17911233502011004
150,19,C,3,18,0.0,0.0
150,19,C,3,19,0.0,0.0
150,19,C,3,20,0.24898981899023057,0.12036094122102728
150,19,C,3,21,0.42254219725728037,0.17918534923342944
150,19,C,3,22,0.42003777623176575,0.172683045062799
150,19,C,3,23,0.8978455185890197,0.000129712055467337
150,19,C,3,24,0.40988350212574004,0.1818704946205651
150,19,C,3,25,0.584086012840271,0.17882943964502032
150,19,C,3,26,0.41584477126598357,0.176605691559348
150,19,C,3,27,0.0,0.0
150,19,C,3,28,0.23456385359168053,0.11960848191125066
150,19,C,3,29,0.24709448516368865,0.11971736837658797
150,19,C,3,30,0.0,0.0
150,19,C,3,31,0.7614684216678143,0.12804533575433896
150,19,H,2,0,0.7577365309000015,0.1210512411374712
150,19,H,2,1,0.7546197779476642,0.12136518128829972
150,19,H,2,2,0.0,0.0
150,19,H,2,3,0.0,0.0
150,19,H,2,4,0.4158158525824547,0.1777543187664064
150,19,H,2,5,0.5890049338340759,0.17936527779166395
150,19,H,2,6,0.0,0.0
150,19,H,2,7,0.0,0.0
150,19,H,2,8,0.0,0.0
150,19,H,2,9,0.0,0.0
150,19,H,2,10,0.0,0.0
150,19,H,2,11,0.0,0.0
150,19,H,2,12,0.760324016213417,0.1183347513107
150,19,H,2,13,0.0,0.0
150,19,H,2,14,0.0,0.0
150,19,H,2,15,0.4137196108698845,0.17688652839019028
150,19,H,2,16,0.7595055803656579,0.11779610719974931
150,19,H,2,17,0.585515807569027,0.17833639342584026
150,19,H,2,18,0.5879515439271927,0.17709069833379396
150,19,H,2,19,0.24664027094841004,0.12318945902728133
150,19,H,2,20,0.0,0.0
150,19,H,2,21,0.0,0.0
150,19,H,2,22,0.0,0.0
150,19,H,2,23,0.0,0.0
150,19,H,2,24,0.0,0.0
150,19,H,2,25,0.41683832705020907,0.1798733876934017
150,19,H,2,26,0.41632399931550024,0.18160927521025283
150,19,H,2,27,0.5878284633159637,0.1795841994124941
150,19,H,2,28,0.0,0.0
150,19,H,2,29,0.0,0.0
150,19,H,2,30,0.0,0.0
150,19,H,2,31,0.0,0.0
150,19,H,3,0,0.4123873353004456,0.17777879673252475
150,19,H,3,1,0.7597836092114448,0.11871413738955816
150,19,H,3,2,0.0,0.0
150,19,H,3,3,0.0,0.0
150,19,H,3,4,0.23921181559562682,0.11931916223781691
150,19,H,3,5,0.5832711271941662,0.18135880184175493
150,19,H,3,6,0.0,0.0
150,19,H,3,7,0.0,0.0
150,19,H,3,8,0.0,0.0
150,19,H,3,9,0.0,0.0
150,19,H,3,10,0.0,0.0
150,19,H,3,11,0.0,0.0
150,19,H,3,12,0.9326896786689758,1.4453344873857076e-05
150,19,H,3,13,0.0,0.0
150,19,H,3,14,0.0,0.0
150,19,H,3,15,0.24438657015562057,0.11917453637767542
150,19,H,3,16,0.06694689318537712,6.121843792072035e-05
150,19,H,3,17,0.9321690082550049,7.272428435669553e-06
150,19,H,3,18,0.41413846909999846,0.17683077992052848
150,19,H,3,19,0.7585706636309624,0.1178316630376877
150,19,H,3,20,0.0,0.0
150,19,H,3,21,0.0,0.0
150,19,H,3,22,0.0,0.0
150,19,H,3,23,0.0,0.0
150,19,H,3,24,0.0,0.0
150,19,H,3,25,0.4056970804929733,0.18220216995137414
150,19,H,3,26,0.586901818215847,0.17658791747120145
150,19,H,3,27,0.06383130699396133,4.0024417719192185e-05
150,19,H,3,28,0.0,0.0
150,19,H,3,29,0.0,0.0
150,19,H,3,30,0.0,0.0
150,19,H,3,31,0.0,0.0
150,19,H,4,0,0.7595269471406937,0.11807666800349384
150,19,H,4,1,0.5837620928883552,0.18480221579943448
150,19,H,4,2,0.0,0.0
150,19,H,4,3,0.0,0.0
150,19,H,4,4,0.0,0.0
150,19,H,4,5,0.0,0.0
150,19,H,4,6,0.41890989542007445,0.18053312240336664
150,19,H,4,7,0.7599484726786614,0.11815758313278221
150,19,H,4,8,0.0,0.0
150,19,H,4,9,0.0,0.0
150,19,H,4,10,0.0,0.0
150,19,H,4,11,0.0,0.0
150,19,H,4,12,0.0,0.0
150,19,H,4,13,0.4151353359222412,0.17630365270556675
150,19,H,4,14,0.5881594404578209,0.1797043320832404
150,19,H,4,15,0.0,0.0
150,19,H,4,16,0.4178438693284988,0.1809436200410212
150,19,H,4,17,0.9306866645812988,4.807074240034125e-06
150,19,H,4,18,0.5890093147754669,0.1792465049503133
150,19,H,4,19,0.5882608890533447,0.17767764865524302
150,19,H,4,20,0.0,0.0
150,19,H,4,21,0.0,0.0
150,19,H,4,22,0.0,0.0
150,19,H,4,23,0.0,0.0
150,19,H,4,24,0.24274978712201117,0.12366877957056639
150,19,H,4,25,0.0,0.0
150,19,H,4,26,0.4146401360630989,0.17994668456680007
150,19,H,4,27,0.7649053916335106,0.12017527895690741
150,19,H,4,28,0.0,0.0
150,19,H,4,29,0.0,0.0
150,19,H,4,30,0.0,0.0
150,19,H,4,31,0.0,0.0
150,19,H,5,0,0.5913683280348778,0.17956918713912554
150,19,H,5,1,0.7562081672251224,0.12124379946376136
150,19,H,5,2,0.0,0.0
150,19,H,5,3,0.0,0.0
150,19,H,5,4,0.0,0.0
150,19,H,5,5,0.0,0.0
150,19,H,5,6,0.7580973491072655,0.11827230282523385
150,19,H,5,7,0.41248696744441987,0.17781227867834656
150,19,H,5,8,0.0,0.0
150,19,H,5,9,0.0,0.0
150,19,H,5,10,0.0,0.0
150,19,H,5,11,0.0,0.0
150,19,H,5,12,0.0,0.0
150,19,H,5,13,0.5865633174777031,0.17709613313691613
150,19,H,5,14,0.4144268214702606,0.1808144662671647
150,19,H,5,15,0.0,0.0
150,19,H,5,16,0.4129112228751183,0.18057047473054752
150,19,H,5,17,0.5880288109183311,0.17721925497029015
150,19,H,5,18,0.5877979531884193,0.17731690820377843
150,19,H,5,19,0.59115781635046,0.17981061689086367
150,19,H,5,20,0.0,0.0
150,19,H,5,21,0.0,0.0
150,19,H,5,22,0.0,0.0
150,19,H,5,23,0.0,0.0
150,19,H,5,24,0.7618323042988777,0.1189957710573609
150,19,H,5,25,0.0,0.0
150,19,H,5,26,0.5882373288273811,0.1790611393303368
150,19,H,5,27,0.5861814394593239,0.1790870831113344
150,19,H,5,28,0.0,0.0
150,19,H,5,29,0.0,0.0
150,19,H,5,30,0.0,0.0
150,19,H,5,31,0.0,0.0
150,19,H,6,0,0.0,0.0
150,19,H,6,1,0.0,0.0
150,19,H,6,2,0.7609060540795326,0.1188909818104305
150,19,H,6,3,0.7569094151258469,0.11935705648930064
150,19,H,6,4,0.0,0.0
150,19,H,6,5,0.0,0.0
150,19,H,6,6,0.0,0.0
150,19,H,6,7,0.0,0.0
150,19,H,6,8,0.0,0.0
150,19,H,6,9,0.0,0.0
150,19,H,6,10,0.9307944536209106,4.967626960592497e-06
150,19,H,6,11,0.7578900724649429,0.11748679769333033
150,19,H,6,12,0.5861755907535553,0.17737607450353635
150,19,H,6,13,0.0,0.0
150,19,H,6,14,0.0,0.0
150,19,H,6,15,0.24138070791959762,0.12072305885434347
150,19,H,6,16,0.0,0.0
150,19,H,6,17,0.0,0.0
150,19,H,6,18,0.0,0.0
150,19,H,6,19,0.0,0.0
150,19,H,6,20,0.5865965187549591,0.1787252056900397
150,19,H,6,21,0.23828040957450866,0.1194583376820163
150,19,H,6,22,0.41917711347341535,0.18040018312781375
150,19,H,6,23,0.24192320108413695,0.11898874743391223
150,19,H,6,24,0.0,0.0
150,19,H,6,25,0.5864774987101555,0.17793926630588663
150,19,H,6,26,0.0,0.0
150,19,H,6,27,0.0,0.0
150,19,H,6,28,0.41274710446596147,0.17785758965594572
150,19,H,6,29,0.7649069428443909,0.11996442463057093
150,19,H,6,30,0.0,0.0
150,19,H,6,31,0.0,0.0
150,19,H,7,0,0.0,0.0
150,19,H,7,1,0.0,0.0
150,19,H,7,2,0.7584679827094079,0.11829703963343821
150,19,H,7,3,0.758774796128273,0.11791203456845094
150,19,H,7,4,0.0,0.0
150,19,H,7,5,0.0,0.0
150,19,H,7,6,0.0,0.0
150,19,H,7,7,0.0,0.0
150,19,H,7,8,0.0,0.0
150,19,H,7,9,0.0,0.0
150,19,H,7,10,0.4110234536230564,0.17890937597124745
150,19,H,7,11,0.41420950293540953,0.17650367914386383
150,19,H,7,12,0.5839960537850857,0.17990537598129666
150,19,H,7,13,0.0,0.0
150,19,H,7,14,0.0,0.0
150,19,H,7,15,0.7574471428990364,0.11825068853572959
150,19,H,7,16,0.0,0.0
150,19,H,7,17,0.0,0.0
150,19,H,7,18,0.0,0.0
150,19,H,7,19,0.0,0.0
150,19,H,7,20,0.587701416015625,0.17877833029634888
150,19,H,7,21,0.588630211353302,0.17740307759860258
150,19,H,7,22,0.5867986544966698,0.1768325116394891
150,19,H,7,23,0.2412071131169796,0.11864253149203977
150,19,H,7,24,0.0,0.0
150,19,H,7,25,0.4112852729856968,0.17919169314976383
150,19,H,7,26,0.0,0.0
150,19,H,7,27,0.0,0.0
150,19,H,7,28,0.5930686429142952,0.18111711145438936
150,19,H,7,29,0.5879764541983604,0.17754345727681833
150,19,H,7,30,0.0,0.0
150,19,H,7,31,0.0,0.0
150,19,H,8,0,0.0,0.0
150,19,H,8,1,0.0,0.0
150,19,H,8,2,0.413822041451931,0.17684721580728308
150,19,H,8,3,0.24777191281318664,0.12394370896199014
150,19,H,8,4,0.0,0.0
150,19,H,8,5,0.0,0.0
150,19,H,8,6,0.0,0.0
150,19,H,8,7,0.0,0.0
150,19,H,8,8,0.4128504879772663,0.18146928575641091
150,19,H,8,9,0.5867253392934799,0.17690091274683722
150,19,H,8,10,0.0,0.0
150,19,H,8,11,0.0,0.0
150,19,H,8,12,0.0,0.0
150,19,H,8,13,0.5839562743902207,0.1782097002883421
150,19,H,8,14,0.5897299364209175,0.1801750851215347
150,19,H,8,15,0.0,0.0
150,19,H,8,16,0.0,0.0
150,19,H,8,17,0.0,0.0
150,19,H,8,18,0.0,0.0
150,19,H,8,19,0.0,0.0
150,19,H,8,20,0.7605990901589393,0.11829716325046018
150,19,H,8,21,0.24297655671834945,0.11792842528974205
150,19,H,8,22,0.24137974828481673,0.12122327144529395
150,19,H,8,23,0.242232982814312,0.11798163570370038
150,19,H,8,24,0.06892239153385163,2.039683756057453e-05
150,19,H,8,25,0.0,0.0
150,19,H,8,26,0.0,0.0
150,19,H,8,27,0.0,0.0
150,19,H,8,28,0.5854938104748726,0.17811913280016042
150,19,H,8,29,0.2425471216440201,0.11924016155858108
150,19,H,8,30,0.0,0.0
150,19,H,8,31,0.0,0.0
150,19,H,9,0,0.0,0.0
150,19,H,9,1,0.0,0.0
150,19,H,9,2,0.5934365361928939,0.182940232349522
150,19,H,9,3,0.2428894519805908,0.12149032412895366
150,19,H,9,4,0.0,0.0
150,19,H,9,5,0.0,0.0
150,19,H,9,6,0.0,0.0
150,19,H,9,7,0.0,0.0
150,19,H,9,8,0.4148653194308281,0.17607475381689558
150,19,H,9,9,0.5900358080863952,0.17959656594443518
150,19,H,9,10,0.0,0.0
150,19,H,9,11,0.0,0.0
150,19,H,9,12,0.0,0.0
150,19,H,9,13,0.41441123485565184,0.17684044798328807
150,19,H,9,14,0.415476556122303,0.17986766950064553
150,19,H,9,15,0.0,0.0
150,19,H,9,16,0.0,0.0
150,19,H,9,17,0.0,0.0
150,19,H,9,18,0.0,0.0
150,19,H,9,19,0.0,0.0
150,19,H,9,20,0.5859272360801697,0.17861278532486213
150,19,H,9,21,0.24136644899845122,0.11861226153250932
150,19,H,9,22,0.4156692951917648,0.17735666577089773
150,19,H,9,23,0.4098483264446259,0.18028555549194275
150,19,H,9,24,0.41081109642982483,0.18128304375702062
150,19,H,9,25,0.0,0.0
150,19,H,9,26,0.0,0.0
150,19,H,9,27,0.0,0.0
150,19,H,9,28,0.4135145306587219,0.17721227022857064
150,19,H,9,29,0.5873117968440056,0.17720021687026594
150,19,H,9,30,0.0,0.0
150,19,H,9,31,0.0,0.0
160,20,C,0,0,0.6651633575558662,0.09587215212086296
160,20,C,0,1,0.7833637595176697,0.0022439102763215147
160,20,C,0,2,0.5797086179256439,0.16491077170128193
160,20,C,0,3,0.6967016458511353,0.0012126389967932027
160,20,C,0,4,0.7567183271050453,0.11985396500611989
160,20,C,0,5,0.08440763130784035,0.0004455945743966572
160,20,C,0,6,0.0,0.0
160,20,C,0,7,0.4191363215446472,0.18380764995252724
160,20,C,0,8,0.4089057266712189,0.18024965718840705
160,20,C,0,9,0.0,0.0
160,20,C,0,10,0.0,0.0
160,20,C,0,11,0.24104657843708993,0.11964547205608345
160,20,C,0,12,0.7189453728497028,0.11057442888582032
160,20,C,0,13,0.4134054869413376,0.17674300033427834
160,20,C,0,14,0.0,0.0
160,20,C,0,15,0.0,0.0
160,20,C,0,16,0.6303263545036316,0.021625221848899798
160,20,C,0,17,0.7410002700984478,0.1171290232065542
160,20,C,0,18,0.0,0.0
160,20,C,0,19,0.3932601362466812,0.17607656741795713
160,20,C,0,20,0.0,0.0
160,20,C,0,21,0.0,0.0
160,20,C,0,22,0.0,0.0
160,20,C,0,23,0.0,0.0
160,20,C,0,24,0.7479798793792725,0.004433495275573307
160,20,C,0,25,0.8444388628005981,0.0008787355169081933
160,20,C,0,26,0.06728426367044449,0.00011914686672527263
160,20,C,0,27,0.7240927323698998,0.11997365066544008
160,20,C,0,28,0.0,0.0
160,20,C,0,29,0.0,0.0
160,20,C,0,30,0.0,0.0
160,20,C,0,31,0.0,0.0
160,20,C,0,32,0.0,0.0
160,20,C,0,33,0.0,0.0
160,20,C,1,0,0.7203050494194031,0.0011146717439879696
160,20,C,1,1,0.09157264977693558,0.0007888421377775679
160,20,C,1,2,0.5797555670142174,0.1808295714370985
160,20,C,1,3,0.33517387360334394,0.10622161841978203
160,20,C,1,4,0.9000172257423401,0.0002925614136225363
160,20,C,1,5,0.7547395586967468,0.0023940141858398083
160,20,C,1,6,0.5940741047263145,0.18416941432378692
160,20,C,1,7,0.7352662481367588,0.11327222061427786
160,20,C,1,8,0.0,0.0
160,20,C,1,9,0.7597879290580749,0.11982692678732206
160,20,C,1,10,0.0,0.0
160,20,C,1,11,0.0,0.0
160,20,C,1,12,0.5813411563634873,0.17796596425162997
160,20,C,1,13,0.0,0.0
160,20,C,1,14,0.0,0.0
160,20,C,1,15,0.0,0.0
160,20,C,1,16,0.7514762923121452,0.11841445310678551
160,20,C,1,17,0.7391497015953064,0.005138850067343128
160,20,C,1,18,0.7451808840036392,0.12493132953679653
160,20,C,1,19,0.0,0.0
160,20,C,1,20,0.0,0.0
160,20,C,1,21,0.0,0.0
160,20,C,1,22,0.0,0.0
160,20,C,1,23,0.0,0.0
160,20,C,1,24,0.8643125653266907,0.0011077134046965397
160,20,C,1,25,0.7051234841346741,0.01494618226936808
160,20,C,1,26,0.8329039335250854,0.0010534820081778663
160,20,C,1,27,0.24388358145952224,0.11798586131796704
160,20,C,1,28,0.0,0.0
160,20,C,1,29,0.0,0.0
160,20,C,1,30,0.0,0.0
160,20,C,1,31,0.23734831884503366,0.11937301063236716
160,20,C,1,32,0.0,0.0
160,20,C,1,33,0.0,0.0
160,20,C,2,0,0.24164728671312333,0.11795165067612493
160,20,C,2,1,0.5879334822297096,0.1776781256291837
160,20,C,2,2,0.0,0.0
160,20,C,2,3,0.23543649390339852,0.12059416658181983
160,20,C,2,4,0.5972610116004944,0.022411414086053228
160,20,C,2,5,0.7698249340057373,0.1175667243525473
160,20,C,2,6,0.4001881293952465,0.1779283260666379
160,20,C,2,7,0.7008124038577079,0.09694328336109245
160,20,C,2,8,0.4107293590903282,0.1780459162276068
160,20,C,2,9,0.7267136931419372,0.11507615523771564
160,20,C,2,10,0.0,0.0
160,20,C,2,11,0.41527739763259885,0.18195558635342557
160,20,C,2,12,0.0,0.0
160,20,C,2,13,0.5924328729510308,0.18334701857804453
160,20,C,2,14,0.0,0.0
160,20,C,2,15,0.0,0.0
160,20,C,2,16,0.0,0.0
160,20,C,2,17,0.5868546962738037,0.17953441049693225
160,20,C,2,18,0.8279229164123535,0.005538586469160975
160,20,C,2,19,0.0,0.0
160,20,C,2,20,0.0,0.0
160,20,C,2,21,0.0,0.0
160,20,C,2,22,0.2415911689400673,0.11823664827334532
160,20,C,2,23,0.41168083921074866,0.18238150848378432
160,20,C,2,24,0.7607068821787835,0.11979044409416124
160,20,C,2,25,0.8999154806137085,0.0003047515317811644
160,20,C,2,26,0.6878343939781189,0.023455324158515225
160,20,C,2,27,0.0,0.0
160,20,C,2,28,0.0,0.0
160,20,C,2,29,0.0,0.0
160,20,C,2,30,0.9294460654258728,1.029133597683085e-06
160,20,C,2,31,0.4229044869542122,0.17427678628518134
160,20,C,2,32,0.0,0.0
160,20,C,2,33,0.0,0.0
160,20,C,3,0,0.7605658143758773,0.1175881493583166
160,20,C,3,1,0.0,0.0
160,20,C,3,2,0.5883299469947815,0.17826508601108787
160,20,C,3,3,0.0,0.0
160,20,C,3,4,0.7568758204579353,0.11919875712417594
160,20,C,3,5,0.4153208024799824,0.1826031334067662
160,20,C,3,6,0.6630273401737213,0.02447337072401595
160,20,C,3,7,0.59413440823555,0.17954908740703207
160,20,C,3,8,0.41585077345371246,0.179713313880336
160,20,C,3,9,0.2561291202902794,0.11765218100949264
160,20,C,3,10,0.5911100849509239,0.183678781603524
160,20,C,3,11,0.5915749490261077,0.17993511831526604
160,20,C,3,12,0.41474712193012236,0.1780309180112582
160,20,C,3,13,0.4170510023832321,0.17810223384133755
160,20,C,3,14,0.5856705009937286,0.18079004527965026
160,20,C,3,15,0.42004622966051103,0.17958254716304212
160,20,C,3,16,0.0,0.0
160,20,C,3,17,0.0,0.0
160,20,C,3,18,0.5803585290908814,0.1824154469031078
160,20,C,3,19,0.0,0.0
160,20,C,3,20,0.0,0.0
160,20,C,3,21,0.0,0.0
160,20,C,3,22,0.5876655414700508,0.17635243694771519
160,20,C,3,23,0.9392594695091248,9.349055914213978e-05
160,20,C,3,24,0.0,0.0
160,20,C,3,25,0.41207862347364427,0.1824555215431048
160,20,C,3,26,0.7389984913170338,0.1150661994019663
160,20,C,3,27,0.5906992942094803,0.17858258641312327
160,20,C,3,28,0.5912913247942925,0.18406768942706792
160,20,C,3,29,0.5871471256017685,0.17772385946433755
160,20,C,3,30,0.4036445215344429,0.18341002039304344
160,20,C,3,31,0.2663332000374794,0.1164560361674301
160,20,C,3,32,0.5833888567984105,0.18081425534878842
160,20,C,3,33,0.583798062801361,0.1815428609232447
160,20,C,4,0,0.0,0.0
160,20,C,4,1,0.5941611841320992,0.18103485422130758
160,20,C,4,2,0.41241303607821467,0.17607651224000392
160,20,C,4,3,0.9335659503936767,1.520626271087622e-06
160,20,C,4,4,0.41281258314847946,0.17811380957478012
160,20,C,4,5,0.0,0.0
160,20,C,4,6,0.2480166584253311,0.11929562799461742
160,20,C,4,7,0.07031554132699966,1.2700634301086035e-05
160,20,C,4,8,0.36878252774477005,0.06807067850823048
160,20,C,4,9,0.5919897362589837,0.17251544655388487
160,20,C,4,10,0.4039521425962448,0.1742579236081266
160,20,C,4,11,0.6177422881126404,0.04070582782231277
160,20,C,4,12,0.4224590465426445,0.17980889729035593
160,20,C,4,13,0.6415957152843476,0.022794457774362228
160,20,C,4,14,0.23820338249206544,0.11662099973952993
160,20,C,4,15,0.5918699383735657,0.1815444743388585
160,20,C,4,16,0.0,0.0
160,20,C,4,17,0.0,0.0
160,20,C,4,18,0.0,0.0
160,20,C,4,19,0.7564945474267006,0.11758980204830685
160,20,C,4,20,0.0,0.0
160,20,C,4,21,0.5833055973052979,0.17669559780116834
160,20,C,4,22,0.41678961664438247,0.17978952208568252
160,20,C,4,23,0.7587906017899513,0.11793812275700608
160,20,C,4,24,0.41807988882064817,0.17929473084059724
160,20,C,4,25,0.0,0.0
160,20,C,4,26,0.41932261288166045,0.17964048319638817
160,20,C,4,27,0.7251942969858647,0.11429031413919173
160,20,C,4,28,0.41422831565141677,0.17997601097624605
160,20,C,4,29,0.5388790138065815,0.15855678077303936
160,20,C,4,30,0.5882464587688446,0.18013792271565393
160,20,C,4,31,0.25304843336343763,0.11683579393157306
160,20,C,4,32,0.7565512850880622,0.11954749621802607
160,20,C,4,33,0.0,0.0
160,20,C,5,0,0.4093806676566601,0.17818615158199105
160,20,C,5,1,0.29466589242219926,0.09742561038313108
160,20,C,5,2,0.8155738353729248,0.004590021458106151
160,20,C,5,3,0.14400238171219826,0.0068523255947054214
160,20,C,5,4,0.0,0.0
160,20,C,5,5,0.4122286826372147,0.179239763663047
160,20,C,5,6,0.5869502857327461,0.17825626058784377
160,20,C,5,7,0.0,0.0
160,20,C,5,8,0.5709654912352562,0.17317103100143086
160,20,C,5,9,0.5919782251119614,0.1790653784589731
160,20,C,5,10,0.7575389862060546,0.11941544301212074
160,20,C,5,11,0.41321252286434174,0.17349480673144352
160,20,C,5,12,0.34012828171253207,0.006723004238888883
160,20,C,5,13,0.926420021057129,1.7370092940041105e-05
160,20,C,5,14,0.7649958148598671,0.11966407673839205
160,20,C,5,15,0.0,0.0
160,20,C,5,16,0.578828613460064,0.17919877477552348
160,20,C,5,17,0.0,0.0
160,20,C,5,18,0.0,0.0
160,20,C,5,19,0.7090777575969696,0.02315804704095243
160,20,C,5,20,0.0,0.0
160,20,C,5,21,0.0,0.0
160,20,C,5,22,0.0,0.0
160,20,C,5,23,0.0,0.0
160,20,C,5,24,0.86441890001297,0.0015623157348423431
160,20,C,5,25,0.24429292380809783,0.1192015412576014
160,20,C,5,26,0.0,0.0
160,20,C,5,27,0.6934329628944397,0.01011631079718512
160,20,C,5,28,0.0,0.0
160,20,C,5,29,0.4098404586315155,0.18320549548618298
160,20,C,5,30,0.0,0.0
160,20,C,5,31,0.5902496010065079,0.1793324229466623
160,20,C,5,32,0.0,0.0
160,20,C,5,33,0.0,0.0
160,20,C,6,0,0.0,0.0
160,20,C,6,1,0.0,0.0
160,20,C,6,2,0.0,0.0
160,20,C,6,3,0.0,0.0
160,20,C,6,4,0.0,0.0
160,20,C,6,5,0.0,0.0
160,20,C,6,6,0.7595590770244598,0.12033137631787186
160,20,C,6,7,0.0,0.0
160,20,C,6,8,0.4107099398970604,0.1812552820254683
160,20,C,6,9,0.7497990146279335,0.11776054563756555
160,20,C,6,10,0.846708881855011,0.01026586806955038
160,20,C,6,11,0.2472730204463005,0.11734907741309375
160,20,C,6,12,0.0,0.0
160,20,C,6,13,0.7567331954836846,0.12024224868260625
160,20,C,6,14,0.5834221087396145,0.181780762762549
160,20,C,6,15,0.7847109913825989,0.004463690540720791
160,20,C,6,16,0.0,0.0
160,20,C,6,17,0.0,0.0
160,20,C,6,18,0.0,0.0
160,20,C,6,19,0.0,0.0
160,20,C,6,20,0.8015947818756104,0.0027835414089230426
160,20,C,6,21,0.7529587902128696,0.11984578308934432
160,20,C,6,22,0.4274141535162926,0.17620472540405197
160,20,C,6,23,0.08590200394392014,6.949545745645658e-05
160,20,C,6,24,0.0,0.0
160,20,C,6,25,0.0,0.0
160,20,C,6,26,0.0,0.0
160,20,C,6,27,0.0,0.0
160,20,C,6,28,0.7977471351623535,0.004468629814031999
160,20,C,6,29,0.8594323039054871,0.00046363379299748427
160,20,C,6,30,0.7493028305470943,0.12126514528945784
160,20,C,6,31,0.5773814156651497,0.18471877583321117
160,20,C,6,32,0.2277281254529953,0.0036409084122860946
160,20,C,6,33,0.07044019699096679,4.374776879831899e-06
160,20,C,7,0,0.0,0.0
160,20,C,7,1,0.0,0.0
160,20,C,7,2,0.23528052270412445,0.11738465357040624
160,20,C,7,3,0.0,0.0
160,20,C,7,4,0.0,0.0
160,20,C,7,5,0.0,0.0
160,20,C,7,6,0.41044013351202013,0.18149235578364756
160,20,C,7,7,0.0,0.0
160,20,C,7,8,0.7260455422103405,0.11246564939968381
160,20,C,7,9,0.4083343245089054,0.17880607500362883
160,20,C,7,10,0.7303199738264083,0.06056092369374934
160,20,C,7,11,0.3853574052453041,0.14106585599587637
160,20,C,7,12,0.5829942226409912,0.1778993168445524
160,20,C,7,13,0.5714208297431469,0.17664449645366848
160,20,C,7,14,0.718230128288269,0.005408548012357528
160,20,C,7,15,0.7246985085308552,0.11646704901817888
160,20,C,7,16,0.0,0.0
160,20,C,7,17,0.0,0.0
160,20,C,7,18,0.0,0.0
160,20,C,7,19,0.0,0.0
160,20,C,7,20,0.7485548011958599,0.11799025775861649
160,20,C,7,21,0.8271651268005371,0.004045797917756033
160,20,C,7,22,0.41424882411956787,0.18388653815207334
160,20,C,7,23,0.2463162675499916,0.12169552047301557
160,20,C,7,24,0.0,0.0
160,20,C,7,25,0.0,0.0
160,20,C,7,26,0.0,0.0
160,20,C,7,27,0.23950985968112945,0.12039137150013653
160,20,C,7,28,0.8577389001846314,0.002230798613013576
160,20,C,7,29,0.7108393549919129,0.005169531182296226
160,20,C,7,30,0.5839352451264859,0.17851136804034856
160,20,C,7,31,0.5824555061757565,0.1803389794116954
160,20,C,7,32,0.6118570879101753,0.17147963140060307
160,20,C,7,33,0.0,0.0
160,20,H,1,0,0.7563402183353901,0.12179135994370605
160,20,H,1,1,0.4175503745675087,0.17935610329536944
160,20,H,1,2,0.0,0.0
160,20,H,1,3,0.4162058874964714,0.17795158720138055
160,20,H,1,4,0.5900407075881958,0.18202069114812075
160,20,H,1,5,0.24349189698696136,0.11831647665939779
160,20,H,1,6,0.0,0.0
160,20,H,1,7,0.41425151079893113,0.17718265274048267
160,20,H,1,8,0.0,0.0
160,20,H,1,9,0.0,0.0
160,20,H,1,10,0.0,0.0
160,20,H,1,11,0.0,0.0
160,20,H,1,12,0.0,0.0
160,20,H,1,13,0.0,0.0
160,20,H,1,14,0.0,0.0
160,20,H,1,15,0.0,0.0
160,20,H,1,16,0.0,0.0
160,20,H,1,17,0.7589139178395271,0.11901336013183246
160,20,H,1,18,0.0,0.0
160,20,H,1,19,0.0,0.0
160,20,H,1,20,0.0,0.0
160,20,H,1,21,0.0,0.0
160,20,H,1,22,0.0,0.0
160,20,H,1,23,0.0,0.0
160,20,H,1,24,0.41396056264638903,0.1792187620612238
160,20,H,1,25,0.41558746099472044,0.17938293846679393
160,20,H,1,26,0.5872129395604133,0.17785527365163417
160,20,H,1,27,0.0,0.0
160,20,H,1,28,0.0,0.0
160,20,H,1,29,0.0,0.0
160,20,H,1,30,0.0,0.0
160,20,H,1,31,0.0,0.0
160,20,H,1,32,0.0,0.0
160,20,H,1,33,0.0,0.0
160,20,H,2,0,0.5848965480923652,0.1807812338258987
160,20,H,2,1,0.0,0.0
160,20,H,2,2,0.0,0.0
160,20,H,2,3,0.0,0.0
160,20,H,2,4,0.584868648648262,0.17896263654988048
160,20,H,2,5,0.41450710147619246,0.17848745106160088
160,20,H,2,6,0.4147716984152794,0.17751773813083732
160,20,H,2,7,0.41596205085515975,0.1809850976749338
160,20,H,2,8,0.0,0.0
160,20,H,2,9,0.4157106354832649,0.1782630919404417
160,20,H,2,10,0.0,0.0
160,20,H,2,11,0.0,0.0
160,20,H,2,12,0.0,0.0
160,20,H,2,13,0.0,0.0
160,20,H,2,14,0.0,0.0
160,20,H,2,15,0.0,0.0
160,20,H,2,16,0.0,0.0
160,20,H,2,17,0.0,0.0
160,20,H,2,18,0.07058084309101105,3.1448513415321956e-06
160,20,H,2,19,0.0,0.0
160,20,H,2,20,0.0,0.0
160,20,H,2,21,0.0,0.0
160,20,H,2,22,0.0,0.0
160,20,H,2,23,0.0,0.0
160,20,H,2,24,0.0,0.0
160,20,H,2,25,0.41496450901031495,0.17774752642021707
160,20,H,2,26,0.5873866617679596,0.17952797908986412
160,20,H,2,27,0.0,0.0
160,20,H,2,28,0.0,0.0
160,20,H,2,29,0.0,0.0
160,20,H,2,30,0.0,0.0
160,20,H,2,31,0.7575858995318413,0.1190544991401126
160,20,H,2,32,0.0,0.0
160,20,H,2,33,0.0,0.0
160,20,H,3,0,0.0,0.0
160,20,H,3,1,0.417040678858757,0.1771371418909715
160,20,H,3,2,0.5902986660599708,0.1785202557239804
160,20,H,3,3,0.4159239873290062,0.17870603013371966
160,20,H,3,4,0.0,0.0
160,20,H,3,5,0.0,0.0
160,20,H,3,6,0.0,0.0
160,20,H,3,7,0.0,0.0
160,20,H,3,8,0.5891417406499386,0.18466434028346512
160,20,H,3,9,0.0,0.0
160,20,H,3,10,0.0,0.0
160,20,H,3,11,0.9354041576385498,3.852616660196872e-05
160,20,H,3,12,0.5919767379760742,0.17898559348884943
160,20,H,3,13,0.4138534814119339,0.17872203995685113
160,20,H,3,14,0.0,0.0
160,20,H,3,15,0.0,0.0
160,20,H,3,16,0.0,0.0
160,20,H,3,17,0.0,0.0
160,20,H,3,18,0.0,0.0
160,20,H,3,19,0.23397863656282425,0.12253181571184768
160,20,H,3,20,0.0,0.0
160,20,H,3,21,0.0,0.0
160,20,H,3,22,0.0,0.0
160,20,H,3,23,0.0,0.0
160,20,H,3,24,0.5894898355007172,0.18143742567401777
160,20,H,3,25,0.0,0.0
160,20,H,3,26,0.0,0.0
160,20,H,3,27,0.24014062955975532,0.11849880595110143
160,20,H,3,28,0.0,0.0
160,20,H,3,29,0.0,0.0
160,20,H,3,30,0.0,0.0
160,20,H,3,31,0.0,0.0
160,20,H,3,32,0.0,0.0
160,20,H,3,33,0.0,0.0
160,20,H,4,0,0.7618172526359558,0.118989230657416
160,20,H,4,1,0.41915601342916486,0.17967606778580367
160,20,H,4,2,0.41224159970879554,0.17980107377321133
160,20,H,4,3,0.5878784924745559,0.1773884280323188
160,20,H,4,4,0.0,0.0
160,20,H,4,5,0.7653161302208901,0.12330678158992206
160,20,H,4,6,0.0,0.0
160,20,H,4,7,0.0,0.0
160,20,H,4,8,0.0,0.0
160,20,H,4,9,0.0,0.0
160,20,H,4,10,0.0,0.0
160,20,H,4,11,0.0,0.0
160,20,H,4,12,0.2436886578798294,0.11955425864284575
160,20,H,4,13,0.0,0.0
160,20,H,4,14,0.0,0.0
160,20,H,4,15,0.0,0.0
160,20,H,4,16,0.410186268389225,0.1785839135217145
160,20,H,4,17,0.0,0.0
160,20,H,4,18,0.0,0.0
160,20,H,4,19,0.0,0.0
160,20,H,4,20,0.0,0.0
160,20,H,4,21,0.0,0.0
160,20,H,4,22,0.0,0.0
160,20,H,4,23,0.0,0.0
160,20,H,4,24,0.23401264622807502,0.12102308575024046
160,20,H,4,25,0.4173222467303276,0.1862302383566034
160,20,H,4,26,0.0,0.0
160,20,H,4,27,0.4176098681986332,0.1859736328986646
160,20,H,4,28,0.0,0.0
160,20,H,4,29,0.0,0.0
160,20,H,4,30,0.0,0.0
160,20,H,4,31,0.0,0.0
160,20,H,4,32,0.0,0.0
160,20,H,4,33,0.0,0.0
160,20,H,5,0,0.0,0.0
160,20,H,5,1,0.0,0.0
160,20,H,5,2,0.0,0.0
160,20,H,5,3,0.0,0.0
160,20,H,5,4,0.0,0.0
160,20,H,5,5,0.0,0.0
160,20,H,5,6,0.0,0.0
160,20,H,5,7,0.0,0.0
160,20,H,5,8,0.0,0.0
160,20,H,5,9,0.0,0.0
160,20,H,5,10,0.5871149808168411,0.17659458653058355
160,20,H,5,11,0.0,0.0
160,20,H,5,12,0.0,0.0
160,20,H,5,13,0.0,0.0
160,20,H,5,14,0.41890067234635353,0.18800531933830483
160,20,H,5,15,0.41508435904979707,0.17610823178612373
160,20,H,5,16,0.0,0.0
160,20,H,5,17,0.0,0.0
160,20,H,5,18,0.0,0.0
160,20,H,5,19,0.0,0.0
160,20,H,5,20,0.5868192136287689,0.1797890062654165
160,20,H,5,21,0.0,0.0
160,20,H,5,22,0.5840974360704422,0.17909859655162577
160,20,H,5,23,0.2412558153271675,0.11884519949041501
160,20,H,5,24,0.0,0.0
160,20,H,5,25,0.0,0.0
160,20,H,5,26,0.0,0.0
160,20,H,5,27,0.0,0.0
160,20,H,5,28,0.4145618736743927,0.17798676852889153
160,20,H,5,29,0.4144116178154945,0.17671685010387567
160,20,H,5,30,0.41150087118148804,0.17816606727188108
160,20,H,5,31,0.0,0.0
160,20,H,5,32,0.4094169706106186,0.180418173246002
160,20,H,5,33,0.0,0.0
160,20,H,6,0,0.0,0.0
160,20,H,6,1,0.0,0.0
160,20,H,6,2,0.0,0.0
160,20,H,6,3,0.0,0.0
160,20,H,6,4,0.0,0.0
160,20,H,6,5,0.0,0.0
160,20,H,6,6,0.0,0.0
160,20,H,6,7,0.0,0.0
160,20,H,6,8,0.7593700215220451,0.11943361762576891
160,20,H,6,9,0.0,0.0
160,20,H,6,10,0.07279127091169357,2.2434672379834099e-07
160,20,H,6,11,0.5859180301427841,0.17800904131199
160,20,H,6,12,0.0,0.0
160,20,H,6,13,0.7602005928754807,0.11845422479054693
160,20,H,6,14,0.23423758074641227,0.12195541675992136
160,20,H,6,15,0.24369681030511856,0.11899700385497143
160,20,H,6,16,0.0,0.0
160,20,H,6,17,0.0,0.0
160,20,H,6,18,0.0,0.0
160,20,H,6,19,0.0,0.0
160,20,H,6,20,0.0,0.0
160,20,H,6,21,0.5888968423008919,0.1786358122752091
160,20,H,6,22,0.0,0.0
160,20,H,6,23,0.0,0.0
160,20,H,6,24,0.0,0.0
160,20,H,6,25,0.0,0.0
160,20,H,6,26,0.0,0.0
160,20,H,6,27,0.0,0.0
160,20,H,6,28,0.9375658631324768,6.525078287040742e-05
160,20,H,6,29,0.40985774248838425,0.18408512780550698
160,20,H,6,30,0.0,0.0
160,20,H,6,31,0.0,0.0
160,20,H,6,32,0.4171829208731651,0.18148159817454917
160,20,H,6,33,0.0,0.0
170,21,C,0,0,0.41684057787060735,0.17892349453608625
170,21,C,0,1,0.13051978647708892,0.00014059871982180283
170,21,C,0,2,0.23721616715192795,0.1217210854137486
170,21,C,0,3,0.0,0.0
170,21,C,0,4,0.0,0.0
170,21,C,0,5,0.24200595468282698,0.11795538399554324
170,21,C,0,6,0.5712116472423077,0.15906343729315525
170,21,C,0,7,0.898854386806488,0.00010859261191228597
170,21,C,0,8,0.4144183501601219,0.17811684578968495
170,21,C,0,9,0.4138880014419556,0.1774005680130723
170,21,C,0,10,0.0,0.0
170,21,C,0,11,0.0,0.0
170,21,C,0,12,0.0,0.0
170,21,C,0,13,0.0,0.0
170,21,C,0,14,0.0,0.0
170,21,C,0,15,0.0,0.0
170,21,C,0,16,0.0,0.0
170,21,C,0,17,0.0,0.0
170,21,C,0,18,0.23781442940235137,0.11862485931512379
170,21,C,0,19,0.4111303061246872,0.1764475309009927
170,21,C,0,20,0.2388600267469883,0.11796646241947342
170,21,C,0,21,0.4149092763662338,0.17925952475471893
170,21,C,0,22,0.7574503377079964,0.12049770501180948
170,21,C,0,23,0.75717913210392,0.11893552697223624
170,21,C,0,24,0.733305936306715,0.11305409543127116
170,21,C,0,25,0.5663464106619358,0.17355828407745486
170,21,C,0,26,0.42741614729166033,0.17945195078029882
170,21,C,0,27,0.7669129222631454,0.1179064956562419
170,21,C,0,28,0.0,0.0
170,21,C,0,29,0.0,0.0
170,21,C,0,30,0.7614914938807488,0.11879080235712965
170,21,C,0,31,0.42264949828386306,0.18270394768908066
170,21,C,0,32,0.41610907912254336,0.1763790765313522
170,21,C,0,33,0.7608621969819069,0.11794402300005488
170,21,C,0,34,0.0,0.0
170,21,C,0,35,0.0,0.0
170,21,C,0,36,0.23899276331067085,0.12037241005393469
170,21,C,0,37,0.07019747346639633,1.2008091673845201e-05
170,21,C,0,38,0.07040627598762512,1.1494045384177197e-05
170,21,C,0,39,0.5843939825892448,0.17624204455278894
170,21,C,0,40,0.0,0.0
170,21,C,0,41,0.0,0.0
170,21,C,1,0,0.11010662019252777,0.0010042687899834445
170,21,C,1,1,0.07494307458400726,1.0363495744534213e-05
170,21,C,1,2,0.0,0.0
170,21,C,1,3,0.416130056977272,0.17821550906273517
170,21,C,1,4,0.24203737527132035,0.11801115531692852
170,21,C,1,5,0.0,0.0
170,21,C,1,6,0.5856386914849281,0.17715184820377416
170,21,C,1,7,0.4154091402888298,0.1801043566824419
170,21,C,1,8,0.8898822426795959,0.00019647312475768786
170,21,C,1,9,0.7336077444255352,0.11492816152088052
170,21,C,1,10,0.0,0.0
170,21,C,1,11,0.0,0.0
170,21,C,1,12,0.0,0.0
170,21,C,1,13,0.0,0.0
170,21,C,1,14,0.0,0.0
170,21,C,1,15,0.0,0.0
170,21,C,1,16,0.0,0.0
170,21,C,1,17,0.0,0.0
170,21,C,1,18,0.41331290155649186,0.17747625384499505
170,21,C,1,19,0.4132587492465973,0.17754790106022647
170,21,C,1,20,0.41123833432793616,0.17905290479022679
170,21,C,1,21,0.5855102717876435,0.17981560545850545
170,21,C,1,22,0.5796644374728203,0.18365689941480903
170,21,C,1,23,0.5900569722056389,0.1808118153778078
170,21,C,1,24,0.24596846848726273,0.11799619563841468
170,21,C,1,25,0.24712034463882446,0.11897336403533346
170,21,C,1,26,0.9068481802940369,0.00026844713292661026
170,21,C,1,27,0.5686647288501263,0.17003789746548525
170,21,C,1,28,0.41618897914886477,0.17798385378999426
170,21,C,1,29,0.07255404591560363,1.6436560331323238e-06
170,21,C,1,30,0.0,0.0
170,21,C,1,31,0.0,0.0
170,21,C,1,32,0.0,0.0
170,21,C,1,33,0.0,0.0
170,21,C,1,34,0.2409424014389515,0.11931045493068979
170,21,C,1,35,0.24347819834947587,0.11787634378435889
170,21,C,1,36,0.0,0.0
170,21,C,1,37,0.0,0.0
170,21,C,1,38,0.4132577568292618,0.1768161191623472
170,21,C,1,39,0.5880952417850495,0.1782229485161261
170,21,C,1,40,0.24256401360034943,0.11786385536619082
170,21,C,1,41,0.7624470174312592,0.11871304757695696
170,21,C,2,0,0.408182667195797,0.18157820567946542
170,21,C,2,1,0.0,0.0
170,21,C,2,2,0.2478281930088997,0.11852352946436902
170,21,C,2,3,0.2717574343085289,0.10676082131259097
170,21,C,2,4,0.24412751495838164,0.11757207255599741
170,21,C,2,5,0.0,0.0
170,21,C,2,6,0.0,0.0
170,21,C,2,7,0.0,0.0
170,21,C,2,8,0.0,0.0
170,21,C,2,9,0.0,0.0
170,21,C,2,10,0.9037219405174255,0.00021605303979498557
170,21,C,2,11,0.9045951962471008,7.97745143088946e-05
170,21,C,2,12,0.4129979521036148,0.17898657819262365
170,21,C,2,13,0.5853276684880256,0.17692593497848585
170,21,C,2,14,0.0,0.0
170,21,C,2,15,0.0,0.0
170,21,C,2,16,0.0,0.0
170,21,C,2,17,0.0,0.0
170,21,C,2,18,0.5892448842525482,0.17823706445439008
170,21,C,2,19,0.7594755485653877,0.11795484488132617
170,21,C,2,20,0.5850784823298454,0.1774900034602353
170,21,C,2,21,0.9301857471466064,1.5925135166696694e-05
170,21,C,2,22,0.7523049965500832,0.12630474516633622
170,21,C,2,23,0.5866229265928269,0.17749913115091334
170,21,C,2,24,0.0,0.0
170,21,C,2,25,0.0,0.0
170,21,C,2,26,0.589037173986435,0.1798062322989716
170,21,C,2,27,0.41374903321266177,0.178212267901399
170,21,C,2,28,0.7384040057659149,0.11884633278938139
170,21,C,2,29,0.5763172030448913,0.16917135366504027
170,21,C,2,30,0.24892759770154954,0.1167437327817997
170,21,C,2,31,0.24643714874982833,0.11968226494081065
170,21,C,2,32,0.0,0.0
170,21,C,2,33,0.0,0.0
170,21,C,2,34,0.24423888623714446,0.11765280978070929
170,21,C,2,35,0.24709936380386352,0.12147027026330486
170,21,C,2,36,0.4156573563814163,0.17996440413217604
170,21,C,2,37,0.0,0.0
170,21,C,2,38,0.0,0.0
170,21,C,2,39,0.41644264608621595,0.17968154683591359
170,21,C,2,40,0.5855143398046494,0.17965515623089967
170,21,C,2,41,0.41522073596715925,0.1773007320702391
170,21,C,3,0,0.0,0.0
170,21,C,3,1,0.4108892984688282,0.18086446515558963
170,21,C,3,2,0.12613717764616011,0.001230931510462665
170,21,C,3,3,0.4184648677706718,0.17776542788588068
170,21,C,3,4,0.0,0.0
170,21,C,3,5,0.4156865864992142,0.176599865093643
170,21,C,3,6,0.0,0.0
170,21,C,3,7,0.0,0.0
170,21,C,3,8,0.0,0.0
170,21,C,3,9,0.0,0.0
170,21,C,3,10,0.9295451045036316,1.0607194340650494e-06
170,21,C,3,11,0.41287296563386916,0.17929941982252023
170,21,C,3,12,0.9013782978057862,0.00025620697602960266
170,21,C,3,13,0.7370137982070446,0.11687242654094096
170,21,C,3,14,0.0,0.0
170,21,C,3,15,0.0,0.0
170,21,C,3,16,0.0,0.0
170,21,C,3,17,0.0,0.0
170,21,C,3,18,0.4128458693623543,0.17808373444464637
170,21,C,3,19,0.5821907445788383,0.17830482907901707
170,21,C,3,20,0.7566161617636681,0.11898217004543066
170,21,C,3,21,0.7591204762458801,0.11799951140737534
170,21,C,3,22,0.41575763523578646,0.17679596994665958
170,21,C,3,23,0.41445696353912354,0.17775920222892366
170,21,C,3,24,0.5901067093014717,0.17798102422598883
170,21,C,3,25,0.5864471733570099,0.17778298253837446
170,21,C,3,26,0.0,0.0
170,21,C,3,27,0.0,0.0
170,21,C,3,28,0.24689172953367233,0.11817242978663267
170,21,C,3,29,0.4120390936732292,0.18201921427623252
170,21,C,3,30,0.7495054885745048,0.1194894308215714
170,21,C,3,31,0.7448695719242096,0.11023814554661782
170,21,C,3,32,0.5907898053526879,0.17826970452798574
170,21,C,3,33,0.5877158716320992,0.17676454331575378
170,21,C,3,34,0.0,0.0
170,21,C,3,35,0.0,0.0
170,21,C,3,36,0.9284143805503845,2.9077047983037116e-05
170,21,C,3,37,0.07095292955636978,5.2110608396160885e-06
170,21,C,3,38,0.7590485379099846,0.11771796989164687
170,21,C,3,39,0.0,0.0
170,21,C,3,40,0.40941996201872827,0.17876803187933157
170,21,C,3,41,0.0,0.0
170,21,C,4,0,0.0,0.0
170,21,C,4,1,0.24246364384889602,0.11788321105805537
170,21,C,4,2,0.7547237157821656,0.12177361778379973
170,21,C,4,3,0.0,0.0
170,21,C,4,4,0.24766780883073808,0.12014906190109857
170,21,C,4,5,0.28427140712738036,0.09674378722395406
170,21,C,4,6,0.0,0.0
170,21,C,4,7,0.0,0.0
170,21,C,4,8,0.0,0.0
170,21,C,4,9,0.0,0.0
170,21,C,4,10,0.0,0.0
170,21,C,4,11,0.0,0.0
170,21,C,4,12,0.0,0.0
170,21,C,4,13,0.0,0.0
170,21,C,4,14,0.8700045466423034,0.0018767612405986255
170,21,C,4,15,0.7298326313495636,0.11442302507213982
170,21,C,4,16,0.583977735042572,0.17831972445637465
170,21,C,4,17,0.9351624369621276,6.461517823964868e-05
170,21,C,4,18,0.40900096148252485,0.1799221040178322
170,21,C,4,19,0.5845167294144631,0.17635616265453585
170,21,C,4,20,0.7587216958403588,0.11779064160981215
170,21,C,4,21,0.2399303212761879,0.12060687259005518
170,21,C,4,22,0.24317535907030105,0.11774999793679311
170,21,C,4,23,0.4137521356344223,0.17714710006301618
170,21,C,4,24,0.243744358420372,0.11776217125803927
170,21,C,4,25,0.4162801206111908,0.18228604829852887
170,21,C,4,26,0.0,0.0
170,21,C,4,27,0.0,0.0
170,21,C,4,28,0.0,0.0
170,21,C,4,29,0.0,0.0
170,21,C,4,30,0.5872097790241242,0.17696137911402404
170,21,C,4,31,0.4095977954566479,0.18216274008223712
170,21,C,4,32,0.9193791747093201,0.00021592905765999149
170,21,C,4,33,0.7466414988040924,0.11348715169985353
170,21,C,4,34,0.248479662835598,0.11840890306332659
170,21,C,4,35,0.767135763168335,0.11787405716238708
170,21,C,4,36,0.2445624440908432,0.11998775361735385
170,21,C,4,37,0.23720077201724052,0.12337437216325853
170,21,C,4,38,0.24101712480187415,0.11895138620882768
170,21,C,4,39,0.0,0.0
170,21,C,4,40,0.0,0.0
170,21,C,4,41,0.7567810535430908,0.11893848117158738
170,21,C,5,0,0.5861195251345634,0.1768823248377956
170,21,C,5,1,0.0,0.0
170,21,C,5,2,0.0,0.0
170,21,C,5,3,0.24347633719444275,0.12061531890251895
170,21,C,5,4,0.145716156065464,0.0038927862624512774
170,21,C,5,5,0.42163257896900175,0.17903531398378805
170,21,C,5,6,0.0,0.0
170,21,C,5,7,0.0,0.0
170,21,C,5,8,0.0,0.0
170,21,C,5,9,0.0,0.0
170,21,C,5,10,0.0,0.0
170,21,C,5,11,0.0,0.0
170,21,C,5,12,0.0,0.0
170,21,C,5,13,0.0,0.0
170,21,C,5,14,0.4104537539184093,0.18055897885961783
170,21,C,5,15,0.585116046667099,0.17701945966023352
170,21,C,5,16,0.8884561896324158,0.000378307460884173
170,21,C,5,17,0.8980453372001648,0.00027815609573963226
170,21,C,5,18,0.06835757791996003,5.011791421680734e-06
170,21,C,5,19,0.4135914519429207,0.17752702666192538
170,21,C,5,20,0.4128031685948372,0.1775674641083923
170,21,C,5,21,0.7526186905801296,0.12082851786954338
170,21,C,5,22,0.756094790995121,0.11771717732353318
170,21,C,5,23,0.7551672741770744,0.11839145636764048
170,21,C,5,24,0.0,0.0
170,21,C,5,25,0.0,0.0
170,21,C,5,26,0.4204309284687042,0.18200209532483572
170,21,C,5,27,0.9338177800178528,1.3516565275892845e-05
170,21,C,5,28,0.5849362641572953,0.17903181590363282
170,21,C,5,29,0.4130912899971008,0.17869730068464262
170,21,C,5,30,0.0,0.0
170,21,C,5,31,0.0,0.0
170,21,C,5,32,0.25194715410470964,0.11738098524024224
170,21,C,5,33,0.4198184281587601,0.1788537398793752
170,21,C,5,34,0.7467300795018673,0.11960733258597431
170,21,C,5,35,0.880384886264801,0.004018685907002747
170,21,C,5,36,0.0,0.0
170,21,C,5,37,0.751964046061039,0.12605777839720728
170,21,C,5,38,0.0,0.0
170,21,C,5,39,0.5856255486607551,0.18034475323631655
170,21,C,5,40,0.2419421851634979,0.11824130099687973
170,21,C,5,41,0.7607050530612469,0.12410116142409136
170,21,H,0,0,0.41592099964618684,0.17799189345258806
170,21,H,0,1,0.2431629106402397,0.11941788141548826
170,21,H,0,2,0.0,0.0
170,21,H,0,3,0.0,0.0
170,21,H,0,4,0.0,0.0
170,21,H,0,5,0.0,0.0
170,21,H,0,6,0.41778535693883895,0.18254892249841276
170,21,H,0,7,0.5901119381189346,0.17905759026629847
170,21,H,0,8,0.0,0.0
170,21,H,0,9,0.0,0.0
170,21,H,0,10,0.0,0.0
170,21,H,0,11,0.0,0.0
170,21,H,0,12,0.0,0.0
170,21,H,0,13,0.0,0.0
170,21,H,0,14,0.0,0.0
170,21,H,0,15,0.0,0.0
170,21,H,0,16,0.0,0.0
170,21,H,0,17,0.0,0.0
170,21,H,0,18,0.9303448557853699,1.6796955529230217e-06
170,21,H,0,19,0.06960845664143563,1.54663125837029e-05
170,21,H,0,20,0.24274327009916305,0.11799757261343613
170,21,H,0,21,0.0,0.0
170,21,H,0,22,0.0,0.0
170,21,H,0,23,0.0,0.0
170,21,H,0,24,0.24169001504778861,0.12326164257408226
170,21,H,0,25,0.7583047449588776,0.11770751413323097
170,21,H,0,26,0.761016522347927,0.11862018958302042
170,21,H,0,27,0.5833542414009572,0.18005483795983065
170,21,H,0,28,0.0,0.0
170,21,H,0,29,0.0,0.0
170,21,H,0,30,0.0,0.0
170,21,H,0,31,0.0,0.0
170,21,H,0,32,0.0,0.0
170,21,H,0,33,0.0,0.0
170,21,H,0,34,0.0,0.0
170,21,H,0,35,0.0,0.0
170,21,H,0,36,0.0,0.0
170,21,H,0,37,0.0,0.0
170,21,H,0,38,0.41396160125732423,0.1765474344812533
170,21,H,0,39,0.41615658104419706,0.18048593116970033
170,21,H,0,40,0.0,0.0
170,21,H,0,41,0.0,0.0
170,21,H,1,0,0.588918787240982,0.1792697989975365
170,21,H,1,1,0.4176159635186195,0.1803611601484886
170,21,H,1,2,0.0,0.0
170,21,H,1,3,0.0,0.0
170,21,H,1,4,0.0,0.0
170,21,H,1,5,0.0,0.0
170,21,H,1,6,0.7557858556509018,0.12056229984279095
170,21,H,1,7,0.7572537034749984,0.11846420215781175
170,21,H,1,8,0.0,0.0
170,21,H,1,9,0.0,0.0
170,21,H,1,10,0.0,0.0
170,21,H,1,11,0.0,0.0
170,21,H,1,12,0.0,0.0
170,21,H,1,13,0.0,0.0
170,21,H,1,14,0.0,0.0
170,21,H,1,15,0.0,0.0
170,21,H,1,16,0.0,0.0
170,21,H,1,17,0.0,0.0
170,21,H,1,18,0.5864048406481743,0.17615374308370518
170,21,H,1,19,0.2432118237018585,0.11764528938273866
170,21,H,1,20,0.7593819200992584,0.11909553660016954
170,21,H,1,21,0.0,0.0
170,21,H,1,22,0.0,0.0
170,21,H,1,23,0.0,0.0
170,21,H,1,24,0.41589961722493174,0.18473607505033846
170,21,H,1,25,0.5889698535203933,0.1786687999886937
170,21,H,1,26,0.5868255257606506,0.17654350144652028
170,21,H,1,27,0.5880452483892441,0.17722227925415912
170,21,H,1,28,0.0,0.0
170,21,H,1,29,0.0,0.0
170,21,H,1,30,0.0,0.0
170,21,H,1,31,0.0,0.0
170,21,H,1,32,0.0,0.0
170,21,H,1,33,0.0,0.0
170,21,H,1,34,0.0,0.0
170,21,H,1,35,0.0,0.0
170,21,H,1,36,0.0,0.0
170,21,H,1,37,0.0,0.0
170,21,H,1,38,0.5873475283384323,0.17744101176481997
170,21,H,1,39,0.9334081053733826,8.040392247607998e-06
170,21,H,1,40,0.0,0.0
170,21,H,1,41,0.0,0.0
170,21,H,2,0,0.24173475056886673,0.11802012091692964
170,21,H,2,1,0.41316403448581696,0.17753914802427168
170,21,H,2,2,0.0,0.0
170,21,H,2,3,0.0,0.0
170,21,H,2,4,0.0,0.0
170,21,H,2,5,0.0,0.0
170,21,H,2,6,0.0,0.0
170,21,H,2,7,0.0,0.0
170,21,H,2,8,0.06789880618453026,5.539975858062096e-05
170,21,H,2,9,0.764696492254734,0.12025768100377565
170,21,H,2,10,0.0,0.0
170,21,H,2,11,0.0,0.0
170,21,H,2,12,0.0,0.0
170,21,H,2,13,0.0,0.0
170,21,H,2,14,0.0,0.0
170,21,H,2,15,0.0,0.0
170,21,H,2,16,0.0,0.0
170,21,H,2,17,0.0,0.0
170,21,H,2,18,0.0,0.0
170,21,H,2,19,0.0,0.0
170,21,H,2,20,0.0,0.0
170,21,H,2,21,0.5848430931568146,0.17863510310535408
170,21,H,2,22,0.4147184491157532,0.179376493889389
170,21,H,2,23,0.9304102540016175,6.110561833452265e-06
170,21,H,2,24,0.5816469684243202,0.1820940917260308
170,21,H,2,25,0.5882256224751472,0.1771028029704536
170,21,H,2,26,0.7597675949335099,0.11923016882665502
170,21,H,2,27,0.588131046295166,0.17809595146441862
170,21,H,2,28,0.0,0.0
170,21,H,2,29,0.0,0.0
170,21,H,2,30,0.0,0.0
170,21,H,2,31,0.0,0.0
170,21,H,2,32,0.0,0.0
170,21,H,2,33,0.0,0.0
170,21,H,2,34,0.0,0.0
170,21,H,2,35,0.0,0.0
170,21,H,2,36,0.0,0.0
170,21,H,2,37,0.0,0.0
170,21,H,2,38,0.758187934756279,0.1178352209393152
170,21,H,2,39,0.24337890669703482,0.12089231435139322
170,21,H,2,40,0.0,0.0
170,21,H,2,41,0.0,0.0
170,21,H,3,0,0.5872032314538955,0.17744031069062335
170,21,H,3,1,0.5881119966506958,0.17798300273309026
170,21,H,3,2,0.0,0.0
170,21,H,3,3,0.0,0.0
170,21,H,3,4,0.0,0.0
170,21,H,3,5,0.0,0.0
170,21,H,3,6,0.0,0.0
170,21,H,3,7,0.0,0.0
170,21,H,3,8,0.7607947915792466,0.1187107786943852
170,21,H,3,9,0.75739955753088,0.11787422819409646
170,21,H,3,10,0.0,0.0
170,21,H,3,11,0.0,0.0
170,21,H,3,12,0.0,0.0
170,21,H,3,13,0.0,0.0
170,21,H,3,14,0.0,0.0
170,21,H,3,15,0.0,0.0
170,21,H,3,16,0.0,0.0
170,21,H,3,17,0.0,0.0
170,21,H,3,18,0.0,0.0
170,21,H,3,19,0.0,0.0
170,21,H,3,20,0.0,0.0
170,21,H,3,21,0.7576295375823975,0.11934876666859762
170,21,H,3,22,0.5857864752411842,0.17739875522201942
170,21,H,3,23,0.9288943529129028,1.474603749329617e-08
170,21,H,3,24,0.5851776868104934,0.178186906841162
170,21,H,3,25,0.4147856593132019,0.17777880580185773
170,21,H,3,26,0.5868544310331345,0.17720649767319338
170,21,H,3,27,0.5886840373277664,0.18119573957486393
170,21,H,3,28,0.0,0.0
170,21,H,3,29,0.0,0.0
170,21,H,3,30,0.0,0.0
170,21,H,3,31,0.0,0.0
170,21,H,3,32,0.0,0.0
170,21,H,3,33,0.0,0.0
170,21,H,3,34,0.0,0.0
170,21,H,3,35,0.0,0.0
170,21,H,3,36,0.0,0.0
170,21,H,3,37,0.0,0.0
170,21,H,3,38,0.4150667741894722,0.17691402507308113
170,21,H,3,39,0.584388880431652,0.17801693940816438
170,21,H,3,40,0.0,0.0
170,21,H,3,41,0.0,0.0
170,21,H,4,0,0.0,0.0
170,21,H,4,1,0.0,0.0
170,21,H,4,2,0.41639759838581086,0.1819085458123822
170,21,H,4,3,0.4120375454425812,0.18036510716320098
170,21,H,4,4,0.0,0.0
170,21,H,4,5,0.0,0.0
170,21,H,4,6,0.0,0.0
170,21,H,4,7,0.0,0.0
170,21,H,4,8,0.0,0.0
170,21,H,4,9,0.0,0.0
170,21,H,4,10,0.2403058871626854,0.11847923800180205
170,21,H,4,11,0.581783314794302,0.18297620441168863
170,21,H,4,12,0.0,0.0
170,21,H,4,13,0.0,0.0
170,21,H,4,14,0.0,0.0
170,21,H,4,15,0.0,0.0
170,21,H,4,16,0.0,0.0
170,21,H,4,17,0.0,0.0
170,21,H,4,18,0.0,0.0
170,21,H,4,19,0.0,0.0
170,21,H,4,20,0.0,0.0
170,21,H,4,21,0.5858023360371589,0.17783233557951636
170,21,H,4,22,0.41481631696224214,0.1761799747019737
170,21,H,4,23,0.5873184680938721,0.1779000012139415
170,21,H,4,24,0.0,0.0
170,21,H,4,25,0.0,0.0
170,21,H,4,26,0.0,0.0
170,21,H,4,27,0.0,0.0
170,21,H,4,28,0.5858114495873451,0.18081013719539554
170,21,H,4,29,0.585588239878416,0.17935236896360868
170,21,H,4,30,0.06884642839431762,5.4331768391322465e-05
170,21,H,4,31,0.07115221619606019,1.9628596543341814e-06
170,21,H,4,32,0.0,0.0
170,21,H,4,33,0.0,0.0
170,21,H,4,34,0.0,0.0
170,21,H,4,35,0.0,0.0
170,21,H,4,36,0.24253851920366287,0.12051492644922708
170,21,H,4,37,0.0,0.0
170,21,H,4,38,0.0,0.0
170,21,H,4,39,0.0,0.0
170,21,H,4,40,0.4147730886936188,0.1770820343603733
170,21,H,4,41,0.0,0.0
170,21,H,5,0,0.0,0.0
170,21,H,5,1,0.0,0.0
170,21,H,5,2,0.7576415747404098,0.11798948311998739
170,21,H,5,3,0.9344634056091309,4.65742955336168e-05
170,21,H,5,4,0.0,0.0
170,21,H,5,5,0.0,0.0
170,21,H,5,6,0.0,0.0
170,21,H,5,7,0.0,0.0
170,21,H,5,8,0.0,0.0
170,21,H,5,9,0.0,0.0
170,21,H,5,10,0.06934148222208023,1.510854723959287e-05
170,21,H,5,11,0.5854662418365478,0.17731903618917166
170,21,H,5,12,0.0,0.0
170,21,H,5,13,0.0,0.0
170,21,H,5,14,0.0,0.0
170,21,H,5,15,0.0,0.0
170,21,H,5,16,0.0,0.0
170,21,H,5,17,0.0,0.0
170,21,H,5,18,0.0,0.0
170,21,H,5,19,0.0,0.0
170,21,H,5,20,0.0,0.0
170,21,H,5,21,0.2377053715288639,0.11952865948526478
170,21,H,5,22,0.24235019013285636,0.1238336449097388
170,21,H,5,23,0.4128847248852253,0.1815052022395947
170,21,H,5,24,0.0,0.0
170,21,H,5,25,0.0,0.0
170,21,H,5,26,0.0,0.0
170,21,H,5,27,0.0,0.0
170,21,H,5,28,0.41314551159739493,0.17790625393052967
170,21,H,5,29,0.7623918130993843,0.11893203848149021
170,21,H,5,30,0.24295064061880112,0.1195441847220358
170,21,H,5,31,0.5815381348133087,0.1826265737020471
170,21,H,5,32,0.0,0.0
170,21,H,5,33,0.0,0.0
170,21,H,5,34,0.0,0.0
170,21,H,5,35,0.0,0.0
170,21,H,5,36,0.23960559219121932,0.11869287901403888
170,21,H,5,37,0.0,0.0
170,21,H,5,38,0.0,0.0
170,21,H,5,39,0.0,0.0
170,21,H,5,40,0.2432612121105194,0.11745862128250303
170,21,H,5,41,0.0,0.0
170,21,H,6,0,0.0,0.0
170,21,H,6,1,0.0,0.0
170,21,H,6,2,0.584907466173172,0.1798470797951878
170,21,H,6,3,0.24413124918937684,0.11896940019840223
170,21,H,6,4,0.0,0.0
170,21,H,6,5,0.0,0.0
170,21,H,6,6,0.0,0.0
170,21,H,6,7,0.0,0.0
170,21,H,6,8,0.0,0.0
170,21,H,6,9,0.0,0.0
170,21,H,6,10,0.0,0.0
170,21,H,6,11,0.0,0.0
170,21,H,6,12,0.4152324616909027,0.1778827383793065
170,21,H,6,13,0.41622026562690734,0.17748674282025895
170,21,H,6,14,0.0,0.0
170,21,H,6,15,0.0,0.0
170,21,H,6,16,0.0,0.0
170,21,H,6,17,0.0,0.0
170,21,H,6,18,0.41718050092458725,0.18019312592444225
170,21,H,6,19,0.4146765857934952,0.17665243215275034
170,21,H,6,20,0.4154810503125191,0.1762979507440769
170,21,H,6,21,0.0,0.0
170,21,H,6,22,0.0,0.0
170,21,H,6,23,0.0,0.0
170,21,H,6,24,0.0,0.0
170,21,H,6,25,0.0,0.0
170,21,H,6,26,0.0,0.0
170,21,H,6,27,0.0,0.0
170,21,H,6,28,0.9356552958488464,3.655498796035772e-05
170,21,H,6,29,0.5853029444813729,0.17776356226924167
170,21,H,6,30,0.41469200849533083,0.177392070898726
170,21,H,6,31,0.5900890484452248,0.1809827122115903
170,21,H,6,32,0.0,0.0
170,21,H,6,33,0.0,0.0
170,21,H,6,34,0.0,0.0
170,21,H,6,35,0.0,0.0
170,21,H,6,36,0.58445985019207,0.1781146576989133
170,21,H,6,37,0.0,0.0
170,21,H,6,38,0.0,0.0
170,21,H,6,39,0.0,0.0
170,21,H,6,40,0.4130865320563316,0.1774246966828072
170,21,H,6,41,0.0,0.0
170,21,H,7,0,0.0,0.0
170,21,H,7,1,0.0,0.0
170,21,H,7,2,0.4154258996248245,0.18023300878932863
170,21,H,7,3,0.41620989590883256,0.1786787618182953
170,21,H,7,4,0.0,0.0
170,21,H,7,5,0.0,0.0
170,21,H,7,6,0.0,0.0
170,21,H,7,7,0.0,0.0
170,21,H,7,8,0.0,0.0
170,21,H,7,9,0.0,0.0
170,21,H,7,10,0.0,0.0
170,21,H,7,11,0.0,0.0
170,21,H,7,12,0.7617986783385277,0.12051966617409546
170,21,H,7,13,0.41386727541685103,0.18234568630757006
170,21,H,7,14,0.0,0.0
170,21,H,7,15,0.0,0.0
170,21,H,7,16,0.0,0.0
170,21,H,7,17,0.0,0.0
170,21,H,7,18,0.4132279962301254,0.1776526978345165
170,21,H,7,19,0.4145379438996315,0.18319879456547078
170,21,H,7,20,0.2431520253419876,0.11805489613104077
170,21,H,7,21,0.0,0.0
170,21,H,7,22,0.0,0.0
170,21,H,7,23,0.0,0.0
170,21,H,7,24,0.0,0.0
170,21,H,7,25,0.0,0.0
170,21,H,7,26,0.0,0.0
170,21,H,7,27,0.0,0.0
170,21,H,7,28,0.41194783821702,0.1834594203437127
170,21,H,7,29,0.41691333055496216,0.17794366293865654
170,21,H,7,30,0.41481845527887345,0.17738822395230625
170,21,H,7,31,0.24024298340082167,0.11912969679891088
170,21,H,7,32,0.0,0.0
170,21,H,7,33,0.0,0.0
170,21,H,7,34,0.0,0.0
170,21,H,7,35,0.0,0.0
170,21,H,7,36,0.07107278406620025,7.126729080133564e-06
170,21,H,7,37,0.0,0.0
170,21,H,7,38,0.0,0.0
170,21,H,7,39,0.0,0.0
170,21,H,7,40,0.7579052314162255,0.12030966132370047
170,21,H,7,41,0.0,0.0
170,21,H,8,0,0.0,0.0
170,21,H,8,1,0.0,0.0
170,21,H,8,2,0.0,0.0
170,21,H,8,3,0.0,0.0
170,21,H,8,4,0.24265506118535995,0.11826509765334903
170,21,H,8,5,0.7580934137105941,0.11788533406180765
170,21,H,8,6,0.0,0.0
170,21,H,8,7,0.0,0.0
170,21,H,8,8,0.0,0.0
170,21,H,8,9,0.0,0.0
170,21,H,8,10,0.0,0.0
170,21,H,8,11,0.0,0.0
170,21,H,8,12,0.0,0.0
170,21,H,8,13,0.0,0.0
170,21,H,8,14,0.589044626057148,0.17961754658341497
170,21,H,8,15,0.41041548624634744,0.1813853113440967
170,21,H,8,16,0.0,0.0
170,21,H,8,17,0.0,0.0
170,21,H,8,18,0.5894383028149605,0.17850938151911844
170,21,H,8,19,0.5858256548643113,0.17661113846430967
170,21,H,8,20,0.41601125746965406,0.17818265881126122
170,21,H,8,21,0.0,0.0
170,21,H,8,22,0.0,0.0
170,21,H,8,23,0.0,0.0
170,21,H,8,24,0.0,0.0
170,21,H,8,25,0.0,0.0
170,21,H,8,26,0.0,0.0
170,21,H,8,27,0.0,0.0
170,21,H,8,28,0.0,0.0
170,21,H,8,29,0.0,0.0
170,21,H,8,30,0.0,0.0
170,21,H,8,31,0.0,0.0
170,21,H,8,32,0.4102779500186443,0.18335818085149394
170,21,H,8,33,0.5854258060455322,0.17713205829948522
170,21,H,8,34,0.7617638379335403,0.1185768321189091
170,21,H,8,35,0.7573487050831318,0.12083652772807674
170,21,H,8,36,0.0,0.0
170,21,H,8,37,0.41463976353406906,0.17610448438731718
170,21,H,8,38,0.0,0.0
170,21,H,8,39,0.0,0.0
170,21,H,8,40,0.0,0.0
170,21,H,8,41,0.7613414704799653,0.11879069349976831
170,21,H,9,0,0.0,0.0
170,21,H,9,1,0.0,0.0
170,21,H,9,2,0.0,0.0
170,21,H,9,3,0.0,0.0
170,21,H,9,4,0.5863477498292923,0.17614396744852256
170,21,H,9,5,0.5858258441090584,0.1782681628865676
170,21,H,9,6,0.0,0.0
170,21,H,9,7,0.0,0.0
170,21,H,9,8,0.0,0.0
170,21,H,9,9,0.0,0.0
170,21,H,9,10,0.0,0.0
170,21,H,9,11,0.0,0.0
170,21,H,9,12,0.0,0.0
170,21,H,9,13,0.0,0.0
170,21,H,9,14,0.5886851906776428,0.17790848249055455
170,21,H,9,15,0.5908452406525612,0.1795398385204991
170,21,H,9,16,0.0,0.0
170,21,H,9,17,0.0,0.0
170,21,H,9,18,0.7620594769716262,0.11881586045140194
170,21,H,9,19,0.24246104210615158,0.11795483297314491
170,21,H,9,20,0.41574459969997407,0.1774626636455531
170,21,H,9,21,0.0,0.0
170,21,H,9,22,0.0,0.0
170,21,H,9,23,0.0,0.0
170,21,H,9,24,0.0,0.0
170,21,H,9,25,0.0,0.0
170,21,H,9,26,0.0,0.0
170,21,H,9,27,0.0,0.0
170,21,H,9,28,0.0,0.0
170,21,H,9,29,0.0,0.0
170,21,H,9,30,0.0,0.0
170,21,H,9,31,0.0,0.0
170,21,H,9,32,0.4190784186124802,0.18107778360637444
170,21,H,9,33,0.9298539519309997,2.7625716364809708e-06
170,21,H,9,34,0.24324920699000357,0.12217134655402788
170,21,H,9,35,0.41463582068681715,0.17799614478418763
170,21,H,9,36,0.0,0.0
170,21,H,9,37,0.5866537496447564,0.179501466641764
170,21,H,9,38,0.0,0.0
170,21,H,9,39,0.0,0.0
170,21,H,9,40,0.0,0.0
170,21,H,9,41,0.5873544618487359,0.1770671577710585
170,21,H,10,0,0.0,0.0
170,21,H,10,1,0.0,0.0
170,21,H,10,2,0.0,0.0
170,21,H,10,3,0.0,0.0
170,21,H,10,4,0.06410158798098564,5.722682511160038e-05
170,21,H,10,5,0.41241174936294556,0.17943003651852987
170,21,H,10,6,0.0,0.0
170,21,H,10,7,0.0,0.0
170,21,H,10,8,0.0,0.0
170,21,H,10,9,0.0,0.0
170,21,H,10,10,0.0,0.0
170,21,H,10,11,0.0,0.0
170,21,H,10,12,0.0,0.0
170,21,H,10,13,0.0,0.0
170,21,H,10,14,0.0,0.0
170,21,H,10,15,0.0,0.0
170,21,H,10,16,0.4119719222187996,0.17878902818551684
170,21,H,10,17,0.9289055109024048,5.832705676311889e-07
170,21,H,10,18,0.0,0.0
170,21,H,10,19,0.0,0.0
170,21,H,10,20,0.0,0.0
170,21,H,10,21,0.5879378169775009,0.17883633315138944
170,21,H,10,22,0.4146140903234482,0.17877208845531448
170,21,H,10,23,0.5879373192787171,0.17894308780752213
170,21,H,10,24,0.0,0.0
170,21,H,10,25,0.0,0.0
170,21,H,10,26,0.0,0.0
170,21,H,10,27,0.0,0.0
170,21,H,10,28,0.0,0.0
170,21,H,10,29,0.0,0.0
170,21,H,10,30,0.0,0.0
170,21,H,10,31,0.0,0.0
170,21,H,10,32,0.41259863749146464,0.17845361656532105
170,21,H,10,33,0.4142174065113068,0.17750862412245538
170,21,H,10,34,0.5884378388524055,0.1778174680477147
170,21,H,10,35,0.9334753394126892,5.384102558508631e-05
170,21,H,10,36,0.0,0.0
170,21,H,10,37,0.7578791871666908,0.11811400775069325
170,21,H,10,38,0.0,0.0
170,21,H,10,39,0.0,0.0
170,21,H,10,40,0.0,0.0
170,21,H,10,41,0.9329975843429565,1.1166547245977654e-05
170,21,H,11,0,0.0,0.0
170,21,H,11,1,0.0,0.0
170,21,H,11,2,0.0,0.0
170,21,H,11,3,0.0,0.0
170,21,H,11,4,0.41469287425279616,0.17629656382863074
170,21,H,11,5,0.415419739484787,0.17678941651035954
170,21,H,11,6,0.0,0.0
170,21,H,11,7,0.0,0.0
170,21,H,11,8,0.0,0.0
170,21,H,11,9,0.0,0.0
170,21,H,11,10,0.0,0.0
170,21,H,11,11,0.0,0.0
170,21,H,11,12,0.0,0.0
170,21,H,11,13,0.0,0.0
170,21,H,11,14,0.0,0.0
170,21,H,11,15,0.0,0.0
170,21,H,11,16,0.7624911233782768,0.12111380855197354
170,21,H,11,17,0.23842061012983323,0.1202984072536748
170,21,H,11,18,0.0,0.0
170,21,H,11,19,0.0,0.0
170,21,H,11,20,0.0,0.0
170,21,H,11,21,0.41123644560575484,0.1805180674711968
170,21,H,11,22,0.24303423166275023,0.1177967134087335
170,21,H,11,23,0.24485960900783538,0.11960021070695792
170,21,H,11,24,0.0,0.0
170,21,H,11,25,0.0,0.0
170,21,H,11,26,0.0,0.0
170,21,H,11,27,0.0,0.0
170,21,H,11,28,0.0,0.0
170,21,H,11,29,0.0,0.0
170,21,H,11,30,0.0,0.0
170,21,H,11,31,0.0,0.0
170,21,H,11,32,0.5884831592440605,0.1795734984113561
170,21,H,11,33,0.5919010549783706,0.1799541155775594
170,21,H,11,34,0.5849613174796104,0.17942473356156824
170,21,H,11,35,0.5852687418460846,0.17802880045033573
170,21,H,11,36,0.0,0.0
170,21,H,11,37,0.06699280366301537,2.8492968867179777e-05
170,21,H,11,38,0.0,0.0
170,21,H,11,39,0.0,0.0
170,21,H,11,40,0.0,0.0
170,21,H,11,41,0.41064737886190417,0.18366435010462814
180,22,C,0,0,0.5670425280928612,0.15483339133319318
180,22,C,0,1,0.8088692903518677,0.0016450900227133046
180,22,C,0,2,0.5836697816848755,0.1866213092883587
180,22,C,0,3,0.6276557683944702,0.1361932133949489
180,22,C,0,4,0.7557759165763855,0.005520803453833025
180,22,C,0,5,0.8895112752914429,0.00021674630421756545
180,22,C,0,6,0.0,0.0
180,22,C,0,7,0.0,0.0
180,22,C,0,8,0.13056957274675368,0.000344583926706612
180,22,C,0,9,0.7986071228981018,0.0034484785293562937
180,22,C,0,10,0.8198063850402832,0.006786707707468623
180,22,C,0,11,0.5875634521245956,0.18968432270147045
180,22,C,0,12,0.5984675109386444,0.1845494668887747
180,22,C,0,13,0.4524674966931343,0.114641994635413
180,22,C,1,0,0.6257497489452362,0.061628384453127294
180,22,C,1,1,0.6824948281049729,0.07932130945956249
180,22,C,1,2,0.3019406199455261,0.10979677802724348
180,22,C,1,3,0.7482014536857605,0.006936064442167264
180,22,C,1,4,0.5929283652454614,0.12242150364741933
180,22,C,1,5,0.786889910697937,0.009492340970577117
180,22,C,1,6,0.9071126341819763,0.005510425001257034
180,22,C,1,7,0.8977885246276855,0.0010077723088272705
180,22,C,1,8,0.2442055530846119,0.1249875393534426
180,22,C,1,9,0.793589460849762,0.010896254796661821
180,22,C,1,10,0.7868217706680298,0.006217002547636809
180,22,C,1,11,0.7573153257369996,0.012627263939598376
180,22,C,1,12,0.7213436126708984,0.019148298997978375
180,22,C,1,13,0.11342084556818008,0.0008980706595271926
180,22,C,2,0,0.8758981704711915,0.003869321127169769
180,22,C,2,1,0.9174257755279541,0.00028431197079555656
180,22,C,2,2,0.8944716095924378,0.0007246327882975834
180,22,C,2,3,0.7263821184635162,0.11300409922935786
180,22,C,2,4,0.0,0.0
180,22,C,2,5,0.8554242849349976,0.004718151571621832
180,22,C,2,6,0.8413349866867066,0.006492398716753768
180,22,C,2,7,0.8833656787872315,0.00221897792797904
180,22,C,2,8,0.0,0.0
180,22,C,2,9,0.9490034937858581,0.0002114067348921367
180,22,C,2,10,0.8046614527702332,0.0041981278603827835
180,22,C,2,11,0.8219506740570068,0.0052946276676337336
180,22,C,2,12,0.8414434552192688,0.001734401316245169
180,22,C,2,13,0.5862716108560562,0.18013044151003174
180,22,H,0,0,0.584627753123641,0.19427011290353927
180,22,H,0,1,0.0,0.0
180,22,H,0,2,0.5875146843492984,0.1841884442287665
180,22,H,0,3,0.5848618015646935,0.17887234164584817
180,22,H,0,4,0.0,0.0
180,22,H,0,5,0.0,0.0
180,22,H,0,6,0.5865356832742691,0.1815556819741261
180,22,H,0,7,0.5858602188527584,0.18500160843933022
180,22,H,0,8,0.0,0.0
180,22,H,0,9,0.0,0.0
180,22,H,0,10,0.2431657113134861,0.1259117251457698
180,22,H,0,11,0.5808655925095081,0.18619992728518825
180,22,H,0,12,0.5961076751351356,0.18526758786758946
180,22,H,0,13,0.0,0.0
180,22,H,1,0,0.5942179761826992,0.1881259225034858
180,22,H,1,1,0.0,0.0
180,22,H,1,2,0.2338985875248909,0.12128046312740304
180,22,H,1,3,0.4179087787866592,0.1836681441538504
180,22,H,1,4,0.0,0.0
180,22,H,1,5,0.0,0.0
180,22,H,1,6,0.9292253851890564,1.2856134206629122e-05
180,22,H,1,7,0.5855926111340523,0.179472044539211
180,22,H,1,8,0.0,0.0
180,22,H,1,9,0.0,0.0
180,22,H,1,10,0.5887289509177208,0.17937505092251463
180,22,H,1,11,0.7620470762252808,0.11934010214098494
180,22,H,1,12,0.9314502239227295,2.378722209442685e-05
180,22,H,1,13,0.0,0.0
180,22,H,2,0,0.23979103118181228,0.12307644019998121
180,22,H,2,1,0.4119317829608917,0.17965796837782802
180,22,H,2,2,0.41161918491125105,0.17865847983785682
180,22,H,2,3,0.7581524789333344,0.13272295271813245
180,22,H,2,4,0.0,0.0
180,22,H,2,5,0.7601134687662124,0.11942887330794032
180,22,H,2,6,0.0,0.0
180,22,H,2,7,0.0,0.0
180,22,H,2,8,0.0,0.0
180,22,H,2,9,0.7622722998261452,0.12098117819755301
180,22,H,2,10,0.9433041691780091,0.00010068394047721085
180,22,H,2,11,0.4119706809520721,0.18064747569968134
180,22,H,2,12,0.5832192972302437,0.1874965012485762
180,22,H,2,13,0.0588410459458828,5.859061332438298e-05
180,22,H,3,0,0.23258629366755484,0.12601519762666788
180,22,H,3,1,0.5864933401346206,0.17811840777429436
180,22,H,3,2,0.0,0.0
180,22,H,3,3,0.06825680136680604,2.803279254646185e-06
180,22,H,3,4,0.5786652855575085,0.18310827247399705
180,22,H,3,5,0.0,0.0
180,22,H,3,6,0.0,0.0
180,22,H,3,7,0.0,0.0
180,22,H,3,8,0.5975901365280152,0.18571320283515452
180,22,H,3,9,0.41709893345832827,0.18391116218357612
180,22,H,3,10,0.24253156930208206,0.117823739769885
180,22,H,3,11,0.0,0.0
180,22,H,3,12,0.0,0.0
180,22,H,3,13,0.5815077289938927,0.1834233227303634
190,23,C,0,0,0.9250112533569336,7.004677310305853e-05
190,23,C,0,1,0.43954472094774244,0.10057171353144959
190,23,C,0,2,0.6313754223287106,0.14911611192205285
190,23,C,0,3,0.6035482630133628,0.09210860646487555
190,23,C,0,4,0.8725842475891114,0.0029001244982674737
190,23,C,0,5,0.4095209613442421,0.18515472521309034
190,23,C,0,6,0.7437601678073407,0.1252351115414391
190,23,C,0,7,0.24455718025565149,0.13005200007855913
190,23,C,0,8,0.5941016480326653,0.1834709564671436
190,23,C,0,9,0.7399720549583435,0.0035140433716321696
190,23,C,0,10,0.9010333895683289,0.0038318668852218704
190,23,C,0,11,0.6733842100948095,0.1070280839245977
190,23,C,0,12,0.08133358210325241,0.0001484723196914528
190,23,C,0,13,0.09843334704637527,0.001295809300328541
190,23,C,0,14,0.4225589409470558,0.18566433446333158
190,23,C,0,15,0.5836248211562634,0.1792963116684651
190,23,C,1,0,0.7486730456352234,0.015244189935004615
190,23,C,1,1,0.8665696978569031,0.0035517590491906505
190,23,C,1,2,0.7548970423638821,0.12357116758887177
190,23,C,1,3,0.7365401156246663,0.12329144697328101
190,23,C,1,4,0.5794774673879146,0.18430488903726644
190,23,C,1,5,0.794450843334198,0.003035715254029867
190,23,C,1,6,0.0,0.0
190,23,C,1,7,0.2797308325767517,0.11195396891678429
190,23,C,1,8,0.7622474789619446,0.11838731004328137
190,23,C,1,9,0.7623607993125916,0.002845932175299595
190,23,C,1,10,0.7569064140319824,0.008996597358170674
190,23,C,1,11,0.5824585378170013,0.18510537576294292
190,23,C,1,12,0.6450666859745979,0.12145920448577478
190,23,C,1,13,0.24037362784147262,0.1211535174151365
190,23,C,1,14,0.599156092107296,0.1884728231427482
190,23,C,1,15,0.15225139111280442,0.002971379510032044
190,23,C,2,0,0.7578382536768913,0.12059551621759335
190,23,C,2,1,0.8978779673576355,0.0031602359847860834
190,23,C,2,2,0.7720330238342286,0.004644667274560846
190,23,C,2,3,0.5544682681560517,0.1689024159461725
190,23,C,2,4,0.5674883663654328,0.18171118751435678
190,23,C,2,5,0.0,0.0
190,23,C,2,6,0.8189231395721436,0.004613150185290635
190,23,C,2,7,0.23806731551885604,0.12032460957284616
190,23,C,2,8,0.4272030606865883,0.19511272480440012
190,23,C,2,9,0.8630328178405762,0.0009486676061371213
190,23,C,2,10,0.5761165861040354,0.18800850974343297
190,23,C,2,11,0.8431815266609192,0.012654763584377235
190,23,C,2,12,0.7592581033706665,0.11819207285507276
190,23,C,2,13,0.28014742136001586,0.09571183080181875
190,23,C,2,14,0.09779640287160873,0.001321344410288705
190,23,C,2,15,0.7612191364169121,0.12066286954387011
190,23,H,0,0,0.23051583245396615,0.12225538640964037
190,23,H,0,1,0.5940946988761425,0.1902160998753079
190,23,H,0,2,0.22716043554246426,0.13176549221911046
190,23,H,0,3,0.4201715812087059,0.1845388770131716
190,23,H,0,4,0.948044228553772,0.00010932143657157667
190,23,H,0,5,0.0,0.0
190,23,H,0,6,0.0,0.0
190,23,H,0,7,0.0,0.0
190,23,H,0,8,0.0,0.0
190,23,H,0,9,0.40995280891656877,0.18057231574745652
190,23,H,0,10,0.24271834194660186,0.12209876476509765
190,23,H,0,11,0.4240237414836884,0.18709454159343325
190,23,H,0,12,0.059114792943000795,0.00012872846562790642
190,23,H,0,13,0.22123271748423576,0.12613883676917875
190,23,H,0,14,0.0,0.0
190,23,H,0,15,0.0,0.0
190,23,H,1,0,0.5958093777298927,0.1832901763733104
190,23,H,1,1,0.9406547546386719,7.713738657599833e-05
190,23,H,1,2,0.0,0.0
190,23,H,1,3,0.41548021510243416,0.18429932828500104
190,23,H,1,4,0.0,0.0
190,23,H,1,5,0.9387345314025879,0.00012816032570412973
190,23,H,1,6,0.0,0.0
190,23,H,1,7,0.40751946792006494,0.1852962748161277
190,23,H,1,8,0.0,0.0
190,23,H,1,9,0.5796064175665379,0.18774055964141687
190,23,H,1,10,0.4184076987206936,0.18770406882273982
190,23,H,1,11,0.0,0.0
190,23,H,1,12,0.24282144904136657,0.12110576689788125
190,23,H,1,13,0.0,0.0
190,23,H,1,14,0.0,0.0
190,23,H,1,15,0.2399998903274536,0.12291790151690785
190,23,H,2,0,0.0,0.0
190,23,H,2,1,0.23978473767638206,0.11982855269745432
190,23,H,2,2,0.23399946205317973,0.12643554336873858
190,23,H,2,3,0.9298493027687073,1.49174483766501e-06
190,23,H,2,4,0.0,0.0
190,23,H,2,5,0.0,0.0
190,23,H,2,6,0.9401322126388549,0.0002449152610230954
190,23,H,2,7,0.0,0.0
190,23,H,2,8,0.591422614455223,0.1835123300370857
190,23,H,2,9,0.5895445927977562,0.18142991090789157
190,23,H,2,10,0.0,0.0
190,23,H,2,11,0.40016502924263475,0.1864060583905569
190,23,H,2,12,0.0,0.0
190,23,H,2,13,0.23997593224048613,0.11911491950617145
190,23,H,2,14,0.23773096427321433,0.12130178056869874
190,23,H,2,15,0.0,0.0
200,24,C,0,0,0.42262023910880087,0.1901410426019467
200,24,C,0,1,0.17202188000082969,0.025292369174274444
200,24,C,0,2,0.8255876660346985,0.004900983688421832
200,24,C,0,3,0.8438504338264465,0.00260468604761428
200,24,C,0,4,0.8266208410263062,0.006714831830341836
200,24,C,0,5,0.41559128314256666,0.18116682020851255
200,24,C,0,6,0.7573802009224891,0.11786620224894477
200,24,C,0,7,0.24024273753166198,0.11868275028334115
200,24,C,0,8,0.7900967478752137,0.00789523229264887
200,24,C,0,9,0.8238265872001648,0.0014540536208551202
200,24,C,0,10,0.7506891012191772,0.006047681890171077
200,24,C,0,11,0.42392046451568605,0.17258695739830818
200,24,C,0,12,0.6033037841320038,0.18202673428004715
200,24,C,0,13,0.4127203181385994,0.1779437273294319
200,24,C,0,14,0.23253030106425285,0.11990261926616681
200,24,C,0,15,0.0,0.0
200,24,C,1,0,0.7391019593924284,0.12565890170828498
200,24,C,1,1,0.586006885766983,0.18129134026092192
200,24,C,1,2,0.24447608590126038,0.12374146920128841
200,24,C,1,3,0.41396308690309525,0.18046121768147566
200,24,C,1,4,0.5919709876179695,0.17923493570866475
200,24,C,1,5,0.23591171577572823,0.12040047188441974
200,24,C,1,6,0.4133168630301952,0.18418706632019416
200,24,C,1,7,0.5889149218797683,0.178317232573425
200,24,C,1,8,0.5851763471961021,0.18183555830814435
200,24,C,1,9,0.7568867802619934,0.11757377954256612
200,24,C,1,10,0.7599285632371903,0.11974824602522634
200,24,C,1,11,0.0783411517739296,0.00013005298946239474
200,24,C,1,12,0.43002840131521225,0.17282315551883726
200,24,C,1,13,0.4109209880232811,0.18236858735970013
200,24,C,1,14,0.41401042193174364,0.17975025476559134
200,24,C,1,15,0.4121014684438705,0.17975697210093947
200,24,H,0,0,0.7632586173713207,0.12420262133040114
200,24,H,0,1,0.5794775955379009,0.18622137465912808
200,24,H,0,2,0.5821313314139843,0.18493111983370364
200,24,H,0,3,0.5965166121721268,0.1838017474575283
200,24,H,0,4,0.5815082550048828,0.18819471681567762
200,24,H,0,5,0.0,0.0
200,24,H,0,6,0.0,0.0
200,24,H,0,7,0.0,0.0
200,24,H,0,8,0.5854056820273399,0.177731902086523
200,24,H,0,9,0.23951591402292252,0.11900029155723439
200,24,H,0,10,0.5861602336168289,0.1783359135212139
200,24,H,0,11,0.4133593276143074,0.17822266891888433
200,24,H,0,12,0.4092144206166267,0.18482618780383123
200,24,H,0,13,0.0,0.0
200,24,H,0,14,0.5808722957968712,0.18182796425817357
200,24,H,0,15,0.0,0.0
200,24,H,1,0,0.5937666699290276,0.1936482193593926
200,24,H,1,1,0.5845193855464459,0.18664121186092417
200,24,H,1,2,0.0,0.0
200,24,H,1,3,0.0,0.0
200,24,H,1,4,0.0,0.0
200,24,H,1,5,0.5888826310634613,0.18239156313337573
200,24,H,1,6,0.41340645402669907,0.18103631609658297
200,24,H,1,7,0.4091558575630188,0.18140910273215066
200,24,H,1,8,0.5881368033587933,0.18168607275972143
200,24,H,1,9,0.7614665731787682,0.11837765988228446
200,24,H,1,10,0.759078697860241,0.12070689337858573
200,24,H,1,11,0.7592059537768364,0.11826535149764865
200,24,H,1,12,0.4147754214704037,0.1795025564927742
200,24,H,1,13,0.5868845283985138,0.17802804231497077
200,24,H,1,14,0.4168154329061508,0.18127456714187803
200,24,H,1,15,0.0,0.0
200,24,H,3,0,0.9379205107688904,6.988163413126358e-05
200,24,H,3,1,0.24041385427117348,0.12027828706149486
200,24,H,3,2,0.0,0.0
200,24,H,3,3,0.0,0.0
200,24,H,3,4,0.0,0.0
200,24,H,3,5,0.24101414531469345,0.11816637997267701
200,24,H,3,6,0.5874322414398193,0.1768357627139269
200,24,H,3,7,0.761849382519722,0.12086359467341938
200,24,H,3,8,0.7615769475698471,0.11866535177717882
200,24,H,3,9,0.5905142366886139,0.18041420425346652
200,24,H,3,10,0.5852062538266182,0.18340660241951248
200,24,H,3,11,0.41276668906211855,0.18598980710159374
200,24,H,3,12,0.7638366594910622,0.11978314212704042
200,24,H,3,13,0.412256720662117,0.19191883533789672
200,24,H,3,14,0.41067434623837473,0.18543113957863394
200,24,H,3,15,0.0,0.0
200,24,H,4,0,0.5865732446312905,0.17926553986997215
200,24,H,4,1,0.5916088655591011,0.1824855701068543
200,24,H,4,2,0.7562658369541169,0.11950356340144368
200,24,H,4,3,0.41197249442338946,0.1848304899075614
200,24,H,4,4,0.24523617923259736,0.1225543504058878
200,24,H,4,5,0.0,0.0
200,24,H,4,6,0.0,0.0
200,24,H,4,7,0.0,0.0
200,24,H,4,8,0.5901239588856697,0.17866563855396694
200,24,H,4,9,0.4161008968949318,0.18645445899100155
200,24,H,4,10,0.5873552247881889,0.18034759493677796
200,24,H,4,11,0.24120210707187653,0.11837033328295295
200,24,H,4,12,0.5894777372479438,0.1857658154490766
200,24,H,4,13,0.0,0.0
200,24,H,4,14,0.5882655352354049,0.179368458847859
200,24,H,4,15,0.0,0.0
200,24,H,5,0,0.4123305633664131,0.17827400670835786
200,24,H,5,1,0.23898589462041855,0.1188800750529434
200,24,H,5,2,0.42412293404340745,0.18574050250616453
200,24,H,5,3,0.587986433506012,0.1799633993900484
200,24,H,5,4,0.5864227935671806,0.17969945783377322
200,24,H,5,5,0.0,0.0
200,24,H,5,6,0.0,0.0
200,24,H,5,7,0.0,0.0
200,24,H,5,8,0.4164528876543045,0.17903704989853395
200,24,H,5,9,0.7619053184986114,0.12009245009832212
200,24,H,5,10,0.9326002359390259,2.2855003845165814e-05
200,24,H,5,11,0.4148759663105011,0.17668383388338782
200,24,H,5,12,0.5871841892600059,0.17648164144588332
200,24,H,5,13,0.0,0.0
200,24,H,5,14,0.4127636134624481,0.1835802286853169
200,24,H,5,15,0.0,0.0
210,25,C,0,0,0.419358617067337,0.17659656636995485
210,25,C,0,1,0.7830070495605469,0.012544498201665422
210,25,C,0,2,0.6181146681308747,0.09772948926125466
210,25,C,0,3,0.8088636755943298,0.008301646991720587
210,25,C,0,4,0.9120604395866394,0.002131065511726149
210,25,C,0,5,0.40769204273819926,0.18245332016940702
210,25,C,0,6,0.8600073337554932,0.005868734983135083
210,25,C,0,7,0.7363394610583782,0.11584951559163881
210,25,C,0,8,0.0,0.0
210,25,C,0,9,0.39120504856109617,0.17998732330696937
210,25,C,0,10,0.42158184200525284,0.1825888074683117
210,25,C,0,11,0.39722188748419285,0.19187148099582615
210,25,C,0,12,0.8347376585006714,0.0027011176551539505
210,25,C,0,13,0.8219841599464417,0.006106746803526733
210,25,C,0,14,0.41295802146196364,0.18374519018230134
210,25,C,0,15,0.8411683917045594,0.006622826934805061
210,25,C,0,16,0.09125257432460784,0.0011337656523247122
210,25,C,0,17,0.5883737295866013,0.18171082678365325
210,25,C,1,0,0.7571798101067543,0.1183342282784361
210,25,C,1,1,0.7509751200675965,0.11696875913662894
210,25,C,1,2,0.734614098072052,0.0009305744615795673
210,25,C,1,3,0.7511907272040844,0.12312087997180073
210,25,C,1,4,0.40361352302134035,0.18520520997214682
210,25,C,1,5,0.7528064325451851,0.12651290074377414
210,25,C,1,6,0.5704706303775311,0.188100515371949
210,25,C,1,7,0.6764923393726349,0.015607914998289516
210,25,C,1,8,0.0,0.0
210,25,C,1,9,0.0,0.0
210,25,C,1,10,0.45329842865467074,0.17191707869066838
210,25,C,1,11,0.26301717162132265,0.11937892955959273
210,25,C,1,12,0.701655924320221,0.08183103085157625
210,25,C,1,13,0.7871586561203003,0.0008658213357298905
210,25,C,1,14,0.588318008184433,0.18156146773269824
210,25,C,1,15,0.7638903081417083,0.1187510215553557
210,25,C,1,16,0.5891574546694756,0.17334295832171337
210,25,C,1,17,0.7549311846494675,0.11760862055974537
210,25,C,2,0,0.403021689504385,0.1906725342821348
210,25,C,2,1,0.5906156308948993,0.18258346202991635
210,25,C,2,2,0.76117934435606,0.11973676688523086
210,25,C,2,3,0.23940879106521606,0.11940156180205866
210,25,C,2,4,0.9022245168685913,0.0002958868564655859
210,25,C,2,5,0.8160908818244934,0.0007109480906478894
210,25,C,2,6,0.0,0.0
210,25,C,2,7,0.0,0.0
210,25,C,2,8,0.7321270942687989,0.01260303000697803
210,25,C,2,9,0.9224859595298767,0.0004611995455567808
210,25,C,2,10,0.4358548015356064,0.18395162474221816
210,25,C,2,11,0.0955955870449543,0.0011546799717014667
210,25,C,2,12,0.5888199523091316,0.18311166126902928
210,25,C,2,13,0.41584822684526446,0.18758504308992957
210,25,C,2,14,0.7803368210792542,0.0011075611426528552
210,25,C,2,15,0.7775908350944519,0.003583539112556764
210,25,C,2,16,0.23833320513367653,0.12547403631293638
210,25,C,2,17,0.4406025379896164,0.16818838095460675
210,25,C,3,0,0.8132977843284607,0.001954491756848995
210,25,C,3,1,0.7605992868542671,0.12139879741443578
210,25,C,3,2,0.5893029294908047,0.1826144544247787
210,25,C,3,3,0.5646579951047898,0.1696874070420526
210,25,C,3,4,0.8552467942237854,0.0009174276084470988
210,25,C,3,5,0.7493848830461503,0.07734322026363397
210,25,C,3,6,0.5713550373911858,0.18267823574463
210,25,C,3,7,0.0,0.0
210,25,C,3,8,0.39444947242736816,0.18684507704329717
210,25,C,3,9,0.7587214589118958,0.005178425408862211
210,25,C,3,10,0.4079766429960728,0.1827972394852267
210,25,C,3,11,0.06772806271910667,3.4620533840010734e-05
210,25,C,3,12,0.7550765991210937,0.007445340892441835
210,25,C,3,13,0.5950698316097259,0.18203488108408492
210,25,C,3,14,0.8227691411972046,0.004472942928726695
210,25,C,3,15,0.8422336459159852,0.001686912486470362
210,25,C,3,16,0.93016597032547,7.693281615104297e-06
210,25,C,3,17,0.10731936246156693,5.3853864720632136e-05
210,25,H,0,0,0.7593054324388504,0.12028393895017953
210,25,H,0,1,0.7584382385015488,0.11945911736387411
210,25,H,0,2,0.23475576788187028,0.12141873412297768
210,25,H,0,3,0.23360041677951812,0.12228995067266482
210,25,H,0,4,0.4156274959445,0.18097481113366162
210,25,H,0,5,0.0,0.0
210,25,H,0,6,0.7634496062994003,0.1217334035716551
210,25,H,0,7,0.0,0.0
210,25,H,0,8,0.0,0.0
210,25,H,0,9,0.0,0.0
210,25,H,0,10,0.0,0.0
210,25,H,0,11,0.0,0.0
210,25,H,0,12,0.23816124871373176,0.12363165076779847
210,25,H,0,13,0.5868910044431687,0.18021099419341893
210,25,H,0,14,0.0,0.0
210,25,H,0,15,0.4122575044631958,0.17801506339237708
210,25,H,0,16,0.4077118754386902,0.187260797232427
210,25,H,0,17,0.0,0.0
210,25,H,1,0,0.0,0.0
210,25,H,1,1,0.5863964229822158,0.1769950533007047
210,25,H,1,2,0.7651488080620765,0.12077144345934814
210,25,H,1,3,0.76169104129076,0.11890474812959977
210,25,H,1,4,0.0,0.0
210,25,H,1,5,0.0,0.0
210,25,H,1,6,0.0,0.0
210,25,H,1,7,0.7599218353629112,0.1193982403235756
210,25,H,1,8,0.0,0.0
210,25,H,1,9,0.0,0.0
210,25,H,1,10,0.7586321040987969,0.12535892747370533
210,25,H,1,11,0.23466470316052437,0.12047809421955122
210,25,H,1,12,0.9382799625396728,4.4404441698873146e-05
210,25,H,1,13,0.7636618785560131,0.1280540913717017
210,25,H,1,14,0.0,0.0
210,25,H,1,15,0.0,0.0
210,25,H,1,16,0.5882560983300209,0.17801689931015696
210,25,H,1,17,0.0,0.0
210,25,H,2,0,0.5870965659618378,0.1781813473291884
210,25,H,2,1,0.0,0.0
210,25,H,2,2,0.0,0.0
210,25,H,2,3,0.0,0.0
210,25,H,2,4,0.4125991776585579,0.17918792597989736
210,25,H,2,5,0.5859375916421413,0.18279678036164465
210,25,H,2,6,0.0,0.0
210,25,H,2,7,0.0,0.0
210,25,H,2,8,0.4276837408542633,0.19292930671674804
210,25,H,2,9,0.0,0.0
210,25,H,2,10,0.414573322981596,0.18084112261808627
210,25,H,2,11,0.4128522641956806,0.1818575929341109
210,25,H,2,12,0.0,0.0
210,25,H,2,13,0.0,0.0
210,25,H,2,14,0.4085934437811375,0.18676184361582182
210,25,H,2,15,0.4147927641868591,0.17714002153309333
210,25,H,2,16,0.0,0.0
210,25,H,2,17,0.2439327523112297,0.12728189205581902
210,25,H,3,0,0.4103781126439571,0.17958634854538452
210,25,H,3,1,0.23817032501101493,0.11962929059068675
210,25,H,3,2,0.0,0.0
210,25,H,3,3,0.588906253874302,0.18318786434617224
210,25,H,3,4,0.9450301647186279,0.0001494354411923382
210,25,H,3,5,0.7639877140522003,0.11933563709410619
210,25,H,3,6,0.0,0.0
210,25,H,3,7,0.0,0.0
210,25,H,3,8,0.0,0.0
210,25,H,3,9,0.4000909887254238,0.18686009969239156
210,25,H,3,10,0.0,0.0
210,25,H,3,11,0.0,0.0
210,25,H,3,12,0.5860814169049263,0.18178956279120265
210,25,H,3,13,0.0,0.0
210,25,H,3,14,0.9345685839653015,2.805355462243142e-05
210,25,H,3,15,0.4159286841750145,0.18046831716054954
210,25,H,3,16,0.0,0.0
210,25,H,3,17,0.5919940829277038,0.1817379851328093
220,26,C,0,0,0.4147160902619362,0.1814624602991879
220,26,C,0,1,0.259583380818367,0.1120781220721091
220,26,C,0,2,0.7611781775951385,0.11938763131618786
220,26,C,0,3,0.5891945928335189,0.17617447154982374
220,26,C,0,4,0.0,0.0
220,26,C,0,5,0.5934507146477699,0.18090367468069773
220,26,C,0,6,0.7560353696346283,0.11745495512665642
220,26,C,0,7,0.5871867373585701,0.1805411741748995
220,26,C,0,8,0.4143386006355286,0.1823020672937694
220,26,C,0,9,0.0,0.0
220,26,C,0,10,0.42009992301464083,0.18571983134799885
220,26,C,0,11,0.5823662161827088,0.1770693783872816
220,26,C,0,12,0.24901701211929322,0.12559363717193445
220,26,C,0,13,0.2457060307264328,0.12489696524310759
220,26,C,0,14,0.0,0.0
220,26,C,0,15,0.7699369817972184,0.12323418595781137
220,26,C,1,0,0.7406514406204223,0.0060172217820584715
220,26,C,1,1,0.8186474919319153,0.007184217110991256
220,26,C,1,2,0.8661622881889344,0.004234587273878389
220,26,C,1,3,0.8510924816131592,0.004600918628836723
220,26,C,1,4,0.05706706345081329,0.00025334349303368864
220,26,C,1,5,0.8750503063201904,0.0036775166809533744
220,26,C,1,6,0.5971437156200409,0.17698182379135924
220,26,C,1,7,0.07988273650407791,2.1102488897830618e-05
220,26,C,1,8,0.42719455510377885,0.180271980400025
220,26,C,1,9,0.0,0.0
220,26,C,1,10,0.09577315151691437,0.00035862162512928286
220,26,C,1,11,0.8301995396614075,0.001823650224382334
220,26,C,1,12,0.7913554549217224,0.010329699850530857
220,26,C,1,13,0.8790034413337707,0.0058901952228575276
220,26,C,1,14,0.7531241334974765,0.12003660580729214
220,26,C,1,15,0.37986785247921945,0.1481676151186368
220,26,C,2,0,0.40427216365933416,0.1685269937902905
220,26,C,2,1,0.5832451552152633,0.1790218690639153
220,26,C,2,2,0.348679655790329,0.046435183277467526
220,26,C,2,3,0.6906949624419212,0.08666073834193168
220,26,C,2,4,0.23674649819731713,0.12131675207246669
220,26,C,2,5,0.7183779120445252,0.019348965796495466
220,26,C,2,6,0.0,0.0
220,26,C,2,7,0.0,0.0
220,26,C,2,8,0.0,0.0
220,26,C,2,9,0.23500251471996308,0.11980529628565062
220,26,C,2,10,0.5919944912195205,0.18741371163190756
220,26,C,2,11,0.2307138331234455,0.12261826949939633
220,26,C,2,12,0.4162797868251801,0.18259997562207983
220,26,C,2,13,0.7600919738411903,0.11873578463503094
220,26,C,2,14,0.4179296247661114,0.15633387809046512
220,26,C,2,15,0.4203532487154007,0.1781146058616337
220,26,C,3,0,0.059354101121425626,2.6203366725865427e-05
220,26,C,3,1,0.0,0.0
220,26,C,3,2,0.8559885144233703,0.0027651176553055734
220,26,C,3,3,0.7335494197905064,0.11878723539821316
220,26,C,3,4,0.8534938931465149,0.002576984250829071
220,26,C,3,5,0.8571198105812072,0.003106627774234596
220,26,C,3,6,0.0,0.0
220,26,C,3,7,0.0,0.0
220,26,C,3,8,0.0,0.0
220,26,C,3,9,0.8009276986122131,0.001738531669151655
220,26,C,3,10,0.0,0.0
220,26,C,3,11,0.0,0.0
220,26,C,3,12,0.0,0.0
220,26,C,3,13,0.0,0.0
220,26,C,3,14,0.8760426759719848,0.001108531998071385
220,26,C,3,15,0.24231691434979438,0.12793716488084067
220,26,H,0,0,0.412178797274828,0.18003016522917267
220,26,H,0,1,0.23825097680091858,0.1295982438715466
220,26,H,0,2,0.0,0.0
220,26,H,0,3,0.4118356443941593,0.18787401992649572
220,26,H,0,4,0.0,0.0
220,26,H,0,5,0.0,0.0
220,26,H,0,6,0.5859446451067924,0.18004414045353187
220,26,H,0,7,0.7659718349575997,0.12037153806513663
220,26,H,0,8,0.0663503922522068,3.606623819792044e-05
220,26,H,0,9,0.0,0.0
220,26,H,0,10,0.0,0.0
220,26,H,0,11,0.6000981807708741,0.18566934829151485
220,26,H,0,12,0.06278554275631905,4.297055336050181e-05
220,26,H,0,13,0.5793492175638676,0.1887207536012931
220,26,H,0,14,0.0,0.0
220,26,H,0,15,0.5859614871442318,0.1896791854250996
220,26,H,1,0,0.770212770998478,0.1218382898118767
220,26,H,1,1,0.4122089259326458,0.18096740362262356
220,26,H,1,2,0.0,0.0
220,26,H,1,3,0.41160321086645124,0.1807940212942897
220,26,H,1,4,0.0,0.0
220,26,H,1,5,0.0,0.0
220,26,H,1,6,0.592511747777462,0.19049147864934204
220,26,H,1,7,0.9393342018127442,0.00012428641875089852
220,26,H,1,8,0.421833772957325,0.18553897893979254
220,26,H,1,9,0.0,0.0
220,26,H,1,10,0.0,0.0
220,26,H,1,11,0.7684660583734513,0.12164230886895241
220,26,H,1,12,0.24095713943243027,0.12028710667666169
220,26,H,1,13,0.7632715076208114,0.12480556355651837
220,26,H,1,14,0.0,0.0
220,26,H,1,15,0.410798043012619,0.17882609908228547
220,26,H,2,0,0.40500180795788765,0.18590036608353439
220,26,H,2,1,0.5873319953680038,0.18144942873539818
220,26,H,2,2,0.0,0.0
220,26,H,2,3,0.243611615896225,0.12374490352484684
220,26,H,2,4,0.0,0.0
220,26,H,2,5,0.0,0.0
220,26,H,2,6,0.4158543884754181,0.18830201952863984
220,26,H,2,7,0.7605717241764068,0.12259620250227328
220,26,H,2,8,0.9397084355354309,0.00013296217208790039
220,26,H,2,9,0.0,0.0
220,26,H,2,10,0.0,0.0
220,26,H,2,11,0.41530350148677825,0.17862753698627415
220,26,H,2,12,0.7623485878109932,0.11958527322453197
220,26,H,2,13,0.7635225772857666,0.12019322021809187
220,26,H,2,14,0.0,0.0
220,26,H,2,15,0.5902893126010895,0.18037633098155345
220,26,H,3,0,0.0,0.0
220,26,H,3,1,0.0,0.0
220,26,H,3,2,0.23987425416707991,0.11974554282901632
220,26,H,3,3,0.0,0.0
220,26,H,3,4,0.5815786793828011,0.18907826601216016
220,26,H,3,5,0.40536209642887117,0.18808889844542223
220,26,H,3,6,0.0,0.0
220,26,H,3,7,0.0,0.0
220,26,H,3,8,0.0,0.0
220,26,H,3,9,0.590892294049263,0.18320942518559524
220,26,H,3,10,0.0,0.0
220,26,H,3,11,0.0,0.0
220,26,H,3,12,0.0,0.0
220,26,H,3,13,0.0,0.0
220,26,H,3,14,0.7537887260317803,0.12336326567653266
220,26,H,3,15,0.0,0.0
230,27,C,0,0,0.9134348392486572,0.0007017360764771752
230,27,C,0,1,0.824039101600647,0.0010437898518389944
230,27,C,0,2,0.8053786158561707,0.014536161308993201
230,27,C,0,3,0.7752682089805603,0.004757345721136233
230,27,C,0,4,0.8816318869590759,0.0003984036892754261
230,27,C,0,5,0.0,0.0
230,27,C,0,6,0.07271567285060883,3.080801691110135e-05
230,27,C,0,7,0.24404190108180046,0.11913025855159995
230,27,C,0,8,0.0,0.0
230,27,C,0,9,0.7733625054359436,0.006986929600809902
230,27,C,0,10,0.7836480855941772,0.001763891348593063
230,27,C,0,11,0.8325615286827087,0.0014315601132730649
230,27,C,0,12,0.0,0.0
230,27,C,0,13,0.2781673908233643,0.1111878115173464
230,27,C,0,14,0.0,0.0
230,27,C,0,15,0.0,0.0
230,27,C,1,0,0.8362104177474976,0.0018670626285731372
230,27,C,1,1,0.3966605842113495,0.1632673610794066
230,27,C,1,2,0.8795691728591919,0.00035874561884270407
230,27,C,1,3,0.7212512724101543,0.11809052248714602
230,27,C,1,4,0.8069332838058472,0.004119720138591276
230,27,C,1,5,0.0,0.0
230,27,C,1,6,0.10387204587459564,0.0010259983012809615
230,27,C,1,7,0.28835681825876236,0.11335278498232149
230,27,C,1,8,0.0,0.0
230,27,C,1,9,0.8496702432632446,0.005049527520095012
230,27,C,1,10,0.8150629520416259,0.00832548075989962
230,27,C,1,11,0.8601058125495911,0.006750848723241632
230,27,C,1,12,0.931423020362854,6.978750576877246e-05
230,27,C,1,13,0.4632305443286896,0.1279821575805768
230,27,C,1,14,0.9208397984504699,0.00010728610230813728
230,27,C,1,15,0.7604095354676247,0.12702557682072602
230,27,C,2,0,0.23658538833260537,0.11954492532177305
230,27,C,2,1,0.0,0.0
230,27,C,2,2,0.0,0.0
230,27,C,2,3,0.0,0.0
230,27,C,2,4,0.0,0.0
230,27,C,2,5,0.8826090097427368,0.0020748406861613943
230,27,C,2,6,0.26883350908756254,0.11644433436115235
230,27,C,2,7,0.27288652658462526,0.1174708217489638
230,27,C,2,8,0.10127098560333252,0.0006445702685920285
230,27,C,2,9,0.0,0.0
230,27,C,2,10,0.0,0.0
230,27,C,2,11,0.580838942527771,0.1815039666307964
230,27,C,2,12,0.8221234560012818,0.0037895268013463123
230,27,C,2,13,0.406621927022934,0.18019285055787945
230,27,C,2,14,0.3951850600540638,0.14306862274887963
230,27,C,2,15,0.6035674050450325,0.10125165351264247
230,27,H,0,0,0.0,0.0
230,27,H,0,1,0.0,0.0
230,27,H,0,2,0.0,0.0
230,27,H,0,3,0.0,0.0
230,27,H,0,4,0.0,0.0
230,27,H,0,5,0.23696031644940377,0.11936032030749277
230,27,H,0,6,0.41950480490922926,0.18131054105511885
230,27,H,0,7,0.75767552703619,0.12364543472340284
230,27,H,0,8,0.5849052846431733,0.18211144286797254
230,27,H,0,9,0.0,0.0
230,27,H,0,10,0.0,0.0
230,27,H,0,11,0.0,0.0
230,27,H,0,12,0.5892530232667923,0.17863228357997651
230,27,H,0,13,0.0,0.0
230,27,H,0,14,0.4148466646671295,0.19222642871780077
230,27,H,0,15,0.7579062908887864,0.11806191003943385
230,27,H,1,0,0.5867617443203926,0.18327137762377782
230,27,H,1,1,0.5863861858844757,0.17735406532096482
230,27,H,1,2,0.0,0.0
230,27,H,1,3,0.0,0.0
230,27,H,1,4,0.06959324479103088,3.2998330293887432e-06
230,27,H,1,5,0.0,0.0
230,27,H,1,6,0.5842001855373382,0.17934234982714353
230,27,H,1,7,0.7548694483935833,0.12781779227454654
230,27,H,1,8,0.0,0.0
230,27,H,1,9,0.5873041570186615,0.1783053419200576
230,27,H,1,10,0.23501983061432838,0.12050186031244596
230,27,H,1,11,0.588066453486681,0.1855918522178666
230,27,H,1,12,0.0,0.0
230,27,H,1,13,0.4114718496799469,0.18044118268975984
230,27,H,1,14,0.0,0.0
230,27,H,1,15,0.0,0.0
230,27,H,2,0,0.415300527215004,0.17826235681616537
230,27,H,2,1,0.5888914123177529,0.18653725255372205
230,27,H,2,2,0.40730488672852516,0.19123931334458963
230,27,H,2,3,0.5905768796801567,0.18031854995735402
230,27,H,2,4,0.0,0.0
230,27,H,2,5,0.0,0.0
230,27,H,2,6,0.0,0.0
230,27,H,2,7,0.0,0.0
230,27,H,2,8,0.0,0.0
230,27,H,2,9,0.5925307273864746,0.18562696980549415
230,27,H,2,10,0.40970326736569407,0.1826703545327691
230,27,H,2,11,0.5957342371344566,0.18844509261449752
230,27,H,2,12,0.0,0.0
230,27,H,2,13,0.5892792344093323,0.17867036580492623
230,27,H,2,14,0.0,0.0
230,27,H,2,15,0.0,0.0
230,27,H,3,0,0.2337124340236187,0.1209000689662166
230,27,H,3,1,0.23700050860643387,0.1194792920591256
230,27,H,3,2,0.4137857049703598,0.17683624745385734
230,27,H,3,3,0.7515302069485188,0.12362041091431042
230,27,H,3,4,0.0,0.0
230,27,H,3,5,0.0,0.0
230,27,H,3,6,0.0,0.0
230,27,H,3,7,0.0,0.0
230,27,H,3,8,0.0,0.0
230,27,H,3,9,0.7655927449464798,0.1203426273583172
230,27,H,3,10,0.5851915046572685,0.17804011323388233
230,27,H,3,11,0.4154400333762169,0.1793054757206474
230,27,H,3,12,0.0,0.0
230,27,H,3,13,0.4145099565386772,0.17753401216034115
230,27,H,3,14,0.0,0.0
230,27,H,3,15,0.0,0.0
240,28,C,0,0,0.592219877243042,0.18015661584675696
240,28,C,0,1,0.11552537083625794,0.003374265016701892
240,28,C,0,2,0.07174968421459198,7.869455993216866e-06
240,28,C,0,3,0.06857158988714218,0.0003086423444243813
240,28,C,0,4,0.7432621873915195,0.1162558179224102
240,28,C,0,5,0.5723439857363701,0.15500347197550074
240,28,C,0,6,0.7288468062877655,0.11700350005651983
240,28,C,0,7,0.0,0.0
240,28,C,0,8,0.0,0.0
240,28,C,0,9,0.0,0.0
240,28,C,0,10,0.4129605576395988,0.1774862281631541
240,28,C,0,11,0.7775325357913971,0.047676572742928726
240,28,C,0,12,0.27229770347476007,0.10772272804185254
240,28,C,0,13,0.645685476064682,0.0888040497649007
240,28,C,0,14,0.41260446310043336,0.18129118197146643
240,28,C,0,15,0.41383692920207976,0.18537318451586338
240,28,C,0,16,0.4108329929411411,0.18150193919928476
240,28,C,0,17,0.7552865497767925,0.12162549659352664
240,28,C,1,0,0.7018000364303589,0.0060428455721825
240,28,C,1,1,0.8656780958175659,0.0013026278370455203
240,28,C,1,2,0.8603024482727051,0.0013418125787211465
240,28,C,1,3,0.795142138004303,0.005102020330496657
240,28,C,1,4,0.0827901229262352,9.015905484427212e-05
240,28,C,1,5,0.26627857238054276,0.11506069736287353
240,28,C,1,6,0.2549657106399536,0.11997825162759157
240,28,C,1,7,0.2569230072200298,0.1197309244825074
240,28,C,1,8,0.1092634379863739,0.0008498816580240787
240,28,C,1,9,0.45209394246339796,0.16729549759376316
240,28,C,1,10,0.11629497110843659,0.0008196243875118947
240,28,C,1,11,0.7410037398338318,0.01381530683652187
240,28,C,1,12,0.8472862124443055,0.001927953974006016
240,28,C,1,13,0.8162171602249145,0.003633088630797375
240,28,C,1,14,0.8156107783317565,0.002110842857427144
240,28,C,1,15,0.7916588187217712,0.0038969416063793006
240,28,C,1,16,0.8328255414962769,0.002458572619777044
240,28,C,1,17,0.5686435028910637,0.15757033239228296
240,28,C,2,0,0.2521321401000023,0.1151208867696804
240,28,C,2,1,0.5880994081497193,0.17711454175794963
240,28,C,2,2,0.40460178852081297,0.11641361915187447
240,28,C,2,3,0.6028742119669914,0.17732168089910466
240,28,C,2,4,0.0,0.0
240,28,C,2,5,0.0,0.0
240,28,C,2,6,0.0,0.0
240,28,C,2,7,0.7665085852146148,0.06364466787072601
240,28,C,2,8,0.9061510562896729,0.0006028233886624434
240,28,C,2,9,0.8663573384284973,0.002372738588909442
240,28,C,2,10,0.7592607617378235,0.11990261240804527
240,28,C,2,11,0.42249725162982943,0.1836017372974547
240,28,C,2,12,0.587919482588768,0.17657980139679322
240,28,C,2,13,0.24004891887307167,0.11893940415593833
240,28,C,2,14,0.7341511070728302,0.10333803541555668
240,28,C,2,15,0.2839578613638878,0.10180725149031278
240,28,C,2,16,0.729693940281868,0.11283153082941763
240,28,C,2,17,0.9381809115409852,0.0002114948094634883
240,28,H,0,0,0.5903617605566979,0.1786936514231257
240,28,H,0,1,0.41465087831020353,0.17913271505327613
240,28,H,0,2,0.0,0.0
240,28,H,0,3,0.23775440752506255,0.11940011504618975
240,28,H,0,4,0.23666782304644585,0.12009867110405781
240,28,H,0,5,0.9353049159049988,5.9252827399234306e-05
240,28,H,0,6,0.24360814690589905,0.11737912189039186
240,28,H,0,7,0.0,0.0
240,28,H,0,8,0.0,0.0
240,28,H,0,9,0.0,0.0
240,28,H,0,10,0.0,0.0
240,28,H,0,11,0.5845469020307064,0.1850457385176413
240,28,H,0,12,0.24418773949146272,0.11909193168036558
240,28,H,0,13,0.4139978654682636,0.18134466802355315
240,28,H,0,14,0.0,0.0
240,28,H,0,15,0.0,0.0
240,28,H,0,16,0.0,0.0
240,28,H,0,17,0.23863078504800797,0.12295052975042653
240,28,H,1,0,0.41311817020177843,0.17737184932596445
240,28,H,1,1,0.589729280769825,0.1806456507914617
240,28,H,1,2,0.0,0.0
240,28,H,1,3,0.7616026267409325,0.11866157187672662
240,28,H,1,4,0.23559930473566054,0.12034793241199253
240,28,H,1,5,0.41480762809515,0.17825230130737688
240,28,H,1,6,0.7596848890185356,0.11836238252929263
240,28,H,1,7,0.0,0.0
240,28,H,1,8,0.0,0.0
240,28,H,1,9,0.0,0.0
240,28,H,1,10,0.0,0.0
240,28,H,1,11,0.9359037756919861,6.33236179729124e-05
240,28,H,1,12,0.5877585113048553,0.17951017256031748
240,28,H,1,13,0.761270010471344,0.11859213163800972
240,28,H,1,14,0.0,0.0
240,28,H,1,15,0.0,0.0
240,28,H,1,16,0.0,0.0
240,28,H,1,17,0.24418389648199082,0.12106768979770006
240,28,H,2,0,0.4134082406759262,0.17786109365304997
240,28,H,2,1,0.5913212686777115,0.1801030209508278
240,28,H,2,2,0.0,0.0
240,28,H,2,3,0.7586548045277596,0.12498072613275735
240,28,H,2,4,0.7620779737830162,0.1189485317626751
240,28,H,2,5,0.40858012065291405,0.18124219821631252
240,28,H,2,6,0.416542561352253,0.18118018977774358
240,28,H,2,7,0.0,0.0
240,28,H,2,8,0.0,0.0
240,28,H,2,9,0.0,0.0
240,28,H,2,10,0.0,0.0
240,28,H,2,11,0.93307124376297,2.1757625380871555e-05
240,28,H,2,12,0.5881134912371635,0.1798745878179749
240,28,H,2,13,0.5852361515164375,0.18140691417857405
240,28,H,2,14,0.0,0.0
240,28,H,2,15,0.0,0.0
240,28,H,2,16,0.0,0.0
240,28,H,2,17,0.06335072815418244,2.3009700822610447e-05
240,28,H,3,0,0.4112504430115223,0.18128941163325119
240,28,H,3,1,0.0,0.0
240,28,H,3,2,0.587267629802227,0.17936169804922858
240,28,H,3,3,0.5867421194911003,0.179675904742599
240,28,H,3,4,0.0,0.0
240,28,H,3,5,0.0,0.0
240,28,H,3,6,0.0,0.0
240,28,H,3,7,0.23688076362013816,0.1224314382771986
240,28,H,3,8,0.2428090825676918,0.11982252394541612
240,28,H,3,9,0.5855857685208321,0.17871681202379747
240,28,H,3,10,0.0,0.0
240,28,H,3,11,0.0,0.0
240,28,H,3,12,0.0,0.0
240,28,H,3,13,0.0,0.0
240,28,H,3,14,0.23353159204125404,0.12150556002988425
240,28,H,3,15,0.7566764391958714,0.1256619621416047
240,28,H,3,16,0.4165425106883049,0.18042426355611418
240,28,H,3,17,0.5882227532565594,0.19027832641411851
240,28,H,4,0,0.41590537428855895,0.18078074250936688
240,28,H,4,1,0.0,0.0
240,28,H,4,2,0.5859980404376983,0.1774051062877417
240,28,H,4,3,0.42121350914239886,0.18336184548571616
240,28,H,4,4,0.0,0.0
240,28,H,4,5,0.0,0.0
240,28,H,4,6,0.0,0.0
240,28,H,4,7,0.4172217309474945,0.1798629604990186
240,28,H,4,8,0.41353293508291245,0.17736984106954776
240,28,H,4,9,0.41490878015756605,0.17961241363211444
240,28,H,4,10,0.0,0.0
240,28,H,4,11,0.0,0.0
240,28,H,4,12,0.0,0.0
240,28,H,4,13,0.0,0.0
240,28,H,4,14,0.760222889482975,0.11861813449915122
240,28,H,4,15,0.9322183012962342,2.926669260773451e-05
240,28,H,4,16,0.5881441965699196,0.17709965323957755
240,28,H,4,17,0.24323259443044662,0.11740695821264491
240,28,H,5,0,0.5902597047388554,0.18605875715165934
240,28,H,5,1,0.0,0.0
240,28,H,5,2,0.06352683380246163,8.0775326537339e-05
240,28,H,5,3,0.7653398558497428,0.12172918393355384
240,28,H,5,4,0.0,0.0
240,28,H,5,5,0.0,0.0
240,28,H,5,6,0.0,0.0
240,28,H,5,7,0.5920389622449875,0.17974016864687853
240,28,H,5,8,0.4154330387711525,0.18456052361212366
240,28,H,5,9,0.5913336217403412,0.1809455845109222
240,28,H,5,10,0.0,0.0
240,28,H,5,11,0.0,0.0
240,28,H,5,12,0.0,0.0
240,28,H,5,13,0.0,0.0
240,28,H,5,14,0.5807286940515042,0.1844503514211768
240,28,H,5,15,0.4183267384767532,0.1820928281005884
240,28,H,5,16,0.5855712123215199,0.1805637102402815
240,28,H,5,17,0.5894841253757477,0.18157841368477828
250,29,C,0,0,0.23463713824748994,0.12711850778895573
250,29,C,0,1,0.9229071617126465,8.754701506944684e-05
250,29,C,0,2,0.7582901686429977,0.12241509060248996
250,29,C,0,3,0.5949307054281234,0.1843922577133649
250,29,C,0,4,0.5783804915845394,0.18229181292232186
250,29,C,0,5,0.0,0.0
250,29,C,0,6,0.0,0.0
250,29,C,0,7,0.5763536617159843,0.15918962965012962
250,29,C,0,8,0.7414768092334271,0.12872850039962114
250,29,C,0,9,0.5851026579737664,0.18752223471359125
250,29,C,0,10,0.0,0.0
250,29,C,0,11,0.0,0.0
250,29,C,0,12,0.5475808046758175,0.16319171774890934
250,29,C,0,13,0.41637601852416994,0.17804709068806754
250,29,C,0,14,0.5958718508481979,0.1849030614678711
250,29,C,0,15,0.4167895279824734,0.1920540771505724
250,29,C,0,16,0.0,0.0
250,29,C,0,17,0.0,0.0
250,29,C,1,0,0.0,0.0
250,29,C,1,1,0.0,0.0
250,29,C,1,2,0.0,0.0
250,29,C,1,3,0.07370124533772468,0.00020537506159284735
250,29,C,1,4,0.26822067648172376,0.10278956078184487
250,29,C,1,5,0.378890635073185,0.12672498282341804
250,29,C,1,6,0.4202763229608536,0.1701729146244578
250,29,C,1,7,0.583726305514574,0.18113452175173753
250,29,C,1,8,0.5832283012568951,0.18844202756901696
250,29,C,1,9,0.4110240273177624,0.1810281875857777
250,29,C,1,10,0.41382419019937516,0.17849086827202884
250,29,C,1,11,0.24017802476882935,0.11699517508145804
250,29,C,1,12,0.5877987548708916,0.17729688680061734
250,29,C,1,13,0.6038457930088044,0.17312353749520476
250,29,C,1,14,0.4740843057632446,0.14034712164093163
250,29,C,1,15,0.3072614550590515,0.1008262082478691
250,29,C,1,16,0.576929697394371,0.18667377347068756
250,29,C,1,17,0.5860003784298897,0.17719409649197998
250,29,H,2,0,0.4086182527244091,0.1857512427350599
250,29,H,2,1,0.41133538633584976,0.1790294738911161
250,29,H,2,2,0.5815416060388088,0.18151047994661967
250,29,H,2,3,0.41431386172771456,0.1771833285750382
250,29,H,2,4,0.4203044906258583,0.1875026653451846
250,29,H,2,5,0.0,0.0
250,29,H,2,6,0.0,0.0
250,29,H,2,7,0.7584935933351517,0.12162725660286919
250,29,H,2,8,0.24187065064907073,0.12196454207349268
250,29,H,2,9,0.4122245043516159,0.1819540954030992
250,29,H,2,10,0.0,0.0
250,29,H,2,11,0.0,0.0
250,29,H,2,12,0.4198911786079407,0.18437947429741178
250,29,H,2,13,0.0,0.0
250,29,H,2,14,0.0,0.0
250,29,H,2,15,0.0,0.0
250,29,H,2,16,0.0,0.0
250,29,H,2,17,0.0,0.0
250,29,H,3,0,0.5960925638675689,0.18351432482320065
250,29,H,3,1,0.757796136289835,0.12361861160080496
250,29,H,3,2,0.411032372713089,0.18113001310469312
250,29,H,3,3,0.5826987035572528,0.1795456544818655
250,29,H,3,4,0.588816836476326,0.17896646852405051
250,29,H,3,5,0.0,0.0
250,29,H,3,6,0.0,0.0
250,29,H,3,7,0.5943472489714623,0.18544122790913042
250,29,H,3,8,0.4164125621318817,0.18971524328263784
250,29,H,3,9,0.41539728045463564,0.1810748687621473
250,29,H,3,10,0.0,0.0
250,29,H,3,11,0.0,0.0
250,29,H,3,12,0.5930416420102119,0.18116380647746066
250,29,H,3,13,0.0,0.0
250,29,H,3,14,0.0,0.0
250,29,H,3,15,0.0,0.0
250,29,H,3,16,0.0,0.0
250,29,H,3,17,0.0,0.0
250,29,H,4,0,0.24083158299326896,0.12316171712773098
250,29,H,4,1,0.762006364017725,0.12300544882657194
250,29,H,4,2,0.2342984601855278,0.1259572340788838
250,29,H,4,3,0.41475339978933334,0.17900711053555152
250,29,H,4,4,0.5906205698847771,0.18490658539504085
250,29,H,4,5,0.0,0.0
250,29,H,4,6,0.0,0.0
250,29,H,4,7,0.23996725752949716,0.12017137127472055
250,29,H,4,8,0.7652796909213067,0.12069950674899906
250,29,H,4,9,0.5838323339819909,0.18192328593958723
250,29,H,4,10,0.0,0.0
250,29,H,4,11,0.0,0.0
250,29,H,4,12,0.7623841792345047,0.12143501831528847
250,29,H,4,13,0.0,0.0
250,29,H,4,14,0.0,0.0
250,29,H,4,15,0.0,0.0
250,29,H,4,16,0.0,0.0
250,29,H,4,17,0.0,0.0
260,30,C,0,0,0.4191003940999508,0.18198133669052283
260,30,C,0,1,0.7156497269868851,0.10668760157134582
260,30,C,0,2,0.8122587203979492,0.007497673259292981
260,30,C,0,3,0.792934775352478,0.003077245424363184
260,30,C,0,4,0.8227675557136536,0.001780698682603088
260,30,C,0,5,0.412458761036396,0.18349131916934236
260,30,C,0,6,0.24909933805465698,0.12704889037496186
260,30,C,0,7,0.4104334443807602,0.18036056013377802
260,30,C,0,8,0.7840697169303894,0.012041035634457842
260,30,C,0,9,0.8130743026733398,0.0072418051538710405
260,30,C,0,10,0.7111711025238037,0.013312030388508445
260,30,C,0,11,0.743562151491642,0.11857456744440897
260,30,C,0,12,0.41158618554472925,0.18283022179746375
260,30,C,0,13,0.896505880355835,0.00047380051487010626
260,30,C,0,14,0.0,0.0
260,30,C,0,15,0.4147557258605957,0.19688243958277557
260,30,C,0,16,0.0,0.0
260,30,C,0,17,0.41030342876911163,0.17990694947562053
260,30,C,1,0,0.7747177481651306,0.002714373936201753
260,30,C,1,1,0.7570262245833874,0.12146053267136185
260,30,C,1,2,0.24400755167007446,0.11902447969075554
260,30,C,1,3,0.42348121404647826,0.18275183161209146
260,30,C,1,4,0.42008449137210846,0.18443754201348217
260,30,C,1,5,0.7580766931176186,0.11583663011322995
260,30,C,1,6,0.06086441054940224,5.441254186875577e-05
260,30,C,1,7,0.5883804000914097,0.18248580058053526
260,30,C,1,8,0.7535013049840927,0.11972501294315019
260,30,C,1,9,0.7534402802586555,0.11758378963272423
260,30,C,1,10,0.7467531852424145,0.12209730868598126
260,30,C,1,11,0.8410609006881714,0.0006146266529648869
260,30,C,1,12,0.7730932354927063,0.004487746643244464
260,30,C,1,13,0.10065895169973374,5.5231676107090344e-05
260,30,C,1,14,0.7679287984967231,0.1238154161017202
260,30,C,1,15,0.1296861320734024,0.0014965278416833705
260,30,C,1,16,0.5887026384472847,0.1805684588478298
260,30,C,1,17,0.09825087636709214,0.00045037241796030085
260,30,H,0,0,0.7586782187223434,0.11777445643711029
260,30,H,0,1,0.587768429517746,0.17776213080737374
260,30,H,0,2,0.5893866807222367,0.17800636642818105
260,30,H,0,3,0.5846085757017135,0.17817002799052353
260,30,H,0,4,0.7683831870555877,0.12110134890330344
260,30,H,0,5,0.0,0.0
260,30,H,0,6,0.0,0.0
260,30,H,0,7,0.0,0.0
260,30,H,0,8,0.7669688433408737,0.1208123367353466
260,30,H,0,9,0.05565832555294037,0.00024284319345391214
260,30,H,0,10,0.23465100452303886,0.12073464305872963
260,30,H,0,11,0.765487702190876,0.1198908628961208
260,30,H,0,12,0.4123560056090355,0.17895019503944046
260,30,H,0,13,0.23372693955898285,0.123276034742887
260,30,H,0,14,0.0,0.0
260,30,H,0,15,0.0,0.0
260,30,H,0,16,0.0,0.0
260,30,H,0,17,0.0,0.0
260,30,H,1,0,0.23501982614398004,0.12062626599264484
260,30,H,1,1,0.5836340330541134,0.18381125465826048
260,30,H,1,2,0.763735443353653,0.12255782113950815
260,30,H,1,3,0.5882222220301628,0.17850133868805151
260,30,H,1,4,0.764911413192749,0.12192463467614942
260,30,H,1,5,0.0,0.0
260,30,H,1,6,0.0,0.0
260,30,H,1,7,0.0,0.0
260,30,H,1,8,0.41511699110269545,0.1792738790519759
260,30,H,1,9,0.7550730675458908,0.12529140189218713
260,30,H,1,10,0.5869936749339104,0.17754256454793566
260,30,H,1,11,0.5889848291873931,0.17827682611346546
260,30,H,1,12,0.5943291917443275,0.18492583835827556
260,30,H,1,13,0.41372081488370893,0.17726013416260145
260,30,H,1,14,0.0,0.0
260,30,H,1,15,0.0,0.0
260,30,H,1,16,0.0,0.0
260,30,H,1,17,0.0,0.0
260,30,H,2,0,0.24275555908679963,0.11794521752246709
260,30,H,2,1,0.23743173703551293,0.12103607210875278
260,30,H,2,2,0.41588999330997467,0.17856356179165972
260,30,H,2,3,0.5885217323899269,0.17800982315503963
260,30,H,2,4,0.23385821357369424,0.1228078754506434
260,30,H,2,5,0.0,0.0
260,30,H,2,6,0.0,0.0
260,30,H,2,7,0.0,0.0
260,30,H,2,8,0.9304095029830932,7.325325674401028e-07
260,30,H,2,9,0.41663451343774793,0.1829323862235944
260,30,H,2,10,0.5802942454814911,0.18404708772494596
260,30,H,2,11,0.5893395975232124,0.1801299419444434
260,30,H,2,12,0.5852461516857147,0.18351589899760526
260,30,H,2,13,0.587804713845253,0.17762242694955976
260,30,H,2,14,0.0,0.0
260,30,H,2,15,0.0,0.0
260,30,H,2,16,0.0,0.0
260,30,H,2,17,0.0,0.0
260,30,H,3,0,0.7626908853650093,0.11956989980932028
260,30,H,3,1,0.41778551042079926,0.18284080961536292
260,30,H,3,2,0.0,0.0
260,30,H,3,3,0.0,0.0
260,30,H,3,4,0.0,0.0
260,30,H,3,5,0.5864098235964775,0.18517523244807113
260,30,H,3,6,0.2367289334535599,0.11995688180582931
260,30,H,3,7,0.7551815718412399,0.12479116759739914
260,30,H,3,8,0.585612629354,0.1824864139225561
260,30,H,3,9,0.23523274734616278,0.12335904477046282
260,30,H,3,10,0.4163924753665924,0.1781155550574532
260,30,H,3,11,0.5936290994286537,0.18067448743700082
260,30,H,3,12,0.5907386615872383,0.1845761944741854
260,30,H,3,13,0.4187510460615158,0.18066349057278072
260,30,H,3,14,0.0,0.0
260,30,H,3,15,0.587092524766922,0.1842058487860636
260,30,H,3,16,0.0,0.0
260,30,H,3,17,0.4181298613548279,0.18044208343209167
260,30,H,4,0,0.7544161505997181,0.12694318701603566
260,30,H,4,1,0.24092991054058074,0.11824812909698017
260,30,H,4,2,0.0,0.0
260,30,H,4,3,0.0,0.0
260,30,H,4,4,0.0,0.0
260,30,H,4,5,0.7655242413282395,0.12025327524091237
260,30,H,4,6,0.4095864787697792,0.1819221716459175
260,30,H,4,7,0.7586912378668785,0.11790005977771223
260,30,H,4,8,0.4164044797420502,0.17704993729263935
260,30,H,4,9,0.4117730982601643,0.18053633733281746
260,30,H,4,10,0.41308930069208144,0.178243861330075
260,30,H,4,11,0.5928005620837211,0.18066484379101846
260,30,H,4,12,0.41297065913677217,0.1779614821371847
260,30,H,4,13,0.24288985580205918,0.13021243108687547
260,30,H,4,14,0.0,0.0
260,30,H,4,15,0.23587701693177224,0.12154786890016647
260,30,H,4,16,0.0,0.0
260,30,H,4,17,0.4111214213073254,0.18046408990017904
270,31,C,0,0,0.5890334814786911,0.17011371779409992
270,31,C,0,1,0.232830211520195,0.003841130287948591
270,31,C,0,2,0.7526783816516399,0.12467134260723649
270,31,C,0,3,0.2945062845945358,0.005974236530810764
270,31,C,0,4,0.41665260642766955,0.18452368765004012
270,31,C,0,5,0.5483732908964157,0.09905140877487031
270,31,C,0,6,0.48471292704343794,0.11124342715561393
270,31,C,0,7,0.7587651893496513,0.11753749140838662
270,31,C,0,8,0.8017404913902283,0.0018812064611788061
270,31,C,0,9,0.8486478328704834,0.0034271630495155136
270,31,C,0,10,0.5790248855948448,0.182759775194814
270,31,C,0,11,0.5825643464922905,0.1812772456987747
270,31,C,0,12,0.4137245386838913,0.18040511646345264
270,31,C,0,13,0.7616862520575524,0.1192217331506722
270,31,C,0,14,0.0,0.0
270,31,C,0,15,0.7913740277290344,0.00245526213636964
270,31,C,0,16,0.7602634906768799,0.00266376096703226
270,31,C,0,17,0.24991708248853683,0.11651148449302487
270,31,C,0,18,0.7580318287014961,0.11820241560860048
270,31,C,0,19,0.5793399229645729,0.18720939835316397
270,31,C,0,20,0.24866211488842965,0.12215816951222083
270,31,C,0,21,0.580647287517786,0.18343006735468567
270,31,C,1,0,0.23803813010454178,0.11970376972838248
270,31,C,1,1,0.24735618382692337,0.11889362326665112
270,31,C,1,2,0.1539074093103409,0.0016768933437351842
270,31,C,1,3,0.41847135722637174,0.18020199759292038
270,31,C,1,4,0.5819292612373829,0.1915654902567879
270,31,C,1,5,0.2522808760404587,0.07726851012323308
270,31,C,1,6,0.24746024757623672,0.11707727216765737
270,31,C,1,7,0.5923420250415802,0.17879406624179195
270,31,C,1,8,0.2368557333946228,0.12259069363304054
270,31,C,1,9,0.7595404177904129,0.12173648576381661
270,31,C,1,10,0.745137195289135,0.11223986120956217
270,31,C,1,11,0.5757800824940205,0.17138555896020713
270,31,C,1,12,0.0,0.0
270,31,C,1,13,0.0,0.0
270,31,C,1,14,0.591730260848999,0.18219671774590704
270,31,C,1,15,0.4166871666908264,0.18032877104930095
270,31,C,1,16,0.24118879735469817,0.11885619370742329
270,31,C,1,17,0.5921421334147453,0.17224627544333268
270,31,C,1,18,0.2571350023150444,0.11590540607434174
270,31,C,1,19,0.589582747220993,0.18116055141411802
270,31,C,1,20,0.24483531564474106,0.11773272355691784
270,31,C,1,21,0.5776326477527618,0.18456973125152992
270,31,C,2,0,0.5639823339879513,0.1354173947485632
270,31,C,2,1,0.07629315257072448,2.0709785901242834e-05
270,31,C,2,2,0.48119198977947236,0.09716712523625266
270,31,C,2,3,0.588896407186985,0.18125921519179394
270,31,C,2,4,0.8082345366477967,0.002698368111986724
270,31,C,2,5,0.828964376449585,0.0010231363597520728
270,31,C,2,6,0.8566691040992737,0.0021747352175532342
270,31,C,2,7,0.8264221787452698,0.000428025759057391
270,31,C,2,8,0.0,0.0
270,31,C,2,9,0.0,0.0
270,31,C,2,10,0.06457260623574257,0.0002873932130664114
270,31,C,2,11,0.2712112694978714,0.11834739280103643
270,31,C,2,12,0.2696336269378662,0.11460742875797417
270,31,C,2,13,0.26449861377477646,0.11736238974818577
270,31,C,2,14,0.16674595549702645,0.005405058865586064
270,31,C,2,15,0.23104568123817443,0.12143881220448194
270,31,C,2,16,0.41353444159030917,0.1784231394983108
270,31,C,2,17,0.8538920402526855,0.000714347461003797
270,31,C,2,18,0.8642863988876343,0.004142257847997542
270,31,C,2,19,0.8595518589019775,0.0019108809697092964
270,31,C,2,20,0.8491923689842225,0.0018397774879863958
270,31,C,2,21,0.445258104801178,0.1373501729068693
270,31,C,3,0,0.09511122852563858,0.0005708809531568048
270,31,C,3,1,0.2423587769269943,0.11836214033743961
270,31,C,3,2,0.23708732053637505,0.12049129879687355
270,31,C,3,3,0.24682065695524216,0.11856958581804142
270,31,C,3,4,0.4203675210475922,0.180603315888842
270,31,C,3,5,0.594201746582985,0.17957123122988217
270,31,C,3,6,0.25424131751060486,0.07560482646912152
270,31,C,3,7,0.07755504697561263,1.0601894803206058e-05
270,31,C,3,8,0.4136232018470764,0.17802018268423617
270,31,C,3,9,0.2407853826880455,0.12008396838443565
270,31,C,3,10,0.0,0.0
270,31,C,3,11,0.0,0.0
270,31,C,3,12,0.5894754320383072,0.17683687622918529
270,31,C,3,13,0.7512456268072129,0.12213295497351093
270,31,C,3,14,0.41668659821152687,0.18725963387294456
270,31,C,3,15,0.24059005230665206,0.12187717612848059
270,31,C,3,16,0.2432312548160553,0.11895171060700342
270,31,C,3,17,0.4059592604637146,0.18653909453323417
270,31,C,3,18,0.41743154227733614,0.17969160405918227
270,31,C,3,19,0.25652370452880857,0.11464582491937045
270,31,C,3,20,0.4267748072743416,0.17936421904998548
270,31,C,3,21,0.41253983825445173,0.1774090562261158
270,31,H,0,0,0.5867291375994682,0.1807805418459128
270,31,H,0,1,0.24057159423828126,0.11881617468824064
270,31,H,0,2,0.5851190775632858,0.17805729327230832
270,31,H,0,3,0.4099681921303272,0.18063986613636523
270,31,H,0,4,0.0,0.0
270,31,H,0,5,0.9336524128913879,5.807761779976773e-06
270,31,H,0,6,0.592166644334793,0.1796778140169518
270,31,H,0,7,0.0,0.0
270,31,H,0,8,0.416875708848238,0.18779141966198507
270,31,H,0,9,0.41869024783372877,0.1828053633218745
270,31,H,0,10,0.0,0.0
270,31,H,0,11,0.0,0.0
270,31,H,0,12,0.0,0.0
270,31,H,0,13,0.0,0.0
270,31,H,0,14,0.0,0.0
270,31,H,0,15,0.5930155962705612,0.18113816928973758
270,31,H,0,16,0.4143286220729351,0.18240516829189315
270,31,H,0,17,0.9352357506752014,1.1581350607627884e-05
270,31,H,0,18,0.5861956015229225,0.18506778328663565
270,31,H,0,19,0.7686803311109542,0.12119036957367837
270,31,H,0,20,0.7579767063260079,0.118124526551044
270,31,H,0,21,0.0,0.0
270,31,H,1,0,0.5863512560725213,0.17697053568080504
270,31,H,1,1,0.23271402716636658,0.1252489589635603
270,31,H,1,2,0.59124760851264,0.18368130988901046
270,31,H,1,3,0.5929523065686226,0.18139897073097894
270,31,H,1,4,0.0,0.0
270,31,H,1,5,0.24638479351997375,0.12382795009608094
270,31,H,1,6,0.7628373980522156,0.11958141001213876
270,31,H,1,7,0.0,0.0
270,31,H,1,8,0.4125718541443348,0.17746807041682028
270,31,H,1,9,0.4159697711467743,0.17873185245682494
270,31,H,1,10,0.0,0.0
270,31,H,1,11,0.0,0.0
270,31,H,1,12,0.0,0.0
270,31,H,1,13,0.0,0.0
270,31,H,1,14,0.0,0.0
270,31,H,1,15,0.7616038128733635,0.1205380777879207
270,31,H,1,16,0.5856188982725143,0.18328022280259576
270,31,H,1,17,0.76167057082057,0.1262362029137815
270,31,H,1,18,0.2409336432814598,0.11856426506495103
270,31,H,1,19,0.41486103236675265,0.1823399118568037
270,31,H,1,20,0.23901914656162263,0.11962313861129163
270,31,H,1,21,0.0,0.0
270,31,H,2,0,0.0,0.0
270,31,H,2,1,0.5870671793818474,0.17778602342547237
270,31,H,2,2,0.59363923817873,0.18163488334068237
270,31,H,2,3,0.2443292886018753,0.1174738509037773
270,31,H,2,4,0.4107051908969879,0.18396152234026925
270,31,H,2,5,0.242374025285244,0.1187492278920366
270,31,H,2,6,0.0,0.0
270,31,H,2,7,0.4177882820367813,0.17949953699630888
270,31,H,2,8,0.0,0.0
270,31,H,2,9,0.0,0.0
270,31,H,2,10,0.5829474411904811,0.1799109774319906
270,31,H,2,11,0.2377166271209717,0.11940157305949979
270,31,H,2,12,0.0,0.0
270,31,H,2,13,0.0,0.0
270,31,H,2,14,0.0,0.0
270,31,H,2,15,0.4194034323096275,0.18352651668439096
270,31,H,2,16,0.06629073470830918,4.4588364378204124e-05
270,31,H,2,17,0.4151088587939739,0.18075811619083365
270,31,H,2,18,0.41617523431777953,0.17686548126090096
270,31,H,2,19,0.0,0.0
270,31,H,2,20,0.0,0.0
270,31,H,2,21,0.5875106364488601,0.17850227819242384
270,31,H,3,0,0.0,0.0
270,31,H,3,1,0.5883618034422398,0.18172388597528996
270,31,H,3,2,0.7580804452300072,0.12284859408413955
270,31,H,3,3,0.5921321868896484,0.18052004715625372
270,31,H,3,4,0.591918608546257,0.1806950534991368
270,31,H,3,5,0.4161099046468735,0.18193563529319262
270,31,H,3,6,0.0,0.0
270,31,H,3,7,0.5865975871682167,0.17673561561391746
270,31,H,3,8,0.0,0.0
270,31,H,3,9,0.0,0.0
270,31,H,3,10,0.4108745254576206,0.17876666760140741
270,31,H,3,11,0.41329849064350127,0.18111977807977991
270,31,H,3,12,0.0,0.0
270,31,H,3,13,0.0,0.0
270,31,H,3,14,0.0,0.0
270,31,H,3,15,0.4129043400287628,0.17792656357430126
270,31,H,3,16,0.4151457495987415,0.18370858435817058
270,31,H,3,17,0.5883798703551293,0.17769502014647895
270,31,H,3,18,0.4131105825304985,0.1777222899796769
270,31,H,3,19,0.0,0.0
270,31,H,3,20,0.0,0.0
270,31,H,3,21,0.2363237515091896,0.12002138210731292
270,31,H,4,0,0.23628978282213212,0.12025306950877321
270,31,H,4,1,0.5950935691595077,0.18355576716884808
270,31,H,4,2,0.0,0.0
270,31,H,4,3,0.5821591518819332,0.18128645045201047
270,31,H,4,4,0.7582963764667511,0.1201848631758105
270,31,H,4,5,0.0,0.0
270,31,H,4,6,0.7601127445697784,0.1193869392294252
270,31,H,4,7,0.5865073397755622,0.17835697273258244
270,31,H,4,8,0.0,0.0
270,31,H,4,9,0.0,0.0
270,31,H,4,10,0.0,0.0
270,31,H,4,11,0.0,0.0
270,31,H,4,12,0.41342582628130914,0.18049170336893958
270,31,H,4,13,0.41358718238770964,0.19139091767579625
270,31,H,4,14,0.0,0.0
270,31,H,4,15,0.4117187812924385,0.18234513965237256
270,31,H,4,16,0.41167820021510126,0.1789002908491558
270,31,H,4,17,0.0,0.0
270,31,H,4,18,0.0,0.0
270,31,H,4,19,0.07178173661231994,2.2326970469022103e-06
270,31,H,4,20,0.24193068742752075,0.12012639202713224
270,31,H,4,21,0.5951182208955288,0.18895694870752328
270,31,H,5,0,0.4154903993010521,0.18128123662562112
270,31,H,5,1,0.5867961034178734,0.1785272912586749
270,31,H,5,2,0.0,0.0
270,31,H,5,3,0.586635597795248,0.18426299540395988
270,31,H,5,4,0.7613662943243981,0.11883806872867135
270,31,H,5,5,0.0,0.0
270,31,H,5,6,0.4089978776872158,0.18159511872054598
270,31,H,5,7,0.4127193883061409,0.17813254652493943
270,31,H,5,8,0.0,0.0
270,31,H,5,9,0.0,0.0
270,31,H,5,10,0.0,0.0
270,31,H,5,11,0.0,0.0
270,31,H,5,12,0.5881617233157158,0.17855200698825457
270,31,H,5,13,0.24025012254714967,0.11844279020031878
270,31,H,5,14,0.0,0.0
270,31,H,5,15,0.5834743335843087,0.18636963984783522
270,31,H,5,16,0.7577990956604481,0.1282271510619119
270,31,H,5,17,0.0,0.0
270,31,H,5,18,0.0,0.0
270,31,H,5,19,0.4161106437444687,0.17721184250753416
270,31,H,5,20,0.7611848071217537,0.11861714098146645
270,31,H,5,21,0.5904903650283814,0.18334641670935029
280,32,C,0,0,0.9050120830535888,0.0008283495635529903
280,32,C,0,1,0.6958906292915344,0.014870979173540777
280,32,C,0,2,0.5868888832628727,0.1859398947404795
280,32,C,0,3,0.41101851835846903,0.1872586357527884
280,32,C,0,4,0.4089929714798927,0.1751559500986853
280,32,C,0,5,0.4170727550983429,0.18091557083417334
280,32,C,0,6,0.5764535613358021,0.17890508776776934
280,32,C,0,7,0.7377897046506405,0.11606906294523274
280,32,C,0,8,0.5733597487211227,0.18418108504855654
280,32,C,0,9,0.0,0.0
280,32,C,0,10,0.0,0.0
280,32,C,0,11,0.0,0.0
280,32,C,0,12,0.7672630488872528,0.12499248971736435
280,32,C,0,13,0.2454642340540886,0.12185765025968527
280,32,C,0,14,0.7617375969886779,0.023355130568918126
280,32,C,0,15,0.7516806721687317,0.01818453123302106
280,32,C,0,16,0.8554921984672547,0.0049613570846767634
280,32,C,0,17,0.4129952885210514,0.1793257440336202
280,32,C,0,18,0.92987060546875,6.031507527950453e-05
280,32,C,0,19,0.7598576441407203,0.12152692679217558
280,32,C,0,20,0.7599508702754975,0.11839633886491127
280,32,C,0,21,0.9156702518463135,0.0010983075781248884
280,32,C,1,0,0.7833291292190552,0.01383574659071769
280,32,C,1,1,0.8722946166992187,0.0014296975444187865
280,32,C,1,2,0.1874765932559967,0.015076548396827653
280,32,C,1,3,0.8188315272331238,0.0024279811618450253
280,32,C,1,4,0.5802836269140244,0.17703483283196686
280,32,C,1,5,0.8165099740028381,0.007290888173223778
280,32,C,1,6,0.5858117282390595,0.17770143401212066
280,32,C,1,7,0.41194272190332415,0.18194749847075814
280,32,C,1,8,0.7767330408096313,0.005016632030030621
280,32,C,1,9,0.8672074913978577,0.006777708486284837
280,32,C,1,10,0.0,0.0
280,32,C,1,11,0.0,0.0
280,32,C,1,12,0.24560224860906602,0.11760772116758393
280,32,C,1,13,0.24295182824134826,0.11857179454164546
280,32,C,1,14,0.8302975058555603,0.006129355581638549
280,32,C,1,15,0.8804072260856628,0.003832494665096532
280,32,C,1,16,0.8289171695709229,0.0007343526403241186
280,32,C,1,17,0.8606096267700195,0.004517143655046994
280,32,C,1,18,0.5850509069859982,0.18339669688499532
280,32,C,1,19,0.41274370551109313,0.17968115086249606
280,32,C,1,20,0.413528548181057,0.1788344066120242
280,32,C,1,21,0.26112587451934816,0.11466413677668434
280,32,C,2,0,0.847057557106018,0.002385991592952905
280,32,C,2,1,0.5772827535867691,0.17875270564609638
280,32,C,2,2,0.859486722946167,0.001032165475339184
280,32,C,2,3,0.2656486064195633,0.04253998989192793
280,32,C,2,4,0.8650040030479431,0.0036926068814850054
280,32,C,2,5,0.7553094148635864,0.0073145061021938325
280,32,C,2,6,0.0,0.0
280,32,C,2,7,0.0,0.0
280,32,C,2,8,0.884237277507782,0.0013904539506518177
280,32,C,2,9,0.8360499978065491,0.00208922726847419
280,32,C,2,10,0.5811899594962597,0.1812814309804643
280,32,C,2,11,0.5869456738233566,0.17768579348193278
280,32,C,2,12,0.7664794161915779,0.12150823131538271
280,32,C,2,13,0.40512462705373764,0.18581096465515107
280,32,C,2,14,0.9328011512756348,9.13936720047559e-05
280,32,C,2,15,0.5775285854935646,0.17375109010329431
280,32,C,2,16,0.7863499999046326,0.0038070708060948277
280,32,C,2,17,0.8399589419364929,0.0049157696720635614
280,32,C,2,18,0.7810259580612182,0.007771110204568855
280,32,C,2,19,0.8808853387832641,0.0012328226413055175
280,32,C,2,20,0.6064446106553077,0.17720624214222624
280,32,C,2,21,0.7579377442598343,0.11763994663574043
280,32,C,3,0,0.5847097419202327,0.18149042189468367
280,32,C,3,1,0.9335556030273438,0.0001222825225667634
280,32,C,3,2,0.4234361007809639,0.1815393642242566
280,32,C,3,3,0.24355723708868027,0.12231560405993773
280,32,C,3,4,0.7896546363830567,0.0009435205605805663
280,32,C,3,5,0.9000022649765015,0.00033355369057602496
280,32,C,3,6,0.0,0.0
280,32,C,3,7,0.0,0.0
280,32,C,3,8,0.0,0.0
280,32,C,3,9,0.5722978405654431,0.17967993482667172
280,32,C,3,10,0.7533141180872918,0.123890850564728
280,32,C,3,11,0.39496013820171355,0.1733628848345612
280,32,C,3,12,0.7618396192789078,0.11905629314045423
280,32,C,3,13,0.41645718514919283,0.18083399683371987
280,32,C,3,14,0.7554442912340165,0.12117209763617223
280,32,C,3,15,0.591015262901783,0.1872055953296921
280,32,C,3,16,0.24283870235085486,0.11857377114708574
280,32,C,3,17,0.7897240281105041,0.0028248603557864274
280,32,C,3,18,0.8190470933914185,0.005060949155515004
280,32,C,3,19,0.7978702068328858,0.005147120766606008
280,32,C,3,20,0.8988674283027649,0.00021930949403241583
280,32,C,3,21,0.5902087159454823,0.184871153342345
280,32,H,0,0,0.0,0.0
280,32,H,0,1,0.0,0.0
280,32,H,0,2,0.9348863005638123,2.485641725030519e-05
280,32,H,0,3,0.0,0.0
280,32,H,0,4,0.5834649577736855,0.17795527344570714
280,32,H,0,5,0.41880950182676313,0.18337002032873756
280,32,H,0,6,0.0,0.0
280,32,H,0,7,0.0,0.0
280,32,H,0,8,0.0,0.0
280,32,H,0,9,0.0,0.0
280,32,H,0,10,0.41342043280601504,0.17720975426654717
280,32,H,0,11,0.5829504817724228,0.1811983795765552
280,32,H,0,12,0.9317289471626282,6.594681970852889e-06
280,32,H,0,13,0.9308192491531372,1.268932346732754e-05
280,32,H,0,14,0.0,0.0
280,32,H,0,15,0.0,0.0
280,32,H,0,16,0.0,0.0
280,32,H,0,17,0.759029920399189,0.12057356858829302
280,32,H,0,18,0.5886417612433433,0.18152609998643898
280,32,H,0,19,0.41385154128074647,0.1771659754822231
280,32,H,0,20,0.5856148585677147,0.18511613897803053
280,32,H,0,21,0.0,0.0
280,32,H,1,0,0.0,0.0
280,32,H,1,1,0.0,0.0
280,32,H,1,2,0.23174785301089287,0.12238709212258907
280,32,H,1,3,0.0,0.0
280,32,H,1,4,0.5879384696483612,0.1791460893294722
280,32,H,1,5,0.761086992919445,0.11849388804727287
280,32,H,1,6,0.0,0.0
280,32,H,1,7,0.0,0.0
280,32,H,1,8,0.0,0.0
280,32,H,1,9,0.0,0.0
280,32,H,1,10,0.41254026219248774,0.17950128488393982
280,32,H,1,11,0.5862284734845161,0.17734625481579688
280,32,H,1,12,0.5855825215578079,0.18608957769211687
280,32,H,1,13,0.417296427488327,0.18139806530770247
280,32,H,1,14,0.0,0.0
280,32,H,1,15,0.0,0.0
280,32,H,1,16,0.0,0.0
280,32,H,1,17,0.23859064355492593,0.12145881548376218
280,32,H,1,18,0.23483951166272163,0.12032549682794487
280,32,H,1,19,0.5836081817746163,0.178799645330318
280,32,H,1,20,0.41644755378365517,0.18425516350186255
280,32,H,1,21,0.0,0.0
280,32,H,2,0,0.4188388153910637,0.18006946511398297
280,32,H,2,1,0.0,0.0
280,32,H,2,2,0.4115709200501442,0.18133155760229128
280,32,H,2,3,0.763204675912857,0.12022153876264297
280,32,H,2,4,0.7571189053356647,0.12204397425645015
280,32,H,2,5,0.4131811663508415,0.17842742459547134
280,32,H,2,6,0.0,0.0
280,32,H,2,7,0.0,0.0
280,32,H,2,8,0.0,0.0
280,32,H,2,9,0.7664842367172241,0.12233962130020415
280,32,H,2,10,0.0,0.0
280,32,H,2,11,0.0,0.0
280,32,H,2,12,0.0,0.0
280,32,H,2,13,0.0,0.0
280,32,H,2,14,0.0,0.0
280,32,H,2,15,0.0,0.0
280,32,H,2,16,0.24181722849607468,0.11822102214374777
280,32,H,2,17,0.23452723920345306,0.12050823374820492
280,32,H,2,18,0.417066653072834,0.18032800919538344
280,32,H,2,19,0.5874742671847344,0.17654724590346302
280,32,H,2,20,0.9328211069107055,1.7184514644554837e-05
280,32,H,2,21,0.0,0.0
280,32,H,3,0,0.5861412711441517,0.17978565264772733
280,32,H,3,1,0.06189520955085755,0.00022057800268989407
280,32,H,3,2,0.9329271912574768,2.465986565454159e-05
280,32,H,3,3,0.2384715758264065,0.11950683427819693
280,32,H,3,4,0.0,0.0
280,32,H,3,5,0.24283275604248047,0.11793042003648635
280,32,H,3,6,0.0,0.0
280,32,H,3,7,0.0,0.0
280,32,H,3,8,0.41512432545423505,0.18034777762508275
280,32,H,3,9,0.0,0.0
280,32,H,3,10,0.0,0.0
280,32,H,3,11,0.0,0.0
280,32,H,3,12,0.0,0.0
280,32,H,3,13,0.0,0.0
280,32,H,3,14,0.24442313462495804,0.12053571520642552
280,32,H,3,15,0.7586469054222107,0.1176498906225234
280,32,H,3,16,0.24549462795257568,0.12155357266485281
280,32,H,3,17,0.41186479702591894,0.17931106320170306
280,32,H,3,18,0.0,0.0
280,32,H,3,19,0.0,0.0
280,32,H,3,20,0.0,0.0
280,32,H,3,21,0.24015474915504456,0.12494844653472648
280,32,H,4,0,0.7580508321523667,0.11989753610821878
280,32,H,4,1,0.5819008879363536,0.18670988156159168
280,32,H,4,2,0.0,0.0
280,32,H,4,3,0.4195858150720596,0.1856966498352704
280,32,H,4,4,0.0,0.0
280,32,H,4,5,0.0,0.0
280,32,H,4,6,0.7640921756625175,0.12149267665409055
280,32,H,4,7,0.410113175958395,0.18020322682106643
280,32,H,4,8,0.0,0.0
280,32,H,4,9,0.0,0.0
280,32,H,4,10,0.0,0.0
280,32,H,4,11,0.0,0.0
280,32,H,4,12,0.4135160714387894,0.17796770229760397
280,32,H,4,13,0.4107160747051239,0.185065347116132
280,32,H,4,14,0.42075259536504744,0.18645351208752994
280,32,H,4,15,0.41292053908109666,0.18207804288997517
280,32,H,4,16,0.7630520224571228,0.12509771290054714
280,32,H,4,17,0.0,0.0
280,32,H,4,18,0.0,0.0
280,32,H,4,19,0.0,0.0
280,32,H,4,20,0.0,0.0
280,32,H,4,21,0.4142929300665855,0.17737895280705765
280,32,H,5,0,0.41261871308088305,0.17919690703632596
280,32,H,5,1,0.41145910024642945,0.17989748449349635
280,32,H,5,2,0.0,0.0
280,32,H,5,3,0.5883860290050507,0.17781761789144487
280,32,H,5,4,0.0,0.0
280,32,H,5,5,0.0,0.0
280,32,H,5,6,0.5883339941501617,0.1779230888591278
280,32,H,5,7,0.5896380856633187,0.18346497706116804
280,32,H,5,8,0.0,0.0
280,32,H,5,9,0.0,0.0
280,32,H,5,10,0.0,0.0
280,32,H,5,11,0.0,0.0
280,32,H,5,12,0.5901692047715187,0.1800316620504297
280,32,H,5,13,0.06933768838644028,3.3149463695236746e-05
280,32,H,5,14,0.5865598201751709,0.17673125675153528
280,32,H,5,15,0.4145978182554245,0.17958567128385455
280,32,H,5,16,0.5838600926101207,0.1784247144778443
280,32,H,5,17,0.0,0.0
280,32,H,5,18,0.0,0.0
280,32,H,5,19,0.0,0.0
280,32,H,5,20,0.0,0.0
280,32,H,5,21,0.5907771587371826,0.1817432762773402
290,33,C,0,0,0.5934725195169449,0.1808545467878986
290,33,C,0,1,0.102552829682827,0.0018680493168208392
290,33,C,0,2,0.8490938425064087,0.004481897420675409
290,33,C,0,3,0.8052755951881408,0.005371459147938537
290,33,C,0,4,0.8218996167182923,0.011048169429114693
290,33,C,0,5,0.0,0.0
290,33,C,0,6,0.0,0.0
290,33,C,0,7,0.0,0.0
290,33,C,0,8,0.5844131410121918,0.17772255706146192
290,33,C,0,9,0.761826029419899,0.11916525039780479
290,33,C,0,10,0.2397838667035103,0.12045540423735443
290,33,C,0,11,0.7903351187705994,0.013257716893882332
290,33,C,0,12,0.5640621148049831,0.164071760242682
290,33,C,0,13,0.8298600792884827,0.01574857667287887
290,33,C,0,14,0.0,0.0
290,33,C,0,15,0.0,0.0
290,33,C,0,16,0.0,0.0
290,33,C,0,17,0.7485173031687736,0.11841756388033604
290,33,C,0,18,0.7531816519796848,0.11969626915977036
290,33,C,0,19,0.0,0.0
290,33,C,1,0,0.7760106921195984,0.005811043601066501
290,33,C,1,1,0.834880256652832,0.012030255546810906
290,33,C,1,2,0.5970310941338539,0.17967033717083375
290,33,C,1,3,0.41765426248312,0.17949411437239055
290,33,C,1,4,0.41492265537381173,0.18072709459507724
290,33,C,1,5,0.0,0.0
290,33,C,1,6,0.0,0.0
290,33,C,1,7,0.0,0.0
290,33,C,1,8,0.19254228621721267,0.006755693244819935
290,33,C,1,9,0.129143588244915,0.00018399236158779254
290,33,C,1,10,0.13635419458150863,0.00084842052317625
290,33,C,1,11,0.8819842576980591,0.001952682558013805
290,33,C,1,12,0.8405730724334717,0.0030592458749694627
290,33,C,1,13,0.773089611530304,0.00211012467912127
290,33,C,1,14,0.7630256384611129,0.11951757955500539
290,33,C,1,15,0.7603426560759544,0.12118807427556447
290,33,C,1,16,0.5879380494356156,0.1796134285543745
290,33,C,1,17,0.7107808887958527,0.04212964408665272
290,33,C,1,18,0.5435083404183387,0.13160876206670102
290,33,C,1,19,0.7575116142630577,0.11763815803721638
290,33,C,2,0,0.5870456099510193,0.1771518721862414
290,33,C,2,1,0.0,0.0
290,33,C,2,2,0.0,0.0
290,33,C,2,3,0.0,0.0
290,33,C,2,4,0.0,0.0
290,33,C,2,5,0.7604437351226807,0.11984449427298842
290,33,C,2,6,0.41105756610631944,0.17757835449663723
290,33,C,2,7,0.5835514180362225,0.18231095118676466
290,33,C,2,8,0.0,0.0
290,33,C,2,9,0.7539562672376633,0.12381758144230157
290,33,C,2,10,0.23975882828235626,0.11850506557201498
290,33,C,2,11,0.0,0.0
290,33,C,2,12,0.0,0.0
290,33,C,2,13,0.0,0.0
290,33,C,2,14,0.7578796058893204,0.11962464763926835
290,33,C,2,15,0.5869707345962525,0.1801091968240956
290,33,C,2,16,0.23309230282902718,0.12507283691494914
290,33,C,2,17,0.5909043624997139,0.1788999263339109
290,33,C,2,18,0.4104488916695118,0.18507708871965464
290,33,C,2,19,0.5871912598609924,0.17962235835181664
290,33,H,0,0,0.24344728291034698,0.11746183207215037
290,33,H,0,1,0.5845373213291168,0.18447311061572846
290,33,H,0,2,0.24921154975891113,0.12532314895788405
290,33,H,0,3,0.4147533640265465,0.1764285533397896
290,33,H,0,4,0.760830120742321,0.11939952519351141
290,33,H,0,5,0.0,0.0
290,33,H,0,6,0.0,0.0
290,33,H,0,7,0.0,0.0
290,33,H,0,8,0.0,0.0
290,33,H,0,9,0.0,0.0
290,33,H,0,10,0.0,0.0
290,33,H,0,11,0.930289626121521,3.687764881021849e-06
290,33,H,0,12,0.4102854751050472,0.1832479967547232
290,33,H,0,13,0.5892836660146713,0.17837586692442983
290,33,H,0,14,0.0,0.0
290,33,H,0,15,0.0,0.0
290,33,H,0,16,0.0,0.0
290,33,H,0,17,0.4098979391157627,0.18867471490461069
290,33,H,0,18,0.4093797765672207,0.180009706473535
290,33,H,0,19,0.0,0.0
290,33,H,1,0,0.7639970019459724,0.12035355522941434
290,33,H,1,1,0.5832578539848328,0.17999882873942621
290,33,H,1,2,0.5895419508218765,0.18402556437869289
290,33,H,1,3,0.41017087921500206,0.18063960687474787
290,33,H,1,4,0.2441594734787941,0.12487249972921757
290,33,H,1,5,0.0,0.0
290,33,H,1,6,0.0,0.0
290,33,H,1,7,0.0,0.0
290,33,H,1,8,0.0,0.0
290,33,H,1,9,0.0,0.0
290,33,H,1,10,0.0,0.0
290,33,H,1,11,0.412523527443409,0.1798366800134643
290,33,H,1,12,0.24097647219896318,0.11860777555037716
290,33,H,1,13,0.24150850474834443,0.11823261099614948
290,33,H,1,14,0.0,0.0
290,33,H,1,15,0.0,0.0
290,33,H,1,16,0.0,0.0
290,33,H,1,17,0.41376117467880247,0.17874328644049792
290,33,H,1,18,0.7622073486447334,0.11964671397860697
290,33,H,1,19,0.0,0.0
290,33,H,2,0,0.5844436906278133,0.18616116247100387
290,33,H,2,1,0.40766606554389,0.18406829608658454
290,33,H,2,2,0.5847274608910084,0.18027793483234267
290,33,H,2,3,0.4169022113084793,0.1833691460789266
290,33,H,2,4,0.2428031697869301,0.1177281528963808
290,33,H,2,5,0.0,0.0
290,33,H,2,6,0.0,0.0
290,33,H,2,7,0.0,0.0
290,33,H,2,8,0.0,0.0
290,33,H,2,9,0.0,0.0
290,33,H,2,10,0.0,0.0
290,33,H,2,11,0.41214371398091315,0.17849298731221977
290,33,H,2,12,0.5872691884636879,0.17653809534761875
290,33,H,2,13,0.7583712458610534,0.1175012106899365
290,33,H,2,14,0.0,0.0
290,33,H,2,15,0.0,0.0
290,33,H,2,16,0.0,0.0
290,33,H,2,17,0.5911137625575066,0.18360240968304378
290,33,H,2,18,0.593002387881279,0.18143413978621079
290,33,H,2,19,0.0,0.0
290,33,H,3,0,0.0,0.0
290,33,H,3,1,0.0,0.0
290,33,H,3,2,0.0,0.0
290,33,H,3,3,0.0,0.0
290,33,H,3,4,0.0,0.0
290,33,H,3,5,0.40575814694166185,0.18319779614556064
290,33,H,3,6,0.7589147478342056,0.11768378666867389
290,33,H,3,7,0.2419285997748375,0.11949903275412821
290,33,H,3,8,0.0,0.0
290,33,H,3,9,0.9319239735603333,6.950335818203257e-06
290,33,H,3,10,0.5813282571732998,0.1855205462781047
290,33,H,3,11,0.0,0.0
290,33,H,3,12,0.0,0.0
290,33,H,3,13,0.0,0.0
290,33,H,3,14,0.4154382020235062,0.18186802863901114
290,33,H,3,15,0.4191906526684761,0.1813026128480147
290,33,H,3,16,0.4075267635285854,0.18210370229162864
290,33,H,3,17,0.0,0.0
290,33,H,3,18,0.0,0.0
290,33,H,3,19,0.41357415467500686,0.18327335472609518
290,33,H,4,0,0.0,0.0
290,33,H,4,1,0.0,0.0
290,33,H,4,2,0.0,0.0
290,33,H,4,3,0.0,0.0
290,33,H,4,4,0.0,0.0
290,33,H,4,5,0.24428790509700776,0.12155114793693503
290,33,H,4,6,0.5875708043575287,0.17672430590352425
290,33,H,4,7,0.9308963418006897,1.0881078050317684e-05
290,33,H,4,8,0.0,0.0
290,33,H,4,9,0.4113470233976841,0.17874234753762136
290,33,H,4,10,0.5789795719087124,0.18748668480696667
290,33,H,4,11,0.0,0.0
290,33,H,4,12,0.0,0.0
290,33,H,4,13,0.0,0.0
290,33,H,4,14,0.4123241052031517,0.17850432137809194
290,33,H,4,15,0.41362143158912656,0.17874129996881988
290,33,H,4,16,0.5894773840904236,0.17971627252192518
290,33,H,4,17,0.0,0.0
290,33,H,4,18,0.0,0.0
290,33,H,4,19,0.5850881963968277,0.18189080599867363
290,33,H,5,0,0.0,0.0
290,33,H,5,1,0.0,0.0
290,33,H,5,2,0.0,0.0
290,33,H,5,3,0.0,0.0
290,33,H,5,4,0.0,0.0
290,33,H,5,5,0.4155961975455284,0.17870811908407258
290,33,H,5,6,0.23814916461706162,0.11962318984436768
290,33,H,5,7,0.07082170695066452,2.242688821754157e-06
290,33,H,5,8,0.0,0.0
290,33,H,5,9,0.42070522904396057,0.18585601071318897
290,33,H,5,10,0.5855636306107044,0.18339020228293923
290,33,H,5,11,0.0,0.0
290,33,H,5,12,0.0,0.0
290,33,H,5,13,0.0,0.0
290,33,H,5,14,0.4140280827879906,0.1786688035698199
290,33,H,5,15,0.5881334349513054,0.1784268141442253
290,33,H,5,16,0.40802779272198675,0.18244157810132827
290,33,H,5,17,0.0,0.0
290,33,H,5,18,0.0,0.0
290,33,H,5,19,0.7591861575841904,0.11905876225459547
300,34,C,0,0,0.41434905529022215,0.17751900732377202
300,34,C,0,1,0.412817545235157,0.1787803532112604
300,34,C,0,2,0.7667882345616818,0.12438979842710748
300,34,C,0,3,0.2378127731382847,0.11958423388482073
300,34,C,0,4,0.0,0.0
300,34,C,0,5,0.0,0.0
300,34,C,0,6,0.5896811947226525,0.17839246098182465
300,34,C,0,7,0.4180577553808689,0.18315577703649297
300,34,C,0,8,0.41736169308424,0.18062566683213083
300,34,C,0,9,0.5871410608291626,0.17760145789289072
300,34,C,0,10,0.9353346943855285,9.366014525994616e-05
300,34,C,0,11,0.411315331608057,0.18013467388632945
300,34,C,0,12,0.24575315415859222,0.11861494026744412
300,34,C,0,13,0.7622928038239479,0.11844597092246793
300,34,C,0,14,0.41301246732473373,0.1791094642885795
300,34,C,0,15,0.24058041647076606,0.11923708565924651
300,34,C,0,16,0.4220729224383831,0.18705217991734352
300,34,C,0,17,0.7589075818657876,0.11909812653381442
300,34,C,0,18,0.5863131731748581,0.17845674286488405
300,34,C,0,19,0.06225571557879448,4.9820612649051906e-05
300,34,C,0,20,0.5867903083562851,0.17699087813999462
300,34,C,0,21,0.41613246947526933,0.17709758772431478
300,34,C,1,0,0.4184838742017746,0.17986895663462407
300,34,C,1,1,0.76307542771101,0.12212572114504835
300,34,C,1,2,0.0,0.0
300,34,C,1,3,0.0,0.0
300,34,C,1,4,0.9285734057426452,6.540507005269093e-05
300,34,C,1,5,0.5829384297132492,0.17840006714470605
300,34,C,1,6,0.0,0.0
300,34,C,1,7,0.0,0.0
300,34,C,1,8,0.08247571289539338,3.8544366547186296e-05
300,34,C,1,9,0.06964087411761284,3.507136990944737e-05
300,34,C,1,10,0.7621724784374238,0.11765998185066366
300,34,C,1,11,0.5989263981580735,0.17626923210707876
300,34,C,1,12,0.5860740080475807,0.18029646512374672
300,34,C,1,13,0.06294685453176499,8.599067826725372e-05
300,34,C,1,14,0.2506699785590172,0.03364247952866917
300,34,C,1,15,0.5799203798174858,0.1641949816609351
300,34,C,1,16,0.7603142619132995,0.11897763072899692
300,34,C,1,17,0.5863991521298886,0.18371690762334253
300,34,C,1,18,0.4142235890030861,0.17652702009509613
300,34,C,1,19,0.889354133605957,0.0015703838929974265
300,34,C,1,20,0.7034257374703884,0.10750731594226101
300,34,C,1,21,0.23633878603577613,0.12023204406246171
300,34,C,2,0,0.5836201645433903,0.17931950099171706
300,34,C,2,1,0.5926884517073632,0.18469669153102336
300,34,C,2,2,0.5872254222631454,0.1763057058658816
300,34,C,2,3,0.5834346026182174,0.1808441401645365
300,34,C,2,4,0.0,0.0
300,34,C,2,5,0.0,0.0
300,34,C,2,6,0.4111235894262791,0.18458482405439497
300,34,C,2,7,0.4120078168809414,0.18336677452172295
300,34,C,2,8,0.5823706269264222,0.18566454346018654
300,34,C,2,9,0.4177417501807213,0.17884434184432235
300,34,C,2,10,0.4170879676938057,0.1812337098317318
300,34,C,2,11,0.415287833660841,0.18180497945126103
300,34,C,2,12,0.238734270632267,0.1209850934289923
300,34,C,2,13,0.5968202710151672,0.18337610842963448
300,34,C,2,14,0.24163625091314317,0.11946382204129022
300,34,C,2,15,0.5876615330576896,0.1768289976857403
300,34,C,2,16,0.41792366430163386,0.18211425709356216
300,34,C,2,17,0.5870556324720383,0.17680703968748593
300,34,C,2,18,0.593073371052742,0.18092115818275623
300,34,C,2,19,0.5850621789693833,0.18012912425600072
300,34,C,2,20,0.4135409027338028,0.1784121075815875
300,34,C,2,21,0.24432504996657373,0.12459950527925948
300,34,H,0,0,0.5889433175325394,0.18209003571216723
300,34,H,0,1,0.7636719763278961,0.11988393857651672
300,34,H,0,2,0.41439775228500364,0.18382495092418577
300,34,H,0,3,0.5896771356463433,0.18057773509170633
300,34,H,0,4,0.0,0.0
300,34,H,0,5,0.0,0.0
300,34,H,0,6,0.0,0.0
300,34,H,0,7,0.0,0.0
300,34,H,0,8,0.23393411934375763,0.12070041362002051
300,34,H,0,9,0.5877481587231159,0.18222924680255687
300,34,H,0,10,0.0,0.0
300,34,H,0,11,0.0,0.0
300,34,H,0,12,0.5884904652833939,0.17986551072281515
300,34,H,0,13,0.5857742920517921,0.17841486487336403
300,34,H,0,14,0.0,0.0
300,34,H,0,15,0.0,0.0
300,34,H,0,16,0.5799445353448391,0.18381470735480676
300,34,H,0,17,0.41732220351696014,0.17855644201155849
300,34,H,0,18,0.41445254534482956,0.176917017505056
300,34,H,0,19,0.0,0.0
300,34,H,0,20,0.0,0.0
300,34,H,0,21,0.5834458343684673,0.17886602950043437
300,34,H,1,0,0.5847397737205029,0.1800515433737651
300,34,H,1,1,0.41118681654334066,0.18311695408845896
300,34,H,1,2,0.414427649974823,0.1793162665999798
300,34,H,1,3,0.7565537035465241,0.12157695436095266
300,34,H,1,4,0.0,0.0
300,34,H,1,5,0.0,0.0
300,34,H,1,6,0.0,0.0
300,34,H,1,7,0.0,0.0
300,34,H,1,8,0.414937923848629,0.18684678792382753
300,34,H,1,9,0.7662462890148163,0.1258745545094783
300,34,H,1,10,0.0,0.0
300,34,H,1,11,0.0,0.0
300,34,H,1,12,0.5772885665297508,0.19000624352883763
300,34,H,1,13,0.9333989262580872,6.272157521323153e-06
300,34,H,1,14,0.0,0.0
300,34,H,1,15,0.0,0.0
300,34,H,1,16,0.41533721834421156,0.17978033534213117
300,34,H,1,17,0.7630614191293716,0.11922197240047776
300,34,H,1,18,0.23964591398835183,0.12005777092150345
300,34,H,1,19,0.0,0.0
300,34,H,1,20,0.0,0.0
300,34,H,1,21,0.7612838372588158,0.1223898761815319
300,34,H,2,0,0.4161630801856518,0.18897214675261972
300,34,H,2,1,0.5853830263018608,0.17938014068190541
300,34,H,2,2,0.0,0.0
300,34,H,2,3,0.0,0.0
300,34,H,2,4,0.0,0.0
300,34,H,2,5,0.0,0.0
300,34,H,2,6,0.7587425246834755,0.11817647962496611
300,34,H,2,7,0.7594124525785446,0.11820272579772091
300,34,H,2,8,0.0,0.0
300,34,H,2,9,0.0,0.0
300,34,H,2,10,0.40974286273121835,0.18382175453959032
300,34,H,2,11,0.41213652193546296,0.184226379238477
300,34,H,2,12,0.24449471831321717,0.11910986772322243
300,34,H,2,13,0.24491903632879258,0.12271611841337546
300,34,H,2,14,0.0,0.0
300,34,H,2,15,0.0,0.0
300,34,H,2,16,0.24341570138931273,0.11784788568542096
300,34,H,2,17,0.2383277162909508,0.11960966819100574
300,34,H,2,18,0.4186487942934036,0.18006869340604775
300,34,H,2,19,0.0,0.0
300,34,H,2,20,0.0,0.0
300,34,H,2,21,0.7643328681588173,0.1213981280678885
300,34,H,3,0,0.7590211048722267,0.11832835822524626
300,34,H,3,1,0.4104571841657162,0.17938683495205876
300,34,H,3,2,0.0,0.0
300,34,H,3,3,0.0,0.0
300,34,H,3,4,0.0,0.0
300,34,H,3,5,0.0,0.0
300,34,H,3,6,0.5861687064170837,0.1824516893562773
300,34,H,3,7,0.41637270152568817,0.18054061204299082
300,34,H,3,8,0.0,0.0
300,34,H,3,9,0.0,0.0
300,34,H,3,10,0.7586968131363392,0.124276318987167
300,34,H,3,11,0.23747452348470688,0.12476632294418857
300,34,H,3,12,0.24367453828454017,0.12364254255947607
300,34,H,3,13,0.4136028490960598,0.18099645160582672
300,34,H,3,14,0.0,0.0
300,34,H,3,15,0.0,0.0
300,34,H,3,16,0.5869887515902519,0.1761256504573638
300,34,H,3,17,0.411067271232605,0.18205473541622408
300,34,H,3,18,0.5895576626062393,0.17884191981154843
300,34,H,3,19,0.0,0.0
300,34,H,3,20,0.0,0.0
300,34,H,3,21,0.5879923641681671,0.18399657686684728
300,34,H,4,0,0.0,0.0
300,34,H,4,1,0.0,0.0
300,34,H,4,2,0.0,0.0
300,34,H,4,3,0.0,0.0
300,34,H,4,4,0.23836131766438484,0.12275291355197093
300,34,H,4,5,0.4090451143682003,0.18160436721063666
300,34,H,4,6,0.0,0.0
300,34,H,4,7,0.0,0.0
300,34,H,4,8,0.40789534375071523,0.18225657415181462
300,34,H,4,9,0.5918894514441491,0.18122440410639248
300,34,H,4,10,0.589990746974945,0.17833031250655246
300,34,H,4,11,0.41296032518148423,0.18632509955087917
300,34,H,4,12,0.0,0.0
300,34,H,4,13,0.0,0.0
300,34,H,4,14,0.06615773886442185,1.527543076817128e-05
300,34,H,4,15,0.2392263561487198,0.11921412130666798
300,34,H,4,16,0.0,0.0
300,34,H,4,17,0.0,0.0
300,34,H,4,18,0.0,0.0
300,34,H,4,19,0.4160353928804398,0.18126798458532695
300,34,H,4,20,0.7654794842004776,0.12053729057402121
300,34,H,4,21,0.0,0.0
300,34,H,5,0,0.0,0.0
300,34,H,5,1,0.0,0.0
300,34,H,5,2,0.0,0.0
300,34,H,5,3,0.0,0.0
300,34,H,5,4,0.2437459036707878,0.11773072682723451
300,34,H,5,5,0.5915753692388535,0.1872904993349808
300,34,H,5,6,0.0,0.0
300,34,H,5,7,0.0,0.0
300,34,H,5,8,0.41622673869133,0.17929023913187786
300,34,H,5,9,0.41495182663202285,0.1780032647328462
300,34,H,5,10,0.41487994641065595,0.17939996259100113
300,34,H,5,11,0.7631286770105362,0.11921066061395635
300,34,H,5,12,0.0,0.0
300,34,H,5,13,0.0,0.0
300,34,H,5,14,0.7564308017492294,0.12460239383937269
300,34,H,5,15,0.5823924332857132,0.18400174805892472
300,34,H,5,16,0.0,0.0
300,34,H,5,17,0.0,0.0
300,34,H,5,18,0.0,0.0
300,34,H,5,19,0.5879143759608269,0.18398631754245015
300,34,H,5,20,0.5872316420078277,0.18034283247461375
300,34,H,5,21,0.0,0.0
310,35,C,0,0,0.2578628659248352,0.11606214898251936
310,35,C,0,1,0.2291158139705658,0.006789283801134615
310,35,C,0,2,0.4183656953275204,0.18998985689945666
310,35,C,0,3,0.08378515094518661,9.671410486603805e-05
310,35,C,0,4,0.831765639781952,0.004724203907416893
310,35,C,0,5,0.8689382195472717,0.0009731151983024234
310,35,C,0,6,0.8359875440597534,0.0031180101349855245
310,35,C,0,7,0.5824781246483326,0.18123173027464864
310,35,C,0,8,0.0,0.0
310,35,C,0,9,0.0,0.0
310,35,C,0,10,0.0,0.0
310,35,C,0,11,0.7665901720523834,0.12091817442780069
310,35,C,0,12,0.682432234287262,0.01063855815217778
310,35,C,0,13,0.7105115413665771,0.013339198588368503
310,35,C,0,14,0.7105145156383514,0.016568926398608852
310,35,C,0,15,0.2705919906497002,0.10916960359805258
310,35,C,0,16,0.0659215621650219,9.508721494020156e-05
310,35,C,0,17,0.5896164327859879,0.1780453391053088
310,35,C,0,18,0.5853578664362431,0.18352727192251878
310,35,C,0,19,0.4047581911087036,0.18418274112803323
310,35,C,0,20,0.40078247562050817,0.17956975213513257
310,35,C,0,21,0.0,0.0
310,35,C,1,0,0.4006955437362194,0.16626022836072724
310,35,C,1,1,0.9306142091751098,6.666894820170911e-06
310,35,C,1,2,0.7633050367236137,0.119260916127592
310,35,C,1,3,0.738155722618103,0.10847810618557788
310,35,C,1,4,0.23823035955429078,0.11975257531413919
310,35,C,1,5,0.4133241198956966,0.1793575089673934
310,35,C,1,6,0.41584121733903884,0.17925064226203635
310,35,C,1,7,0.4224064230918884,0.17800747516722076
310,35,C,1,8,0.411758117377758,0.18154936457713985
310,35,C,1,9,0.4146625280380249,0.1771451042465495
310,35,C,1,10,0.07185855060815811,7.235965422816016e-06
310,35,C,1,11,0.4156413361430168,0.18206926734916967
310,35,C,1,12,0.5828769288957119,0.18021756175408143
310,35,C,1,13,0.41270238906145096,0.17942038607141736
310,35,C,1,14,0.41871013343334196,0.17974090951992047
310,35,C,1,15,0.24591314047574997,0.11757357303618683
310,35,C,1,16,0.5830734744668007,0.18387846201198493
310,35,C,1,17,0.5826000474393368,0.17933162328922195
310,35,C,1,18,0.9298941493034363,4.033225587818379e-06
310,35,C,1,19,0.7551552064716816,0.12047707483812546
310,35,C,1,20,0.5861241191625595,0.17643001840533687
310,35,C,1,21,0.5886203214526177,0.17886049340095744
310,35,C,2,0,0.26364644318819047,0.11737532952238035
310,35,C,2,1,0.41672130227088927,0.17922858885905193
310,35,C,2,2,0.1977558434009552,0.004556297270225862
310,35,C,2,3,0.08925554007291794,3.0382449613139964e-05
310,35,C,2,4,0.0,0.0
310,35,C,2,5,0.0,0.0
310,35,C,2,6,0.0,0.0
310,35,C,2,7,0.761839248239994,0.1198939228370973
310,35,C,2,8,0.868134081363678,0.002593212926903732
310,35,C,2,9,0.8439525127410888,0.0005667610834856874
310,35,C,2,10,0.8430779814720154,0.0018415254463698717
310,35,C,2,11,0.4175975486636162,0.18050003371981113
310,35,C,2,12,0.24640997052192687,0.11731180948125633
310,35,C,2,13,0.5913479909300804,0.17772622811667246
310,35,C,2,14,0.24609875604510306,0.12058677133053022
310,35,C,2,15,0.2562157019972801,0.11988837152796158
310,35,C,2,16,0.8242478251457215,0.000612408369857178
310,35,C,2,17,0.8444914579391479,0.0006618977624236777
310,35,C,2,18,0.7966365933418273,0.007341184577759066
310,35,C,2,19,0.9304787993431092,5.389590004369892e-06
310,35,C,2,20,0.4062242917716503,0.1789275050556186
310,35,C,2,21,0.0,0.0
310,35,H,0,0,0.5864655807614326,0.17803161240454063
310,35,H,0,1,0.41352189481258395,0.17809933412644705
310,35,H,0,2,0.0,0.0
310,35,H,0,3,0.414997823536396,0.17940976881125043
310,35,H,0,4,0.7586070030927659,0.12095710872439765
310,35,H,0,5,0.5831422477960586,0.17991157028551444
310,35,H,0,6,0.7686883270740509,0.12179749822624841
310,35,H,0,7,0.0,0.0
310,35,H,0,8,0.0,0.0
310,35,H,0,9,0.0,0.0
310,35,H,0,10,0.0,0.0
310,35,H,0,11,0.0,0.0
310,35,H,0,12,0.24344856292009354,0.11776197142894325
310,35,H,0,13,0.41499063521623614,0.17640690056505198
310,35,H,0,14,0.5832584522664547,0.1828062485898687
310,35,H,0,15,0.41244309917092326,0.181012356308355
310,35,H,0,16,0.0,0.0
310,35,H,0,17,0.0,0.0
310,35,H,0,18,0.0,0.0
310,35,H,0,19,0.0,0.0
310,35,H,0,20,0.9397723197937011,6.417666442132485e-05
310,35,H,0,21,0.0,0.0
310,35,H,1,0,0.41029012501239776,0.18018137095832215
310,35,H,1,1,0.7597302585840225,0.12028794192540455
310,35,H,1,2,0.0,0.0
310,35,H,1,3,0.41376755237579343,0.17799169369322504
310,35,H,1,4,0.5874922305345536,0.17853545284421202
310,35,H,1,5,0.4134521260857582,0.17815834162226354
310,35,H,1,6,0.4132061116397381,0.1789887052857152
310,35,H,1,7,0.0,0.0
310,35,H,1,8,0.0,0.0
310,35,H,1,9,0.0,0.0
310,35,H,1,10,0.0,0.0
310,35,H,1,11,0.0,0.0
310,35,H,1,12,0.41189885437488555,0.1799861737271377
310,35,H,1,13,0.5874935314059258,0.17852806905669505
310,35,H,1,14,0.5828157879412175,0.1820106638048716
310,35,H,1,15,0.41434036791324613,0.176836472169638
310,35,H,1,16,0.0,0.0
310,35,H,1,17,0.0,0.0
310,35,H,1,18,0.0,0.0
310,35,H,1,19,0.0,0.0
310,35,H,1,20,0.41316996812820433,0.1775329617472662
310,35,H,1,21,0.0,0.0
310,35,H,2,0,0.7618822529911995,0.11886479604248064
310,35,H,2,1,0.41159939020872116,0.17843060288044382
310,35,H,2,2,0.0,0.0
310,35,H,2,3,0.23742048740386962,0.11964418364159948
310,35,H,2,4,0.4130984887480736,0.18068202872229772
310,35,H,2,5,0.41397549882531165,0.18046633688600472
310,35,H,2,6,0.7614303812384605,0.11864052669792644
310,35,H,2,7,0.0,0.0
310,35,H,2,8,0.0,0.0
310,35,H,2,9,0.0,0.0
310,35,H,2,10,0.0,0.0
310,35,H,2,11,0.0,0.0
310,35,H,2,12,0.2393440291285515,0.11906316291144121
310,35,H,2,13,0.5912416815757752,0.181930974217547
310,35,H,2,14,0.7600364834070206,0.11814856683372436
310,35,H,2,15,0.24004247039556503,0.11878123586655098
310,35,H,2,16,0.0,0.0
310,35,H,2,17,0.0,0.0
310,35,H,2,18,0.0,0.0
310,35,H,2,19,0.0,0.0
310,35,H,2,20,0.07032933682203293,2.1490690684000667e-06
310,35,H,2,21,0.0,0.0
310,35,H,3,0,0.9314820170402527,1.5019947402095112e-05
310,35,H,3,1,0.0,0.0
310,35,H,3,2,0.5874695897102356,0.17673772581047345
310,35,H,3,3,0.24356972873210908,0.11762157741831496
310,35,H,3,4,0.0,0.0
310,35,H,3,5,0.0,0.0
310,35,H,3,6,0.0,0.0
310,35,H,3,7,0.0,0.0
310,35,H,3,8,0.7600060999393463,0.11916873873986304
310,35,H,3,9,0.4131324112415314,0.17736844918487252
310,35,H,3,10,0.4133043259382248,0.17754722358959163
310,35,H,3,11,0.0,0.0
310,35,H,3,12,0.0,0.0
310,35,H,3,13,0.0,0.0
310,35,H,3,14,0.0,0.0
310,35,H,3,15,0.4108458273112774,0.17995446841707266
310,35,H,3,16,0.4136612057685852,0.17723755382098944
310,35,H,3,17,0.23934279307723044,0.12148785090174523
310,35,H,3,18,0.41198201924562455,0.17856257352857344
310,35,H,3,19,0.0,0.0
310,35,H,3,20,0.4129300870001316,0.18265301815420704
310,35,H,3,21,0.0,0.0
310,35,H,4,0,0.41212191209197047,0.17817274408604422
310,35,H,4,1,0.0,0.0
310,35,H,4,2,0.24322450384497643,0.12429940903040818
310,35,H,4,3,0.23975294530391694,0.11870602916947792
310,35,H,4,4,0.0,0.0
310,35,H,4,5,0.0,0.0
310,35,H,4,6,0.0,0.0
310,35,H,4,7,0.0,0.0
310,35,H,4,8,0.06842696219682694,1.0751081215456536e-05
310,35,H,4,9,0.4133440412580967,0.18544382614272797
310,35,H,4,10,0.585703943669796,0.1791087001557787
310,35,H,4,11,0.0,0.0
310,35,H,4,12,0.0,0.0
310,35,H,4,13,0.0,0.0
310,35,H,4,14,0.0,0.0
310,35,H,4,15,0.4170186951756477,0.17969217796775327
310,35,H,4,16,0.41461153477430346,0.1767287403339069
310,35,H,4,17,0.76004698574543,0.11803644617225761
310,35,H,4,18,0.24056450873613358,0.11863543664957106
310,35,H,4,19,0.0,0.0
310,35,H,4,20,0.9311866641044617,5.463431126031537e-06
310,35,H,4,21,0.0,0.0
310,35,H,5,0,0.41503693610429765,0.18354095029408873
310,35,H,5,1,0.0,0.0
310,35,H,5,2,0.4109620854258537,0.17961136989576745
310,35,H,5,3,0.7598256140947341,0.11798728652449567
310,35,H,5,4,0.0,0.0
310,35,H,5,5,0.0,0.0
310,35,H,5,6,0.0,0.0
310,35,H,5,7,0.0,0.0
310,35,H,5,8,0.5879356637597084,0.17698572789322076
310,35,H,5,9,0.41214573159813883,0.18102420757394502
310,35,H,5,10,0.23974876031279563,0.11879211064515835
310,35,H,5,11,0.0,0.0
310,35,H,5,12,0.0,0.0
310,35,H,5,13,0.0,0.0
310,35,H,5,14,0.0,0.0
310,35,H,5,15,0.5886892735958099,0.17892073108132966
310,35,H,5,16,0.23973552137613297,0.11986199949876461
310,35,H,5,17,0.5891613245010376,0.1784661136210805
310,35,H,5,18,0.5903136432170868,0.18118876024597402
310,35,H,5,19,0.0,0.0
310,35,H,5,20,0.7546117916703224,0.12180772335316788
310,35,H,5,21,0.0,0.0
310,35,H,6,0,0.41427182853221894,0.17649125244719896
310,35,H,6,1,0.4130403272807598,0.18396557354578255
310,35,H,6,2,0.41537261605262754,0.1760153886259411
310,35,H,6,3,0.7599959269165992,0.12012780102290295
310,35,H,6,4,0.0,0.0
310,35,H,6,5,0.0,0.0
310,35,H,6,6,0.0,0.0
310,35,H,6,7,0.409554747492075,0.1802582942433149
310,35,H,6,8,0.0,0.0
310,35,H,6,9,0.0,0.0
310,35,H,6,10,0.0,0.0
310,35,H,6,11,0.7636752128601074,0.12030213918451835
310,35,H,6,12,0.4173615530133247,0.1809394792269629
310,35,H,6,13,0.4181972846388817,0.18156304385630354
310,35,H,6,14,0.4166970655322075,0.17843875988252805
310,35,H,6,15,0.5867915868759155,0.1775327902782961
310,35,H,6,16,0.5902520582079888,0.17800106233185917
310,35,H,6,17,0.5905759423971176,0.1786197273220967
310,35,H,6,18,0.06788982674479485,8.363486625397653e-05
310,35,H,6,19,0.586887663602829,0.17696640640297093
310,35,H,6,20,0.4167471133172512,0.18678645546718
310,35,H,6,21,0.0,0.0
320,36,C,0,0,0.4306961908936501,0.1753023900042296
320,36,C,0,1,0.17273802012205125,0.005826082819040302
320,36,C,0,2,0.23616994619369508,0.12054479930872838
320,36,C,0,3,0.4280016854405403,0.1763108076624957
320,36,C,0,4,0.7789139866828918,0.0029996688524340696
320,36,C,0,5,0.8342488646507263,0.003722696169119785
320,36,C,0,6,0.8018476486206054,0.007488924431529258
320,36,C,0,7,0.40570388063788415,0.1806427484040554
320,36,C,0,8,0.7552252218127251,0.12004768557079763
320,36,C,0,9,0.0,0.0
320,36,C,0,10,0.0,0.0
320,36,C,0,11,0.0,0.0
320,36,C,0,12,0.8029772877693176,0.001090070088668824
320,36,C,0,13,0.8156727910041809,0.0036193502009362532
320,36,C,0,14,0.795750617980957,0.004689245698376965
320,36,C,0,15,0.24986525475978852,0.11717130943336004
320,36,C,0,16,0.23617141023278237,0.11428217323330055
320,36,C,0,17,0.07044460102915764,6.791386624007466e-05
320,36,C,0,18,0.5905429974198342,0.17743367137359325
320,36,C,0,19,0.0,0.0
320,36,C,0,20,0.41090989410877227,0.17929642918284383
320,36,C,0,21,0.0,0.0
320,36,C,1,0,0.2910351999104023,0.11516174982209378
320,36,C,1,1,0.25041613727808,0.11850806611024838
320,36,C,1,2,0.26349821388721467,0.11550973296149976
320,36,C,1,3,0.10832826793193817,0.0014458985840210881
320,36,C,1,4,0.23746123909950256,0.1212201844419386
320,36,C,1,5,0.583921131491661,0.1766598660730328
320,36,C,1,6,0.5823204621672631,0.184714574583089
320,36,C,1,7,0.7885841250419616,0.002851620156835679
320,36,C,1,8,0.8412838816642761,0.0012061110027596555
320,36,C,1,9,0.5862452879548072,0.17937268100066517
320,36,C,1,10,0.760522085428238,0.11811830647790544
320,36,C,1,11,0.24341120570898056,0.11906384213529701
320,36,C,1,12,0.6007475242018699,0.17932425268407132
320,36,C,1,13,0.2518198356032372,0.11969274337298123
320,36,C,1,14,0.07850530296564102,0.00011238339655613938
320,36,C,1,15,0.8618762969970704,0.011486830147759123
320,36,C,1,16,0.7587189197540283,0.009383463276041084
320,36,C,1,17,0.08398155122995377,0.00012565135745348232
320,36,C,1,18,0.07833458483219147,8.481100640655992e-05
320,36,C,1,19,0.41459864675998687,0.17643472524755488
320,36,C,1,20,0.5793174490332603,0.17687907229399732
320,36,C,1,21,0.0,0.0
320,36,C,2,0,0.5922071158885955,0.18229984612217237
320,36,C,2,1,0.7558775290846824,0.12206558606884588
320,36,C,2,2,0.7791049242019653,0.005715600719191515
320,36,C,2,3,0.5810149133205413,0.17720402535212293
320,36,C,2,4,0.0,0.0
320,36,C,2,5,0.0,0.0
320,36,C,2,6,0.0,0.0
320,36,C,2,7,0.5880277097225189,0.17692318247719754
320,36,C,2,8,0.2445407196879387,0.11783718524419995
320,36,C,2,9,0.41425905004143715,0.17766500243327407
320,36,C,2,10,0.4169117361307144,0.17861413385294397
320,36,C,2,11,0.9311554431915283,9.319653983652643e-07
320,36,C,2,12,0.2384128227829933,0.11910175279726212
320,36,C,2,13,0.5874034598469734,0.17812491627017987
320,36,C,2,14,0.24236964136362077,0.11778404732907936
320,36,C,2,15,0.7477140083909035,0.11708517246105951
320,36,C,2,16,0.5770172826945782,0.18033834165849863
320,36,C,2,17,0.451365539431572,0.1578122216694219
320,36,C,2,18,0.2669001191854477,0.10705417233870118
320,36,C,2,19,0.41180251985788346,0.17705992845760266
320,36,C,2,20,0.4138588011264801,0.1782492772184198
320,36,C,2,21,0.9327864408493042,1.5293494448940237e-05
320,36,H,0,0,0.4123134143650532,0.17908064321028852
320,36,H,0,1,0.0,0.0
320,36,H,0,2,0.4107658460736275,0.18062879576832247
320,36,H,0,3,0.5864932239055634,0.17724367675474068
320,36,H,0,4,0.0,0.0
320,36,H,0,5,0.0,0.0
320,36,H,0,6,0.0,0.0
320,36,H,0,7,0.0,0.0
320,36,H,0,8,0.0,0.0
320,36,H,0,9,0.05915400236845016,9.897877810113643e-05
320,36,H,0,10,0.4133527114987373,0.179575641967581
320,36,H,0,11,0.5888748422265053,0.18093399497228263
320,36,H,0,12,0.0,0.0
320,36,H,0,13,0.0,0.0
320,36,H,0,14,0.0,0.0
320,36,H,0,15,0.4166513279080391,0.17790234038608815
320,36,H,0,16,0.5877359449863434,0.17935193157326318
320,36,H,0,17,0.06621102467179299,2.8855473921782786e-05
320,36,H,0,18,0.4124370142817497,0.17810538063715758
320,36,H,0,19,0.24314135015010835,0.11999893090612306
320,36,H,0,20,0.5851579383015633,0.17926099155836903
320,36,H,0,21,0.0,0.0
320,36,H,1,0,0.5878531739115715,0.17721776549088278
320,36,H,1,1,0.0,0.0
320,36,H,1,2,0.5869156919419766,0.1850905396885469
320,36,H,1,3,0.4180708110332489,0.18199355925454777
320,36,H,1,4,0.0,0.0
320,36,H,1,5,0.0,0.0
320,36,H,1,6,0.0,0.0
320,36,H,1,7,0.0,0.0
320,36,H,1,8,0.0,0.0
320,36,H,1,9,0.7619617119431495,0.11973564848686016
320,36,H,1,10,0.41625404357910156,0.18189155666346837
320,36,H,1,11,0.594767501950264,0.18219499198104985
320,36,H,1,12,0.0,0.0
320,36,H,1,13,0.0,0.0
320,36,H,1,14,0.0,0.0
320,36,H,1,15,0.24276968687772751,0.1189450288146178
320,36,H,1,16,0.7576719760894776,0.1193126919517192
320,36,H,1,17,0.5849209070205689,0.18027161377394768
320,36,H,1,18,0.5860625885426998,0.17916428546014568
320,36,H,1,19,0.594290366768837,0.18219114570325712
320,36,H,1,20,0.5855661451816558,0.17727674337135232
320,36,H,1,21,0.0,0.0
320,36,H,3,0,0.4138739511370659,0.17774097322349017
320,36,H,3,1,0.2431667700409889,0.11933499811783718
320,36,H,3,2,0.24452985674142838,0.120130254818545
320,36,H,3,3,0.24002588987350465,0.11895375569113135
320,36,H,3,4,0.0,0.0
320,36,H,3,5,0.0,0.0
320,36,H,3,6,0.0,0.0
320,36,H,3,7,0.41409634202718737,0.17703026897449442
320,36,H,3,8,0.05935953482985497,9.19868457043749e-05
320,36,H,3,9,0.0,0.0
320,36,H,3,10,0.0,0.0
320,36,H,3,11,0.0,0.0
320,36,H,3,12,0.5860272854566574,0.17761223028983167
320,36,H,3,13,0.24096550717949866,0.11879776474116151
320,36,H,3,14,0.5906423538923263,0.18468478958381485
320,36,H,3,15,0.7643133863806725,0.11985410589897558
320,36,H,3,16,0.41611661165952685,0.1774503027385536
320,36,H,3,17,0.7587180778384208,0.11992110094650872
320,36,H,3,18,0.24207065552473067,0.11828571471060108
320,36,H,3,19,0.0,0.0
320,36,H,3,20,0.24198044389486312,0.11823731288346673
320,36,H,3,21,0.0,0.0
320,36,H,4,0,0.7602740406990052,0.11864245879655669
320,36,H,4,1,0.7652639850974083,0.11995198186283111
320,36,H,4,2,0.24111247956752777,0.11886490771703155
320,36,H,4,3,0.4135891519486904,0.17803781309748007
320,36,H,4,4,0.0,0.0
320,36,H,4,5,0.0,0.0
320,36,H,4,6,0.0,0.0
320,36,H,4,7,0.23566444739699363,0.12012570879841984
320,36,H,4,8,0.5869440317153931,0.17971415835060428
320,36,H,4,9,0.0,0.0
320,36,H,4,10,0.0,0.0
320,36,H,4,11,0.0,0.0
320,36,H,4,12,0.41597574651241304,0.17853970164152408
320,36,H,4,13,0.06867964565753937,3.1371323399920214e-06
320,36,H,4,14,0.5862050570547581,0.180538456195751
320,36,H,4,15,0.07248868644237519,3.2664586237718396e-06
320,36,H,4,16,0.9356870055198669,2.6113357623103185e-05
320,36,H,4,17,0.7597351595759392,0.11842419286812693
320,36,H,4,18,0.41900626868009566,0.18052889403129757
320,36,H,4,19,0.0,0.0
320,36,H,4,20,0.4175781697034836,0.18241660383922698
320,36,H,4,21,0.0,0.0
320,36,H,5,0,0.06787388920783996,1.7377781503666868e-05
320,36,H,5,1,0.5878024116158486,0.17754127231246902
320,36,H,5,2,0.0,0.0
320,36,H,5,3,0.5864169672131538,0.1769790698010147
320,36,H,5,4,0.41992920339107515,0.18122341243294549
320,36,H,5,5,0.5875220790505409,0.17808155383861632
320,36,H,5,6,0.4168670892715454,0.18071544655892632
320,36,H,5,7,0.0,0.0
320,36,H,5,8,0.0,0.0
320,36,H,5,9,0.0,0.0
320,36,H,5,10,0.0,0.0
320,36,H,5,11,0.0,0.0
320,36,H,5,12,0.24104100614786148,0.11960275936739746
320,36,H,5,13,0.24223588705062865,0.11837839619269819
320,36,H,5,14,0.2349361516535282,0.12090575186480612
320,36,H,5,15,0.41575592309236525,0.17608628853328626
320,36,H,5,16,0.4131073221564293,0.17813655296253608
320,36,H,5,17,0.0,0.0
320,36,H,5,18,0.0,0.0
320,36,H,5,19,0.0,0.0
320,36,H,5,20,0.0,0.0
320,36,H,5,21,0.0,0.0
320,36,H,6,0,0.41428486853837965,0.17703290475664585
320,36,H,6,1,0.760691799223423,0.11844869336732793
320,36,H,6,2,0.0,0.0
320,36,H,6,3,0.4164241820573807,0.17851890887842106
320,36,H,6,4,0.5845997199416161,0.17926299101689894
320,36,H,6,5,0.414229528605938,0.17766955683262473
320,36,H,6,6,0.5887083515524865,0.18343545361581085
320,36,H,6,7,0.0,0.0
320,36,H,6,8,0.0,0.0
320,36,H,6,9,0.0,0.0
320,36,H,6,10,0.0,0.0
320,36,H,6,11,0.0,0.0
320,36,H,6,12,0.9330878376960754,9.861887082820431e-06
320,36,H,6,13,0.7606889560818673,0.11813891918320543
320,36,H,6,14,0.7630192711949348,0.11902183480737775
320,36,H,6,15,0.7612953215837479,0.11851428186471688
320,36,H,6,16,0.7590343326330184,0.11958158557606605
320,36,H,6,17,0.0,0.0
320,36,H,6,18,0.0,0.0
320,36,H,6,19,0.0,0.0
320,36,H,6,20,0.0,0.0
320,36,H,6,21,0.0,0.0
320,36,H,7,0,0.5890636518597603,0.17778279394195887
320,36,H,7,1,0.5889887534081936,0.18144254281991148
320,36,H,7,2,0.0,0.0
320,36,H,7,3,0.24233541637659073,0.11787004896419066
320,36,H,7,4,0.5880143418908119,0.1772789251735561
320,36,H,7,5,0.23533415645360947,0.12025459404875168
320,36,H,7,6,0.5903729245066642,0.18200829332560686
320,36,H,7,7,0.0,0.0
320,36,H,7,8,0.0,0.0
320,36,H,7,9,0.0,0.0
320,36,H,7,10,0.0,0.0
320,36,H,7,11,0.0,0.0
320,36,H,7,12,0.4150282070040703,0.17853049984382746
320,36,H,7,13,0.5932637326419353,0.18429359302177972
320,36,H,7,14,0.5901582702994347,0.17861056023176897
320,36,H,7,15,0.591583988070488,0.1794727795005866
320,36,H,7,16,0.7591635152697563,0.11765975289627466
320,36,H,7,17,0.0,0.0
320,36,H,7,18,0.0,0.0
320,36,H,7,19,0.0,0.0
320,36,H,7,20,0.0,0.0
320,36,H,7,21,0.0,0.0
330,37,C,0,0,0.8479871273040771,0.0026363308570870455
330,37,C,0,1,0.8900314450263977,0.0015746624936844003
330,37,C,0,2,0.8954326629638671,0.001559066299210201
330,37,C,0,3,0.0,0.0
330,37,C,0,4,0.0,0.0
330,37,C,0,5,0.0,0.0
330,37,C,0,6,0.0,0.0
330,37,C,0,7,0.578186634927988,0.1776034295702689
330,37,C,0,8,0.24057759195566178,0.11882003491706276
330,37,C,0,9,0.4087876558303833,0.18723706947380228
330,37,C,0,10,0.0,0.0
330,37,C,0,11,0.7559285879135131,0.03983244053963005
330,37,C,0,12,0.7381821632385254,0.006900799136062971
330,37,C,0,13,0.7807286739349365,0.007371997274064198
330,37,C,0,14,0.4144825428724289,0.17819218311820534
330,37,C,0,15,0.06918986141681671,1.2672220494791554e-05
330,37,C,0,16,0.24158404171466827,0.1190470042155378
330,37,C,0,17,0.7594757810235023,0.12834503276476641
330,37,C,0,18,0.8802132844924927,0.0008312151066471073
330,37,C,0,19,0.4169249325990677,0.17916959039980013
330,37,C,0,20,0.4145332805812359,0.1835130266304957
330,37,C,0,21,0.41405594497919085,0.178153798231379
330,37,C,1,0,0.0,0.0
330,37,C,1,1,0.0,0.0
330,37,C,1,2,0.0,0.0
330,37,C,1,3,0.8592095494270324,0.0004652329603734984
330,37,C,1,4,0.8823501586914062,0.0011917028294141118
330,37,C,1,5,0.8465629100799561,0.0014315058250465996
330,37,C,1,6,0.0,0.0
330,37,C,1,7,0.23770973905920983,0.12391417919916395
330,37,C,1,8,0.5873674437403679,0.17982415234651108
330,37,C,1,9,0.754058376699686,0.12040189852982888
330,37,C,1,10,0.0,0.0
330,37,C,1,11,0.24392370134592056,0.1200238634393536
330,37,C,1,12,0.4180277943611145,0.18170896585433388
330,37,C,1,13,0.41395373865962026,0.18326237654247124
330,37,C,1,14,0.7750150084495544,0.008396152057421204
330,37,C,1,15,0.8046460270881652,0.004668450681336935
330,37,C,1,16,0.5045798748731614,0.0717183610397273
330,37,C,1,17,0.24001608788967133,0.11965153166937503
330,37,C,1,18,0.4176273360848427,0.18320604984999306
330,37,C,1,19,0.4182458370923996,0.1795207733024741
330,37,C,1,20,0.7925689816474915,0.007876509916104623
330,37,C,1,21,0.5891218833625317,0.18397451004023854
330,37,C,2,0,0.0,0.0
330,37,C,2,1,0.0,0.0
330,37,C,2,2,0.0,0.0
330,37,C,2,3,0.0,0.0
330,37,C,2,4,0.0,0.0
330,37,C,2,5,0.0,0.0
330,37,C,2,6,0.8621619820594788,0.0015877774381044673
330,37,C,2,7,0.25975670516490934,0.11517422057602444
330,37,C,2,8,0.423423233628273,0.17789000071000488
330,37,C,2,9,0.08335546404123306,8.50261485858539e-06
330,37,C,2,10,0.4246048733592033,0.16373650860840455
330,37,C,2,11,0.4092438340187073,0.18178557113282454
330,37,C,2,12,0.07013478726148606,1.2995509048128182e-05
330,37,C,2,13,0.40933249816298484,0.17983496797426277
330,37,C,2,14,0.41437814086675645,0.17799783100017424
330,37,C,2,15,0.41398558020591736,0.17885814178181386
330,37,C,2,16,0.4120845913887024,0.1854356368006881
330,37,C,2,17,0.6207665741443634,0.01748640868085843
330,37,C,2,18,0.5825571022927761,0.18018274255058983
330,37,C,2,19,0.38466919362545016,0.026851117520457067
330,37,C,2,20,0.5856905683875084,0.1816948192232853
330,37,C,2,21,0.24281730353832245,0.003669217670805444
330,37,H,0,0,0.5885494396090507,0.17957653815436933
330,37,H,0,1,0.761827202141285,0.1187756725340112
330,37,H,0,2,0.7602945461869239,0.1185746331695445
330,37,H,0,3,0.0,0.0
330,37,H,0,4,0.0,0.0
330,37,H,0,5,0.0,0.0
330,37,H,0,6,0.0,0.0
330,37,H,0,7,0.4134170010685921,0.17869372801429872
330,37,H,0,8,0.5875600956380367,0.1840354556216065
330,37,H,0,9,0.41175255104899405,0.1808061314301641
330,37,H,0,10,0.0,0.0
330,37,H,0,11,0.7649284288287163,0.11987842478870743
330,37,H,0,12,0.5890948578715325,0.17818516170449383
330,37,H,0,13,0.756313270330429,0.11958268810734948
330,37,H,0,14,0.0,0.0
330,37,H,0,15,0.0,0.0
330,37,H,0,16,0.0,0.0
330,37,H,0,17,0.0,0.0
330,37,H,0,18,0.24367837160825728,0.12021044729834478
330,37,H,0,19,0.0,0.0
330,37,H,0,20,0.0,0.0
330,37,H,0,21,0.0,0.0
330,37,H,1,0,0.5920884639024735,0.18048850977543035
330,37,H,1,1,0.760360112786293,0.11826533412550722
330,37,H,1,2,0.5857750341296196,0.18550038865601995
330,37,H,1,3,0.0,0.0
330,37,H,1,4,0.0,0.0
330,37,H,1,5,0.0,0.0
330,37,H,1,6,0.0,0.0
330,37,H,1,7,0.41493081897497175,0.1823239454094398
330,37,H,1,8,0.5857593581080437,0.17661448614459568
330,37,H,1,9,0.06646615117788315,9.800391184654254e-05
330,37,H,1,10,0.0,0.0
330,37,H,1,11,0.24118327125906944,0.1184121848870584
330,37,H,1,12,0.7661490738391876,0.12039663108621426
330,37,H,1,13,0.2393472820520401,0.1189925237588874
330,37,H,1,14,0.0,0.0
330,37,H,1,15,0.0,0.0
330,37,H,1,16,0.0,0.0
330,37,H,1,17,0.0,0.0
330,37,H,1,18,0.41527361422777176,0.17981492207919597
330,37,H,1,19,0.0,0.0
330,37,H,1,20,0.0,0.0
330,37,H,1,21,0.0,0.0
330,37,H,2,0,0.41120561882853507,0.17939606251468757
330,37,H,2,1,0.5860016971826554,0.1835758075897959
330,37,H,2,2,0.07029635906219482,2.693656583154791e-06
330,37,H,2,3,0.0,0.0
330,37,H,2,4,0.0,0.0
330,37,H,2,5,0.0,0.0
330,37,H,2,6,0.0,0.0
330,37,H,2,7,0.41739616841077803,0.18256940239612715
330,37,H,2,8,0.4089927367866039,0.18179851430947147
330,37,H,2,9,0.41155625879764557,0.18027549649459704
330,37,H,2,10,0.0,0.0
330,37,H,2,11,0.24157193154096604,0.11908858870673056
330,37,H,2,12,0.4124912917613983,0.1779248439746098
330,37,H,2,13,0.2454308435320854,0.12140107766954333
330,37,H,2,14,0.0,0.0
330,37,H,2,15,0.0,0.0
330,37,H,2,16,0.0,0.0
330,37,H,2,17,0.0,0.0
330,37,H,2,18,0.4181918427348137,0.18337427506839074
330,37,H,2,19,0.0,0.0
330,37,H,2,20,0.0,0.0
330,37,H,2,21,0.0,0.0
330,37,H,3,0,0.0,0.0
330,37,H,3,1,0.0,0.0
330,37,H,3,2,0.0,0.0
330,37,H,3,3,0.5841276474297047,0.1892733399793504
330,37,H,3,4,0.062118890881538394,0.00014530144114291655
330,37,H,3,5,0.9356074452400207,5.150547219074042e-05
330,37,H,3,6,0.0,0.0
330,37,H,3,7,0.24385945200920106,0.1234996543338337
330,37,H,3,8,0.4146152973175049,0.176669747440181
330,37,H,3,9,0.586729396879673,0.17803278526415234
330,37,H,3,10,0.0,0.0
330,37,H,3,11,0.0,0.0
330,37,H,3,12,0.0,0.0
330,37,H,3,13,0.0,0.0
330,37,H,3,14,0.414466404914856,0.17873802222572882
330,37,H,3,15,0.589417789131403,0.18511098763856051
330,37,H,3,16,0.5952858746051788,0.1825544046079004
330,37,H,3,17,0.0,0.0
330,37,H,3,18,0.0,0.0
330,37,H,3,19,0.0,0.0
330,37,H,3,20,0.5883887469768524,0.1846334445560532
330,37,H,3,21,0.0,0.0
330,37,H,4,0,0.0,0.0
330,37,H,4,1,0.0,0.0
330,37,H,4,2,0.0,0.0
330,37,H,4,3,0.933479106426239,2.403961098252694e-05
330,37,H,4,4,0.7598208516836167,0.11954619086622106
330,37,H,4,5,0.41231981068849566,0.1782455181065185
330,37,H,4,6,0.0,0.0
330,37,H,4,7,0.2308039516210556,0.12189194180038117
330,37,H,4,8,0.5914259865880013,0.18355613089956554
330,37,H,4,9,0.23923298716545105,0.11893047444788478
330,37,H,4,10,0.0,0.0
330,37,H,4,11,0.0,0.0
330,37,H,4,12,0.0,0.0
330,37,H,4,13,0.0,0.0
330,37,H,4,14,0.5878358095884323,0.17911546393958308
330,37,H,4,15,0.41695907786488534,0.18340575079378565
330,37,H,4,16,0.4149737775325775,0.1766856129416979
330,37,H,4,17,0.0,0.0
330,37,H,4,18,0.0,0.0
330,37,H,4,19,0.0,0.0
330,37,H,4,20,0.4144109174609184,0.17710625131121444
330,37,H,4,21,0.0,0.0
330,37,H,5,0,0.0,0.0
330,37,H,5,1,0.0,0.0
330,37,H,5,2,0.0,0.0
330,37,H,5,3,0.0707326129078865,4.3825791297935625e-06
330,37,H,5,4,0.41569474041461946,0.17844863072218714
330,37,H,5,5,0.24325256198644638,0.11861243714868012
330,37,H,5,6,0.0,0.0
330,37,H,5,7,0.40685361102223394,0.18238446604418052
330,37,H,5,8,0.2430204927921295,0.119228796986747
330,37,H,5,9,0.5841522127389908,0.18221402378945384
330,37,H,5,10,0.0,0.0
330,37,H,5,11,0.0,0.0
330,37,H,5,12,0.0,0.0
330,37,H,5,13,0.0,0.0
330,37,H,5,14,0.41498006880283356,0.17925674736041233
330,37,H,5,15,0.5777474448084832,0.18607170455277447
330,37,H,5,16,0.5851523339748382,0.17849066087341992
330,37,H,5,17,0.0,0.0
330,37,H,5,18,0.0,0.0
330,37,H,5,19,0.0,0.0
330,37,H,5,20,0.5839675307273865,0.17918351342934358
330,37,H,5,21,0.0,0.0
330,37,H,6,0,0.0,0.0
330,37,H,6,1,0.0,0.0
330,37,H,6,2,0.0,0.0
330,37,H,6,3,0.0,0.0
330,37,H,6,4,0.0,0.0
330,37,H,6,5,0.0,0.0
330,37,H,6,6,0.2420942947268486,0.11768880351303135
330,37,H,6,7,0.7590265244245529,0.11804142075713533
330,37,H,6,8,0.588606096804142,0.17927724571760412
330,37,H,6,9,0.7574703752994537,0.12122491197349147
330,37,H,6,10,0.4145406484603882,0.1779701624250638
330,37,H,6,11,0.0,0.0
330,37,H,6,12,0.0,0.0
330,37,H,6,13,0.0,0.0
330,37,H,6,14,0.0,0.0
330,37,H,6,15,0.0,0.0
330,37,H,6,16,0.0,0.0
330,37,H,6,17,0.5868768021464348,0.18081131793685162
330,37,H,6,18,0.0,0.0
330,37,H,6,19,0.7660584792494773,0.12031242862001568
330,37,H,6,20,0.0,0.0
330,37,H,6,21,0.41628277599811553,0.18078296223844656
340,38,C,0,0,0.5833569064736366,0.1791678447726428
340,38,C,0,1,0.7955825686454773,0.007901570120366727
340,38,C,0,2,0.9179208040237427,5.1542424804438264e-05
340,38,C,0,3,0.5949881255626679,0.05096932281062919
340,38,C,0,4,0.4172435373067856,0.1778897592043257
340,38,C,0,5,0.7589934349060059,0.07063003024896573
340,38,C,0,6,0.5857210889458656,0.18045865029687275
340,38,C,0,7,0.40523669831454756,0.18352334904690434
340,38,C,0,8,0.7633952148258686,0.12297647358814753
340,38,C,0,9,0.2435855060815811,0.11775534506525567
340,38,C,0,10,0.5955194637179375,0.173995751165198
340,38,C,0,11,0.19443277418613433,0.02835429394759917
340,38,C,0,12,0.2446467325091362,0.11878391602097593
340,38,C,0,13,0.41691540330648424,0.17880139309449133
340,38,C,0,14,0.0,0.0
340,38,C,0,15,0.7621265560388565,0.11984538034541428
340,38,C,0,16,0.0,0.0
340,38,C,0,17,0.4293126925826073,0.17057276910588567
340,38,C,0,18,0.591638197004795,0.17350420756832674
340,38,C,0,19,0.5879914119839669,0.18048462716952543
340,38,C,0,20,0.40843489542603495,0.1796517669466776
340,38,C,0,21,0.41946334987878797,0.18156623232230978
340,38,C,0,22,0.9109492778778077,0.00014109246955115395
340,38,C,0,23,0.24196666479110718,0.12048064857304178
340,38,C,1,0,0.42405917420983313,0.1675191009269173
340,38,C,1,1,0.5912710964679718,0.17905537666297017
340,38,C,1,2,0.245871252566576,0.12347688802059802
340,38,C,1,3,0.5908724412322044,0.18670625537226818
340,38,C,1,4,0.5938584223389626,0.18231525664210274
340,38,C,1,5,0.4064897745847702,0.16790306613810285
340,38,C,1,6,0.2290155127644539,0.12413598878628526
340,38,C,1,7,0.4164628654718399,0.17708677035277798
340,38,C,1,8,0.413779254257679,0.1790404285220829
340,38,C,1,9,0.5957544475793839,0.18361538318088813
340,38,C,1,10,0.5942422315478325,0.1823658459242215
340,38,C,1,11,0.4207436844706535,0.18442358349503168
340,38,C,1,12,0.5954140841960907,0.18112001548405837
340,38,C,1,13,0.24424435049295426,0.11796119069712388
340,38,C,1,14,0.0,0.0
340,38,C,1,15,0.0,0.0
340,38,C,1,16,0.4099602185189724,0.17962708674788122
340,38,C,1,17,0.4159488372504711,0.1822318899973104
340,38,C,1,18,0.5907078549265862,0.18030003071287035
340,38,C,1,19,0.5977197259664535,0.18345230885220104
340,38,C,1,20,0.76112040579319,0.11773145576365782
340,38,C,1,21,0.5919459968805313,0.17962613754367562
340,38,C,1,22,0.5832678876817227,0.1831347457054296
340,38,C,1,23,0.4128280937671661,0.182958279472786
340,38,C,2,0,0.8008673548698425,0.00036704006769610936
340,38,C,2,1,0.41237466782331467,0.1794412069557901
340,38,C,2,2,0.40696444511413576,0.17659487538004465
340,38,C,2,3,0.6977877803146839,0.10879233849965737
340,38,C,2,4,0.7414590358734131,0.0033792618071751693
340,38,C,2,5,0.7918407917022705,0.00380334639677784
340,38,C,2,6,0.797682011127472,0.0027263605536981574
340,38,C,2,7,0.7483562350273132,0.003723183677856525
340,38,C,2,8,0.582716865837574,0.1934708718712152
340,38,C,2,9,0.812705934047699,0.01230645842341147
340,38,C,2,10,0.0,0.0
340,38,C,2,11,0.0,0.0
340,38,C,2,12,0.07048672214150428,5.1095406432442034e-05
340,38,C,2,13,0.255855555832386,0.12074477972086987
340,38,C,2,14,0.5524502925574779,0.17490637269366272
340,38,C,2,15,0.0,0.0
340,38,C,2,16,0.1382285751402378,0.005676669484328698
340,38,C,2,17,0.9214766502380372,6.62617597328108e-06
340,38,C,2,18,0.9265743970870972,5.4724909208516696e-05
340,38,C,2,19,0.7542614340782166,0.005114941268926998
340,38,C,2,20,0.8859024524688721,0.0003863230713554344
340,38,C,2,21,0.8019988656044006,0.005453209122524641
340,38,C,2,22,0.4113631471991539,0.1793541700137044
340,38,C,2,23,0.9012563705444336,0.0005620624503896466
340,38,C,3,0,0.40835952684283255,0.1900384371099395
340,38,C,3,1,0.935163390636444,0.00013608728365909427
340,38,C,3,2,0.7407501339912415,0.014282109142574485
340,38,C,3,3,0.9031770467758179,0.0001989201085871173
340,38,C,3,4,0.727503526210785,0.004277880542065873
340,38,C,3,5,0.7208679802715778,0.11336129458909121
340,38,C,3,6,0.8554168701171875,0.0028937157581788143
340,38,C,3,7,0.7022546291351318,0.012569544035523846
340,38,C,3,8,0.32623609602451326,0.06075065112031218
340,38,C,3,9,0.7912283778190613,0.009531150739696556
340,38,C,3,10,0.0,0.0
340,38,C,3,11,0.0,0.0
340,38,C,3,12,0.0,0.0
340,38,C,3,13,0.0,0.0
340,38,C,3,14,0.8133167386054992,0.00280587656480634
340,38,C,3,15,0.8704452753067017,0.001065573952781449
340,38,C,3,16,0.41915710270404816,0.18170524663143137
340,38,C,3,17,0.5888019129633904,0.1801516002334757
340,38,C,3,18,0.5831902861595154,0.17794108783309262
340,38,C,3,19,0.4071375228464603,0.17834406225703148
340,38,C,3,20,0.5854457214474678,0.18103504039469845
340,38,C,3,21,0.7741397619247437,0.009483866250430139
340,38,C,3,22,0.7882247805595398,0.007909596673497674
340,38,C,3,23,0.11774201095104217,0.0007611286758987789
340,38,C,4,0,0.42214104235172273,0.17567925851963923
340,38,C,4,1,0.8563663244247437,0.00023933900202223417
340,38,C,4,2,0.8432376503944397,0.0023620886525455376
340,38,C,4,3,0.8153885483741761,0.006910315020470251
340,38,C,4,4,0.41284158900380136,0.187828781204894
340,38,C,4,5,0.8998358368873596,0.0002720731550672895
340,38,C,4,6,0.904340672492981,0.001646649510786915
340,38,C,4,7,0.8869395732879639,0.0007846530017806685
340,38,C,4,8,0.8642181992530823,0.0003134026185870198
340,38,C,4,9,0.8599998831748963,0.002603771612408536
340,38,C,4,10,0.11235338300466538,8.627602060301333e-05
340,38,C,4,11,0.09449713677167892,9.712738610538896e-05
340,38,C,4,12,0.0,0.0
340,38,C,4,13,0.0,0.0
340,38,C,4,14,0.8284510731697082,0.006315146014106573
340,38,C,4,15,0.828085458278656,0.0012268258643339891
340,38,C,4,16,0.0,0.0
340,38,C,4,17,0.8830005407333374,0.0013251568342431597
340,38,C,4,18,0.8312047004699707,0.0026134238183919936
340,38,C,4,19,0.4000180512666702,0.18440527685593855
340,38,C,4,20,0.5734056949615478,0.1802604050718851
340,38,C,4,21,0.8722979307174683,0.0011061993432369376
340,38,C,4,22,0.8180711030960083,0.0022945765884182377
340,38,C,4,23,0.5865027233958244,0.18556422172470038
340,38,H,0,0,0.588511498272419,0.17772561003887782
340,38,H,0,1,0.0634288139641285,0.00013952946009770706
340,38,H,0,2,0.7555681459605694,0.12179362079326114
340,38,H,0,3,0.23414457216858864,0.1207373486072989
340,38,H,0,4,0.0,0.0
340,38,H,0,5,0.41509021148085595,0.1822893935989684
340,38,H,0,6,0.0,0.0
340,38,H,0,7,0.0,0.0
340,38,H,0,8,0.2375265933573246,0.12263660499646545
340,38,H,0,9,0.0,0.0
340,38,H,0,10,0.7582778796553612,0.11924013717898951
340,38,H,0,11,0.7585574924945832,0.11767205517846206
340,38,H,0,12,0.0,0.0
340,38,H,0,13,0.0,0.0
340,38,H,0,14,0.0,0.0
340,38,H,0,15,0.0,0.0
340,38,H,0,16,0.0,0.0
340,38,H,0,17,0.7612293854355812,0.12422630252669978
340,38,H,0,18,0.4189921706914902,0.18191566227956585
340,38,H,0,19,0.4123243913054466,0.18348158054030167
340,38,H,0,20,0.23955896273255348,0.12081783022634521
340,38,H,0,21,0.0,0.0
340,38,H,0,22,0.40981202125549315,0.1819133764850227
340,38,H,0,23,0.0,0.0
340,38,H,1,0,0.7565784454345703,0.12147514674299202
340,38,H,1,1,0.4138365864753723,0.1793497675333791
340,38,H,1,2,0.7629280388355255,0.11899699075821601
340,38,H,1,3,0.4118247404694557,0.1779994872376427
340,38,H,1,4,0.0,0.0
340,38,H,1,5,0.5838036514818669,0.1810987218768258
340,38,H,1,6,0.0,0.0
340,38,H,1,7,0.0,0.0
340,38,H,1,8,0.7595705598592758,0.11769375944399374
340,38,H,1,9,0.0,0.0
340,38,H,1,10,0.40910645127296447,0.18129596614707041
340,38,H,1,11,0.7632627338171005,0.11967835861331419
340,38,H,1,12,0.0,0.0
340,38,H,1,13,0.0,0.0
340,38,H,1,14,0.0,0.0
340,38,H,1,15,0.0,0.0
340,38,H,1,16,0.0,0.0
340,38,H,1,17,0.24348049908876418,0.12054318093587921
340,38,H,1,18,0.5917978316545487,0.18192613383325812
340,38,H,1,19,0.5866107925772667,0.17916395177816757
340,38,H,1,20,0.4139448061585426,0.18295935659852075
340,38,H,1,21,0.0,0.0
340,38,H,1,22,0.41432420164346695,0.1798172425769417
340,38,H,1,23,0.0,0.0
340,38,H,2,0,0.5877200022339821,0.17966775040670316
340,38,H,2,1,0.5843037381768227,0.1861176879285412
340,38,H,2,2,0.0,0.0
340,38,H,2,3,0.5872060924768447,0.17674433433048162
340,38,H,2,4,0.41334592550992966,0.17984023823228704
340,38,H,2,5,0.5883323773741722,0.17919248246987185
340,38,H,2,6,0.0,0.0
340,38,H,2,7,0.41003126204013823,0.18006127751727896
340,38,H,2,8,0.0,0.0
340,38,H,2,9,0.0,0.0
340,38,H,2,10,0.0,0.0
340,38,H,2,11,0.0,0.0
340,38,H,2,12,0.5912047803401947,0.17978495649835913
340,38,H,2,13,0.23761580213904382,0.11944190000820558
340,38,H,2,14,0.0,0.0
340,38,H,2,15,0.0,0.0
340,38,H,2,16,0.0,0.0
340,38,H,2,17,0.23871284276247023,0.1207756570285751
340,38,H,2,18,0.4165188506245613,0.1783498238787023
340,38,H,2,19,0.5922443896532059,0.17984120328974246
340,38,H,2,20,0.5835295952856541,0.1817604574076434
340,38,H,2,21,0.0,0.0
340,38,H,2,22,0.0,0.0
340,38,H,2,23,0.4187467202544212,0.18424512432011514
340,38,H,3,0,0.5800359919667244,0.1856776127687838
340,38,H,3,1,0.759933277219534,0.12182749983741577
340,38,H,3,2,0.0,0.0
340,38,H,3,3,0.41575329899787905,0.1778326086839004
340,38,H,3,4,0.5873523339629173,0.17662285072520031
340,38,H,3,5,0.2338397890329361,0.12109074157047135
340,38,H,3,6,0.0,0.0
340,38,H,3,7,0.5986958593130112,0.1924428711975525
340,38,H,3,8,0.0,0.0
340,38,H,3,9,0.0,0.0
340,38,H,3,10,0.0,0.0
340,38,H,3,11,0.0,0.0
340,38,H,3,12,0.4158301010727882,0.178634629717231
340,38,H,3,13,0.583371365815401,0.1813378429844335
340,38,H,3,14,0.0,0.0
340,38,H,3,15,0.0,0.0
340,38,H,3,16,0.0,0.0
340,38,H,3,17,0.5870118707418441,0.1762138239924636
340,38,H,3,18,0.5790032908320427,0.18698799470636226
340,38,H,3,19,0.2434288814663887,0.12374771436989981
340,38,H,3,20,0.24255676940083504,0.12218886975165255
340,38,H,3,21,0.0,0.0
340,38,H,3,22,0.0,0.0
340,38,H,3,23,0.5895906284451484,0.17932537671185797
340,38,H,4,0,0.0,0.0
340,38,H,4,1,0.0,0.0
340,38,H,4,2,0.7635955214500427,0.12218457117685518
340,38,H,4,3,0.0,0.0
340,38,H,4,4,0.585790841281414,0.17919232781556577
340,38,H,4,5,0.0,0.0
340,38,H,4,6,0.4138059288263321,0.18281397743516287
340,38,H,4,7,0.24761091470718383,0.12328239886248371
340,38,H,4,8,0.5911389619112015,0.17889486031437427
340,38,H,4,9,0.41300602406263354,0.17888292211033957
340,38,H,4,10,0.0,0.0
340,38,H,4,11,0.0,0.0
340,38,H,4,12,0.0,0.0
340,38,H,4,13,0.0,0.0
340,38,H,4,14,0.5878800347447395,0.1800851338235475
340,38,H,4,15,0.0,0.0
340,38,H,4,16,0.0,0.0
340,38,H,4,17,0.0,0.0
340,38,H,4,18,0.0,0.0
340,38,H,4,19,0.0,0.0
340,38,H,4,20,0.0,0.0
340,38,H,4,21,0.41366554498672486,0.1764799320446246
340,38,H,4,22,0.5898006737232209,0.17912451831817064
340,38,H,4,23,0.41391943767666817,0.17994301206929872
340,38,H,5,0,0.0,0.0
340,38,H,5,1,0.24284284114837645,0.11806244448643441
340,38,H,5,2,0.5874559126794339,0.18270232987897891
340,38,H,5,3,0.7584623903036117,0.11981251731577414
340,38,H,5,4,0.0,0.0
340,38,H,5,5,0.0,0.0
340,38,H,5,6,0.4134196132421494,0.1817778903622432
340,38,H,5,7,0.0,0.0
340,38,H,5,8,0.5804081201553345,0.18556415372469937
340,38,H,5,9,0.42043321803212164,0.18890029116291512
340,38,H,5,10,0.0,0.0
340,38,H,5,11,0.0,0.0
340,38,H,5,12,0.0,0.0
340,38,H,5,13,0.0,0.0
340,38,H,5,14,0.0,0.0
340,38,H,5,15,0.41029046326875684,0.17930489846662376
340,38,H,5,16,0.0,0.0
340,38,H,5,17,0.5877103596925736,0.18019299472829373
340,38,H,5,18,0.40911131724715233,0.1813437548249665
340,38,H,5,19,0.0,0.0
340,38,H,5,20,0.0,0.0
340,38,H,5,21,0.41056145951151846,0.1832347794671654
340,38,H,5,22,0.5878608763217926,0.17834793643868369
340,38,H,5,23,0.0,0.0
350,39,C,0,0,0.08420762866735458,0.0005781850545077427
350,39,C,0,1,0.47078925371170044,0.14729530849945122
350,39,C,0,2,0.2487873502075672,0.12504445990474958
350,39,C,0,3,0.3842241644859314,0.0228634272762028
350,39,C,0,4,0.5871109127998352,0.18266789549427415
350,39,C,0,5,0.5111556470394134,0.14132670065421682
350,39,C,0,6,0.8240087270736695,0.0019537648485575686
350,39,C,0,7,0.8136548399925232,0.00768793018880416
350,39,C,0,8,0.5825089514255524,0.1787659688036249
350,39,C,0,9,0.41058844402432443,0.18358235593894784
350,39,C,0,10,0.42023143768310545,0.1878255603772288
350,39,C,0,11,0.5817253448069095,0.17932615352883957
350,39,C,0,12,0.0,0.0
350,39,C,0,13,0.7600166864693165,0.12290424472066261
350,39,C,0,14,0.5854413717985153,0.1808374774027038
350,39,C,0,15,0.7365275621414185,0.0009436668561320971
350,39,C,0,16,0.8403938412666321,0.003169207366492799
350,39,C,0,17,0.5916544511914253,0.18231407195133478
350,39,C,0,18,0.4158562712371349,0.18250929969523016
350,39,C,0,19,0.43152005672454835,0.17368916000311016
350,39,C,0,20,0.08595538064837456,0.000381498945078953
350,39,C,0,21,0.06755146086215973,3.139779283942379e-05
350,39,C,0,22,0.593881918489933,0.1811272108023458
350,39,C,0,23,0.5680602222681046,0.1849328562509325
350,39,C,1,0,0.5852383181452752,0.1851643005076104
350,39,C,1,1,0.25956581383943556,0.11633914748798377
350,39,C,1,2,0.2022516116499901,0.009612960082187759
350,39,C,1,3,0.4244269490242004,0.18117297858301193
350,39,C,1,4,0.43349290192127227,0.17921546396622728
350,39,C,1,5,0.44542705565690993,0.10787483825998159
350,39,C,1,6,0.5933041162788868,0.18756302224388338
350,39,C,1,7,0.5821237049996852,0.18027723369969947
350,39,C,1,8,0.5024891674518586,0.13147655947040077
350,39,C,1,9,0.8217540264129639,0.0013416619817652987
350,39,C,1,10,0.0,0.0
350,39,C,1,11,0.0,0.0
350,39,C,1,12,0.5882261395454407,0.1814956953171599
350,39,C,1,13,0.5871015310287475,0.18030658116275747
350,39,C,1,14,0.7590481773018837,0.11855882113435234
350,39,C,1,15,0.5896349981427192,0.17764389729875543
350,39,C,1,16,0.5965232491493225,0.18291111515053798
350,39,C,1,17,0.6028525352478027,0.11134985099012859
350,39,C,1,18,0.7806326270103454,0.02414773451503777
350,39,C,1,19,0.5895120203495026,0.1826395254179431
350,39,C,1,20,0.23787343353033066,0.12223886544698366
350,39,C,1,21,0.7512096293270588,0.1256753573282685
350,39,C,1,22,0.5760885007679463,0.1771375104375572
350,39,C,1,23,0.4124206595122814,0.17812875949020712
350,39,C,2,0,0.7638184621930122,0.11889801319826132
350,39,C,2,1,0.7538030728697777,0.11789120896240295
350,39,C,2,2,0.2546850576996803,0.10810326117379195
350,39,C,2,3,0.0724972203373909,3.0783001542165064e-05
350,39,C,2,4,0.7990726232528687,0.0008560866122323318
350,39,C,2,5,0.8548704385757446,0.000660958215081564
350,39,C,2,6,0.0,0.0
350,39,C,2,7,0.0,0.0
350,39,C,2,8,0.5999714329838752,0.1821219048248924
350,39,C,2,9,0.24948600679636002,0.1201200365632186
350,39,C,2,10,0.0,0.0
350,39,C,2,11,0.0,0.0
350,39,C,2,12,0.11204210668802261,0.0013005348391225357
350,39,C,2,13,0.12315846532583237,0.001671328547646569
350,39,C,2,14,0.14195403903722764,0.001560002082948744
350,39,C,2,15,0.5817745231091976,0.18447641561062852
350,39,C,2,16,0.5886118091642857,0.19136028509171318
350,39,C,2,17,0.712905316054821,0.11182659508397563
350,39,C,2,18,0.8784585237503052,0.0009809615552777017
350,39,C,2,19,0.40901031866669657,0.1810307144661675
350,39,C,2,20,0.23897238671779633,0.11835775397518067
350,39,C,2,21,0.6459434874355793,0.09191173780770215
350,39,C,2,22,0.4793923914432526,0.14368115400016734
350,39,C,2,23,0.24336145222187042,0.12198086610722467
350,39,C,3,0,0.41850064396858216,0.18048446645976882
350,39,C,3,1,0.588975465297699,0.17821671293813543
350,39,C,3,2,0.5793139420449733,0.18620797528228678
350,39,C,3,3,0.2400965854525566,0.12231815340012264
350,39,C,3,4,0.5871074825525284,0.17622732717523093
350,39,C,3,5,0.2370528943836689,0.12131665824399278
350,39,C,3,6,0.24162112027406693,0.1188944640114042
350,39,C,3,7,0.060529754310846326,0.0001303506291073031
350,39,C,3,8,0.0,0.0
350,39,C,3,9,0.0,0.0
350,39,C,3,10,0.4138413056731224,0.1773591051062526
350,39,C,3,11,0.5878654748201371,0.17778360779061986
350,39,C,3,12,0.0,0.0
350,39,C,3,13,0.0686379075050354,1.0632729890058813e-05
350,39,C,3,14,0.58910231590271,0.18010846408107314
350,39,C,3,15,0.5860894873738289,0.18167522892351773
350,39,C,3,16,0.07167810052633286,1.0207589279218609e-05
350,39,C,3,17,0.5860406957566738,0.1793462270897917
350,39,C,3,18,0.4105879083275795,0.18100457794536853
350,39,C,3,19,0.40377169027924537,0.1844545136489586
350,39,C,3,20,0.5850504279136658,0.18007583148608006
350,39,C,3,21,0.4189921498298645,0.18152014563121338
350,39,C,3,22,0.41687610149383547,0.18041640549198937
350,39,C,3,23,0.41531805098056795,0.17821977026600622
350,39,H,0,0,0.4128715664148331,0.1819770802875004
350,39,H,0,1,0.7596715003252029,0.12053200032728166
350,39,H,0,2,0.41070975810289384,0.18462681266797926
350,39,H,0,3,0.24455313086509706,0.12036445923824053
350,39,H,0,4,0.0,0.0
350,39,H,0,5,0.4144178032875061,0.18435028346919619
350,39,H,0,6,0.5946656718850136,0.1819511949366847
350,39,H,0,7,0.5879206344485283,0.18346341094907795
350,39,H,0,8,0.0,0.0
350,39,H,0,9,0.0,0.0
350,39,H,0,10,0.0,0.0
350,39,H,0,11,0.0,0.0
350,39,H,0,12,0.0,0.0
350,39,H,0,13,0.0,0.0
350,39,H,0,14,0.0,0.0
350,39,H,0,15,0.4158282771706581,0.1807467003899496
350,39,H,0,16,0.5872729897499085,0.17686697990667416
350,39,H,0,17,0.578898049145937,0.1852367434305502
350,39,H,0,18,0.24435510486364365,0.11849106781238317
350,39,H,0,19,0.5868399575352669,0.17922256617221638
350,39,H,0,20,0.4166720792651176,0.18108150146979846
350,39,H,0,21,0.0,0.0
350,39,H,0,22,0.0,0.0
350,39,H,0,23,0.5839418530464172,0.1815353330195349
350,39,H,1,0,0.2439557909965515,0.11814737685203433
350,39,H,1,1,0.5848916001617909,0.17896136598086976
350,39,H,1,2,0.5907367467880249,0.18470651034077754
350,39,H,1,3,0.07096868455410003,1.0106375880094553e-05
350,39,H,1,4,0.0,0.0
350,39,H,1,5,0.5855423785746098,0.17898513085824325
350,39,H,1,6,0.5867641270160675,0.17869619601698164
350,39,H,1,7,0.41435856074094773,0.17937024121408185
350,39,H,1,8,0.0,0.0
350,39,H,1,9,0.0,0.0
350,39,H,1,10,0.0,0.0
350,39,H,1,11,0.0,0.0
350,39,H,1,12,0.0,0.0
350,39,H,1,13,0.0,0.0
350,39,H,1,14,0.0,0.0
350,39,H,1,15,0.24422549605369567,0.11779423901271042
350,39,H,1,16,0.4146904543042183,0.17708534208796317
350,39,H,1,17,0.7627486601471901,0.11960400359581325
350,39,H,1,18,0.5877068221569062,0.1774617661571702
350,39,H,1,19,0.24288918375968932,0.11938962146689827
350,39,H,1,20,0.5874738812446594,0.18069884192819916
350,39,H,1,21,0.0,0.0
350,39,H,1,22,0.0,0.0
350,39,H,1,23,0.4144847050309181,0.1822858420531779
350,39,H,2,0,0.0,0.0
350,39,H,2,1,0.4151375532150269,0.17818094781307725
350,39,H,2,2,0.41180375292897226,0.1805766303195202
350,39,H,2,3,0.5920401871204376,0.17959748443323323
350,39,H,2,4,0.41382973492145536,0.17858618238109586
350,39,H,2,5,0.5873455226421356,0.17948038778939748
350,39,H,2,6,0.0,0.0
350,39,H,2,7,0.0,0.0
350,39,H,2,8,0.2400921493768692,0.12042123183582538
350,39,H,2,9,0.5930621191859246,0.18376520825704254
350,39,H,2,10,0.0,0.0
350,39,H,2,11,0.0,0.0
350,39,H,2,12,0.0,0.0
350,39,H,2,13,0.0,0.0
350,39,H,2,14,0.0,0.0
350,39,H,2,15,0.4161339119076729,0.18158106029447416
350,39,H,2,16,0.5897137843072414,0.18490455849862
350,39,H,2,17,0.4093299686908722,0.1833978254770432
350,39,H,2,18,0.4080426722764969,0.18645114336901783
350,39,H,2,19,0.0,0.0
350,39,H,2,20,0.0,0.0
350,39,H,2,21,0.7582398742437363,0.11923016059745561
350,39,H,2,22,0.7616027668118477,0.11876193580205699
350,39,H,2,23,0.0,0.0
350,39,H,3,0,0.0,0.0
350,39,H,3,1,0.23684133887290953,0.12016715918926708
350,39,H,3,2,0.5865842819213867,0.1794553012752476
350,39,H,3,3,0.4138728715479374,0.18433609792865943
350,39,H,3,4,0.7600983858108521,0.11934518984251583
350,39,H,3,5,0.41920249760150907,0.18366048329097256
350,39,H,3,6,0.0,0.0
350,39,H,3,7,0.0,0.0
350,39,H,3,8,0.5911899447441101,0.18524887144787727
350,39,H,3,9,0.5895543172955513,0.18095197996462048
350,39,H,3,10,0.0,0.0
350,39,H,3,11,0.0,0.0
350,39,H,3,12,0.0,0.0
350,39,H,3,13,0.0,0.0
350,39,H,3,14,0.0,0.0
350,39,H,3,15,0.5905780978500843,0.1838070574769608
350,39,H,3,16,0.24803258031606673,0.13028246606868268
350,39,H,3,17,0.41184903383255006,0.18369146234229314
350,39,H,3,18,0.5873426601290703,0.17772070555625033
350,39,H,3,19,0.0,0.0
350,39,H,3,20,0.0,0.0
350,39,H,3,21,0.5811756491661072,0.18341297529057846
350,39,H,3,22,0.23753789886832238,0.11942199616410623
350,39,H,3,23,0.0,0.0
350,39,H,4,0,0.5930533468723297,0.18257298866867538
350,39,H,4,1,0.5839955866336822,0.18007520466913116
350,39,H,4,2,0.0,0.0
350,39,H,4,3,0.23847503289580346,0.12000689765008228
350,39,H,4,4,0.0,0.0
350,39,H,4,5,0.0,0.0
350,39,H,4,6,0.0,0.0
350,39,H,4,7,0.0,0.0
350,39,H,4,8,0.0,0.0
350,39,H,4,9,0.0,0.0
350,39,H,4,10,0.5859081819653511,0.18526101277909524
350,39,H,4,11,0.583616154640913,0.17948176462321994
350,39,H,4,12,0.0,0.0
350,39,H,4,13,0.23832872435450553,0.12030632089044584
350,39,H,4,14,0.590105015784502,0.18443340936452388
350,39,H,4,15,0.5968428030610085,0.18376547756769365
350,39,H,4,16,0.761779859662056,0.11910120749270074
350,39,H,4,17,0.0,0.0
350,39,H,4,18,0.0,0.0
350,39,H,4,19,0.235364780575037,0.12663210741480752
350,39,H,4,20,0.06555745899677276,3.644597884782441e-05
350,39,H,4,21,0.0,0.0
350,39,H,4,22,0.0,0.0
350,39,H,4,23,0.24413326233625413,0.12056103725873893
350,39,H,5,0,0.7641177162528038,0.11966063878582851
350,39,H,5,1,0.4068203069269657,0.18186817530167773
350,39,H,5,2,0.0,0.0
350,39,H,5,3,0.5947985276579857,0.18393045651315137
350,39,H,5,4,0.0,0.0
350,39,H,5,5,0.0,0.0
350,39,H,5,6,0.0,0.0
350,39,H,5,7,0.0,0.0
350,39,H,5,8,0.0,0.0
350,39,H,5,9,0.0,0.0
350,39,H,5,10,0.4170429229736328,0.18592575209804882
350,39,H,5,11,0.24178001880645753,0.12111603989181396
350,39,H,5,12,0.0,0.0
350,39,H,5,13,0.41706092059612276,0.17968631860440637
350,39,H,5,14,0.932423448562622,4.25124845273217e-05
350,39,H,5,15,0.23979749381542206,0.11903151741020394
350,39,H,5,16,0.24344128370285034,0.1181231830618061
350,39,H,5,17,0.0,0.0
350,39,H,5,18,0.0,0.0
350,39,H,5,19,0.411958372592926,0.18184483156540637
350,39,H,5,20,0.4146734714508057,0.1780114110436039
350,39,H,5,21,0.0,0.0
350,39,H,5,22,0.0,0.0
350,39,H,5,23,0.7678190395236015,0.1212995845696867
360,40,C,0,0,0.7302447177469731,0.11466762488295332
360,40,C,0,1,0.6104281544685364,0.01655612352433735
360,40,C,0,2,0.24253257513046264,0.11742648562381945
360,40,C,0,3,0.5858124554157257,0.1821727357766308
360,40,C,0,4,0.4136096879839897,0.1792469989433732
360,40,C,0,5,0.7227342315018177,0.11316929994222664
360,40,C,0,6,0.4234797075390816,0.1797433021414349
360,40,C,0,7,0.422459177672863,0.18430665212866812
360,40,C,0,8,0.0,0.0
360,40,C,0,9,0.0,0.0
360,40,C,0,10,0.0,0.0
360,40,C,0,11,0.0,0.0
360,40,C,0,12,0.0,0.0
360,40,C,0,13,0.41395664811134336,0.17971864890002234
360,40,C,0,14,0.7815011739730835,0.005658038049476488
360,40,C,0,15,0.6601032823324203,0.07515218712314106
360,40,C,0,16,0.5983047559857368,0.18261743641253325
360,40,C,0,17,0.24304508343338965,0.11877887365953463
360,40,C,0,18,0.5888179957866668,0.17791747758262075
360,40,C,0,19,0.589002126455307,0.17939588785056276
360,40,C,0,20,0.5870919466018677,0.1825239031855535
360,40,C,0,21,0.5839046612381935,0.17613470369660233
360,40,C,0,22,0.9136827945709228,4.354627479017381e-06
360,40,C,0,23,0.06994271725416183,4.9113824322288835e-06
360,40,C,1,0,0.8337408065795898,0.00012356664750342363
360,40,C,1,1,0.8499095678329468,0.0018956134876825102
360,40,C,1,2,0.17348095178604125,0.004211996627385659
360,40,C,1,3,0.8369789242744445,0.0009127725974443024
360,40,C,1,4,0.8614922404289246,0.0020751180795465984
360,40,C,1,5,0.7986829876899719,0.0026700696294440717
360,40,C,1,6,0.11445949524641037,0.00029009844494821914
360,40,C,1,7,0.1183288887143135,0.00019660565304101762
360,40,C,1,8,0.8202747225761413,0.004175852470334576
360,40,C,1,9,0.8298045873641968,0.0026971366482277403
360,40,C,1,10,0.27804956287145616,0.11176941893088825
360,40,C,1,11,0.27495239973068236,0.11513963382496724
360,40,C,1,12,0.2752584680914879,0.11217251576665899
360,40,C,1,13,0.41660123839974406,0.18376351044450304
360,40,C,1,14,0.8728834390640259,0.0017568016783130248
360,40,C,1,15,0.8697091817855835,0.0009720997918924468
360,40,C,1,16,0.8878353238105774,0.00031255548909285834
360,40,C,1,17,0.8442095637321472,0.0029996192050097655
360,40,C,1,18,0.8623211145401001,0.0018949757755103748
360,40,C,1,19,0.8441455721855163,0.0018524432240207035
360,40,C,1,20,0.826388669013977,0.005056385289998957
360,40,C,1,21,0.5868634730577469,0.1802836474408725
360,40,C,1,22,0.4199714079499245,0.180546706282866
360,40,C,1,23,0.0,0.0
360,40,C,2,0,0.7567799806594848,8.544639439719503e-05
360,40,C,2,1,0.4159039229154587,0.18457065794716615
360,40,C,2,2,0.8395890235900879,0.00289656831036865
360,40,C,2,3,0.695080304145813,0.018791721989654203
360,40,C,2,4,0.23727230057120324,0.12466183101131993
360,40,C,2,5,0.8506153345108032,0.0026038170637255574
360,40,C,2,6,0.0,0.0
360,40,C,2,7,0.0,0.0
360,40,C,2,8,0.8316298007965088,0.0025657829395589714
360,40,C,2,9,0.8183441638946534,0.0016449939320258976
360,40,C,2,10,0.0,0.0
360,40,C,2,11,0.0,0.0
360,40,C,2,12,0.0,0.0
360,40,C,2,13,0.0,0.0
360,40,C,2,14,0.5809336081147194,0.17607892202920516
360,40,C,2,15,0.5837973967194557,0.17843154277846426
360,40,C,2,16,0.7210321545600891,0.0015923920991943417
360,40,C,2,17,0.719864296913147,0.005472563637481756
360,40,C,2,18,0.2342226281762123,0.11867120055747067
360,40,C,2,19,0.753173440694809,0.11835566063626005
360,40,C,2,20,0.7627195551991462,0.12023181820230103
360,40,C,2,21,0.0,0.0
360,40,C,2,22,0.24194260239601134,0.11888044640890034
360,40,C,2,23,0.0,0.0
360,40,C,3,0,0.2688342571258545,0.11141734923853275
360,40,C,3,1,0.2424728363752365,0.11808119333855324
360,40,C,3,2,0.07160452604293824,7.04568491390667e-06
360,40,C,3,3,0.4288694694638252,0.17716254414275862
360,40,C,3,4,0.43973553776741026,0.03819130375327205
360,40,C,3,5,0.2585642397403717,0.12241549011544746
360,40,C,3,6,0.0,0.0
360,40,C,3,7,0.0,0.0
360,40,C,3,8,0.0,0.0
360,40,C,3,9,0.0,0.0
360,40,C,3,10,0.724774120748043,0.11465358517841864
360,40,C,3,11,0.8920219421386719,0.0005582916230670776
360,40,C,3,12,0.8777324438095093,0.001088354103928282
360,40,C,3,13,0.0,0.0
360,40,C,3,14,0.5881637558341026,0.1763859858767333
360,40,C,3,15,0.4090906918048859,0.18216988060490552
360,40,C,3,16,0.760069951415062,0.12168646711005575
360,40,C,3,17,0.41350051313638686,0.17789533607281519
360,40,C,3,18,0.5715792506933213,0.17144336050642156
360,40,C,3,19,0.794055950641632,0.008281177252950158
360,40,C,3,20,0.831722640991211,0.004540820141058929
360,40,C,3,21,0.0,0.0
360,40,C,3,22,0.7576156213879586,0.11828629099195236
360,40,C,3,23,0.0,0.0
360,40,H,0,0,0.5868533670902252,0.17603618444483388
360,40,H,0,1,0.0,0.0
360,40,H,0,2,0.5782008167356253,0.1881559580579239
360,40,H,0,3,0.24314712285995482,0.11859261618749314
360,40,H,0,4,0.0,0.0
360,40,H,0,5,0.41396851688623426,0.17690652953621694
360,40,H,0,6,0.0,0.0
360,40,H,0,7,0.0,0.0
360,40,H,0,8,0.412053157389164,0.18592931733533785
360,40,H,0,9,0.585127804428339,0.18273842875158164
360,40,H,0,10,0.0,0.0
360,40,H,0,11,0.0,0.0
360,40,H,0,12,0.0,0.0
360,40,H,0,13,0.0,0.0
360,40,H,0,14,0.0,0.0
360,40,H,0,15,0.0,0.0
360,40,H,0,16,0.5841944858431816,0.17823771868314311
360,40,H,0,17,0.24537357985973357,0.12314953708655026
360,40,H,0,18,0.0,0.0
360,40,H,0,19,0.0,0.0
360,40,H,0,20,0.0,0.0
360,40,H,0,21,0.0,0.0
360,40,H,0,22,0.0,0.0
360,40,H,0,23,0.0,0.0
360,40,H,1,0,0.41523691415786745,0.17781166304545784
360,40,H,1,1,0.0,0.0
360,40,H,1,2,0.24404811710119248,0.11891982365906417
360,40,H,1,3,0.5878269150853157,0.17746547056078868
360,40,H,1,4,0.0,0.0
360,40,H,1,5,0.2386799558997154,0.12011994640253129
360,40,H,1,6,0.0,0.0
360,40,H,1,7,0.0,0.0
360,40,H,1,8,0.9294121146202088,2.645165350173784e-05
360,40,H,1,9,0.41048812195658685,0.18033600328036054
360,40,H,1,10,0.0,0.0
360,40,H,1,11,0.0,0.0
360,40,H,1,12,0.0,0.0
360,40,H,1,13,0.0,0.0
360,40,H,1,14,0.0,0.0
360,40,H,1,15,0.0,0.0
360,40,H,1,16,0.7674466460943222,0.12099376400906396
360,40,H,1,17,0.5866244405508041,0.17644994801546
360,40,H,1,18,0.0,0.0
360,40,H,1,19,0.0,0.0
360,40,H,1,20,0.0,0.0
360,40,H,1,21,0.0,0.0
360,40,H,1,22,0.0,0.0
360,40,H,1,23,0.0,0.0
360,40,H,2,0,0.2301204763352871,0.12326181916840435
360,40,H,2,1,0.0,0.0
360,40,H,2,2,0.0,0.0
360,40,H,2,3,0.24494835883378982,0.11978382441201836
360,40,H,2,4,0.23621081486344336,0.12034335535960339
360,40,H,2,5,0.5904039666056633,0.1797135810351204
360,40,H,2,6,0.0,0.0
360,40,H,2,7,0.0,0.0
360,40,H,2,8,0.0,0.0
360,40,H,2,9,0.0,0.0
360,40,H,2,10,0.2419012278318405,0.11803163460788328
360,40,H,2,11,0.4146234005689621,0.17882869149301944
360,40,H,2,12,0.9323155999183654,3.341626360708005e-05
360,40,H,2,13,0.0,0.0
360,40,H,2,14,0.0,0.0
360,40,H,2,15,0.0,0.0
360,40,H,2,16,0.0,0.0
360,40,H,2,17,0.0,0.0
360,40,H,2,18,0.41491423100233077,0.17671369112405286
360,40,H,2,19,0.5882658198475837,0.17744124845658937
360,40,H,2,20,0.5890243858098984,0.17859751940956214
360,40,H,2,21,0.0,0.0
360,40,H,2,22,0.0,0.0
360,40,H,2,23,0.0,0.0
360,40,H,3,0,0.4149878486990929,0.17625681558133666
360,40,H,3,1,0.0,0.0
360,40,H,3,2,0.0,0.0
360,40,H,3,3,0.2403929799795151,0.11951301252456073
360,40,H,3,4,0.41857809126377105,0.1854355426423943
360,40,H,3,5,0.5846868768334389,0.17928626239671344
360,40,H,3,6,0.0,0.0
360,40,H,3,7,0.0,0.0
360,40,H,3,8,0.0,0.0
360,40,H,3,9,0.0,0.0
360,40,H,3,10,0.58417764082551,0.1790050915914258
360,40,H,3,11,0.4109740011394024,0.17853777316408428
360,40,H,3,12,0.7656312212347984,0.12006122864320071
360,40,H,3,13,0.0,0.0
360,40,H,3,14,0.0,0.0
360,40,H,3,15,0.0,0.0
360,40,H,3,16,0.0,0.0
360,40,H,3,17,0.0,0.0
360,40,H,3,18,0.24391074404120444,0.12193780971645189
360,40,H,3,19,0.7578267477452755,0.12360969507310318
360,40,H,3,20,0.4094808861613274,0.18017614461361753
360,40,H,3,21,0.0,0.0
360,40,H,3,22,0.0,0.0
360,40,H,3,23,0.0,0.0
360,40,H,4,0,0.23769563660025597,0.11960647994777755
360,40,H,4,1,0.0,0.0
360,40,H,4,2,0.0,0.0
360,40,H,4,3,0.5852318823337554,0.177897972680706
360,40,H,4,4,0.2419170394539833,0.11870046036296031
360,40,H,4,5,0.4142651095986366,0.17672484061786603
360,40,H,4,6,0.0,0.0
360,40,H,4,7,0.0,0.0
360,40,H,4,8,0.0,0.0
360,40,H,4,9,0.0,0.0
360,40,H,4,10,0.2440244659781456,0.12451210493363551
360,40,H,4,11,0.7558494322001934,0.12229068592686061
360,40,H,4,12,0.5823496364057064,0.18656295762352954
360,40,H,4,13,0.0,0.0
360,40,H,4,14,0.0,0.0
360,40,H,4,15,0.0,0.0
360,40,H,4,16,0.0,0.0
360,40,H,4,17,0.0,0.0
360,40,H,4,18,0.7645111352205276,0.120433542972274
360,40,H,4,19,0.5870226353406907,0.17651363562492542
360,40,H,4,20,0.23683199062943458,0.11978725352002897
360,40,H,4,21,0.0,0.0
360,40,H,4,22,0.0,0.0
360,40,H,4,23,0.0,0.0
360,40,H,5,0,0.7610273793339729,0.11841014886098193
360,40,H,5,1,0.5888372272253036,0.17861077950323323
360,40,H,5,2,0.0,0.0
360,40,H,5,3,0.24183910712599754,0.12330866840922641
360,40,H,5,4,0.0,0.0
360,40,H,5,5,0.5852348439395427,0.18136501847302108
360,40,H,5,6,0.759423454105854,0.11873049034443148
360,40,H,5,7,0.931329095363617,7.0512379218712345e-06
360,40,H,5,8,0.0,0.0
360,40,H,5,9,0.0,0.0
360,40,H,5,10,0.0,0.0
360,40,H,5,11,0.0,0.0
360,40,H,5,12,0.0,0.0
360,40,H,5,13,0.06951473951339722,5.813945463275517e-06
360,40,H,5,14,0.7591826736927032,0.11925290968464766
360,40,H,5,15,0.5864330112934113,0.1791306713885652
360,40,H,5,16,0.0,0.0
360,40,H,5,17,0.0,0.0
360,40,H,5,18,0.0,0.0
360,40,H,5,19,0.0,0.0
360,40,H,5,20,0.0,0.0
360,40,H,5,21,0.5882668748497963,0.17787058752849783
360,40,H,5,22,0.5929382219910622,0.18115615901066745
360,40,H,5,23,0.0,0.0
360,40,H,6,0,0.7590742111206055,0.1186477218596366
360,40,H,6,1,0.5901881888508796,0.18250532011282675
360,40,H,6,2,0.0,0.0
360,40,H,6,3,0.7587859973311424,0.11907810164681107
360,40,H,6,4,0.0,0.0
360,40,H,6,5,0.9330918550491333,1.40073446544875e-06
360,40,H,6,6,0.7584964439272881,0.12692685290030148
360,40,H,6,7,0.7580896928906441,0.1189752977644627
360,40,H,6,8,0.0,0.0
360,40,H,6,9,0.0,0.0
360,40,H,6,10,0.0,0.0
360,40,H,6,11,0.0,0.0
360,40,H,6,12,0.0,0.0
360,40,H,6,13,0.581640201061964,0.18411579322463986
360,40,H,6,14,0.5876764774322509,0.17801427990851432
360,40,H,6,15,0.24365772157907487,0.11858492659980584
360,40,H,6,16,0.0,0.0
360,40,H,6,17,0.0,0.0
360,40,H,6,18,0.0,0.0
360,40,H,6,19,0.0,0.0
360,40,H,6,20,0.0,0.0
360,40,H,6,21,0.756621453166008,0.1197461566812827
360,40,H,6,22,0.5872305020689964,0.17931206079366793
360,40,H,6,23,0.0,0.0
370,41,C,0,0,0.42261444181203844,0.17697636341852693
370,41,C,0,1,0.22354280799627305,0.006356745068702238
370,41,C,0,2,0.42960971891880034,0.1788857231149443
370,41,C,0,3,0.1283571794629097,2.6703415771045513e-05
370,41,C,0,4,0.24041742458939552,0.11914430627365029
370,41,C,0,5,0.2658459261059761,0.11320136507249294
370,41,C,0,6,0.7798083782196045,0.007991076262171645
370,41,C,0,7,0.8197291254997253,0.0029975902563856493
370,41,C,0,8,0.9366283774375915,5.054160574871957e-05
370,41,C,0,9,0.9317162513732911,2.298164377577905e-05
370,41,C,0,10,0.0,0.0
370,41,C,0,11,0.0,0.0
370,41,C,0,12,0.5900664806365967,0.17875858145507653
370,41,C,0,13,0.4094907395541668,0.18089706653612941
370,41,C,0,14,0.5899904996156693,0.18236349962912124
370,41,C,0,15,0.5847945213317871,0.182253798215959
370,41,C,0,16,0.8636610269546509,0.003102861019218892
370,41,C,0,17,0.846459972858429,0.0026713533251714237
370,41,C,0,18,0.24877455234527587,0.1226455797445725
370,41,C,0,19,0.25005564987659457,0.11375941641367773
370,41,C,0,20,0.418337681889534,0.1797733044740415
370,41,C,0,21,0.41659182459115984,0.1778033061351405
370,41,C,0,22,0.25747060477733613,0.11844411386819173
370,41,C,0,23,0.08691966980695724,3.872622336133169e-05
370,41,C,0,24,0.4109617225825787,0.18003429555588096
370,41,C,0,25,0.412501672655344,0.18193757337557984
370,41,C,1,0,0.3647200256586075,0.024466966792811427
370,41,C,1,1,0.5991724520921707,0.18011762331295808
370,41,C,1,2,0.9372422814369201,4.931509143005996e-05
370,41,C,1,3,0.11617859154939651,0.0001972796133207133
370,41,C,1,4,0.4262077406048775,0.17480112517671387
370,41,C,1,5,0.43499867171049117,0.1465860461876387
370,41,C,1,6,0.40806025043129923,0.18218481595174757
370,41,C,1,7,0.5850894778966904,0.17864361143083354
370,41,C,1,8,0.7781863451004029,0.0025987651127090316
370,41,C,1,9,0.7451205492019654,0.003996331643649285
370,41,C,1,10,0.416444830596447,0.1773709162274295
370,41,C,1,11,0.5870925650000572,0.17795262409105134
370,41,C,1,12,0.0,0.0
370,41,C,1,13,0.0,0.0
370,41,C,1,14,0.5823582038283348,0.1797769484905522
370,41,C,1,15,0.41682578772306444,0.17860182820099957
370,41,C,1,16,0.25148049294948577,0.11880997822732273
370,41,C,1,17,0.07480590566992759,9.539030388987292e-05
370,41,C,1,18,0.7854316592216491,0.008366080599547274
370,41,C,1,19,0.8980913519859314,5.1325867168259265e-05
370,41,C,1,20,0.26933774501085284,0.11549820055092264
370,41,C,1,21,0.09313883632421494,7.072012502904457e-05
370,41,C,1,22,0.41765307933092116,0.17804262404267004
370,41,C,1,23,0.41981823444366456,0.18053821947377002
370,41,C,1,24,0.7476611152291298,0.11659658953652789
370,41,C,1,25,0.4147896647453308,0.1773514455287446
370,41,C,2,0,0.41647020876407626,0.17863840425597557
370,41,C,2,1,0.24362586289644242,0.11808269987387013
370,41,C,2,2,0.07145148813724518,9.261522565275904e-06
370,41,C,2,3,0.7571298286318779,0.12049809151911936
370,41,C,2,4,0.56084775775671,0.13897816379182296
370,41,C,2,5,0.5847797393798828,0.17726293856337919
370,41,C,2,6,0.0,0.0
370,41,C,2,7,0.0,0.0
370,41,C,2,8,0.07048619017004967,2.1835330648765085e-05
370,41,C,2,9,0.41596573740243914,0.1765174781838953
370,41,C,2,10,0.7666774556040764,0.12055298725475225
370,41,C,2,11,0.2413163475692272,0.12801494593597748
370,41,C,2,12,0.0,0.0
370,41,C,2,13,0.0,0.0
370,41,C,2,14,0.4148822441697121,0.18004808181298768
370,41,C,2,15,0.41074433326721194,0.18012537424657687
370,41,C,2,16,0.5941038459539414,0.18048857649224676
370,41,C,2,17,0.41776201874017715,0.1774211023253937
370,41,C,2,18,0.5884088650345802,0.1778754427632045
370,41,C,2,19,0.5890917256474495,0.1799160560489733
370,41,C,2,20,0.5767181366682053,0.1587646483577057
370,41,C,2,21,0.24871563017368317,0.12098247260602095
370,41,C,2,22,0.5843664638698101,0.18784019526191253
370,41,C,2,23,0.9319175839424133,2.8149734995963627e-06
370,41,C,2,24,0.7586467728018761,0.11832960247080386
370,41,C,2,25,0.4197247788310051,0.18388060039871967
370,41,C,3,0,0.5894782721996308,0.17871240957501527
370,41,C,3,1,0.5828381031751633,0.18020258099820743
370,41,C,3,2,0.8725159049034119,0.002205717890952599
370,41,C,3,3,0.2412412218749523,0.12588248770729807
370,41,C,3,4,0.5860860422253609,0.1777297692908304
370,41,C,3,5,0.41820296198129653,0.180859602215883
370,41,C,3,6,0.06847070604562759,2.6692894246629353e-05
370,41,C,3,7,0.41152293160557746,0.18389412633904692
370,41,C,3,8,0.0,0.0
370,41,C,3,9,0.0,0.0
370,41,C,3,10,0.0,0.0
370,41,C,3,11,0.0,0.0
370,41,C,3,12,0.5864550903439522,0.17624238701118422
370,41,C,3,13,0.41091478392481806,0.18371269363167206
370,41,C,3,14,0.5847059518098832,0.17832406841019427
370,41,C,3,15,0.24360246509313582,0.1198079837811176
370,41,C,3,16,0.5843612775206566,0.17858281895708267
370,41,C,3,17,0.7583224594593048,0.11956983017740497
370,41,C,3,18,0.5866004444658757,0.17992602640026606
370,41,C,3,19,0.7629588261246681,0.11893093128887851
370,41,C,3,20,0.5855231076478958,0.183384318981953
370,41,C,3,21,0.5864787414669991,0.17966255061415756
370,41,C,3,22,0.25203868076205255,0.11660071466917107
370,41,C,3,23,0.11040002703666688,0.0002559783554357464
370,41,C,3,24,0.24300714880228041,0.12030454276466451
370,41,C,3,25,0.41079352647066114,0.18237201651275847
370,41,H,0,0,0.7617868930101395,0.11854094990343658
370,41,H,0,1,0.41557936668395995,0.17888825267044633
370,41,H,0,2,0.06865260228514672,5.5610740352283194e-05
370,41,H,0,3,0.2436900794506073,0.11883121399745518
370,41,H,0,4,0.0,0.0
370,41,H,0,5,0.4174346700310707,0.18068462693001963
370,41,H,0,6,0.5879258036613464,0.179368569943922
370,41,H,0,7,0.41448050141334536,0.18409219564227106
370,41,H,0,8,0.0,0.0
370,41,H,0,9,0.0,0.0
370,41,H,0,10,0.0,0.0
370,41,H,0,11,0.0,0.0
370,41,H,0,12,0.0,0.0
370,41,H,0,13,0.0,0.0
370,41,H,0,14,0.0,0.0
370,41,H,0,15,0.0,0.0
370,41,H,0,16,0.2441096320748329,0.11763406625803223
370,41,H,0,17,0.5878656312823296,0.17678213698789497
370,41,H,0,18,0.5892921805381774,0.1805971842876064
370,41,H,0,19,0.24456127732992172,0.11901611066633533
370,41,H,0,20,0.0,0.0
370,41,H,0,21,0.0,0.0
370,41,H,0,22,0.5916371271014214,0.18026716215418173
370,41,H,0,23,0.4130147784948349,0.1783918537240911
370,41,H,0,24,0.0,0.0
370,41,H,0,25,0.5904077306389809,0.1804846687576239
370,41,H,1,0,0.4210956320166588,0.18361946997285433
370,41,H,1,1,0.7601158574223519,0.11974889849799701
370,41,H,1,2,0.41434468105435374,0.18055034338410864
370,41,H,1,3,0.417360258102417,0.1795271150934054
370,41,H,1,4,0.0,0.0
370,41,H,1,5,0.415320111811161,0.17659326988768975
370,41,H,1,6,0.41486192494630814,0.1765761284269932
370,41,H,1,7,0.24168526977300644,0.12193598203936218
370,41,H,1,8,0.0,0.0
370,41,H,1,9,0.0,0.0
370,41,H,1,10,0.0,0.0
370,41,H,1,11,0.0,0.0
370,41,H,1,12,0.0,0.0
370,41,H,1,13,0.0,0.0
370,41,H,1,14,0.0,0.0
370,41,H,1,15,0.0,0.0
370,41,H,1,16,0.41067363023757936,0.1804268366591574
370,41,H,1,17,0.41233368813991544,0.17845063781495088
370,41,H,1,18,0.41476231068372726,0.1769388666494826
370,41,H,1,19,0.06761014088988304,9.707516007646521e-05
370,41,H,1,20,0.0,0.0
370,41,H,1,21,0.0,0.0
370,41,H,1,22,0.41618600487709045,0.18034192629685503
370,41,H,1,23,0.9327960848808289,6.6428526645268e-06
370,41,H,1,24,0.0,0.0
370,41,H,1,25,0.5843340568244457,0.18288072242101
370,41,H,2,0,0.7621602118015289,0.1194627763898076
370,41,H,2,1,0.5867327183485032,0.17998664671503273
370,41,H,2,2,0.0,0.0
370,41,H,2,3,0.5882982179522515,0.17731169809378605
370,41,H,2,4,0.7594212412834167,0.12054068421372136
370,41,H,2,5,0.4148441657423973,0.18125616518537271
370,41,H,2,6,0.0,0.0
370,41,H,2,7,0.0,0.0
370,41,H,2,8,0.23900627568364144,0.11888808916680002
370,41,H,2,9,0.41175115033984183,0.17852561041327175
370,41,H,2,10,0.0,0.0
370,41,H,2,11,0.0,0.0
370,41,H,2,12,0.0,0.0
370,41,H,2,13,0.0,0.0
370,41,H,2,14,0.0,0.0
370,41,H,2,15,0.0,0.0
370,41,H,2,16,0.24364254623651505,0.11779567572613396
370,41,H,2,17,0.4156242847442627,0.17911183552829885
370,41,H,2,18,0.5868256881833076,0.17644785623547007
370,41,H,2,19,0.4161089450120926,0.18076612989655624
370,41,H,2,20,0.5830388940870762,0.18191923963906398
370,41,H,2,21,0.7618563011288643,0.11994716987320295
370,41,H,2,22,0.0,0.0
370,41,H,2,23,0.0,0.0
370,41,H,2,24,0.7580588355660438,0.11783552948233185
370,41,H,2,25,0.0,0.0
370,41,H,3,0,0.41157417371869087,0.1797242700426014
370,41,H,3,1,0.7624214306473732,0.11894463493217666
370,41,H,3,2,0.0,0.0
370,41,H,3,3,0.5865027621388436,0.17644659681003663
370,41,H,3,4,0.41862242221832274,0.1806976925858863
370,41,H,3,5,0.5824673637747765,0.18179308445674097
370,41,H,3,6,0.0,0.0
370,41,H,3,7,0.0,0.0
370,41,H,3,8,0.4229024097323418,0.18445304211724833
370,41,H,3,9,0.23841901049017905,0.1208949583847777
370,41,H,3,10,0.0,0.0
370,41,H,3,11,0.0,0.0
370,41,H,3,12,0.0,0.0
370,41,H,3,13,0.0,0.0
370,41,H,3,14,0.0,0.0
370,41,H,3,15,0.0,0.0
370,41,H,3,16,0.4113804541528225,0.17989064684326778
370,41,H,3,17,0.5857439830899238,0.17821437362929107
370,41,H,3,18,0.4148394912481308,0.17721344195284133
370,41,H,3,19,0.24784549474716186,0.12304810362868493
370,41,H,3,20,0.24290345460176468,0.12034676661858965
370,41,H,3,21,0.41539451777935027,0.17940390219599306
370,41,H,3,22,0.0,0.0
370,41,H,3,23,0.0,0.0
370,41,H,3,24,0.5848951585590839,0.18263016126061013
370,41,H,3,25,0.0,0.0
370,41,H,4,0,0.40866790860891344,0.1868441861497131
370,41,H,4,1,0.0,0.0
370,41,H,4,2,0.0,0.0
370,41,H,4,3,0.0,0.0
370,41,H,4,4,0.757860067486763,0.11974833739916133
370,41,H,4,5,0.059866868704557416,0.00014453298265208137
370,41,H,4,6,0.0,0.0
370,41,H,4,7,0.0,0.0
370,41,H,4,8,0.0,0.0
370,41,H,4,9,0.0,0.0
370,41,H,4,10,0.06937174201011657,8.976696830078625e-06
370,41,H,4,11,0.24198832958936692,0.11865964667058689
370,41,H,4,12,0.0,0.0
370,41,H,4,13,0.0,0.0
370,41,H,4,14,0.7624619022011757,0.12304374291576003
370,41,H,4,15,0.4121150068938732,0.17986850115235506
370,41,H,4,16,0.0,0.0
370,41,H,4,17,0.0,0.0
370,41,H,4,18,0.7584497593343258,0.12285184057955001
370,41,H,4,19,0.4133221358060837,0.17964202185973105
370,41,H,4,20,0.40880291610956193,0.18138268375994868
370,41,H,4,21,0.24650127440690994,0.12384566920099802
370,41,H,4,22,0.0,0.0
370,41,H,4,23,0.0,0.0
370,41,H,4,24,0.5895980075001717,0.17941579250401302
370,41,H,4,25,0.0,0.0
370,41,H,5,0,0.757050508260727,0.12017562367313146
370,41,H,5,1,0.0,0.0
370,41,H,5,2,0.0,0.0
370,41,H,5,3,0.0,0.0
370,41,H,5,4,0.7653492584824562,0.11996311308571714
370,41,H,5,5,0.4152874737977982,0.17601755877958655
370,41,H,5,6,0.0,0.0
370,41,H,5,7,0.0,0.0
370,41,H,5,8,0.0,0.0
370,41,H,5,9,0.0,0.0
370,41,H,5,10,0.7548860378563405,0.12202992120524855
370,41,H,5,11,0.5880279272794724,0.1789102858472839
370,41,H,5,12,0.0,0.0
370,41,H,5,13,0.0,0.0
370,41,H,5,14,0.41942875981330874,0.18449588794852462
370,41,H,5,15,0.5902339458465576,0.180664614022454
370,41,H,5,16,0.0,0.0
370,41,H,5,17,0.0,0.0
370,41,H,5,18,0.06724587753415108,3.7861198050828106e-05
370,41,H,5,19,0.42028517723083497,0.181830649639529
370,41,H,5,20,0.5867381423711777,0.17807115988247327
370,41,H,5,21,0.41328142806887624,0.17870364804551858
370,41,H,5,22,0.0,0.0
370,41,H,5,23,0.0,0.0
370,41,H,5,24,0.24143199846148491,0.12540484718405626
370,41,H,5,25,0.0,0.0
370,41,H,6,0,0.0,0.0
370,41,H,6,1,0.4102762691676617,0.18212657371572885
370,41,H,6,2,0.7594818755984306,0.11858658812535108
370,41,H,6,3,0.4140151858329773,0.18268452789030762
370,41,H,6,4,0.0,0.0
370,41,H,6,5,0.0,0.0
370,41,H,6,6,0.0,0.0
370,41,H,6,7,0.0,0.0
370,41,H,6,8,0.0,0.0
370,41,H,6,9,0.0,0.0
370,41,H,6,10,0.0,0.0
370,41,H,6,11,0.0,0.0
370,41,H,6,12,0.755868598073721,0.12382764670524589
370,41,H,6,13,0.5854836702346802,0.17826038435725824
370,41,H,6,14,0.2430267810821533,0.11803908501272875
370,41,H,6,15,0.9294749617576599,4.0497565890973423e-07
370,41,H,6,16,0.7621247738599777,0.12183994989414412
370,41,H,6,17,0.4181027874350548,0.1790307603307893
370,41,H,6,18,0.0,0.0
370,41,H,6,19,0.0,0.0
370,41,H,6,20,0.0,0.0
370,41,H,6,21,0.0,0.0
370,41,H,6,22,0.2419449582695961,0.11806963124616399
370,41,H,6,23,0.24339502304792404,0.11994867246558516
370,41,H,6,24,0.0,0.0
370,41,H,6,25,0.5888964608311653,0.18060370978827772
370,41,H,7,0,0.0,0.0
370,41,H,7,1,0.415866556763649,0.17690780608174378
370,41,H,7,2,0.2424617052078247,0.1178089910536686
370,41,H,7,3,0.41478685289621353,0.17624864506110768
370,41,H,7,4,0.0,0.0
370,41,H,7,5,0.0,0.0
370,41,H,7,6,0.0,0.0
370,41,H,7,7,0.0,0.0
370,41,H,7,8,0.0,0.0
370,41,H,7,9,0.0,0.0
370,41,H,7,10,0.0,0.0
370,41,H,7,11,0.0,0.0
370,41,H,7,12,0.7603106021881103,0.1185537288254713
370,41,H,7,13,0.4135740131139755,0.17694746191714436
370,41,H,7,14,0.5954286321997643,0.18283079285595566
370,41,H,7,15,0.41585850715637207,0.178772138132146
370,41,H,7,16,0.07279919236898422,6.094313129700878e-09
370,41,H,7,17,0.4121618151664734,0.178174690052285
370,41,H,7,18,0.0,0.0
370,41,H,7,19,0.0,0.0
370,41,H,7,20,0.0,0.0
370,41,H,7,21,0.0,0.0
370,41,H,7,22,0.24145765900611876,0.1182662481159527
370,41,H,7,23,0.5812304235994816,0.18331172474266255
370,41,H,7,24,0.0,0.0
370,41,H,7,25,0.41351872831583025,0.17777019732416205
380,42,C,0,0,0.4392358213663101,0.17243537964661793
380,42,C,0,1,0.2081645131111145,0.003547300288352506
380,42,C,0,2,0.239129426330328,0.12031309452160077
380,42,C,0,3,0.5838562250137329,0.16450989324101606
380,42,C,0,4,0.0,0.0
380,42,C,0,5,0.24099874049425124,0.11815296668971298
380,42,C,0,6,0.8908499836921692,0.0017191559683945455
380,42,C,0,7,0.7841817975044251,0.006217083594109738
380,42,C,0,8,0.8247066259384155,0.001266581486212317
380,42,C,0,9,0.5834618225693703,0.17810671751072538
380,42,C,0,10,0.7550983324646949,0.1179908857790621
380,42,C,0,11,0.0,0.0
380,42,C,0,12,0.0,0.0
380,42,C,0,13,0.0,0.0
380,42,C,0,14,0.0,0.0
380,42,C,0,15,0.7019128203392029,0.01451413183744421
380,42,C,0,16,0.806380295753479,0.0035908783704778095
380,42,C,0,17,0.7931830883026123,0.016218991062260102
380,42,C,0,18,0.42160801589488983,0.18425753219106972
380,42,C,0,19,0.24244855269789695,0.11794476764359278
380,42,C,0,20,0.0,0.0
380,42,C,0,21,0.0,0.0
380,42,C,0,22,0.0,0.0
380,42,C,0,23,0.5861886620521546,0.17677838219591532
380,42,C,1,0,0.5870079815387725,0.1712981084659821
380,42,C,1,1,0.761661721765995,0.1194912078986821
380,42,C,1,2,0.590883131325245,0.18053610659544386
380,42,C,1,3,0.5826454371213913,0.17925819981523622
380,42,C,1,4,0.9325562119483948,2.3719837254532195e-05
380,42,C,1,5,0.7565641731023789,0.12040254815263443
380,42,C,1,6,0.5908350646495819,0.17911787510109525
380,42,C,1,7,0.24100609570741655,0.11943130682737473
380,42,C,1,8,0.5898005709052085,0.180423041592993
380,42,C,1,9,0.4243119165301323,0.1845522925365734
380,42,C,1,10,0.9350957751274109,3.241398601602441e-05
380,42,C,1,11,0.0,0.0
380,42,C,1,12,0.0,0.0
380,42,C,1,13,0.0,0.0
380,42,C,1,14,0.2427761062979698,0.11993213249749309
380,42,C,1,15,0.06399229019880295,0.00012833124778875772
380,42,C,1,16,0.5839480750262738,0.18087961641285194
380,42,C,1,17,0.412604545801878,0.17812463597891065
380,42,C,1,18,0.7604175612330437,0.1201401454835513
380,42,C,1,19,0.5833035774528981,0.18136358694019755
380,42,C,1,20,0.06768280789256095,6.367221142604462e-05
380,42,C,1,21,0.24175169914960862,0.11933043453010002
380,42,C,1,22,0.4190505534410477,0.17895621350312807
380,42,C,1,23,0.5869589045643806,0.17795865053675688
380,42,C,2,0,0.818006408214569,0.0009798353729200925
380,42,C,2,1,0.5915628477931023,0.17727066579422948
380,42,C,2,2,0.8162190198898316,0.0011931141378403254
380,42,C,2,3,0.8618443489074707,0.0028231650631019537
380,42,C,2,4,0.8257115483283997,0.0015246553069417246
380,42,C,2,5,0.8244922280311584,0.0033464082552305285
380,42,C,2,6,0.0,0.0
380,42,C,2,7,0.0,0.0
380,42,C,2,8,0.0,0.0
380,42,C,2,9,0.2820436000823975,0.11274169362182085
380,42,C,2,10,0.27443670481443405,0.11869784558299208
380,42,C,2,11,0.2629622831940651,0.11994255241510121
380,42,C,2,12,0.25547213330864904,0.11749101536010902
380,42,C,2,13,0.6178960099816322,0.16994097468447916
380,42,C,2,14,0.16201290339231492,0.0029318759408702632
380,42,C,2,15,0.5664292126893997,0.17705497256217523
380,42,C,2,16,0.5731642216444015,0.17824234320906254
380,42,C,2,17,0.9110374212265014,5.304385064818007e-05
380,42,C,2,18,0.7929417014122009,0.007839904100824528
380,42,C,2,19,0.8654195547103882,0.0020419337550029583
380,42,C,2,20,0.7903087735176086,0.0012316388600780216
380,42,C,2,21,0.7737854361534119,0.012281410567583749
380,42,C,2,22,0.74235600233078,0.005293886568547635
380,42,C,2,23,0.2601233899593353,0.09285276109713234
380,42,C,3,0,0.7552113726735115,0.12201202586354656
380,42,C,3,1,0.0,0.0
380,42,C,3,2,0.39622032195329665,0.14267417568678586
380,42,C,3,3,0.5912858366966247,0.17739888461642156
380,42,C,3,4,0.5840318202972412,0.06496479002899455
380,42,C,3,5,0.0910628855228424,0.0002616029016380495
380,42,C,3,6,0.0,0.0
380,42,C,3,7,0.0,0.0
380,42,C,3,8,0.0,0.0
380,42,C,3,9,0.0,0.0
380,42,C,3,10,0.0,0.0
380,42,C,3,11,0.7072013050317765,0.1046197424527435
380,42,C,3,12,0.5830515794456005,0.15705329266870288
380,42,C,3,13,0.840191662311554,0.0033730854658983846
380,42,C,3,14,0.41279314309358595,0.18139029975017254
380,42,C,3,15,0.0,0.0
380,42,C,3,16,0.0,0.0
380,42,C,3,17,0.0,0.0
380,42,C,3,18,0.5862565279006958,0.1777653949743403
380,42,C,3,19,0.24285094290971757,0.11843384127145815
380,42,C,3,20,0.8777759909629822,0.005864280787569384
380,42,C,3,21,0.1714339405298233,0.023426198790232465
380,42,C,3,22,0.7533328115940094,0.07562205953711809
380,42,C,3,23,0.5778120711445809,0.17857653536079382
380,42,H,0,0,0.0,0.0
380,42,H,0,1,0.0,0.0
380,42,H,0,2,0.7614445835351944,0.11910056437532593
380,42,H,0,3,0.0,0.0
380,42,H,0,4,0.41362507939338683,0.18027945405228848
380,42,H,0,5,0.5856324702501297,0.17990349548053255
380,42,H,0,6,0.0,0.0
380,42,H,0,7,0.0,0.0
380,42,H,0,8,0.0,0.0
380,42,H,0,9,0.0,0.0
380,42,H,0,10,0.0,0.0
380,42,H,0,11,0.413270565867424,0.17979613099614594
380,42,H,0,12,0.4151997283101082,0.17641772396052194
380,42,H,0,13,0.5847688637673855,0.17874121707701768
380,42,H,0,14,0.0,0.0
380,42,H,0,15,0.0,0.0
380,42,H,0,16,0.0,0.0
380,42,H,0,17,0.0,0.0
380,42,H,0,18,0.0,0.0
380,42,H,0,19,0.0,0.0
380,42,H,0,20,0.4116255059838295,0.1784253277807807
380,42,H,0,21,0.24343679696321488,0.11888170789698123
380,42,H,0,22,0.2349676914513111,0.12051779924093328
380,42,H,0,23,0.40881468951702116,0.18026512390400773
380,42,H,1,0,0.0,0.0
380,42,H,1,1,0.0,0.0
380,42,H,1,2,0.5775788091123104,0.19119944690802126
380,42,H,1,3,0.0,0.0
380,42,H,1,4,0.07071147412061692,9.021170773628739e-06
380,42,H,1,5,0.41476088017225266,0.1765265314636661
380,42,H,1,6,0.0,0.0
380,42,H,1,7,0.0,0.0
380,42,H,1,8,0.0,0.0
380,42,H,1,9,0.0,0.0
380,42,H,1,10,0.0,0.0
380,42,H,1,11,0.761980625987053,0.11889492341346328
380,42,H,1,12,0.4140652738511562,0.17992458696650765
380,42,H,1,13,0.5869288310408592,0.17919344713404092
380,42,H,1,14,0.0,0.0
380,42,H,1,15,0.0,0.0
380,42,H,1,16,0.0,0.0
380,42,H,1,17,0.0,0.0
380,42,H,1,18,0.0,0.0
380,42,H,1,19,0.0,0.0
380,42,H,1,20,0.5865513741970062,0.17760565896406327
380,42,H,1,21,0.5855869889259339,0.17793212285690901
380,42,H,1,22,0.24132490083575248,0.11996593699184699
380,42,H,1,23,0.5878861919045448,0.17956893979776473
380,42,H,2,0,0.0,0.0
380,42,H,2,1,0.0,0.0
380,42,H,2,2,0.4146128758788109,0.17687944977215672
380,42,H,2,3,0.0,0.0
380,42,H,2,4,0.5866611212491989,0.17631577393490985
380,42,H,2,5,0.7641374543309212,0.12192509922216196
380,42,H,2,6,0.0,0.0
380,42,H,2,7,0.0,0.0
380,42,H,2,8,0.0,0.0
380,42,H,2,9,0.0,0.0
380,42,H,2,10,0.0,0.0
380,42,H,2,11,0.5918100565671921,0.17998777807057906
380,42,H,2,12,0.23785898387432097,0.12050206643966517
380,42,H,2,13,0.5832249686121941,0.18060344143533302
380,42,H,2,14,0.0,0.0
380,42,H,2,15,0.0,0.0
380,42,H,2,16,0.0,0.0
380,42,H,2,17,0.0,0.0
380,42,H,2,18,0.0,0.0
380,42,H,2,19,0.0,0.0
380,42,H,2,20,0.7585384786128998,0.11837625385337362
380,42,H,2,21,0.5875195607542991,0.17685652708605898
380,42,H,2,22,0.5842999741435051,0.18098483608117655
380,42,H,2,23,0.24112437292933464,0.1183528583703785
380,42,H,3,0,0.7614373132586479,0.11858998973436974
380,42,H,3,1,0.4107697784900665,0.18022373860758495
380,42,H,3,2,0.7596157699823379,0.11792655929524538
380,42,H,3,3,0.4138661950826645,0.17706601747422482
380,42,H,3,4,0.0,0.0
380,42,H,3,5,0.4106848068535328,0.1795099602579236
380,42,H,3,6,0.0,0.0
380,42,H,3,7,0.0,0.0
380,42,H,3,8,0.0,0.0
380,42,H,3,9,0.5865078300237656,0.17870986107199197
380,42,H,3,10,0.7602353259921074,0.12107708746905957
380,42,H,3,11,0.0,0.0
380,42,H,3,12,0.0,0.0
380,42,H,3,13,0.0,0.0
380,42,H,3,14,0.0,0.0
380,42,H,3,15,0.5800218261778355,0.1837799027198089
380,42,H,3,16,0.591234839707613,0.1832649021932396
380,42,H,3,17,0.24720835387706758,0.1236344352262263
380,42,H,3,18,0.5893788143992424,0.18003448875476083
380,42,H,3,19,0.59053755402565,0.17859860818739012
380,42,H,3,20,0.0,0.0
380,42,H,3,21,0.0,0.0
380,42,H,3,22,0.0,0.0
380,42,H,3,23,0.5909956708550453,0.18669491722293105
380,42,H,4,0,0.5896442025899887,0.1789011464844387
380,42,H,4,1,0.587616865336895,0.17727684831389037
380,42,H,4,2,0.4052083820104599,0.18508377813883964
380,42,H,4,3,0.40988583117723465,0.18157151334126398
380,42,H,4,4,0.0,0.0
380,42,H,4,5,0.4201867148280144,0.18328801401900816
380,42,H,4,6,0.0,0.0
380,42,H,4,7,0.0,0.0
380,42,H,4,8,0.0,0.0
380,42,H,4,9,0.4139191575348377,0.1793825932980686
380,42,H,4,10,0.7627678573131561,0.11963421429827661
380,42,H,4,11,0.0,0.0
380,42,H,4,12,0.0,0.0
380,42,H,4,13,0.0,0.0
380,42,H,4,14,0.0,0.0
380,42,H,4,15,0.4181653246283531,0.1838541555068712
380,42,H,4,16,0.41376785933971405,0.17735330942094235
380,42,H,4,17,0.5795932076871395,0.18757225306721442
380,42,H,4,18,0.06908766627311706,2.469908318622149e-05
380,42,H,4,19,0.41677068173885345,0.1785651570603275
380,42,H,4,20,0.0,0.0
380,42,H,4,21,0.0,0.0
380,42,H,4,22,0.0,0.0
380,42,H,4,23,0.41460161805152895,0.17655515649299797
380,42,H,5,0,0.5790066234767437,0.18741811738396136
380,42,H,5,1,0.4165267705917358,0.1774232402004273
380,42,H,5,2,0.0,0.0
380,42,H,5,3,0.41428066194057467,0.18574358363144222
380,42,H,5,4,0.0,0.0
380,42,H,5,5,0.0,0.0
380,42,H,5,6,0.5879301369190216,0.17729336151691094
380,42,H,5,7,0.5906266555190086,0.1791691027300894
380,42,H,5,8,0.5872889332473278,0.1801513914962118
380,42,H,5,9,0.0,0.0
380,42,H,5,10,0.0,0.0
380,42,H,5,11,0.0,0.0
380,42,H,5,12,0.0,0.0
380,42,H,5,13,0.0,0.0
380,42,H,5,14,0.0,0.0
380,42,H,5,15,0.41616062372922896,0.1874187951754756
380,42,H,5,16,0.5837088666856289,0.18140406427073621
380,42,H,5,17,0.587866784632206,0.17690442836036896
380,42,H,5,18,0.5901422366499901,0.1802811834604999
380,42,H,5,19,0.7595740601420402,0.11785030069518257
380,42,H,5,20,0.0,0.0
380,42,H,5,21,0.0,0.0
380,42,H,5,22,0.0,0.0
380,42,H,5,23,0.0,0.0
380,42,H,6,0,0.5866073429584503,0.17775557204104425
380,42,H,6,1,0.24049395248293876,0.11851872628934909
380,42,H,6,2,0.0,0.0
380,42,H,6,3,0.5874542191624641,0.1783893218633575
380,42,H,6,4,0.0,0.0
380,42,H,6,5,0.0,0.0
380,42,H,6,6,0.4093028619885445,0.18486378963344585
380,42,H,6,7,0.2404041290283203,0.1187473215656059
380,42,H,6,8,0.24140761494636537,0.1188077143901292
380,42,H,6,9,0.0,0.0
380,42,H,6,10,0.0,0.0
380,42,H,6,11,0.0,0.0
380,42,H,6,12,0.0,0.0
380,42,H,6,13,0.0,0.0
380,42,H,6,14,0.0,0.0
380,42,H,6,15,0.7602236218750477,0.1221566164162465
380,42,H,6,16,0.4121710851788521,0.1801369953205195
380,42,H,6,17,0.06682162210345269,2.164320162670652e-05
380,42,H,6,18,0.5914548024535179,0.18230778111197346
380,42,H,6,19,0.41051333844661714,0.17997046861601748
380,42,H,6,20,0.0,0.0
380,42,H,6,21,0.0,0.0
380,42,H,6,22,0.0,0.0
380,42,H,6,23,0.0,0.0
380,42,H,7,0,0.4149358063936234,0.17771353939389822
380,42,H,7,1,0.5894029617309571,0.18004764940814305
380,42,H,7,2,0.0,0.0
380,42,H,7,3,0.4131270743906498,0.17848026626012112
380,42,H,7,4,0.0,0.0
380,42,H,7,5,0.0,0.0
380,42,H,7,6,0.5877805233001709,0.18034139856678758
380,42,H,7,7,0.24286363422870635,0.11775166925888765
380,42,H,7,8,0.5878148272633552,0.1785356609995527
380,42,H,7,9,0.0,0.0
380,42,H,7,10,0.0,0.0
380,42,H,7,11,0.0,0.0
380,42,H,7,12,0.0,0.0
380,42,H,7,13,0.0,0.0
380,42,H,7,14,0.0,0.0
380,42,H,7,15,0.4155042037367821,0.17770868935275735
380,42,H,7,16,0.23821124732494353,0.11986751566823817
380,42,H,7,17,0.417263263463974,0.17825475873891433
380,42,H,7,18,0.24005767032504083,0.11882234184231588
380,42,H,7,19,0.5904923692345619,0.178576270569672
380,42,H,7,20,0.0,0.0
380,42,H,7,21,0.0,0.0
380,42,H,7,22,0.0,0.0
380,42,H,7,23,0.0,0.0
390,43,C,0,0,0.26128063797950746,0.11504617523665987
390,43,C,0,1,0.33584320843219756,0.08997770518378394
390,43,C,0,2,0.9348655343055725,5.259068532410538e-05
390,43,C,0,3,0.5826539978384971,0.17683532975621483
390,43,C,0,4,0.8145002007484436,0.0036181093664444572
390,43,C,0,5,0.801930046081543,0.00522459435335719
390,43,C,0,6,0.8738872170448303,0.0020844717044022332
390,43,C,0,7,0.5845906749367714,0.18202534378462096
390,43,C,0,8,0.2403895415365696,0.11821213136982485
390,43,C,0,9,0.0,0.0
390,43,C,0,10,0.0,0.0
390,43,C,0,11,0.845658814907074,0.010439586230698126
390,43,C,0,12,0.8515335559844971,0.005392638024333394
390,43,C,0,13,0.8483572483062745,0.00950886093378699
390,43,C,0,14,0.24446819499135017,0.1173061970734827
390,43,C,0,15,0.5864261135458946,0.17734644706271024
390,43,C,0,16,0.7560415238142013,0.12665850242716492
390,43,C,0,17,0.0,0.0
390,43,C,0,18,0.4112697243690491,0.17745942536255727
390,43,C,0,19,0.4177141338586807,0.18192946036651292
390,43,C,0,20,0.41773989647626875,0.18197341463427708
390,43,C,0,21,0.0,0.0
390,43,C,0,22,0.0,0.0
390,43,C,0,23,0.0,0.0
390,43,C,1,0,0.43077636510133743,0.17010889155634223
390,43,C,1,1,0.5974850997328758,0.18345049012197
390,43,C,1,2,0.24457201659679412,0.12154297380490411
390,43,C,1,3,0.583331498503685,0.17853766530042633
390,43,C,1,4,0.585289080440998,0.183057628144039
390,43,C,1,5,0.5877620652318001,0.17869338070125562
390,43,C,1,6,0.24293937385082245,0.11916181087064766
390,43,C,1,7,0.9246910810470581,1.0574478004343746e-05
390,43,C,1,8,0.7633872747421264,0.1194478257838361
390,43,C,1,9,0.7622976109385491,0.11891329057634852
390,43,C,1,10,0.5875318378210068,0.17679114607819307
390,43,C,1,11,0.41437412351369857,0.1773565537260223
390,43,C,1,12,0.41606310904026034,0.17640298798544635
390,43,C,1,13,0.239926540851593,0.12042877112730559
390,43,C,1,14,0.4127299033105373,0.18115715837964236
390,43,C,1,15,0.5876132279634476,0.17951208499729482
390,43,C,1,16,0.24376836866140367,0.12063846996168522
390,43,C,1,17,0.4147344693541527,0.17815800960672673
390,43,C,1,18,0.7627540916204453,0.12186554043883677
390,43,C,1,19,0.41788005381822585,0.18509171905967833
390,43,C,1,20,0.9296445488929749,2.1099489381981585e-06
390,43,C,1,21,0.23638673648238182,0.12000368278560454
390,43,C,1,22,0.41003037244081497,0.18676690124875495
390,43,C,1,23,0.0,0.0
390,43,C,2,0,0.4080995455384254,0.1790396312243303
390,43,C,2,1,0.41715007126331327,0.177355412017685
390,43,C,2,2,0.7480072021484375,0.014755733739129936
390,43,C,2,3,0.8249833345413208,0.004504063814686674
390,43,C,2,4,0.0,0.0
390,43,C,2,5,0.0,0.0
390,43,C,2,6,0.0,0.0
390,43,C,2,7,0.4167393296957016,0.18159198371016347
390,43,C,2,8,0.5932668194174766,0.18012941582409395
390,43,C,2,9,0.13412083834409713,0.0020210202098371963
390,43,C,2,10,0.14764228612184524,0.011874961708152663
390,43,C,2,11,0.5821100108325481,0.17926247839285553
390,43,C,2,12,0.06246848776936531,0.00016206521793029615
390,43,C,2,13,0.41412510722875595,0.18427718019714293
390,43,C,2,14,0.7214398629963398,0.10957568833965185
390,43,C,2,15,0.24441025257110596,0.11926904753952956
390,43,C,2,16,0.5885570108890533,0.17646433721907057
390,43,C,2,17,0.8945747256278992,0.001016856077431214
390,43,C,2,18,0.4255091413855553,0.17640598352649733
390,43,C,2,19,0.7287735760211944,0.08411247053615639
390,43,C,2,20,0.6939830504357815,0.10846602340977854
390,43,C,2,21,0.0,0.0
390,43,C,2,22,0.0,0.0
390,43,C,2,23,0.7570128470659256,0.11882979781942675
390,43,H,0,0,0.770190815627575,0.12179869013878945
390,43,H,0,1,0.5956807494163513,0.18295568173419574
390,43,H,0,2,0.0,0.0
390,43,H,0,3,0.40249661803245546,0.18500644563850957
390,43,H,0,4,0.5861556068062782,0.179013933423604
390,43,H,0,5,0.7578017890453339,0.11829804764851404
390,43,H,0,6,0.4115010805428028,0.17945663656602573
390,43,H,0,7,0.0,0.0
390,43,H,0,8,0.0,0.0
390,43,H,0,9,0.0,0.0
390,43,H,0,10,0.0,0.0
390,43,H,0,11,0.5869167819619179,0.17614388114876905
390,43,H,0,12,0.24627777338027954,0.12121789445200355
390,43,H,0,13,0.41382518261671064,0.18372955731484425
390,43,H,0,14,0.06604983434081077,7.200555548259934e-05
390,43,H,0,15,0.0,0.0
390,43,H,0,16,0.0,0.0
390,43,H,0,17,0.0,0.0
390,43,H,0,18,0.7579501837491989,0.11868518687631284
390,43,H,0,19,0.0,0.0
390,43,H,0,20,0.0,0.0
390,43,H,0,21,0.0,0.0
390,43,H,0,22,0.0,0.0
390,43,H,0,23,0.0,0.0
390,43,H,1,0,0.24186069816350936,0.11963413868566466
390,43,H,1,1,0.5861259132623673,0.17731730670996326
390,43,H,1,2,0.0,0.0
390,43,H,1,3,0.5900257274508476,0.18132363738180643
390,43,H,1,4,0.413369807600975,0.17799849335032167
390,43,H,1,5,0.5814664840698243,0.18312897713231063
390,43,H,1,6,0.41104465276002883,0.18061890556014745
390,43,H,1,7,0.0,0.0
390,43,H,1,8,0.0,0.0
390,43,H,1,9,0.0,0.0
390,43,H,1,10,0.0,0.0
390,43,H,1,11,0.41559579968452454,0.18041645110828247
390,43,H,1,12,0.5890554159879684,0.1782463646975247
390,43,H,1,13,0.5865912973880768,0.18133330394631686
390,43,H,1,14,0.5904155775904656,0.17961742714363288
390,43,H,1,15,0.0,0.0
390,43,H,1,16,0.0,0.0
390,43,H,1,17,0.0,0.0
390,43,H,1,18,0.40921985656023024,0.18259526293298878
390,43,H,1,19,0.0,0.0
390,43,H,1,20,0.0,0.0
390,43,H,1,21,0.0,0.0
390,43,H,1,22,0.0,0.0
390,43,H,1,23,0.0,0.0
390,43,H,2,0,0.23377815335989,0.12212258831515332
390,43,H,2,1,0.06550430208444595,2.154616293314149e-05
390,43,H,2,2,0.0,0.0
390,43,H,2,3,0.23850559443235397,0.11952566104496518
390,43,H,2,4,0.41204953044652937,0.18931212988225138
390,43,H,2,5,0.2426765963435173,0.11838285798595363
390,43,H,2,6,0.24285789877176284,0.12089554281686303
390,43,H,2,7,0.0,0.0
390,43,H,2,8,0.0,0.0
390,43,H,2,9,0.0,0.0
390,43,H,2,10,0.0,0.0
390,43,H,2,11,0.4141846902668476,0.18287893747612022
390,43,H,2,12,0.5895766086876393,0.18187483406464441
390,43,H,2,13,0.5904343813657761,0.1799472429111439
390,43,H,2,14,0.5895234555006027,0.18072100704287997
390,43,H,2,15,0.0,0.0
390,43,H,2,16,0.0,0.0
390,43,H,2,17,0.0,0.0
390,43,H,2,18,0.590717575699091,0.18609410856948455
390,43,H,2,19,0.0,0.0
390,43,H,2,20,0.0,0.0
390,43,H,2,21,0.0,0.0
390,43,H,2,22,0.0,0.0
390,43,H,2,23,0.0,0.0
390,43,H,3,0,0.5907947771251202,0.1827430807553554
390,43,H,3,1,0.4211300387978554,0.18324145193900016
390,43,H,3,2,0.5855476826429367,0.17746589606123458
390,43,H,3,3,0.5908881917595863,0.18167897288480955
390,43,H,3,4,0.0,0.0
390,43,H,3,5,0.0,0.0
390,43,H,3,6,0.0,0.0
390,43,H,3,7,0.5867581322789193,0.18020529204154187
390,43,H,3,8,0.5834543742239475,0.1830778826609026
390,43,H,3,9,0.0,0.0
390,43,H,3,10,0.0,0.0
390,43,H,3,11,0.41087851449847224,0.1799715972489963
390,43,H,3,12,0.24064956605434418,0.1185428550675162
390,43,H,3,13,0.24220985248684884,0.12011760233720588
390,43,H,3,14,0.7626506730914115,0.12164503359122128
390,43,H,3,15,0.4116904005408287,0.17843010933501224
390,43,H,3,16,0.5851362459361553,0.18107851913079048
390,43,H,3,17,0.0,0.0
390,43,H,3,18,0.41529131680727005,0.1769786017505699
390,43,H,3,19,0.4092305198311806,0.18185421043561342
390,43,H,3,20,0.5925212860107422,0.1809942072061011
390,43,H,3,21,0.0,0.0
390,43,H,3,22,0.0,0.0
390,43,H,3,23,0.0,0.0
400,44,C,0,0,0.41332700178027154,0.17773615180556643
400,44,C,0,1,0.23100166022777557,0.011088723580831062
400,44,C,0,2,0.25558452755212785,0.12583065489411366
400,44,C,0,3,0.21147115379571915,0.009243704611501978
400,44,C,0,4,0.5853533640503883,0.18354161650994788
400,44,C,0,5,0.09389412105083465,0.00021712732050533035
400,44,C,0,6,0.7658132895827293,0.1210611915947121
400,44,C,0,7,0.25128784477710725,0.11699413851724771
400,44,C,0,8,0.29953652024269106,0.08116604320462384
400,44,C,0,9,0.7622917249798775,0.11952384048323958
400,44,C,0,10,0.7244890689849853,0.012240223078085819
400,44,C,0,11,0.8205093145370483,0.0014731632003318396
400,44,C,0,12,0.7547716185450554,0.11886771682243893
400,44,C,0,13,0.9288298130035401,4.749818982361376e-06
400,44,C,0,14,0.0,0.0
400,44,C,0,15,0.0,0.0
400,44,C,0,16,0.4153802186250687,0.1811324631755166
400,44,C,0,17,0.5857657693326473,0.18487005705614457
400,44,C,0,18,0.0,0.0
400,44,C,0,19,0.7987901210784912,0.004958953750540615
400,44,C,0,20,0.7966206789016723,0.0021622712166012546
400,44,C,0,21,0.2524686589837074,0.12203404860083052
400,44,C,0,22,0.24595220908522605,0.12081615824152517
400,44,C,0,23,0.7582101941108703,0.12188482306696273
400,44,C,0,24,0.2393168956041336,0.12121239255447296
400,44,C,0,25,0.767818634212017,0.11962632320098683
400,44,C,0,26,0.425946070253849,0.18094521483076823
400,44,C,0,27,0.24149631336331367,0.11796006572136483
400,44,C,1,0,0.41101983189582825,0.18379042461818756
400,44,C,1,1,0.2609807074069977,0.11929557149818185
400,44,C,1,2,0.27334520518779754,0.014398468604627224
400,44,C,1,3,0.5913856968283653,0.18060111899183426
400,44,C,1,4,0.23531243130564689,0.12196928228206269
400,44,C,1,5,0.21862745583057402,0.0018044456820828353
400,44,C,1,6,0.4133734554052353,0.1788573516824393
400,44,C,1,7,0.443326860666275,0.13696413267505142
400,44,C,1,8,0.24897223189473153,0.11779290836775214
400,44,C,1,9,0.7623484626412391,0.12213163420578581
400,44,C,1,10,0.5853062286973,0.1801901645411097
400,44,C,1,11,0.5807780213654041,0.18543637865478754
400,44,C,1,12,0.7924517154693603,0.003542353661642892
400,44,C,1,13,0.8315701484680176,0.003140653223518086
400,44,C,1,14,0.9294530868530273,1.4739329501480824e-05
400,44,C,1,15,0.5907751649618149,0.18225062630740452
400,44,C,1,16,0.0,0.0
400,44,C,1,17,0.0,0.0
400,44,C,1,18,0.0,0.0
400,44,C,1,19,0.42455932050943374,0.1821590310183395
400,44,C,1,20,0.09148366153240203,0.0003203150569354696
400,44,C,1,21,0.7433079957962037,0.006391964359204962
400,44,C,1,22,0.6615814566612244,0.015838761828554482
400,44,C,1,23,0.25745661109685897,0.12207930665457015
400,44,C,1,24,0.08297247290611268,2.424563462593898e-05
400,44,C,1,25,0.2370285890996456,0.12063902114105493
400,44,C,1,26,0.4195402190089226,0.1815739432259238
400,44,C,1,27,0.5886803261935711,0.1844522230631457
400,44,C,2,0,0.5892744973301888,0.1822779292373403
400,44,C,2,1,0.5878590419888496,0.18366213343216997
400,44,C,2,2,0.06487999111413956,3.5149893440517e-05
400,44,C,2,3,0.5882163509726525,0.17634093055398486
400,44,C,2,4,0.7008248090744018,0.030936762739667355
400,44,C,2,5,0.41756035909056666,0.18190691700203243
400,44,C,2,6,0.5753545098006725,0.17409862574062612
400,44,C,2,7,0.47830796539783477,0.07493808468328428
400,44,C,2,8,0.7570771478116513,0.12113508524622711
400,44,C,2,9,0.9209587216377259,4.765323152270184e-05
400,44,C,2,10,0.0,0.0
400,44,C,2,11,0.0,0.0
400,44,C,2,12,0.5864316195249557,0.17805977183364735
400,44,C,2,13,0.5839128024876118,0.1809282918911378
400,44,C,2,14,0.43361655324697496,0.17577635843398992
400,44,C,2,15,0.41865050345659255,0.1725733746093308
400,44,C,2,16,0.0,0.0
400,44,C,2,17,0.0,0.0
400,44,C,2,18,0.2398398719727993,0.11919765625416805
400,44,C,2,19,0.06707927286624908,3.542261021448834e-05
400,44,C,2,20,0.24082741886377335,0.11889726718046753
400,44,C,2,21,0.9309399843215942,6.459566798525884e-05
400,44,C,2,22,0.5848101526498795,0.1775469571483917
400,44,C,2,23,0.42666699886322024,0.1659706109632159
400,44,C,2,24,0.4235528722405434,0.17387610245035554
400,44,C,2,25,0.41641159653663634,0.17741445871032666
400,44,C,2,26,0.24382450729608535,0.11775211351803397
400,44,C,2,27,0.5854314878582955,0.17828667476416749
400,44,C,3,0,0.6310898303985596,0.03787864433952649
400,44,C,3,1,0.4218407392501831,0.17489334875827384
400,44,C,3,2,0.2551420614123344,0.11801330308582392
400,44,C,3,3,0.2480327770113945,0.11469776200543762
400,44,C,3,4,0.5992709219455719,0.054483808079179005
400,44,C,3,5,0.4214783325791359,0.17893855687534402
400,44,C,3,6,0.7540089845657348,0.0030834783837784133
400,44,C,3,7,0.8201243638992309,0.008286500940671146
400,44,C,3,8,0.8333218336105347,0.0014403943776963501
400,44,C,3,9,0.7723171353340149,0.0006169839883307305
400,44,C,3,10,0.0,0.0
400,44,C,3,11,0.0,0.0
400,44,C,3,12,0.0,0.0
400,44,C,3,13,0.0,0.0
400,44,C,3,14,0.08739929646253586,0.0002783392660492545
400,44,C,3,15,0.2740380674600601,0.11213791564862818
400,44,C,3,16,0.4323055326938629,0.17688705688512746
400,44,C,3,17,0.25947764366865156,0.12010058154160833
400,44,C,3,18,0.2194405734539032,0.009330292490547853
400,44,C,3,19,0.7495599895715713,0.11794470976774955
400,44,C,3,20,0.7463883973658085,0.11887079285344963
400,44,C,3,21,0.5709734283387661,0.17535745933578753
400,44,C,3,22,0.921053659915924,4.4805825026230644e-05
400,44,C,3,23,0.8349861145019531,0.002562331594482146
400,44,C,3,24,0.8392695546150207,0.00012037955133280322
400,44,C,3,25,0.7833318591117859,0.0032651391480391116
400,44,C,3,26,0.7915421843528747,0.0018996088165343396
400,44,C,3,27,0.1641490563750267,0.0051512779488828726
400,44,C,4,0,0.6164035975933075,0.033600224696772894
400,44,C,4,1,0.4148781329393387,0.17004776807945066
400,44,C,4,2,0.4121228829026222,0.17968931987660253
400,44,C,4,3,0.242012619972229,0.11817105349188066
400,44,C,4,4,0.24082873985171319,0.11913360025151723
400,44,C,4,5,0.24077726379036904,0.11895176181202882
400,44,C,4,6,0.23311600163578988,0.11383566107556282
400,44,C,4,7,0.5862073883414268,0.1813377401033756
400,44,C,4,8,0.5700715988874435,0.08780948988767406
400,44,C,4,9,0.5771193549036979,0.17483028261463213
400,44,C,4,10,0.2431049183011055,0.11805452858227931
400,44,C,4,11,0.24279549866914749,0.11815067887971953
400,44,C,4,12,0.0,0.0
400,44,C,4,13,0.0,0.0
400,44,C,4,14,0.0,0.0
400,44,C,4,15,0.0,0.0
400,44,C,4,16,0.4155193828046322,0.17401165035637484
400,44,C,4,17,0.4270277455449104,0.17601580640688594
400,44,C,4,18,0.5861724480986595,0.178767402788112
400,44,C,4,19,0.413744167983532,0.17836562804648456
400,44,C,4,20,0.5852555736899376,0.1746870553710897
400,44,C,4,21,0.41806463450193404,0.18181674615347362
400,44,C,4,22,0.583314748853445,0.18052770642173693
400,44,C,4,23,0.7550172284245491,0.12938667929571274
400,44,C,4,24,0.061788884550333024,0.00012752391744514147
400,44,C,4,25,0.4316800132393837,0.16897263078528688
400,44,C,4,26,0.41540201008319855,0.16751965255425813
400,44,C,4,27,0.41635820269584656,0.1778170176736881
400,44,H,0,0,0.4173697158694267,0.17848315633872064
400,44,H,0,1,0.5857155784964562,0.1866164722902516
400,44,H,0,2,0.4177344188094139,0.18221874276115418
400,44,H,0,3,0.24025692641735077,0.11944226352289519
400,44,H,0,4,0.0,0.0
400,44,H,0,5,0.24411139339208604,0.12100640066135149
400,44,H,0,6,0.0,0.0
400,44,H,0,7,0.0,0.0
400,44,H,0,8,0.4143258586525917,0.17717846178670893
400,44,H,0,9,0.0,0.0
400,44,H,0,10,0.587405514717102,0.178386018381483
400,44,H,0,11,0.7603433921933174,0.11833810608816356
400,44,H,0,12,0.0,0.0
400,44,H,0,13,0.0,0.0
400,44,H,0,14,0.0,0.0
400,44,H,0,15,0.0,0.0
400,44,H,0,16,0.0,0.0
400,44,H,0,17,0.0,0.0
400,44,H,0,18,0.0,0.0
400,44,H,0,19,0.41112240850925447,0.18186815351942368
400,44,H,0,20,0.41729728430509566,0.17771699874809088
400,44,H,0,21,0.4168071046471596,0.17838935966151612
400,44,H,0,22,0.4081037349998951,0.18141747498554364
400,44,H,0,23,0.0,0.0
400,44,H,0,24,0.0,0.0
400,44,H,0,25,0.0675978772342205,3.3733035999472524e-05
400,44,H,0,26,0.41911858320236206,0.18496513096659511
400,44,H,0,27,0.0,0.0
400,44,H,1,0,0.5897500336170196,0.1779001601474986
400,44,H,1,1,0.9381661891937256,6.382684677163298e-05
400,44,H,1,2,0.24297009631991387,0.12222652289213624
400,44,H,1,3,0.586545717716217,0.17670476871227792
400,44,H,1,4,0.0,0.0
400,44,H,1,5,0.7527832955121994,0.12762974123790696
400,44,H,1,6,0.0,0.0
400,44,H,1,7,0.0,0.0
400,44,H,1,8,0.4156267888844013,0.18332405099989132
400,44,H,1,9,0.0,0.0
400,44,H,1,10,0.23820851594209672,0.11946226453719706
400,44,H,1,11,0.41789219677448275,0.1794789048873168
400,44,H,1,12,0.0,0.0
400,44,H,1,13,0.0,0.0
400,44,H,1,14,0.0,0.0
400,44,H,1,15,0.0,0.0
400,44,H,1,16,0.0,0.0
400,44,H,1,17,0.0,0.0
400,44,H,1,18,0.0,0.0
400,44,H,1,19,0.7630674853920937,0.11951380826082494
400,44,H,1,20,0.415004999935627,0.17832033589680657
400,44,H,1,21,0.5875291720032692,0.17904620310721503
400,44,H,1,22,0.9309563040733337,1.628018895871719e-06
400,44,H,1,23,0.0,0.0
400,44,H,1,24,0.0,0.0
400,44,H,1,25,0.40611507222056387,0.18370507682775764
400,44,H,1,26,0.24260847568511962,0.11802241042911148
400,44,H,1,27,0.0,0.0
400,44,H,2,0,0.0,0.0
400,44,H,2,1,0.7595189645886421,0.1185877265742121
400,44,H,2,2,0.41424758434295655,0.17749542274986246
400,44,H,2,3,0.41591106057167054,0.1778232795261833
400,44,H,2,4,0.7677406057715416,0.12058324954712349
400,44,H,2,5,0.24099759235978127,0.11861795594507063
400,44,H,2,6,0.0,0.0
400,44,H,2,7,0.4124082937836647,0.17843452274947663
400,44,H,2,8,0.0,0.0
400,44,H,2,9,0.0,0.0
400,44,H,2,10,0.0,0.0
400,44,H,2,11,0.0,0.0
400,44,H,2,12,0.934227705001831,3.376501871343862e-05
400,44,H,2,13,0.5871967107057572,0.17907592583850412
400,44,H,2,14,0.0,0.0
400,44,H,2,15,0.0,0.0
400,44,H,2,16,0.0,0.0
400,44,H,2,17,0.0,0.0
400,44,H,2,18,0.0,0.0
400,44,H,2,19,0.7589322030544281,0.11763631461181774
400,44,H,2,20,0.5851296618580818,0.1791519984553473
400,44,H,2,21,0.7598874509334564,0.12041751734008428
400,44,H,2,22,0.4162419304251671,0.1769919996569
400,44,H,2,23,0.2425498515367508,0.12036241001881154
400,44,H,2,24,0.06665171533823014,1.9349448804848456e-05
400,44,H,2,25,0.0,0.0
400,44,H,2,26,0.0,0.0
400,44,H,2,27,0.0,0.0
400,44,H,3,0,0.0,0.0
400,44,H,3,1,0.241474299877882,0.12216919474734063
400,44,H,3,2,0.2409976303577423,0.11969849773695936
400,44,H,3,3,0.4111534133553505,0.17945756670168939
400,44,H,3,4,0.5888888984918594,0.17726575961544494
400,44,H,3,5,0.5906337082386017,0.18044626594669083
400,44,H,3,6,0.0,0.0
400,44,H,3,7,0.7611960083246231,0.11821490521790348
400,44,H,3,8,0.0,0.0
400,44,H,3,9,0.0,0.0
400,44,H,3,10,0.0,0.0
400,44,H,3,11,0.0,0.0
400,44,H,3,12,0.5875112757086753,0.17684294803324946
400,44,H,3,13,0.4132476270198822,0.1772194397064188
400,44,H,3,14,0.0,0.0
400,44,H,3,15,0.0,0.0
400,44,H,3,16,0.0,0.0
400,44,H,3,17,0.0,0.0
400,44,H,3,18,0.0,0.0
400,44,H,3,19,0.5869883880019188,0.1788630208187007
400,44,H,3,20,0.4130638599395752,0.17825602809414762
400,44,H,3,21,0.5852913118898868,0.1844439604847058
400,44,H,3,22,0.4153864875435829,0.18334386993379526
400,44,H,3,23,0.5815102934837342,0.18298305461855022
400,44,H,3,24,0.5911503553390502,0.17944469805811605
400,44,H,3,25,0.0,0.0
400,44,H,3,26,0.0,0.0
400,44,H,3,27,0.0,0.0
400,44,H,4,0,0.0,0.0
400,44,H,4,1,0.0,0.0
400,44,H,4,2,0.5882743611931801,0.17768750096179386
400,44,H,4,3,0.0,0.0
400,44,H,4,4,0.4122896283864975,0.18026229177133563
400,44,H,4,5,0.41404385566711427,0.1772386259647611
400,44,H,4,6,0.7634474456310272,0.11922124445824649
400,44,H,4,7,0.42039410173892977,0.1819099167214596
400,44,H,4,8,0.0,0.0
400,44,H,4,9,0.5821476690471172,0.1824925248807438
400,44,H,4,10,0.0,0.0
400,44,H,4,11,0.0,0.0
400,44,H,4,12,0.0,0.0
400,44,H,4,13,0.0,0.0
400,44,H,4,14,0.5890031591057777,0.17911654795422552
400,44,H,4,15,0.5851987183094025,0.17832423402272374
400,44,H,4,16,0.0,0.0
400,44,H,4,17,0.0,0.0
400,44,H,4,18,0.0,0.0
400,44,H,4,19,0.0,0.0
400,44,H,4,20,0.0,0.0
400,44,H,4,21,0.5843674957752227,0.1816204022484248
400,44,H,4,22,0.23460710644721985,0.1218215247203825
400,44,H,4,23,0.4150471717119217,0.17730681545199198
400,44,H,4,24,0.589702257514,0.18009193650200192
400,44,H,4,25,0.0,0.0
400,44,H,4,26,0.0,0.0
400,44,H,4,27,0.4140919893980026,0.17635301247334795
400,44,H,5,0,0.0,0.0
400,44,H,5,1,0.0,0.0
400,44,H,5,2,0.7671680450439453,0.12108184169741207
400,44,H,5,3,0.0,0.0
400,44,H,5,4,0.7624882593750953,0.1186747488616799
400,44,H,5,5,0.412201489508152,0.18225887418171305
400,44,H,5,6,0.41386912316083907,0.17760937380131178
400,44,H,5,7,0.5851608291268349,0.17738832523490466
400,44,H,5,8,0.0,0.0
400,44,H,5,9,0.5927261546254158,0.18059570304237588
400,44,H,5,10,0.0,0.0
400,44,H,5,11,0.0,0.0
400,44,H,5,12,0.0,0.0
400,44,H,5,13,0.0,0.0
400,44,H,5,14,0.23744145780801773,0.12192579446841992
400,44,H,5,15,0.5896068245172501,0.17860193215019893
400,44,H,5,16,0.0,0.0
400,44,H,5,17,0.0,0.0
400,44,H,5,18,0.0,0.0
400,44,H,5,19,0.0,0.0
400,44,H,5,20,0.0,0.0
400,44,H,5,21,0.41594944298267367,0.17694104578547154
400,44,H,5,22,0.5858789205551147,0.17705455922859517
400,44,H,5,23,0.06880556344985962,3.205296198537599e-05
400,44,H,5,24,0.5848302446305752,0.18539174154572038
400,44,H,5,25,0.0,0.0
400,44,H,5,26,0.0,0.0
400,44,H,5,27,0.40779576525092126,0.18117307018737638
400,44,H,6,0,0.4044339694082737,0.18795090142271323
400,44,H,6,1,0.5898581117391586,0.17795546860414935
400,44,H,6,2,0.0,0.0
400,44,H,6,3,0.41571945548057554,0.17776608084221873
400,44,H,6,4,0.0,0.0
400,44,H,6,5,0.0,0.0
400,44,H,6,6,0.41130709573626517,0.17988031761403683
400,44,H,6,7,0.0,0.0
400,44,H,6,8,0.41144046410918234,0.18030196649175662
400,44,H,6,9,0.41327867582440375,0.1798917491595162
400,44,H,6,10,0.0,0.0
400,44,H,6,11,0.0,0.0
400,44,H,6,12,0.0,0.0
400,44,H,6,13,0.0,0.0
400,44,H,6,14,0.0,0.0
400,44,H,6,15,0.0,0.0
400,44,H,6,16,0.24189820438623427,0.1179726872857622
400,44,H,6,17,0.5858809605240822,0.1783411887965473
400,44,H,6,18,0.0,0.0
400,44,H,6,19,0.4147346347570419,0.1790313039771496
400,44,H,6,20,0.5886539280414581,0.1850477535589897
400,44,H,6,21,0.0,0.0
400,44,H,6,22,0.0,0.0
400,44,H,6,23,0.0,0.0
400,44,H,6,24,0.0,0.0
400,44,H,6,25,0.5878805860877037,0.17698293748088229
400,44,H,6,26,0.41541438549757004,0.17615021974323503
400,44,H,6,27,0.7587314248085022,0.11795738012460362
400,44,H,7,0,0.7638105884194374,0.11975826582974616
400,44,H,7,1,0.586961418390274,0.1803327697950195
400,44,H,7,2,0.0,0.0
400,44,H,7,3,0.5817416474223137,0.1838798702871522
400,44,H,7,4,0.0,0.0
400,44,H,7,5,0.0,0.0
400,44,H,7,6,0.5883858546614646,0.17822403707093315
400,44,H,7,7,0.0,0.0
400,44,H,7,8,0.7615852594375611,0.11847381534554499
400,44,H,7,9,0.7579717487096786,0.12135225238800854
400,44,H,7,10,0.0,0.0
400,44,H,7,11,0.0,0.0
400,44,H,7,12,0.0,0.0
400,44,H,7,13,0.0,0.0
400,44,H,7,14,0.0,0.0
400,44,H,7,15,0.0,0.0
400,44,H,7,16,0.41161525547504424,0.17969939415781241
400,44,H,7,17,0.24350850582122802,0.11923635177203011
400,44,H,7,18,0.0,0.0
400,44,H,7,19,0.7639449268579483,0.11948773971966706
400,44,H,7,20,0.4088053502142429,0.1816374159871762
400,44,H,7,21,0.0,0.0
400,44,H,7,22,0.0,0.0
400,44,H,7,23,0.0,0.0
400,44,H,7,24,0.0,0.0
400,44,H,7,25,0.2405016951262951,0.11862076815354823
400,44,H,7,26,0.7570294171571732,0.1198131351879955
400,44,H,7,27,0.4129243031144142,0.17894178618729484
410,45,C,0,0,0.5884081080555916,0.17872013187183255
410,45,C,0,1,0.5781557232141494,0.17124488755080186
410,45,C,0,2,0.2449326954782009,0.12361755862609411
410,45,C,0,3,0.1704699918627739,0.008287537536674706
410,45,C,0,4,0.42215375825762746,0.1878213672999646
410,45,C,0,5,0.5906615644693375,0.1794874660729025
410,45,C,0,6,0.9340387582778931,1.710975405728732e-05
410,45,C,0,7,0.7637370601296425,0.11953600744942502
410,45,C,0,8,0.5923924013972283,0.17981122593423102
410,45,C,0,9,0.4143919751048088,0.1794324971562612
410,45,C,0,10,0.24397694319486618,0.11731474177601087
410,45,C,0,11,0.5891439586877822,0.1777730552735897
410,45,C,0,12,0.0,0.0
410,45,C,0,13,0.0,0.0
410,45,C,0,14,0.0,0.0
410,45,C,0,15,0.0,0.0
410,45,C,0,16,0.5882934138178826,0.1772804078505718
410,45,C,0,17,0.5843882001936436,0.17835304334215088
410,45,C,0,18,0.4131317734718323,0.18028164806181085
410,45,C,0,19,0.588346691429615,0.17757913520323668
410,45,C,0,20,0.24230308085680008,0.08053927154098388
410,45,C,0,21,0.2462598577141762,0.11928627271955934
410,45,C,0,22,0.5835726074874401,0.1834172281044558
410,45,C,0,23,0.7622144013643265,0.11844281502916656
410,45,C,0,24,0.5878565847873688,0.17624090301498224
410,45,C,0,25,0.24371432811021804,0.11779308207865846
410,45,C,0,26,0.2439321532845497,0.11757946657159783
410,45,C,0,27,0.4119137041270733,0.17922497193189868
410,45,C,0,28,0.7597648054361343,0.11847606205647718
410,45,C,0,29,0.584763127565384,0.17870123355103448
410,45,C,1,0,0.8323250532150268,0.014953336254226315
410,45,C,1,1,0.7563172817230225,0.11825498355057192
410,45,C,1,2,0.7631016612052918,0.11885529610372399
410,45,C,1,3,0.7592397108674049,0.11789357312812658
410,45,C,1,4,0.7604761570692062,0.11919571320789313
410,45,C,1,5,0.4216545358300209,0.1363077686312269
410,45,C,1,6,0.5761793158948422,0.1887737155164268
410,45,C,1,7,0.9332631349563598,5.811030383142678e-06
410,45,C,1,8,0.4192961767315865,0.18159701907133521
410,45,C,1,9,0.06884702071547508,2.538926916085593e-05
410,45,C,1,10,0.2448555052280426,0.12101167821250565
410,45,C,1,11,0.24169323742389678,0.11927131922861325
410,45,C,1,12,0.5872286528348922,0.1771344628472697
410,45,C,1,13,0.9400420427322388,4.794789701577429e-05
410,45,C,1,14,0.0,0.0
410,45,C,1,15,0.0,0.0
410,45,C,1,16,0.0,0.0
410,45,C,1,17,0.0,0.0
410,45,C,1,18,0.5844629473984242,0.17935719309117198
410,45,C,1,19,0.5866983085870743,0.17758297687159003
410,45,C,1,20,0.5928251683712006,0.18049786511222185
410,45,C,1,21,0.5820841088891029,0.13151879454062937
410,45,C,1,22,0.5862492077052593,0.18189851091663015
410,45,C,1,23,0.761437152326107,0.11874439638553787
410,45,C,1,24,0.7580437198281288,0.11957068699949716
410,45,C,1,25,0.9321298599243164,3.672637696183756e-06
410,45,C,1,26,0.4139873817563057,0.1791954236278432
410,45,C,1,27,0.5915858566761016,0.1786379875263925
410,45,C,1,28,0.4192556396126747,0.18342039809205035
410,45,C,1,29,0.4155287340283394,0.1797374215586496
410,45,C,2,0,0.4409908503293991,0.17545827113494017
410,45,C,2,1,0.41692040115594864,0.17736061783115514
410,45,C,2,2,0.42317874282598494,0.18191279196358803
410,45,C,2,3,0.24305330365896224,0.11844273517655537
410,45,C,2,4,0.16559634506702423,0.0016454049817042995
410,45,C,2,5,0.10022959709167481,0.00013775413179189844
410,45,C,2,6,0.09773607701063156,0.0002903909004798066
410,45,C,2,7,0.29014396071434023,0.007195981540399786
410,45,C,2,8,0.587590654194355,0.17789151729375097
410,45,C,2,9,0.26472668945789335,0.11423525683157636
410,45,C,2,10,0.0,0.0
410,45,C,2,11,0.40972785726189614,0.1797502908782554
410,45,C,2,12,0.7082339107990265,0.03318760794672272
410,45,C,2,13,0.7925176024436951,0.0025806339921743415
410,45,C,2,14,0.4112312912940979,0.17864896247119993
410,45,C,2,15,0.5859546527266503,0.1771439421771784
410,45,C,2,16,0.0,0.0
410,45,C,2,17,0.0,0.0
410,45,C,2,18,0.5846716977655888,0.1828646939441017
410,45,C,2,19,0.7575999289751053,0.12041076325032696
410,45,C,2,20,0.41789272874593736,0.17843258865593015
410,45,C,2,21,0.5948414012789727,0.17777034227693123
410,45,C,2,22,0.768564510345459,0.016930781639240992
410,45,C,2,23,0.6908975124359131,0.019780545397634908
410,45,C,2,24,0.25127038806676866,0.11690052633340402
410,45,C,2,25,0.4169700026512146,0.1786713361494388
410,45,C,2,26,0.2387879103422165,0.12230151500330408
410,45,C,2,27,0.2439787916839123,0.11872162620494804
410,45,C,2,28,0.23906219750642776,0.12324574918721991
410,45,C,2,29,0.5793335609138012,0.17968239178298714
410,45,C,3,0,0.7613115802407264,0.12019399739980682
410,45,C,3,1,0.2453167662024498,0.11797613794622011
410,45,C,3,2,0.24504886493086814,0.11957492872179405
410,45,C,3,3,0.41241933926939967,0.1788542923161288
410,45,C,3,4,0.08471059128642082,0.0002781093024719428
410,45,C,3,5,0.7625467911362648,0.11845054937817104
410,45,C,3,6,0.20698214769363404,0.0012132060608805698
410,45,C,3,7,0.7764273747801781,0.11851016629382338
410,45,C,3,8,0.2510079279541969,0.11944916551592959
410,45,C,3,9,0.2892724841833115,0.013313296272556698
410,45,C,3,10,0.0,0.0
410,45,C,3,11,0.0,0.0
410,45,C,3,12,0.4116510942578316,0.17701379966159075
410,45,C,3,13,0.7556842036545277,0.1207220996302257
410,45,C,3,14,0.8123299717903137,0.0018263092333123156
410,45,C,3,15,0.827222740650177,0.0028878410929445405
410,45,C,3,16,0.5864314943552017,0.1828415871843317
410,45,C,3,17,0.23691724389791488,0.11949660367031893
410,45,C,3,18,0.0,0.0
410,45,C,3,19,0.0,0.0
410,45,C,3,20,0.07107314988970756,3.934013793510438e-05
410,45,C,3,21,0.42074931412935257,0.17980033794351705
410,45,C,3,22,0.08553332239389419,4.0501530318080015e-05
410,45,C,3,23,0.08002421706914901,2.8232380925765628e-05
410,45,C,3,24,0.7962812542915344,0.006043056296214786
410,45,C,3,25,0.8289541244506836,0.002559510962800857
410,45,C,3,26,0.42233459949493407,0.1766094414055295
410,45,C,3,27,0.25601686239242555,0.12069721574153817
410,45,C,3,28,0.5891808435320854,0.17786358085879572
410,45,C,3,29,0.4100539669394493,0.179652914279892
410,45,C,4,0,0.5851845122873783,0.1839934935262677
410,45,C,4,1,0.29734274446964265,0.10765569363863829
410,45,C,4,2,0.366364461183548,0.07534570121767623
410,45,C,4,3,0.30350067615509035,0.10372458278704752
410,45,C,4,4,0.7619349882006645,0.11844416239644037
410,45,C,4,5,0.42157116532325745,0.18313773355458116
410,45,C,4,6,0.2595773577690125,0.10952747050759123
410,45,C,4,7,0.7596480011940002,0.11792738792175698
410,45,C,4,8,0.22892567217350007,0.0014281869513647649
410,45,C,4,9,0.2544707655906677,0.10773955225982186
410,45,C,4,10,0.07100001573562623,3.741552723499631e-06
410,45,C,4,11,0.0,0.0
410,45,C,4,12,0.0,0.0
410,45,C,4,13,0.0,0.0
410,45,C,4,14,0.41770225018262863,0.18423568318012534
410,45,C,4,15,0.23444535583257675,0.1208627005165321
410,45,C,4,16,0.8127691268920898,0.002934833197128342
410,45,C,4,17,0.7317931711673736,0.04604243995875038
410,45,C,4,18,0.2423581898212433,0.11764042613990813
410,45,C,4,19,0.5880520984530448,0.18047230715063897
410,45,C,4,20,0.0756572812795639,0.00022017139158071684
410,45,C,4,21,0.06545525565743446,0.00012492943889437003
410,45,C,4,22,0.41876211017370224,0.179450521744757
410,45,C,4,23,0.5904893785715103,0.17859137883592732
410,45,C,4,24,0.07682971209287644,0.00026749492451966456
410,45,C,4,25,0.24556761905550956,0.12173671163708155
410,45,C,4,26,0.6170855641365052,0.04246660707855397
410,45,C,4,27,0.6529960751533508,0.026462513500016483
410,45,C,4,28,0.7487326607108116,0.11735260817281086
410,45,C,4,29,0.7673511698842048,0.12078976027987245
410,45,H,0,0,0.5890407472848892,0.17924723665763617
410,45,H,0,1,0.0,0.0
410,45,H,0,2,0.0,0.0
410,45,H,0,3,0.0,0.0
410,45,H,0,4,0.5900034189224244,0.1806242317644265
410,45,H,0,5,0.5882941499352455,0.18304551295206017
410,45,H,0,6,0.41287176087498667,0.18160123907649323
410,45,H,0,7,0.41303202956914903,0.17809313501581997
410,45,H,0,8,0.0,0.0
410,45,H,0,9,0.4146970994770527,0.18091435401281805
410,45,H,0,10,0.0,0.0
410,45,H,0,11,0.0,0.0
410,45,H,0,12,0.5843160435557365,0.17860964144071892
410,45,H,0,13,0.420898774266243,0.18296140883364456
410,45,H,0,14,0.0,0.0
410,45,H,0,15,0.0,0.0
410,45,H,0,16,0.0,0.0
410,45,H,0,17,0.0,0.0
410,45,H,0,18,0.0,0.0
410,45,H,0,19,0.0,0.0
410,45,H,0,20,0.0,0.0
410,45,H,0,21,0.41423844248056413,0.17877462825696702
410,45,H,0,22,0.4155407935380936,0.17879469492778152
410,45,H,0,23,0.5871761932969093,0.17765340975959984
410,45,H,0,24,0.41848280727863313,0.17982338511153403
410,45,H,0,25,0.5879484117031097,0.1789076612224932
410,45,H,0,26,0.0,0.0
410,45,H,0,27,0.0,0.0
410,45,H,0,28,0.0,0.0
410,45,H,0,29,0.41372968107461927,0.17672530697746594
410,45,H,1,0,0.5884492471814156,0.18316481068184282
410,45,H,1,1,0.0,0.0
410,45,H,1,2,0.0,0.0
410,45,H,1,3,0.0,0.0
410,45,H,1,4,0.23946910127997398,0.11947252672229677
410,45,H,1,5,0.412882836163044,0.1781519725569265
410,45,H,1,6,0.2432938039302826,0.11953370062418037
410,45,H,1,7,0.4109537251293659,0.1801964507949177
410,45,H,1,8,0.0,0.0
410,45,H,1,9,0.06913538724184036,3.6394647807793666e-05
410,45,H,1,10,0.0,0.0
410,45,H,1,11,0.0,0.0
410,45,H,1,12,0.41541519165039065,0.17762496535309621
410,45,H,1,13,0.23515264466404914,0.12030699766339256
410,45,H,1,14,0.0,0.0
410,45,H,1,15,0.0,0.0
410,45,H,1,16,0.0,0.0
410,45,H,1,17,0.0,0.0
410,45,H,1,18,0.0,0.0
410,45,H,1,19,0.0,0.0
410,45,H,1,20,0.0,0.0
410,45,H,1,21,0.4142042562365532,0.17910595742922483
410,45,H,1,22,0.5857024103403091,0.17939605053804564
410,45,H,1,23,0.24620589166879653,0.12189949041562127
410,45,H,1,24,0.24762938022613526,0.1263540916609875
410,45,H,1,25,0.5872264534235001,0.17745049949720343
410,45,H,1,26,0.0,0.0
410,45,H,1,27,0.0,0.0
410,45,H,1,28,0.0,0.0
410,45,H,1,29,0.583911893516779,0.17940068480372168
410,45,H,2,0,0.0,0.0
410,45,H,2,1,0.0,0.0
410,45,H,2,2,0.5882697939872742,0.1787219046061787
410,45,H,2,3,0.0,0.0
410,45,H,2,4,0.4133084088563919,0.17967840188182235
410,45,H,2,5,0.0,0.0
410,45,H,2,6,0.5881363585591316,0.17670598077066305
410,45,H,2,7,0.7576000705361366,0.11897097375536439
410,45,H,2,8,0.23165491968393326,0.12199868858575987
410,45,H,2,9,0.5836794413626194,0.18131517482660264
410,45,H,2,10,0.0,0.0
410,45,H,2,11,0.0,0.0
410,45,H,2,12,0.0,0.0
410,45,H,2,13,0.0,0.0
410,45,H,2,14,0.0663275495171547,5.498625600872664e-05
410,45,H,2,15,0.5861740835011006,0.18456389729989575
410,45,H,2,16,0.0,0.0
410,45,H,2,17,0.0,0.0
410,45,H,2,18,0.0,0.0
410,45,H,2,19,0.0,0.0
410,45,H,2,20,0.0,0.0
410,45,H,2,21,0.0,0.0
410,45,H,2,22,0.5896791040897369,0.17847220776231648
410,45,H,2,23,0.41304695084691045,0.17934361446309025
410,45,H,2,24,0.7633578807115555,0.11909486985756461
410,45,H,2,25,0.7645303823053837,0.12487718093386872
410,45,H,2,26,0.41921656727790835,0.18218341044966704
410,45,H,2,27,0.4187045440077782,0.1801666174988864
410,45,H,2,28,0.0,0.0
410,45,H,2,29,0.0,0.0
410,45,H,3,0,0.0,0.0
410,45,H,3,1,0.0,0.0
410,45,H,3,2,0.24142182990908623,0.12316084200768677
410,45,H,3,3,0.0,0.0
410,45,H,3,4,0.5890646144747734,0.1777472322736899
410,45,H,3,5,0.0,0.0
410,45,H,3,6,0.7579369150102139,0.12167755116498695
410,45,H,3,7,0.41766356527805326,0.17782577062722918
410,45,H,3,8,0.5882013514637947,0.17666525110230533
410,45,H,3,9,0.4136060640215874,0.17754661249338022
410,45,H,3,10,0.0,0.0
410,45,H,3,11,0.0,0.0
410,45,H,3,12,0.0,0.0
410,45,H,3,13,0.0,0.0
410,45,H,3,14,0.41352407783269884,0.18241635819601026
410,45,H,3,15,0.5871348097920418,0.17730051633450053
410,45,H,3,16,0.0,0.0
410,45,H,3,17,0.0,0.0
410,45,H,3,18,0.0,0.0
410,45,H,3,19,0.0,0.0
410,45,H,3,20,0.0,0.0
410,45,H,3,21,0.0,0.0
410,45,H,3,22,0.412128970772028,0.17975410707269115
410,45,H,3,23,0.5888090416789055,0.17919255125528122
410,45,H,3,24,0.5865071460604667,0.17951324826921006
410,45,H,3,25,0.4140821471810341,0.17723400999443828
410,45,H,3,26,0.41727751940488816,0.1799512114481045
410,45,H,3,27,0.7638738855719567,0.11972465663319756
410,45,H,3,28,0.0,0.0
410,45,H,3,29,0.0,0.0
410,45,H,4,0,0.0,0.0
410,45,H,4,1,0.240347970277071,0.11966417100295965
410,45,H,4,2,0.41069268956780436,0.17966850577675358
410,45,H,4,3,0.06893661022186279,2.87650517294713e-05
410,45,H,4,4,0.0,0.0
410,45,H,4,5,0.0,0.0
410,45,H,4,6,0.5884095668792725,0.17838206769025491
410,45,H,4,7,0.0,0.0
410,45,H,4,8,0.41977997571229936,0.18285036525804138
410,45,H,4,9,0.41340481787919997,0.17768544671534067
410,45,H,4,10,0.0,0.0
410,45,H,4,11,0.0,0.0
410,45,H,4,12,0.0,0.0
410,45,H,4,13,0.0,0.0
410,45,H,4,14,0.0,0.0
410,45,H,4,15,0.0,0.0
410,45,H,4,16,0.7567549303174019,0.1268319675392324
410,45,H,4,17,0.06715194284915924,8.17279764278922e-06
410,45,H,4,18,0.0,0.0
410,45,H,4,19,0.0,0.0
410,45,H,4,20,0.41202094182372095,0.18118239462891036
410,45,H,4,21,0.0,0.0
410,45,H,4,22,0.0,0.0
410,45,H,4,23,0.0,0.0
410,45,H,4,24,0.42316831797361376,0.1842257813916166
410,45,H,4,25,0.41255211681127546,0.1781608878521614
410,45,H,4,26,0.7632339343428611,0.11933639375556196
410,45,H,4,27,0.7691044732928276,0.12112522833768229
410,45,H,4,28,0.5855853229761123,0.18105227497345805
410,45,H,4,29,0.0,0.0
410,45,H,5,0,0.0,0.0
410,45,H,5,1,0.5902921035885811,0.17894884100960406
410,45,H,5,2,0.41513026505708694,0.17877571495742123
410,45,H,5,3,0.588928209245205,0.17741146631140886
410,45,H,5,4,0.0,0.0
410,45,H,5,5,0.0,0.0
410,45,H,5,6,0.06795129776000977,4.478046151421888e-05
410,45,H,5,7,0.0,0.0
410,45,H,5,8,0.933402955532074,2.305374046045472e-05
410,45,H,5,9,0.5846249327063561,0.17941928448785505
410,45,H,5,10,0.0,0.0
410,45,H,5,11,0.0,0.0
410,45,H,5,12,0.0,0.0
410,45,H,5,13,0.0,0.0
410,45,H,5,14,0.0,0.0
410,45,H,5,15,0.0,0.0
410,45,H,5,16,0.41661563217639924,0.1824357054522539
410,45,H,5,17,0.5874910846352577,0.17742422965282673
410,45,H,5,18,0.0,0.0
410,45,H,5,19,0.0,0.0
410,45,H,5,20,0.5902636691927909,0.18134885710035817
410,45,H,5,21,0.0,0.0
410,45,H,5,22,0.0,0.0
410,45,H,5,23,0.0,0.0
410,45,H,5,24,0.41671035140752793,0.18195944083588977
410,45,H,5,25,0.4146456643939018,0.17682620803818846
410,45,H,5,26,0.41645477861166,0.17724726358579362
410,45,H,5,27,0.5904841408133507,0.1796039789098876
410,45,H,5,28,0.4129286125302315,0.17711328668146611
410,45,H,5,29,0.0,0.0
410,45,H,6,0,0.4107242725789547,0.180697046547104
410,45,H,6,1,0.4137700065970421,0.17868847971681995
410,45,H,6,2,0.24181964695453645,0.1186665351048178
410,45,H,6,3,0.5856526121497154,0.18223683592774442
410,45,H,6,4,0.0,0.0
410,45,H,6,5,0.5893315225839615,0.18170869631763736
410,45,H,6,6,0.0,0.0
410,45,H,6,7,0.0,0.0
410,45,H,6,8,0.41472272723913195,0.17693569517278715
410,45,H,6,9,0.0,0.0
410,45,H,6,10,0.7574482396245003,0.11748114095475319
410,45,H,6,11,0.0,0.0
410,45,H,6,12,0.0,0.0
410,45,H,6,13,0.0,0.0
410,45,H,6,14,0.0,0.0
410,45,H,6,15,0.0,0.0
410,45,H,6,16,0.0,0.0
410,45,H,6,17,0.0,0.0
410,45,H,6,18,0.5887101426720619,0.17788522814745714
410,45,H,6,19,0.07085479199886321,9.951878181624352e-07
410,45,H,6,20,0.23616425544023514,0.1207134403404414
410,45,H,6,21,0.4124584585428238,0.17859793698668752
410,45,H,6,22,0.0,0.0
410,45,H,6,23,0.0,0.0
410,45,H,6,24,0.0,0.0
410,45,H,6,25,0.0,0.0
410,45,H,6,26,0.41542431265115737,0.17640971507057435
410,45,H,6,27,0.40961799249053,0.1810087954125112
410,45,H,6,28,0.7651908233761787,0.12018138628868139
410,45,H,6,29,0.41468829959630965,0.17919987553976463
410,45,H,7,0,0.4122250407934189,0.18409916545856803
410,45,H,7,1,0.5911785826086998,0.17913490117479683
410,45,H,7,2,0.0,0.0
410,45,H,7,3,0.7598069906234741,0.11774777904933842
410,45,H,7,4,0.41984644532203674,0.1840339429280541
410,45,H,7,5,0.4153838060796261,0.18205430403167866
410,45,H,7,6,0.0,0.0
410,45,H,7,7,0.41546069383621215,0.17756296221212126
410,45,H,7,8,0.0,0.0
410,45,H,7,9,0.0,0.0
410,45,H,7,10,0.0,0.0
410,45,H,7,11,0.7601288840174675,0.11965355703017977
410,45,H,7,12,0.0,0.0
410,45,H,7,13,0.0,0.0
410,45,H,7,14,0.0,0.0
410,45,H,7,15,0.0,0.0
410,45,H,7,16,0.0,0.0
410,45,H,7,17,0.0,0.0
410,45,H,7,18,0.24104010462760925,0.12326169888183054
410,45,H,7,19,0.24083186462521552,0.12153644948293288
410,45,H,7,20,0.2435907691717148,0.11755320083024257
410,45,H,7,21,0.5892100110650063,0.1808527482368038
410,45,H,7,22,0.41435191631317136,0.17991751295792663
410,45,H,7,23,0.07050964683294296,5.867842373588061e-06
410,45,H,7,24,0.0,0.0
410,45,H,7,25,0.0,0.0
410,45,H,7,26,0.0,0.0
410,45,H,7,27,0.0,0.0
410,45,H,7,28,0.41574220508337023,0.18092348547447656
410,45,H,7,29,0.41324459090828897,0.17987321263148143
420,46,C,0,0,0.41475271582603457,0.18098563473326065
420,46,C,0,1,0.7617979601025582,0.11849140615859133
420,46,C,0,2,0.5846672065556049,0.18777655477947613
420,46,C,0,3,0.4154825024306774,0.18022359634124607
420,46,C,0,4,0.4135983847081661,0.18476712073067986
420,46,C,0,5,0.41421758383512497,0.17719429347333054
420,46,C,0,6,0.5863884471356868,0.18171656488373072
420,46,C,0,7,0.0,0.0
420,46,C,0,8,0.0,0.0
420,46,C,0,9,0.4142869681119919,0.17942352273130563
420,46,C,0,10,0.23957405537366866,0.11869813494266997
420,46,C,0,11,0.0,0.0
420,46,C,0,12,0.06934403628110886,9.99267656003333e-06
420,46,C,0,13,0.06652903407812119,3.517880904178927e-05
420,46,C,0,14,0.419229681789875,0.1814013068546129
420,46,C,0,15,0.24229752123355866,0.12002621250806053
420,46,C,0,16,0.2436323195695877,0.11819960055731267
420,46,C,0,17,0.24060235545039177,0.1184032149374051
420,46,C,0,18,0.41094835177063943,0.18067291912239059
420,46,C,0,19,0.0,0.0
420,46,C,0,20,0.4165131986141205,0.17862300833172115
420,46,C,0,21,0.5810293830931187,0.1819473909569685
420,46,C,0,22,0.41477454304695127,0.1780010935062289
420,46,C,0,23,0.2368919186294079,0.11956263323441882
420,46,C,0,24,0.0,0.0
420,46,C,0,25,0.0,0.0
420,46,C,1,0,0.0840217188000679,0.0004412675372877795
420,46,C,1,1,0.24754723012447358,0.12599648527212823
420,46,C,1,2,0.765033270418644,0.118493557611185
420,46,C,1,3,0.41900467574596406,0.12595615418176084
420,46,C,1,4,0.412587134540081,0.18120538450993842
420,46,C,1,5,0.41543624103069304,0.1772628177277146
420,46,C,1,6,0.5712726213037967,0.17800183993167867
420,46,C,1,7,0.24306126385927201,0.11782869641513709
420,46,C,1,8,0.5851519837975502,0.17883162105344752
420,46,C,1,9,0.413796129822731,0.17808307213415359
420,46,C,1,10,0.5856872722506523,0.18040291823026317
420,46,C,1,11,0.41222846880555153,0.18217276668751778
420,46,C,1,12,0.07126548290252685,4.8979474008912226e-05
420,46,C,1,13,0.07415082603693009,5.74856413653535e-05
420,46,C,1,14,0.8792520403862,0.001938975773696825
420,46,C,1,15,0.5939942687749863,0.17846238003434478
420,46,C,1,16,0.4278083950281143,0.18239372198712836
420,46,C,1,17,0.41015408337116244,0.18067523006145086
420,46,C,1,18,0.5932351931929588,0.18276210422942377
420,46,C,1,19,0.2392752669751644,0.11920676051938454
420,46,C,1,20,0.418788868188858,0.18419158129560262
420,46,C,1,21,0.08283756077289581,0.00013334753583245983
420,46,C,1,22,0.41031558588147166,0.17688084746943708
420,46,C,1,23,0.0,0.0
420,46,C,1,24,0.5925140783190728,0.1808029919176321
420,46,C,1,25,0.0,0.0
420,46,C,2,0,0.06970131546258926,8.546146313035408e-06
420,46,C,2,1,0.2411935433745384,0.1201116895348349
420,46,C,2,2,0.414301585406065,0.18133510073735798
420,46,C,2,3,0.5892990753054619,0.17794473546096193
420,46,C,2,4,0.0,0.0
420,46,C,2,5,0.0,0.0
420,46,C,2,6,0.06542506441473961,4.1333366723084183e-05
420,46,C,2,7,0.5855636648833752,0.18065211190053768
420,46,C,2,8,0.5862848848104477,0.1769875078050855
420,46,C,2,9,0.0,0.0
420,46,C,2,10,0.24098575711250306,0.11986067531807174
420,46,C,2,11,0.5838431976735592,0.1837805485795299
420,46,C,2,12,0.9304314494132996,3.374671189249057e-07
420,46,C,2,13,0.410632611066103,0.18316871888635994
420,46,C,2,14,0.2452130898833275,0.11859447826462996
420,46,C,2,15,0.5875317499041557,0.1800025619145947
420,46,C,2,16,0.9294337153434753,7.990499531729254e-07
420,46,C,2,17,0.0,0.0
420,46,C,2,18,0.23630886748433114,0.12088480121248057
420,46,C,2,19,0.936750304698944,1.4000351968093127e-05
420,46,C,2,20,0.9365967869758606,1.8011517084346452e-05
420,46,C,2,21,0.2433417871594429,0.12186692784436677
420,46,C,2,22,0.4138679400086403,0.1810795145747909
420,46,C,2,23,0.0,0.0
420,46,C,2,24,0.0,0.0
420,46,C,2,25,0.41445754319429395,0.18214743849754292
420,46,H,0,0,0.23895288482308388,0.119097353891684
420,46,H,0,1,0.42137752175331117,0.18722925446273225
420,46,H,0,2,0.0,0.0
420,46,H,0,3,0.762843006849289,0.11939283488820193
420,46,H,0,4,0.4136527955532074,0.18911916434020623
420,46,H,0,5,0.41636771261692046,0.17844022749534685
420,46,H,0,6,0.0,0.0
420,46,H,0,7,0.0,0.0
420,46,H,0,8,0.0,0.0
420,46,H,0,9,0.41281820014119147,0.17783218364630735
420,46,H,0,10,0.0,0.0
420,46,H,0,11,0.0,0.0
420,46,H,0,12,0.41251796931028367,0.18235388957443172
420,46,H,0,13,0.41329980343580247,0.1784076683665357
420,46,H,0,14,0.5856340765953064,0.17689686528660348
420,46,H,0,15,0.0,0.0
420,46,H,0,16,0.0,0.0
420,46,H,0,17,0.41426637172698977,0.1792758626104462
420,46,H,0,18,0.0,0.0
420,46,H,0,19,0.0,0.0
420,46,H,0,20,0.5864793166518212,0.17713819449977142
420,46,H,0,21,0.5892160907387733,0.1792528594493084
420,46,H,0,22,0.0,0.0
420,46,H,0,23,0.0,0.0
420,46,H,0,24,0.0,0.0
420,46,H,0,25,0.0,0.0
420,46,H,1,0,0.5883255273103714,0.1773238451292038
420,46,H,1,1,0.5869915738701821,0.17643138971514263
420,46,H,1,2,0.0,0.0
420,46,H,1,3,0.7582766741514206,0.1240774515422658
420,46,H,1,4,0.7630269438028335,0.12193731840957082
420,46,H,1,5,0.41440077424049376,0.17892575722129633
420,46,H,1,6,0.0,0.0
420,46,H,1,7,0.0,0.0
420,46,H,1,8,0.0,0.0
420,46,H,1,9,0.5856602430343628,0.17817099407950057
420,46,H,1,10,0.0,0.0
420,46,H,1,11,0.0,0.0
420,46,H,1,12,0.415047200024128,0.17911862134286827
420,46,H,1,13,0.41499037444591524,0.17865163618272295
420,46,H,1,14,0.5869420506060123,0.18293351594416474
420,46,H,1,15,0.0,0.0
420,46,H,1,16,0.0,0.0
420,46,H,1,17,0.2417804479598999,0.1191213673087899
420,46,H,1,18,0.0,0.0
420,46,H,1,19,0.0,0.0
420,46,H,1,20,0.41749616861343386,0.17978418829112103
420,46,H,1,21,0.761516572535038,0.11887534252431567
420,46,H,1,22,0.0,0.0
420,46,H,1,23,0.0,0.0
420,46,H,1,24,0.0,0.0
420,46,H,1,25,0.0,0.0
420,46,H,2,0,0.41889695078134537,0.18023905542670043
420,46,H,2,1,0.4096453256905079,0.18211693646125057
420,46,H,2,2,0.40443605445325376,0.18676668954592676
420,46,H,2,3,0.5829861365258694,0.1812340100076361
420,46,H,2,4,0.0,0.0
420,46,H,2,5,0.0,0.0
420,46,H,2,6,0.243246491253376,0.11765592796720384
420,46,H,2,7,0.0,0.0
420,46,H,2,8,0.0,0.0
420,46,H,2,9,0.0,0.0
420,46,H,2,10,0.2404213286936283,0.1184026928175829
420,46,H,2,11,0.0,0.0
420,46,H,2,12,0.2393302872776985,0.12208075364104576
420,46,H,2,13,0.06932760179042816,1.2105166165929937e-05
420,46,H,2,14,0.7624429762363434,0.11889784831491426
420,46,H,2,15,0.4161577582359314,0.17662662339648078
420,46,H,2,16,0.4134437456727028,0.18188503278916474
420,46,H,2,17,0.0,0.0
420,46,H,2,18,0.9326820850372315,9.11899029375718e-06
420,46,H,2,19,0.0,0.0
420,46,H,2,20,0.4140092097222805,0.1832284990270737
420,46,H,2,21,0.5923782035708427,0.18017203456638115
420,46,H,2,22,0.41265408843755724,0.18016764849830802
420,46,H,2,23,0.0,0.0
420,46,H,2,24,0.0,0.0
420,46,H,2,25,0.0,0.0
420,46,H,3,0,0.41364977285265925,0.17849730029220798
420,46,H,3,1,0.0,0.0
420,46,H,3,2,0.24287093430757523,0.11970285995622192
420,46,H,3,3,0.41408099234104156,0.1819220841315866
420,46,H,3,4,0.0,0.0
420,46,H,3,5,0.0,0.0
420,46,H,3,6,0.0,0.0
420,46,H,3,7,0.2425150603055954,0.11776177403964869
420,46,H,3,8,0.24018489718437194,0.11867872001633388
420,46,H,3,9,0.0,0.0
420,46,H,3,10,0.0,0.0
420,46,H,3,11,0.23941662460565566,0.11941618513286176
420,46,H,3,12,0.0,0.0
420,46,H,3,13,0.0,0.0
420,46,H,3,14,0.24604001343250276,0.1214562364493423
420,46,H,3,15,0.40919950902462005,0.18052055527242886
420,46,H,3,16,0.5880033373832703,0.1773650019511887
420,46,H,3,17,0.0,0.0
420,46,H,3,18,0.0,0.0
420,46,H,3,19,0.41555978655815123,0.17723905947654126
420,46,H,3,20,0.0,0.0
420,46,H,3,21,0.5902280911803246,0.1788552131206919
420,46,H,3,22,0.4117017984390259,0.18045634594603005
420,46,H,3,23,0.0,0.0
420,46,H,3,24,0.0,0.0
420,46,H,3,25,0.0,0.0
420,46,H,4,0,0.5875430911779403,0.17724818446770188
420,46,H,4,1,0.0,0.0
420,46,H,4,2,0.413494548946619,0.1779446962837393
420,46,H,4,3,0.2434367835521698,0.11745259537222812
420,46,H,4,4,0.0,0.0
420,46,H,4,5,0.0,0.0
420,46,H,4,6,0.0,0.0
420,46,H,4,7,0.2410174675285816,0.11853643235897478
420,46,H,4,8,0.23912094682455062,0.1211551856834902
420,46,H,4,9,0.0,0.0
420,46,H,4,10,0.0,0.0
420,46,H,4,11,0.23601264953613282,0.12018629185781075
420,46,H,4,12,0.0,0.0
420,46,H,4,13,0.0,0.0
420,46,H,4,14,0.41474121883511544,0.17916744374199048
420,46,H,4,15,0.7602600932121277,0.11817024259909543
420,46,H,4,16,0.2343626245856285,0.12103970362587355
420,46,H,4,17,0.0,0.0
420,46,H,4,18,0.0,0.0
420,46,H,4,19,0.5868105933070182,0.17673381340769204
420,46,H,4,20,0.0,0.0
420,46,H,4,21,0.41389897242188456,0.1795949505759547
420,46,H,4,22,0.7593352943658829,0.1179687583249569
420,46,H,4,23,0.0,0.0
420,46,H,4,24,0.0,0.0
420,46,H,4,25,0.0,0.0
430,47,C,0,0,0.41114807575941087,0.18809812598191894
430,47,C,0,1,0.2355142667889595,0.03205256720002768
430,47,C,0,2,0.2746117576956749,0.11275226091599837
430,47,C,0,3,0.6395500123500824,0.06870478013247151
430,47,C,0,4,0.5812318190932274,0.1819058303609815
430,47,C,0,5,0.2903751775622368,0.10783126323373451
430,47,C,0,6,0.0,0.0
430,47,C,0,7,0.7642130240797996,0.11863290288993955
430,47,C,0,8,0.8199291944503784,0.002150953335018926
430,47,C,0,9,0.8450040459632874,0.0021036026304963686
430,47,C,0,10,0.5839708313345909,0.17773644101139657
430,47,C,0,11,0.0,0.0
430,47,C,0,12,0.0,0.0
430,47,C,0,13,0.0,0.0
430,47,C,0,14,0.5807576701045036,0.17910810176901298
430,47,C,0,15,0.41320217326283454,0.17944470295150225
430,47,C,0,16,0.7600999817252159,0.11921946356134192
430,47,C,0,17,0.8818531274795532,0.0009612516957668048
430,47,C,0,18,0.834548044204712,0.002929501144219273
430,47,C,0,19,0.4197895586490631,0.17722027234013935
430,47,C,0,20,0.23900167569518088,0.12114347103823213
430,47,C,0,21,0.0,0.0
430,47,C,0,22,0.0,0.0
430,47,C,0,23,0.758314310759306,0.12155957381747884
430,47,C,0,24,0.7598681584000587,0.1262082054363786
430,47,C,0,25,0.7369075864553452,0.11555850037841627
430,47,C,0,26,0.40702987685799596,0.1828551433537493
430,47,C,0,27,0.0,0.0
430,47,C,1,0,0.24500369131565095,0.11910010954247952
430,47,C,1,1,0.3991177067160606,0.17655013514669532
430,47,C,1,2,0.5773021340370178,0.010216271216818883
430,47,C,1,3,0.7057014897465705,0.08897898629008986
430,47,C,1,4,0.0,0.0
430,47,C,1,5,0.5862202629446983,0.17846441929651516
430,47,C,1,6,0.0,0.0
430,47,C,1,7,0.0,0.0
430,47,C,1,8,0.42150088101625444,0.18385306408005359
430,47,C,1,9,0.238800960034132,0.1195579469995218
430,47,C,1,10,0.0,0.0
430,47,C,1,11,0.0,0.0
430,47,C,1,12,0.0,0.0
430,47,C,1,13,0.0,0.0
430,47,C,1,14,0.24741437137126923,0.0903740047436136
430,47,C,1,15,0.09893440902233124,8.542571397232024e-06
430,47,C,1,16,0.09265960305929184,0.00021488169760951697
430,47,C,1,17,0.4096156358718872,0.17630100382214006
430,47,C,1,18,0.40995743721723554,0.18747653787627366
430,47,C,1,19,0.23478580489754677,0.12059117326060989
430,47,C,1,20,0.0,0.0
430,47,C,1,21,0.0,0.0
430,47,C,1,22,0.0,0.0
430,47,C,1,23,0.7535572662949562,0.12256722676139357
430,47,C,1,24,0.40138806998729704,0.06397957410621333
430,47,C,1,25,0.5826822459697724,0.05851444918747447
430,47,C,1,26,0.940312659740448,0.0001295506167943472
430,47,C,1,27,0.9341687560081482,1.1081649657285197e-05
430,47,C,2,0,0.2972829043865204,0.10332735733918028
430,47,C,2,1,0.4162177093327045,0.1802096356339813
430,47,C,2,2,0.24156855940818786,0.11856710256113326
430,47,C,2,3,0.42536675482988356,0.18244497637191265
430,47,C,2,4,0.24972728192806243,0.11766957488161542
430,47,C,2,5,0.37012653052806854,0.05579571180312541
430,47,C,2,6,0.7611429631710053,0.11793020393227649
430,47,C,2,7,0.42015103399753573,0.18313147222906861
430,47,C,2,8,0.7585701376199723,0.118786565600518
430,47,C,2,9,0.41520816683769224,0.17607825343950062
430,47,C,2,10,0.913408899307251,4.108436225124024e-05
430,47,C,2,11,0.41697259098291395,0.1776029687279428
430,47,C,2,12,0.0,0.0
430,47,C,2,13,0.0,0.0
430,47,C,2,14,0.5853717282414437,0.1769421741152052
430,47,C,2,15,0.0,0.0
430,47,C,2,16,0.5857729956507682,0.1794821647441649
430,47,C,2,17,0.24201703667640687,0.11873563070050026
430,47,C,2,18,0.06941689252853393,1.9221858228881673e-05
430,47,C,2,19,0.41536379754543307,0.17815089048453334
430,47,C,2,20,0.5937995210289955,0.17532201151702348
430,47,C,2,21,0.41495646983385087,0.17990505403148976
430,47,C,2,22,0.5824848338961601,0.18243483598615193
430,47,C,2,23,0.24029562696814538,0.11995725045524759
430,47,C,2,24,0.06738151609897614,3.337274374359822e-06
430,47,C,2,25,0.5866648137569428,0.17865705012995486
430,47,C,2,26,0.41205221712589263,0.1771374535302784
430,47,C,2,27,0.7610755413770676,0.11868261726420978
430,47,C,3,0,0.9074924945831299,0.0021649077729244933
430,47,C,3,1,0.41121870577335357,0.17789401704331956
430,47,C,3,2,0.0,0.0
430,47,C,3,3,0.9179164648056031,0.00015428473370121765
430,47,C,3,4,0.8233349204063416,0.00073486497240566
430,47,C,3,5,0.8707298755645752,0.0008813281553776165
430,47,C,3,6,0.35815309137105944,0.09361806906582616
430,47,C,3,7,0.8236138105392456,0.002952200990120559
430,47,C,3,8,0.0,0.0
430,47,C,3,9,0.0,0.0
430,47,C,3,10,0.09332693740725517,0.000999768294848391
430,47,C,3,11,0.8399450540542602,0.0013054204727845332
430,47,C,3,12,0.7051305048167705,0.10865594175496637
430,47,C,3,13,0.7258121136575937,0.12251651107354458
430,47,C,3,14,0.4141002357006073,0.179136047076238
430,47,C,3,15,0.0,0.0
430,47,C,3,16,0.7644084930419922,0.11877914322408514
430,47,C,3,17,0.5872290894389153,0.175431401161713
430,47,C,3,18,0.5824178054928779,0.18057893378732032
430,47,C,3,19,0.8594128012657165,0.004468122010654554
430,47,C,3,20,0.779541277885437,0.0033421174547095234
430,47,C,3,21,0.8365854501724244,0.0017841008271977897
430,47,C,3,22,0.8101369738578796,0.005453783557953784
430,47,C,3,23,0.4096687391400337,0.18088760671068282
430,47,C,3,24,0.0,0.0
430,47,C,3,25,0.0,0.0
430,47,C,3,26,0.2473834738135338,0.12065688191497144
430,47,C,3,27,0.0,0.0
430,47,C,4,0,0.4102003425359726,0.1805199562868912
430,47,C,4,1,0.0,0.0
430,47,C,4,2,0.0,0.0
430,47,C,4,3,0.0,0.0
430,47,C,4,4,0.8044044852256775,0.009959164802235989
430,47,C,4,5,0.7566312700510025,0.1209962401472362
430,47,C,4,6,0.8692011117935181,0.0031469606093344287
430,47,C,4,7,0.7424189269542694,0.06066777637538138
430,47,C,4,8,0.0,0.0
430,47,C,4,9,0.0,0.0
430,47,C,4,10,0.0,0.0
430,47,C,4,11,0.867630124092102,0.0023664811427551056
430,47,C,4,12,0.8433227896690368,0.0038648451020245034
430,47,C,4,13,0.8432038068771363,0.0011656160297528117
430,47,C,4,14,0.0,0.0
430,47,C,4,15,0.0,0.0
430,47,C,4,16,0.0,0.0
430,47,C,4,17,0.0,0.0
430,47,C,4,18,0.0,0.0
430,47,C,4,19,0.23310493528842927,0.11860188286645394
430,47,C,4,20,0.8265925526618958,0.004432646697970314
430,47,C,4,21,0.7812639594078064,0.002680473685091158
430,47,C,4,22,0.8149088025093079,0.005213667604523664
430,47,C,4,23,0.0,0.0
430,47,C,4,24,0.0,0.0
430,47,C,4,25,0.0,0.0
430,47,C,4,26,0.9299846291542053,1.322836673978145e-05
430,47,C,4,27,0.0,0.0
430,47,H,0,0,0.7574407398700714,0.11950651134501497
430,47,H,0,1,0.7629663214087486,0.1204983385847644
430,47,H,0,2,0.7599577948451042,0.12042660057641053
430,47,H,0,3,0.4162830412387848,0.17861853225869812
430,47,H,0,4,0.0,0.0
430,47,H,0,5,0.5803744547069073,0.18288939892950806
430,47,H,0,6,0.0,0.0
430,47,H,0,7,0.0,0.0
430,47,H,0,8,0.4124284811317921,0.1783269743305775
430,47,H,0,9,0.7638450562953949,0.11980755177163474
430,47,H,0,10,0.0,0.0
430,47,H,0,11,0.0,0.0
430,47,H,0,12,0.0,0.0
430,47,H,0,13,0.0,0.0
430,47,H,0,14,0.0,0.0
430,47,H,0,15,0.0,0.0
430,47,H,0,16,0.0,0.0
430,47,H,0,17,0.2412400983273983,0.11852246652338713
430,47,H,0,18,0.5889584809541702,0.17878008087319644
430,47,H,0,19,0.5845007717609405,0.18263192609217627
430,47,H,0,20,0.0,0.0
430,47,H,0,21,0.0,0.0
430,47,H,0,22,0.0,0.0
430,47,H,0,23,0.0,0.0
430,47,H,0,24,0.5876035585999488,0.1769310903330204
430,47,H,0,25,0.06603085100650788,5.345115719145088e-05
430,47,H,0,26,0.06947015672922134,1.6429043525181267e-05
430,47,H,0,27,0.0,0.0
430,47,H,1,0,0.41485141664743425,0.17776561695499732
430,47,H,1,1,0.415521702170372,0.18075694297368036
430,47,H,1,2,0.4148362100124359,0.17804996782583227
430,47,H,1,3,0.41178946420550344,0.1857235935142847
430,47,H,1,4,0.0,0.0
430,47,H,1,5,0.2411912590265274,0.12177611942600672
430,47,H,1,6,0.0,0.0
430,47,H,1,7,0.0,0.0
430,47,H,1,8,0.23845266550779343,0.11901340555125425
430,47,H,1,9,0.7582190662622452,0.12060454447021066
430,47,H,1,10,0.0,0.0
430,47,H,1,11,0.0,0.0
430,47,H,1,12,0.0,0.0
430,47,H,1,13,0.0,0.0
430,47,H,1,14,0.0,0.0
430,47,H,1,15,0.0,0.0
430,47,H,1,16,0.0,0.0
430,47,H,1,17,0.4113580659031868,0.18114516756554727
430,47,H,1,18,0.5849823750555515,0.18418601056482312
430,47,H,1,19,0.41587456613779067,0.17885506435216963
430,47,H,1,20,0.0,0.0
430,47,H,1,21,0.0,0.0
430,47,H,1,22,0.0,0.0
430,47,H,1,23,0.0,0.0
430,47,H,1,24,0.4112044647336006,0.1788591267136977
430,47,H,1,25,0.590335400402546,0.1806787951291478
430,47,H,1,26,0.23933327198028564,0.11937074625782959
430,47,H,1,27,0.0,0.0
430,47,H,2,0,0.590364757180214,0.18111006431895388
430,47,H,2,1,0.24254547655582429,0.1186380347249744
430,47,H,2,2,0.0,0.0
430,47,H,2,3,0.7672731429338455,0.1205499670565752
430,47,H,2,4,0.24380964562296867,0.12533849972869376
430,47,H,2,5,0.415677510201931,0.1770994781966519
430,47,H,2,6,0.0,0.0
430,47,H,2,7,0.23855159804224968,0.11950051971198503
430,47,H,2,8,0.0,0.0
430,47,H,2,9,0.0,0.0
430,47,H,2,10,0.5851149931550026,0.17698535862794254
430,47,H,2,11,0.0,0.0
430,47,H,2,12,0.0,0.0
430,47,H,2,13,0.0,0.0
430,47,H,2,14,0.24304905980825425,0.11751526913435158
430,47,H,2,15,0.0,0.0
430,47,H,2,16,0.9299143314361572,1.7199503668052782e-06
430,47,H,2,17,0.7580226317048073,0.11776351981017852
430,47,H,2,18,0.5869873717427254,0.17714033831839168
430,47,H,2,19,0.42130374610424043,0.1830852613080866
430,47,H,2,20,0.588212975859642,0.18398210136804488
430,47,H,2,21,0.0,0.0
430,47,H,2,22,0.0,0.0
430,47,H,2,23,0.9363938927650451,0.00010111571306566703
430,47,H,2,24,0.0,0.0
430,47,H,2,25,0.0,0.0
430,47,H,2,26,0.7629507347941399,0.12020598012317125
430,47,H,2,27,0.0,0.0
430,47,H,4,0,0.5857152387499809,0.17793357420984757
430,47,H,4,1,0.0,0.0
430,47,H,4,2,0.0,0.0
430,47,H,4,3,0.0,0.0
430,47,H,4,4,0.5876628056168556,0.1829412944885473
430,47,H,4,5,0.4187633991241455,0.17976831468025725
430,47,H,4,6,0.4157498270273209,0.18545857582652753
430,47,H,4,7,0.2415260046720505,0.11793595408592487
430,47,H,4,8,0.0,0.0
430,47,H,4,9,0.0,0.0
430,47,H,4,10,0.0,0.0
430,47,H,4,11,0.7579102769494057,0.11852874824420201
430,47,H,4,12,0.0,0.0
430,47,H,4,13,0.0,0.0
430,47,H,4,14,0.0,0.0
430,47,H,4,15,0.0,0.0
430,47,H,4,16,0.0,0.0
430,47,H,4,17,0.0,0.0
430,47,H,4,18,0.0,0.0
430,47,H,4,19,0.7611280128359794,0.11995680899505663
430,47,H,4,20,0.5829719118773937,0.18135000043582425
430,47,H,4,21,0.7613518938422204,0.11854395720559881
430,47,H,4,22,0.5904131755232811,0.18025365446778024
430,47,H,4,23,0.0,0.0
430,47,H,4,24,0.0,0.0
430,47,H,4,25,0.0,0.0
430,47,H,4,26,0.7586789801716805,0.11780460690128525
430,47,H,4,27,0.0,0.0
430,47,H,5,0,0.0,0.0
430,47,H,5,1,0.0,0.0
430,47,H,5,2,0.0,0.0
430,47,H,5,3,0.0,0.0
430,47,H,5,4,0.588027474284172,0.17954120407910232
430,47,H,5,5,0.0,0.0
430,47,H,5,6,0.4161539897322655,0.18463577884064614
430,47,H,5,7,0.5869415864348412,0.18132100602785778
430,47,H,5,8,0.0,0.0
430,47,H,5,9,0.0,0.0
430,47,H,5,10,0.0,0.0
430,47,H,5,11,0.0,0.0
430,47,H,5,12,0.23629856556653978,0.12066607587778536
430,47,H,5,13,0.24538349509239196,0.12417544751969763
430,47,H,5,14,0.0,0.0
430,47,H,5,15,0.0,0.0
430,47,H,5,16,0.0,0.0
430,47,H,5,17,0.0,0.0
430,47,H,5,18,0.0,0.0
430,47,H,5,19,0.0,0.0
430,47,H,5,20,0.7580139555037022,0.12237901732834242
430,47,H,5,21,0.7583741791546345,0.12205602086800768
430,47,H,5,22,0.24079807326197625,0.11934835864269222
430,47,H,5,23,0.0,0.0
430,47,H,5,24,0.0,0.0
430,47,H,5,25,0.0,0.0
430,47,H,5,26,0.0,0.0
430,47,H,5,27,0.0,0.0
430,47,H,6,0,0.0,0.0
430,47,H,6,1,0.0,0.0
430,47,H,6,2,0.0,0.0
430,47,H,6,3,0.0,0.0
430,47,H,6,4,0.41450400203466414,0.17868346731272505
430,47,H,6,5,0.0,0.0
430,47,H,6,6,0.40761466324329376,0.18136616163579822
430,47,H,6,7,0.41227997094392776,0.17974953255750675
430,47,H,6,8,0.0,0.0
430,47,H,6,9,0.0,0.0
430,47,H,6,10,0.0,0.0
430,47,H,6,11,0.0,0.0
430,47,H,6,12,0.23907530978322028,0.11891818176239091
430,47,H,6,13,0.7524681083858014,0.12093720226850975
430,47,H,6,14,0.0,0.0
430,47,H,6,15,0.0,0.0
430,47,H,6,16,0.0,0.0
430,47,H,6,17,0.0,0.0
430,47,H,6,18,0.0,0.0
430,47,H,6,19,0.0,0.0
430,47,H,6,20,0.4122032545506954,0.1798740389013293
430,47,H,6,21,0.06473057866096496,5.47961864599078e-05
430,47,H,6,22,0.763105234503746,0.11951501864031608
430,47,H,6,23,0.0,0.0
430,47,H,6,24,0.0,0.0
430,47,H,6,25,0.0,0.0
430,47,H,6,26,0.0,0.0
430,47,H,6,27,0.0,0.0
440,48,C,0,0,0.7499319911003113,0.07455702738932928
440,48,C,0,1,0.47528069019317626,0.10914418637389882
440,48,C,0,2,0.5638751924037934,0.17301446930226344
440,48,C,0,3,0.6934017598628998,0.051170723222275574
440,48,C,0,4,0.7618085384368897,0.12037987981601446
440,48,C,0,5,0.9180626034736633,2.5338667063010688e-05
440,48,C,0,6,0.7670989707112312,0.12088247156925291
440,48,C,0,7,0.4100490465760231,0.1807306828618715
440,48,C,0,8,0.431625759601593,0.1033219417109447
440,48,C,0,9,0.0,0.0
440,48,C,0,10,0.24023841992020606,0.12128815896303453
440,48,C,0,11,0.7634416170418262,0.12473817157900442
440,48,C,0,12,0.5940030738711357,0.1831704251726837
440,48,C,0,13,0.4169888004660606,0.1772427131171518
440,48,C,0,14,0.5895193442702293,0.1810741692000842
440,48,C,0,15,0.0,0.0
440,48,C,0,16,0.42071481645107267,0.17574178667015405
440,48,C,0,17,0.7507442206144332,0.06715186906171058
440,48,C,0,18,0.7660206243395805,0.12058828432771698
440,48,C,0,19,0.23153686299920082,0.12371751563816424
440,48,C,0,20,0.40868701934814455,0.17509847821187044
440,48,C,0,21,0.41169272884726527,0.18451444489468544
440,48,C,0,22,0.5872206434607505,0.18008011085639722
440,48,C,0,23,0.4778399519622326,0.14301380790525448
440,48,C,0,24,0.4303945735096931,0.17472816310230804
440,48,C,0,25,0.41393199414014814,0.17673254866521435
440,48,C,0,26,0.2453693352639675,0.12414593493237147
440,48,C,0,27,0.0,0.0
440,48,C,1,0,0.7090622544288635,0.010906443578165578
440,48,C,1,1,0.7375043153762817,0.008040080223687199
440,48,C,1,2,0.5818839326500893,0.18582779314462955
440,48,C,1,3,0.7061485558748245,0.1087173886538128
440,48,C,1,4,0.8479639410972595,0.006822574706412466
440,48,C,1,5,0.7448134660720825,0.007527719649355333
440,48,C,1,6,0.4051933288574219,0.18107239111746054
440,48,C,1,7,0.8414714574813843,0.0061566085338350274
440,48,C,1,8,0.2494327172636986,0.11938331885127859
440,48,C,1,9,0.40080823600292204,0.17964697589460338
440,48,C,1,10,0.0,0.0
440,48,C,1,11,0.0,0.0
440,48,C,1,12,0.0,0.0
440,48,C,1,13,0.2427457571029663,0.11842262513290853
440,48,C,1,14,0.19913582280278205,0.009653673999251943
440,48,C,1,15,0.0,0.0
440,48,C,1,16,0.5858672015368939,0.18136723291579337
440,48,C,1,17,0.8027320742607117,0.0047272929995097
440,48,C,1,18,0.7928938269615173,0.0017462226817258398
440,48,C,1,19,0.5807422690093518,0.17990021100033834
440,48,C,1,20,0.5785724446177483,0.1824095993791972
440,48,C,1,21,0.5805642813444137,0.17772823408289995
440,48,C,1,22,0.8849620699882508,0.0007300111542625132
440,48,C,1,23,0.07531977370381356,0.00024074175603087337
440,48,C,1,24,0.5763799726963044,0.10242967934522382
440,48,C,1,25,0.41121114492416383,0.17892918389890608
440,48,C,1,26,0.5850078299641609,0.17752499244164402
440,48,C,1,27,0.9430627942085266,0.0001559024380716778
440,48,C,2,0,0.4932001128792763,0.06906554329723455
440,48,C,2,1,0.936765992641449,0.0001599768805428425
440,48,C,2,2,0.0,0.0
440,48,C,2,3,0.5878527358174324,0.17890702284439158
440,48,C,2,4,0.593511164188385,0.10415352219265976
440,48,C,2,5,0.8908622026443481,0.00036708444846539123
440,48,C,2,6,0.7053526878356934,0.1135971265305011
440,48,C,2,7,0.566641841828823,0.11200757968830403
440,48,C,2,8,0.0,0.0
440,48,C,2,9,0.730940306186676,0.12091982634382618
440,48,C,2,10,0.0,0.0
440,48,C,2,11,0.0,0.0
440,48,C,2,12,0.0,0.0
440,48,C,2,13,0.4188743747770786,0.1869048550837386
440,48,C,2,14,0.7620697557926178,0.11922855913294383
440,48,C,2,15,0.5869914174079895,0.1783518574088769
440,48,C,2,16,0.06096362397074699,8.155554491411032e-05
440,48,C,2,17,0.7584702625870705,0.11792672392565737
440,48,C,2,18,0.872356116771698,0.004873710187983704
440,48,C,2,19,0.0,0.0
440,48,C,2,20,0.0,0.0
440,48,C,2,21,0.0,0.0
440,48,C,2,22,0.4169580563902855,0.18345827243633156
440,48,C,2,23,0.4153456538915634,0.17907476415724582
440,48,C,2,24,0.10025282651185989,0.002173992978378827
440,48,C,2,25,0.09492649734020234,2.0652880870728472e-05
440,48,C,2,26,0.10103282928466797,0.000259405151416634
440,48,C,2,27,0.0,0.0
440,48,C,3,0,0.2385200083255768,0.11999767975744587
440,48,C,3,1,0.41400163918733596,0.17590190316516036
440,48,C,3,2,0.0,0.0
440,48,C,3,3,0.42238629460334776,0.18753829917154663
440,48,C,3,4,0.8328868627548218,0.0013575068775045908
440,48,C,3,5,0.5866631448268891,0.17806108745267718
440,48,C,3,6,0.6543463945388794,0.004863684649446612
440,48,C,3,7,0.88727308511734,0.0005461708389267983
440,48,C,3,8,0.0,0.0
440,48,C,3,9,0.41387793347239493,0.1871082908997084
440,48,C,3,10,0.0,0.0
440,48,C,3,11,0.0,0.0
440,48,C,3,12,0.0,0.0
440,48,C,3,13,0.43365285396575926,0.17493331605076734
440,48,C,3,14,0.0,0.0
440,48,C,3,15,0.1037451148033142,0.0003300905032959678
440,48,C,3,16,0.2866546854376793,0.10550523518646596
440,48,C,3,17,0.2371707759797573,0.11927110070724936
440,48,C,3,18,0.7266636997461319,0.1159600352309887
440,48,C,3,19,0.0,0.0
440,48,C,3,20,0.0,0.0
440,48,C,3,21,0.0,0.0
440,48,C,3,22,0.0,0.0
440,48,C,3,23,0.5862826123833657,0.18045359449344361
440,48,C,3,24,0.2376428872346878,0.11913188078897212
440,48,C,3,25,0.7729956269264221,0.004267430305302753
440,48,C,3,26,0.5101293593645095,0.12352884368750632
440,48,C,3,27,0.0,0.0
440,48,C,4,0,0.9369560003280639,0.00018740942680807392
440,48,C,4,1,0.25022839903831484,0.11740865087193933
440,48,C,4,2,0.6110064670443535,0.09809752429574373
440,48,C,4,3,0.2563457876443863,0.11745549054118858
440,48,C,4,4,0.0,0.0
440,48,C,4,5,0.5959581926465034,0.18149069198301745
440,48,C,4,6,0.0,0.0
440,48,C,4,7,0.0,0.0
440,48,C,4,8,0.5859196200966835,0.17930389467267016
440,48,C,4,9,0.0,0.0
440,48,C,4,10,0.8950603246688843,0.0008339994091309678
440,48,C,4,11,0.7917885184288025,0.009815073706866429
440,48,C,4,12,0.8673329472541809,0.002116506043765867
440,48,C,4,13,0.06799313947558402,1.0061136095305124e-05
440,48,C,4,14,0.0,0.0
440,48,C,4,15,0.0,0.0
440,48,C,4,16,0.5903730541467667,0.18107275557632432
440,48,C,4,17,0.2474615290760994,0.12261821938454687
440,48,C,4,18,0.0,0.0
440,48,C,4,19,0.8051664113998414,0.0034190990204811555
440,48,C,4,20,0.8252727508544921,0.007494156943930933
440,48,C,4,21,0.8186658263206482,0.0016457952452677207
440,48,C,4,22,0.0,0.0
440,48,C,4,23,0.7459555365145206,0.11943130727255416
440,48,C,4,24,0.7591780155897141,0.11976725658455686
440,48,C,4,25,0.0,0.0
440,48,C,4,26,0.0,0.0
440,48,C,4,27,0.0,0.0
440,48,H,0,0,0.760363532602787,0.11830599332445946
440,48,H,0,1,0.24549069702625276,0.12111417214090328
440,48,H,0,2,0.7574643090367317,0.12482486171858911
440,48,H,0,3,0.7598155632615089,0.11788783700436367
440,48,H,0,4,0.0,0.0
440,48,H,0,5,0.7666799679398537,0.12050391102257096
440,48,H,0,6,0.0,0.0
440,48,H,0,7,0.0,0.0
440,48,H,0,8,0.7578849166631698,0.1179431519960659
440,48,H,0,9,0.0,0.0
440,48,H,0,10,0.0,0.0
440,48,H,0,11,0.0,0.0
440,48,H,0,12,0.0,0.0
440,48,H,0,13,0.06697183400392533,9.995394056496741e-06
440,48,H,0,14,0.0,0.0
440,48,H,0,15,0.0,0.0
440,48,H,0,16,0.7583399221301079,0.11762759515614636
440,48,H,0,17,0.4134335994720459,0.183460773153625
440,48,H,0,18,0.0,0.0
440,48,H,0,19,0.4197415128350258,0.1810576942819743
440,48,H,0,20,0.7581747770309448,0.11961213181141517
440,48,H,0,21,0.5899848461151123,0.185522582090008
440,48,H,0,22,0.0,0.0
440,48,H,0,23,0.5904454395174981,0.18126088105925894
440,48,H,0,24,0.7577208548784256,0.1201902816943218
440,48,H,0,25,0.0,0.0
440,48,H,0,26,0.0,0.0
440,48,H,0,27,0.0,0.0
440,48,H,1,0,0.41274882256984713,0.18299490428802462
440,48,H,1,1,0.0,0.0
440,48,H,1,2,0.0,0.0
440,48,H,1,3,0.0,0.0
440,48,H,1,4,0.06813525855541229,4.1785147125796843e-05
440,48,H,1,5,0.055141296982765195,0.0001155100454677671
440,48,H,1,6,0.5902495503425598,0.18035596827671463
440,48,H,1,7,0.41887020915746687,0.1830373642249967
440,48,H,1,8,0.0,0.0
440,48,H,1,9,0.06541376560926437,9.431558510801797e-05
440,48,H,1,10,0.0,0.0
440,48,H,1,11,0.0,0.0
440,48,H,1,12,0.0,0.0
440,48,H,1,13,0.0,0.0
440,48,H,1,14,0.0,0.0
440,48,H,1,15,0.0,0.0
440,48,H,1,16,0.0,0.0
440,48,H,1,17,0.0,0.0
440,48,H,1,18,0.41309247016906736,0.1796303874209031
440,48,H,1,19,0.0,0.0
440,48,H,1,20,0.0,0.0
440,48,H,1,21,0.0,0.0
440,48,H,1,22,0.0,0.0
440,48,H,1,23,0.0,0.0
440,48,H,1,24,0.41608228236436845,0.17694077641693823
440,48,H,1,25,0.41145889088511467,0.18104241302605123
440,48,H,1,26,0.5876776352524757,0.17919052225546744
440,48,H,1,27,0.0,0.0
440,48,H,2,0,0.0,0.0
440,48,H,2,1,0.5925873667001724,0.18268657125750476
440,48,H,2,2,0.592874462902546,0.1824697062343378
440,48,H,2,3,0.7617957413196563,0.11871876794549421
440,48,H,2,4,0.0,0.0
440,48,H,2,5,0.0,0.0
440,48,H,2,6,0.0,0.0
440,48,H,2,7,0.0,0.0
440,48,H,2,8,0.0,0.0
440,48,H,2,9,0.0,0.0
440,48,H,2,10,0.2447227030992508,0.12039854696725276
440,48,H,2,11,0.4177473708987236,0.1807196745969542
440,48,H,2,12,0.5872123166918755,0.1770413844970546
440,48,H,2,13,0.0,0.0
440,48,H,2,14,0.0,0.0
440,48,H,2,15,0.0,0.0
440,48,H,2,16,0.0,0.0
440,48,H,2,17,0.5975300043821334,0.18418880578114644
440,48,H,2,18,0.0,0.0
440,48,H,2,19,0.4148244097828865,0.18258353284834938
440,48,H,2,20,0.9380881428718567,4.664003088322487e-05
440,48,H,2,21,0.7582523345947265,0.11771282114558146
440,48,H,2,22,0.0,0.0
440,48,H,2,23,0.23906247913837433,0.11884802201314523
440,48,H,2,24,0.0,0.0
440,48,H,2,25,0.0,0.0
440,48,H,2,26,0.0,0.0
440,48,H,2,27,0.0,0.0
440,48,H,3,0,0.0,0.0
440,48,H,3,1,0.5907173410058022,0.17892128491453402
440,48,H,3,2,0.4118253953754902,0.17874794439785335
440,48,H,3,3,0.7596326887607574,0.11874086886271713
440,48,H,3,4,0.0,0.0
440,48,H,3,5,0.0,0.0
440,48,H,3,6,0.0,0.0
440,48,H,3,7,0.0,0.0
440,48,H,3,8,0.0,0.0
440,48,H,3,9,0.0,0.0
440,48,H,3,10,0.06470466256141663,2.890964642466631e-05
440,48,H,3,11,0.7601527020335197,0.12127595924320049
440,48,H,3,12,0.418958505988121,0.18357992227560366
440,48,H,3,13,0.0,0.0
440,48,H,3,14,0.0,0.0
440,48,H,3,15,0.0,0.0
440,48,H,3,16,0.0,0.0
440,48,H,3,17,0.5888908803462982,0.1787524125342415
440,48,H,3,18,0.0,0.0
440,48,H,3,19,0.24478503614664077,0.12222029497885847
440,48,H,3,20,0.2377732090651989,0.12661940187865411
440,48,H,3,21,0.24300844669342042,0.1199631052912512
440,48,H,3,22,0.0,0.0
440,48,H,3,23,0.5903151854872704,0.17899527702067722
440,48,H,3,24,0.0,0.0
440,48,H,3,25,0.0,0.0
440,48,H,3,26,0.0,0.0
440,48,H,3,27,0.0,0.0
440,48,H,4,0,0.0,0.0
440,48,H,4,1,0.41177017241716385,0.17919297192540778
440,48,H,4,2,0.4155598968267441,0.17680074849591115
440,48,H,4,3,0.7562081031501293,0.12092417721349062
440,48,H,4,4,0.0,0.0
440,48,H,4,5,0.0,0.0
440,48,H,4,6,0.0,0.0
440,48,H,4,7,0.0,0.0
440,48,H,4,8,0.0,0.0
440,48,H,4,9,0.0,0.0
440,48,H,4,10,0.41990457773208617,0.18219582861160666
440,48,H,4,11,0.23895470276474953,0.11913231201645955
440,48,H,4,12,0.586262370646,0.17990017180271609
440,48,H,4,13,0.0,0.0
440,48,H,4,14,0.0,0.0
440,48,H,4,15,0.0,0.0
440,48,H,4,16,0.0,0.0
440,48,H,4,17,0.4212698355317116,0.1848980511922994
440,48,H,4,18,0.0,0.0
440,48,H,4,19,0.41253670305013657,0.18053348854745352
440,48,H,4,20,0.4148175448179245,0.1778967741177673
440,48,H,4,21,0.5869493767619133,0.1771475557079727
440,48,H,4,22,0.0,0.0
440,48,H,4,23,0.24208163917064668,0.11818703371632833
440,48,H,4,24,0.0,0.0
440,48,H,4,25,0.0,0.0
440,48,H,4,26,0.0,0.0
440,48,H,4,27,0.0,0.0
450,50,C,0,0,0.8355640292167663,0.006366542699486501
450,50,C,0,1,0.7034913301467896,0.007624049753580664
450,50,C,0,2,0.7532936155796051,0.1243147363622141
450,50,C,0,3,0.7269211649894715,0.0069139405291574006
450,50,C,0,4,0.8611530303955078,0.0010247882465785098
450,50,C,0,5,0.6954681515693665,0.00556244354953975
450,50,C,0,6,0.9103946805000305,0.00035576130728628643
450,50,C,0,7,0.07194241881370544,1.0180254653513465e-05
450,50,C,0,8,0.4205165982246399,0.17669974884381276
450,50,C,0,9,0.5926057875156403,0.1801948676716455
450,50,C,0,10,0.2415713384747505,0.12002705551859408
450,50,C,0,11,0.4146380662918091,0.18225754333567606
450,50,C,0,12,0.7632940620183944,0.12121519023322302
450,50,C,0,13,0.595104269683361,0.17511000098260868
450,50,C,0,14,0.24582766443490983,0.12010449669797467
450,50,C,0,15,0.0,0.0
450,50,C,0,16,0.8429204106330872,0.005516939822935853
450,50,C,0,17,0.6956330291926861,0.11072917694422513
450,50,C,0,18,0.879455053806305,0.0012349598610322233
450,50,C,0,19,0.8910899043083191,0.0005548194691618847
450,50,C,0,20,0.5823699817061424,0.1817862027656883
450,50,C,0,21,0.7554318532347679,0.12127056782761252
450,50,C,0,22,0.12052189260721206,0.0005147055929205192
450,50,C,0,23,0.11852074712514878,0.00042631561841396606
450,50,C,0,24,0.2642461471259594,0.11988414102932363
450,50,C,0,25,0.0,0.0
450,50,C,0,26,0.0,0.0
450,50,C,0,27,0.0,0.0
450,50,C,0,28,0.0,0.0
450,50,C,0,29,0.0,0.0
450,50,C,1,0,0.7567587971687317,0.12082765710195731
450,50,C,1,1,0.8450243234634399,0.0012032217556205182
450,50,C,1,2,0.7850999474525452,0.0014991043411706074
450,50,C,1,3,0.8352227210998535,0.0011070689618051688
450,50,C,1,4,0.4080835394561291,0.18472237749636408
450,50,C,1,5,0.8418605208396912,0.008706117315302322
450,50,C,1,6,0.7287338376045227,0.010839879561085296
450,50,C,1,7,0.0,0.0
450,50,C,1,8,0.0,0.0
450,50,C,1,9,0.0,0.0
450,50,C,1,10,0.28553806245326996,0.11505422802362004
450,50,C,1,11,0.0,0.0
450,50,C,1,12,0.0,0.0
450,50,C,1,13,0.0,0.0
450,50,C,1,14,0.16633240431547164,0.00438730806395359
450,50,C,1,15,0.0,0.0
450,50,C,1,16,0.80698721408844,0.0038550271536968244
450,50,C,1,17,0.7591498859226704,0.12179347845493531
450,50,C,1,18,0.41004867404699324,0.17709823045313386
450,50,C,1,19,0.593375226855278,0.18564021597200725
450,50,C,1,20,0.0,0.0
450,50,C,1,21,0.7500689469277859,0.12041582941642034
450,50,C,1,22,0.3640353262424469,0.010709449747828828
450,50,C,1,23,0.06113268136978149,0.0001572650033855505
450,50,C,1,24,0.41524634808301925,0.18813229402199177
450,50,C,1,25,0.9289991855621338,0.00020152273346525363
450,50,C,1,26,0.4067235678434372,0.1794362144205182
450,50,C,1,27,0.930308198928833,7.081453213203303e-05
450,50,C,1,28,0.0,0.0
450,50,C,1,29,0.41245429813861845,0.17869775293845433
450,50,C,2,0,0.7636563301086425,0.11962410876775124
450,50,C,2,1,0.07203159034252167,2.1562478750394296e-05
450,50,C,2,2,0.41487976014614103,0.1773008995898247
450,50,C,2,3,0.42794021517038344,0.1785706466080011
450,50,C,2,4,0.33419808447360994,0.02203031635784111
450,50,C,2,5,0.12459298223257065,0.0009362252329398358
450,50,C,2,6,0.0,0.0
450,50,C,2,7,0.882969605922699,0.00044935478539741774
450,50,C,2,8,0.7933077335357666,0.0009662675225476392
450,50,C,2,9,0.8614150881767273,0.0007690361473962071
450,50,C,2,10,0.0,0.0
450,50,C,2,11,0.0,0.0
450,50,C,2,12,0.0,0.0
450,50,C,2,13,0.0,0.0
450,50,C,2,14,0.0,0.0
450,50,C,2,15,0.0,0.0
450,50,C,2,16,0.24045949429273605,0.11986203583029835
450,50,C,2,17,0.6856001913547516,0.042698241893783975
450,50,C,2,18,0.8017468214035034,0.01076427219997896
450,50,C,2,19,0.7535124897956849,0.006694482559365725
450,50,C,2,20,0.0,0.0
450,50,C,2,21,0.0,0.0
450,50,C,2,22,0.415632863342762,0.18122833215939732
450,50,C,2,23,0.5880146101117134,0.17849254876025716
450,50,C,2,24,0.415899021923542,0.18241176144477192
450,50,C,2,25,0.0,0.0
450,50,C,2,26,0.0,0.0
450,50,C,2,27,0.0,0.0
450,50,C,2,28,0.0,0.0
450,50,C,2,29,0.0,0.0
450,50,C,3,0,0.5573848366737366,0.1285521972807142
450,50,C,3,1,0.5846440210938454,0.1795705261782901
450,50,C,3,2,0.41401856020092964,0.1799985686761228
450,50,C,3,3,0.4168387457728386,0.17898376153338133
450,50,C,3,4,0.760459591448307,0.11852359092175327
450,50,C,3,5,0.5872426509857178,0.17959792089389945
450,50,C,3,6,0.0,0.0
450,50,C,3,7,0.0,0.0
450,50,C,3,8,0.0,0.0
450,50,C,3,9,0.0,0.0
450,50,C,3,10,0.0,0.0
450,50,C,3,11,0.2470503829419613,0.1276921246407346
450,50,C,3,12,0.24661194682121276,0.11889792481534131
450,50,C,3,13,0.41415566131472586,0.17715539862685767
450,50,C,3,14,0.0,0.0
450,50,C,3,15,0.0,0.0
450,50,C,3,16,0.5874395623803139,0.18006980959810068
450,50,C,3,17,0.7599118255078793,0.12545830628881963
450,50,C,3,18,0.4131868101656437,0.17772739898295967
450,50,C,3,19,0.24248291701078414,0.11790578877708205
450,50,C,3,20,0.5907174661755562,0.18055479567795252
450,50,C,3,21,0.0,0.0
450,50,C,3,22,0.9428920030593873,0.00022858902449542028
450,50,C,3,23,0.6581087753176689,0.0872015605052568
450,50,C,3,24,0.4449720971286297,0.17053452105450692
450,50,C,3,25,0.7589135400950908,0.12271780098823293
450,50,C,3,26,0.24488808661699296,0.12452601963508429
450,50,C,3,27,0.7592083677649498,0.11830038438911039
450,50,C,3,28,0.590293063223362,0.18198155301380123
450,50,C,3,29,0.0,0.0
450,50,C,4,0,0.23828615620732307,0.1203511187374066
450,50,C,4,1,0.0,0.0
450,50,C,4,2,0.7588314026594162,0.122456496537352
450,50,C,4,3,0.0,0.0
450,50,C,4,4,0.0,0.0
450,50,C,4,5,0.0,0.0
450,50,C,4,6,0.0,0.0
450,50,C,4,7,0.0,0.0
450,50,C,4,8,0.0,0.0
450,50,C,4,9,0.0,0.0
450,50,C,4,10,0.41265683323144914,0.17819348977749935
450,50,C,4,11,0.0,0.0
450,50,C,4,12,0.23772077560424804,0.11990320379609262
450,50,C,4,13,0.23785082027316093,0.11972951167959771
450,50,C,4,14,0.4108002491295338,0.17898015658839178
450,50,C,4,15,0.24385051280260087,0.11844169548296661
450,50,C,4,16,0.5861477851867676,0.1789145275311686
450,50,C,4,17,0.0,0.0
450,50,C,4,18,0.0,0.0
450,50,C,4,19,0.0,0.0
450,50,C,4,20,0.41616458892822267,0.18281737780837037
450,50,C,4,21,0.414066743850708,0.18182411378470448
450,50,C,4,22,0.5860626220703125,0.18089875490092652
450,50,C,4,23,0.240395887196064,0.11883196742018469
450,50,C,4,24,0.7602915793657303,0.11793726096995702
450,50,C,4,25,0.23131274580955505,0.1215184091262385
450,50,C,4,26,0.5854589082300663,0.18499868775022824
450,50,C,4,27,0.5881446331739426,0.17029118250177305
450,50,C,4,28,0.5886738255620003,0.17766975467780477
450,50,C,4,29,0.41785798892378806,0.18362033165025693
450,50,H,0,0,0.0,0.0
450,50,H,0,1,0.5841289140284062,0.18104580269381096
450,50,H,0,2,0.0,0.0
450,50,H,0,3,0.5941538289189339,0.18137444902907224
450,50,H,0,4,0.4106619842350483,0.18042278444586285
450,50,H,0,5,0.5865370884537697,0.1778793834982409
450,50,H,0,6,0.0,0.0
450,50,H,0,7,0.5845354348421097,0.18303749768121821
450,50,H,0,8,0.5927327170968055,0.18062687766412502
450,50,H,0,9,0.7609843760728836,0.12010962770282045
450,50,H,0,10,0.0,0.0
450,50,H,0,11,0.0,0.0
450,50,H,0,12,0.0,0.0
450,50,H,0,13,0.0,0.0
450,50,H,0,14,0.0,0.0
450,50,H,0,15,0.0,0.0
450,50,H,0,16,0.0,0.0
450,50,H,0,17,0.22568364664912224,0.12431165144899006
450,50,H,0,18,0.5897691458463669,0.17990311095485967
450,50,H,0,19,0.5892873585224152,0.1784327843678786
450,50,H,0,20,0.0,0.0
450,50,H,0,21,0.0,0.0
450,50,H,0,22,0.0,0.0
450,50,H,0,23,0.0,0.0
450,50,H,0,24,0.0,0.0
450,50,H,0,25,0.0,0.0
450,50,H,0,26,0.0,0.0
450,50,H,0,27,0.0,0.0
450,50,H,0,28,0.0,0.0
450,50,H,0,29,0.0,0.0
450,50,H,1,0,0.0,0.0
450,50,H,1,1,0.9332957148551941,1.1921833155383864e-05
450,50,H,1,2,0.0,0.0
450,50,H,1,3,0.4175679460167885,0.18045945650178427
450,50,H,1,4,0.7650555580854416,0.12009290613642383
450,50,H,1,5,0.5895930513739586,0.1809923463758561
450,50,H,1,6,0.0,0.0
450,50,H,1,7,0.06934195458889007,2.1775078169730123e-05
450,50,H,1,8,0.7582742169499397,0.11758253549409856
450,50,H,1,9,0.5833123460412025,0.18117038189013596
450,50,H,1,10,0.0,0.0
450,50,H,1,11,0.0,0.0
450,50,H,1,12,0.0,0.0
450,50,H,1,13,0.0,0.0
450,50,H,1,14,0.0,0.0
450,50,H,1,15,0.0,0.0
450,50,H,1,16,0.0,0.0
450,50,H,1,17,0.4152335628867149,0.179582471672626
450,50,H,1,18,0.7613078363239765,0.12287770414437918
450,50,H,1,19,0.7610298216342926,0.11929619574925839
450,50,H,1,20,0.0,0.0
450,50,H,1,21,0.0,0.0
450,50,H,1,22,0.0,0.0
450,50,H,1,23,0.0,0.0
450,50,H,1,24,0.0,0.0
450,50,H,1,25,0.0,0.0
450,50,H,1,26,0.0,0.0
450,50,H,1,27,0.0,0.0
450,50,H,1,28,0.0,0.0
450,50,H,1,29,0.0,0.0
450,50,H,2,0,0.0,0.0
450,50,H,2,1,0.2397225469350815,0.11880693286168773
450,50,H,2,2,0.0,0.0
450,50,H,2,3,0.24236732870340347,0.11789774646222277
450,50,H,2,4,0.41310250833630563,0.18177484881190753
450,50,H,2,5,0.7675333812832832,0.12079130761685723
450,50,H,2,6,0.0,0.0
450,50,H,2,7,0.5855078548192978,0.1826815350786303
450,50,H,2,8,0.5861219294369221,0.1802840438389654
450,50,H,2,9,0.7577127851545811,0.1241387836460913
450,50,H,2,10,0.0,0.0
450,50,H,2,11,0.0,0.0
450,50,H,2,12,0.0,0.0
450,50,H,2,13,0.0,0.0
450,50,H,2,14,0.0,0.0
450,50,H,2,15,0.0,0.0
450,50,H,2,16,0.0,0.0
450,50,H,2,17,0.7570624582469463,0.12572167320958877
450,50,H,2,18,0.24102012068033218,0.1184358400233444
450,50,H,2,19,0.5841223672032356,0.17888739804075765
450,50,H,2,20,0.0,0.0
450,50,H,2,21,0.0,0.0
450,50,H,2,22,0.0,0.0
450,50,H,2,23,0.0,0.0
450,50,H,2,24,0.0,0.0
450,50,H,2,25,0.0,0.0
450,50,H,2,26,0.0,0.0
450,50,H,2,27,0.0,0.0
450,50,H,2,28,0.0,0.0
450,50,H,2,29,0.0,0.0
450,50,H,3,0,0.0,0.0
450,50,H,3,1,0.5891169652342796,0.1796135894497195
450,50,H,3,2,0.7600569009780884,0.11945185072286135
450,50,H,3,3,0.23759529292583464,0.1195616907006298
450,50,H,3,4,0.0,0.0
450,50,H,3,5,0.4139572404325008,0.1835849495182348
450,50,H,3,6,0.06785349473357201,2.2410646072625883e-05
450,50,H,3,7,0.0,0.0
450,50,H,3,8,0.0,0.0
450,50,H,3,9,0.0,0.0
450,50,H,3,10,0.585958993434906,0.1793240465962034
450,50,H,3,11,0.0,0.0
450,50,H,3,12,0.0,0.0
450,50,H,3,13,0.0,0.0
450,50,H,3,14,0.2413119062781334,0.11817569216896658
450,50,H,3,15,0.0,0.0
450,50,H,3,16,0.4138715207576752,0.18063220425768348
450,50,H,3,17,0.0,0.0
450,50,H,3,18,0.0,0.0
450,50,H,3,19,0.0,0.0
450,50,H,3,20,0.0,0.0
450,50,H,3,21,0.5893084317445755,0.18066579287789586
450,50,H,3,22,0.5873910874128342,0.17903077506881035
450,50,H,3,23,0.0,0.0
450,50,H,3,24,0.0,0.0
450,50,H,3,25,0.0,0.0
450,50,H,3,26,0.0,0.0
450,50,H,3,27,0.0,0.0
450,50,H,3,28,0.0,0.0
450,50,H,3,29,0.0,0.0
460,51,C,0,0,0.748616187274456,0.11749067959048531
460,51,C,0,1,0.7821412444114685,0.008494204621256926
460,51,C,0,2,0.4143789328634739,0.18131602331017313
460,51,C,0,3,0.0,0.0
460,51,C,0,4,0.0,0.0
460,51,C,0,5,0.0,0.0
460,51,C,0,6,0.2447011798620224,0.11754550573425086
460,51,C,0,7,0.4175791829824448,0.17627193408854613
460,51,C,0,8,0.7621861949563027,0.11897535181938848
460,51,C,0,9,0.0,0.0
460,51,C,0,10,0.0,0.0
460,51,C,0,11,0.0,0.0
460,51,C,0,12,0.24048216193914412,0.12150480578336312
460,51,C,0,13,0.42180501371622087,0.18130319585199878
460,51,C,0,14,0.42364453971385957,0.1774889127328408
460,51,C,0,15,0.4311736196279526,0.1753531430846325
460,51,C,0,16,0.36317130029201505,0.05195867915072402
460,51,C,0,17,0.4156186282634735,0.17695432183975277
460,51,C,0,18,0.07337983101606368,4.948300864038302e-07
460,51,C,0,19,0.7589098989963532,0.11794503765916162
460,51,C,0,20,0.7283962309360504,0.11666835207959012
460,51,C,0,21,0.901300024986267,0.0004705225128807911
460,51,C,0,22,0.564347043633461,0.15379994371954386
460,51,C,0,23,0.4133367970585823,0.1774137865013049
460,51,C,0,24,0.4153290644288063,0.178763110733063
460,51,C,0,25,0.4174789398908615,0.17962583904824694
460,51,C,0,26,0.7180081501603126,0.11172983732357969
460,51,C,0,27,0.9063010215759277,5.119170209439971e-05
460,51,C,0,28,0.9334604024887085,8.622801835599602e-05
460,51,C,0,29,0.4116745114326477,0.17761792928180498
460,51,C,1,0,0.0,0.0
460,51,C,1,1,0.7600650981068611,0.12018397027256347
460,51,C,1,2,0.0,0.0
460,51,C,1,3,0.40905526652932167,0.1821874388268997
460,51,C,1,4,0.9266212463378907,2.1234274717585325e-06
460,51,C,1,5,0.23893429562449456,0.11789597023090881
460,51,C,1,6,0.0,0.0
460,51,C,1,7,0.0,0.0
460,51,C,1,8,0.0,0.0
460,51,C,1,9,0.0,0.0
460,51,C,1,10,0.0,0.0
460,51,C,1,11,0.0,0.0
460,51,C,1,12,0.5895619124174118,0.17911243222303697
460,51,C,1,13,0.0,0.0
460,51,C,1,14,0.9293719172477722,5.375783184433657e-06
460,51,C,1,15,0.0,0.0
460,51,C,1,16,0.24635361582040788,0.12050815736846687
460,51,C,1,17,0.5832892239093781,0.17707767229026516
460,51,C,1,18,0.7449295610189438,0.11957669468261325
460,51,C,1,19,0.24416985213756562,0.1197903943269644
460,51,C,1,20,0.0,0.0
460,51,C,1,21,0.0,0.0
460,51,C,1,22,0.0,0.0
460,51,C,1,23,0.0,0.0
460,51,C,1,24,0.0,0.0
460,51,C,1,25,0.0,0.0
460,51,C,1,26,0.5890395402908325,0.17970832195104358
460,51,C,1,27,0.2433040753006935,0.11786299957237337
460,51,C,1,28,0.24590172320604325,0.11811256786818211
460,51,C,1,29,0.0,0.0
460,51,C,2,0,0.5660191521048545,0.16816992598754912
460,51,C,2,1,0.080082206428051,4.281891857881082e-05
460,51,C,2,2,0.4085228361189365,0.18063349621115585
460,51,C,2,3,0.0,0.0
460,51,C,2,4,0.0,0.0
460,51,C,2,5,0.0,0.0
460,51,C,2,6,0.8353314518928527,0.0007376689602969578
460,51,C,2,7,0.8584243059158325,0.0023445161605934574
460,51,C,2,8,0.8036388039588929,0.0008930120452950519
460,51,C,2,9,0.0,0.0
460,51,C,2,10,0.0,0.0
460,51,C,2,11,0.0,0.0
460,51,C,2,12,0.7551953218877315,0.1212409708587651
460,51,C,2,13,0.4137304052710533,0.17672913841237498
460,51,C,2,14,0.41381063759326936,0.17649135720478729
460,51,C,2,15,0.24079318046569825,0.11877705444131866
460,51,C,2,16,0.09856526404619217,0.0004188277398230777
460,51,C,2,17,0.0,0.0
460,51,C,2,18,0.0,0.0
460,51,C,2,19,0.0,0.0
460,51,C,2,20,0.8553739547729492,0.0032559321452177415
460,51,C,2,21,0.7896191954612732,0.01171764765592144
460,51,C,2,22,0.8351344466209412,0.0013604190653609294
460,51,C,2,23,0.0,0.0
460,51,C,2,24,0.0,0.0
460,51,C,2,25,0.0,0.0
460,51,C,2,26,0.7263038426637649,0.11500026824963394
460,51,C,2,27,0.5566200613975525,0.168299119963263
460,51,C,2,28,0.0,0.0
460,51,C,2,29,0.0,0.0
460,51,C,3,0,0.0,0.0
460,51,C,3,1,0.7591235548257828,0.11800955689062993
460,51,C,3,2,0.0,0.0
460,51,C,3,3,0.0,0.0
460,51,C,3,4,0.0,0.0
460,51,C,3,5,0.0,0.0
460,51,C,3,6,0.0,0.0
460,51,C,3,7,0.0,0.0
460,51,C,3,8,0.0,0.0
460,51,C,3,9,0.7351382903754711,0.11925481997601814
460,51,C,3,10,0.9000211358070374,0.0005416258706844701
460,51,C,3,11,0.8913591027259826,7.286212866034702e-05
460,51,C,3,12,0.0,0.0
460,51,C,3,13,0.4125650592148304,0.18050274291837812
460,51,C,3,14,0.0,0.0
460,51,C,3,15,0.585023806989193,0.17737581479130232
460,51,C,3,16,0.2449209436774254,0.11759711949597942
460,51,C,3,17,0.0,0.0
460,51,C,3,18,0.0,0.0
460,51,C,3,19,0.0,0.0
460,51,C,3,20,0.0,0.0
460,51,C,3,21,0.0,0.0
460,51,C,3,22,0.0,0.0
460,51,C,3,23,0.7173122465610504,0.10726353000355004
460,51,C,3,24,0.4146575406193733,0.17103133663124453
460,51,C,3,25,0.8809533953666687,0.0003543333624870115
460,51,C,3,26,0.41273022070527077,0.18115722752006422
460,51,C,3,27,0.4146290883421898,0.18287124304013408
460,51,C,3,28,0.0,0.0
460,51,C,3,29,0.4205110877752304,0.16487051475903328
460,51,H,0,0,0.0,0.0
460,51,H,0,1,0.0,0.0
460,51,H,0,2,0.0,0.0
460,51,H,0,3,0.06623687744140624,5.3470802018393824e-05
460,51,H,0,4,0.41554555892944334,0.18218440510640255
460,51,H,0,5,0.4144504338502884,0.18078307620207792
460,51,H,0,6,0.0,0.0
460,51,H,0,7,0.0,0.0
460,51,H,0,8,0.0,0.0
460,51,H,0,9,0.0,0.0
460,51,H,0,10,0.0,0.0
460,51,H,0,11,0.0,0.0
460,51,H,0,12,0.41592795997858045,0.17784290360046356
460,51,H,0,13,0.0,0.0
460,51,H,0,14,0.7614698946475983,0.11880337220256376
460,51,H,0,15,0.0,0.0
460,51,H,0,16,0.0,0.0
460,51,H,0,17,0.7641841828823089,0.11994196916998248
460,51,H,0,18,0.5919414639472962,0.17988954494254417
460,51,H,0,19,0.24150830507278442,0.11815572167899809
460,51,H,0,20,0.0,0.0
460,51,H,0,21,0.0,0.0
460,51,H,0,22,0.0,0.0
460,51,H,0,23,0.0,0.0
460,51,H,0,24,0.0,0.0
460,51,H,0,25,0.0,0.0
460,51,H,0,26,0.0,0.0
460,51,H,0,27,0.0,0.0
460,51,H,0,28,0.2412424109876156,0.12285367044472259
460,51,H,0,29,0.0,0.0
460,51,H,1,0,0.0,0.0
460,51,H,1,1,0.0,0.0
460,51,H,1,2,0.0,0.0
460,51,H,1,3,0.5895649194717407,0.18075988130676315
460,51,H,1,4,0.5857268311083317,0.1823120718371591
460,51,H,1,5,0.24073844105005265,0.11839572942282657
460,51,H,1,6,0.0,0.0
460,51,H,1,7,0.0,0.0
460,51,H,1,8,0.0,0.0
460,51,H,1,9,0.0,0.0
460,51,H,1,10,0.0,0.0
460,51,H,1,11,0.0,0.0
460,51,H,1,12,0.2400484301149845,0.12023740806787042
460,51,H,1,13,0.0,0.0
460,51,H,1,14,0.4148258179426193,0.181723953663739
460,51,H,1,15,0.0,0.0
460,51,H,1,16,0.0,0.0
460,51,H,1,17,0.5873909056186676,0.17672723629150427
460,51,H,1,18,0.4127552695572376,0.18079316000328272
460,51,H,1,19,0.5796319469809532,0.18359055692247242
460,51,H,1,20,0.0,0.0
460,51,H,1,21,0.0,0.0
460,51,H,1,22,0.0,0.0
460,51,H,1,23,0.0,0.0
460,51,H,1,24,0.0,0.0
460,51,H,1,25,0.0,0.0
460,51,H,1,26,0.0,0.0
460,51,H,1,27,0.0,0.0
460,51,H,1,28,0.24520983248949052,0.12157439222321213
460,51,H,1,29,0.0,0.0
460,51,H,2,0,0.0,0.0
460,51,H,2,1,0.0,0.0
460,51,H,2,2,0.0,0.0
460,51,H,2,3,0.5847291886806488,0.17812299152984934
460,51,H,2,4,0.410599110275507,0.18146670086868952
460,51,H,2,5,0.2451246574521065,0.12139700492312744
460,51,H,2,6,0.0,0.0
460,51,H,2,7,0.0,0.0
460,51,H,2,8,0.0,0.0
460,51,H,2,9,0.0,0.0
460,51,H,2,10,0.0,0.0
460,51,H,2,11,0.0,0.0
460,51,H,2,12,0.5861154951155185,0.18100147777080458
460,51,H,2,13,0.0,0.0
460,51,H,2,14,0.5838526584208011,0.1822017139445729
460,51,H,2,15,0.0,0.0
460,51,H,2,16,0.0,0.0
460,51,H,2,17,0.5865484550595284,0.17603638433161456
460,51,H,2,18,0.93511962890625,2.059787756820697e-05
460,51,H,2,19,0.5880560547113418,0.17819341691843626
460,51,H,2,20,0.0,0.0
460,51,H,2,21,0.0,0.0
460,51,H,2,22,0.0,0.0
460,51,H,2,23,0.0,0.0
460,51,H,2,24,0.0,0.0
460,51,H,2,25,0.0,0.0
460,51,H,2,26,0.0,0.0
460,51,H,2,27,0.0,0.0
460,51,H,2,28,0.5877989649772644,0.17728214693541816
460,51,H,2,29,0.0,0.0
460,51,H,3,0,0.4144285976886749,0.17852713931848582
460,51,H,3,1,0.7648702368140221,0.12011022176807688
460,51,H,3,2,0.24155232906341553,0.11790985956417557
460,51,H,3,3,0.0,0.0
460,51,H,3,4,0.0,0.0
460,51,H,3,5,0.0,0.0
460,51,H,3,6,0.0,0.0
460,51,H,3,7,0.0,0.0
460,51,H,3,8,0.0,0.0
460,51,H,3,9,0.0,0.0
460,51,H,3,10,0.0,0.0
460,51,H,3,11,0.0,0.0
460,51,H,3,12,0.5839938312768936,0.18183805466815095
460,51,H,3,13,0.591064290702343,0.1812103701235573
460,51,H,3,14,0.5884220272302627,0.17913333109031532
460,51,H,3,15,0.9410674810409546,7.003755867259542e-05
460,51,H,3,16,0.2345634989440441,0.12070954809200743
460,51,H,3,17,0.0,0.0
460,51,H,3,18,0.0,0.0
460,51,H,3,19,0.0,0.0
460,51,H,3,20,0.41666128784418105,0.17817509825978112
460,51,H,3,21,0.2410966843366623,0.11852001333946809
460,51,H,3,22,0.5871801108121872,0.17628376570433918
460,51,H,3,23,0.0,0.0
460,51,H,3,24,0.0,0.0
460,51,H,3,25,0.0,0.0
460,51,H,3,26,0.24559543877840043,0.12028916531096379
460,51,H,3,27,0.760431769490242,0.12128085373707091
460,51,H,3,28,0.0,0.0
460,51,H,3,29,0.0,0.0
460,51,H,4,0,0.0,0.0
460,51,H,4,1,0.0,0.0
460,51,H,4,2,0.0,0.0
460,51,H,4,3,0.0,0.0
460,51,H,4,4,0.0,0.0
460,51,H,4,5,0.0,0.0
460,51,H,4,6,0.0,0.0
460,51,H,4,7,0.0,0.0
460,51,H,4,8,0.0,0.0
460,51,H,4,9,0.7575481086969376,0.11896252283182296
460,51,H,4,10,0.7603659763932228,0.11841875513877209
460,51,H,4,11,0.24423406571149825,0.11826958357674242
460,51,H,4,12,0.0,0.0
460,51,H,4,13,0.240313920378685,0.11984574252414895
460,51,H,4,14,0.0,0.0
460,51,H,4,15,0.4144031643867493,0.17656329909761842
460,51,H,4,16,0.0,0.0
460,51,H,4,17,0.0,0.0
460,51,H,4,18,0.0,0.0
460,51,H,4,19,0.0,0.0
460,51,H,4,20,0.0,0.0
460,51,H,4,21,0.0,0.0
460,51,H,4,22,0.0,0.0
460,51,H,4,23,0.24184246212244034,0.11801645177110094
460,51,H,4,24,0.2416802354156971,0.11939685230003025
460,51,H,4,25,0.41320488676428796,0.17832365072909034
460,51,H,4,26,0.0,0.0
460,51,H,4,27,0.0,0.0
460,51,H,4,28,0.0,0.0
460,51,H,4,29,0.24245058745145798,0.11869174947590051
460,51,H,5,0,0.0,0.0
460,51,H,5,1,0.0,0.0
460,51,H,5,2,0.0,0.0
460,51,H,5,3,0.0,0.0
460,51,H,5,4,0.0,0.0
460,51,H,5,5,0.0,0.0
460,51,H,5,6,0.0,0.0
460,51,H,5,7,0.0,0.0
460,51,H,5,8,0.0,0.0
460,51,H,5,9,0.41531909108161924,0.1762728710366735
460,51,H,5,10,0.4108345441520214,0.1801491314278084
460,51,H,5,11,0.4147613741457462,0.18280965220981957
460,51,H,5,12,0.0,0.0
460,51,H,5,13,0.5842020764946938,0.17806778905526213
460,51,H,5,14,0.0,0.0
460,51,H,5,15,0.7634742587804795,0.11954476626781452
460,51,H,5,16,0.0,0.0
460,51,H,5,17,0.0,0.0
460,51,H,5,18,0.0,0.0
460,51,H,5,19,0.0,0.0
460,51,H,5,20,0.0,0.0
460,51,H,5,21,0.0,0.0
460,51,H,5,22,0.0,0.0
460,51,H,5,23,0.5862358495593071,0.17713630585460322
460,51,H,5,24,0.7603106468915939,0.11818544243292917
460,51,H,5,25,0.5874093435704708,0.18180574725366747
460,51,H,5,26,0.0,0.0
460,51,H,5,27,0.0,0.0
460,51,H,5,28,0.0,0.0
460,51,H,5,29,0.4124435484409332,0.1845165082014033
460,51,H,6,0,0.0,0.0
460,51,H,6,1,0.0,0.0
460,51,H,6,2,0.0,0.0
460,51,H,6,3,0.0,0.0
460,51,H,6,4,0.0,0.0
460,51,H,6,5,0.0,0.0
460,51,H,6,6,0.0,0.0
460,51,H,6,7,0.0,0.0
460,51,H,6,8,0.0,0.0
460,51,H,6,9,0.5863561175763607,0.1814832024839055
460,51,H,6,10,0.9333021640777588,2.631391197667199e-05
460,51,H,6,11,0.5854462563991547,0.181641178757838
460,51,H,6,12,0.0,0.0
460,51,H,6,13,0.7612281493842602,0.12693724161565562
460,51,H,6,14,0.0,0.0
460,51,H,6,15,0.5834142051637172,0.18557225116260817
460,51,H,6,16,0.0,0.0
460,51,H,6,17,0.0,0.0
460,51,H,6,18,0.0,0.0
460,51,H,6,19,0.0,0.0
460,51,H,6,20,0.0,0.0
460,51,H,6,21,0.0,0.0
460,51,H,6,22,0.0,0.0
460,51,H,6,23,0.24053033962845802,0.11858674722303945
460,51,H,6,24,0.5905354812741279,0.1790331066713725
460,51,H,6,25,0.7581405326724052,0.11821852190989424
460,51,H,6,26,0.0,0.0
460,51,H,6,27,0.0,0.0
460,51,H,6,28,0.0,0.0
460,51,H,6,29,0.5868195548653603,0.17985360480209242
460,51,H,7,0,0.5886768564581871,0.17868949438288345
460,51,H,7,1,0.413470034301281,0.17724612666653683
460,51,H,7,2,0.0,0.0
460,51,H,7,3,0.0,0.0
460,51,H,7,4,0.0,0.0
460,51,H,7,5,0.0,0.0
460,51,H,7,6,0.5863276347517967,0.18271184385729033
460,51,H,7,7,0.5815111316740513,0.180973602654026
460,51,H,7,8,0.5854035794734955,0.1780466134478249
460,51,H,7,9,0.0,0.0
460,51,H,7,10,0.0,0.0
460,51,H,7,11,0.0,0.0
460,51,H,7,12,0.0,0.0
460,51,H,7,13,0.0,0.0
460,51,H,7,14,0.0,0.0
460,51,H,7,15,0.0,0.0
460,51,H,7,16,0.7593061998486519,0.11775381218579536
460,51,H,7,17,0.0,0.0
460,51,H,7,18,0.0,0.0
460,51,H,7,19,0.0,0.0
460,51,H,7,20,0.5842353977262974,0.17957365226809657
460,51,H,7,21,0.41555784046649935,0.17706940600532184
460,51,H,7,22,0.24296212643384935,0.11787791531755354
460,51,H,7,23,0.0,0.0
460,51,H,7,24,0.0,0.0
460,51,H,7,25,0.0,0.0
460,51,H,7,26,0.7606415554881096,0.11959246217260258
460,51,H,7,27,0.5838296987116337,0.18021961690955995
460,51,H,7,28,0.0,0.0
460,51,H,7,29,0.0,0.0
460,51,H,8,0,0.06725326627492904,2.8187521167946096e-05
460,51,H,8,1,0.5852934665977955,0.18041684279631515
460,51,H,8,2,0.0,0.0
460,51,H,8,3,0.0,0.0
460,51,H,8,4,0.0,0.0
460,51,H,8,5,0.0,0.0
460,51,H,8,6,0.5867317169904709,0.17852825906506933
460,51,H,8,7,0.9329804182052612,5.930664430593424e-05
460,51,H,8,8,0.5874796032905578,0.17669414840665315
460,51,H,8,9,0.0,0.0
460,51,H,8,10,0.0,0.0
460,51,H,8,11,0.0,0.0
460,51,H,8,12,0.0,0.0
460,51,H,8,13,0.0,0.0
460,51,H,8,14,0.0,0.0
460,51,H,8,15,0.0,0.0
460,51,H,8,16,0.586593633890152,0.17783272667366665
460,51,H,8,17,0.0,0.0
460,51,H,8,18,0.0,0.0
460,51,H,8,19,0.0,0.0
460,51,H,8,20,0.7588169068098068,0.11790248143235223
460,51,H,8,21,0.24255935847759247,0.11842392791343936
460,51,H,8,22,0.9299643039703369,2.672237731360383e-06
460,51,H,8,23,0.0,0.0
460,51,H,8,24,0.0,0.0
460,51,H,8,25,0.0,0.0
460,51,H,8,26,0.7580766707658768,0.11992711889710361
460,51,H,8,27,0.5852758243680001,0.180387872168709
460,51,H,8,28,0.0,0.0
460,51,H,8,29,0.0,0.0
460,51,H,9,0,0.5856427602469921,0.1823380317554672
460,51,H,9,1,0.41356185674667356,0.1773589604462818
460,51,H,9,2,0.0,0.0
460,51,H,9,3,0.0,0.0
460,51,H,9,4,0.0,0.0
460,51,H,9,5,0.0,0.0
460,51,H,9,6,0.5841123193502427,0.1796769530004763
460,51,H,9,7,0.4158072158694267,0.17893339204747769
460,51,H,9,8,0.2394491069018841,0.11885070209420023
460,51,H,9,9,0.0,0.0
460,51,H,9,10,0.0,0.0
460,51,H,9,11,0.0,0.0
460,51,H,9,12,0.0,0.0
460,51,H,9,13,0.0,0.0
460,51,H,9,14,0.0,0.0
460,51,H,9,15,0.0,0.0
460,51,H,9,16,0.7586979165673255,0.11753360504951198
460,51,H,9,17,0.0,0.0
460,51,H,9,18,0.0,0.0
460,51,H,9,19,0.0,0.0
460,51,H,9,20,0.23688559904694556,0.11979091908686072
460,51,H,9,21,0.23651825413107871,0.12032393504397487
460,51,H,9,22,0.42001733034849165,0.1822874870165966
460,51,H,9,23,0.0,0.0
460,51,H,9,24,0.0,0.0
460,51,H,9,25,0.0,0.0
460,51,H,9,26,0.7587843105196953,0.1184718312533738
460,51,H,9,27,0.5851169750094414,0.1777050408437683
460,51,H,9,28,0.0,0.0
460,51,H,9,29,0.0,0.0
470,52,C,0,0,0.7151984192430973,0.11597073697338862
470,52,C,0,1,0.4234908938407898,0.012747945633458569
470,52,C,0,2,0.11584715098142624,0.0033026612566959294
470,52,C,0,3,0.8301228880882263,0.004352211702045849
470,52,C,0,4,0.2420012965798378,0.12364184673183057
470,52,C,0,5,0.09648981988430023,0.0005419053022082477
470,52,C,0,6,0.0,0.0
470,52,C,0,7,0.41147675439715387,0.17899229160491387
470,52,C,0,8,0.4124135226011276,0.17959202309248576
470,52,C,0,9,0.0,0.0
470,52,C,0,10,0.4134088471531868,0.17959917545342438
470,52,C,0,11,0.41143119484186175,0.18115755458904537
470,52,C,0,12,0.6161540240049362,0.07313833038036283
470,52,C,0,13,0.5843894332647324,0.1844634045419376
470,52,C,0,14,0.0,0.0
470,52,C,0,15,0.0,0.0
470,52,C,0,16,0.0,0.0
470,52,C,0,17,0.0,0.0
470,52,C,0,18,0.0,0.0
470,52,C,0,19,0.0,0.0
470,52,C,0,20,0.24089247286319732,0.11843290885905158
470,52,C,0,21,0.586084945499897,0.1770826771635877
470,52,C,0,22,0.670888614654541,0.0044258446561036635
470,52,C,0,23,0.8948850870132447,0.0006910216297436023
470,52,C,0,24,0.5871882840991021,0.17997266551706242
470,52,C,0,25,0.0,0.0
470,52,C,0,26,0.4170985519886017,0.18121751724659602
470,52,C,0,27,0.0,0.0
470,52,C,0,28,0.0,0.0
470,52,C,0,29,0.0,0.0
470,52,C,0,30,0.4166500329971313,0.18337451960328924
470,52,C,0,31,0.0,0.0
470,52,C,1,0,0.760060840845108,0.11778713760138841
470,52,C,1,1,0.8996777772903443,0.0015582918703736935
470,52,C,1,2,0.7465616106987,0.010097103780497605
470,52,C,1,3,0.43117933720350266,0.14379226867605888
470,52,C,1,4,0.27554004415869715,0.11812798690468407
470,52,C,1,5,0.7555933713912963,0.0007174634847152107
470,52,C,1,6,0.40773603692650795,0.17774644356600935
470,52,C,1,7,0.5555675990879536,0.15907179932853338
470,52,C,1,8,0.0,0.0
470,52,C,1,9,0.4097624883055687,0.1791188747590214
470,52,C,1,10,0.5914879992604256,0.17812435047985806
470,52,C,1,11,0.0,0.0
470,52,C,1,12,0.5636825278401375,0.17008354091316735
470,52,C,1,13,0.7809906721115112,0.00777449845285986
470,52,C,1,14,0.7478174917399883,0.1202746579570367
470,52,C,1,15,0.0,0.0
470,52,C,1,16,0.0,0.0
470,52,C,1,17,0.0,0.0
470,52,C,1,18,0.0,0.0
470,52,C,1,19,0.0,0.0
470,52,C,1,20,0.0,0.0
470,52,C,1,21,0.0,0.0
470,52,C,1,22,0.8410464763641358,0.001435790247584521
470,52,C,1,23,0.7652965903282165,0.010740766758984534
470,52,C,1,24,0.7270802736282349,0.004691889412969488
470,52,C,1,25,0.4092628985643387,0.18495628829890431
470,52,C,1,26,0.0,0.0
470,52,C,1,27,0.0,0.0
470,52,C,1,28,0.0,0.0
470,52,C,1,29,0.0,0.0
470,52,C,1,30,0.7604426294565201,0.11975538501243807
470,52,C,1,31,0.0,0.0
470,52,C,2,0,0.0,0.0
470,52,C,2,1,0.4140246078372002,0.18314094549514684
470,52,C,2,2,0.42156474739313127,0.15094940703272877
470,52,C,2,3,0.061181347072124484,0.00012648869450332612
470,52,C,2,4,0.6428862094879151,0.035120488351191734
470,52,C,2,5,0.11496236622333526,0.0002573902127064009
470,52,C,2,6,0.2498236820101738,0.12289286521903117
470,52,C,2,7,0.6719180583953858,0.02119428842886691
470,52,C,2,8,0.07048240005970001,1.2914048810421796e-05
470,52,C,2,9,0.27032747119665146,0.1084958724864222
470,52,C,2,10,0.0,0.0
470,52,C,2,11,0.5835408382117748,0.18350819595158727
470,52,C,2,12,0.0,0.0
470,52,C,2,13,0.9301743268966675,0.0003395764584902849
470,52,C,2,14,0.7497459650039673,0.004443998193058007
470,52,C,2,15,0.9231399774551392,9.676634697001419e-05
470,52,C,2,16,0.0,0.0
470,52,C,2,17,0.0,0.0
470,52,C,2,18,0.0,0.0
470,52,C,2,19,0.0,0.0
470,52,C,2,20,0.0,0.0
470,52,C,2,21,0.0,0.0
470,52,C,2,22,0.24114981591701506,0.12007417991006167
470,52,C,2,23,0.8603304386138916,0.002343882186513611
470,52,C,2,24,0.7605987191200256,0.002225828673583408
470,52,C,2,25,0.7990694999694824,0.007986296092658449
470,52,C,2,26,0.24145520329475403,0.11861433246406235
470,52,C,2,27,0.0,0.0
470,52,C,2,28,0.0,0.0
470,52,C,2,29,0.0,0.0
470,52,C,2,30,0.0,0.0
470,52,C,2,31,0.0,0.0
470,52,C,3,0,0.24073490798473357,0.11872530767162068
470,52,C,3,1,0.0,0.0
470,52,C,3,2,0.578477343916893,0.18325354805236826
470,52,C,3,3,0.0,0.0
470,52,C,3,4,0.7137593910098076,0.10128928861533293
470,52,C,3,5,0.7547100886702538,0.11910097513915607
470,52,C,3,6,0.8038300752639771,0.0018985922941345732
470,52,C,3,7,0.3687333568930626,0.1324971424739552
470,52,C,3,8,0.5685009613633156,0.15720088069199598
470,52,C,3,9,0.7999037265777588,0.00027712738649171337
470,52,C,3,10,0.7570414125919342,0.12038189522028504
470,52,C,3,11,0.8139485001564026,0.002364147488596871
470,52,C,3,12,0.0,0.0
470,52,C,3,13,0.0,0.0
470,52,C,3,14,0.3965200901031494,0.17260696977920092
470,52,C,3,15,0.7566444158554078,0.005653922826190296
470,52,C,3,16,0.5691932953894139,0.18034645074706784
470,52,C,3,17,0.0,0.0
470,52,C,3,18,0.0,0.0
470,52,C,3,19,0.0,0.0
470,52,C,3,20,0.0,0.0
470,52,C,3,21,0.0,0.0
470,52,C,3,22,0.0,0.0
470,52,C,3,23,0.5855927243828773,0.17657146568774112
470,52,C,3,24,0.8530482292175293,0.0014792017577499904
470,52,C,3,25,0.7591146945953369,0.0051005289649543786
470,52,C,3,26,0.8244675159454345,0.0019334991300149792
470,52,C,3,27,0.0,0.0
470,52,C,3,28,0.0,0.0
470,52,C,3,29,0.0,0.0
470,52,C,3,30,0.5880795806646347,0.18066823109820804
470,52,C,3,31,0.0,0.0
470,52,C,4,0,0.9194009661674499,0.00037146617486683904
470,52,C,4,1,0.23618966564536095,0.12063901155243835
470,52,C,4,2,0.0,0.0
470,52,C,4,3,0.7581501424312591,0.12030804227348127
470,52,C,4,4,0.4183808021247387,0.1868998481537429
470,52,C,4,5,0.0,0.0
470,52,C,4,6,0.07050556689500809,1.7564158902616532e-05
470,52,C,4,7,0.23861656635999678,0.12056938375715445
470,52,C,4,8,0.502122762799263,0.08105184149604114
470,52,C,4,9,0.08616559207439423,0.00013539671477740266
470,52,C,4,10,0.5911191061139107,0.17263131071206253
470,52,C,4,11,0.3492927193641663,0.04673069661503014
470,52,C,4,12,0.0,0.0
470,52,C,4,13,0.0,0.0
470,52,C,4,14,0.0,0.0
470,52,C,4,15,0.7569929912686348,0.12000156378078382
470,52,C,4,16,0.5892722845077515,0.09213319097722576
470,52,C,4,17,0.0,0.0
470,52,C,4,18,0.0,0.0
470,52,C,4,19,0.0,0.0
470,52,C,4,20,0.41479737013578416,0.17657764444525087
470,52,C,4,21,0.4174312263727188,0.18112648288972988
470,52,C,4,22,0.7585812658071518,0.12093415989566463
470,52,C,4,23,0.0,0.0
470,52,C,4,24,0.7603596568107605,0.11822159980356362
470,52,C,4,25,0.5564175248146057,0.17309479501835998
470,52,C,4,26,0.7418694496154785,0.007275481372862202
470,52,C,4,27,0.0,0.0
470,52,C,4,28,0.0,0.0
470,52,C,4,29,0.0,0.0
470,52,C,4,30,0.42074158489704133,0.18243242603556287
470,52,C,4,31,0.0,0.0
470,52,C,5,0,0.6556041955947876,0.008434562035484419
470,52,C,5,1,0.4364322617650032,0.14559732030200562
470,52,C,5,2,0.931117582321167,3.471407048607489e-06
470,52,C,5,3,0.4281963318586349,0.1463543948564629
470,52,C,5,4,0.0,0.0
470,52,C,5,5,0.5855180323123932,0.17718278453132105
470,52,C,5,6,0.7611606478691101,0.12121735469083687
470,52,C,5,7,0.0,0.0
470,52,C,5,8,0.8924921154975891,0.0005868074482719976
470,52,C,5,9,0.23945457488298416,0.11944929772829622
470,52,C,5,10,0.6798624157905578,0.01664456856007149
470,52,C,5,11,0.8702083230018616,0.00043581923101498887
470,52,C,5,12,0.7543590843677521,0.11798117716042981
470,52,C,5,13,0.0,0.0
470,52,C,5,14,0.0,0.0
470,52,C,5,15,0.0,0.0
470,52,C,5,16,0.5820836454629899,0.17926632283964056
470,52,C,5,17,0.0,0.0
470,52,C,5,18,0.0,0.0
470,52,C,5,19,0.0,0.0
470,52,C,5,20,0.2424337647855282,0.11774601179612368
470,52,C,5,21,0.25281174182891847,0.11851074546780213
470,52,C,5,22,0.6601135045289993,0.06418562857073443
470,52,C,5,23,0.5886968821287155,0.17741338330139395
470,52,C,5,24,0.0,0.0
470,52,C,5,25,0.414624884724617,0.18100134773406298
470,52,C,5,26,0.7654825210571289,0.00820520996912478
470,52,C,5,27,0.5879966795444489,0.18547476226846088
470,52,C,5,28,0.5853456318378448,0.1779994670700384
470,52,C,5,29,0.2441175475716591,0.12458885444844851
470,52,C,5,30,0.42358095943927765,0.16659817352308756
470,52,C,5,31,0.41759209483861925,0.18138445728786562
470,52,C,6,0,0.2373541437089443,0.12235813998887601
470,52,C,6,1,0.0,0.0
470,52,C,6,2,0.0,0.0
470,52,C,6,3,0.0,0.0
470,52,C,6,4,0.0,0.0
470,52,C,6,5,0.0,0.0
470,52,C,6,6,0.0,0.0
470,52,C,6,7,0.0,0.0
470,52,C,6,8,0.0,0.0
470,52,C,6,9,0.0,0.0
470,52,C,6,10,0.41547809839248656,0.17629602285541732
470,52,C,6,11,0.0,0.0
470,52,C,6,12,0.0,0.0
470,52,C,6,13,0.0,0.0
470,52,C,6,14,0.0,0.0
470,52,C,6,15,0.0,0.0
470,52,C,6,16,0.0,0.0
470,52,C,6,17,0.7415826767683029,0.11517396957500825
470,52,C,6,18,0.9106989979743958,0.0001315948603226502
470,52,C,6,19,0.39959012493491175,0.17663116851327595
470,52,C,6,20,0.5837602645158768,0.17751938793651303
470,52,C,6,21,0.7638584405183793,0.12096209351162701
470,52,C,6,22,0.0,0.0
470,52,C,6,23,0.0,0.0
470,52,C,6,24,0.0,0.0
470,52,C,6,25,0.0,0.0
470,52,C,6,26,0.0,0.0
470,52,C,6,27,0.7466948464512825,0.11515672911947128
470,52,C,6,28,0.7526335150003434,0.11964132860302787
470,52,C,6,29,0.5748554527759552,0.17809035313103938
470,52,C,6,30,0.24057163745164872,0.1187740819858332
470,52,C,6,31,0.2398329883813858,0.12245716045422413
470,52,H,0,0,0.0,0.0
470,52,H,0,1,0.0,0.0
470,52,H,0,2,0.0,0.0
470,52,H,0,3,0.0,0.0
470,52,H,0,4,0.0,0.0
470,52,H,0,5,0.0,0.0
470,52,H,0,6,0.0,0.0
470,52,H,0,7,0.0,0.0
470,52,H,0,8,0.0,0.0
470,52,H,0,9,0.0,0.0
470,52,H,0,10,0.0,0.0
470,52,H,0,11,0.0,0.0
470,52,H,0,12,0.0,0.0
470,52,H,0,13,0.0,0.0
470,52,H,0,14,0.0,0.0
470,52,H,0,15,0.0,0.0
470,52,H,0,16,0.0,0.0
470,52,H,0,17,0.4126396343111992,0.1797022204591499
470,52,H,0,18,0.24214058890938758,0.11974836254691867
470,52,H,0,19,0.41475323140621184,0.17856761721650483
470,52,H,0,20,0.4146461397409439,0.1780468072695101
470,52,H,0,21,0.5851503059267997,0.17791410977440264
470,52,H,0,22,0.0,0.0
470,52,H,0,23,0.0,0.0
470,52,H,0,24,0.0,0.0
470,52,H,0,25,0.0,0.0
470,52,H,0,26,0.0,0.0
470,52,H,0,27,0.5841879926621913,0.1793625259925043
470,52,H,0,28,0.4153508558869362,0.17748953958926966
470,52,H,0,29,0.7562497749924659,0.12571436707134834
470,52,H,0,30,0.0,0.0
470,52,H,0,31,0.939793062210083,9.032610263574271e-05
470,52,H,1,0,0.0,0.0
470,52,H,1,1,0.0,0.0
470,52,H,1,2,0.0,0.0
470,52,H,1,3,0.0,0.0
470,52,H,1,4,0.0,0.0
470,52,H,1,5,0.0,0.0
470,52,H,1,6,0.0,0.0
470,52,H,1,7,0.0,0.0
470,52,H,1,8,0.0,0.0
470,52,H,1,9,0.0,0.0
470,52,H,1,10,0.0,0.0
470,52,H,1,11,0.0,0.0
470,52,H,1,12,0.0,0.0
470,52,H,1,13,0.0,0.0
470,52,H,1,14,0.0,0.0
470,52,H,1,15,0.0,0.0
470,52,H,1,16,0.0,0.0
470,52,H,1,17,0.587235127389431,0.1783903477035635
470,52,H,1,18,0.5832108691334724,0.1803564416926411
470,52,H,1,19,0.7579231351613999,0.11831178195555547
470,52,H,1,20,0.41097374856472013,0.17938943787022593
470,52,H,1,21,0.06825317367911339,3.691816383960767e-05
470,52,H,1,22,0.0,0.0
470,52,H,1,23,0.0,0.0
470,52,H,1,24,0.0,0.0
470,52,H,1,25,0.0,0.0
470,52,H,1,26,0.0,0.0
470,52,H,1,27,0.7603564009070396,0.11956075432034179
470,52,H,1,28,0.5859936445951461,0.1767334334900193
470,52,H,1,29,0.4127913825213909,0.17781789773270013
470,52,H,1,30,0.0,0.0
470,52,H,1,31,0.7643809542059898,0.11986181988085183
470,52,H,2,0,0.0,0.0
470,52,H,2,1,0.0,0.0
470,52,H,2,2,0.0,0.0
470,52,H,2,3,0.0,0.0
470,52,H,2,4,0.0,0.0
470,52,H,2,5,0.0,0.0
470,52,H,2,6,0.0,0.0
470,52,H,2,7,0.0,0.0
470,52,H,2,8,0.0,0.0
470,52,H,2,9,0.0,0.0
470,52,H,2,10,0.0,0.0
470,52,H,2,11,0.0,0.0
470,52,H,2,12,0.0,0.0
470,52,H,2,13,0.0,0.0
470,52,H,2,14,0.0,0.0
470,52,H,2,15,0.0,0.0
470,52,H,2,16,0.0,0.0
470,52,H,2,17,0.4169126719236374,0.17971828790211353
470,52,H,2,18,0.7580082878470421,0.11909341819629304
470,52,H,2,19,0.5850535579025745,0.18000157851302112
470,52,H,2,20,0.41639183163642884,0.18048918596027572
470,52,H,2,21,0.7619158148765564,0.1218221422392651
470,52,H,2,22,0.0,0.0
470,52,H,2,23,0.0,0.0
470,52,H,2,24,0.0,0.0
470,52,H,2,25,0.0,0.0
470,52,H,2,26,0.0,0.0
470,52,H,2,27,0.06661557704210282,5.769754529890925e-05
470,52,H,2,28,0.4121463358402252,0.17885718556491875
470,52,H,2,29,0.5854244999587536,0.18147554687843603
470,52,H,2,30,0.0,0.0
470,52,H,2,31,0.7597939923405648,0.11932048633327692
470,52,H,3,0,0.41423675417900085,0.17737186445008707
470,52,H,3,1,0.5887122452259064,0.17961354074350747
470,52,H,3,2,0.24275054782629013,0.1224308080091717
470,52,H,3,3,0.41383363157510755,0.17723760158976581
470,52,H,3,4,0.0,0.0
470,52,H,3,5,0.7603009477257728,0.11855857641438483
470,52,H,3,6,0.0,0.0
470,52,H,3,7,0.0,0.0
470,52,H,3,8,0.0,0.0
470,52,H,3,9,0.0,0.0
470,52,H,3,10,0.41529229283332825,0.17826318127248475
470,52,H,3,11,0.0,0.0
470,52,H,3,12,0.41572699397802354,0.1781061662676483
470,52,H,3,13,0.0,0.0
470,52,H,3,14,0.0,0.0
470,52,H,3,15,0.0,0.0
470,52,H,3,16,0.0,0.0
470,52,H,3,17,0.0,0.0
470,52,H,3,18,0.0,0.0
470,52,H,3,19,0.0,0.0
470,52,H,3,20,0.0,0.0
470,52,H,3,21,0.0,0.0
470,52,H,3,22,0.5855920523405075,0.17754049441892827
470,52,H,3,23,0.4128599464893341,0.17732940373264006
470,52,H,3,24,0.0,0.0
470,52,H,3,25,0.0,0.0
470,52,H,3,26,0.0,0.0
470,52,H,3,27,0.0,0.0
470,52,H,3,28,0.0,0.0
470,52,H,3,29,0.0,0.0
470,52,H,3,30,0.23746757432818413,0.11958065632924517
470,52,H,3,31,0.0,0.0
470,52,H,4,0,0.0,0.0
470,52,H,4,1,0.23903739750385283,0.11941762075223625
470,52,H,4,2,0.5879687935113906,0.1777024625704048
470,52,H,4,3,0.40815003514289855,0.1815236391048161
470,52,H,4,4,0.4146100677549839,0.17854003483842334
470,52,H,4,5,0.4160644605755806,0.17646337536572598
470,52,H,4,6,0.0,0.0
470,52,H,4,7,0.24396875947713853,0.11806437469237319
470,52,H,4,8,0.0,0.0
470,52,H,4,9,0.0,0.0
470,52,H,4,10,0.0,0.0
470,52,H,4,11,0.0,0.0
470,52,H,4,12,0.0,0.0
470,52,H,4,13,0.4181057348847389,0.1822476932775046
470,52,H,4,14,0.0,0.0
470,52,H,4,15,0.0,0.0
470,52,H,4,16,0.0,0.0
470,52,H,4,17,0.0,0.0
470,52,H,4,18,0.0,0.0
470,52,H,4,19,0.0,0.0
470,52,H,4,20,0.0,0.0
470,52,H,4,21,0.0,0.0
470,52,H,4,22,0.7603064268827439,0.12044719922879418
470,52,H,4,23,0.4163354679942131,0.1806316394453335
470,52,H,4,24,0.5922223411500454,0.18365891130002657
470,52,H,4,25,0.0,0.0
470,52,H,4,26,0.0,0.0
470,52,H,4,27,0.0,0.0
470,52,H,4,28,0.0,0.0
470,52,H,4,29,0.0,0.0
470,52,H,4,30,0.0,0.0
470,52,H,4,31,0.0,0.0
470,52,H,5,0,0.0,0.0
470,52,H,5,1,0.0,0.0
470,52,H,5,2,0.7596188962459565,0.11791549705012642
470,52,H,5,3,0.0,0.0
470,52,H,5,4,0.7606851771473885,0.11810335873432046
470,52,H,5,5,0.762326417863369,0.12012328329760553
470,52,H,5,6,0.24167419224977493,0.11837620027143152
470,52,H,5,7,0.41588219851255415,0.17863130437365246
470,52,H,5,8,0.0,0.0
470,52,H,5,9,0.4146753504872322,0.1841602028540522
470,52,H,5,10,0.0,0.0
470,52,H,5,11,0.0,0.0
470,52,H,5,12,0.0,0.0
470,52,H,5,13,0.0,0.0
470,52,H,5,14,0.06448416709899903,4.26952804730174e-05
470,52,H,5,15,0.0,0.0
470,52,H,5,16,0.0,0.0
470,52,H,5,17,0.0,0.0
470,52,H,5,18,0.0,0.0
470,52,H,5,19,0.0,0.0
470,52,H,5,20,0.0,0.0
470,52,H,5,21,0.0,0.0
470,52,H,5,22,0.0,0.0
470,52,H,5,23,0.5881804689764977,0.17727491237485596
470,52,H,5,24,0.24237996712327003,0.12156087693065247
470,52,H,5,25,0.5866149351000786,0.17752931839129169
470,52,H,5,26,0.0,0.0
470,52,H,5,27,0.0,0.0
470,52,H,5,28,0.0,0.0
470,52,H,5,29,0.0,0.0
470,52,H,5,30,0.0,0.0
470,52,H,5,31,0.0,0.0
470,52,H,6,0,0.0,0.0
470,52,H,6,1,0.0,0.0
470,52,H,6,2,0.0,0.0
470,52,H,6,3,0.0,0.0
470,52,H,6,4,0.7632554039359093,0.1207812092579859
470,52,H,6,5,0.0,0.0
470,52,H,6,6,0.4095165282487869,0.18223013341017827
470,52,H,6,7,0.7613180428743362,0.1205061852319167
470,52,H,6,8,0.23952658697962761,0.11912651207234393
470,52,H,6,9,0.9345859050750732,2.321653662505696e-05
470,52,H,6,10,0.0,0.0
470,52,H,6,11,0.7574539348483086,0.11983528213844272
470,52,H,6,12,0.0,0.0
470,52,H,6,13,0.0,0.0
470,52,H,6,14,0.0,0.0
470,52,H,6,15,0.23937873393297196,0.11852119158335754
470,52,H,6,16,0.0,0.0
470,52,H,6,17,0.0,0.0
470,52,H,6,18,0.0,0.0
470,52,H,6,19,0.0,0.0
470,52,H,6,20,0.0,0.0
470,52,H,6,21,0.0,0.0
470,52,H,6,22,0.0,0.0
470,52,H,6,23,0.0,0.0
470,52,H,6,24,0.41788518875837327,0.18029507960843
470,52,H,6,25,0.41153295859694483,0.18304392869857677
470,52,H,6,26,0.41411744952201845,0.18508578883782692
470,52,H,6,27,0.0,0.0
470,52,H,6,28,0.0,0.0
470,52,H,6,29,0.0,0.0
470,52,H,6,30,0.0,0.0
470,52,H,6,31,0.0,0.0
470,52,H,7,0,0.5839516393840313,0.18046035111197947
470,52,H,7,1,0.0,0.0
470,52,H,7,2,0.0,0.0
470,52,H,7,3,0.0,0.0
470,52,H,7,4,0.0,0.0
470,52,H,7,5,0.0,0.0
470,52,H,7,6,0.413861857354641,0.18448481086537438
470,52,H,7,7,0.0,0.0
470,52,H,7,8,0.5940719589591026,0.18375659880668427
470,52,H,7,9,0.590985743701458,0.18093332225062111
470,52,H,7,10,0.41406845599412917,0.17878213974069826
470,52,H,7,11,0.5889530062675477,0.178715256940096
470,52,H,7,12,0.0,0.0
470,52,H,7,13,0.0,0.0
470,52,H,7,14,0.0,0.0
470,52,H,7,15,0.0,0.0
470,52,H,7,16,0.40953089818358424,0.1801439739534228
470,52,H,7,17,0.0,0.0
470,52,H,7,18,0.0,0.0
470,52,H,7,19,0.0,0.0
470,52,H,7,20,0.0,0.0
470,52,H,7,21,0.0,0.0
470,52,H,7,22,0.0,0.0
470,52,H,7,23,0.0,0.0
470,52,H,7,24,0.0,0.0
470,52,H,7,25,0.5866636082530021,0.17629911079573327
470,52,H,7,26,0.23843071460723878,0.12218976387044271
470,52,H,7,27,0.0,0.0
470,52,H,7,28,0.0,0.0
470,52,H,7,29,0.0,0.0
470,52,H,7,30,0.5873590648174286,0.17768926624748632
470,52,H,7,31,0.0,0.0
480,53,C,0,0,0.7625761836767196,0.11898039213724476
480,53,C,0,1,0.5884037122130394,0.1781850358384545
480,53,C,0,2,0.4124669902026653,0.1825352324837267
480,53,C,0,3,0.5876775875687599,0.17667440372027068
480,53,C,0,4,0.0,0.0
480,53,C,0,5,0.24148543775081635,0.11902565873643449
480,53,C,0,6,0.4135707549750805,0.1786585214281236
480,53,C,0,7,0.4161432206630707,0.17988971955603608
480,53,C,0,8,0.4144496411085129,0.17670296883861666
480,53,C,0,9,0.0,0.0
480,53,C,0,10,0.0,0.0
480,53,C,0,11,0.24226687103509903,0.11776751691034351
480,53,C,0,12,0.413688525557518,0.17974777439985995
480,53,C,0,13,0.0,0.0
480,53,C,0,14,0.0,0.0
480,53,C,0,15,0.9335858941078186,1.9180601071013826e-05
480,53,C,0,16,0.24161391854286193,0.11816768024281388
480,53,C,0,17,0.5895312368869782,0.17773440253271858
480,53,C,0,18,0.06788038834929466,2.2608640305676886e-05
480,53,C,0,19,0.0,0.0
480,53,C,0,20,0.41360834762454035,0.17991846852845386
480,53,C,0,21,0.0,0.0
480,53,C,0,22,0.41508415415883065,0.1856645158647076
480,53,C,0,23,0.7623793974518775,0.12053089713073184
480,53,C,0,24,0.4128682754933834,0.17977340344344928
480,53,C,0,25,0.5880945459008217,0.17743382837966223
480,53,C,0,26,0.0,0.0
480,53,C,0,27,0.0,0.0
480,53,C,0,28,0.0,0.0
480,53,C,0,29,0.5880423650145531,0.17766825991734242
480,53,C,1,0,0.7617758706212043,0.11726690681599453
480,53,C,1,1,0.4147676922380924,0.18176059538206152
480,53,C,1,2,0.414252957701683,0.18359536206859706
480,53,C,1,3,0.24883351475000381,0.11788183384448978
480,53,C,1,4,0.5885903671383858,0.17920294708538992
480,53,C,1,5,0.4140482798218727,0.1787471263584104
480,53,C,1,6,0.4141919374465942,0.1767977511816215
480,53,C,1,7,0.242367023229599,0.11984333309583554
480,53,C,1,8,0.9335139632225037,2.923202685508386e-05
480,53,C,1,9,0.7630811184644699,0.11914250776139265
480,53,C,1,10,0.0,0.0
480,53,C,1,11,0.7626853972673416,0.11909472957221252
480,53,C,1,12,0.07181381434202194,8.408764220257936e-07
480,53,C,1,13,0.5848948031663894,0.17960335757817797
480,53,C,1,14,0.0,0.0
480,53,C,1,15,0.24814971834421157,0.12628208062624954
480,53,C,1,16,0.24413849413394928,0.11874439680870438
480,53,C,1,17,0.5878048419952393,0.17519194018108267
480,53,C,1,18,0.4162639588117599,0.17823618124189583
480,53,C,1,19,0.5887628018856048,0.1773406714128916
480,53,C,1,20,0.587824547290802,0.18043172502010035
480,53,C,1,21,0.7578456051647663,0.12382541244044501
480,53,C,1,22,0.2421107493340969,0.12033713251854217
480,53,C,1,23,0.5852227658033371,0.18015421607428533
480,53,C,1,24,0.933089816570282,1.7257916734934042e-05
480,53,C,1,25,0.4147818863391876,0.18234538677500808
480,53,C,1,26,0.584038520604372,0.1794159116184926
480,53,C,1,27,0.4139822483062744,0.17730352142346856
480,53,C,1,28,0.0,0.0
480,53,C,1,29,0.0,0.0
480,53,C,2,0,0.88856600522995,0.0009160456746874956
480,53,C,2,1,0.7600698977708816,0.11843513639533468
480,53,C,2,2,0.7075973868370056,0.011911807783045559
480,53,C,2,3,0.8496511578559875,0.0006911944112459878
480,53,C,2,4,0.7097365438938141,0.022968908640357312
480,53,C,2,5,0.7309346675872803,0.0055855228534304035
480,53,C,2,6,0.0,0.0
480,53,C,2,7,0.0,0.0
480,53,C,2,8,0.5871595397591591,0.17734256464269135
480,53,C,2,9,0.43645926415920255,0.16649921259027745
480,53,C,2,10,0.5507774941623211,0.17198011192355453
480,53,C,2,11,0.0,0.0
480,53,C,2,12,0.06824086606502533,1.7835578046399014e-05
480,53,C,2,13,0.582130341231823,0.17774611319483236
480,53,C,2,14,0.23615817874670028,0.1225258269221396
480,53,C,2,15,0.7554663628339767,0.12009957312260189
480,53,C,2,16,0.4081071376800537,0.17880870811093466
480,53,C,2,17,0.5596055381000042,0.1795941897533592
480,53,C,2,18,0.8244723916053772,0.0037082935901204908
480,53,C,2,19,0.7667180895805359,0.0068605561453168205
480,53,C,2,20,0.41083352267742157,0.1788503266040728
480,53,C,2,21,0.41034969836473467,0.17952531580096026
480,53,C,2,22,0.0,0.0
480,53,C,2,23,0.4113444842398167,0.17820480763604762
480,53,C,2,24,0.26702060252428056,0.10696126237942623
480,53,C,2,25,0.7402774810791015,0.006038275875353919
480,53,C,2,26,0.13507505655288696,0.0008036214716348944
480,53,C,2,27,0.0,0.0
480,53,C,2,28,0.41328169107437135,0.1779743430231427
480,53,C,2,29,0.0,0.0
480,53,C,3,0,0.5757414348423481,0.17330605268028604
480,53,C,3,1,0.0,0.0
480,53,C,3,2,0.7171327903866768,0.11877066204062195
480,53,C,3,3,0.7529574334621429,0.1184430283903822
480,53,C,3,4,0.7701547384262085,0.010451439054467358
480,53,C,3,5,0.8432865500450134,0.003452196210089085
480,53,C,3,6,0.0,0.0
480,53,C,3,7,0.0,0.0
480,53,C,3,8,0.0,0.0
480,53,C,3,9,0.07246054261922837,9.335083337075556e-05
480,53,C,3,10,0.7816802263259888,0.00845387696270734
480,53,C,3,11,0.0,0.0
480,53,C,3,12,0.0,0.0
480,53,C,3,13,0.5905723005533219,0.17955584697533006
480,53,C,3,14,0.187578085064888,0.0007957470692345226
480,53,C,3,15,0.0,0.0
480,53,C,3,16,0.0,0.0
480,53,C,3,17,0.9290281414985657,6.656406135817861e-05
480,53,C,3,18,0.8400095582008362,0.0037452322108171643
480,53,C,3,19,0.7947918534278869,0.0013180155560783646
480,53,C,3,20,0.0,0.0
480,53,C,3,21,0.7552872873842716,0.12037852006512093
480,53,C,3,22,0.0,0.0
480,53,C,3,23,0.0,0.0
480,53,C,3,24,0.7605850264430046,0.12064875763792779
480,53,C,3,25,0.73579902946949,0.10962554359190353
480,53,C,3,26,0.2946157842874527,0.03926991017217883
480,53,C,3,27,0.0,0.0
480,53,C,3,28,0.0,0.0
480,53,C,3,29,0.0,0.0
480,53,H,0,0,0.583361342549324,0.1855231353866397
480,53,H,0,1,0.4145779639482498,0.17978058517490889
480,53,H,0,2,0.24680105596780777,0.12309859137414829
480,53,H,0,3,0.5878189966082573,0.18447155545199584
480,53,H,0,4,0.0,0.0
480,53,H,0,5,0.5860198676586151,0.1764909670781863
480,53,H,0,6,0.0,0.0
480,53,H,0,7,0.0,0.0
480,53,H,0,8,0.4150198131799698,0.1772225338041292
480,53,H,0,9,0.0,0.0
480,53,H,0,10,0.0,0.0
480,53,H,0,11,0.0,0.0
480,53,H,0,12,0.41328249499201775,0.18043838525658973
480,53,H,0,13,0.0,0.0
480,53,H,0,14,0.0,0.0
480,53,H,0,15,0.2437134101986885,0.11801229225388046
480,53,H,0,16,0.5864878550171853,0.17980126664039664
480,53,H,0,17,0.4152064278721809,0.17967910176002255
480,53,H,0,18,0.5870068743824959,0.1783468150351136
480,53,H,0,19,0.0,0.0
480,53,H,0,20,0.5827481865882873,0.18086173806478595
480,53,H,0,21,0.0,0.0
480,53,H,0,22,0.0,0.0
480,53,H,0,23,0.5889322146773338,0.17933459275656133
480,53,H,0,24,0.5837027333676815,0.17970161842465066
480,53,H,0,25,0.41005373001098633,0.18158213463974918
480,53,H,0,26,0.0,0.0
480,53,H,0,27,0.0,0.0
480,53,H,0,28,0.0,0.0
480,53,H,0,29,0.0,0.0
480,53,H,1,0,0.758481676876545,0.11797244272487883
480,53,H,1,1,0.0,0.0
480,53,H,1,2,0.41190039217472074,0.17925138999558327
480,53,H,1,3,0.5869773417711258,0.1782237529258795
480,53,H,1,4,0.41431691497564316,0.1772964420285023
480,53,H,1,5,0.5920203879475594,0.18261155975266058
480,53,H,1,6,0.0,0.0
480,53,H,1,7,0.0,0.0
480,53,H,1,8,0.0,0.0
480,53,H,1,9,0.41011806577444077,0.18556166055700762
480,53,H,1,10,0.0,0.0
480,53,H,1,11,0.0,0.0
480,53,H,1,12,0.0,0.0
480,53,H,1,13,0.9380907535552978,2.8897085855419394e-05
480,53,H,1,14,0.0,0.0
480,53,H,1,15,0.0,0.0
480,53,H,1,16,0.0,0.0
480,53,H,1,17,0.41747927740216256,0.18412887547772744
480,53,H,1,18,0.4147670201957226,0.1829264079891946
480,53,H,1,19,0.42035828083753585,0.1826926040752862
480,53,H,1,20,0.0,0.0
480,53,H,1,21,0.4123067885637283,0.18086382638855328
480,53,H,1,22,0.0,0.0
480,53,H,1,23,0.0,0.0
480,53,H,1,24,0.5860117763280869,0.17902357257705873
480,53,H,1,25,0.2394651934504509,0.11985053728670332
480,53,H,1,26,0.5935546278953552,0.18107069840347906
480,53,H,1,27,0.0,0.0
480,53,H,1,28,0.0,0.0
480,53,H,1,29,0.0,0.0
480,53,H,2,0,0.4103735625743866,0.1793212361895798
480,53,H,2,1,0.760353435575962,0.118755150787561
480,53,H,2,2,0.0,0.0
480,53,H,2,3,0.413805228471756,0.18007556458868978
480,53,H,2,4,0.0,0.0
480,53,H,2,5,0.0,0.0
480,53,H,2,6,0.4145002454519272,0.18192048555090484
480,53,H,2,7,0.06469588652253151,4.760241885944039e-05
480,53,H,2,8,0.0,0.0
480,53,H,2,9,0.0,0.0
480,53,H,2,10,0.0,0.0
480,53,H,2,11,0.5858570292592049,0.1781476523060094
480,53,H,2,12,0.0,0.0
480,53,H,2,13,0.0,0.0
480,53,H,2,14,0.0,0.0
480,53,H,2,15,0.24019963219761847,0.12016765966196181
480,53,H,2,16,0.4188073083758354,0.1801297330533493
480,53,H,2,17,0.4172357864677906,0.18278081637074386
480,53,H,2,18,0.0,0.0
480,53,H,2,19,0.0,0.0
480,53,H,2,20,0.0,0.0
480,53,H,2,21,0.0,0.0
480,53,H,2,22,0.41581292226910593,0.18508590276912035
480,53,H,2,23,0.5864780098199844,0.17774564020745148
480,53,H,2,24,0.5836138375103473,0.18138346300066685
480,53,H,2,25,0.0,0.0
480,53,H,2,26,0.0,0.0
480,53,H,2,27,0.0,0.0
480,53,H,2,28,0.0,0.0
480,53,H,2,29,0.0,0.0
480,53,H,3,0,0.5891041919589043,0.18332097298563332
480,53,H,3,1,0.5874654293060303,0.1770545342955264
480,53,H,3,2,0.0,0.0
480,53,H,3,3,0.4136607959866524,0.18043789219994508
480,53,H,3,4,0.0,0.0
480,53,H,3,5,0.0,0.0
480,53,H,3,6,0.5879255637526513,0.17798360716517042
480,53,H,3,7,0.23261883333325387,0.12176305747955093
480,53,H,3,8,0.0,0.0
480,53,H,3,9,0.0,0.0
480,53,H,3,10,0.0,0.0
480,53,H,3,11,0.23395210653543472,0.12157036886319536
480,53,H,3,12,0.0,0.0
480,53,H,3,13,0.0,0.0
480,53,H,3,14,0.0,0.0
480,53,H,3,15,0.4140467718243599,0.176909375342052
480,53,H,3,16,0.41659542322158816,0.1806032397203651
480,53,H,3,17,0.2439128801226616,0.11730310875115033
480,53,H,3,18,0.0,0.0
480,53,H,3,19,0.0,0.0
480,53,H,3,20,0.0,0.0
480,53,H,3,21,0.0,0.0
480,53,H,3,22,0.7578015416860581,0.11821098183094274
480,53,H,3,23,0.41123124212026596,0.18305138895056977
480,53,H,3,24,0.7618359625339508,0.1189517143720444
480,53,H,3,25,0.0,0.0
480,53,H,3,26,0.0,0.0
480,53,H,3,27,0.0,0.0
480,53,H,3,28,0.0,0.0
480,53,H,3,29,0.0,0.0
480,53,H,5,0,0.0,0.0
480,53,H,5,1,0.0,0.0
480,53,H,5,2,0.5926914185285568,0.18230222396864432
480,53,H,5,3,0.0,0.0
480,53,H,5,4,0.5881697550415993,0.1821291209576672
480,53,H,5,5,0.7655599981546402,0.12102442259540039
480,53,H,5,6,0.0,0.0
480,53,H,5,7,0.0,0.0
480,53,H,5,8,0.0,0.0
480,53,H,5,9,0.0,0.0
480,53,H,5,10,0.9254048466682434,5.8948323616903056e-05
480,53,H,5,11,0.0,0.0
480,53,H,5,12,0.0,0.0
480,53,H,5,13,0.0,0.0
480,53,H,5,14,0.41400911659002304,0.17811163671180158
480,53,H,5,15,0.0,0.0
480,53,H,5,16,0.0,0.0
480,53,H,5,17,0.0,0.0
480,53,H,5,18,0.7605867132544517,0.12021363450688856
480,53,H,5,19,0.7582681134343148,0.1199344091675189
480,53,H,5,20,0.0,0.0
480,53,H,5,21,0.0,0.0
480,53,H,5,22,0.0,0.0
480,53,H,5,23,0.0,0.0
480,53,H,5,24,0.0,0.0
480,53,H,5,25,0.590244160592556,0.17931295864503166
480,53,H,5,26,0.24506586492061616,0.12223514950927508
480,53,H,5,27,0.0,0.0
480,53,H,5,28,0.0,0.0
480,53,H,5,29,0.0,0.0
490,54,C,0,0,0.736754085868597,0.11942224073050833
490,54,C,0,1,0.714792275428772,0.007817178160883884
490,54,C,0,2,0.4104258298873901,0.17726958054464886
490,54,C,0,3,0.8603056073188782,0.0007860469690314176
490,54,C,0,4,0.0,0.0
490,54,C,0,5,0.23985648825764655,0.11872497217946983
490,54,C,0,6,0.09909837767481804,0.0005700336721382393
490,54,C,0,7,0.10034319311380387,0.0005192050499462387
490,54,C,0,8,0.0,0.0
490,54,C,0,9,0.0,0.0
490,54,C,0,10,0.0,0.0
490,54,C,0,11,0.7602471634745598,0.12157623147303967
490,54,C,0,12,0.5872632756829261,0.1775148187700129
490,54,C,0,13,0.0,0.0
490,54,C,0,14,0.0,0.0
490,54,C,0,15,0.8540401577949523,0.00023905477216516145
490,54,C,0,16,0.8264929175376892,0.0028064694787920527
490,54,C,0,17,0.7648595675826073,0.11977854521900548
490,54,C,0,18,0.0,0.0
490,54,C,0,19,0.0,0.0
490,54,C,0,20,0.0,0.0
490,54,C,0,21,0.24031060189008713,0.12245905166353546
490,54,C,0,22,0.0,0.0
490,54,C,0,23,0.8072367906570435,0.0015635857831668432
490,54,C,0,24,0.10029162466526031,0.00041686860355749644
490,54,C,0,25,0.761808829009533,0.11947586617964971
490,54,C,0,26,0.0,0.0
490,54,C,0,27,0.0,0.0
490,54,C,0,28,0.5820679888129234,0.18020593081185346
490,54,C,0,29,0.0,0.0
490,54,C,1,0,0.7734370112419129,0.00195652792071769
490,54,C,1,1,0.8110339999198913,0.0017725716339421639
490,54,C,1,2,0.7931173801422119,0.001781489262676814
490,54,C,1,3,0.8089053750038147,9.244171906090058e-05
490,54,C,1,4,0.7498606517910957,0.11687674736572444
490,54,C,1,5,0.8325263142585755,0.001384570109440233
490,54,C,1,6,0.6080458387732506,0.17094762699181137
490,54,C,1,7,0.2726116985082626,0.11442376084265977
490,54,C,1,8,0.09659008383750915,5.2007839174907927e-05
490,54,C,1,9,0.0,0.0
490,54,C,1,10,0.0,0.0
490,54,C,1,11,0.5900725796818733,0.17763070455771968
490,54,C,1,12,0.19652778953313826,0.0077744252789212626
490,54,C,1,13,0.07370339184999466,1.2211239525004025e-05
490,54,C,1,14,0.0,0.0
490,54,C,1,15,0.8349124431610108,0.0010273745194461982
490,54,C,1,16,0.8950345635414123,0.0008094542441745036
490,54,C,1,17,0.8147380709648132,0.002121260742611639
490,54,C,1,18,0.4041002616286278,0.17703325786244456
490,54,C,1,19,0.4223398044705391,0.18686888566296195
490,54,C,1,20,0.585469663888216,0.1876024980933606
490,54,C,1,21,0.413143227994442,0.1801564013089833
490,54,C,1,22,0.0,0.0
490,54,C,1,23,0.6513021722435951,0.13763855548488585
490,54,C,1,24,0.29090204983949663,0.030617828509974486
490,54,C,1,25,0.7329569965600967,0.11139843977866162
490,54,C,1,26,0.5938887864351272,0.18239126280550608
490,54,C,1,27,0.0,0.0
490,54,C,1,28,0.0,0.0
490,54,C,1,29,0.0,0.0
490,54,C,2,0,0.7288422971963883,0.07421303448377967
490,54,C,2,1,0.5838131085038185,0.17751000067301798
490,54,C,2,2,0.7959471344947815,0.002476318201782135
490,54,C,2,3,0.7217108532786369,0.09400243508419703
490,54,C,2,4,0.7440050780773163,0.10833309454899065
490,54,C,2,5,0.713212251663208,0.0032284787118371126
490,54,C,2,6,0.0,0.0
490,54,C,2,7,0.0,0.0
490,54,C,2,8,0.592233245074749,0.15094873125437094
490,54,C,2,9,0.4214224383234978,0.17996069515911298
490,54,C,2,10,0.4144956097006798,0.1786140639941065
490,54,C,2,11,0.0,0.0
490,54,C,2,12,0.5884885355830193,0.18154356162688184
490,54,C,2,13,0.5945665374398231,0.1822248774239751
490,54,C,2,14,0.5890074655413627,0.1812232904803399
490,54,C,2,15,0.4153488323092461,0.17655710594252172
490,54,C,2,16,0.23701104149222374,0.12261060782201014
490,54,C,2,17,0.7369878381490708,0.09007358173559649
490,54,C,2,18,0.5749698348343373,0.17910208057695937
490,54,C,2,19,0.5735351242125034,0.17728890206174008
490,54,C,2,20,0.5833198949694633,0.1765886476970088
490,54,C,2,21,0.0,0.0
490,54,C,2,22,0.4122822344303131,0.1792961528694652
490,54,C,2,23,0.5856278508901596,0.1772324627662895
490,54,C,2,24,0.28149352967739105,0.11433617337314506
490,54,C,2,25,0.47135213017463684,0.0988194513473224
490,54,C,2,26,0.09459065943956375,0.00022954303658459185
490,54,C,2,27,0.9310247540473938,1.8861682313229267e-05
490,54,C,2,28,0.0,0.0
490,54,C,2,29,0.0,0.0
490,54,C,3,0,0.5878681316971779,0.17991563869021845
490,54,C,3,1,0.0,0.0
490,54,C,3,2,0.9049816012382508,4.6363995175227046e-05
490,54,C,3,3,0.5857667922973633,0.17741330132155325
490,54,C,3,4,0.7987549185752869,0.0088232027698686
490,54,C,3,5,0.4090612463653088,0.17907072302997773
490,54,C,3,6,0.0,0.0
490,54,C,3,7,0.0,0.0
490,54,C,3,8,0.41196134984493255,0.18076791796058916
490,54,C,3,9,0.27220841497182846,0.11142258968267087
490,54,C,3,10,0.0740255206823349,0.00012548776471964286
490,54,C,3,11,0.0,0.0
490,54,C,3,12,0.0,0.0
490,54,C,3,13,0.590594844520092,0.18162490056373692
490,54,C,3,14,0.23905806690454484,0.12103570036767197
490,54,C,3,15,0.0,0.0
490,54,C,3,16,0.0,0.0
490,54,C,3,17,0.7555090129375458,0.1181136122362568
490,54,C,3,18,0.247613050788641,0.11749530223189701
490,54,C,3,19,0.4145174831151962,0.17516808568291078
490,54,C,3,20,0.41360297948122027,0.17754740036629105
490,54,C,3,21,0.0,0.0
490,54,C,3,22,0.7573358952999115,0.11843995649796227
490,54,C,3,23,0.0,0.0
490,54,C,3,24,0.4143190741539001,0.17676674597367267
490,54,C,3,25,0.07299208790063857,1.5661031603642074e-06
490,54,C,3,26,0.23479702919721604,0.11926106495144209
490,54,C,3,27,0.0,0.0
490,54,C,3,28,0.0,0.0
490,54,C,3,29,0.7584316968917847,0.1186206459214384
490,54,H,0,0,0.24145438373088837,0.11830927527526709
490,54,H,0,1,0.0,0.0
490,54,H,0,2,0.7620861321687699,0.11933708446983142
490,54,H,0,3,0.5892761394381523,0.18153154969106816
490,54,H,0,4,0.7612156689167022,0.11839362460111487
490,54,H,0,5,0.24096155688166618,0.11884957298431113
490,54,H,0,6,0.0,0.0
490,54,H,0,7,0.0,0.0
490,54,H,0,8,0.4118612639605999,0.18017216714992768
490,54,H,0,9,0.0,0.0
490,54,H,0,10,0.0,0.0
490,54,H,0,11,0.0,0.0
490,54,H,0,12,0.0,0.0
490,54,H,0,13,0.5872360408306122,0.17779258152827013
490,54,H,0,14,0.0,0.0
490,54,H,0,15,0.0,0.0
490,54,H,0,16,0.0,0.0
490,54,H,0,17,0.9352123737335205,3.2809441326264735e-05
490,54,H,0,18,0.9397421717643738,7.763345186134529e-05
490,54,H,0,19,0.5872599959373475,0.17841023567182676
490,54,H,0,20,0.5892403334379196,0.18249602045475402
490,54,H,0,21,0.0,0.0
490,54,H,0,22,0.0,0.0
490,54,H,0,23,0.0,0.0
490,54,H,0,24,0.5857648506760598,0.1798829758475261
490,54,H,0,25,0.7584759250283242,0.11873814019664611
490,54,H,0,26,0.4150287643074989,0.1762639790990397
490,54,H,0,27,0.0,0.0
490,54,H,0,28,0.0,0.0
490,54,H,0,29,0.0,0.0
490,54,H,1,0,0.4189679488539696,0.1803862823247203
490,54,H,1,1,0.7606069728732109,0.11873779959466105
490,54,H,1,2,0.0,0.0
490,54,H,1,3,0.24301346242427826,0.11962788464450251
490,54,H,1,4,0.0,0.0
490,54,H,1,5,0.0,0.0
490,54,H,1,6,0.9312452912330628,3.381166988361883e-05
490,54,H,1,7,0.24135238975286483,0.11816266322857887
490,54,H,1,8,0.0,0.0
490,54,H,1,9,0.0,0.0
490,54,H,1,10,0.0,0.0
490,54,H,1,11,0.5877522140741348,0.18089079076775216
490,54,H,1,12,0.0,0.0
490,54,H,1,13,0.0,0.0
490,54,H,1,14,0.0,0.0
490,54,H,1,15,0.5833324052393436,0.18456413095968466
490,54,H,1,16,0.5860725730657578,0.1760880124271026
490,54,H,1,17,0.0,0.0
490,54,H,1,18,0.0,0.0
490,54,H,1,19,0.0,0.0
490,54,H,1,20,0.0,0.0
490,54,H,1,21,0.4132916174829006,0.17899318961698776
490,54,H,1,22,0.0,0.0
490,54,H,1,23,0.411925433576107,0.17798914148363887
490,54,H,1,24,0.5874451979994774,0.17816398771505373
490,54,H,1,25,0.0,0.0
490,54,H,1,26,0.0,0.0
490,54,H,1,27,0.0,0.0
490,54,H,1,28,0.0,0.0
490,54,H,1,29,0.0,0.0
490,54,H,2,0,0.413360533118248,0.18410279523047038
490,54,H,2,1,0.7604469239711762,0.1188683194037792
490,54,H,2,2,0.0,0.0
490,54,H,2,3,0.41431589126586915,0.17692879524766011
490,54,H,2,4,0.0,0.0
490,54,H,2,5,0.0,0.0
490,54,H,2,6,0.5841772153973579,0.18235092782196222
490,54,H,2,7,0.5878572948276997,0.1825135206858808
490,54,H,2,8,0.0,0.0
490,54,H,2,9,0.0,0.0
490,54,H,2,10,0.0,0.0
490,54,H,2,11,0.7602276504039764,0.11844998234024189
490,54,H,2,12,0.0,0.0
490,54,H,2,13,0.0,0.0
490,54,H,2,14,0.0,0.0
490,54,H,2,15,0.5938483580946923,0.18511340522974834
490,54,H,2,16,0.5927570104598999,0.18278193867048403
490,54,H,2,17,0.0,0.0
490,54,H,2,18,0.0,0.0
490,54,H,2,19,0.0,0.0
490,54,H,2,20,0.0,0.0
490,54,H,2,21,0.5870908007025719,0.17979206713175508
490,54,H,2,22,0.0,0.0
490,54,H,2,23,0.5855826646089554,0.17978100863974542
490,54,H,2,24,0.07199448347091675,1.1431222429747478e-06
490,54,H,2,25,0.0,0.0
490,54,H,2,26,0.0,0.0
490,54,H,2,27,0.0,0.0
490,54,H,2,28,0.0,0.0
490,54,H,2,29,0.0,0.0
490,54,H,5,0,0.0,0.0
490,54,H,5,1,0.0,0.0
490,54,H,5,2,0.5864966869354248,0.181370257411101
490,54,H,5,3,0.0,0.0
490,54,H,5,4,0.5874228715896607,0.1785782691997715
490,54,H,5,5,0.5883511088788509,0.1811525265509509
490,54,H,5,6,0.0,0.0
490,54,H,5,7,0.0,0.0
490,54,H,5,8,0.0,0.0
490,54,H,5,9,0.5891465023159981,0.17913075562415276
490,54,H,5,10,0.5903783157467842,0.17980054953655245
490,54,H,5,11,0.0,0.0
490,54,H,5,12,0.0,0.0
490,54,H,5,13,0.0,0.0
490,54,H,5,14,0.585292824357748,0.18051741692677137
490,54,H,5,15,0.0,0.0
490,54,H,5,16,0.0,0.0
490,54,H,5,17,0.4126684956252575,0.18079703237944997
490,54,H,5,18,0.41600712686777114,0.1775830101714621
490,54,H,5,19,0.06722325906157493,1.391260459615795e-05
490,54,H,5,20,0.0,0.0
490,54,H,5,21,0.0,0.0
490,54,H,5,22,0.7662271708250046,0.12054861905575454
490,54,H,5,23,0.0,0.0
490,54,H,5,24,0.0,0.0
490,54,H,5,25,0.4115061588585377,0.17870480757360444
490,54,H,5,26,0.4155132994055748,0.17774471856730473
490,54,H,5,27,0.0,0.0
490,54,H,5,28,0.0,0.0
490,54,H,5,29,0.0,0.0
490,54,H,6,0,0.0,0.0
490,54,H,6,1,0.0,0.0
490,54,H,6,2,0.4116718776524067,0.18005436358393423
490,54,H,6,3,0.0,0.0
490,54,H,6,4,0.7530761912465096,0.1271446377797349
490,54,H,6,5,0.4146828934550285,0.1816252851637785
490,54,H,6,6,0.0,0.0
490,54,H,6,7,0.0,0.0
490,54,H,6,8,0.0,0.0
490,54,H,6,9,0.41697861552238463,0.1794598207761589
490,54,H,6,10,0.4162075147032738,0.18146816569488777
490,54,H,6,11,0.0,0.0
490,54,H,6,12,0.0,0.0
490,54,H,6,13,0.0,0.0
490,54,H,6,14,0.41368808075785635,0.17912482826871057
490,54,H,6,15,0.0,0.0
490,54,H,6,16,0.0,0.0
490,54,H,6,17,0.5871717780828476,0.17645263909081538
490,54,H,6,18,0.9303579211235047,1.8990572021948535e-06
490,54,H,6,19,0.24045556858181955,0.11854337011113128
490,54,H,6,20,0.0,0.0
490,54,H,6,21,0.0,0.0
490,54,H,6,22,0.5864705830812454,0.17932852919926456
490,54,H,6,23,0.0,0.0
490,54,H,6,24,0.0,0.0
490,54,H,6,25,0.5855500571429729,0.17931294338585596
490,54,H,6,26,0.5854292273521423,0.1789842320632246
490,54,H,6,27,0.0,0.0
490,54,H,6,28,0.0,0.0
490,54,H,6,29,0.0,0.0
500,55,C,0,0,0.9251059532165528,5.554405854951483e-05
500,55,C,0,1,0.7490645363926888,0.11425298734909115
500,55,C,0,2,0.5819516763091087,0.17943364786761556
500,55,C,0,3,0.7059593021869659,0.044167892677612605
500,55,C,0,4,0.24303780049085616,0.11921913768343231
500,55,C,0,5,0.7557218313217163,0.11865535202935518
500,55,C,0,6,0.7642377778887749,0.11982057011294334
500,55,C,0,7,0.933948564529419,2.4267095871834953e-05
500,55,C,0,8,0.24468643963336945,0.12194309385096033
500,55,C,0,9,0.5898796260356903,0.18362916572376348
500,55,C,0,10,0.23891604766249658,0.11962017516027626
500,55,C,0,11,0.0,0.0
500,55,C,0,12,0.0,0.0
500,55,C,0,13,0.0,0.0
500,55,C,0,14,0.0,0.0
500,55,C,0,15,0.5892286166548729,0.17709622109049247
500,55,C,0,16,0.5904829114675522,0.17854139578673753
500,55,C,0,17,0.7584372147917747,0.11748231573066263
500,55,C,0,18,0.41433553025126457,0.1786258385034233
500,55,C,0,19,0.7275242701172828,0.1081982015500322
500,55,C,0,20,0.9300055742263794,2.9177016453161284e-05
500,55,C,0,21,0.5853172674775123,0.18167900285546282
500,55,C,0,22,0.9346062660217285,9.953188034529604e-05
500,55,C,0,23,0.06937611848115921,5.422852253227362e-05
500,55,C,0,24,0.4159340664744377,0.17655749676327043
500,55,C,0,25,0.24453144893050194,0.12213134815343867
500,55,C,0,26,0.4132028393447399,0.18195227837682998
500,55,C,0,27,0.931389856338501,1.0467742891364652e-05
500,55,C,0,28,0.5904876083135605,0.1720249434468547
500,55,C,0,29,0.24362196624279023,0.11770982241906394
500,55,C,0,30,0.4174553871154785,0.1768003692290248
500,55,C,0,31,0.2421964153647423,0.11811098194599805
500,55,C,0,32,0.5870508074760437,0.17928496460329582
500,55,C,0,33,0.0,0.0
500,55,C,1,0,0.7408828854560852,0.001242844600346018
500,55,C,1,1,0.8409237265586853,0.0021345101299559133
500,55,C,1,2,0.4124055191874504,0.1769679082231685
500,55,C,1,3,0.5735374465584755,0.17599618120217375
500,55,C,1,4,0.0,0.0
500,55,C,1,5,0.5864983335137367,0.17642572025826642
500,55,C,1,6,0.0,0.0
500,55,C,1,7,0.0,0.0
500,55,C,1,8,0.2469858780503273,0.12096872921984488
500,55,C,1,9,0.0,0.0
500,55,C,1,10,0.0,0.0
500,55,C,1,11,0.0,0.0
500,55,C,1,12,0.0,0.0
500,55,C,1,13,0.0,0.0
500,55,C,1,14,0.0,0.0
500,55,C,1,15,0.07580751925706863,1.77750786829467e-06
500,55,C,1,16,0.19485937356948851,0.0033316598469449593
500,55,C,1,17,0.10421228706836701,0.0011499565330461837
500,55,C,1,18,0.5911072596907616,0.1773639445041848
500,55,C,1,19,0.9083341956138611,1.210461359164583e-05
500,55,C,1,20,0.587928993999958,0.1867677536920484
500,55,C,1,21,0.9339698672294616,2.837982688589591e-05
500,55,C,1,22,0.0,0.0
500,55,C,1,23,0.0,0.0
500,55,C,1,24,0.0,0.0
500,55,C,1,25,0.0,0.0
500,55,C,1,26,0.41357061415910723,0.17713949754883368
500,55,C,1,27,0.5715424180030823,0.18539144595878043
500,55,C,1,28,0.2568765014410019,0.1183486542287858
500,55,C,1,29,0.8364778399467468,0.00037300774323171024
500,55,C,1,30,0.8260664939880371,0.0012938356703628528
500,55,C,1,31,0.0,0.0
500,55,C,1,32,0.0,0.0
500,55,C,1,33,0.7587685510516167,0.12068769573432
500,55,C,2,0,0.24312774538993837,0.11831603471013337
500,55,C,2,1,0.4241363421082497,0.1733507862038383
500,55,C,2,2,0.34076038002967834,0.08331815794561523
500,55,C,2,3,0.07779551446437835,6.0552306888581597e-05
500,55,C,2,4,0.4207712024450302,0.1829086687590305
500,55,C,2,5,0.3258697807788849,0.03536263372034435
500,55,C,2,6,0.585941705107689,0.18017526250023644
500,55,C,2,7,0.6036393001675606,0.17160618177162815
500,55,C,2,8,0.7539486885070801,0.12201068644894661
500,55,C,2,9,0.775027048587799,0.004028663635998556
500,55,C,2,10,0.7820954322814941,0.004486224683159889
500,55,C,2,11,0.9329365253448486,3.199686781641731e-05
500,55,C,2,12,0.5835352137684822,0.17740421945615337
500,55,C,2,13,0.0,0.0
500,55,C,2,14,0.0,0.0
500,55,C,2,15,0.4116467162966728,0.178206395194681
500,55,C,2,16,0.0,0.0
500,55,C,2,17,0.0,0.0
500,55,C,2,18,0.7579957038164139,0.12065767183926927
500,55,C,2,19,0.24985914677381516,0.11973114077995346
500,55,C,2,20,0.8329271674156189,0.004055048704202591
500,55,C,2,21,0.800806188583374,0.012947550989738373
500,55,C,2,22,0.25546344220638273,0.11596214775475817
500,55,C,2,23,0.24349968135356903,0.12326326262752345
500,55,C,2,24,0.42164134234189987,0.18028795335181766
500,55,C,2,25,0.4186664342880249,0.1792759040166379
500,55,C,2,26,0.4143940180540085,0.1765526651102875
500,55,C,2,27,0.0,0.0
500,55,C,2,28,0.5834259703755379,0.177704812193693
500,55,C,2,29,0.5868994265794754,0.1766854855849106
500,55,C,2,30,0.4124172180891037,0.17812141455270197
500,55,C,2,31,0.4146925061941147,0.180776665732523
500,55,C,2,32,0.0,0.0
500,55,C,2,33,0.0,0.0
500,55,C,3,0,0.0,0.0
500,55,C,3,1,0.24464246034622192,0.11997248137216059
500,55,C,3,2,0.2548304758965969,0.12333704907538127
500,55,C,3,3,0.4138996258378029,0.177215065784385
500,55,C,3,4,0.2752519428730011,0.02644513553346307
500,55,C,3,5,0.25205836445093155,0.11712751011500164
500,55,C,3,6,0.0764930509030819,8.48112183560179e-05
500,55,C,3,7,0.14831442534923553,0.0027126169836143
500,55,C,3,8,0.0,0.0
500,55,C,3,9,0.5846911519765854,0.17656490844785183
500,55,C,3,10,0.23960068821907043,0.12003131452071074
500,55,C,3,11,0.7414848268032074,0.04783756108376821
500,55,C,3,12,0.6355730652809143,0.0168970996940169
500,55,C,3,13,0.9347809553146362,3.121824796181727e-05
500,55,C,3,14,0.40949339494109155,0.18470891970525077
500,55,C,3,15,0.5864202760159969,0.18222670749834688
500,55,C,3,16,0.0,0.0
500,55,C,3,17,0.0,0.0
500,55,C,3,18,0.7590694665908814,0.11800439785099089
500,55,C,3,19,0.24338402450084687,0.12397464541038802
500,55,C,3,20,0.5970047250390053,0.1778994273561762
500,55,C,3,21,0.07685855329036713,5.051205975261652e-06
500,55,C,3,22,0.7597992777824402,0.008008054784350235
500,55,C,3,23,0.8327306747436524,0.007451818610058466
500,55,C,3,24,0.4240649208426476,0.17639144492051048
500,55,C,3,25,0.08091867417097091,1.404800046362009e-05
500,55,C,3,26,0.5858326196670532,0.17599948094295192
500,55,C,3,27,0.0,0.0
500,55,C,3,28,0.5846032090485096,0.17975131341538683
500,55,C,3,29,0.0,0.0
500,55,C,3,30,0.0,0.0
500,55,C,3,31,0.5883887350559235,0.18061440131504145
500,55,C,3,32,0.0,0.0
500,55,C,3,33,0.0,0.0
500,55,C,4,0,0.0,0.0
500,55,C,4,1,0.5881822481751442,0.17686386537290105
500,55,C,4,2,0.2410035215318203,0.11952913280311303
500,55,C,4,3,0.5918052494525909,0.17933381941363136
500,55,C,4,4,0.24179426431655884,0.1209427175432152
500,55,C,4,5,0.5885214015841485,0.17688776452381555
500,55,C,4,6,0.2371680423617363,0.10497825239134033
500,55,C,4,7,0.7609038442373276,0.11780554992078396
500,55,C,4,8,0.0,0.0
500,55,C,4,9,0.0,0.0
500,55,C,4,10,0.0,0.0
500,55,C,4,11,0.41473612785339353,0.17904188259460913
500,55,C,4,12,0.24523242861032485,0.12030551029200195
500,55,C,4,13,0.5863431006669998,0.1780968305455791
500,55,C,4,14,0.7583747252821922,0.11857642970295652
500,55,C,4,15,0.9312162637710572,1.9569131674757046e-06
500,55,C,4,16,0.0,0.0
500,55,C,4,17,0.0,0.0
500,55,C,4,18,0.5830310836434365,0.17999971046254296
500,55,C,4,19,0.4133120574057102,0.1818892273670156
500,55,C,4,20,0.24418874680995942,0.11801660665821093
500,55,C,4,21,0.42081090360879897,0.18398009871840165
500,55,C,4,22,0.5912743017077446,0.17886102915429367
500,55,C,4,23,0.24409288614988328,0.11799285557372367
500,55,C,4,24,0.5830000787973404,0.18032724708734738
500,55,C,4,25,0.7610348954796791,0.11831923295286399
500,55,C,4,26,0.4150047868490219,0.17867795663426284
500,55,C,4,27,0.0,0.0
500,55,C,4,28,0.5874506711959839,0.17678673726592734
500,55,C,4,29,0.0,0.0
500,55,C,4,30,0.0,0.0
500,55,C,4,31,0.5837239794433117,0.1793448816718391
500,55,C,4,32,0.4124175138771534,0.18168100821076355
500,55,C,4,33,0.0,0.0
500,55,H,0,0,0.0,0.0
500,55,H,0,1,0.5929408997297287,0.1804364825514912
500,55,H,0,2,0.7619411662220955,0.11961097527780033
500,55,H,0,3,0.41409692615270616,0.1771864505187715
500,55,H,0,4,0.5901955813169479,0.17838976049357935
500,55,H,0,5,0.41926387697458267,0.17977343210880825
500,55,H,0,6,0.0,0.0
500,55,H,0,7,0.4102755956351757,0.18116202933126443
500,55,H,0,8,0.0,0.0
500,55,H,0,9,0.5840398021042347,0.17829847449756003
500,55,H,0,10,0.41179207637906073,0.18426080716738036
500,55,H,0,11,0.0,0.0
500,55,H,0,12,0.0,0.0
500,55,H,0,13,0.0,0.0
500,55,H,0,14,0.0,0.0
500,55,H,0,15,0.0,0.0
500,55,H,0,16,0.0,0.0
500,55,H,0,17,0.0,0.0
500,55,H,0,18,0.0,0.0
500,55,H,0,19,0.4168324276804924,0.17939123589224584
500,55,H,0,20,0.41269669607281684,0.17878943748417933
500,55,H,0,21,0.4158357113599777,0.17634947336078613
500,55,H,0,22,0.06618469506502152,2.4739949460386155e-05
500,55,H,0,23,0.417290598154068,0.17873697477270065
500,55,H,0,24,0.0,0.0
500,55,H,0,25,0.0,0.0
500,55,H,0,26,0.0,0.0
500,55,H,0,27,0.0,0.0
500,55,H,0,28,0.5879147946834564,0.17765341168940055
500,55,H,0,29,0.0,0.0
500,55,H,0,30,0.0,0.0
500,55,H,0,31,0.0,0.0
500,55,H,0,32,0.0,0.0
500,55,H,0,33,0.0,0.0
500,55,H,1,0,0.0,0.0
500,55,H,1,1,0.5864405810832978,0.17788735315108023
500,55,H,1,2,0.4139289155602455,0.17785993780554107
500,55,H,1,3,0.23723066970705986,0.12003139133465199
500,55,H,1,4,0.590499097108841,0.17821054952913698
500,55,H,1,5,0.41550865322351455,0.17659153607553782
500,55,H,1,6,0.0,0.0
500,55,H,1,7,0.2421385556459427,0.11827938011763277
500,55,H,1,8,0.0,0.0
500,55,H,1,9,0.7593293696641922,0.11834191672100469
500,55,H,1,10,0.414224748313427,0.17771354387832056
500,55,H,1,11,0.0,0.0
500,55,H,1,12,0.0,0.0
500,55,H,1,13,0.0,0.0
500,55,H,1,14,0.0,0.0
500,55,H,1,15,0.0,0.0
500,55,H,1,16,0.0,0.0
500,55,H,1,17,0.0,0.0
500,55,H,1,18,0.0,0.0
500,55,H,1,19,0.4130279876291752,0.18545713286175025
500,55,H,1,20,0.584474840760231,0.1789517798863716
500,55,H,1,21,0.24286867827177047,0.11802770246229725
500,55,H,1,22,0.41722354888916013,0.17860206677323082
500,55,H,1,23,0.41289173886179925,0.18355073023822097
500,55,H,1,24,0.0,0.0
500,55,H,1,25,0.0,0.0
500,55,H,1,26,0.0,0.0
500,55,H,1,27,0.0,0.0
500,55,H,1,28,0.5852127999067307,0.17851017587552287
500,55,H,1,29,0.0,0.0
500,55,H,1,30,0.0,0.0
500,55,H,1,31,0.0,0.0
500,55,H,1,32,0.0,0.0
500,55,H,1,33,0.0,0.0
500,55,H,2,0,0.0,0.0
500,55,H,2,1,0.0,0.0
500,55,H,2,2,0.41583355367183683,0.18175322009323702
500,55,H,2,3,0.0,0.0
500,55,H,2,4,0.5877577975392342,0.1765240323209774
500,55,H,2,5,0.4178188815712929,0.17804322316242627
500,55,H,2,6,0.41465151458978655,0.1766489982142437
500,55,H,2,7,0.5868752278387547,0.18263907134651014
500,55,H,2,8,0.0,0.0
500,55,H,2,9,0.0,0.0
500,55,H,2,10,0.0,0.0
500,55,H,2,11,0.5877849817276001,0.17835734510361012
500,55,H,2,12,0.5908016949892044,0.18239798329328694
500,55,H,2,13,0.0,0.0
500,55,H,2,14,0.0,0.0
500,55,H,2,15,0.0,0.0
500,55,H,2,16,0.0,0.0
500,55,H,2,17,0.0,0.0
500,55,H,2,18,0.0,0.0
500,55,H,2,19,0.0,0.0
500,55,H,2,20,0.7618353515863419,0.11871870730126499
500,55,H,2,21,0.24913957417011262,0.12401040400813165
500,55,H,2,22,0.4148495361208916,0.1766249537041454
500,55,H,2,23,0.41389895379543307,0.17816533231647005
500,55,H,2,24,0.4165585860610008,0.17800397819644345
500,55,H,2,25,0.5941469863057136,0.18155347388834137
500,55,H,2,26,0.0,0.0
500,55,H,2,27,0.0,0.0
500,55,H,2,28,0.0,0.0
500,55,H,2,29,0.0,0.0
500,55,H,2,30,0.0,0.0
500,55,H,2,31,0.9315993905067443,2.5530887253069065e-05
500,55,H,2,32,0.0,0.0
500,55,H,2,33,0.0,0.0
500,55,H,3,0,0.0,0.0
500,55,H,3,1,0.0,0.0
500,55,H,3,2,0.06880982890725136,4.221112483715706e-05
500,55,H,3,3,0.0,0.0
500,55,H,3,4,0.41639602482318877,0.17701536891739605
500,55,H,3,5,0.5837528482079506,0.1806042897748755
500,55,H,3,6,0.4144185267388821,0.18241544387054262
500,55,H,3,7,0.4164171859622002,0.18128105548725576
500,55,H,3,8,0.0,0.0
500,55,H,3,9,0.0,0.0
500,55,H,3,10,0.0,0.0
500,55,H,3,11,0.4123699635267258,0.17833294312078354
500,55,H,3,12,0.24307384639978408,0.11820824140458022
500,55,H,3,13,0.0,0.0
500,55,H,3,14,0.0,0.0
500,55,H,3,15,0.0,0.0
500,55,H,3,16,0.0,0.0
500,55,H,3,17,0.0,0.0
500,55,H,3,18,0.0,0.0
500,55,H,3,19,0.0,0.0
500,55,H,3,20,0.5890964075922966,0.17873814559028064
500,55,H,3,21,0.5877838894724846,0.1763350204863339
500,55,H,3,22,0.06950825825333595,5.04593222716343e-05
500,55,H,3,23,0.2426530197262764,0.11802105531042258
500,55,H,3,24,0.41644345968961716,0.1769743000331967
500,55,H,3,25,0.7606955751776695,0.11822656069019237
500,55,H,3,26,0.0,0.0
500,55,H,3,27,0.0,0.0
500,55,H,3,28,0.0,0.0
500,55,H,3,29,0.0,0.0
500,55,H,3,30,0.0,0.0
500,55,H,3,31,0.4177283436059952,0.1804477949531038
500,55,H,3,32,0.0,0.0
500,55,H,3,33,0.0,0.0
500,55,H,4,0,0.7587556406855583,0.11807947971656267
500,55,H,4,1,0.2407486006617546,0.11999308083869549
500,55,H,4,2,0.24091432020068168,0.11978555821292605
500,55,H,4,3,0.7593623250722885,0.1182383123642234
500,55,H,4,4,0.0,0.0
500,55,H,4,5,0.9349198937416077,4.564264118727124e-05
500,55,H,4,6,0.0,0.0
500,55,H,4,7,0.0,0.0
500,55,H,4,8,0.4107608862221241,0.17871410469596158
500,55,H,4,9,0.0,0.0
500,55,H,4,10,0.0,0.0
500,55,H,4,11,0.0,0.0
500,55,H,4,12,0.0,0.0
500,55,H,4,13,0.0,0.0
500,55,H,4,14,0.0,0.0
500,55,H,4,15,0.41484167128801347,0.1776993625155212
500,55,H,4,16,0.0,0.0
500,55,H,4,17,0.0,0.0
500,55,H,4,18,0.5891107812523841,0.17852135150778342
500,55,H,4,19,0.41346425712108614,0.17705693126638286
500,55,H,4,20,0.41412629932165146,0.18233910657751645
500,55,H,4,21,0.5875492036342621,0.1783412236940749
500,55,H,4,22,0.0,0.0
500,55,H,4,23,0.0,0.0
500,55,H,4,24,0.0,0.0
500,55,H,4,25,0.0,0.0
500,55,H,4,26,0.5889309175312519,0.1842991518930243
500,55,H,4,27,0.0,0.0
500,55,H,4,28,0.7581326737999916,0.117500220097241
500,55,H,4,29,0.4143235802650452,0.17726885634452824
500,55,H,4,30,0.5843363881111145,0.1792596307210164
500,55,H,4,31,0.0,0.0
500,55,H,4,32,0.0,0.0
500,55,H,4,33,0.0,0.0
500,55,H,5,0,0.0,0.0
500,55,H,5,1,0.0,0.0
500,55,H,5,2,0.0,0.0
500,55,H,5,3,0.0,0.0
500,55,H,5,4,0.5853556200861931,0.1774361118730013
500,55,H,5,5,0.0,0.0
500,55,H,5,6,0.4162089228630066,0.17704658850908783
500,55,H,5,7,0.9303305506706238,3.1109710414511935e-06
500,55,H,5,8,0.0,0.0
500,55,H,5,9,0.0,0.0
500,55,H,5,10,0.0,0.0
500,55,H,5,11,0.0,0.0
500,55,H,5,12,0.0,0.0
500,55,H,5,13,0.4115066647529602,0.17828452017969576
500,55,H,5,14,0.24071417152881622,0.11902588988624438
500,55,H,5,15,0.5868626520037651,0.17649534189830876
500,55,H,5,16,0.0,0.0
500,55,H,5,17,0.0,0.0
500,55,H,5,18,0.24214397370815277,0.12138082960754018
500,55,H,5,19,0.0,0.0
500,55,H,5,20,0.0,0.0
500,55,H,5,21,0.0,0.0
500,55,H,5,22,0.5874546930193901,0.17738676549610713
500,55,H,5,23,0.5866044253110886,0.17663619095579128
500,55,H,5,24,0.5868888646364212,0.1781983017658606
500,55,H,5,25,0.763215358555317,0.11959620700301477
500,55,H,5,26,0.41164984852075576,0.1822151970844334
500,55,H,5,27,0.0,0.0
500,55,H,5,28,0.0,0.0
500,55,H,5,29,0.0,0.0
500,55,H,5,30,0.0,0.0
500,55,H,5,31,0.7613313511013985,0.11899395839920626
500,55,H,5,32,0.0,0.0
500,55,H,5,33,0.0,0.0
500,55,H,6,0,0.0,0.0
500,55,H,6,1,0.0,0.0
500,55,H,6,2,0.0,0.0
500,55,H,6,3,0.0,0.0
500,55,H,6,4,0.24026302397251129,0.11973069808569207
500,55,H,6,5,0.0,0.0
500,55,H,6,6,0.5877516135573387,0.1770603428445767
500,55,H,6,7,0.40706486999988556,0.183429336030582
500,55,H,6,8,0.0,0.0
500,55,H,6,9,0.0,0.0
500,55,H,6,10,0.0,0.0
500,55,H,6,11,0.0,0.0
500,55,H,6,12,0.0,0.0
500,55,H,6,13,0.4171998843550682,0.17914720663414968
500,55,H,6,14,0.4188429191708565,0.1806128779002177
500,55,H,6,15,0.5924232587218284,0.18226028635227082
500,55,H,6,16,0.0,0.0
500,55,H,6,17,0.0,0.0
500,55,H,6,18,0.7598916247487069,0.12113254971635401
500,55,H,6,19,0.0,0.0
500,55,H,6,20,0.0,0.0
500,55,H,6,21,0.0,0.0
500,55,H,6,22,0.41434784829616544,0.17801075845715897
500,55,H,6,23,0.5908270984888077,0.18168056443886393
500,55,H,6,24,0.24204939529299735,0.12053885929188217
500,55,H,6,25,0.4163346990942955,0.1785025305393197
500,55,H,6,26,0.23862687051296233,0.11997489601485781
500,55,H,6,27,0.0,0.0
500,55,H,6,28,0.0,0.0
500,55,H,6,29,0.0,0.0
500,55,H,6,30,0.0,0.0
500,55,H,6,31,0.06846281066536904,1.5173595275355112e-05
500,55,H,6,32,0.0,0.0
500,55,H,6,33,0.0,0.0
510,56,C,0,0,0.24735956639051437,0.11739632908046424
510,56,C,0,1,0.2594070345163345,0.10683892720727477
510,56,C,0,2,0.0,0.0
510,56,C,0,3,0.5872338101267814,0.17685674126593667
510,56,C,0,4,0.0,0.0
510,56,C,0,5,0.4118237294256687,0.18089107858369358
510,56,C,0,6,0.0,0.0
510,56,C,0,7,0.0,0.0
510,56,C,0,8,0.0,0.0
510,56,C,0,9,0.0,0.0
510,56,C,0,10,0.40426496267318723,0.17562400053508526
510,56,C,0,11,0.5750618778169155,0.18088008200367253
510,56,C,0,12,0.5903676331043244,0.17870069543712278
510,56,C,0,13,0.5834614798426628,0.18394523027084406
510,56,C,0,14,0.0,0.0
510,56,C,0,15,0.0,0.0
510,56,C,0,16,0.0,0.0
510,56,C,0,17,0.0,0.0
510,56,C,0,18,0.0,0.0
510,56,C,0,19,0.0,0.0
510,56,C,0,20,0.7487832829356194,0.1276817937409787
510,56,C,0,21,0.41874985694885253,0.1816165219568399
510,56,C,0,22,0.5870311826467514,0.1776180960706077
510,56,C,0,23,0.5819276034832,0.17867003804022602
510,56,C,0,24,0.5645529083907604,0.17503950201769883
510,56,C,0,25,0.7448975205421448,0.12153233061784847
510,56,C,0,26,0.41908862441778183,0.18028690054791863
510,56,C,0,27,0.4185712248086929,0.17896742520109166
510,56,C,0,28,0.0,0.0
510,56,C,0,29,0.0,0.0
510,56,C,0,30,0.0,0.0
510,56,C,0,31,0.0,0.0
510,56,C,0,32,0.0,0.0
510,56,C,0,33,0.0,0.0
510,56,C,0,34,0.26690419763326645,0.11553304205153969
510,56,C,0,35,0.40469402372837066,0.17207206836694813
510,56,C,0,36,0.40987594351172446,0.18106815662398093
510,56,C,0,37,0.4158387064933777,0.1765681834482146
510,56,C,1,0,0.4214853584766388,0.17185791017486085
510,56,C,1,1,0.24307288900017737,0.11920412526825133
510,56,C,1,2,0.0,0.0
510,56,C,1,3,0.5913773253560066,0.18127159838794166
510,56,C,1,4,0.0,0.0
510,56,C,1,5,0.41658819615840914,0.1794860398594579
510,56,C,1,6,0.0,0.0
510,56,C,1,7,0.0,0.0
510,56,C,1,8,0.0,0.0
510,56,C,1,9,0.0,0.0
510,56,C,1,10,0.4143325239419937,0.1773465136520564
510,56,C,1,11,0.7621377468109131,0.12049529108221235
510,56,C,1,12,0.756947448849678,0.11742298108053147
510,56,C,1,13,0.4120802417397499,0.17983341499192185
510,56,C,1,14,0.0,0.0
510,56,C,1,15,0.0,0.0
510,56,C,1,16,0.0,0.0
510,56,C,1,17,0.0,0.0
510,56,C,1,18,0.0,0.0
510,56,C,1,19,0.0,0.0
510,56,C,1,20,0.5845107927918434,0.1782278029695293
510,56,C,1,21,0.5878603011369705,0.17705844840072943
510,56,C,1,22,0.5820563830435276,0.1814215345073554
510,56,C,1,23,0.5887377858161926,0.1774322831662831
510,56,C,1,24,0.7600064098834991,0.11803359657860198
510,56,C,1,25,0.24509744644165038,0.11855193057597055
510,56,C,1,26,0.9269451141357422,2.8687647954370736e-05
510,56,C,1,27,0.761907210946083,0.11885331219897813
510,56,C,1,28,0.0,0.0
510,56,C,1,29,0.0,0.0
510,56,C,1,30,0.0,0.0
510,56,C,1,31,0.0,0.0
510,56,C,1,32,0.0,0.0
510,56,C,1,33,0.0,0.0
510,56,C,1,34,0.759993602335453,0.1185884253510678
510,56,C,1,35,0.07578630596399308,2.1347738088683957e-06
510,56,C,1,36,0.41437252759933474,0.17692472159831168
510,56,C,1,37,0.4143110513687134,0.17680681861478798
510,56,C,2,0,0.5901970535516738,0.17785797396400693
510,56,C,2,1,0.23241957426071166,0.12473915399560646
510,56,C,2,2,0.760531947016716,0.11861375721520684
510,56,C,2,3,0.3000479325652122,0.08364310015001598
510,56,C,2,4,0.2455924168229103,0.1171156527638472
510,56,C,2,5,0.6265722215175629,0.07894099713924518
510,56,C,2,6,0.41963253170251846,0.1801746356329495
510,56,C,2,7,0.41709661930799485,0.17805606615988867
510,56,C,2,8,0.5863385953009128,0.18193091736350472
510,56,C,2,9,0.5885907232761383,0.17624400445909444
510,56,C,2,10,0.0,0.0
510,56,C,2,11,0.0,0.0
510,56,C,2,12,0.0,0.0
510,56,C,2,13,0.0,0.0
510,56,C,2,14,0.41529798954725267,0.1777905551603188
510,56,C,2,15,0.2425733372569084,0.11798287677830863
510,56,C,2,16,0.0,0.0
510,56,C,2,17,0.0,0.0
510,56,C,2,18,0.590183587372303,0.1788683101026804
510,56,C,2,19,0.4120468832552433,0.17948777526820825
510,56,C,2,20,0.4139035254716873,0.1773895529615799
510,56,C,2,21,0.24200047105550765,0.11796670871306507
510,56,C,2,22,0.5880400985479355,0.17655468893842946
510,56,C,2,23,0.4174685522913933,0.18181171838633728
510,56,C,2,24,0.4162993237376213,0.18063648923406025
510,56,C,2,25,0.5895413666963577,0.17792819070024551
510,56,C,2,26,0.4183590844273567,0.18005423313919613
510,56,C,2,27,0.4161006763577461,0.18004510758472658
510,56,C,2,28,0.5890603244304657,0.17626380554422272
510,56,C,2,29,0.41734700798988345,0.17622412437225302
510,56,C,2,30,0.931149673461914,7.03617430133363e-07
510,56,C,2,31,0.5877501904964447,0.17683333859454903
510,56,C,2,32,0.5834609165787696,0.18236594649435403
510,56,C,2,33,0.24158529490232467,0.11967877206973423
510,56,C,2,34,0.5852296128869057,0.17754698822918394
510,56,C,2,35,0.5867803618311882,0.1777438569479557
510,56,C,2,36,0.40926375836133955,0.1792068106414066
510,56,C,2,37,0.5856280624866486,0.1764994121679976
510,56,C,3,0,0.0,0.0
510,56,C,3,1,0.0,0.0
510,56,C,3,2,0.4278912052512169,0.17741903231845996
510,56,C,3,3,0.12890610694885254,0.0017229683041877087
510,56,C,3,4,0.8790465831756592,0.001247612876351809
510,56,C,3,5,0.15347787290811538,0.0033883454688241076
510,56,C,3,6,0.09334098845720291,0.0002742377933369644
510,56,C,3,7,0.1481339678168297,0.0008641371581970337
510,56,C,3,8,0.4110187917947769,0.17783540527681033
510,56,C,3,9,0.09272366464138031,0.00015029540742021117
510,56,C,3,10,0.0,0.0
510,56,C,3,11,0.0,0.0
510,56,C,3,12,0.0,0.0
510,56,C,3,13,0.0,0.0
510,56,C,3,14,0.8756021142005921,0.0016100181708145554
510,56,C,3,15,0.8779049038887023,0.0010286805424163958
510,56,C,3,16,0.4042982205748558,0.17458384072194247
510,56,C,3,17,0.5770514592528343,0.1804697832962912
510,56,C,3,18,0.0,0.0
510,56,C,3,19,0.0,0.0
510,56,C,3,20,0.583469656854868,0.18215535595842394
510,56,C,3,21,0.5848864108324051,0.1772642173447338
510,56,C,3,22,0.5868795193731785,0.18094275502552398
510,56,C,3,23,0.5824959799647331,0.17615765172226078
510,56,C,3,24,0.0,0.0
510,56,C,3,25,0.0,0.0
510,56,C,3,26,0.0,0.0
510,56,C,3,27,0.0,0.0
510,56,C,3,28,0.8754398941993713,0.0029770308227162444
510,56,C,3,29,0.8878324627876282,0.0005747088529361122
510,56,C,3,30,0.5870578765869141,0.17388774575813445
510,56,C,3,31,0.4174402430653572,0.1776748744013406
510,56,C,3,32,0.5900118321180343,0.17983796036706753
510,56,C,3,33,0.24378865212202072,0.11832728326466609
510,56,C,3,34,0.0,0.0
510,56,C,3,35,0.0,0.0
510,56,C,3,36,0.7391461089253426,0.11895398198755958
510,56,C,3,37,0.7363592468202114,0.11695888873382358
510,56,C,4,0,0.0,0.0
510,56,C,4,1,0.0,0.0
510,56,C,4,2,0.1637745290994644,0.003719274039071117
510,56,C,4,3,0.41499852761626244,0.1794272330320685
510,56,C,4,4,0.2622258119285107,0.09622379511163423
510,56,C,4,5,0.5887193322181702,0.177169787993523
510,56,C,4,6,0.1902358651161194,0.003958973789819123
510,56,C,4,7,0.41889543235301974,0.1735223360385697
510,56,C,4,8,0.26094870865345,0.11493972828044596
510,56,C,4,9,0.3120015412569046,0.015146079161617542
510,56,C,4,10,0.0,0.0
510,56,C,4,11,0.0,0.0
510,56,C,4,12,0.0,0.0
510,56,C,4,13,0.0,0.0
510,56,C,4,14,0.7574948087334633,0.1188184793579028
510,56,C,4,15,0.23685504496097565,0.12035284470337326
510,56,C,4,16,0.7670690417289734,0.006642907269548459
510,56,C,4,17,0.7760458588600159,0.007988476004230449
510,56,C,4,18,0.5824897602200508,0.1772009512806049
510,56,C,4,19,0.5839393138885498,0.1795476662112206
510,56,C,4,20,0.0,0.0
510,56,C,4,21,0.0,0.0
510,56,C,4,22,0.0,0.0
510,56,C,4,23,0.0,0.0
510,56,C,4,24,0.0,0.0
510,56,C,4,25,0.0,0.0
510,56,C,4,26,0.0,0.0
510,56,C,4,27,0.0,0.0
510,56,C,4,28,0.4209603130817413,0.18161288263748276
510,56,C,4,29,0.41498392075300217,0.17621862991163467
510,56,C,4,30,0.8214170455932617,0.004534204838461732
510,56,C,4,31,0.8147343873977662,0.009744937500581443
510,56,C,4,32,0.2382323145866394,0.11368417584454216
510,56,C,4,33,0.412712936103344,0.17282570347904522
510,56,C,4,34,0.0,0.0
510,56,C,4,35,0.0,0.0
510,56,C,4,36,0.06970436424016953,3.8455480475776404e-05
510,56,C,4,37,0.5894550144672394,0.18031264071023764
510,56,C,5,0,0.0,0.0
510,56,C,5,1,0.0,0.0
510,56,C,5,2,0.8518905162811279,0.0013692094525799804
510,56,C,5,3,0.1449330270290375,0.000264480700598515
510,56,C,5,4,0.4314968854188919,0.17522158023664985
510,56,C,5,5,0.16106617748737334,0.001347760946948764
510,56,C,5,6,0.26227025389671327,0.11272576460112034
510,56,C,5,7,0.7506843484938145,0.12207910415753143
510,56,C,5,8,0.1672242596745491,0.0018388994939926386
510,56,C,5,9,0.09657491743564606,4.676623672192903e-05
510,56,C,5,10,0.0,0.0
510,56,C,5,11,0.0,0.0
510,56,C,5,12,0.0,0.0
510,56,C,5,13,0.0,0.0
510,56,C,5,14,0.0,0.0
510,56,C,5,15,0.0,0.0
510,56,C,5,16,0.7434779040515422,0.11798853894350536
510,56,C,5,17,0.23518491685390472,0.11779528688491618
510,56,C,5,18,0.8595564007759094,0.0006518056883544432
510,56,C,5,19,0.8687904357910157,0.00013748493291302567
510,56,C,5,20,0.7572588860988617,0.11818850741267836
510,56,C,5,21,0.7587593019008636,0.1194568825417454
510,56,C,5,22,0.7548848763108253,0.11957334256452157
510,56,C,5,23,0.7614438757300377,0.11996675074280021
510,56,C,5,24,0.0,0.0
510,56,C,5,25,0.0,0.0
510,56,C,5,26,0.0,0.0
510,56,C,5,27,0.0,0.0
510,56,C,5,28,0.24351982176303863,0.1206202203275446
510,56,C,5,29,0.7622241422533989,0.12083790259096779
510,56,C,5,30,0.7649651318788528,0.1183927359544457
510,56,C,5,31,0.4182895660400391,0.17722797422286124
510,56,C,5,32,0.8679506301879882,0.002999631983461484
510,56,C,5,33,0.8733964800834656,0.002517841676105945
510,56,C,5,34,0.0,0.0
510,56,C,5,35,0.0,0.0
510,56,C,5,36,0.5601645030081273,0.17212650331241647
510,56,C,5,37,0.7418133780360222,0.12092850327738365
510,56,H,0,0,0.759715986251831,0.11812831288912577
510,56,H,0,1,0.7628115326166153,0.1201203357711584
510,56,H,0,2,0.0,0.0
510,56,H,0,3,0.0,0.0
510,56,H,0,4,0.0,0.0
510,56,H,0,5,0.0,0.0
510,56,H,0,6,0.0,0.0
510,56,H,0,7,0.0,0.0
510,56,H,0,8,0.0,0.0
510,56,H,0,9,0.0,0.0
510,56,H,0,10,0.0,0.0
510,56,H,0,11,0.0,0.0
510,56,H,0,12,0.7648815110325813,0.11990235703903655
510,56,H,0,13,0.7592618256807327,0.1180074355409253
510,56,H,0,14,0.0,0.0
510,56,H,0,15,0.0,0.0
510,56,H,0,16,0.0,0.0
510,56,H,0,17,0.0,0.0
510,56,H,0,18,0.0,0.0
510,56,H,0,19,0.0,0.0
510,56,H,0,20,0.0,0.0
510,56,H,0,21,0.5865249365568161,0.17906274514964712
510,56,H,0,22,0.9362069249153138,3.3616776931069126e-05
510,56,H,0,23,0.0,0.0
510,56,H,0,24,0.587786115705967,0.1772794863863409
510,56,H,0,25,0.24340327680110932,0.11782697058125464
510,56,H,0,26,0.7625631928443909,0.12180307497192984
510,56,H,0,27,0.7582592755556107,0.11738723349036415
510,56,H,0,28,0.0,0.0
510,56,H,0,29,0.0,0.0
510,56,H,0,30,0.0,0.0
510,56,H,0,31,0.0,0.0
510,56,H,0,32,0.0,0.0
510,56,H,0,33,0.0,0.0
510,56,H,0,34,0.41479590982198716,0.17792750848415645
510,56,H,0,35,0.06684137359261513,5.362917100985909e-05
510,56,H,0,36,0.0,0.0
510,56,H,0,37,0.0,0.0
510,56,H,1,0,0.4180502101778984,0.18155516772726968
510,56,H,1,1,0.41557639464735985,0.18197167187114177
510,56,H,1,2,0.0,0.0
510,56,H,1,3,0.0,0.0
510,56,H,1,4,0.0,0.0
510,56,H,1,5,0.0,0.0
510,56,H,1,6,0.0,0.0
510,56,H,1,7,0.0,0.0
510,56,H,1,8,0.0,0.0
510,56,H,1,9,0.0,0.0
510,56,H,1,10,0.0,0.0
510,56,H,1,11,0.0,0.0
510,56,H,1,12,0.585075781494379,0.1802511834898854
510,56,H,1,13,0.5853573828935623,0.17700655762376344
510,56,H,1,14,0.0,0.0
510,56,H,1,15,0.0,0.0
510,56,H,1,16,0.0,0.0
510,56,H,1,17,0.0,0.0
510,56,H,1,18,0.0,0.0
510,56,H,1,19,0.0,0.0
510,56,H,1,20,0.0,0.0
510,56,H,1,21,0.24366784393787383,0.11746151809610797
510,56,H,1,22,0.2433472231030464,0.11743014419056123
510,56,H,1,23,0.0,0.0
510,56,H,1,24,0.4154980883002281,0.17621352007402263
510,56,H,1,25,0.4145115949213505,0.17978426034689016
510,56,H,1,26,0.5889424733817578,0.1813441213401502
510,56,H,1,27,0.7578884914517403,0.1175610701343353
510,56,H,1,28,0.0,0.0
510,56,H,1,29,0.0,0.0
510,56,H,1,30,0.0,0.0
510,56,H,1,31,0.0,0.0
510,56,H,1,32,0.0,0.0
510,56,H,1,33,0.0,0.0
510,56,H,1,34,0.5854595758020877,0.18131295496639735
510,56,H,1,35,0.5850148379802704,0.18298410755792632
510,56,H,1,36,0.0,0.0
510,56,H,1,37,0.0,0.0
510,56,H,2,0,0.5877607688307762,0.17799481020504343
510,56,H,2,1,0.41544919461011887,0.17653777331394277
510,56,H,2,2,0.0,0.0
510,56,H,2,3,0.0,0.0
510,56,H,2,4,0.0,0.0
510,56,H,2,5,0.0,0.0
510,56,H,2,6,0.0,0.0
510,56,H,2,7,0.0,0.0
510,56,H,2,8,0.0,0.0
510,56,H,2,9,0.0,0.0
510,56,H,2,10,0.762469707429409,0.11923898957396037
510,56,H,2,11,0.5873805433511734,0.17691147584999173
510,56,H,2,12,0.0,0.0
510,56,H,2,13,0.0,0.0
510,56,H,2,14,0.0,0.0
510,56,H,2,15,0.0,0.0
510,56,H,2,16,0.0,0.0
510,56,H,2,17,0.0,0.0
510,56,H,2,18,0.0,0.0
510,56,H,2,19,0.0,0.0
510,56,H,2,20,0.4131800398230553,0.1798390810319863
510,56,H,2,21,0.0,0.0
510,56,H,2,22,0.0,0.0
510,56,H,2,23,0.7592752486467361,0.11848600885371527
510,56,H,2,24,0.761351278424263,0.11871272769760458
510,56,H,2,25,0.41297302693128585,0.17820868811926432
510,56,H,2,26,0.7613675266504287,0.12057733178300938
510,56,H,2,27,0.23964917585253714,0.11900301309623876
510,56,H,2,28,0.0,0.0
510,56,H,2,29,0.0,0.0
510,56,H,2,30,0.0,0.0
510,56,H,2,31,0.0,0.0
510,56,H,2,32,0.0,0.0
510,56,H,2,33,0.0,0.0
510,56,H,2,34,0.06995195150375366,5.8191200867918624e-06
510,56,H,2,35,0.5841538034379482,0.1793679073826513
510,56,H,2,36,0.0,0.0
510,56,H,2,37,0.0,0.0
510,56,H,3,0,0.5865243799984455,0.17997346157218524
510,56,H,3,1,0.5904970228672027,0.179688186138725
510,56,H,3,2,0.0,0.0
510,56,H,3,3,0.0,0.0
510,56,H,3,4,0.0,0.0
510,56,H,3,5,0.0,0.0
510,56,H,3,6,0.0,0.0
510,56,H,3,7,0.0,0.0
510,56,H,3,8,0.0,0.0
510,56,H,3,9,0.0,0.0
510,56,H,3,10,0.5858154103159905,0.17699482069021674
510,56,H,3,11,0.41330869495868683,0.17754176988361953
510,56,H,3,12,0.0,0.0
510,56,H,3,13,0.0,0.0
510,56,H,3,14,0.0,0.0
510,56,H,3,15,0.0,0.0
510,56,H,3,16,0.0,0.0
510,56,H,3,17,0.0,0.0
510,56,H,3,18,0.0,0.0
510,56,H,3,19,0.0,0.0
510,56,H,3,20,0.5866129666566848,0.1784060277100663
510,56,H,3,21,0.0,0.0
510,56,H,3,22,0.0,0.0
510,56,H,3,23,0.7610451221466065,0.11875874002913574
510,56,H,3,24,0.4152201011776924,0.17620976599506596
510,56,H,3,25,0.41956486403942106,0.18608444565837678
510,56,H,3,26,0.5847127512097359,0.17798064185325488
510,56,H,3,27,0.2434916004538536,0.11772930463794132
510,56,H,3,28,0.0,0.0
510,56,H,3,29,0.0,0.0
510,56,H,3,30,0.0,0.0
510,56,H,3,31,0.0,0.0
510,56,H,3,32,0.0,0.0
510,56,H,3,33,0.0,0.0
510,56,H,3,34,0.0685824178159237,3.112101903370634e-05
510,56,H,3,35,0.5860186576843261,0.17633697759050032
510,56,H,3,36,0.0,0.0
510,56,H,3,37,0.0,0.0
510,56,H,4,0,0.0,0.0
510,56,H,4,1,0.0,0.0
510,56,H,4,2,0.0,0.0
510,56,H,4,3,0.4157999478280544,0.1824406687164725
510,56,H,4,4,0.5843704655766487,0.18144030417416826
510,56,H,4,5,0.5895810097455978,0.17867597647087483
510,56,H,4,6,0.23960399478673935,0.1200992357086547
510,56,H,4,7,0.5899384528398514,0.17828268027554578
510,56,H,4,8,0.0,0.0
510,56,H,4,9,0.4180225357413292,0.17981279568803116
510,56,H,4,10,0.0,0.0
510,56,H,4,11,0.0,0.0
510,56,H,4,12,0.0,0.0
510,56,H,4,13,0.0,0.0
510,56,H,4,14,0.2423635244369507,0.11773975547568205
510,56,H,4,15,0.7598085999488831,0.11887564563075301
510,56,H,4,16,0.0,0.0
510,56,H,4,17,0.0,0.0
510,56,H,4,18,0.0,0.0
510,56,H,4,19,0.0,0.0
510,56,H,4,20,0.0,0.0
510,56,H,4,21,0.0,0.0
510,56,H,4,22,0.0,0.0
510,56,H,4,23,0.0,0.0
510,56,H,4,24,0.0,0.0
510,56,H,4,25,0.0,0.0
510,56,H,4,26,0.0,0.0
510,56,H,4,27,0.0,0.0
510,56,H,4,28,0.41458718478679657,0.17722836970925263
510,56,H,4,29,0.243759123980999,0.11768812848388772
510,56,H,4,30,0.24186428487300873,0.12134979622079851
510,56,H,4,31,0.4162120819091797,0.17757946115515927
510,56,H,4,32,0.0,0.0
510,56,H,4,33,0.0,0.0
510,56,H,4,34,0.0,0.0
510,56,H,4,35,0.0,0.0
510,56,H,4,36,0.4148590698838234,0.1792495479716958
510,56,H,4,37,0.41327004581689836,0.18327835457101
510,56,H,5,0,0.0,0.0
510,56,H,5,1,0.0,0.0
510,56,H,5,2,0.0,0.0
510,56,H,5,3,0.5911777257919312,0.17883084620126816
510,56,H,5,4,0.06732259914278985,5.9880914465624267e-05
510,56,H,5,5,0.4127926826477051,0.1782092388971183
510,56,H,5,6,0.24765890687704087,0.12473695284505268
510,56,H,5,7,0.7610839553177356,0.12473795592965545
510,56,H,5,8,0.0,0.0
510,56,H,5,9,0.5887637063860893,0.17713683750969822
510,56,H,5,10,0.0,0.0
510,56,H,5,11,0.0,0.0
510,56,H,5,12,0.0,0.0
510,56,H,5,13,0.0,0.0
510,56,H,5,14,0.7544686749577523,0.12349463055763213
510,56,H,5,15,0.5890643917024135,0.18395884476651267
510,56,H,5,16,0.0,0.0
510,56,H,5,17,0.0,0.0
510,56,H,5,18,0.0,0.0
510,56,H,5,19,0.0,0.0
510,56,H,5,20,0.0,0.0
510,56,H,5,21,0.0,0.0
510,56,H,5,22,0.0,0.0
510,56,H,5,23,0.0,0.0
510,56,H,5,24,0.0,0.0
510,56,H,5,25,0.0,0.0
510,56,H,5,26,0.0,0.0
510,56,H,5,27,0.0,0.0
510,56,H,5,28,0.5892904691398144,0.18503634757228793
510,56,H,5,29,0.24146079570055007,0.1182164898313666
510,56,H,5,30,0.24472733289003373,0.11822666646218027
510,56,H,5,31,0.7588556587696076,0.11761569605365865
510,56,H,5,32,0.0,0.0
510,56,H,5,33,0.0,0.0
510,56,H,5,34,0.0,0.0
510,56,H,5,35,0.0,0.0
510,56,H,5,36,0.41438340693712233,0.1769062387010286
510,56,H,5,37,0.24292627051472665,0.12029057274073987
510,56,H,6,0,0.0,0.0
510,56,H,6,1,0.0,0.0
510,56,H,6,2,0.5882818639278412,0.17842138600439345
510,56,H,6,3,0.0,0.0
510,56,H,6,4,0.41704568862915037,0.17732628696715835
510,56,H,6,5,0.0,0.0
510,56,H,6,6,0.5820183843374253,0.18133118629463155
510,56,H,6,7,0.5885029822587967,0.17841094501248517
510,56,H,6,8,0.4131425492465496,0.1780758410229216
510,56,H,6,9,0.2434603363275528,0.11897119129632372
510,56,H,6,10,0.0,0.0
510,56,H,6,11,0.0,0.0
510,56,H,6,12,0.0,0.0
510,56,H,6,13,0.0,0.0
510,56,H,6,14,0.0,0.0
510,56,H,6,15,0.0,0.0
510,56,H,6,16,0.24188768714666367,0.11784018692102789
510,56,H,6,17,0.5883515566587448,0.17761753410516673
510,56,H,6,18,0.0,0.0
510,56,H,6,19,0.0,0.0
510,56,H,6,20,0.0,0.0
510,56,H,6,21,0.0,0.0
510,56,H,6,22,0.0,0.0
510,56,H,6,23,0.0,0.0
510,56,H,6,24,0.0,0.0
510,56,H,6,25,0.0,0.0
510,56,H,6,26,0.0,0.0
510,56,H,6,27,0.0,0.0
510,56,H,6,28,0.24374428987503052,0.11767480343506269
510,56,H,6,29,0.5799731500446796,0.1837177124170396
510,56,H,6,30,0.5928061306476593,0.1813106399483911
510,56,H,6,31,0.2424809992313385,0.11800990356626721
510,56,H,6,32,0.4201854199171066,0.18125079546013306
510,56,H,6,33,0.24334485828876495,0.11942297357325753
510,56,H,6,34,0.0,0.0
510,56,H,6,35,0.0,0.0
510,56,H,6,36,0.0,0.0
510,56,H,6,37,0.0,0.0
510,56,H,7,0,0.0,0.0
510,56,H,7,1,0.0,0.0
510,56,H,7,2,0.4186460956931114,0.18292816644891857
510,56,H,7,3,0.0,0.0
510,56,H,7,4,0.4171734154224396,0.17732670449238205
510,56,H,7,5,0.0,0.0
510,56,H,7,6,0.24308227449655534,0.1194553647695564
510,56,H,7,7,0.7603784129023552,0.12226760769625877
510,56,H,7,8,0.068795545399189,1.8660169524640224e-05
510,56,H,7,9,0.9320348739624024,3.5716117986339665e-06
510,56,H,7,10,0.0,0.0
510,56,H,7,11,0.0,0.0
510,56,H,7,12,0.0,0.0
510,56,H,7,13,0.0,0.0
510,56,H,7,14,0.0,0.0
510,56,H,7,15,0.0,0.0
510,56,H,7,16,0.24265021085739136,0.11766161791271998
510,56,H,7,17,0.5862116158008576,0.17914643629067734
510,56,H,7,18,0.0,0.0
510,56,H,7,19,0.0,0.0
510,56,H,7,20,0.0,0.0
510,56,H,7,21,0.0,0.0
510,56,H,7,22,0.0,0.0
510,56,H,7,23,0.0,0.0
510,56,H,7,24,0.0,0.0
510,56,H,7,25,0.0,0.0
510,56,H,7,26,0.0,0.0
510,56,H,7,27,0.0,0.0
510,56,H,7,28,0.24125601649284362,0.11851957597965057
510,56,H,7,29,0.7565398141741753,0.12199169629699824
510,56,H,7,30,0.584992241859436,0.18166361849125665
510,56,H,7,31,0.2429111495614052,0.11791684128762484
510,56,H,7,32,0.4117905214428902,0.1787715008083231
510,56,H,7,33,0.5879676550626755,0.1766446280758309
510,56,H,7,34,0.0,0.0
510,56,H,7,35,0.0,0.0
510,56,H,7,36,0.0,0.0
510,56,H,7,37,0.0,0.0
510,56,H,8,0,0.0,0.0
510,56,H,8,1,0.0,0.0
510,56,H,8,2,0.24595919698476792,0.1194675100977276
510,56,H,8,3,0.7612021252512932,0.11821599201247342
510,56,H,8,4,0.0,0.0
510,56,H,8,5,0.40761110112071036,0.18172963925891156
510,56,H,8,6,0.5878091484308243,0.17881722828743993
510,56,H,8,7,0.0,0.0
510,56,H,8,8,0.24618320763111115,0.12481984865998534
510,56,H,8,9,0.41904217600822447,0.1795153181450797
510,56,H,8,10,0.0,0.0
510,56,H,8,11,0.0,0.0
510,56,H,8,12,0.0,0.0
510,56,H,8,13,0.0,0.0
510,56,H,8,14,0.0,0.0
510,56,H,8,15,0.0,0.0
510,56,H,8,16,0.0,0.0
510,56,H,8,17,0.0,0.0
510,56,H,8,18,0.415239417552948,0.17858643568908572
510,56,H,8,19,0.5870992511510849,0.17662984965662626
510,56,H,8,20,0.0,0.0
510,56,H,8,21,0.0,0.0
510,56,H,8,22,0.0,0.0
510,56,H,8,23,0.0,0.0
510,56,H,8,24,0.0,0.0
510,56,H,8,25,0.0,0.0
510,56,H,8,26,0.0,0.0
510,56,H,8,27,0.0,0.0
510,56,H,8,28,0.0,0.0
510,56,H,8,29,0.0,0.0
510,56,H,8,30,0.2393425554037094,0.11899532711335199
510,56,H,8,31,0.9338905215263367,2.245595449750226e-05
510,56,H,8,32,0.5857921227812767,0.177182090372874
510,56,H,8,33,0.41765914112329483,0.178711934517135
510,56,H,8,34,0.0,0.0
510,56,H,8,35,0.0,0.0
510,56,H,8,36,0.5884176880121231,0.17804456694853218
510,56,H,8,37,0.5813818655908107,0.1828811171506647
510,56,H,9,0,0.0,0.0
510,56,H,9,1,0.0,0.0
510,56,H,9,2,0.41478440463542937,0.1781442340804513
510,56,H,9,3,0.5860726922750473,0.17849135833527446
510,56,H,9,4,0.0,0.0
510,56,H,9,5,0.24269961565732956,0.1182571559153617
510,56,H,9,6,0.41678263023495676,0.18083501128454277
510,56,H,9,7,0.0,0.0
510,56,H,9,8,0.5869092546403408,0.18041521286543766
510,56,H,9,9,0.7619871720671654,0.11905957576368795
510,56,H,9,10,0.0,0.0
510,56,H,9,11,0.0,0.0
510,56,H,9,12,0.0,0.0
510,56,H,9,13,0.0,0.0
510,56,H,9,14,0.0,0.0
510,56,H,9,15,0.0,0.0
510,56,H,9,16,0.0,0.0
510,56,H,9,17,0.0,0.0
510,56,H,9,18,0.41418545246124266,0.17760640591393093
510,56,H,9,19,0.7603767588734627,0.1183508114570598
510,56,H,9,20,0.0,0.0
510,56,H,9,21,0.0,0.0
510,56,H,9,22,0.0,0.0
510,56,H,9,23,0.0,0.0
510,56,H,9,24,0.0,0.0
510,56,H,9,25,0.0,0.0
510,56,H,9,26,0.0,0.0
510,56,H,9,27,0.0,0.0
510,56,H,9,28,0.0,0.0
510,56,H,9,29,0.0,0.0
510,56,H,9,30,0.4159026175737381,0.18052306190723968
510,56,H,9,31,0.5879671514034271,0.17712140741565008
510,56,H,9,32,0.5903032928705215,0.18001116097319209
510,56,H,9,33,0.5867302402853966,0.1774219356052581
510,56,H,9,34,0.0,0.0
510,56,H,9,35,0.0,0.0
510,56,H,9,36,0.5868887737393379,0.17731266038327176
510,56,H,9,37,0.5866514533758164,0.17667644307711872
520,57,C,0,0,0.4313891664147377,0.17401565940264402
520,57,C,0,1,0.34659711420536043,0.03295224953501595
520,57,C,0,2,0.2518721163272858,0.11748741564433282
520,57,C,0,3,0.22553263008594512,0.006511064689481092
520,57,C,0,4,0.585883142054081,0.17949382002924424
520,57,C,0,5,0.2638149932026863,0.11323884974157097
520,57,C,0,6,0.0,0.0
520,57,C,0,7,0.5917408913373947,0.17952622782573208
520,57,C,0,8,0.10030820369720458,0.00034136020536249315
520,57,C,0,9,0.7595759242773056,0.1180187604725631
520,57,C,0,10,0.7559125423431396,0.0059383224678938975
520,57,C,0,11,0.7531176924705505,0.005695155055608438
520,57,C,0,12,0.24084416627883912,0.11822695732075557
520,57,C,0,13,0.41418301612138747,0.17660597647248233
520,57,C,0,14,0.0,0.0
520,57,C,0,15,0.0,0.0
520,57,C,0,16,0.0,0.0
520,57,C,0,17,0.0,0.0
520,57,C,0,18,0.0,0.0
520,57,C,0,19,0.0,0.0
520,57,C,0,20,0.23661322817206382,0.11929965868039313
520,57,C,0,21,0.41829282119870187,0.18562550506615572
520,57,C,0,22,0.0,0.0
520,57,C,0,23,0.0,0.0
520,57,C,0,24,0.6667267322540283,0.003817637430125273
520,57,C,0,25,0.6861965656280518,0.03795850086376902
520,57,C,0,26,0.08301632404327393,9.752646041549794e-07
520,57,C,0,27,0.09190517365932464,0.00010613058463989855
520,57,C,0,28,0.07006844133138657,3.21827967772137e-05
520,57,C,0,29,0.41810047924518584,0.17598875694982435
520,57,C,0,30,0.0,0.0
520,57,C,0,31,0.0,0.0
520,57,C,0,32,0.07484136968851089,1.582589158800829e-05
520,57,C,0,33,0.2437521956861019,0.11861237911087416
520,57,C,0,34,0.2420603334903717,0.12016437447489534
520,57,C,0,35,0.2515687197446823,0.12011026708228392
520,57,C,0,36,0.0,0.0
520,57,C,0,37,0.7598235666751861,0.11828606482681336
520,57,C,1,0,0.24155324697494507,0.015000281604321142
520,57,C,1,1,0.25359762012958526,0.11680676234527816
520,57,C,1,2,0.4179328605532646,0.17872637277377446
520,57,C,1,3,0.2459523618221283,0.11916184731741335
520,57,C,1,4,0.42330811470746993,0.18007707350641966
520,57,C,1,5,0.44356108605861666,0.12561372283478567
520,57,C,1,6,0.5887209296226501,0.1762572522545686
520,57,C,1,7,0.2571120709180832,0.1183888156942218
520,57,C,1,8,0.24338470697402953,0.1182206092438357
520,57,C,1,9,0.0,0.0
520,57,C,1,10,0.7624671518802643,0.11915857231749968
520,57,C,1,11,0.23900023698806763,0.11973339513498034
520,57,C,1,12,0.7504279732704162,0.05892065416565999
520,57,C,1,13,0.8582976460456848,0.001168156723171876
520,57,C,1,14,0.4134525999426842,0.17791591018420463
520,57,C,1,15,0.24383884370326997,0.12045953325840794
520,57,C,1,16,0.0,0.0
520,57,C,1,17,0.0,0.0
520,57,C,1,18,0.0,0.0
520,57,C,1,19,0.0,0.0
520,57,C,1,20,0.0,0.0
520,57,C,1,21,0.0,0.0
520,57,C,1,22,0.0,0.0
520,57,C,1,23,0.0,0.0
520,57,C,1,24,0.26698928475379946,0.11570524208248308
520,57,C,1,25,0.42324820160865784,0.17923505891227137
520,57,C,1,26,0.6466237962245941,0.03401172687548041
520,57,C,1,27,0.6454815924167633,0.03800726927594568
520,57,C,1,28,0.23814091682434083,0.09946004297954109
520,57,C,1,29,0.2521222934126854,0.11947158627021111
520,57,C,1,30,0.24770016968250275,0.11987818897026623
520,57,C,1,31,0.5891639113426208,0.17643224348561862
520,57,C,1,32,0.0,0.0
520,57,C,1,33,0.0,0.0
520,57,C,1,34,0.41029704436659814,0.1809091390830597
520,57,C,1,35,0.07384876310825347,6.688665316976206e-06
520,57,C,1,36,0.4109634324908257,0.18010542501179583
520,57,C,1,37,0.0,0.0
520,57,C,2,0,0.4322329223155975,0.17395468870456435
520,57,C,2,1,0.5870908364653588,0.1776150875501979
520,57,C,2,2,0.0,0.0
520,57,C,2,3,0.760938347876072,0.11871797878897308
520,57,C,2,4,0.25879678428173064,0.008301706032565939
520,57,C,2,5,0.09992823451757431,6.67117356934277e-05
520,57,C,2,6,0.12585365921258926,0.00018988090867360974
520,57,C,2,7,0.36357066929340365,0.07048085308989989
520,57,C,2,8,0.0,0.0
520,57,C,2,9,0.0,0.0
520,57,C,2,10,0.0,0.0
520,57,C,2,11,0.0,0.0
520,57,C,2,12,0.7570069119334221,0.12150779093255684
520,57,C,2,13,0.41445733308792115,0.18188051442348435
520,57,C,2,14,0.7006698846817017,0.025247532058402557
520,57,C,2,15,0.7240071773529053,0.0071095580105185255
520,57,C,2,16,0.5869491502642632,0.17736956436856194
520,57,C,2,17,0.5856965035200119,0.17756905150253974
520,57,C,2,18,0.0,0.0
520,57,C,2,19,0.0,0.0
520,57,C,2,20,0.0,0.0
520,57,C,2,21,0.0,0.0
520,57,C,2,22,0.7575376242399215,0.11845756476691738
520,57,C,2,23,0.41666907221078875,0.17959615740638743
520,57,C,2,24,0.247396981716156,0.11815995149012201
520,57,C,2,25,0.41588195264339445,0.1776919788767212
520,57,C,2,26,0.08223591893911361,1.4651731922552538e-05
520,57,C,2,27,0.08993109464645385,5.1778834000146834e-05
520,57,C,2,28,0.7285254120826721,0.008319400033686577
520,57,C,2,29,0.7655992150306702,0.016079802372579766
520,57,C,2,30,0.24976274520158767,0.11334640523541784
520,57,C,2,31,0.09299484938383103,8.879017811548538e-05
520,57,C,2,32,0.0,0.0
520,57,C,2,33,0.0,0.0
520,57,C,2,34,0.0,0.0
520,57,C,2,35,0.0,0.0
520,57,C,2,36,0.7495062962174416,0.12042040530038974
520,57,C,2,37,0.0,0.0
520,57,C,3,0,0.24318909347057344,0.11779800618296805
520,57,C,3,1,0.0,0.0
520,57,C,3,2,0.0,0.0
520,57,C,3,3,0.0,0.0
520,57,C,3,4,0.758690957725048,0.11748848708571744
520,57,C,3,5,0.5866290301084518,0.17717123673242363
520,57,C,3,6,0.07321812957525253,3.841807799735975e-05
520,57,C,3,7,0.41083569526672364,0.1798864517088389
520,57,C,3,8,0.0,0.0
520,57,C,3,9,0.41497253328561784,0.18175924611686828
520,57,C,3,10,0.0,0.0
520,57,C,3,11,0.0,0.0
520,57,C,3,12,0.0,0.0
520,57,C,3,13,0.0,0.0
520,57,C,3,14,0.5863779947161675,0.17773726087189887
520,57,C,3,15,0.41198611781001093,0.17916134332462944
520,57,C,3,16,0.24331506192684174,0.11754952633450129
520,57,C,3,17,0.5879824757575989,0.17936720275707732
520,57,C,3,18,0.0,0.0
520,57,C,3,19,0.0,0.0
520,57,C,3,20,0.0,0.0
520,57,C,3,21,0.0,0.0
520,57,C,3,22,0.5884400010108948,0.1777134553699491
520,57,C,3,23,0.4130238965153694,0.17762966851482614
520,57,C,3,24,0.0,0.0
520,57,C,3,25,0.0,0.0
520,57,C,3,26,0.58799007833004,0.18197670948056824
520,57,C,3,27,0.5863268911838532,0.18142494675105372
520,57,C,3,28,0.5876775130629539,0.17939960128467564
520,57,C,3,29,0.760319884121418,0.11891686654450426
520,57,C,3,30,0.760048297047615,0.11826163932747638
520,57,C,3,31,0.5860852241516114,0.17702865835365517
520,57,C,3,32,0.759607182443142,0.11817196078075638
520,57,C,3,33,0.4160123750567436,0.17640628596856395
520,57,C,3,34,0.0,0.0
520,57,C,3,35,0.0,0.0
520,57,C,3,36,0.7589218705892563,0.1187206816726714
520,57,C,3,37,0.2427363008260727,0.11952692890428948
520,57,C,4,0,0.0,0.0
520,57,C,4,1,0.7595620781183243,0.11781849380411133
520,57,C,4,2,0.4152257636189461,0.17646570571514936
520,57,C,4,3,0.24456392079591752,0.119399858262438
520,57,C,4,4,0.0,0.0
520,57,C,4,5,0.0,0.0
520,57,C,4,6,0.4159446656703949,0.17608639971489243
520,57,C,4,7,0.0,0.0
520,57,C,4,8,0.5856783658266067,0.17614040316989396
520,57,C,4,9,0.7056547254323959,0.09505358624897706
520,57,C,4,10,0.0,0.0
520,57,C,4,11,0.0,0.0
520,57,C,4,12,0.0,0.0
520,57,C,4,13,0.0,0.0
520,57,C,4,14,0.0,0.0
520,57,C,4,15,0.0,0.0
520,57,C,4,16,0.0,0.0
520,57,C,4,17,0.0,0.0
520,57,C,4,18,0.2416539043188095,0.11812173945501496
520,57,C,4,19,0.24703721404075624,0.12267067546629892
520,57,C,4,20,0.5893621996045113,0.17812450893419313
520,57,C,4,21,0.24589649736881256,0.11994747413149827
520,57,C,4,22,0.7591903164982796,0.11792090676788076
520,57,C,4,23,0.5860137313604354,0.1767901773985859
520,57,C,4,24,0.4127225764095783,0.18437957532725383
520,57,C,4,25,0.41480952352285383,0.17731164208008507
520,57,C,4,26,0.0,0.0
520,57,C,4,27,0.0,0.0
520,57,C,4,28,0.0,0.0
520,57,C,4,29,0.0,0.0
520,57,C,4,30,0.7634995058178902,0.1188900720547473
520,57,C,4,31,0.24442845731973648,0.117527102963439
520,57,C,4,32,0.08618794828653335,0.0001736570233288015
520,57,C,4,33,0.7505723714828492,0.10991476586918111
520,57,C,4,34,0.5879273802042008,0.17647789994430202
520,57,C,4,35,0.7618763759732247,0.12223557114411732
520,57,C,4,36,0.41437731459736826,0.18104254322671212
520,57,C,4,37,0.4124368026852608,0.17727208991816396
520,57,C,5,0,0.760101144015789,0.1185574934656592
520,57,C,5,1,0.25827164947986603,0.1160692475528522
520,57,C,5,2,0.17488332986831664,0.0011307773840778168
520,57,C,5,3,0.5927001893520355,0.17725282461475697
520,57,C,5,4,0.0,0.0
520,57,C,5,5,0.7593111872673035,0.11906726705534028
520,57,C,5,6,0.0,0.0
520,57,C,5,7,0.0,0.0
520,57,C,5,8,0.2647542402148247,0.06680252770861017
520,57,C,5,9,0.25567533522844316,0.1165138850262264
520,57,C,5,10,0.23916922137141228,0.11851363813752813
520,57,C,5,11,0.754079096764326,0.11964104479866426
520,57,C,5,12,0.0,0.0
520,57,C,5,13,0.0,0.0
520,57,C,5,14,0.0,0.0
520,57,C,5,15,0.0,0.0
520,57,C,5,16,0.0,0.0
520,57,C,5,17,0.0,0.0
520,57,C,5,18,0.4156434997916222,0.17629049376073064
520,57,C,5,19,0.7609349027276039,0.11817169407225644
520,57,C,5,20,0.8018008232116699,0.0019219523298795594
520,57,C,5,21,0.7853787541389465,0.002650236273920825
520,57,C,5,22,0.2434668719768524,0.12136356447649858
520,57,C,5,23,0.4146021090447903,0.17997265714222974
520,57,C,5,24,0.10216353386640549,0.0005202061049127371
520,57,C,5,25,0.4164347141981125,0.17987607672563377
520,57,C,5,26,0.5901039049029351,0.17738781260690337
520,57,C,5,27,0.0717347152531147,3.7549779879908485e-05
520,57,C,5,28,0.0,0.0
520,57,C,5,29,0.0,0.0
520,57,C,5,30,0.0,0.0
520,57,C,5,31,0.0,0.0
520,57,C,5,32,0.10630858540534974,0.00023309750545895454
520,57,C,5,33,0.44290210455656054,0.16648498611545967
520,57,C,5,34,0.7502116560935974,0.010620559027925936
520,57,C,5,35,0.8166324496269226,0.0018053114894783563
520,57,C,5,36,0.0,0.0
520,57,C,5,37,0.4088998459279537,0.17676556959499942
520,57,H,0,0,0.5881263211369514,0.17678499218372018
520,57,H,0,1,0.5893805846571922,0.1789872321102664
520,57,H,0,2,0.0,0.0
520,57,H,0,3,0.4157589733600616,0.17755158941424093
520,57,H,0,4,0.4120114505290985,0.1791526177260268
520,57,H,0,5,0.4163629561662674,0.1773944091214959
520,57,H,0,6,0.0,0.0
520,57,H,0,7,0.40995275005698206,0.18072954538095504
520,57,H,0,8,0.0,0.0
520,57,H,0,9,0.0,0.0
520,57,H,0,10,0.0,0.0
520,57,H,0,11,0.0,0.0
520,57,H,0,12,0.5839399345219135,0.1794988948912942
520,57,H,0,13,0.41522527039051055,0.17683733028981727
520,57,H,0,14,0.0,0.0
520,57,H,0,15,0.0,0.0
520,57,H,0,16,0.0,0.0
520,57,H,0,17,0.0,0.0
520,57,H,0,18,0.0,0.0
520,57,H,0,19,0.0,0.0
520,57,H,0,20,0.0,0.0
520,57,H,0,21,0.0,0.0
520,57,H,0,22,0.0,0.0
520,57,H,0,23,0.0,0.0
520,57,H,0,24,0.4155189409852028,0.1766086838130399
520,57,H,0,25,0.24146264046430588,0.11839072541351588
520,57,H,0,26,0.7614934086799622,0.11835380752895133
520,57,H,0,27,0.7593076735734939,0.11877367423104664
520,57,H,0,28,0.41380740106105807,0.17764159669194385
520,57,H,0,29,0.5874992370605469,0.17727107675043735
520,57,H,0,30,0.0,0.0
520,57,H,0,31,0.0,0.0
520,57,H,0,32,0.0,0.0
520,57,H,0,33,0.0,0.0
520,57,H,0,34,0.0,0.0
520,57,H,0,35,0.0,0.0
520,57,H,0,36,0.0,0.0
520,57,H,0,37,0.0,0.0
520,57,H,1,0,0.5875844970345497,0.17659877925421208
520,57,H,1,1,0.41351296231150625,0.1790670179916271
520,57,H,1,2,0.0,0.0
520,57,H,1,3,0.4152520641684532,0.17674941687652546
520,57,H,1,4,0.41198491901159284,0.17941706496243584
520,57,H,1,5,0.5872531473636627,0.17599363139177332
520,57,H,1,6,0.0,0.0
520,57,H,1,7,0.7602950751781463,0.12025999017688974
520,57,H,1,8,0.0,0.0
520,57,H,1,9,0.0,0.0
520,57,H,1,10,0.0,0.0
520,57,H,1,11,0.0,0.0
520,57,H,1,12,0.2442498728632927,0.11855379025846029
520,57,H,1,13,0.4173589050769806,0.1837505398720516
520,57,H,1,14,0.0,0.0
520,57,H,1,15,0.0,0.0
520,57,H,1,16,0.0,0.0
520,57,H,1,17,0.0,0.0
520,57,H,1,18,0.0,0.0
520,57,H,1,19,0.0,0.0
520,57,H,1,20,0.0,0.0
520,57,H,1,21,0.0,0.0
520,57,H,1,22,0.0,0.0
520,57,H,1,23,0.0,0.0
520,57,H,1,24,0.41471797227859497,0.17724786242304794
520,57,H,1,25,0.41385526657104493,0.17761334517859045
520,57,H,1,26,0.24264589548110962,0.11800801425968159
520,57,H,1,27,0.41646983176469804,0.1789827499074336
520,57,H,1,28,0.7593292102217675,0.1176130240489784
520,57,H,1,29,0.5882458329200745,0.17865768643480634
520,57,H,1,30,0.0,0.0
520,57,H,1,31,0.0,0.0
520,57,H,1,32,0.0,0.0
520,57,H,1,33,0.0,0.0
520,57,H,1,34,0.0,0.0
520,57,H,1,35,0.0,0.0
520,57,H,1,36,0.0,0.0
520,57,H,1,37,0.0,0.0
520,57,H,2,0,0.5879187136888504,0.1773227071196248
520,57,H,2,1,0.0,0.0
520,57,H,2,2,0.0,0.0
520,57,H,2,3,0.0,0.0
520,57,H,2,4,0.7586962148547173,0.11792039654968145
520,57,H,2,5,0.5877565056085586,0.1777425639633305
520,57,H,2,6,0.5870494574308396,0.178854168220666
520,57,H,2,7,0.7587996438145638,0.11999800773858808
520,57,H,2,8,0.0,0.0
520,57,H,2,9,0.0,0.0
520,57,H,2,10,0.0,0.0
520,57,H,2,11,0.0,0.0
520,57,H,2,12,0.0,0.0
520,57,H,2,13,0.0,0.0
520,57,H,2,14,0.41416545435786245,0.18019880902539334
520,57,H,2,15,0.7580454915761947,0.11753805433067872
520,57,H,2,16,0.0,0.0
520,57,H,2,17,0.0,0.0
520,57,H,2,18,0.0,0.0
520,57,H,2,19,0.0,0.0
520,57,H,2,20,0.0,0.0
520,57,H,2,21,0.0,0.0
520,57,H,2,22,0.0,0.0
520,57,H,2,23,0.0,0.0
520,57,H,2,24,0.0,0.0
520,57,H,2,25,0.0,0.0
520,57,H,2,26,0.5884338065981864,0.1767959444157994
520,57,H,2,27,0.9309674620628356,2.5819653976100197e-06
520,57,H,2,28,0.4132013753056526,0.17807956543286663
520,57,H,2,29,0.24194863364100455,0.11858401037762031
520,57,H,2,30,0.4151630848646164,0.1777788039894606
520,57,H,2,31,0.758984948694706,0.11921684950592057
520,57,H,2,32,0.0,0.0
520,57,H,2,33,0.0,0.0
520,57,H,2,34,0.0,0.0
520,57,H,2,35,0.0,0.0
520,57,H,2,36,0.5864494740962982,0.1788158460224762
520,57,H,2,37,0.0,0.0
520,57,H,3,0,0.7586448937654495,0.11744969221038008
520,57,H,3,1,0.0,0.0
520,57,H,3,2,0.0,0.0
520,57,H,3,3,0.0,0.0
520,57,H,3,4,0.41002778261899947,0.1813986617857603
520,57,H,3,5,0.7600527167320251,0.11795132176908767
520,57,H,3,6,0.5855056166648864,0.1805627739534208
520,57,H,3,7,0.5883658066391945,0.18296750677569845
520,57,H,3,8,0.0,0.0
520,57,H,3,9,0.0,0.0
520,57,H,3,10,0.0,0.0
520,57,H,3,11,0.0,0.0
520,57,H,3,12,0.0,0.0
520,57,H,3,13,0.0,0.0
520,57,H,3,14,0.4115275204181671,0.17870350560336307
520,57,H,3,15,0.4142765387892723,0.17772836053885094
520,57,H,3,16,0.0,0.0
520,57,H,3,17,0.0,0.0
520,57,H,3,18,0.0,0.0
520,57,H,3,19,0.0,0.0
520,57,H,3,20,0.0,0.0
520,57,H,3,21,0.0,0.0
520,57,H,3,22,0.0,0.0
520,57,H,3,23,0.0,0.0
520,57,H,3,24,0.0,0.0
520,57,H,3,25,0.0,0.0
520,57,H,3,26,0.4153997927904129,0.1782977127701785
520,57,H,3,27,0.24266093969345093,0.11862910936207734
520,57,H,3,28,0.23791915699839591,0.11966106712368232
520,57,H,3,29,0.41610088050365446,0.1762537141980866
520,57,H,3,30,0.41574970036745074,0.17620925083873665
520,57,H,3,31,0.4137688711285591,0.17741531151415035
520,57,H,3,32,0.0,0.0
520,57,H,3,33,0.0,0.0
520,57,H,3,34,0.0,0.0
520,57,H,3,35,0.0,0.0
520,57,H,3,36,0.24445616602897643,0.11985656287543656
520,57,H,3,37,0.0,0.0
520,57,H,4,0,0.0,0.0
520,57,H,4,1,0.0,0.0
520,57,H,4,2,0.0,0.0
520,57,H,4,3,0.0,0.0
520,57,H,4,4,0.7548388533294201,0.1224291433170406
520,57,H,4,5,0.0,0.0
520,57,H,4,6,0.7587130472064019,0.11953377090413228
520,57,H,4,7,0.5885380625724792,0.18253811396819342
520,57,H,4,8,0.0,0.0
520,57,H,4,9,0.0,0.0
520,57,H,4,10,0.0,0.0
520,57,H,4,11,0.0,0.0
520,57,H,4,12,0.0,0.0
520,57,H,4,13,0.0,0.0
520,57,H,4,14,0.0,0.0
520,57,H,4,15,0.0,0.0
520,57,H,4,16,0.41472491472959516,0.17794653064992555
520,57,H,4,17,0.23863535672426223,0.11900065837192839
520,57,H,4,18,0.0,0.0
520,57,H,4,19,0.0,0.0
520,57,H,4,20,0.0,0.0
520,57,H,4,21,0.0,0.0
520,57,H,4,22,0.41391104012727736,0.17769292059437808
520,57,H,4,23,0.7598600193858147,0.11872851165618392
520,57,H,4,24,0.0,0.0
520,57,H,4,25,0.0,0.0
520,57,H,4,26,0.0,0.0
520,57,H,4,27,0.0,0.0
520,57,H,4,28,0.5908345088362694,0.1795402132913621
520,57,H,4,29,0.41622694581747055,0.1780751070924318
520,57,H,4,30,0.929923141002655,4.7361414146962493e-07
520,57,H,4,31,0.5853944465517997,0.18249744072412297
520,57,H,4,32,0.0,0.0
520,57,H,4,33,0.0,0.0
520,57,H,4,34,0.0,0.0
520,57,H,4,35,0.0,0.0
520,57,H,4,36,0.41425825506448744,0.18028606441195533
520,57,H,4,37,0.0,0.0
520,57,H,5,0,0.0,0.0
520,57,H,5,1,0.0,0.0
520,57,H,5,2,0.0,0.0
520,57,H,5,3,0.0,0.0
520,57,H,5,4,0.5850383378565311,0.1826024961370246
520,57,H,5,5,0.0,0.0
520,57,H,5,6,0.41728252843022345,0.18371831447532147
520,57,H,5,7,0.24500501602888108,0.12021294520413477
520,57,H,5,8,0.0,0.0
520,57,H,5,9,0.0,0.0
520,57,H,5,10,0.0,0.0
520,57,H,5,11,0.0,0.0
520,57,H,5,12,0.0,0.0
520,57,H,5,13,0.0,0.0
520,57,H,5,14,0.0,0.0
520,57,H,5,15,0.0,0.0
520,57,H,5,16,0.23832333236932754,0.11921484612281534
520,57,H,5,17,0.41024966463446616,0.1793893204478004
520,57,H,5,18,0.0,0.0
520,57,H,5,19,0.0,0.0
520,57,H,5,20,0.0,0.0
520,57,H,5,21,0.0,0.0
520,57,H,5,22,0.5850534692406655,0.17947111705359473
520,57,H,5,23,0.5867535531520843,0.1767013041896551
520,57,H,5,24,0.0,0.0
520,57,H,5,25,0.0,0.0
520,57,H,5,26,0.0,0.0
520,57,H,5,27,0.0,0.0
520,57,H,5,28,0.5866299882531166,0.17687351539450652
520,57,H,5,29,0.41270568370819094,0.17961024562759825
520,57,H,5,30,0.9314993023872375,3.587945737137943e-06
520,57,H,5,31,0.5847504809498787,0.1783580444273806
520,57,H,5,32,0.0,0.0
520,57,H,5,33,0.0,0.0
520,57,H,5,34,0.0,0.0
520,57,H,5,35,0.0,0.0
520,57,H,5,36,0.5896706238389016,0.1810425711971792
520,57,H,5,37,0.0,0.0
520,57,H,6,0,0.0,0.0
520,57,H,6,1,0.0,0.0
520,57,H,6,2,0.41857617199420927,0.17974520142675962
520,57,H,6,3,0.0,0.0
520,57,H,6,4,0.0,0.0
520,57,H,6,5,0.0,0.0
520,57,H,6,6,0.0,0.0
520,57,H,6,7,0.0,0.0
520,57,H,6,8,0.41078179478645327,0.18052189970889382
520,57,H,6,9,0.5833725593984127,0.1807481170806919
520,57,H,6,10,0.0,0.0
520,57,H,6,11,0.0,0.0
520,57,H,6,12,0.0,0.0
520,57,H,6,13,0.0,0.0
520,57,H,6,14,0.0,0.0
520,57,H,6,15,0.0,0.0
520,57,H,6,16,0.0,0.0
520,57,H,6,17,0.0,0.0
520,57,H,6,18,0.4144967645406723,0.17623297952648995
520,57,H,6,19,0.5861811771988868,0.1776113058900049
520,57,H,6,20,0.0,0.0
520,57,H,6,21,0.0,0.0
520,57,H,6,22,0.9292019009590149,3.820065884951873e-07
520,57,H,6,23,0.7574468135833741,0.11769078142367193
520,57,H,6,24,0.0,0.0
520,57,H,6,25,0.0,0.0
520,57,H,6,26,0.0,0.0
520,57,H,6,27,0.0,0.0
520,57,H,6,28,0.0,0.0
520,57,H,6,29,0.0,0.0
520,57,H,6,30,0.0,0.0
520,57,H,6,31,0.0,0.0
520,57,H,6,32,0.5861177444458008,0.1780253221776798
520,57,H,6,33,0.5872347816824913,0.17710286557553195
520,57,H,6,34,0.4117641791701317,0.18131043991565138
520,57,H,6,35,0.5888521417975425,0.1776410733001069
520,57,H,6,36,0.0,0.0
520,57,H,6,37,0.7567347690463067,0.1193573083849391
520,57,H,7,0,0.0,0.0
520,57,H,7,1,0.0,0.0
520,57,H,7,2,0.5877927258610726,0.1770820362684547
520,57,H,7,3,0.0,0.0
520,57,H,7,4,0.0,0.0
520,57,H,7,5,0.0,0.0
520,57,H,7,6,0.0,0.0
520,57,H,7,7,0.0,0.0
520,57,H,7,8,0.06981888264417649,3.5314632099581186e-06
520,57,H,7,9,0.5869962453842164,0.17680828154533884
520,57,H,7,10,0.0,0.0
520,57,H,7,11,0.0,0.0
520,57,H,7,12,0.0,0.0
520,57,H,7,13,0.0,0.0
520,57,H,7,14,0.0,0.0
520,57,H,7,15,0.0,0.0
520,57,H,7,16,0.0,0.0
520,57,H,7,17,0.0,0.0
520,57,H,7,18,0.41476197987794877,0.17605672041741197
520,57,H,7,19,0.5879070460796356,0.17788304198680321
520,57,H,7,20,0.0,0.0
520,57,H,7,21,0.0,0.0
520,57,H,7,22,0.7580171704292298,0.11858987438640071
520,57,H,7,23,0.5873721927404404,0.17706260229008824
520,57,H,7,24,0.0,0.0
520,57,H,7,25,0.0,0.0
520,57,H,7,26,0.0,0.0
520,57,H,7,27,0.0,0.0
520,57,H,7,28,0.0,0.0
520,57,H,7,29,0.0,0.0
520,57,H,7,30,0.0,0.0
520,57,H,7,31,0.0,0.0
520,57,H,7,32,0.2383478105068207,0.1200658916544423
520,57,H,7,33,0.23571440503001212,0.12045025185252703
520,57,H,7,34,0.415307392179966,0.17915819399208682
520,57,H,7,35,0.5909447178244591,0.18003699770930356
520,57,H,7,36,0.0,0.0
520,57,H,7,37,0.7587230890989304,0.11851405190468785
520,57,H,8,0,0.0,0.0
520,57,H,8,1,0.586947326362133,0.17607508203895503
520,57,H,8,2,0.7561644986271858,0.1243663596204398
520,57,H,8,3,0.760992357134819,0.11830580434643492
520,57,H,8,4,0.0,0.0
520,57,H,8,5,0.0,0.0
520,57,H,8,6,0.0,0.0
520,57,H,8,7,0.0,0.0
520,57,H,8,8,0.5865742459893226,0.17726759359369285
520,57,H,8,9,0.4191929891705513,0.17996776504270037
520,57,H,8,10,0.0,0.0
520,57,H,8,11,0.0,0.0
520,57,H,8,12,0.0,0.0
520,57,H,8,13,0.0,0.0
520,57,H,8,14,0.0,0.0
520,57,H,8,15,0.0,0.0
520,57,H,8,16,0.0,0.0
520,57,H,8,17,0.0,0.0
520,57,H,8,18,0.0,0.0
520,57,H,8,19,0.0,0.0
520,57,H,8,20,0.40645811185240743,0.1843640066743254
520,57,H,8,21,0.4144059598445892,0.1772810880812778
520,57,H,8,22,0.0,0.0
520,57,H,8,23,0.0,0.0
520,57,H,8,24,0.7644414499402046,0.12082640973695495
520,57,H,8,25,0.5881454348564148,0.17781923089265456
520,57,H,8,26,0.0,0.0
520,57,H,8,27,0.0,0.0
520,57,H,8,28,0.0,0.0
520,57,H,8,29,0.0,0.0
520,57,H,8,30,0.0,0.0
520,57,H,8,31,0.0,0.0
520,57,H,8,32,0.23959153443574904,0.11907001380762135
520,57,H,8,33,0.5837508566677571,0.18341250280787236
520,57,H,8,34,0.5891679719090461,0.1780455760893508
520,57,H,8,35,0.9300565838813781,1.562005073196815e-07
520,57,H,8,36,0.0,0.0
520,57,H,8,37,0.2412814013659954,0.11830850632043917
520,57,H,9,0,0.0,0.0
520,57,H,9,1,0.24335190504789353,0.11769599183246213
520,57,H,9,2,0.24202242195606233,0.11826100391371956
520,57,H,9,3,0.5873838230967522,0.17678353521256224
520,57,H,9,4,0.0,0.0
520,57,H,9,5,0.0,0.0
520,57,H,9,6,0.0,0.0
520,57,H,9,7,0.0,0.0
520,57,H,9,8,0.41185547411441803,0.17854620420359102
520,57,H,9,9,0.9319642901420593,1.5727471907780455e-05
520,57,H,9,10,0.0,0.0
520,57,H,9,11,0.0,0.0
520,57,H,9,12,0.0,0.0
520,57,H,9,13,0.0,0.0
520,57,H,9,14,0.0,0.0
520,57,H,9,15,0.0,0.0
520,57,H,9,16,0.0,0.0
520,57,H,9,17,0.0,0.0
520,57,H,9,18,0.0,0.0
520,57,H,9,19,0.0,0.0
520,57,H,9,20,0.7575146213173867,0.11746204957663078
520,57,H,9,21,0.41400175392627714,0.17742270941465887
520,57,H,9,22,0.0,0.0
520,57,H,9,23,0.0,0.0
520,57,H,9,24,0.7589015871286392,0.1180748805933582
520,57,H,9,25,0.41352148428559304,0.17829350210409015
520,57,H,9,26,0.0,0.0
520,57,H,9,27,0.0,0.0
520,57,H,9,28,0.0,0.0
520,57,H,9,29,0.0,0.0
520,57,H,9,30,0.0,0.0
520,57,H,9,31,0.0,0.0
520,57,H,9,32,0.23807077184319497,0.12005152239007189
520,57,H,9,33,0.4159829705953598,0.1778266322381652
520,57,H,9,34,0.5903417259454727,0.17816348628852546
520,57,H,9,35,0.5858170375227928,0.17823522358260685
520,57,H,9,36,0.0,0.0
520,57,H,9,37,0.4172633945941925,0.17959156588975006
520,57,H,10,0,0.5821250781416893,0.18227098698206395
520,57,H,10,1,0.758786627650261,0.11836138413715207
520,57,H,10,2,0.7601956963539124,0.11789038162626553
520,57,H,10,3,0.5865602068603039,0.18018810395230803
520,57,H,10,4,0.0,0.0
520,57,H,10,5,0.41476100832223894,0.17699677099429773
520,57,H,10,6,0.0,0.0
520,57,H,10,7,0.0,0.0
520,57,H,10,8,0.7599958211183548,0.11780889486003902
520,57,H,10,9,0.0,0.0
520,57,H,10,10,0.06897184550762177,7.979322377384967e-06
520,57,H,10,11,0.5813246160745621,0.18267544999079005
520,57,H,10,12,0.0,0.0
520,57,H,10,13,0.0,0.0
520,57,H,10,14,0.0,0.0
520,57,H,10,15,0.0,0.0
520,57,H,10,16,0.0,0.0
520,57,H,10,17,0.0,0.0
520,57,H,10,18,0.0,0.0
520,57,H,10,19,0.0,0.0
520,57,H,10,20,0.0,0.0
520,57,H,10,21,0.0,0.0
520,57,H,10,22,0.0,0.0
520,57,H,10,23,0.0,0.0
520,57,H,10,24,0.588318157196045,0.1767065226381869
520,57,H,10,25,0.4140906989574432,0.17766187295600816
520,57,H,10,26,0.41587926596403124,0.17843700323080808
520,57,H,10,27,0.4154551401734352,0.18025211485358666
520,57,H,10,28,0.0,0.0
520,57,H,10,29,0.0,0.0
520,57,H,10,30,0.0,0.0
520,57,H,10,31,0.0,0.0
520,57,H,10,32,0.0,0.0
520,57,H,10,33,0.0,0.0
520,57,H,10,34,0.7586665317416191,0.11737718984207321
520,57,H,10,35,0.5870016194880009,0.18046194068745638
520,57,H,10,36,0.0,0.0
520,57,H,10,37,0.0,0.0
520,57,H,11,0,0.4150891050696373,0.17798448903648706
520,57,H,11,1,0.5881758362054825,0.18273073373810064
520,57,H,11,2,0.5877442628145217,0.17703765720459158
520,57,H,11,3,0.5885832890868187,0.17700051038037837
520,57,H,11,4,0.0,0.0
520,57,H,11,5,0.9322946786880493,1.0963258406206933e-05
520,57,H,11,6,0.0,0.0
520,57,H,11,7,0.0,0.0
520,57,H,11,8,0.7591804876923561,0.1181644994895148
520,57,H,11,9,0.0,0.0
520,57,H,11,10,0.5881552830338478,0.1788633691865824
520,57,H,11,11,0.5886524930596352,0.17769684040967712
520,57,H,11,12,0.0,0.0
520,57,H,11,13,0.0,0.0
520,57,H,11,14,0.0,0.0
520,57,H,11,15,0.0,0.0
520,57,H,11,16,0.0,0.0
520,57,H,11,17,0.0,0.0
520,57,H,11,18,0.0,0.0
520,57,H,11,19,0.0,0.0
520,57,H,11,20,0.0,0.0
520,57,H,11,21,0.0,0.0
520,57,H,11,22,0.0,0.0
520,57,H,11,23,0.0,0.0
520,57,H,11,24,0.23871946185827256,0.11944820940899312
520,57,H,11,25,0.2355610601603985,0.12063278158262551
520,57,H,11,26,0.5867717564105988,0.17844069176862148
520,57,H,11,27,0.4175621971487999,0.1795983657458443
520,57,H,11,28,0.0,0.0
520,57,H,11,29,0.0,0.0
520,57,H,11,30,0.0,0.0
520,57,H,11,31,0.0,0.0
520,57,H,11,32,0.0,0.0
520,57,H,11,33,0.0,0.0
520,57,H,11,34,0.5840962260961533,0.17935048791761937
520,57,H,11,35,0.4148306369781494,0.17736845356729686
520,57,H,11,36,0.0,0.0
520,57,H,11,37,0.0,0.0
530,58,C,0,0,0.5899715021252632,0.1800789371042216
530,58,C,0,1,0.06720880717039109,0.00011385173890771315
530,58,C,0,2,0.23860383853316308,0.11935782876346686
530,58,C,0,3,0.5925470009446144,0.1797577292577793
530,58,C,0,4,0.5892554938793182,0.1868201498038617
530,58,C,0,5,0.2327228683978319,0.1218133197431623
530,58,C,0,6,0.23192113749682902,0.12233896802199354
530,58,C,0,7,0.0,0.0
530,58,C,0,8,0.0,0.0
530,58,C,0,9,0.5867984250187874,0.17694528183060076
530,58,C,0,10,0.5897652417421341,0.18239480623068044
530,58,C,0,11,0.0,0.0
530,58,C,0,12,0.5849819645285607,0.17635050364933474
530,58,C,0,13,0.5875493004918099,0.17918670945325701
530,58,C,0,14,0.5874031156301498,0.178024962882556
530,58,C,0,15,0.7592714205384254,0.1189156545511747
530,58,C,0,16,0.5861722208559513,0.17948935248956005
530,58,C,0,17,0.7582390114665032,0.11843293165836151
530,58,C,0,18,0.2368859715759754,0.1278481427609811
530,58,C,0,19,0.9413037776947022,8.427062163235633e-05
530,58,C,1,0,0.26390495598316194,0.10636843674008105
530,58,C,1,1,0.7743665143847466,0.12123734115474963
530,58,C,1,2,0.41599890068173406,0.18315117576634252
530,58,C,1,3,0.4383266568183899,0.1779550396834761
530,58,C,1,4,0.4121059089899063,0.18127378356322016
530,58,C,1,5,0.06720126792788506,2.3218220835163893e-05
530,58,C,1,6,0.5812343075871468,0.18735064306492327
530,58,C,1,7,0.0720066636800766,1.3625211698728987e-05
530,58,C,1,8,0.42116755694150926,0.18160417424656355
530,58,C,1,9,0.5826222628355027,0.1781985172625764
530,58,C,1,10,0.5812808126211166,0.18377259193980588
530,58,C,1,11,0.7537146165966988,0.1251201517165268
530,58,C,1,12,0.24393155351281165,0.12485542847990802
530,58,C,1,13,0.2473740056157112,0.11887379506379654
530,58,C,1,14,0.7047110885381699,0.06930801894211382
530,58,C,1,15,0.7770549550652504,0.12255662814571451
530,58,C,1,16,0.4259021818637848,0.17616308796074906
530,58,C,1,17,0.7552744179964066,0.11937476294264046
530,58,C,1,18,0.25174394994974136,0.12327264585908775
530,58,C,1,19,0.233243665099144,0.13159732872759303
530,58,C,2,0,0.4125741608440876,0.1850859854545053
530,58,C,2,1,0.41202896237373354,0.18215487475815156
530,58,C,2,2,0.5389703053981065,0.1533213199330325
530,58,C,2,3,0.22803929448127747,0.11993276838387538
530,58,C,2,4,0.0,0.0
530,58,C,2,5,0.0,0.0
530,58,C,2,6,0.4149970144033432,0.18087576032927047
530,58,C,2,7,0.5877487435936928,0.17499744608137163
530,58,C,2,8,0.758744341135025,0.12435769240350739
530,58,C,2,9,0.4087937533855438,0.18220448718820687
530,58,C,2,10,0.5891577214002609,0.18889136634358403
530,58,C,2,11,0.7628225669264793,0.12578502190910096
530,58,C,2,12,0.5846297279000282,0.17846599540641092
530,58,C,2,13,0.594050332903862,0.18155910407722275
530,58,C,2,14,0.41210831329226494,0.1827303107500808
530,58,C,2,15,0.7501906543970108,0.11039282441577067
530,58,C,2,16,0.5906287886202335,0.1865323977636238
530,58,C,2,17,0.41343365907669066,0.17917651658975528
530,58,C,2,18,0.23190880566835403,0.12262691655172872
530,58,C,2,19,0.7482735872268677,0.1189637652178854
530,58,H,0,0,0.5955421164631843,0.18432201563824266
530,58,H,0,1,0.0,0.0
530,58,H,0,2,0.4125935837626457,0.17883358006752728
530,58,H,0,3,0.4171422228217125,0.18047931500455663
530,58,H,0,4,0.0,0.0
530,58,H,0,5,0.0,0.0
530,58,H,0,6,0.0,0.0
530,58,H,0,7,0.5882880240678787,0.17891345540938772
530,58,H,0,8,0.5899877324700356,0.17902655740460216
530,58,H,0,9,0.0,0.0
530,58,H,0,10,0.0,0.0
530,58,H,0,11,0.4110583670437336,0.18038372403080655
530,58,H,0,12,0.0,0.0
530,58,H,0,13,0.0,0.0
530,58,H,0,14,0.417473292350769,0.18340227288196148
530,58,H,0,15,0.5899547055363655,0.1794964083607751
530,58,H,0,16,0.9400552272796631,0.00020926067912171222
530,58,H,0,17,0.0,0.0
530,58,H,0,18,0.5923920974135399,0.18252805080393597
530,58,H,0,19,0.7612066246569157,0.12479894341312489
530,58,H,1,0,0.585345633327961,0.17965596483379082
530,58,H,1,1,0.0,0.0
530,58,H,1,2,0.5848052963614464,0.17961506164775126
530,58,H,1,3,0.2434830665588379,0.11845705159673763
530,58,H,1,4,0.0,0.0
530,58,H,1,5,0.0,0.0
530,58,H,1,6,0.0,0.0
530,58,H,1,7,0.7558607950806617,0.13026540451643323
530,58,H,1,8,0.4086398646235466,0.18342314495300768
530,58,H,1,9,0.0,0.0
530,58,H,1,10,0.0,0.0
530,58,H,1,11,0.5819619804620743,0.1866517909280135
530,58,H,1,12,0.0,0.0
530,58,H,1,13,0.0,0.0
530,58,H,1,14,0.41703999042510986,0.18064177613860394
530,58,H,1,15,0.7578351587057114,0.1178571545162718
530,58,H,1,16,0.9371407270431519,2.7577150596300723e-05
530,58,H,1,17,0.0,0.0
530,58,H,1,18,0.6013108357787132,0.18753135883414496
530,58,H,1,19,0.5856327220797539,0.1818736574916344
530,58,H,2,0,0.5827833957970142,0.18610428366588216
530,58,H,2,1,0.5884876370429992,0.1813495683367132
530,58,H,2,2,0.0,0.0
530,58,H,2,3,0.5980481877923012,0.18984592364893665
530,58,H,2,4,0.7636169955134392,0.12150546070701332
530,58,H,2,5,0.5830889657139778,0.1841549302977884
530,58,H,2,6,0.0,0.0
530,58,H,2,7,0.0,0.0
530,58,H,2,8,0.0,0.0
530,58,H,2,9,0.7568214796483517,0.12893423327377654
530,58,H,2,10,0.7603140071034431,0.11847534219914513
530,58,H,2,11,0.0,0.0
530,58,H,2,12,0.41343468353152274,0.19087991883122113
530,58,H,2,13,0.41261540204286573,0.1808394963654277
530,58,H,2,14,0.4088571324944496,0.18420078268653933
530,58,H,2,15,0.0,0.0
530,58,H,2,16,0.0,0.0
530,58,H,2,17,0.7604083873331546,0.12270447833255069
530,58,H,2,18,0.7584392175078392,0.12098222818276401
530,58,H,2,19,0.0,0.0
530,58,H,3,0,0.5877138823270798,0.17717118355457367
530,58,H,3,1,0.41403350681066514,0.18304674314636388
530,58,H,3,2,0.0,0.0
530,58,H,3,3,0.5889890886843204,0.18670472426997944
530,58,H,3,4,0.24095671623945236,0.11926815919635106
530,58,H,3,5,0.4135144904255867,0.18062738736025233
530,58,H,3,6,0.0,0.0
530,58,H,3,7,0.0,0.0
530,58,H,3,8,0.0,0.0
530,58,H,3,9,0.9371198892593384,0.00012299145500719533
530,58,H,3,10,0.7599620461463928,0.11890191495857265
530,58,H,3,11,0.0,0.0
530,58,H,3,12,0.4138992644846439,0.17983504922077165
530,58,H,3,13,0.23811285868287085,0.11945673511524191
530,58,H,3,14,0.24296629726886748,0.12254678356828963
530,58,H,3,15,0.0,0.0
530,58,H,3,16,0.0,0.0
530,58,H,3,17,0.7626987665891647,0.11922363981010489
530,58,H,3,18,0.5840898737311363,0.179293701724291
530,58,H,3,19,0.0,0.0
530,58,H,4,0,0.24121049866080285,0.11832017913850526
530,58,H,4,1,0.2395356997847557,0.12175052037996345
530,58,H,4,2,0.407062803208828,0.18179641373248762
530,58,H,4,3,0.4173801064491272,0.17813309904430966
530,58,H,4,4,0.0,0.0
530,58,H,4,5,0.0,0.0
530,58,H,4,6,0.40371159426867964,0.1903293541393817
530,58,H,4,7,0.0,0.0
530,58,H,4,8,0.0,0.0
530,58,H,4,9,0.9339617252349853,2.6930423312307992e-05
530,58,H,4,10,0.5876653224229813,0.17710389688300768
530,58,H,4,11,0.0,0.0
530,58,H,4,12,0.0578614704310894,0.00040195944971639587
530,58,H,4,13,0.5874573580920697,0.18611589905366818
530,58,H,4,14,0.40937132611870763,0.18256563972072204
530,58,H,4,15,0.5858287699520588,0.18022820067968298
530,58,H,4,16,0.5774019859731198,0.18614539309748163
530,58,H,4,17,0.5904200926423073,0.17904914776960754
530,58,H,4,18,0.5806160397827625,0.18386770027193974
530,58,H,4,19,0.5901172772049904,0.1816201406030258
540,59,C,0,0,0.872057032585144,0.001198581091883568
540,59,C,0,1,0.8381269216537476,0.0011130891130130749
540,59,C,0,2,0.5864097937941551,0.18252067468212946
540,59,C,0,3,0.8487478017807006,0.0018988054280490018
540,59,C,0,4,0.0,0.0
540,59,C,0,5,0.5830235578119755,0.18440744594712205
540,59,C,0,6,0.786791980266571,0.0011959671506886593
540,59,C,0,7,0.8496936082839965,0.000472669505541603
540,59,C,0,8,0.8383311748504638,0.0013250631691596483
540,59,C,0,9,0.0,0.0
540,59,C,0,10,0.0,0.0
540,59,C,0,11,0.0,0.0
540,59,C,0,12,0.0,0.0
540,59,C,0,13,0.7639501214027404,0.00885700186562758
540,59,C,0,14,0.8040412187576294,0.007160669600258132
540,59,C,0,15,0.8293680429458619,0.0034863771192411262
540,59,C,0,16,0.4057249091565609,0.1834343377555202
540,59,C,0,17,0.4103771738708019,0.17901151828201162
540,59,C,0,18,0.0,0.0
540,59,C,0,19,0.0,0.0
540,59,C,1,0,0.7906025886535645,0.008866356919707528
540,59,C,1,1,0.3941837027668953,0.023644659869802576
540,59,C,1,2,0.8752952575683594,0.001961075025172363
540,59,C,1,3,0.8138352751731872,0.0007868617409178569
540,59,C,1,4,0.42202758193016054,0.18425961905652027
540,59,C,1,5,0.8556245684623718,0.0057348728405818864
540,59,C,1,6,0.9020405769348144,0.0019097388345764444
540,59,C,1,7,0.82762610912323,0.0033234773472429423
540,59,C,1,8,0.7922408580780029,0.014827069768975321
540,59,C,1,9,0.2578097157180309,0.12106338240145098
540,59,C,1,10,0.6123386800289154,0.1784782202183434
540,59,C,1,11,0.0,0.0
540,59,C,1,12,0.0,0.0
540,59,C,1,13,0.8449578166007996,0.0011652402490773283
540,59,C,1,14,0.8790904879570007,0.0037063287310644456
540,59,C,1,15,0.8032275795936584,0.00018671613319952486
540,59,C,1,16,0.8307453632354737,0.003849381972077879
540,59,C,1,17,0.808659291267395,0.004613445314746797
540,59,C,1,18,0.242899526655674,0.11912890880404195
540,59,C,1,19,0.41041747480630875,0.17881316219868482
540,59,C,2,0,0.9370333671569824,4.174410702177056e-05
540,59,C,2,1,0.24123045355081557,0.11850687221836087
540,59,C,2,2,0.4218162685632706,0.16635014699875295
540,59,C,2,3,0.24282527416944505,0.12071745591933854
540,59,C,2,4,0.4115820437669754,0.1807094212413723
540,59,C,2,5,0.2355330541729927,0.12175937737305927
540,59,C,2,6,0.0,0.0
540,59,C,2,7,0.0,0.0
540,59,C,2,8,0.589381842315197,0.1846348790256888
540,59,C,2,9,0.41840207651257516,0.18525881208823275
540,59,C,2,10,0.584387943148613,0.18261321922950322
540,59,C,2,11,0.23792647570371628,0.12404788082640683
540,59,C,2,12,0.23393452391028405,0.12083234245825905
540,59,C,2,13,0.7636225767433643,0.12419580482192516
540,59,C,2,14,0.7590164378285408,0.11835695059258174
540,59,C,2,15,0.5909324944019317,0.18799902718485428
540,59,C,2,16,0.2439666584134102,0.11607072808302019
540,59,C,2,17,0.7599406123161316,0.11914773878268706
540,59,C,2,18,0.42025766968727113,0.18213831879221987
540,59,C,2,19,0.4144387967884541,0.18442100733934103
540,59,C,3,0,0.40795973315835,0.1789040745124646
540,59,C,3,1,0.0,0.0
540,59,C,3,2,0.884331464767456,0.00024353386079951634
540,59,C,3,3,0.5872537024319172,0.1842282497668663
540,59,C,3,4,0.7856628775596619,0.005070574358891236
540,59,C,3,5,0.8091192603111267,0.004871971776700831
540,59,C,3,6,0.0,0.0
540,59,C,3,7,0.0,0.0
540,59,C,3,8,0.0,0.0
540,59,C,3,9,0.41910716593265535,0.17903170471470992
540,59,C,3,10,0.42321018874645233,0.17964427019325316
540,59,C,3,11,0.12133526355028153,0.0001121632811502371
540,59,C,3,12,0.11809363216161728,0.00024010239534133504
540,59,C,3,13,0.0,0.0
540,59,C,3,14,0.0,0.0
540,59,C,3,15,0.41060998663306236,0.17918993240308706
540,59,C,3,16,0.8440363764762878,0.00044289432705198813
540,59,C,3,17,0.9017946004867554,0.0019061689863198693
540,59,C,3,18,0.849652111530304,0.0016976978190484716
540,59,C,3,19,0.7920861959457397,0.007841824824530478
540,59,H,0,0,0.5882506527006626,0.1849260405898964
540,59,H,0,1,0.0,0.0
540,59,H,0,2,0.2367505557835102,0.11959849149164034
540,59,H,0,3,0.9410836577415467,0.00022616963182059638
540,59,H,0,4,0.2397318333387375,0.12175898153948399
540,59,H,0,5,0.4162754014134407,0.18204637947906827
540,59,H,0,6,0.0,0.0
540,59,H,0,7,0.0,0.0
540,59,H,0,8,0.0,0.0
540,59,H,0,9,0.4164551362395287,0.19027198263427897
540,59,H,0,10,0.5858999580144882,0.17653314732519615
540,59,H,0,11,0.0,0.0
540,59,H,0,12,0.0,0.0
540,59,H,0,13,0.0,0.0
540,59,H,0,14,0.0,0.0
540,59,H,0,15,0.41745116263628007,0.18029753304832724
540,59,H,0,16,0.9358256220817566,6.115390982671442e-05
540,59,H,0,17,0.5801315434277058,0.183930876273243
540,59,H,0,18,0.4147375077009201,0.1795132027444141
540,59,H,0,19,0.7696693331003189,0.12174730876145393
540,59,H,1,0,0.4136155486106873,0.17916852423814034
540,59,H,1,1,0.0,0.0
540,59,H,1,2,0.591787239909172,0.18026382058753518
540,59,H,1,3,0.9330312728881835,1.3585957417774355e-05
540,59,H,1,4,0.416030678153038,0.17798951342152874
540,59,H,1,5,0.7645062901079654,0.12794743995171762
540,59,H,1,6,0.0,0.0
540,59,H,1,7,0.0,0.0
540,59,H,1,8,0.0,0.0
540,59,H,1,9,0.7624458789825439,0.12010139129060407
540,59,H,1,10,0.2435239426791668,0.12383445044990023
540,59,H,1,11,0.0,0.0
540,59,H,1,12,0.0,0.0
540,59,H,1,13,0.0,0.0
540,59,H,1,14,0.0,0.0
540,59,H,1,15,0.4153579384088516,0.1819448313600045
540,59,H,1,16,0.7645915105938912,0.1252548156795904
540,59,H,1,17,0.23540785685181617,0.12089801625384129
540,59,H,1,18,0.06934182792901993,2.8509944032730773e-05
540,59,H,1,19,0.7660461977124214,0.1277463874515929
540,59,H,2,0,0.241789348423481,0.11925203046687904
540,59,H,2,1,0.4078884176909924,0.184844885810112
540,59,H,2,2,0.0,0.0
540,59,H,2,3,0.4066417060792446,0.18646872746707202
540,59,H,2,4,0.0,0.0
540,59,H,2,5,0.0,0.0
540,59,H,2,6,0.5905834533274174,0.18373662183879258
540,59,H,2,7,0.7552402436733245,0.12281151933973207
540,59,H,2,8,0.0,0.0
540,59,H,2,9,0.0,0.0
540,59,H,2,10,0.0,0.0
540,59,H,2,11,0.0,0.0
540,59,H,2,12,0.0,0.0
540,59,H,2,13,0.5856400281190872,0.17785548240048624
540,59,H,2,14,0.24723962992429732,0.12422225671152168
540,59,H,2,15,0.5865048304200172,0.17790069953691806
540,59,H,2,16,0.0,0.0
540,59,H,2,17,0.0,0.0
540,59,H,2,18,0.0,0.0
540,59,H,2,19,0.0,0.0
540,59,H,3,0,0.579497941583395,0.18507384664047466
540,59,H,3,1,0.4057968407869339,0.1890803243813905
540,59,H,3,2,0.0,0.0
540,59,H,3,3,0.40649270713329316,0.18277743797268647
540,59,H,3,4,0.0,0.0
540,59,H,3,5,0.0,0.0
540,59,H,3,6,0.7545228146016598,0.1255741735876758
540,59,H,3,7,0.581419549882412,0.18285538899888337
540,59,H,3,8,0.0,0.0
540,59,H,3,9,0.0,0.0
540,59,H,3,10,0.0,0.0
540,59,H,3,11,0.0,0.0
540,59,H,3,12,0.0,0.0
540,59,H,3,13,0.40879405066370966,0.1922685528785002
540,59,H,3,14,0.5909210726618767,0.18180650781348273
540,59,H,3,15,0.40739641562104223,0.18224592779966825
540,59,H,3,16,0.0,0.0
540,59,H,3,17,0.0,0.0
540,59,H,3,18,0.0,0.0
540,59,H,3,19,0.0,0.0
540,59,H,4,0,0.581725150346756,0.17950417727621745
540,59,H,4,1,0.4181118875741959,0.1813736739790141
540,59,H,4,2,0.7641080170869827,0.1263957332484816
540,59,H,4,3,0.5843597486615181,0.18016229942759796
540,59,H,4,4,0.0,0.0
540,59,H,4,5,0.5956911869347096,0.18683912086175963
540,59,H,4,6,0.0,0.0
540,59,H,4,7,0.0,0.0
540,59,H,4,8,0.24110608845949172,0.11942100501499626
540,59,H,4,9,0.0,0.0
540,59,H,4,10,0.0,0.0
540,59,H,4,11,0.0,0.0
540,59,H,4,12,0.0,0.0
540,59,H,4,13,0.5874378949403762,0.1766829146792726
540,59,H,4,14,0.4153362765908241,0.17624260976802503
540,59,H,4,15,0.5874257802963256,0.17964450153401917
540,59,H,4,16,0.5784443482756615,0.18496975384614958
540,59,H,4,17,0.5906706914305687,0.17889390107817443
540,59,H,4,18,0.0,0.0
540,59,H,4,19,0.0,0.0
550,60,C,0,0,0.1745094269514084,0.005813122190567786
550,60,C,0,1,0.7038528025150299,0.03998140923716846
550,60,C,0,2,0.3271057724952698,0.10862740536961887
550,60,C,0,3,0.6969458878040313,0.056228979659174026
550,60,C,0,4,0.5872433319687843,0.17871503289258864
550,60,C,0,5,0.28879048526287077,0.10161168676778021
550,60,C,0,6,0.0,0.0
550,60,C,0,7,0.5809382297098636,0.18123004603726112
550,60,C,0,8,0.4129282861948013,0.17922146946419676
550,60,C,0,9,0.0,0.0
550,60,C,0,10,0.4149338349699974,0.14591230663491792
550,60,C,0,11,0.4117626041173935,0.17897053687970033
550,60,C,0,12,0.8084906816482544,0.007373708599674557
550,60,C,0,13,0.7347494117915631,0.11583036261396525
550,60,C,0,14,0.0,0.0
550,60,C,0,15,0.0,0.0
550,60,C,0,16,0.22720508500933648,0.11712370857243462
550,60,C,0,17,0.0,0.0
550,60,C,0,18,0.7318246245384217,0.005380044403533758
550,60,C,0,19,0.8692822694778443,0.0014498737754558989
550,60,C,0,20,0.24699372351169585,0.12734542683370012
550,60,C,0,21,0.24421879053115844,0.117711965157275
550,60,C,0,22,0.7780061006546021,0.007244621081100319
550,60,C,0,23,0.0,0.0
550,60,C,1,0,0.7654088944196701,0.12111179960314752
550,60,C,1,1,0.2409934803843498,0.10429067885282117
550,60,C,1,2,0.7380087852478028,0.00888567068243219
550,60,C,1,3,0.4265649408102036,0.16909528450773278
550,60,C,1,4,0.5664639741182327,0.1428557859724322
550,60,C,1,5,0.7426546931266784,0.013022475636512923
550,60,C,1,6,0.4144498482346535,0.17927805095605423
550,60,C,1,7,0.8303837537765503,0.005411051252648633
550,60,C,1,8,0.0,0.0
550,60,C,1,9,0.5871375560760498,0.17755820540199657
550,60,C,1,10,0.5817625969648361,0.1817241554190379
550,60,C,1,11,0.0,0.0
550,60,C,1,12,0.5807692423462868,0.18311516129431077
550,60,C,1,13,0.7497487783432006,0.0048844682221746896
550,60,C,1,14,0.7422889336943627,0.11550330332450276
550,60,C,1,15,0.0,0.0
550,60,C,1,16,0.0,0.0
550,60,C,1,17,0.0,0.0
550,60,C,1,18,0.8497801423072815,0.005753379003029124
550,60,C,1,19,0.7250103950500488,0.0061777067639084745
550,60,C,1,20,0.8829005479812622,0.0013478477128094826
550,60,C,1,21,0.0,0.0
550,60,C,1,22,0.41376674398779867,0.17996706126822454
550,60,C,1,23,0.7657787039875984,0.12145786718369252
550,60,C,2,0,0.0,0.0
550,60,C,2,1,0.7601047977805138,0.12073400185340213
550,60,C,2,2,0.5829927116632462,0.16112570936423362
550,60,C,2,3,0.5842785336077213,0.17981518930357596
550,60,C,2,4,0.7115581825375557,0.0982030807995037
550,60,C,2,5,0.42841593027114866,0.17164578391337545
550,60,C,2,6,0.5754596844315529,0.16630902697412858
550,60,C,2,7,0.6995813012123108,0.03881632517736101
550,60,C,2,8,0.4084218829870224,0.1823390766334612
550,60,C,2,9,0.39562244042754174,0.1658771138883331
550,60,C,2,10,0.0,0.0
550,60,C,2,11,0.5854610681533814,0.18377615713732287
550,60,C,2,12,0.0,0.0
550,60,C,2,13,0.5828102625906467,0.18059030728531428
550,60,C,2,14,0.871610414981842,0.003949704534192335
550,60,C,2,15,0.0,0.0
550,60,C,2,16,0.0,0.0
550,60,C,2,17,0.4122437760233879,0.17863301350562275
550,60,C,2,18,0.41353402882814405,0.17843330573702146
550,60,C,2,19,0.7904227614402771,0.003621162223688543
550,60,C,2,20,0.6115199565887451,0.02854473428675931
550,60,C,2,21,0.41207470148801806,0.18272219333369155
550,60,C,2,22,0.0,0.0
550,60,C,2,23,0.4159146323800087,0.17915567106945623
550,60,C,3,0,0.22933321595191955,0.12143590891059781
550,60,C,3,1,0.0,0.0
550,60,C,3,2,0.2292022906243801,0.12242561045077974
550,60,C,3,3,0.0,0.0
550,60,C,3,4,0.7400143519043922,0.09678146389055571
550,60,C,3,5,0.5790765292942524,0.18325760238550848
550,60,C,3,6,0.6593659162521363,0.013973103914350702
550,60,C,3,7,0.891732656955719,0.0008410371739310562
550,60,C,3,8,0.8098503828048706,0.011478430849911661
550,60,C,3,9,0.7682109236717224,0.006018709949197785
550,60,C,3,10,0.9410516858100891,9.72051644248495e-05
550,60,C,3,11,0.47811067551374437,0.10962194643774845
550,60,C,3,12,0.0,0.0
550,60,C,3,13,0.0,0.0
550,60,C,3,14,0.7498918026685715,0.11972163060409376
550,60,C,3,15,0.5722812317311764,0.1749720460860938
550,60,C,3,16,0.0,0.0
550,60,C,3,17,0.25644995719194413,0.12038994789194209
550,60,C,3,18,0.0,0.0
550,60,C,3,19,0.24020862430334092,0.11860723167338608
550,60,C,3,20,0.8520646810531616,0.0020221502004594072
550,60,C,3,21,0.8153406739234924,0.002004764032919013
550,60,C,3,22,0.4131095431745052,0.1788734519183292
550,60,C,3,23,0.8490091443061829,0.0006768015556508543
550,60,C,4,0,0.0711048774421215,6.101343756462985e-05
550,60,C,4,1,0.7588998392224312,0.11834293372338893
550,60,C,4,2,0.0,0.0
550,60,C,4,3,0.7610294088721276,0.12138112048778762
550,60,C,4,4,0.412673357129097,0.1792789130729298
550,60,C,4,5,0.0,0.0
550,60,C,4,6,0.5662510268390178,0.1773489291794376
550,60,C,4,7,0.5900643348693848,0.1802849341807026
550,60,C,4,8,0.634792023897171,0.055012374941000676
550,60,C,4,9,0.7206303499639034,0.11008853138793466
550,60,C,4,10,0.0858303964138031,0.00013979623398209016
550,60,C,4,11,0.6958918094635009,0.066388668623552
550,60,C,4,12,0.0,0.0
550,60,C,4,13,0.0,0.0
550,60,C,4,14,0.0,0.0
550,60,C,4,15,0.807424259185791,0.03764975277821549
550,60,C,4,16,0.5788113951683045,0.18407063981659047
550,60,C,4,17,0.7622578486800193,0.12141660522136907
550,60,C,4,18,0.5889388442039489,0.17813418467438452
550,60,C,4,19,0.0,0.0
550,60,C,4,20,0.5863235153257846,0.18401349096196795
550,60,C,4,21,0.5735500514507293,0.03760705654919235
550,60,C,4,22,0.8754452347755433,0.0030885331735680662
550,60,C,4,23,0.41879783272743226,0.17652517877967316
550,60,C,5,0,0.826792585849762,0.0008791097523703683
550,60,C,5,1,0.1261305533349514,0.004017394923091686
550,60,C,5,2,0.7567291378974914,0.11942385181923129
550,60,C,5,3,0.25562594383955,0.10645552243342486
550,60,C,5,4,0.0,0.0
550,60,C,5,5,0.7605827823281288,0.12043097660746196
550,60,C,5,6,0.5762205719947815,0.1868429598183992
550,60,C,5,7,0.0,0.0
550,60,C,5,8,0.8155143618583679,0.005785646328197345
550,60,C,5,9,0.5833330929279328,0.17551199259840894
550,60,C,5,10,0.8406790614128112,0.0002302335642573894
550,60,C,5,11,0.2731821030378342,0.08794321469883257
550,60,C,5,12,0.9012488007545472,3.4098764850512e-05
550,60,C,5,13,0.0,0.0
550,60,C,5,14,0.0,0.0
550,60,C,5,15,0.7328635007143021,0.11685107592094593
550,60,C,5,16,0.7938315987586975,0.0256845261313876
550,60,C,5,17,0.0,0.0
550,60,C,5,18,0.8424553155899048,0.002459514959836042
550,60,C,5,19,0.05929513871669769,0.00012878826585071337
550,60,C,5,20,0.0,0.0
550,60,C,5,21,0.814323890209198,0.006048489797554737
550,60,C,5,22,0.7509657740592957,0.01358453873486809
550,60,C,5,23,0.5892674550414085,0.1836451614859315
550,60,H,0,0,0.7665777206420898,0.12303877338156184
550,60,H,0,1,0.5890499353408813,0.178226931346875
550,60,H,0,2,0.589948371052742,0.17829405334210868
550,60,H,0,3,0.7649842664599419,0.12008748708326226
550,60,H,0,4,0.0,0.0
550,60,H,0,5,0.41944117844104767,0.18094924052228195
550,60,H,0,6,0.0,0.0
550,60,H,0,7,0.0,0.0
550,60,H,0,8,0.0,0.0
550,60,H,0,9,0.0,0.0
550,60,H,0,10,0.41280373483896254,0.18218959810101454
550,60,H,0,11,0.0,0.0
550,60,H,0,12,0.5879862487316132,0.1781688153742571
550,60,H,0,13,0.0,0.0
550,60,H,0,14,0.0,0.0
550,60,H,0,15,0.0,0.0
550,60,H,0,16,0.0,0.0
550,60,H,0,17,0.0,0.0
550,60,H,0,18,0.939564299583435,0.00019252122531185025
550,60,H,0,19,0.5870054513216019,0.17730457309151398
550,60,H,0,20,0.0,0.0
550,60,H,0,21,0.0,0.0
550,60,H,0,22,0.4239724904298782,0.18803499253828637
550,60,H,0,23,0.0,0.0
550,60,H,1,0,0.0,0.0
550,60,H,1,1,0.41289259269833567,0.18329650835424877
550,60,H,1,2,0.410824216902256,0.18015072658390982
550,60,H,1,3,0.5852422639727592,0.18432670576750992
550,60,H,1,4,0.7709233805537223,0.12169366551944687
550,60,H,1,5,0.7697858363389969,0.12500504448202837
550,60,H,1,6,0.0,0.0
550,60,H,1,7,0.4151508539915085,0.18154490125312123
550,60,H,1,8,0.0,0.0
550,60,H,1,9,0.0,0.0
550,60,H,1,10,0.0,0.0
550,60,H,1,11,0.0,0.0
550,60,H,1,12,0.0,0.0
550,60,H,1,13,0.4075595661997795,0.1823515469848714
550,60,H,1,14,0.0,0.0
550,60,H,1,15,0.0,0.0
550,60,H,1,16,0.0,0.0
550,60,H,1,17,0.0,0.0
550,60,H,1,18,0.5833586432039738,0.18395664910647877
550,60,H,1,19,0.5794485375285149,0.18346203039499975
550,60,H,1,20,0.767752255499363,0.12222775071444163
550,60,H,1,21,0.0,0.0
550,60,H,1,22,0.0,0.0
550,60,H,1,23,0.0,0.0
550,60,H,2,0,0.0,0.0
550,60,H,2,1,0.0,0.0
550,60,H,2,2,0.590065798163414,0.1811724919545138
550,60,H,2,3,0.0,0.0
550,60,H,2,4,0.2401961326599121,0.1188768839461605
550,60,H,2,5,0.4144551672041416,0.18666683836814496
550,60,H,2,6,0.23891556188464164,0.11947485806347964
550,60,H,2,7,0.7659195199608803,0.12080059411779483
550,60,H,2,8,0.0,0.0
550,60,H,2,9,0.24023967012763023,0.1187948987283957
550,60,H,2,10,0.0,0.0
550,60,H,2,11,0.0,0.0
550,60,H,2,12,0.0,0.0
550,60,H,2,13,0.0,0.0
550,60,H,2,14,0.5858362689614296,0.17682296603984987
550,60,H,2,15,0.0,0.0
550,60,H,2,16,0.0,0.0
550,60,H,2,17,0.0,0.0
550,60,H,2,18,0.0,0.0
550,60,H,2,19,0.24471098110079764,0.13065918639097637
550,60,H,2,20,0.5863549761474133,0.18426437503834325
550,60,H,2,21,0.0,0.0
550,60,H,2,22,0.0,0.0
550,60,H,2,23,0.5848976954817772,0.17706511391484125
550,60,H,3,0,0.7648952007293701,0.12067786889045351
550,60,H,3,1,0.0,0.0
550,60,H,3,2,0.0,0.0
550,60,H,3,3,0.0,0.0
550,60,H,3,4,0.0,0.0
550,60,H,3,5,0.0,0.0
550,60,H,3,6,0.23678966760635375,0.12063989919021054
550,60,H,3,7,0.0,0.0
550,60,H,3,8,0.5854593306779862,0.18036259353252765
550,60,H,3,9,0.40465414598584176,0.18448510097667525
550,60,H,3,10,0.5881803154945373,0.17969064178624153
550,60,H,3,11,0.4157047361135483,0.17962798640331684
550,60,H,3,12,0.0,0.0
550,60,H,3,13,0.0,0.0
550,60,H,3,14,0.0,0.0
550,60,H,3,15,0.592480382323265,0.1808949664647718
550,60,H,3,16,0.0,0.0
550,60,H,3,17,0.0,0.0
550,60,H,3,18,0.0,0.0
550,60,H,3,19,0.0,0.0
550,60,H,3,20,0.0,0.0
550,60,H,3,21,0.5875975102186203,0.182284519873386
550,60,H,3,22,0.7592672243714332,0.12247122878661151
550,60,H,3,23,0.7659311011433602,0.12101916805083805
550,60,H,4,0,0.7617615655064582,0.11849038273688253
550,60,H,4,1,0.7600332334637642,0.11811263411264188
550,60,H,4,2,0.0,0.0
550,60,H,4,3,0.4133178785443306,0.17961797995505163
550,60,H,4,4,0.0,0.0
550,60,H,4,5,0.0,0.0
550,60,H,4,6,0.0,0.0
550,60,H,4,7,0.0,0.0
550,60,H,4,8,0.7609996102750302,0.12221609025255813
550,60,H,4,9,0.0,0.0
550,60,H,4,10,0.5846859999001026,0.1792201391214095
550,60,H,4,11,0.5952884867787361,0.1828594647726026
550,60,H,4,12,0.0,0.0
550,60,H,4,13,0.0,0.0
550,60,H,4,14,0.0,0.0
550,60,H,4,15,0.0,0.0
550,60,H,4,16,0.590539239346981,0.1844213214338505
550,60,H,4,17,0.0,0.0
550,60,H,4,18,0.4121854156255722,0.17925235229694636
550,60,H,4,19,0.0,0.0
550,60,H,4,20,0.0,0.0
550,60,H,4,21,0.4133049450814724,0.18071964278021674
550,60,H,4,22,0.5843190014362335,0.1791163519048507
550,60,H,4,23,0.0,0.0
560,61,C,0,0,0.6155596762895584,0.17451873483391636
560,61,C,0,1,0.6990240216255188,0.004232562498819448
560,61,C,0,2,0.6864196836948395,0.055885647824937344
560,61,C,0,3,0.5533162355422974,0.018541901944828965
560,61,C,0,4,0.408979694545269,0.18292649463945487
560,61,C,0,5,0.7398137591779232,0.11923364438786592
560,61,C,0,6,0.9095122218132019,0.0008022676605079937
560,61,C,0,7,0.8348686575889588,0.004794944071772137
560,61,C,0,8,0.8204355955123901,0.006862759010959109
560,61,C,0,9,0.0,0.0
560,61,C,0,10,0.0,0.0
560,61,C,0,11,0.0,0.0
560,61,C,0,12,0.0,0.0
560,61,C,0,13,0.0,0.0
560,61,C,0,14,0.5866798505187034,0.1816226370520912
560,61,C,0,15,0.7052260994911194,0.01108838468850962
560,61,C,0,16,0.41682289987802507,0.17697998337980198
560,61,C,0,17,0.5860944703221321,0.1795197020328479
560,61,C,0,18,0.7597202524542809,0.12968392379755347
560,61,C,0,19,0.7621368736028671,0.11892335269568872
560,61,C,0,20,0.5855830624699593,0.17837993462254925
560,61,C,0,21,0.29374703466892244,0.10700557128784297
560,61,C,1,0,0.8164056420326233,0.0022333146699727987
560,61,C,1,1,0.8742055535316468,0.0009371126593885037
560,61,C,1,2,0.8940707921981812,0.00015036224372892094
560,61,C,1,3,0.8827051162719727,0.0024719227784922282
560,61,C,1,4,0.8472723960876465,0.002152858534935831
560,61,C,1,5,0.8411331295967102,0.0026794994393830505
560,61,C,1,6,0.0,0.0
560,61,C,1,7,0.4050873048603535,0.17605429172205156
560,61,C,1,8,0.8798154711723327,0.000801686250260616
560,61,C,1,9,0.7239098131656647,0.11236690217381722
560,61,C,1,10,0.0,0.0
560,61,C,1,11,0.0,0.0
560,61,C,1,12,0.0,0.0
560,61,C,1,13,0.416926409304142,0.1789784673468789
560,61,C,1,14,0.0,0.0
560,61,C,1,15,0.9151923179626464,0.0004094183448435729
560,61,C,1,16,0.8315386652946473,0.001221752693816427
560,61,C,1,17,0.0,0.0
560,61,C,1,18,0.0,0.0
560,61,C,1,19,0.0,0.0
560,61,C,1,20,0.16587877720594407,0.0020760876785294612
560,61,C,1,21,0.587145271897316,0.18200006925635467
560,61,C,2,0,0.602956859767437,0.17690220311237886
560,61,C,2,1,0.2541470184922218,0.122331985892733
560,61,C,2,2,0.0,0.0
560,61,C,2,3,0.22951479256153107,0.12063415626763216
560,61,C,2,4,0.8156559109687805,0.003899124363875615
560,61,C,2,5,0.8993083357810974,0.000698783103430003
560,61,C,2,6,0.0,0.0
560,61,C,2,7,0.0,0.0
560,61,C,2,8,0.0,0.0
560,61,C,2,9,0.8415472745895386,0.003350401140978363
560,61,C,2,10,0.0,0.0
560,61,C,2,11,0.0,0.0
560,61,C,2,12,0.0,0.0
560,61,C,2,13,0.6042859822511673,0.17964336531626274
560,61,C,2,14,0.0,0.0
560,61,C,2,15,0.591457512974739,0.18252438689200334
560,61,C,2,16,0.8390852212905884,0.003927075477696463
560,61,C,2,17,0.0,0.0
560,61,C,2,18,0.0,0.0
560,61,C,2,19,0.0,0.0
560,61,C,2,20,0.8828454136848449,0.00029979487982870976
560,61,C,2,21,0.0,0.0
560,61,C,3,0,0.24638266935944558,0.1218782542886567
560,61,C,3,1,0.8472110629081726,0.004412569157535984
560,61,C,3,2,0.780630624294281,0.002794782635906188
560,61,C,3,3,0.8301537513732911,0.005498602656890341
560,61,C,3,4,0.0,0.0
560,61,C,3,5,0.5853769093751907,0.18392841594547849
560,61,C,3,6,0.8511650204658509,0.00110979176174709
560,61,C,3,7,0.8438602924346924,0.0006029134557942939
560,61,C,3,8,0.7203663699328899,0.11547530849722247
560,61,C,3,9,0.0,0.0
560,61,C,3,10,0.25610476136207583,0.12081406179590207
560,61,C,3,11,0.27879695892333983,0.1187842071090894
560,61,C,3,12,0.26727196797728536,0.1199501048607902
560,61,C,3,13,0.0,0.0
560,61,C,3,14,0.14092541635036468,0.00026392668612450264
560,61,C,3,15,0.7593208432197571,0.0073538814015739725
560,61,C,3,16,0.0,0.0
560,61,C,3,17,0.7233117580413818,0.005054977592214413
560,61,C,3,18,0.81718909740448,0.004231992764606218
560,61,C,3,19,0.8117668151855468,0.0013513332219807239
560,61,C,3,20,0.0,0.0
560,61,C,3,21,0.8981377959251404,0.0007923381970448418
560,61,C,4,0,0.0,0.0
560,61,C,4,1,0.4157027818262577,0.18300737172192025
560,61,C,4,2,0.6074592933058739,0.1720794129836723
560,61,C,4,3,0.23985139653086662,0.12270160143351343
560,61,C,4,4,0.0,0.0
560,61,C,4,5,0.0,0.0
560,61,C,4,6,0.38468132317066195,0.07438570713947548
560,61,C,4,7,0.08463219404220582,0.0001506483841018236
560,61,C,4,8,0.0,0.0
560,61,C,4,9,0.0,0.0
560,61,C,4,10,0.7307090885937214,0.1154537643225271
560,61,C,4,11,0.8872731804847718,0.00030715167503871045
560,61,C,4,12,0.8440823435783387,0.002568771902662661
560,61,C,4,13,0.0,0.0
560,61,C,4,14,0.4068364366889,0.18111626977049924
560,61,C,4,15,0.5904151320457458,0.17964275943641989
560,61,C,4,16,0.0,0.0
560,61,C,4,17,0.2637255504727364,0.11063617276327431
560,61,C,4,18,0.8669611811637878,0.006885381905978249
560,61,C,4,19,0.7616043657064437,0.10760706449849171
560,61,C,4,20,0.0,0.0
560,61,C,4,21,0.40653268843889234,0.18238733056091183
560,61,H,0,0,0.5862183764576911,0.17862688473027238
560,61,H,0,1,0.0,0.0
560,61,H,0,2,0.0,0.0
560,61,H,0,3,0.0,0.0
560,61,H,0,4,0.4137371279299259,0.18393885614891364
560,61,H,0,5,0.5910029806196689,0.18618290625668393
560,61,H,0,6,0.0,0.0
560,61,H,0,7,0.0,0.0
560,61,H,0,8,0.0,0.0
560,61,H,0,9,0.7566684529185295,0.11980412568927959
560,61,H,0,10,0.0,0.0
560,61,H,0,11,0.0,0.0
560,61,H,0,12,0.0,0.0
560,61,H,0,13,0.7646340191364288,0.12083329578332865
560,61,H,0,14,0.0,0.0
560,61,H,0,15,0.0,0.0
560,61,H,0,16,0.9389278531074524,0.00022805762739693593
560,61,H,0,17,0.0,0.0
560,61,H,0,18,0.0,0.0
560,61,H,0,19,0.0,0.0
560,61,H,0,20,0.5801777705550194,0.19418494177474774
560,61,H,0,21,0.0,0.0
560,61,H,1,0,0.24341949820518494,0.12260734773216922
560,61,H,1,1,0.40874507576227187,0.1815798239649266
560,61,H,1,2,0.4142033338546753,0.17748899716350391
560,61,H,1,3,0.7681765779852867,0.12185608625597326
560,61,H,1,4,0.0,0.0
560,61,H,1,5,0.5928470328450203,0.1805825151561184
560,61,H,1,6,0.0,0.0
560,61,H,1,7,0.7627263829112053,0.11888359033995818
560,61,H,1,8,0.5869527235627174,0.17784081849394545
560,61,H,1,9,0.0,0.0
560,61,H,1,10,0.0,0.0
560,61,H,1,11,0.0,0.0
560,61,H,1,12,0.0,0.0
560,61,H,1,13,0.0,0.0
560,61,H,1,14,0.0,0.0
560,61,H,1,15,0.7619224980473518,0.11986268813609682
560,61,H,1,16,0.0,0.0
560,61,H,1,17,0.0,0.0
560,61,H,1,18,0.0,0.0
560,61,H,1,19,0.0,0.0
560,61,H,1,20,0.0,0.0
560,61,H,1,21,0.24198023974895477,0.12123588724362513
560,61,H,2,0,0.0,0.0
560,61,H,2,1,0.0,0.0
560,61,H,2,2,0.7647625938057899,0.12387983312876791
560,61,H,2,3,0.0,0.0
560,61,H,2,4,0.0,0.0
560,61,H,2,5,0.0,0.0
560,61,H,2,6,0.41216847822070124,0.18395831040991298
560,61,H,2,7,0.5807186521589756,0.18695347153007877
560,61,H,2,8,0.0,0.0
560,61,H,2,9,0.0,0.0
560,61,H,2,10,0.41910756528377535,0.18365219733089538
560,61,H,2,11,0.593052263557911,0.1810069728889371
560,61,H,2,12,0.7660127431154251,0.12026807402962784
560,61,H,2,13,0.0,0.0
560,61,H,2,14,0.0,0.0
560,61,H,2,15,0.0,0.0
560,61,H,2,16,0.0,0.0
560,61,H,2,17,0.5866137683391571,0.1804822429259109
560,61,H,2,18,0.5870564386248589,0.17637709773678417
560,61,H,2,19,0.41434866189956665,0.17850314154987168
560,61,H,2,20,0.0,0.0
560,61,H,2,21,0.7665855571627617,0.12208039491659566
560,61,H,3,0,0.0,0.0
560,61,H,3,1,0.0,0.0
560,61,H,3,2,0.5876122817397118,0.1791707389592447
560,61,H,3,3,0.0,0.0
560,61,H,3,4,0.0,0.0
560,61,H,3,5,0.0,0.0
560,61,H,3,6,0.5827357023954391,0.1805911771351014
560,61,H,3,7,0.5815074533224106,0.18384986524957103
560,61,H,3,8,0.0,0.0
560,61,H,3,9,0.0,0.0
560,61,H,3,10,0.4144829407334328,0.17863168438420693
560,61,H,3,11,0.41334458589553835,0.17956767337809673
560,61,H,3,12,0.4130195677280426,0.1847185118945931
560,61,H,3,13,0.0,0.0
560,61,H,3,14,0.0,0.0
560,61,H,3,15,0.0,0.0
560,61,H,3,16,0.0,0.0
560,61,H,3,17,0.936117947101593,8.889376798180138e-05
560,61,H,3,18,0.5881401345133781,0.1789068775395936
560,61,H,3,19,0.2358791708946228,0.12021896570809557
560,61,H,3,20,0.0,0.0
560,61,H,3,21,0.06638528108596801,4.5794672769358116e-05
560,61,H,4,0,0.0,0.0
560,61,H,4,1,0.0,0.0
560,61,H,4,2,0.4048030324280262,0.18600289168747666
560,61,H,4,3,0.0,0.0
560,61,H,4,4,0.0,0.0
560,61,H,4,5,0.0,0.0
560,61,H,4,6,0.5807841427624225,0.18599794324107818
560,61,H,4,7,0.24165572598576546,0.12039525276667865
560,61,H,4,8,0.0,0.0
560,61,H,4,9,0.0,0.0
560,61,H,4,10,0.583915539830923,0.18220790806580192
560,61,H,4,11,0.5943264782428741,0.1841820648209536
560,61,H,4,12,0.5852793231606483,0.17778804958950611
560,61,H,4,13,0.0,0.0
560,61,H,4,14,0.0,0.0
560,61,H,4,15,0.0,0.0
560,61,H,4,16,0.0,0.0
560,61,H,4,17,0.7671146541833878,0.12064094599394277
560,61,H,4,18,0.41347609758377074,0.18286057948852483
560,61,H,4,19,0.5877079524099826,0.18250992064936053
560,61,H,4,20,0.0,0.0
560,61,H,4,21,0.5890337988734246,0.1797380012471149
570,62,C,0,0,0.5984777614474297,0.1762598902705154
570,62,C,0,1,0.2250765770673752,0.009271469827010978
570,62,C,0,2,0.24077350795269012,0.11859613844482646
570,62,C,0,3,0.4230982273817062,0.183372908457173
570,62,C,0,4,0.0,0.0
570,62,C,0,5,0.7569185793399811,0.1192255133665249
570,62,C,0,6,0.7722513318061829,0.003958106978783746
570,62,C,0,7,0.8337023138999939,0.0003705576394472132
570,62,C,0,8,0.7902160167694092,0.005627449076091863
570,62,C,0,9,0.5840603828430175,0.17679715433622453
570,62,C,0,10,0.41155027896165847,0.17798201346234513
570,62,C,0,11,0.0,0.0
570,62,C,0,12,0.0,0.0
570,62,C,0,13,0.0,0.0
570,62,C,0,14,0.0,0.0
570,62,C,0,15,0.0,0.0
570,62,C,0,16,0.8010499835014343,0.0004528285991847269
570,62,C,0,17,0.7997390866279602,0.005519383142739685
570,62,C,0,18,0.7216471314430237,0.005388174628483568
570,62,C,0,19,0.437470468878746,0.17167262729711938
570,62,C,0,20,0.24395381659269333,0.1169709748059169
570,62,C,0,21,0.24555908739566804,0.11938718437097831
570,62,C,0,22,0.41972630470991135,0.17784347696010153
570,62,C,0,23,0.0,0.0
570,62,C,0,24,0.0,0.0
570,62,C,0,25,0.0,0.0
570,62,C,1,0,0.10262581259012223,0.0001184196936029691
570,62,C,1,1,0.07171729803085328,3.577153026620206e-05
570,62,C,1,2,0.07445350289344788,1.7964395628067287e-05
570,62,C,1,3,0.2496489703655243,0.10904122726126866
570,62,C,1,4,0.41457694172859194,0.1771967736611073
570,62,C,1,5,0.7598642319440841,0.11830787025100445
570,62,C,1,6,0.7591166570782661,0.11802839062950192
570,62,C,1,7,0.415949772298336,0.17638619571824862
570,62,C,1,8,0.588465966284275,0.17841002014427948
570,62,C,1,9,0.7353620804846287,0.11894608008375125
570,62,C,1,10,0.7302712649106979,0.10569437594116113
570,62,C,1,11,0.24132805913686753,0.11851665341505013
570,62,C,1,12,0.7601052343845367,0.11924387042467813
570,62,C,1,13,0.0,0.0
570,62,C,1,14,0.0,0.0
570,62,C,1,15,0.0,0.0
570,62,C,1,16,0.4218881353735924,0.18135252139779934
570,62,C,1,17,0.4105619840323925,0.1821611585875568
570,62,C,1,18,0.4196543648838997,0.17697686577475036
570,62,C,1,19,0.5045964151620865,0.12497086391226173
570,62,C,1,20,0.5771800525486469,0.17518289443632257
570,62,C,1,21,0.07591328173875808,5.849823177566993e-05
570,62,C,1,22,0.24998816698789597,0.1184163874006946
570,62,C,1,23,0.07045797780156135,3.996635104763557e-05
570,62,C,1,24,0.4177253842353821,0.17713759985886615
570,62,C,1,25,0.24226242750883104,0.11786992220973691
570,62,C,2,0,0.5963279068470001,0.1830369351980488
570,62,C,2,1,0.41114151701331136,0.18074282134865366
570,62,C,2,2,0.10239098370075225,0.00026987195120816484
570,62,C,2,3,0.5884213089942932,0.18007925334483815
570,62,C,2,4,0.7651277035474777,0.11946278786652673
570,62,C,2,5,0.5938754215836525,0.1679812869733924
570,62,C,2,6,0.0,0.0
570,62,C,2,7,0.0,0.0
570,62,C,2,8,0.0,0.0
570,62,C,2,9,0.9331700444221497,4.461376963803332e-05
570,62,C,2,10,0.5882728517055511,0.17939176115459632
570,62,C,2,11,0.7533278867602349,0.11620011758758444
570,62,C,2,12,0.4116509698331356,0.1845351783728943
570,62,C,2,13,0.5925492122769356,0.18069717066441976
570,62,C,2,14,0.41623043790459635,0.182705669189012
570,62,C,2,15,0.5858074367046356,0.17750844758896017
570,62,C,2,16,0.931614089012146,1.927330162345697e-06
570,62,C,2,17,0.4138644143939018,0.17835112004216674
570,62,C,2,18,0.41676887571811677,0.17766062955501435
570,62,C,2,19,0.07686994224786758,3.4693607434022057e-06
570,62,C,2,20,0.5896800845861435,0.17775661974882975
570,62,C,2,21,0.7490324318408966,0.12146118737026243
570,62,C,2,22,0.4121177509427071,0.1739367952263216
570,62,C,2,23,0.4094657339155674,0.18142621275984566
570,62,C,2,24,0.759636540710926,0.11841359827407638
570,62,C,2,25,0.4091394327580929,0.18009112611586856
570,62,C,3,0,0.41328549683094024,0.1789925662551661
570,62,C,3,1,0.0,0.0
570,62,C,3,2,0.4162357397377491,0.17816126546144967
570,62,C,3,3,0.06925632581114768,2.1322250543129866e-05
570,62,C,3,4,0.2196991190314293,0.009107957172315375
570,62,C,3,5,0.7626975178718567,0.11917007476782686
570,62,C,3,6,0.0,0.0
570,62,C,3,7,0.0,0.0
570,62,C,3,8,0.0,0.0
570,62,C,3,9,0.0,0.0
570,62,C,3,10,0.0,0.0
570,62,C,3,11,0.2407898187637329,0.1186103942171235
570,62,C,3,12,0.23655638173222543,0.12115432689691526
570,62,C,3,13,0.756127655506134,0.11384758071832408
570,62,C,3,14,0.4045952342450619,0.17551065456011283
570,62,C,3,15,0.7623770356178283,0.11934059471989174
570,62,C,3,16,0.0,0.0
570,62,C,3,17,0.0,0.0
570,62,C,3,18,0.0,0.0
570,62,C,3,19,0.5910940617322922,0.1783410413967079
570,62,C,3,20,0.5851655557751656,0.1796812652448921
570,62,C,3,21,0.07303244695067405,8.808606476712555e-05
570,62,C,3,22,0.9415695905685425,6.71214343648785e-05
570,62,C,3,23,0.7138158291578293,0.07859150774733441
570,62,C,3,24,0.675003531575203,0.06960986923975879
570,62,C,3,25,0.41662846952676774,0.18326951457607782
570,62,H,0,0,0.4153352066874504,0.176346466918543
570,62,H,0,1,0.7635155960917472,0.11965944399027988
570,62,H,0,2,0.0,0.0
570,62,H,0,3,0.4140766814351082,0.1835575638807742
570,62,H,0,4,0.0,0.0
570,62,H,0,5,0.0,0.0
570,62,H,0,6,0.5881158486008644,0.17750967397654943
570,62,H,0,7,0.7597110643982887,0.1179936786896143
570,62,H,0,8,0.9291573643684388,2.4337922468475878e-08
570,62,H,0,9,0.0,0.0
570,62,H,0,10,0.0,0.0
570,62,H,0,11,0.0,0.0
570,62,H,0,12,0.0,0.0
570,62,H,0,13,0.0,0.0
570,62,H,0,14,0.0,0.0
570,62,H,0,15,0.0,0.0
570,62,H,0,16,0.5883152425289154,0.17837032542299497
570,62,H,0,17,0.7583902180194855,0.11751410182377668
570,62,H,0,18,0.41502180099487307,0.17745366647880917
570,62,H,0,19,0.4130161672830582,0.18000236757659338
570,62,H,0,20,0.4143692567944527,0.18040668006330507
570,62,H,0,21,0.0,0.0
570,62,H,0,22,0.0,0.0
570,62,H,0,23,0.0,0.0
570,62,H,0,24,0.0,0.0
570,62,H,0,25,0.0,0.0
570,62,H,1,0,0.24371204972267152,0.11906847263242523
570,62,H,1,1,0.0691033311188221,1.559338343892991e-05
570,62,H,1,2,0.0,0.0
570,62,H,1,3,0.24451696276664733,0.11867725266103177
570,62,H,1,4,0.0,0.0
570,62,H,1,5,0.0,0.0
570,62,H,1,6,0.58816047757864,0.17721272789581932
570,62,H,1,7,0.24314903020858764,0.1227722595531671
570,62,H,1,8,0.5879416972398758,0.17973427844525655
570,62,H,1,9,0.0,0.0
570,62,H,1,10,0.0,0.0
570,62,H,1,11,0.0,0.0
570,62,H,1,12,0.0,0.0
570,62,H,1,13,0.0,0.0
570,62,H,1,14,0.0,0.0
570,62,H,1,15,0.0,0.0
570,62,H,1,16,0.5895644754171372,0.1778967674966973
570,62,H,1,17,0.24014531895518304,0.11901007555173466
570,62,H,1,18,0.5863228350877762,0.17905309019289545
570,62,H,1,19,0.24610266983509063,0.12327422609719237
570,62,H,1,20,0.5877198308706284,0.17831004406254025
570,62,H,1,21,0.0,0.0
570,62,H,1,22,0.0,0.0
570,62,H,1,23,0.0,0.0
570,62,H,1,24,0.0,0.0
570,62,H,1,25,0.0,0.0
570,62,H,2,0,0.587813352048397,0.17718801240003085
570,62,H,2,1,0.7614354386925697,0.11862337709254947
570,62,H,2,2,0.0,0.0
570,62,H,2,3,0.5907953694462776,0.1823677509086721
570,62,H,2,4,0.0,0.0
570,62,H,2,5,0.0,0.0
570,62,H,2,6,0.5895046293735504,0.17843428507379278
570,62,H,2,7,0.41488420963287354,0.17782104863659393
570,62,H,2,8,0.4148865476250648,0.17817061089246405
570,62,H,2,9,0.0,0.0
570,62,H,2,10,0.0,0.0
570,62,H,2,11,0.0,0.0
570,62,H,2,12,0.0,0.0
570,62,H,2,13,0.0,0.0
570,62,H,2,14,0.0,0.0
570,62,H,2,15,0.0,0.0
570,62,H,2,16,0.5864914655685425,0.17641392848899376
570,62,H,2,17,0.41530650556087495,0.17777772309130183
570,62,H,2,18,0.41682927012443544,0.17836598501168485
570,62,H,2,19,0.7643286891281604,0.12363972362209533
570,62,H,2,20,0.589334799349308,0.17792165410876443
570,62,H,2,21,0.0,0.0
570,62,H,2,22,0.0,0.0
570,62,H,2,23,0.0,0.0
570,62,H,2,24,0.0,0.0
570,62,H,2,25,0.0,0.0
570,62,H,3,0,0.41496305763721464,0.17707140455847675
570,62,H,3,1,0.24046697467565536,0.12043724431787699
570,62,H,3,2,0.24125173315405846,0.11885924617645056
570,62,H,3,3,0.4184673875570297,0.18372802667917693
570,62,H,3,4,0.0,0.0
570,62,H,3,5,0.415370312333107,0.17873063736968825
570,62,H,3,6,0.0,0.0
570,62,H,3,7,0.0,0.0
570,62,H,3,8,0.0,0.0
570,62,H,3,9,0.9299103617668152,5.9039145881456536e-06
570,62,H,3,10,0.24300297051668168,0.11761354268426719
570,62,H,3,11,0.0,0.0
570,62,H,3,12,0.0,0.0
570,62,H,3,13,0.0,0.0
570,62,H,3,14,0.0,0.0
570,62,H,3,15,0.0,0.0
570,62,H,3,16,0.2435440093278885,0.12349182632257454
570,62,H,3,17,0.4211365208029747,0.18155478966262656
570,62,H,3,18,0.933201277256012,4.6244084623481286e-06
570,62,H,3,19,0.5907434612512589,0.18453198119345518
570,62,H,3,20,0.41604291647672653,0.17668069714080553
570,62,H,3,21,0.2375732682645321,0.11994442747731797
570,62,H,3,22,0.5890482515096664,0.17872884224765434
570,62,H,3,23,0.0,0.0
570,62,H,3,24,0.0,0.0
570,62,H,3,25,0.0,0.0
570,62,H,4,0,0.23894868791103363,0.11921682137698594
570,62,H,4,1,0.2423022657632828,0.11803341747198046
570,62,H,4,2,0.7613375797867775,0.12160399215111133
570,62,H,4,3,0.7605314388871193,0.12088244407781587
570,62,H,4,4,0.0,0.0
570,62,H,4,5,0.41039302945137024,0.18612605856942976
570,62,H,4,6,0.0,0.0
570,62,H,4,7,0.0,0.0
570,62,H,4,8,0.0,0.0
570,62,H,4,9,0.4133786208927631,0.17940709416252595
570,62,H,4,10,0.07042763382196426,3.115670197328946e-06
570,62,H,4,11,0.0,0.0
570,62,H,4,12,0.0,0.0
570,62,H,4,13,0.0,0.0
570,62,H,4,14,0.0,0.0
570,62,H,4,15,0.0,0.0
570,62,H,4,16,0.41741363853216173,0.17823625660465542
570,62,H,4,17,0.41725256890058515,0.17858459658784595
570,62,H,4,18,0.24287328869104385,0.12167903682105272
570,62,H,4,19,0.5835913144052028,0.18042625619347621
570,62,H,4,20,0.5890601247549057,0.17698507792524085
570,62,H,4,21,0.2399443693459034,0.11907964897280024
570,62,H,4,22,0.4160370759665966,0.18450627036167394
570,62,H,4,23,0.0,0.0
570,62,H,4,24,0.0,0.0
570,62,H,4,25,0.0,0.0
570,62,H,5,0,0.4157387390732765,0.1792758315017528
570,62,H,5,1,0.0,0.0
570,62,H,5,2,0.7565581023693084,0.12376502135037896
570,62,H,5,3,0.4193746030330658,0.18333220278277143
570,62,H,5,4,0.5909938365221024,0.17902244022661246
570,62,H,5,5,0.2421329215168953,0.11831246499274713
570,62,H,5,6,0.0,0.0
570,62,H,5,7,0.0,0.0
570,62,H,5,8,0.0,0.0
570,62,H,5,9,0.0,0.0
570,62,H,5,10,0.0,0.0
570,62,H,5,11,0.41485933735966685,0.17999336462145007
570,62,H,5,12,0.5847597151994706,0.18021689983209613
570,62,H,5,13,0.0,0.0
570,62,H,5,14,0.0,0.0
570,62,H,5,15,0.0,0.0
570,62,H,5,16,0.0,0.0
570,62,H,5,17,0.0,0.0
570,62,H,5,18,0.0,0.0
570,62,H,5,19,0.5869806706905365,0.17675505661159
570,62,H,5,20,0.4140426695346832,0.17761520515094475
570,62,H,5,21,0.4132194437086582,0.17939398219276118
570,62,H,5,22,0.5868800647556782,0.18552363988274231
570,62,H,5,23,0.5866692125797272,0.17723692041772182
570,62,H,5,24,0.5883444964885711,0.17741228738383702
570,62,H,5,25,0.4117175839841366,0.1802249242550666
570,62,H,6,0,0.58769943267107,0.17783189310254302
570,62,H,6,1,0.0,0.0
570,62,H,6,2,0.07136082202196121,5.853561151294429e-06
570,62,H,6,3,0.24304305464029313,0.11910177487833803
570,62,H,6,4,0.5834352917969227,0.18015855203667072
570,62,H,6,5,0.5835124827921391,0.1810464787469065
570,62,H,6,6,0.0,0.0
570,62,H,6,7,0.0,0.0
570,62,H,6,8,0.0,0.0
570,62,H,6,9,0.0,0.0
570,62,H,6,10,0.0,0.0
570,62,H,6,11,0.7602940022945404,0.11853500760432054
570,62,H,6,12,0.417746365070343,0.18276066263803012
570,62,H,6,13,0.0,0.0
570,62,H,6,14,0.0,0.0
570,62,H,6,15,0.0,0.0
570,62,H,6,16,0.0,0.0
570,62,H,6,17,0.0,0.0
570,62,H,6,18,0.0,0.0
570,62,H,6,19,0.5910642609000206,0.17963605105462715
570,62,H,6,20,0.24512336999177933,0.11846727596310155
570,62,H,6,21,0.7587952733039856,0.11834941810248183
570,62,H,6,22,0.41594250947237016,0.17654638746113818
570,62,H,6,23,0.24380830228328704,0.11839673933024897
570,62,H,6,24,0.411667512357235,0.17896797049217453
570,62,H,6,25,0.5843220226466656,0.18150872519025432
570,62,H,7,0,0.0,0.0
570,62,H,7,1,0.0,0.0
570,62,H,7,2,0.4126464270055294,0.18066866432568066
570,62,H,7,3,0.0,0.0
570,62,H,7,4,0.4144147977232933,0.17652459754986222
570,62,H,7,5,0.41252222657203674,0.17860958485716544
570,62,H,7,6,0.0,0.0
570,62,H,7,7,0.0,0.0
570,62,H,7,8,0.0,0.0
570,62,H,7,9,0.0,0.0
570,62,H,7,10,0.0,0.0
570,62,H,7,11,0.0,0.0
570,62,H,7,12,0.0,0.0
570,62,H,7,13,0.07105118036270142,2.451412675119613e-06
570,62,H,7,14,0.41902687698602675,0.1828264010892286
570,62,H,7,15,0.24053394049406052,0.11846638502649678
570,62,H,7,16,0.0,0.0
570,62,H,7,17,0.0,0.0
570,62,H,7,18,0.0,0.0
570,62,H,7,19,0.0,0.0
570,62,H,7,20,0.0,0.0
570,62,H,7,21,0.5865811213850975,0.1763510280064458
570,62,H,7,22,0.06683150082826614,9.423468842748585e-06
570,62,H,7,23,0.5874032437801361,0.17856232840516567
570,62,H,7,24,0.5872691854834556,0.17701916656838348
570,62,H,7,25,0.4144072562456131,0.17688095783890825
570,62,H,8,0,0.0,0.0
570,62,H,8,1,0.0,0.0
570,62,H,8,2,0.24118713587522506,0.1189112683334627
570,62,H,8,3,0.0,0.0
570,62,H,8,4,0.41225711777806284,0.1782104130666059
570,62,H,8,5,0.5876479133963585,0.18023006638222325
570,62,H,8,6,0.0,0.0
570,62,H,8,7,0.0,0.0
570,62,H,8,8,0.0,0.0
570,62,H,8,9,0.0,0.0
570,62,H,8,10,0.0,0.0
570,62,H,8,11,0.0,0.0
570,62,H,8,12,0.0,0.0
570,62,H,8,13,0.7564377330243588,0.1229164029382523
570,62,H,8,14,0.41419617980718615,0.1768651907441195
570,62,H,8,15,0.5837020881474018,0.18024963919227135
570,62,H,8,16,0.0,0.0
570,62,H,8,17,0.0,0.0
570,62,H,8,18,0.0,0.0
570,62,H,8,19,0.0,0.0
570,62,H,8,20,0.0,0.0
570,62,H,8,21,0.5860022395849228,0.17799467137608327
570,62,H,8,22,0.4139356717467308,0.17760078391572115
570,62,H,8,23,0.5867851853370667,0.1770502519159101
570,62,H,8,24,0.2425495505332947,0.11854753912365615
570,62,H,8,25,0.2402089513838291,0.11841667654626312
571,82,C,0,0,0.8248762130737305,0.0023656541781926425
571,82,C,0,1,0.7972294330596924,0.0027531410318098895
571,82,C,0,2,0.8026242017745971,0.005625037913082451
571,82,C,0,3,0.0,0.0
571,82,C,0,4,0.0,0.0
571,82,C,0,5,0.0,0.0
571,82,C,0,6,0.3957387313246727,0.1821724675463996
571,82,C,0,7,0.7658325463533402,0.12309714499020719
571,82,C,0,8,0.8141483783721923,0.0022693589254421907
571,82,C,0,9,0.7999057650566102,0.0040555373303027414
571,82,C,0,10,0.858042311668396,0.0010219977643762946
571,82,C,0,11,0.0,0.0
571,82,C,0,12,0.0,0.0
571,82,C,0,13,0.0,0.0
571,82,C,0,14,0.23630993366241454,0.12532371598151093
571,82,C,0,15,0.7927197337150573,0.006388780915084738
571,82,C,0,16,0.0,0.0
571,82,C,0,17,0.0,0.0
571,82,C,0,18,0.9040884137153625,0.0004120001579005361
571,82,C,0,19,0.4144717663526535,0.18058120520943682
571,82,C,0,20,0.5958934649825096,0.18357580311267255
571,82,C,0,21,0.9020334482192993,0.0006967242547091246
571,82,C,0,22,0.2350609764456749,0.12019752742375264
571,82,C,0,23,0.7373326316475868,0.11917528827540655
571,82,C,1,0,0.0,0.0
571,82,C,1,1,0.0,0.0
571,82,C,1,2,0.0,0.0
571,82,C,1,3,0.39769184663891793,0.17922170626879644
571,82,C,1,4,0.7424758113920689,0.11953980755471369
571,82,C,1,5,0.7392905481159687,0.11747936093035653
571,82,C,1,6,0.5851489938795567,0.18361354573849153
571,82,C,1,7,0.5851656407117843,0.1811817336589152
571,82,C,1,8,0.0,0.0
571,82,C,1,9,0.0,0.0
571,82,C,1,10,0.0,0.0
571,82,C,1,11,0.24581431970000267,0.11660688449027205
571,82,C,1,12,0.8607147693634033,0.0030368526223080038
571,82,C,1,13,0.7372588030993938,0.11774782538670636
571,82,C,1,14,0.0,0.0
571,82,C,1,15,0.0,0.0
571,82,C,1,16,0.5852058537304401,0.18428479136392545
571,82,C,1,17,0.0,0.0
571,82,C,1,18,0.24395553916692733,0.11820804814374097
571,82,C,1,19,0.0,0.0
571,82,C,1,20,0.9043875336647034,0.0002564058121933499
571,82,C,1,21,0.4149631157517433,0.17822272956661486
571,82,C,1,22,0.0,0.0
571,82,C,1,23,0.4122553050518036,0.17955105281499348
571,82,H,0,0,0.7642734929919243,0.12117661973679557
571,82,H,0,1,0.4160734459757805,0.18328279667250147
571,82,H,0,2,0.5853338547050952,0.18005370646632865
571,82,H,0,3,0.0,0.0
571,82,H,0,4,0.0,0.0
571,82,H,0,5,0.0,0.0
571,82,H,0,6,0.5873106271028519,0.17986889697314012
571,82,H,0,7,0.0,0.0
571,82,H,0,8,0.5825972266495227,0.1844912801885302
571,82,H,0,9,0.7575249373912811,0.11799386543940571
571,82,H,0,10,0.93166081905365,1.5212359168117473e-05
571,82,H,0,11,0.0,0.0
571,82,H,0,12,0.0,0.0
571,82,H,0,13,0.0,0.0
571,82,H,0,14,0.0,0.0
571,82,H,0,15,0.9303027391433716,1.4425380868487991e-05
571,82,H,0,16,0.0,0.0
571,82,H,0,17,0.0,0.0
571,82,H,0,18,0.4096274249255657,0.1850147160016742
571,82,H,0,19,0.0,0.0
571,82,H,0,20,0.0,0.0
571,82,H,0,21,0.5906171888113022,0.1813093224594956
571,82,H,0,22,0.0,0.0
571,82,H,0,23,0.7612491920590401,0.11912881965046887
571,82,H,1,0,0.7572332754731178,0.12035521719294842
571,82,H,1,1,0.4133415952324867,0.17818396827550897
571,82,H,1,2,0.41403486132621764,0.17674130217683284
571,82,H,1,3,0.0,0.0
571,82,H,1,4,0.0,0.0
571,82,H,1,5,0.0,0.0
571,82,H,1,6,0.5881046980619431,0.1795001623021783
571,82,H,1,7,0.0,0.0
571,82,H,1,8,0.5871522009372712,0.17917349717716033
571,82,H,1,9,0.5861328721046448,0.17904479445905488
571,82,H,1,10,0.2380180023610592,0.11926767117051063
571,82,H,1,11,0.0,0.0
571,82,H,1,12,0.0,0.0
571,82,H,1,13,0.0,0.0
571,82,H,1,14,0.0,0.0
571,82,H,1,15,0.41399557441473006,0.1773896371959795
571,82,H,1,16,0.0,0.0
571,82,H,1,17,0.0,0.0
571,82,H,1,18,0.7576438605785369,0.12138924445271315
571,82,H,1,19,0.0,0.0
571,82,H,1,20,0.0,0.0
571,82,H,1,21,0.7625435948371887,0.12110914919903393
571,82,H,1,22,0.0,0.0
571,82,H,1,23,0.41392347067594526,0.18094621001736405
571,82,H,2,0,0.23918332010507584,0.12254898306065945
571,82,H,2,1,0.5880463138222695,0.1806410644712531
571,82,H,2,2,0.41190936490893365,0.17827410227398172
571,82,H,2,3,0.0,0.0
571,82,H,2,4,0.0,0.0
571,82,H,2,5,0.0,0.0
571,82,H,2,6,0.23806474581360818,0.12100839779288294
571,82,H,2,7,0.0,0.0
571,82,H,2,8,0.7630373492836953,0.1194891456817255
571,82,H,2,9,0.5873786583542824,0.177435172644618
571,82,H,2,10,0.24388376325368882,0.11891859798216109
571,82,H,2,11,0.0,0.0
571,82,H,2,12,0.0,0.0
571,82,H,2,13,0.0,0.0
571,82,H,2,14,0.0,0.0
571,82,H,2,15,0.5868535235524177,0.17981447153239358
571,82,H,2,16,0.0,0.0
571,82,H,2,17,0.0,0.0
571,82,H,2,18,0.4180148169398308,0.18030258653313025
571,82,H,2,19,0.0,0.0
571,82,H,2,20,0.0,0.0
571,82,H,2,21,0.7598033398389816,0.11858993834972704
571,82,H,2,22,0.0,0.0
571,82,H,2,23,0.5831383898854255,0.1804011557478142
571,82,H,4,0,0.0,0.0
571,82,H,4,1,0.0,0.0
571,82,H,4,2,0.0,0.0
571,82,H,4,3,0.9354433178901672,4.19338576756445e-05
571,82,H,4,4,0.24052639901638032,0.131171850072407
571,82,H,4,5,0.5909853994846344,0.1808165458784447
571,82,H,4,6,0.0,0.0
571,82,H,4,7,0.4123893670737743,0.17841686018311
571,82,H,4,8,0.0,0.0
571,82,H,4,9,0.0,0.0
571,82,H,4,10,0.0,0.0
571,82,H,4,11,0.586220033466816,0.17835796158811307
571,82,H,4,12,0.41320583671331407,0.1793593662004134
571,82,H,4,13,0.06267002001404762,0.000256678151889187
571,82,H,4,14,0.0,0.0
571,82,H,4,15,0.0,0.0
571,82,H,4,16,0.4130145773291588,0.17706223003363206
571,82,H,4,17,0.0,0.0
571,82,H,4,18,0.0,0.0
571,82,H,4,19,0.0,0.0
571,82,H,4,20,0.5888259649276734,0.18038614983254306
571,82,H,4,21,0.0,0.0
571,82,H,4,22,0.0,0.0
571,82,H,4,23,0.0,0.0
571,82,H,5,0,0.0,0.0
571,82,H,5,1,0.0,0.0
571,82,H,5,2,0.0,0.0
571,82,H,5,3,0.40807572230696676,0.18096183667051297
571,82,H,5,4,0.7685135766863823,0.12121008231742236
571,82,H,5,5,0.24071417450904847,0.12026404737458485
571,82,H,5,6,0.0,0.0
571,82,H,5,7,0.2438567727804184,0.11949819080545718
571,82,H,5,8,0.0,0.0
571,82,H,5,9,0.0,0.0
571,82,H,5,10,0.0,0.0
571,82,H,5,11,0.7666337847709656,0.12128786040169444
571,82,H,5,12,0.41336674913764,0.18000118854856734
571,82,H,5,13,0.41124512404203417,0.1786736947650384
571,82,H,5,14,0.0,0.0
571,82,H,5,15,0.0,0.0
571,82,H,5,16,0.9345624446868896,4.701360539201005e-05
571,82,H,5,17,0.0,0.0
571,82,H,5,18,0.0,0.0
571,82,H,5,19,0.0,0.0
571,82,H,5,20,0.41615617275238037,0.17915324094510138
571,82,H,5,21,0.0,0.0
571,82,H,5,22,0.0,0.0
571,82,H,5,23,0.0,0.0
571,82,H,6,0,0.0,0.0
571,82,H,6,1,0.0,0.0
571,82,H,6,2,0.0,0.0
571,82,H,6,3,0.4129420667886734,0.17840201706836964
571,82,H,6,4,0.5845029294490814,0.18032346651747105
571,82,H,6,5,0.41225582286715506,0.18019342692103318
571,82,H,6,6,0.0,0.0
571,82,H,6,7,0.4176755279302597,0.180248022728371
571,82,H,6,8,0.0,0.0
571,82,H,6,9,0.0,0.0
571,82,H,6,10,0.0,0.0
571,82,H,6,11,0.2426140457391739,0.1199846289848899
571,82,H,6,12,0.5895310893654824,0.1792222184895716
571,82,H,6,13,0.5864783436059952,0.176376611573115
571,82,H,6,14,0.0,0.0
571,82,H,6,15,0.0,0.0
571,82,H,6,16,0.4141393147408962,0.18728145942497548
571,82,H,6,17,0.0,0.0
571,82,H,6,18,0.0,0.0
571,82,H,6,19,0.0,0.0
571,82,H,6,20,0.4151619791984558,0.17946525667243826
571,82,H,6,21,0.0,0.0
571,82,H,6,22,0.0,0.0
571,82,H,6,23,0.0,0.0
581,83,C,0,0,0.8343351125717163,0.0030118922401095463
581,83,C,0,1,0.8196330547332764,0.002156711263625368
581,83,C,0,2,0.8441785335540771,0.008203612892973808
581,83,C,0,3,0.0,0.0
581,83,C,0,4,0.0,0.0
581,83,C,0,5,0.0,0.0
581,83,C,0,6,0.0,0.0
581,83,C,0,7,0.0,0.0
581,83,C,0,8,0.0,0.0
581,83,C,0,9,0.9048514127731323,8.134384859999954e-05
581,83,C,0,10,0.9146586298942566,8.627485186224248e-05
581,83,C,0,11,0.7343616761267185,0.11712139227065788
581,83,C,0,12,0.6589555144309998,0.005447080822474959
581,83,C,0,13,0.7499622583389283,0.013422978995207871
581,83,C,0,14,0.7565548181533813,0.004909288619222138
581,83,C,0,15,0.5792605258524418,0.18189223630184306
581,83,C,0,16,0.23545515090227126,0.11859164791948071
581,83,C,0,17,0.23493919819593428,0.11974969218352967
581,83,C,0,18,0.41300048530101774,0.18374353699114493
581,83,C,0,19,0.4107927016913891,0.1854661105933249
581,83,C,0,20,0.41675078868865967,0.18422540147010508
581,83,C,0,21,0.7295020461082459,0.0018550291328972436
581,83,C,0,22,0.5855452969670296,0.17734458310502216
581,83,C,0,23,0.5864775240421295,0.17635624660147342
581,83,C,0,24,0.9200797200202941,0.00012170088157631652
581,83,C,0,25,0.5856188394129276,0.17997745964503728
581,83,C,1,0,0.0,0.0
581,83,C,1,1,0.0,0.0
581,83,C,1,2,0.0,0.0
581,83,C,1,3,0.7931179165840149,0.009572015803866806
581,83,C,1,4,0.7756389260292054,0.006666364410994277
581,83,C,1,5,0.8148228168487549,0.0027553494894812045
581,83,C,1,6,0.0,0.0
581,83,C,1,7,0.0,0.0
581,83,C,1,8,0.0,0.0
581,83,C,1,9,0.737205209583044,0.11666295322402495
581,83,C,1,10,0.9001321792602539,8.067590434279736e-06
581,83,C,1,11,0.9073340773582459,0.00016964780905141198
581,83,C,1,12,0.4090923652052879,0.1777954062805458
581,83,C,1,13,0.5819161675870419,0.17799647925815076
581,83,C,1,14,0.7553995862603188,0.11741541477563884
581,83,C,1,15,0.6563451051712036,0.0024811268636406683
581,83,C,1,16,0.773189103603363,0.005654363977392904
581,83,C,1,17,0.7490205883979797,0.010327924138395018
581,83,C,1,18,0.7582904651761055,0.1195410708158751
581,83,C,1,19,0.40825825557112694,0.1839156675415033
581,83,C,1,20,0.41009440273046494,0.18156218254795267
581,83,C,1,21,0.5893553718924522,0.18021483403191768
581,83,C,1,22,0.7293627023696899,0.004108438793853395
581,83,C,1,23,0.23937138319015502,0.12047648772964996
581,83,C,1,24,0.737113818526268,0.11569834880026324
581,83,C,1,25,0.9295769572257996,1.1131598108704567e-06
581,83,C,2,0,0.0,0.0
581,83,C,2,1,0.0,0.0
581,83,C,2,2,0.0,0.0
581,83,C,2,3,0.0,0.0
581,83,C,2,4,0.0,0.0
581,83,C,2,5,0.0,0.0
581,83,C,2,6,0.8392243027687073,0.0017242706278645416
581,83,C,2,7,0.8249572396278382,0.0017903443207890745
581,83,C,2,8,0.8255328178405762,0.004400541196204131
581,83,C,2,9,0.5637365408241749,0.17038309764055676
581,83,C,2,10,0.8993358016014099,6.274284991008017e-05
581,83,C,2,11,0.7342514485120774,0.11405417852524982
581,83,C,2,12,0.5846923515200615,0.1790568667662093
581,83,C,2,13,0.5819616928696633,0.17803455639275848
581,83,C,2,14,0.5871762648224831,0.18060096588397076
581,83,C,2,15,0.41008698716759684,0.18088606825557307
581,83,C,2,16,0.5818351462483407,0.176061287792036
581,83,C,2,17,0.413639672100544,0.17977467423639232
581,83,C,2,18,0.7375789284706116,0.008390083387499202
581,83,C,2,19,0.754562246799469,0.005463320836829269
581,83,C,2,20,0.7740800380706787,0.006582498231455247
581,83,C,2,21,0.41316924467682836,0.17979652379847585
581,83,C,2,22,0.41464073956012726,0.17629760201190753
581,83,C,2,23,0.8285180449485778,0.005190738613688097
581,83,C,2,24,0.7432053096592426,0.11838959957382597
581,83,C,2,25,0.5871037065982818,0.1765523970527886
581,83,H,0,0,0.0,0.0
581,83,H,0,1,0.0,0.0
581,83,H,0,2,0.0,0.0
581,83,H,0,3,0.9299330711364746,1.095279664298232e-06
581,83,H,0,4,0.5839321233332158,0.17908196305629312
581,83,H,0,5,0.5806871861219406,0.1839456284316661
581,83,H,0,6,0.0,0.0
581,83,H,0,7,0.0,0.0
581,83,H,0,8,0.0,0.0
581,83,H,0,9,0.4141587719321251,0.17697529341539023
581,83,H,0,10,0.5835358709096908,0.18012247257365815
581,83,H,0,11,0.7598980650305748,0.11826631466484674
581,83,H,0,12,0.0,0.0
581,83,H,0,13,0.0,0.0
581,83,H,0,14,0.0,0.0
581,83,H,0,15,0.41582367569208145,0.17879046336671714
581,83,H,0,16,0.931963074207306,1.5110552913313315e-05
581,83,H,0,17,0.7613498732447624,0.1233866995884231
581,83,H,0,18,0.0,0.0
581,83,H,0,19,0.0,0.0
581,83,H,0,20,0.0,0.0
581,83,H,0,21,0.0,0.0
581,83,H,0,22,0.5854719370603562,0.17801817854294855
581,83,H,0,23,0.0,0.0
581,83,H,0,24,0.5880420461297036,0.17971296144647153
581,83,H,0,25,0.0,0.0
581,83,H,1,0,0.0,0.0
581,83,H,1,1,0.0,0.0
581,83,H,1,2,0.0,0.0
581,83,H,1,3,0.5857137247920037,0.1768513912313822
581,83,H,1,4,0.5864939600229263,0.17624393599760366
581,83,H,1,5,0.24174347668886184,0.11920966501527211
581,83,H,1,6,0.0,0.0
581,83,H,1,7,0.0,0.0
581,83,H,1,8,0.0,0.0
581,83,H,1,9,0.5862561866641045,0.17799454463465478
581,83,H,1,10,0.4183952555060387,0.17996367426771478
581,83,H,1,11,0.7584055840969086,0.11756187778347127
581,83,H,1,12,0.0,0.0
581,83,H,1,13,0.0,0.0
581,83,H,1,14,0.0,0.0
581,83,H,1,15,0.4111055485904217,0.18110867192941044
581,83,H,1,16,0.41427052915096285,0.178817338581484
581,83,H,1,17,0.4136416733264923,0.18184525340459437
581,83,H,1,18,0.0,0.0
581,83,H,1,19,0.0,0.0
581,83,H,1,20,0.0,0.0
581,83,H,1,21,0.0,0.0
581,83,H,1,22,0.412951822578907,0.18018993085859175
581,83,H,1,23,0.0,0.0
581,83,H,1,24,0.7637437134981155,0.11960378521160546
581,83,H,1,25,0.0,0.0
581,83,H,2,0,0.0,0.0
581,83,H,2,1,0.0,0.0
581,83,H,2,2,0.0,0.0
581,83,H,2,3,0.41008609235286714,0.1831425406258115
581,83,H,2,4,0.7601633027195931,0.11866392618185653
581,83,H,2,5,0.585888909548521,0.18258643676431494
581,83,H,2,6,0.0,0.0
581,83,H,2,7,0.0,0.0
581,83,H,2,8,0.0,0.0
581,83,H,2,9,0.24347698241472243,0.11776617752054892
581,83,H,2,10,0.06855701804161071,1.573697316353595e-05
581,83,H,2,11,0.5864628225564956,0.17776401389204616
581,83,H,2,12,0.0,0.0
581,83,H,2,13,0.0,0.0
581,83,H,2,14,0.0,0.0
581,83,H,2,15,0.756992057710886,0.12157319267490589
581,83,H,2,16,0.591432923078537,0.18286967355570816
581,83,H,2,17,0.5861127808690071,0.17941647959073825
581,83,H,2,18,0.0,0.0
581,83,H,2,19,0.0,0.0
581,83,H,2,20,0.0,0.0
581,83,H,2,21,0.0,0.0
581,83,H,2,22,0.0694671854376793,5.19267030985926e-06
581,83,H,2,23,0.0,0.0
581,83,H,2,24,0.4145502932369709,0.1821535836651922
581,83,H,2,25,0.0,0.0
581,83,H,3,0,0.0,0.0
581,83,H,3,1,0.0,0.0
581,83,H,3,2,0.0,0.0
581,83,H,3,3,0.0,0.0
581,83,H,3,4,0.0,0.0
581,83,H,3,5,0.0,0.0
581,83,H,3,6,0.41472252309322355,0.17686537585547607
581,83,H,3,7,0.583572993427515,0.1786819021358864
581,83,H,3,8,0.7610961034893989,0.11861184901458303
581,83,H,3,9,0.5864280343055726,0.17814549617119943
581,83,H,3,10,0.4155744895339012,0.17883430395597938
581,83,H,3,11,0.5889512792229652,0.17888703824328264
581,83,H,3,12,0.0,0.0
581,83,H,3,13,0.0,0.0
581,83,H,3,14,0.0,0.0
581,83,H,3,15,0.0,0.0
581,83,H,3,16,0.0,0.0
581,83,H,3,17,0.0,0.0
581,83,H,3,18,0.5896259561181069,0.17893802161265296
581,83,H,3,19,0.5852797493338585,0.181052773820719
581,83,H,3,20,0.7574894718825818,0.12206511050092325
581,83,H,3,21,0.0,0.0
581,83,H,3,22,0.0,0.0
581,83,H,3,23,0.5898317411541939,0.17898292767015808
581,83,H,3,24,0.9345073938369751,3.726057952434303e-05
581,83,H,3,25,0.0,0.0
581,83,H,4,0,0.0,0.0
581,83,H,4,1,0.0,0.0
581,83,H,4,2,0.0,0.0
581,83,H,4,3,0.0,0.0
581,83,H,4,4,0.0,0.0
581,83,H,4,5,0.0,0.0
581,83,H,4,6,0.5853611797094345,0.1783030350741191
581,83,H,4,7,0.2409438781440258,0.11998922447154547
581,83,H,4,8,0.4168800413608551,0.17973260578202588
581,83,H,4,9,0.5912786394357681,0.17969498811690218
581,83,H,4,10,0.5862872183322907,0.1787405426559714
581,83,H,4,11,0.7576151475310325,0.11790763664263704
581,83,H,4,12,0.0,0.0
581,83,H,4,13,0.0,0.0
581,83,H,4,14,0.0,0.0
581,83,H,4,15,0.0,0.0
581,83,H,4,16,0.0,0.0
581,83,H,4,17,0.0,0.0
581,83,H,4,18,0.5859318062663078,0.18138226863472676
581,83,H,4,19,0.41278999447822573,0.180883007805599
581,83,H,4,20,0.7591976284980774,0.11834575160368188
581,83,H,4,21,0.0,0.0
581,83,H,4,22,0.0,0.0
581,83,H,4,23,0.7589264690876008,0.11877851621526277
581,83,H,4,24,0.5913176879286766,0.18290122721015814
581,83,H,4,25,0.0,0.0
581,83,H,5,0,0.0,0.0
581,83,H,5,1,0.0,0.0
581,83,H,5,2,0.0,0.0
581,83,H,5,3,0.0,0.0
581,83,H,5,4,0.0,0.0
581,83,H,5,5,0.0,0.0
581,83,H,5,6,0.7596134454011917,0.11911478504027069
581,83,H,5,7,0.4146606981754303,0.17657354030401323
581,83,H,5,8,0.5871191628277301,0.1831381134346549
581,83,H,5,9,0.7608064472675323,0.11867933536519375
581,83,H,5,10,0.24292357116937638,0.11775746144864566
581,83,H,5,11,0.4154781349003315,0.18277574809072528
581,83,H,5,12,0.0,0.0
581,83,H,5,13,0.0,0.0
581,83,H,5,14,0.0,0.0
581,83,H,5,15,0.0,0.0
581,83,H,5,16,0.0,0.0
581,83,H,5,17,0.0,0.0
581,83,H,5,18,0.755689873546362,0.1227104984715676
581,83,H,5,19,0.41366885751485827,0.1838071965043908
581,83,H,5,20,0.23923650085926057,0.1217418521532346
581,83,H,5,21,0.0,0.0
581,83,H,5,22,0.0,0.0
581,83,H,5,23,0.5867880254983902,0.1799856031842771
581,83,H,5,24,0.4135031342506409,0.17679123616568646
581,83,H,5,25,0.0,0.0
581,83,H,6,0,0.23717486038804053,0.11983785591110577
581,83,H,6,1,0.23543882742524147,0.12025199483382187
581,83,H,6,2,0.41793476939201357,0.17915214469870885
581,83,H,6,3,0.0,0.0
581,83,H,6,4,0.0,0.0
581,83,H,6,5,0.0,0.0
581,83,H,6,6,0.0,0.0
581,83,H,6,7,0.0,0.0
581,83,H,6,8,0.0,0.0
581,83,H,6,9,0.41522989273071287,0.18208558767015068
581,83,H,6,10,0.758806623518467,0.11970981656420662
581,83,H,6,11,0.7647424533963203,0.11994982883418973
581,83,H,6,12,0.5916031196713447,0.17976506310856172
581,83,H,6,13,0.7600482434034348,0.11960144391824594
581,83,H,6,14,0.4180517107248306,0.1803430929502358
581,83,H,6,15,0.0,0.0
581,83,H,6,16,0.0,0.0
581,83,H,6,17,0.0,0.0
581,83,H,6,18,0.0,0.0
581,83,H,6,19,0.0,0.0
581,83,H,6,20,0.0,0.0
581,83,H,6,21,0.585790142416954,0.17922720879023135
581,83,H,6,22,0.0,0.0
581,83,H,6,23,0.0,0.0
581,83,H,6,24,0.5849028415977955,0.1791395103698447
581,83,H,6,25,0.0,0.0
581,83,H,7,0,0.7599418714642525,0.11932764024592604
581,83,H,7,1,0.5857351988554,0.17671822142360621
581,83,H,7,2,0.41713849902153016,0.17877803320409508
581,83,H,7,3,0.0,0.0
581,83,H,7,4,0.0,0.0
581,83,H,7,5,0.0,0.0
581,83,H,7,6,0.0,0.0
581,83,H,7,7,0.0,0.0
581,83,H,7,8,0.0,0.0
581,83,H,7,9,0.41565375328063964,0.17836676713059046
581,83,H,7,10,0.7610111027956009,0.11973454741332963
581,83,H,7,11,0.4164713352918625,0.17840641242330496
581,83,H,7,12,0.58437230437994,0.18149357848556705
581,83,H,7,13,0.23982669934630393,0.11862975474501533
581,83,H,7,14,0.41593154668807986,0.1769880375566164
581,83,H,7,15,0.0,0.0
581,83,H,7,16,0.0,0.0
581,83,H,7,17,0.0,0.0
581,83,H,7,18,0.0,0.0
581,83,H,7,19,0.0,0.0
581,83,H,7,20,0.0,0.0
581,83,H,7,21,0.40959649756550787,0.18116223532416237
581,83,H,7,22,0.0,0.0
581,83,H,7,23,0.0,0.0
581,83,H,7,24,0.41573373675346376,0.1774385294944272
581,83,H,7,25,0.0,0.0
581,83,H,8,0,0.7577336087822915,0.11799362684540433
581,83,H,8,1,0.06928114444017411,2.2456857416384145e-05
581,83,H,8,2,0.4158418446779251,0.17812799645782057
581,83,H,8,3,0.0,0.0
581,83,H,8,4,0.0,0.0
581,83,H,8,5,0.0,0.0
581,83,H,8,6,0.0,0.0
581,83,H,8,7,0.0,0.0
581,83,H,8,8,0.0,0.0
581,83,H,8,9,0.4173205181956291,0.1807021942475367
581,83,H,8,10,0.5863715037703514,0.17603387526679382
581,83,H,8,11,0.41442129760980606,0.1775539722568736
581,83,H,8,12,0.41089924052357674,0.17881289106017884
581,83,H,8,13,0.7612329185009002,0.11872018254447751
581,83,H,8,14,0.5864917144179345,0.17781110320095886
581,83,H,8,15,0.0,0.0
581,83,H,8,16,0.0,0.0
581,83,H,8,17,0.0,0.0
581,83,H,8,18,0.0,0.0
581,83,H,8,19,0.0,0.0
581,83,H,8,20,0.0,0.0
581,83,H,8,21,0.41465683579444884,0.17649172367347515
581,83,H,8,22,0.0,0.0
581,83,H,8,23,0.0,0.0
581,83,H,8,24,0.5900673240423202,0.17998786571060643
581,83,H,8,25,0.0,0.0
591,84,C,0,0,0.8537859320640564,0.0007048771174410718
591,84,C,0,1,0.7965141534805298,0.0020130945834580414
591,84,C,0,2,0.8252657294273377,0.0024826919635424364
591,84,C,0,3,0.0,0.0
591,84,C,0,4,0.0,0.0
591,84,C,0,5,0.0,0.0
591,84,C,0,6,0.0,0.0
591,84,C,0,7,0.0,0.0
591,84,C,0,8,0.0,0.0
591,84,C,0,9,0.9038082122802734,0.0004221986588242999
591,84,C,0,10,0.4145357720553875,0.17774944270340437
591,84,C,0,11,0.24418435841798783,0.11969516904008382
591,84,C,0,12,0.8416573643684387,0.004563352136423191
591,84,C,0,13,0.8372893333435059,0.007184090116361119
591,84,C,0,14,0.7920392751693726,0.015977629988822174
591,84,C,0,15,0.0,0.0
591,84,C,0,16,0.0,0.0
591,84,C,0,17,0.0,0.0
591,84,C,0,18,0.0,0.0
591,84,C,0,19,0.0,0.0
591,84,C,0,20,0.0,0.0
591,84,C,0,21,0.25343118607997894,0.11869810086312574
591,84,C,0,22,0.7230188004672528,0.11970999573511912
591,84,C,0,23,0.0,0.0
591,84,C,0,24,0.0,0.0
591,84,C,0,25,0.4121331699192524,0.178499648609459
591,84,C,0,26,0.587458249926567,0.17943111146274746
591,84,C,0,27,0.910627019405365,0.0002206241276147125
591,84,C,1,0,0.0,0.0
591,84,C,1,1,0.0,0.0
591,84,C,1,2,0.0,0.0
591,84,C,1,3,0.8024030208587647,0.0016872463946376113
591,84,C,1,4,0.7435748279094696,0.019566844026110176
591,84,C,1,5,0.7481974840164185,0.01013077539329629
591,84,C,1,6,0.0,0.0
591,84,C,1,7,0.0,0.0
591,84,C,1,8,0.0,0.0
591,84,C,1,9,0.23517074733972548,0.12353968335378204
591,84,C,1,10,0.7214288070797921,0.1138504887491906
591,84,C,1,11,0.8917537093162536,0.0011752988018139377
591,84,C,1,12,0.0,0.0
591,84,C,1,13,0.0,0.0
591,84,C,1,14,0.0,0.0
591,84,C,1,15,0.7560257077217102,0.007196558635602343
591,84,C,1,16,0.7766587018966675,0.011282815072856636
591,84,C,1,17,0.7506768822669982,0.02177661627350943
591,84,C,1,18,0.23915588855743408,0.12049051131006935
591,84,C,1,19,0.24122558832168578,0.1181548097552346
591,84,C,1,20,0.7609911590814591,0.12497468690737608
591,84,C,1,21,0.5917106434702873,0.1795835630885957
591,84,C,1,22,0.0,0.0
591,84,C,1,23,0.8742531538009644,0.0032192930540986707
591,84,C,1,24,0.5863079063594341,0.1815838482382111
591,84,C,1,25,0.0,0.0
591,84,C,1,26,0.9092066049575805,2.9630092284946838e-05
591,84,C,1,27,0.24294037371873856,0.11754303782762596
591,84,C,2,0,0.0,0.0
591,84,C,2,1,0.0,0.0
591,84,C,2,2,0.0,0.0
591,84,C,2,3,0.0,0.0
591,84,C,2,4,0.0,0.0
591,84,C,2,5,0.0,0.0
591,84,C,2,6,0.8185052990913391,0.004424542000162148
591,84,C,2,7,0.748742938041687,0.00295591555475454
591,84,C,2,8,0.751575231552124,0.012842735372520054
591,84,C,2,9,0.7584214523434639,0.12028587289295523
591,84,C,2,10,0.7257736176252365,0.0690640084503558
591,84,C,2,11,0.8510352730751037,0.00044756167455176413
591,84,C,2,12,0.0,0.0
591,84,C,2,13,0.0,0.0
591,84,C,2,14,0.0,0.0
591,84,C,2,15,0.585030098259449,0.1771329854936215
591,84,C,2,16,0.41478471979498865,0.18140336855656627
591,84,C,2,17,0.7600879997015,0.11872820051535346
591,84,C,2,18,0.6786543905735016,0.01794375805037859
591,84,C,2,19,0.7302766680717468,0.004630297391151714
591,84,C,2,20,0.7164356589317322,0.004444160614897044
591,84,C,2,21,0.41608811616897584,0.18152570852302677
591,84,C,2,22,0.0,0.0
591,84,C,2,23,0.41147328168153763,0.1823443684614255
591,84,C,2,24,0.8849873661994934,0.0009674398999001708
591,84,C,2,25,0.0,0.0
591,84,C,2,26,0.7276986427605152,0.11779967811726118
591,84,C,2,27,0.24060393273830413,0.11919350934364495
591,84,H,1,0,0.5864621177315712,0.17912993565427682
591,84,H,1,1,0.4109541684389114,0.17933386756929473
591,84,H,1,2,0.41712468266487124,0.17805245257651697
591,84,H,1,3,0.0,0.0
591,84,H,1,4,0.0,0.0
591,84,H,1,5,0.0,0.0
591,84,H,1,6,0.0,0.0
591,84,H,1,7,0.0,0.0
591,84,H,1,8,0.0,0.0
591,84,H,1,9,0.4084706835448742,0.18102882470061296
591,84,H,1,10,0.0,0.0
591,84,H,1,11,0.0,0.0
591,84,H,1,12,0.7599309042096138,0.1190451605737011
591,84,H,1,13,0.9317619919776916,2.0299030688022412e-05
591,84,H,1,14,0.24412999898195267,0.12067970057291688
591,84,H,1,15,0.0,0.0
591,84,H,1,16,0.0,0.0
591,84,H,1,17,0.0,0.0
591,84,H,1,18,0.0,0.0
591,84,H,1,19,0.0,0.0
591,84,H,1,20,0.0,0.0
591,84,H,1,21,0.9314201354980469,5.268817647277047e-06
591,84,H,1,22,0.41426523476839067,0.17760698943136746
591,84,H,1,23,0.0,0.0
591,84,H,1,24,0.0,0.0
591,84,H,1,25,0.0,0.0
591,84,H,1,26,0.0,0.0
591,84,H,1,27,0.24138921052217482,0.12026782905542284
591,84,H,2,0,0.4164856016635895,0.18264623538969912
591,84,H,2,1,0.4126051366329193,0.18000567191262312
591,84,H,2,2,0.7579375579953194,0.11742256959800615
591,84,H,2,3,0.0,0.0
591,84,H,2,4,0.0,0.0
591,84,H,2,5,0.0,0.0
591,84,H,2,6,0.0,0.0
591,84,H,2,7,0.0,0.0
591,84,H,2,8,0.0,0.0
591,84,H,2,9,0.5879458010196685,0.17759171566864534
591,84,H,2,10,0.0,0.0
591,84,H,2,11,0.0,0.0
591,84,H,2,12,0.5870378315448761,0.17782536648777877
591,84,H,2,13,0.931223464012146,4.2244602587970804e-06
591,84,H,2,14,0.4146195575594902,0.1779143173200643
591,84,H,2,15,0.0,0.0
591,84,H,2,16,0.0,0.0
591,84,H,2,17,0.0,0.0
591,84,H,2,18,0.0,0.0
591,84,H,2,19,0.0,0.0
591,84,H,2,20,0.0,0.0
591,84,H,2,21,0.41561969742178917,0.18081230130348763
591,84,H,2,22,0.5851459667086601,0.17804645078951659
591,84,H,2,23,0.0,0.0
591,84,H,2,24,0.0,0.0
591,84,H,2,25,0.0,0.0
591,84,H,2,26,0.0,0.0
591,84,H,2,27,0.5858860298991203,0.18069267892738844
591,84,H,3,0,0.409482154995203,0.17999724434103587
591,84,H,3,1,0.241981840133667,0.1193887143622026
591,84,H,3,2,0.5858745306730271,0.17669754889682185
591,84,H,3,3,0.0,0.0
591,84,H,3,4,0.0,0.0
591,84,H,3,5,0.0,0.0
591,84,H,3,6,0.0,0.0
591,84,H,3,7,0.0,0.0
591,84,H,3,8,0.0,0.0
591,84,H,3,9,0.5887421503663063,0.179424765619648
591,84,H,3,10,0.0,0.0
591,84,H,3,11,0.0,0.0
591,84,H,3,12,0.2413151279091835,0.11815589405456603
591,84,H,3,13,0.4134466826915741,0.17727137794465303
591,84,H,3,14,0.5868898779153824,0.1775854633160659
591,84,H,3,15,0.0,0.0
591,84,H,3,16,0.0,0.0
591,84,H,3,17,0.0,0.0
591,84,H,3,18,0.0,0.0
591,84,H,3,19,0.0,0.0
591,84,H,3,20,0.0,0.0
591,84,H,3,21,0.24326694905757903,0.11839837293673819
591,84,H,3,22,0.412567050755024,0.1776290302986435
591,84,H,3,23,0.0,0.0
591,84,H,3,24,0.0,0.0
591,84,H,3,25,0.0,0.0
591,84,H,3,26,0.0,0.0
591,84,H,3,27,0.24080389589071274,0.118799255354689
591,84,H,4,0,0.0,0.0
591,84,H,4,1,0.0,0.0
591,84,H,4,2,0.0,0.0
591,84,H,4,3,0.5885344326496125,0.17749921298696508
591,84,H,4,4,0.24212368279695512,0.11845116956360344
591,84,H,4,5,0.41657670885324477,0.1776682032571267
591,84,H,4,6,0.0,0.0
591,84,H,4,7,0.0,0.0
591,84,H,4,8,0.0,0.0
591,84,H,4,9,0.0,0.0
591,84,H,4,10,0.5851205572485924,0.17759142103629283
591,84,H,4,11,0.7619945004582405,0.11973737133419896
591,84,H,4,12,0.0,0.0
591,84,H,4,13,0.0,0.0
591,84,H,4,14,0.0,0.0
591,84,H,4,15,0.24083719104528428,0.1188481069884374
591,84,H,4,16,0.5844672739505767,0.17938441530904953
591,84,H,4,17,0.24429917484521865,0.11964320638184733
591,84,H,4,18,0.0,0.0
591,84,H,4,19,0.0,0.0
591,84,H,4,20,0.0,0.0
591,84,H,4,21,0.0,0.0
591,84,H,4,22,0.0,0.0
591,84,H,4,23,0.41452270150184634,0.17614730790213826
591,84,H,4,24,0.0,0.0
591,84,H,4,25,0.0,0.0
591,84,H,4,26,0.41507754027843474,0.17903078925586544
591,84,H,4,27,0.0,0.0
591,84,H,5,0,0.0,0.0
591,84,H,5,1,0.0,0.0
591,84,H,5,2,0.0,0.0
591,84,H,5,3,0.4141195222735405,0.177832376084817
591,84,H,5,4,0.41641260832548144,0.1784066480272588
591,84,H,5,5,0.06915717497467995,3.291764484974147e-05
591,84,H,5,6,0.0,0.0
591,84,H,5,7,0.0,0.0
591,84,H,5,8,0.0,0.0
591,84,H,5,9,0.0,0.0
591,84,H,5,10,0.5905825033783912,0.1808816746931134
591,84,H,5,11,0.4142320841550827,0.17656905076755441
591,84,H,5,12,0.0,0.0
591,84,H,5,13,0.0,0.0
591,84,H,5,14,0.0,0.0
591,84,H,5,15,0.5864312835037708,0.1816869044352901
591,84,H,5,16,0.41343636214733126,0.1805996473702503
591,84,H,5,17,0.7580538019537926,0.1193386218495942
591,84,H,5,18,0.0,0.0
591,84,H,5,19,0.0,0.0
591,84,H,5,20,0.0,0.0
591,84,H,5,21,0.0,0.0
591,84,H,5,22,0.0,0.0
591,84,H,5,23,0.7571212679147721,0.11825331970698269
591,84,H,5,24,0.0,0.0
591,84,H,5,25,0.0,0.0
591,84,H,5,26,0.5870379403233528,0.17991251105944422
591,84,H,5,27,0.0,0.0
591,84,H,6,0,0.0,0.0
591,84,H,6,1,0.0,0.0
591,84,H,6,2,0.0,0.0
591,84,H,6,3,0.41515410244464873,0.17778700386325347
591,84,H,6,4,0.758626613020897,0.11836773036962041
591,84,H,6,5,0.5867155089974403,0.17621877445052297
591,84,H,6,6,0.0,0.0
591,84,H,6,7,0.0,0.0
591,84,H,6,8,0.0,0.0
591,84,H,6,9,0.0,0.0
591,84,H,6,10,0.5873335659503937,0.1769719925949405
591,84,H,6,11,0.7594258725643158,0.11987272756442109
591,84,H,6,12,0.0,0.0
591,84,H,6,13,0.0,0.0
591,84,H,6,14,0.0,0.0
591,84,H,6,15,0.5867226220667362,0.1827446837812811
591,84,H,6,16,0.4150160372257233,0.1761567773517349
591,84,H,6,17,0.5881169527769089,0.17747612523318526
591,84,H,6,18,0.0,0.0
591,84,H,6,19,0.0,0.0
591,84,H,6,20,0.0,0.0
591,84,H,6,21,0.0,0.0
591,84,H,6,22,0.0,0.0
591,84,H,6,23,0.5884641304612159,0.18037286161007776
591,84,H,6,24,0.0,0.0
591,84,H,6,25,0.0,0.0
591,84,H,6,26,0.40953564569354056,0.1795561059153107
591,84,H,6,27,0.0,0.0
591,84,H,7,0,0.0,0.0
591,84,H,7,1,0.0,0.0
591,84,H,7,2,0.0,0.0
591,84,H,7,3,0.0,0.0
591,84,H,7,4,0.0,0.0
591,84,H,7,5,0.0,0.0
591,84,H,7,6,0.4133648663759232,0.17734890185404167
591,84,H,7,7,0.5809679456055165,0.18258072404004416
591,84,H,7,8,0.7602900594472886,0.11829416920683192
591,84,H,7,9,0.0,0.0
591,84,H,7,10,0.7576483383774757,0.11750749839127073
591,84,H,7,11,0.24083144217729568,0.12106024956355273
591,84,H,7,12,0.0,0.0
591,84,H,7,13,0.0,0.0
591,84,H,7,14,0.0,0.0
591,84,H,7,15,0.0,0.0
591,84,H,7,16,0.0,0.0
591,84,H,7,17,0.0,0.0
591,84,H,7,18,0.41399156749248506,0.17778766796192885
591,84,H,7,19,0.41418937146663665,0.1790889495557652
591,84,H,7,20,0.7629588082432747,0.11957948401894089
591,84,H,7,21,0.0,0.0
591,84,H,7,22,0.0,0.0
591,84,H,7,23,0.0,0.0
591,84,H,7,24,0.9294825315475463,1.7852814428920285e-06
591,84,H,7,25,0.0,0.0
591,84,H,7,26,0.5821830324828625,0.18107299876302996
591,84,H,7,27,0.0,0.0
591,84,H,8,0,0.0,0.0
591,84,H,8,1,0.0,0.0
591,84,H,8,2,0.0,0.0
591,84,H,8,3,0.0,0.0
591,84,H,8,4,0.0,0.0
591,84,H,8,5,0.0,0.0
591,84,H,8,6,0.4119432017207146,0.17820506272098302
591,84,H,8,7,0.5951683044433593,0.18342895702604065
591,84,H,8,8,0.414532282948494,0.17789258279445455
591,84,H,8,9,0.0,0.0
591,84,H,8,10,0.5891765147447586,0.1782876900143178
591,84,H,8,11,0.41439841538667677,0.17767411526895224
591,84,H,8,12,0.0,0.0
591,84,H,8,13,0.0,0.0
591,84,H,8,14,0.0,0.0
591,84,H,8,15,0.0,0.0
591,84,H,8,16,0.0,0.0
591,84,H,8,17,0.0,0.0
591,84,H,8,18,0.06785204112529755,7.5804715743954535e-06
591,84,H,8,19,0.4119948670268059,0.17816505858482362
591,84,H,8,20,0.24186908453702927,0.1182182795733954
591,84,H,8,21,0.0,0.0
591,84,H,8,22,0.0,0.0
591,84,H,8,23,0.0,0.0
591,84,H,8,24,0.41870318055152894,0.18197578006886128
591,84,H,8,25,0.0,0.0
591,84,H,8,26,0.761238057911396,0.11896521575818549
591,84,H,8,27,0.0,0.0
591,84,H,9,0,0.0,0.0
591,84,H,9,1,0.0,0.0
591,84,H,9,2,0.0,0.0
591,84,H,9,3,0.0,0.0
591,84,H,9,4,0.0,0.0
591,84,H,9,5,0.0,0.0
591,84,H,9,6,0.5832080520689488,0.1790740558005453
591,84,H,9,7,0.5871549442410469,0.1778408093117689
591,84,H,9,8,0.2390973076224327,0.12024070200565484
591,84,H,9,9,0.0,0.0
591,84,H,9,10,0.5867753736674786,0.18029470168359224
591,84,H,9,11,0.9324676394462585,2.41427241405745e-05
591,84,H,9,12,0.0,0.0
591,84,H,9,13,0.0,0.0
591,84,H,9,14,0.0,0.0
591,84,H,9,15,0.0,0.0
591,84,H,9,16,0.0,0.0
591,84,H,9,17,0.0,0.0
591,84,H,9,18,0.23997761458158492,0.1186830810598154
591,84,H,9,19,0.41564926952123643,0.1781375242760427
591,84,H,9,20,0.7585360184311867,0.11830314454846555
591,84,H,9,21,0.0,0.0
591,84,H,9,22,0.0,0.0
591,84,H,9,23,0.0,0.0
591,84,H,9,24,0.5848715923726558,0.17991223051095628
591,84,H,9,25,0.0,0.0
591,84,H,9,26,0.5904187187552452,0.1795867393592495
591,84,H,9,27,0.0,0.0
601,85,C,0,0,0.2374842382967472,0.11945166412357891
601,85,C,0,1,0.14564271420240402,0.012619507321836084
601,85,C,0,2,0.41639044880867004,0.16484435148543838
601,85,C,0,3,0.5821265771985054,0.13261666062516406
601,85,C,0,4,0.0,0.0
601,85,C,0,5,0.0,0.0
601,85,C,0,6,0.0,0.0
601,85,C,0,7,0.0,0.0
601,85,C,0,8,0.0,0.0
601,85,C,0,9,0.0,0.0
601,85,C,0,10,0.24141621217131615,0.1208152888582659
601,85,C,0,11,0.7592815577983856,0.118725372891832
601,85,C,0,12,0.7607482478022576,0.12032492517822699
601,85,C,0,13,0.4113516077399254,0.1773650924162553
601,85,C,0,14,0.5850418165326119,0.1770041490541366
601,85,C,0,15,0.5843767561018467,0.18219414678670348
601,85,C,0,16,0.8142665266990662,0.007256259101310433
601,85,C,0,17,0.8182739973068237,0.006829785867246018
601,85,C,0,18,0.5870316565036774,0.17748653757731966
601,85,C,0,19,0.24446796029806137,0.11771142425375762
601,85,C,0,20,0.07087941914796829,4.969579360483145e-06
601,85,C,0,21,0.5925633490085602,0.1792335278927451
601,85,C,0,22,0.4156463071703911,0.17741030142893477
601,85,C,0,23,0.24511758685112,0.11756323544126271
601,85,C,0,24,0.24361735582351685,0.12037619018035386
601,85,C,0,25,0.4250419601798058,0.17589328463258985
601,85,C,0,26,0.2472525492310524,0.11773375955674822
601,85,C,0,27,0.4170868664979935,0.17774525037571384
601,85,C,0,28,0.2445956915616989,0.12153955665312095
601,85,C,0,29,0.7462919384241105,0.12245697226733054
601,85,C,1,0,0.0,0.0
601,85,C,1,1,0.40984164252877237,0.1795871977553079
601,85,C,1,2,0.0,0.0
601,85,C,1,3,0.0,0.0
601,85,C,1,4,0.7822694897651672,0.0055904706593258875
601,85,C,1,5,0.7386053144931793,0.01754480341784031
601,85,C,1,6,0.8097379446029663,0.0015100881366970499
601,85,C,1,7,0.0,0.0
601,85,C,1,8,0.0,0.0
601,85,C,1,9,0.0,0.0
601,85,C,1,10,0.0,0.0
601,85,C,1,11,0.0,0.0
601,85,C,1,12,0.0,0.0
601,85,C,1,13,0.9143364429473877,2.215759916452953e-05
601,85,C,1,14,0.5707803331315517,0.1753739205469736
601,85,C,1,15,0.7478467166423798,0.11780588712401766
601,85,C,1,16,0.5877590894699096,0.17689639225519052
601,85,C,1,17,0.414089535176754,0.1774523004728497
601,85,C,1,18,0.7121703147888183,0.0019701989920952205
601,85,C,1,19,0.7135276317596435,0.004108417784842402
601,85,C,1,20,0.8200186848640442,0.0025197303147373876
601,85,C,1,21,0.24494329541921617,0.12079716138948285
601,85,C,1,22,0.4119998037815094,0.1780103713653171
601,85,C,1,23,0.5866645544767379,0.17793012230285382
601,85,C,1,24,0.0,0.0
601,85,C,1,25,0.0,0.0
601,85,C,1,26,0.0,0.0
601,85,C,1,27,0.5888573870062828,0.1769068789916809
601,85,C,1,28,0.762868283689022,0.11563855377251589
601,85,C,1,29,0.24357800334692,0.11840793962800891
601,85,C,2,0,0.0,0.0
601,85,C,2,1,0.5858297705650329,0.17716816789572432
601,85,C,2,2,0.0,0.0
601,85,C,2,3,0.0,0.0
601,85,C,2,4,0.0,0.0
601,85,C,2,5,0.0,0.0
601,85,C,2,6,0.0,0.0
601,85,C,2,7,0.8112038016319275,0.01130847348875875
601,85,C,2,8,0.7431585431098938,0.032888812656522645
601,85,C,2,9,0.8372293949127197,0.0006635377091322425
601,85,C,2,10,0.0,0.0
601,85,C,2,11,0.0,0.0
601,85,C,2,12,0.0,0.0
601,85,C,2,13,0.7570664912462235,0.1185172176133229
601,85,C,2,14,0.9222783327102662,1.5364234874084558e-05
601,85,C,2,15,0.7569320917129516,0.11869172297299913
601,85,C,2,16,0.24018634334206582,0.11883361627746192
601,85,C,2,17,0.5879141107201576,0.17711688154186386
601,85,C,2,18,0.5797444023191929,0.1819198413879995
601,85,C,2,19,0.4191910162568092,0.18073092894329734
601,85,C,2,20,0.5905426815152168,0.17978026264086994
601,85,C,2,21,0.7578115940093995,0.001957132680616382
601,85,C,2,22,0.8025808334350586,0.0020869028914759723
601,85,C,2,23,0.7113092541694641,0.006705626692057365
601,85,C,2,24,0.0,0.0
601,85,C,2,25,0.0,0.0
601,85,C,2,26,0.0,0.0
601,85,C,2,27,0.5897012665867806,0.17767857552194247
601,85,C,2,28,0.41462682411074636,0.1858884441185098
601,85,C,2,29,0.9316572904586792,4.541176289194482e-06
601,85,C,3,0,0.19632342904806138,0.0034325933384878127
601,85,C,3,1,0.4278464689850807,0.17748704844948576
601,85,C,3,2,0.9264201998710633,6.599722601862368e-05
601,85,C,3,3,0.7513255313038826,0.11675443400188357
601,85,C,3,4,0.0,0.0
601,85,C,3,5,0.0,0.0
601,85,C,3,6,0.0,0.0
601,85,C,3,7,0.0,0.0
601,85,C,3,8,0.0,0.0
601,85,C,3,9,0.0,0.0
601,85,C,3,10,0.7816868185997009,0.00718388386045575
601,85,C,3,11,0.7881490111351013,0.00407511552327179
601,85,C,3,12,0.7788088083267212,0.002783446045912683
601,85,C,3,13,0.24139944612979888,0.11902605396729307
601,85,C,3,14,0.41308768913149835,0.17793382817024475
601,85,C,3,15,0.41456063836812973,0.18021727398733478
601,85,C,3,16,0.918658971786499,0.0002027438043995744
601,85,C,3,17,0.5689293079078197,0.17413580723849237
601,85,C,3,18,0.0,0.0
601,85,C,3,19,0.0,0.0
601,85,C,3,20,0.0,0.0
601,85,C,3,21,0.0,0.0
601,85,C,3,22,0.0,0.0
601,85,C,3,23,0.0,0.0
601,85,C,3,24,0.8789066672325134,0.0009183672352534699
601,85,C,3,25,0.788407826423645,0.0033989133563062527
601,85,C,3,26,0.8102607607841492,0.001337795478906969
601,85,C,3,27,0.0,0.0
601,85,C,3,28,0.0,0.0
601,85,C,3,29,0.5766441024839878,0.18329730939466882
601,85,H,0,0,0.0,0.0
601,85,H,0,1,0.0,0.0
601,85,H,0,2,0.0,0.0
601,85,H,0,3,0.0,0.0
601,85,H,0,4,0.0,0.0
601,85,H,0,5,0.0,0.0
601,85,H,0,6,0.0,0.0
601,85,H,0,7,0.4150470674037933,0.17834903614310577
601,85,H,0,8,0.7574825882911682,0.1191975814362621
601,85,H,0,9,0.24832749664783477,0.12583408131750892
601,85,H,0,10,0.0,0.0
601,85,H,0,11,0.0,0.0
601,85,H,0,12,0.0,0.0
601,85,H,0,13,0.7625556632876396,0.12107398460795611
601,85,H,0,14,0.4117128364741802,0.179282852100691
601,85,H,0,15,0.5824246145784855,0.18132833510349788
601,85,H,0,16,0.0,0.0
601,85,H,0,17,0.0,0.0
601,85,H,0,18,0.0,0.0
601,85,H,0,19,0.0,0.0
601,85,H,0,20,0.0,0.0
601,85,H,0,21,0.4141208350658417,0.17910951969664168
601,85,H,0,22,0.4126199796795845,0.17840811175919863
601,85,H,0,23,0.4134749747812748,0.17890787000357875
601,85,H,0,24,0.0,0.0
601,85,H,0,25,0.0,0.0
601,85,H,0,26,0.0,0.0
601,85,H,0,27,0.24470575898885727,0.12028925507720804
601,85,H,0,28,0.0,0.0
601,85,H,0,29,0.0,0.0
601,85,H,1,0,0.0,0.0
601,85,H,1,1,0.0,0.0
601,85,H,1,2,0.0,0.0
601,85,H,1,3,0.0,0.0
601,85,H,1,4,0.0,0.0
601,85,H,1,5,0.0,0.0
601,85,H,1,6,0.0,0.0
601,85,H,1,7,0.930219042301178,4.0149685636947645e-06
601,85,H,1,8,0.24030614346265794,0.11880009466256461
601,85,H,1,9,0.24003591537475585,0.1188437001963247
601,85,H,1,10,0.0,0.0
601,85,H,1,11,0.0,0.0
601,85,H,1,12,0.0,0.0
601,85,H,1,13,0.7554112315177918,0.12184986790375887
601,85,H,1,14,0.5860352382063866,0.18096552511236297
601,85,H,1,15,0.7595667749643326,0.11798090156354521
601,85,H,1,16,0.0,0.0
601,85,H,1,17,0.0,0.0
601,85,H,1,18,0.0,0.0
601,85,H,1,19,0.0,0.0
601,85,H,1,20,0.0,0.0
601,85,H,1,21,0.41671119034290316,0.17823041711674895
601,85,H,1,22,0.238779316842556,0.11918719204545791
601,85,H,1,23,0.4150445908308029,0.1760017873753274
601,85,H,1,24,0.0,0.0
601,85,H,1,25,0.0,0.0
601,85,H,1,26,0.0,0.0
601,85,H,1,27,0.4145233899354935,0.17626364637550282
601,85,H,1,28,0.0,0.0
601,85,H,1,29,0.0,0.0
601,85,H,2,0,0.0,0.0
601,85,H,2,1,0.0,0.0
601,85,H,2,2,0.0,0.0
601,85,H,2,3,0.0,0.0
601,85,H,2,4,0.0,0.0
601,85,H,2,5,0.0,0.0
601,85,H,2,6,0.0,0.0
601,85,H,2,7,0.24337681084871293,0.11743242375826131
601,85,H,2,8,0.41566217690706253,0.1771221493821316
601,85,H,2,9,0.24340569525957106,0.11753773534287129
601,85,H,2,10,0.0,0.0
601,85,H,2,11,0.0,0.0
601,85,H,2,12,0.0,0.0
601,85,H,2,13,0.5880434557795524,0.17801708999100513
601,85,H,2,14,0.58666390478611,0.17710897938055373
601,85,H,2,15,0.9316414713859558,2.3516187289374103e-06
601,85,H,2,16,0.0,0.0
601,85,H,2,17,0.0,0.0
601,85,H,2,18,0.0,0.0
601,85,H,2,19,0.0,0.0
601,85,H,2,20,0.0,0.0
601,85,H,2,21,0.4153801709413528,0.1805183934517111
601,85,H,2,22,0.7595853760838509,0.11801926452853709
601,85,H,2,23,0.4139715164899826,0.17668491949770104
601,85,H,2,24,0.0,0.0
601,85,H,2,25,0.0,0.0
601,85,H,2,26,0.0,0.0
601,85,H,2,27,0.5867759302258492,0.17680638903266793
601,85,H,2,28,0.0,0.0
601,85,H,2,29,0.0,0.0
601,85,H,3,0,0.0,0.0
601,85,H,3,1,0.0,0.0
601,85,H,3,2,0.0,0.0
601,85,H,3,3,0.0,0.0
601,85,H,3,4,0.5877961918711663,0.17696131589073846
601,85,H,3,5,0.7614743441343308,0.11874269166702549
601,85,H,3,6,0.4150668129324913,0.1779431414169474
601,85,H,3,7,0.0,0.0
601,85,H,3,8,0.0,0.0
601,85,H,3,9,0.0,0.0
601,85,H,3,10,0.0,0.0
601,85,H,3,11,0.0,0.0
601,85,H,3,12,0.0,0.0
601,85,H,3,13,0.4140520453453064,0.17707172854272463
601,85,H,3,14,0.7587361559271812,0.11769104078612003
601,85,H,3,15,0.24235431998968124,0.11821981026331574
601,85,H,3,16,0.0,0.0
601,85,H,3,17,0.0,0.0
601,85,H,3,18,0.5880908697843552,0.1773610076202242
601,85,H,3,19,0.5842368543148041,0.18437187009868355
601,85,H,3,20,0.24442839622497559,0.11901034769433452
601,85,H,3,21,0.0,0.0
601,85,H,3,22,0.0,0.0
601,85,H,3,23,0.0,0.0
601,85,H,3,24,0.0,0.0
601,85,H,3,25,0.0,0.0
601,85,H,3,26,0.0,0.0
601,85,H,3,27,0.0,0.0
601,85,H,3,28,0.4162003606557846,0.17808235270221012
601,85,H,3,29,0.0,0.0
601,85,H,4,0,0.0,0.0
601,85,H,4,1,0.0,0.0
601,85,H,4,2,0.0,0.0
601,85,H,4,3,0.0,0.0
601,85,H,4,4,0.5877936512231827,0.1778613379792461
601,85,H,4,5,0.585437436401844,0.1778266430743313
601,85,H,4,6,0.24150248765945434,0.1182940526527467
601,85,H,4,7,0.0,0.0
601,85,H,4,8,0.0,0.0
601,85,H,4,9,0.0,0.0
601,85,H,4,10,0.0,0.0
601,85,H,4,11,0.0,0.0
601,85,H,4,12,0.0,0.0
601,85,H,4,13,0.5824977211654186,0.18196685781531347
601,85,H,4,14,0.5860381990671157,0.17855948425093654
601,85,H,4,15,0.5865840196609498,0.17774883234353242
601,85,H,4,16,0.0,0.0
601,85,H,4,17,0.0,0.0
601,85,H,4,18,0.24175607711076735,0.1180385507449033
601,85,H,4,19,0.4159004509449005,0.18014500023409866
601,85,H,4,20,0.41640000641345976,0.1790784853080407
601,85,H,4,21,0.0,0.0
601,85,H,4,22,0.0,0.0
601,85,H,4,23,0.0,0.0
601,85,H,4,24,0.0,0.0
601,85,H,4,25,0.0,0.0
601,85,H,4,26,0.0,0.0
601,85,H,4,27,0.0,0.0
601,85,H,4,28,0.41082203239202497,0.17916532472287408
601,85,H,4,29,0.0,0.0
601,85,H,5,0,0.0,0.0
601,85,H,5,1,0.0,0.0
601,85,H,5,2,0.0,0.0
601,85,H,5,3,0.0,0.0
601,85,H,5,4,0.416623654961586,0.17897371744221952
601,85,H,5,5,0.237241493165493,0.12016081094056667
601,85,H,5,6,0.24118434116244317,0.11823860660449625
601,85,H,5,7,0.0,0.0
601,85,H,5,8,0.0,0.0
601,85,H,5,9,0.0,0.0
601,85,H,5,10,0.0,0.0
601,85,H,5,11,0.0,0.0
601,85,H,5,12,0.0,0.0
601,85,H,5,13,0.5867254093289376,0.17664463144693182
601,85,H,5,14,0.7593226745724678,0.11882660845923854
601,85,H,5,15,0.5867066517472267,0.1812574579742489
601,85,H,5,16,0.0,0.0
601,85,H,5,17,0.0,0.0
601,85,H,5,18,0.4143396750092506,0.1766009292314577
601,85,H,5,19,0.5852107137441636,0.17755629796574252
601,85,H,5,20,0.5858537748456001,0.1784141734496701
601,85,H,5,21,0.0,0.0
601,85,H,5,22,0.0,0.0
601,85,H,5,23,0.0,0.0
601,85,H,5,24,0.0,0.0
601,85,H,5,25,0.0,0.0
601,85,H,5,26,0.0,0.0
601,85,H,5,27,0.0,0.0
601,85,H,5,28,0.5887481048703194,0.1789003914795449
601,85,H,5,29,0.0,0.0
601,85,H,6,0,0.5849834352731704,0.17721976603473044
601,85,H,6,1,0.5860417887568474,0.17714481891145684
601,85,H,6,2,0.41161397844552994,0.18108454560936207
601,85,H,6,3,0.587361778318882,0.17738537180926603
601,85,H,6,4,0.0,0.0
601,85,H,6,5,0.0,0.0
601,85,H,6,6,0.0,0.0
601,85,H,6,7,0.0,0.0
601,85,H,6,8,0.0,0.0
601,85,H,6,9,0.0,0.0
601,85,H,6,10,0.0,0.0
601,85,H,6,11,0.0,0.0
601,85,H,6,12,0.0,0.0
601,85,H,6,13,0.5874837815761567,0.17857176902258315
601,85,H,6,14,0.9298426985740662,1.3971800433409952e-06
601,85,H,6,15,0.06926865428686142,1.126693804932799e-05
601,85,H,6,16,0.5882636144757271,0.17707085648919202
601,85,H,6,17,0.4150154784321785,0.17892224143556068
601,85,H,6,18,0.0,0.0
601,85,H,6,19,0.0,0.0
601,85,H,6,20,0.0,0.0
601,85,H,6,21,0.0,0.0
601,85,H,6,22,0.0,0.0
601,85,H,6,23,0.0,0.0
601,85,H,6,24,0.759483614563942,0.11775386125023135
601,85,H,6,25,0.5880113452672958,0.17673259453675627
601,85,H,6,26,0.2421790100634098,0.12061136433524364
601,85,H,6,27,0.0,0.0
601,85,H,6,28,0.0,0.0
601,85,H,6,29,0.06557319611310959,3.4457222898650606e-05
601,85,H,7,0,0.41023003309965134,0.179836126826706
601,85,H,7,1,0.06855445429682731,2.257009868286364e-05
601,85,H,7,2,0.7587458789348602,0.11843557115725574
601,85,H,7,3,0.7602475315332413,0.11828203992726219
601,85,H,7,4,0.0,0.0
601,85,H,7,5,0.0,0.0
601,85,H,7,6,0.0,0.0
601,85,H,7,7,0.0,0.0
601,85,H,7,8,0.0,0.0
601,85,H,7,9,0.0,0.0
601,85,H,7,10,0.0,0.0
601,85,H,7,11,0.0,0.0
601,85,H,7,12,0.0,0.0
601,85,H,7,13,0.4126906394958496,0.17805132765664414
601,85,H,7,14,0.7639565542340279,0.11955744917703907
601,85,H,7,15,0.41579158008098605,0.1767216356742062
601,85,H,7,16,0.5883179396390915,0.1770950098101388
601,85,H,7,17,0.5897299662232399,0.17807563729362272
601,85,H,7,18,0.0,0.0
601,85,H,7,19,0.0,0.0
601,85,H,7,20,0.0,0.0
601,85,H,7,21,0.0,0.0
601,85,H,7,22,0.0,0.0
601,85,H,7,23,0.0,0.0
601,85,H,7,24,0.9310822129249573,9.835942870495274e-07
601,85,H,7,25,0.586426343023777,0.17724312881573723
601,85,H,7,26,0.5890545308589935,0.17791742978010716
601,85,H,7,27,0.0,0.0
601,85,H,7,28,0.0,0.0
601,85,H,7,29,0.7588533133268356,0.11794063083103486
601,85,H,8,0,0.2439955949783325,0.11856051063603949
601,85,H,8,1,0.23938651010394096,0.11878939449332682
601,85,H,8,2,0.0,0.0
601,85,H,8,3,0.0,0.0
601,85,H,8,4,0.0,0.0
601,85,H,8,5,0.0,0.0
601,85,H,8,6,0.0,0.0
601,85,H,8,7,0.0,0.0
601,85,H,8,8,0.0,0.0
601,85,H,8,9,0.0,0.0
601,85,H,8,10,0.2434067651629448,0.12078414964331344
601,85,H,8,11,0.23940968737006188,0.11880823670752685
601,85,H,8,12,0.5874088361859322,0.1776591459768378
601,85,H,8,13,0.0,0.0
601,85,H,8,14,0.0,0.0
601,85,H,8,15,0.0,0.0
601,85,H,8,16,0.7629791885614395,0.11908995010219736
601,85,H,8,17,0.06972230598330498,2.4755379701968393e-05
601,85,H,8,18,0.0,0.0
601,85,H,8,19,0.0,0.0
601,85,H,8,20,0.0,0.0
601,85,H,8,21,0.0,0.0
601,85,H,8,22,0.0,0.0
601,85,H,8,23,0.0,0.0
601,85,H,8,24,0.5876668438315391,0.17666112514004145
601,85,H,8,25,0.7592631712555885,0.11836426801282782
601,85,H,8,26,0.23593692108988762,0.1234518855517756
601,85,H,8,27,0.0,0.0
601,85,H,8,28,0.0,0.0
601,85,H,8,29,0.5850415289402008,0.17777201129497483
601,85,H,9,0,0.7598904371261597,0.11815513112676683
601,85,H,9,1,0.4137158378958702,0.17814117080921826
601,85,H,9,2,0.0,0.0
601,85,H,9,3,0.0,0.0
601,85,H,9,4,0.0,0.0
601,85,H,9,5,0.0,0.0
601,85,H,9,6,0.0,0.0
601,85,H,9,7,0.0,0.0
601,85,H,9,8,0.0,0.0
601,85,H,9,9,0.0,0.0
601,85,H,9,10,0.5863307699561119,0.17659095055186982
601,85,H,9,11,0.4141735896468163,0.1782203255389167
601,85,H,9,12,0.2409688115119934,0.1187430133619525
601,85,H,9,13,0.0,0.0
601,85,H,9,14,0.0,0.0
601,85,H,9,15,0.0,0.0
601,85,H,9,16,0.7592373237013816,0.11764805756488125
601,85,H,9,17,0.4147097408771515,0.17927477503796668
601,85,H,9,18,0.0,0.0
601,85,H,9,19,0.0,0.0
601,85,H,9,20,0.0,0.0
601,85,H,9,21,0.0,0.0
601,85,H,9,22,0.0,0.0
601,85,H,9,23,0.0,0.0
601,85,H,9,24,0.415955114364624,0.17807967918951115
601,85,H,9,25,0.7607398733496666,0.11838999480139119
601,85,H,9,26,0.24244024455547333,0.11930532876272057
601,85,H,9,27,0.0,0.0
601,85,H,9,28,0.0,0.0
601,85,H,9,29,0.41608142107725143,0.17873162759116262
601,85,H,10,0,0.23971615955233574,0.1194882593063197
601,85,H,10,1,0.4147168129682541,0.177344231952422
601,85,H,10,2,0.0,0.0
601,85,H,10,3,0.0,0.0
601,85,H,10,4,0.0,0.0
601,85,H,10,5,0.0,0.0
601,85,H,10,6,0.0,0.0
601,85,H,10,7,0.0,0.0
601,85,H,10,8,0.0,0.0
601,85,H,10,9,0.0,0.0
601,85,H,10,10,0.4126453593373299,0.1787078758548939
601,85,H,10,11,0.9342603802680969,5.4394633401102504e-05
601,85,H,10,12,0.5825018048286438,0.18056168659581454
601,85,H,10,13,0.0,0.0
601,85,H,10,14,0.0,0.0
601,85,H,10,15,0.0,0.0
601,85,H,10,16,0.5846894025802613,0.17851412930725158
601,85,H,10,17,0.24183873683214188,0.11912500148221232
601,85,H,10,18,0.0,0.0
601,85,H,10,19,0.0,0.0
601,85,H,10,20,0.0,0.0
601,85,H,10,21,0.0,0.0
601,85,H,10,22,0.0,0.0
601,85,H,10,23,0.0,0.0
601,85,H,10,24,0.42056180387735365,0.18439832053028998
601,85,H,10,25,0.24383193850517274,0.11756855986633803
601,85,H,10,26,0.5882581114768982,0.18414901072802098
601,85,H,10,27,0.0,0.0
601,85,H,10,28,0.0,0.0
601,85,H,10,29,0.7614811345934868,0.11946271274668056
611,86,C,0,0,0.4410065531730652,0.16463351869077242
611,86,C,0,1,0.8042959570884705,0.011333991019596113
611,86,C,0,2,0.40874798223376274,0.18717999768361904
611,86,C,0,3,0.44580629020929335,0.1588114117333761
611,86,C,0,4,0.2348683699965477,0.12183615387598942
611,86,C,0,5,0.41165995225310326,0.1825706101382602
611,86,C,0,6,0.7577834010124207,0.009850408972626781
611,86,C,0,7,0.5712392538785934,0.1757989187921728
611,86,C,0,8,0.0,0.0
611,86,C,0,9,0.0,0.0
611,86,C,0,10,0.43860164284706116,0.15783872507336588
611,86,C,0,11,0.11700905710458756,0.0010391004896933879
611,86,C,0,12,0.8366693615913391,0.0037536537554609594
611,86,C,0,13,0.8287785887718201,0.002359631710749852
611,86,C,0,14,0.5894913338124752,0.1828707473490611
611,86,C,0,15,0.5808408297598362,0.18592203675150698
611,86,C,0,16,0.11624756157398224,0.0007650781366382332
611,86,C,0,17,0.40997025966644285,0.1802163609489411
611,86,C,1,0,0.7713992476463318,0.002768901111931257
611,86,C,1,1,0.761486342549324,0.09009921436937379
611,86,C,1,2,0.08509325236082077,0.0005150946896986142
611,86,C,1,3,0.8319989919662476,0.008419887139542084
611,86,C,1,4,0.581249263882637,0.18265609350378859
611,86,C,1,5,0.25063781812787056,0.10783541054720469
611,86,C,1,6,0.9240389347076416,0.00014070425750873028
611,86,C,1,7,0.7333385229110718,0.00991368971074195
611,86,C,1,8,0.5520545385777951,0.1727124979906707
611,86,C,1,9,0.0,0.0
611,86,C,1,10,0.25118826180696485,0.12091578431883805
611,86,C,1,11,0.4145027227699757,0.1838956689209907
611,86,C,1,12,0.8355818390846252,0.0015314118593963144
611,86,C,1,13,0.8118463397026062,0.00915272798724743
611,86,C,1,14,0.8587500810623169,0.001670565224312668
611,86,C,1,15,0.9358952403068542,1.7685914343132936e-05
611,86,C,1,16,0.3095207065343857,0.1063348343396016
611,86,C,1,17,0.41301454231143,0.18122959050457993
611,86,C,2,0,0.228291941806674,0.12833955611000875
611,86,C,2,1,0.5895643807947636,0.18771035001499534
611,86,C,2,2,0.8372068166732788,0.00510102364911603
611,86,C,2,3,0.7812933370471,0.11135969913673512
611,86,C,2,4,0.6245249211788177,0.14069654711936713
611,86,C,2,5,0.7984898328781128,0.0019833794322516953
611,86,C,2,6,0.0,0.0
611,86,C,2,7,0.9151450991630554,0.000109118295554822
611,86,C,2,8,0.81444251537323,0.0010811885437504998
611,86,C,2,9,0.5733255244791507,0.19135042851957892
611,86,C,2,10,0.41523602083325384,0.18279621391412185
611,86,C,2,11,0.25043834149837496,0.12151058415908877
611,86,C,2,12,0.5797621639445424,0.1925392670048565
611,86,C,2,13,0.8488733053207398,0.005880199350223449
611,86,C,2,14,0.7930120468139649,0.0015678694467860053
611,86,C,2,15,0.8242388963699341,0.0070210407343367365
611,86,C,2,16,0.5871344111859799,0.18083419840361586
611,86,C,2,17,0.25763045698404313,0.0925489221094155
611,86,C,3,0,0.41158978566527366,0.17997508798904316
611,86,C,3,1,0.7571179315447807,0.12045348429752414
611,86,C,3,2,0.41294021606445314,0.1721505641162311
611,86,C,3,3,0.7587425574660301,0.11847151542715742
611,86,C,3,4,0.8271613597869873,0.013584626786310708
611,86,C,3,5,0.4114905819296837,0.18842087186954015
611,86,C,3,6,0.0,0.0
611,86,C,3,7,0.0,0.0
611,86,C,3,8,0.7383952744305133,0.12024969699880392
611,86,C,3,9,0.8074889302253723,0.012942067894076672
611,86,C,3,10,0.12561266720294953,0.0010016515006232441
611,86,C,3,11,0.31326059997081757,0.11090700658663384
611,86,C,3,12,0.4140744835138321,0.17867288943429624
611,86,C,3,13,0.5937598332762718,0.18069806950105496
611,86,C,3,14,0.703622967004776,0.05696264719620814
611,86,C,3,15,0.8044885158538818,0.00483629070469874
611,86,C,3,16,0.7695183619856835,0.12461408186220187
611,86,C,3,17,0.12911719530820848,0.0011448031951846094
611,86,H,0,0,0.23985588401556016,0.11955754911990286
611,86,H,0,1,0.5878775149583817,0.17950205634777686
611,86,H,0,2,0.0,0.0
611,86,H,0,3,0.5868549138307572,0.1777541898894629
611,86,H,0,4,0.0,0.0
611,86,H,0,5,0.0,0.0
611,86,H,0,6,0.06912581697106361,3.624833232911628e-05
611,86,H,0,7,0.0,0.0
611,86,H,0,8,0.0,0.0
611,86,H,0,9,0.0,0.0
611,86,H,0,10,0.40983944982290266,0.1841705657772277
611,86,H,0,11,0.758744415640831,0.12472543487857775
611,86,H,0,12,0.5880955904722214,0.18205474062641042
611,86,H,0,13,0.5865378379821777,0.17714065299697807
611,86,H,0,14,0.0,0.0
611,86,H,0,15,0.0,0.0
611,86,H,0,16,0.4102760531008244,0.19121342395271607
611,86,H,0,17,0.0,0.0
611,86,H,1,0,0.5906602412462234,0.18346320657562765
611,86,H,1,1,0.4127911143004894,0.180548182406474
611,86,H,1,2,0.5885510727763176,0.18806604798562226
611,86,H,1,3,0.41245862916111947,0.18344958306846398
611,86,H,1,4,0.0,0.0
611,86,H,1,5,0.4214779868721962,0.18578806791804772
611,86,H,1,6,0.0,0.0
611,86,H,1,7,0.9293793559074401,1.46680795430143e-05
611,86,H,1,8,0.0,0.0
611,86,H,1,9,0.0,0.0
611,86,H,1,10,0.0,0.0
611,86,H,1,11,0.0,0.0
611,86,H,1,12,0.41435561776161195,0.17950348633057123
611,86,H,1,13,0.7658119902014733,0.12057884303170274
611,86,H,1,14,0.2374008558690548,0.12379431295438023
611,86,H,1,15,0.0,0.0
611,86,H,1,16,0.5912641599774361,0.17985155195895144
611,86,H,1,17,0.0,0.0
611,86,H,2,0,0.06441068947315216,0.00012640902752029335
611,86,H,2,1,0.0,0.0
611,86,H,2,2,0.5836275413632392,0.18462195457663086
611,86,H,2,3,0.41732908934354784,0.18498243495378475
611,86,H,2,4,0.592711366713047,0.18131123622249484
611,86,H,2,5,0.4077930383384228,0.17997591236712512
611,86,H,2,6,0.0,0.0
611,86,H,2,7,0.0,0.0
611,86,H,2,8,0.7582707092165947,0.11886144706249642
611,86,H,2,9,0.0,0.0
611,86,H,2,10,0.0,0.0
611,86,H,2,11,0.0,0.0
611,86,H,2,12,0.0,0.0
611,86,H,2,13,0.0502447247505188,0.00018935214499199768
611,86,H,2,14,0.5871741741895675,0.1782294158820861
611,86,H,2,15,0.5931919351220131,0.18747656625300677
611,86,H,2,16,0.0,0.0
611,86,H,2,17,0.5903104096651077,0.1845924561560551
611,86,H,3,0,0.0,0.0
611,86,H,3,1,0.0,0.0
611,86,H,3,2,0.24073277413845062,0.12281856120354848
611,86,H,3,3,0.0,0.0
611,86,H,3,4,0.41220723614096644,0.18158440076933385
611,86,H,3,5,0.7618050470948219,0.12541434118167122
611,86,H,3,6,0.0,0.0
611,86,H,3,7,0.0,0.0
611,86,H,3,8,0.0,0.0
611,86,H,3,9,0.5834203504025937,0.18916662296807832
611,86,H,3,10,0.9432419061660766,0.0002239023351356195
611,86,H,3,11,0.7625863000750541,0.12010187893235864
611,86,H,3,12,0.0,0.0
611,86,H,3,13,0.0,0.0
611,86,H,3,14,0.5827216371893883,0.1860851222281897
611,86,H,3,15,0.7649342268705368,0.122180296233204
611,86,H,3,16,0.0,0.0
611,86,H,3,17,0.583552984893322,0.1855362320794336
621,87,C,0,0,0.41510411277413367,0.1823196581591995
621,87,C,0,1,0.7560183823108673,0.09274214012730923
621,87,C,0,2,0.41852786391973495,0.18269325409583081
621,87,C,0,3,0.41334257945418357,0.18092668503917136
621,87,C,0,4,0.763095885515213,0.12221641892529718
621,87,C,0,5,0.4223332405090332,0.1800534980875427
621,87,C,0,6,0.592130497097969,0.18258230714029042
621,87,C,0,7,0.4172927252948284,0.1831701242335248
621,87,C,0,8,0.0,0.0
621,87,C,0,9,0.0,0.0
621,87,C,0,10,0.5891691535711289,0.18103753843905906
621,87,C,0,11,0.5817305706441402,0.1845096599943635
621,87,C,0,12,0.2659262254834175,0.10294668138165837
621,87,C,0,13,0.25583855658769605,0.10646993668083218
621,87,C,0,14,0.2356614999473095,0.11743663022177345
621,87,C,0,15,0.40989726036787033,0.17830403190647282
621,87,C,0,16,0.7600236505270004,0.11867356848995814
621,87,C,0,17,0.41556699126958846,0.1791050321710139
621,87,C,0,18,0.7541764996945858,0.11990401093342051
621,87,C,0,19,0.5949435129761695,0.1824312507265906
621,87,C,0,20,0.41309750378131865,0.1791664710090664
621,87,C,0,21,0.5920379981398582,0.1825941270804286
621,87,C,1,0,0.1013889655470848,0.0003046054906426088
621,87,C,1,1,0.24790047258138656,0.1201243906358412
621,87,C,1,2,0.4229200378060341,0.1776974450196147
621,87,C,1,3,0.11231442242860794,0.0011554552988832035
621,87,C,1,4,0.41584856137633325,0.18145861756712733
621,87,C,1,5,0.41524305045604704,0.1766683982316969
621,87,C,1,6,0.6890396028757095,0.10849315594135459
621,87,C,1,7,0.8611081719398499,0.0010991451587975122
621,87,C,1,8,0.5893508911132812,0.17913235940314104
621,87,C,1,9,0.591279499232769,0.18403452502476086
621,87,C,1,10,0.23677041828632356,0.11999517676367596
621,87,C,1,11,0.5870991513133049,0.17755452048024023
621,87,C,1,12,0.5958773449063302,0.1768156869354131
621,87,C,1,13,0.24504804164171218,0.12194031592450313
621,87,C,1,14,0.7039004981517791,0.027591831637901833
621,87,C,1,15,0.6759450063109398,0.09523651350611595
621,87,C,1,16,0.7642162755131722,0.12150817744107664
621,87,C,1,17,0.7647555157542228,0.12989487680296305
621,87,C,1,18,0.7509215995669365,0.12100340220493977
621,87,C,1,19,0.7461163498461246,0.11940745035154213
621,87,C,1,20,0.5882255136966705,0.1804533738575061
621,87,C,1,21,0.41860842555761335,0.18370154470025485
621,87,C,2,0,0.7630124159157277,0.1268858201298908
621,87,C,2,1,0.42104451209306715,0.18384192399172608
621,87,C,2,2,0.24144889414310455,0.12152973102746234
621,87,C,2,3,0.5872443601489067,0.17996957249957482
621,87,C,2,4,0.0,0.0
621,87,C,2,5,0.0,0.0
621,87,C,2,6,0.06295464485883713,0.00018429575986530721
621,87,C,2,7,0.06363005489110947,0.0001503815301637035
621,87,C,2,8,0.24107597768306732,0.12222978886768836
621,87,C,2,9,0.5894516453146934,0.17612636756243902
621,87,C,2,10,0.5891875803470612,0.17879650236045913
621,87,C,2,11,0.413359560072422,0.17907838849462618
621,87,C,2,12,0.41227355748414996,0.185580262512327
621,87,C,2,13,0.42013882398605346,0.18036966482814668
621,87,C,2,14,0.41169414222240447,0.18190296978291065
621,87,C,2,15,0.24008233919739724,0.12007324574744682
621,87,C,2,16,0.9305310249328613,2.2206266936564135e-05
621,87,C,2,17,0.594185645878315,0.17464472780688145
621,87,C,2,18,0.5855517014861107,0.18906954539663262
621,87,C,2,19,0.4140647232532501,0.17797530418842836
621,87,C,2,20,0.4205831617116928,0.18704205718331565
621,87,C,2,21,0.41885766685009,0.17938778961726884
621,87,H,0,0,0.41341872662305834,0.18251132927482522
621,87,H,0,1,0.24267747700214387,0.12315447743438634
621,87,H,0,2,0.5830492898821831,0.18217948865913575
621,87,H,0,3,0.411937889456749,0.1846548452904908
621,87,H,0,4,0.0,0.0
621,87,H,0,5,0.0,0.0
621,87,H,0,6,0.4082226619124413,0.18308849329010823
621,87,H,0,7,0.7594189755618572,0.12591729984645766
621,87,H,0,8,0.0,0.0
621,87,H,0,9,0.0,0.0
621,87,H,0,10,0.0,0.0
621,87,H,0,11,0.0,0.0
621,87,H,0,12,0.5886412002146244,0.1872540966322041
621,87,H,0,13,0.41641293466091156,0.17659633197276017
621,87,H,0,14,0.930773389339447,2.082628649304752e-06
621,87,H,0,15,0.41528560370206835,0.1762351986073684
621,87,H,0,16,0.07031655460596084,3.7673420132953163e-05
621,87,H,0,17,0.4083949975669384,0.18624089913730327
621,87,H,0,18,0.5856393620371818,0.17809477056399214
621,87,H,0,19,0.4132722198963165,0.17950868184509103
621,87,H,0,20,0.0,0.0
621,87,H,0,21,0.0,0.0
621,87,H,1,0,0.23682190775871276,0.11985795249074242
621,87,H,1,1,0.5879744052886963,0.1807081385611129
621,87,H,1,2,0.5869367077946663,0.17727474991758715
621,87,H,1,3,0.23569841161370278,0.12068685634806305
621,87,H,1,4,0.0,0.0
621,87,H,1,5,0.0,0.0
621,87,H,1,6,0.5877461612224579,0.178038457189581
621,87,H,1,7,0.24523309469223023,0.12203476118559561
621,87,H,1,8,0.0,0.0
621,87,H,1,9,0.0,0.0
621,87,H,1,10,0.0,0.0
621,87,H,1,11,0.0,0.0
621,87,H,1,12,0.4102966085076332,0.1800833839855763
621,87,H,1,13,0.5875964991748333,0.1834456845865673
621,87,H,1,14,0.23927685841917992,0.12215198755910057
621,87,H,1,15,0.24349498152732849,0.11850133916998565
621,87,H,1,16,0.41730390936136247,0.17969435639400472
621,87,H,1,17,0.5885621041059494,0.17771784173092392
621,87,H,1,18,0.5835929781198501,0.1830580899915564
621,87,H,1,19,0.4189369365572929,0.18141453840893648
621,87,H,1,20,0.0,0.0
621,87,H,1,21,0.0,0.0
621,87,H,2,0,0.586846587061882,0.1781931572380229
621,87,H,2,1,0.0,0.0
621,87,H,2,2,0.578474859893322,0.18715703106227224
621,87,H,2,3,0.4132870115339756,0.1796284811312384
621,87,H,2,4,0.0,0.0
621,87,H,2,5,0.0,0.0
621,87,H,2,6,0.0,0.0
621,87,H,2,7,0.0,0.0
621,87,H,2,8,0.23564184084534645,0.12037040251932343
621,87,H,2,9,0.4087384507060051,0.18195766766156657
621,87,H,2,10,0.0,0.0
621,87,H,2,11,0.24137407913804054,0.1301315467014786
621,87,H,2,12,0.0,0.0
621,87,H,2,13,0.0,0.0
621,87,H,2,14,0.4097211465239525,0.18327461853006538
621,87,H,2,15,0.5925048887729645,0.18038197814588103
621,87,H,2,16,0.24324994534254074,0.11764631780464889
621,87,H,2,17,0.7537326216697693,0.12586303296022833
621,87,H,2,18,0.0,0.0
621,87,H,2,19,0.5800911620259285,0.18298012393037624
621,87,H,2,20,0.0,0.0
621,87,H,2,21,0.2389969550073147,0.1188965031114203
621,87,H,3,0,0.7610584989190101,0.11930161188886368
621,87,H,3,1,0.0,0.0
621,87,H,3,2,0.41535691171884537,0.18021359747186483
621,87,H,3,3,0.5898049540817738,0.1854563738153811
621,87,H,3,4,0.0,0.0
621,87,H,3,5,0.0,0.0
621,87,H,3,6,0.0,0.0
621,87,H,3,7,0.0,0.0
621,87,H,3,8,0.4115676566958427,0.18054125569860208
621,87,H,3,9,0.7645465776324272,0.12092725052686229
621,87,H,3,10,0.0,0.0
621,87,H,3,11,0.07112835049629211,1.4968731473130605e-06
621,87,H,3,12,0.0,0.0
621,87,H,3,13,0.0,0.0
621,87,H,3,14,0.2406904250383377,0.11985493926024496
621,87,H,3,15,0.763804928958416,0.11943292374454462
621,87,H,3,16,0.24431633502244948,0.12231048821096853
621,87,H,3,17,0.7591217920184136,0.12216641115735956
621,87,H,3,18,0.0,0.0
621,87,H,3,19,0.4122850902378559,0.182077856256163
621,87,H,3,20,0.0,0.0
621,87,H,3,21,0.5930767461657525,0.18655464366886748
621,87,H,4,0,0.4156929634511471,0.18125766021527595
621,87,H,4,1,0.7604673132300377,0.1187644836519656
621,87,H,4,2,0.0,0.0
621,87,H,4,3,0.23636416643857955,0.12521491517823444
621,87,H,4,4,0.24076846688985826,0.11833437166631922
621,87,H,4,5,0.24004532471299173,0.11860417458491454
621,87,H,4,6,0.0,0.0
621,87,H,4,7,0.0,0.0
621,87,H,4,8,0.0,0.0
621,87,H,4,9,0.0,0.0
621,87,H,4,10,0.40646487176418306,0.18269063215166798
621,87,H,4,11,0.0,0.0
621,87,H,4,12,0.7616910830140113,0.12199783127998091
621,87,H,4,13,0.5844855986535549,0.17935101628723754
621,87,H,4,14,0.4125905305147171,0.18094468701934727
621,87,H,4,15,0.2427109569311142,0.1178012420790769
621,87,H,4,16,0.0,0.0
621,87,H,4,17,0.0,0.0
621,87,H,4,18,0.4151289165019989,0.18088462754664525
621,87,H,4,19,0.0,0.0
621,87,H,4,20,0.9306736469268799,6.173432774971843e-06
621,87,H,4,21,0.0,0.0
621,87,H,5,0,0.5840830788016319,0.18433933585691697
621,87,H,5,1,0.5870457783341407,0.18099540076312257
621,87,H,5,2,0.0,0.0
621,87,H,5,3,0.41079036965966226,0.18330765464766705
621,87,H,5,4,0.4126662343740463,0.17765459612064646
621,87,H,5,5,0.4143322005867958,0.1763343485949506
621,87,H,5,6,0.0,0.0
621,87,H,5,7,0.0,0.0
621,87,H,5,8,0.0,0.0
621,87,H,5,9,0.0,0.0
621,87,H,5,10,0.4164314761757851,0.18088535528110425
621,87,H,5,11,0.0,0.0
621,87,H,5,12,0.5886424750089645,0.1794280359255277
621,87,H,5,13,0.588456253707409,0.17989010312881745
621,87,H,5,14,0.7608774930238724,0.11830891524568447
621,87,H,5,15,0.06575347259640693,0.00012466605634856354
621,87,H,5,16,0.0,0.0
621,87,H,5,17,0.0,0.0
621,87,H,5,18,0.2290782369673252,0.12245058641283173
621,87,H,5,19,0.0,0.0
621,87,H,5,20,0.05869899168610573,0.000155532408940382
621,87,H,5,21,0.0,0.0
631,88,C,0,0,0.6010155290365219,0.17934561614226321
631,88,C,0,1,0.1683352917432785,0.0008116363877383925
631,88,C,0,2,0.7578950360417366,0.11904160951615436
631,88,C,0,3,0.41419975385069846,0.18194379861406038
631,88,C,0,4,0.761584460735321,0.007909348045798481
631,88,C,0,5,0.8054450511932373,0.0010471966495083506
631,88,C,0,6,0.7879932284355163,0.011416619453509611
631,88,C,0,7,0.5864961966872215,0.17795904776619617
631,88,C,0,8,0.4056715935468674,0.1804268094834614
631,88,C,0,9,0.0,0.0
631,88,C,0,10,0.0,0.0
631,88,C,0,11,0.0,0.0
631,88,C,0,12,0.7910014867782593,0.0059327496795808085
631,88,C,0,13,0.7893030643463135,0.00042750372997772955
631,88,C,0,14,0.8069525718688965,0.001459089861462246
631,88,C,0,15,0.23332463800907136,0.12099291796459574
631,88,C,0,16,0.06166457831859588,8.751301991662073e-05
631,88,C,0,17,0.4163128547370434,0.1825030875831529
631,88,C,0,18,0.24240564405918122,0.11857765380176892
631,88,C,0,19,0.0,0.0
631,88,C,0,20,0.7591982319951057,0.12182843005896923
631,88,C,0,21,0.0,0.0
631,88,C,1,0,0.2857342779636383,0.035236181707266515
631,88,C,1,1,0.4069410994648933,0.1819025002276362
631,88,C,1,2,0.07147094309329986,4.092016997076176e-05
631,88,C,1,3,0.4153572410345078,0.18071813522268676
631,88,C,1,4,0.4087864711880684,0.175954046947541
631,88,C,1,5,0.7512199297547341,0.12175787775617111
631,88,C,1,6,0.5783748142421246,0.17982898429985375
631,88,C,1,7,0.8529104828834534,0.0033409863715741033
631,88,C,1,8,0.808682644367218,0.003945074238030487
631,88,C,1,9,0.5830733366310596,0.18227384756829776
631,88,C,1,10,0.9295096278190613,0.00013260250582817432
631,88,C,1,11,0.4142464652657509,0.17761926496328795
631,88,C,1,12,0.09616524428129196,6.42762820442977e-05
631,88,C,1,13,0.4357680335640907,0.17141250744623243
631,88,C,1,14,0.7751282081007957,0.11876743690444638
631,88,C,1,15,0.7837406992912292,0.003711242641199419
631,88,C,1,16,0.7784933805465698,0.0017332098572504153
631,88,C,1,17,0.7583369329571724,0.11891705178848826
631,88,C,1,18,0.5835430696606636,0.18225656440453522
631,88,C,1,19,0.24294425398111344,0.11783473220073962
631,88,C,1,20,0.9171822786331176,3.302007741496027e-05
631,88,C,1,21,0.0,0.0
631,88,C,2,0,0.2414707437157631,0.11826678870524181
631,88,C,2,1,0.06837384626269341,2.7362550900875695e-05
631,88,C,2,2,0.06865930408239365,0.00014849336975192637
631,88,C,2,3,0.4152075916528702,0.1811280789882844
631,88,C,2,4,0.0,0.0
631,88,C,2,5,0.0,0.0
631,88,C,2,6,0.0,0.0
631,88,C,2,7,0.23925184980034828,0.11898279257339865
631,88,C,2,8,0.5888928428292275,0.17813087432757224
631,88,C,2,9,0.4175287067890167,0.1772563109495878
631,88,C,2,10,0.7655660659074783,0.11971347998448163
631,88,C,2,11,0.41411956697702407,0.17901593002319882
631,88,C,2,12,0.4142265811562538,0.17914448374627406
631,88,C,2,13,0.4150704026222229,0.17782227071404755
631,88,C,2,14,0.7640445917844773,0.12114021518144855
631,88,C,2,15,0.24316942542791367,0.11846660517327023
631,88,C,2,16,0.5978147432208061,0.1831061565287937
631,88,C,2,17,0.5871190562844276,0.18185019335277447
631,88,C,2,18,0.5896063655614853,0.1776995271839384
631,88,C,2,19,0.5905636489391327,0.18102496473892074
631,88,C,2,20,0.24369731694459915,0.11918385496300248
631,88,C,2,21,0.4136817216873169,0.17777462762479251
631,88,H,0,0,0.41181029602885244,0.17947064451450628
631,88,H,0,1,0.4171674311161041,0.18050478699403383
631,88,H,0,2,0.0,0.0
631,88,H,0,3,0.07248589992523194,9.712415712570532e-08
631,88,H,0,4,0.41359291300177575,0.18103932338785567
631,88,H,0,5,0.5927681058645249,0.18100182950362695
631,88,H,0,6,0.584667082130909,0.17953631339002546
631,88,H,0,7,0.0,0.0
631,88,H,0,8,0.0,0.0
631,88,H,0,9,0.0,0.0
631,88,H,0,10,0.0,0.0
631,88,H,0,11,0.0,0.0
631,88,H,0,12,0.7578801691532135,0.11920503024691897
631,88,H,0,13,0.41098271533846853,0.18131745849329772
631,88,H,0,14,0.2390064336359501,0.11917778522515787
631,88,H,0,15,0.7576717764139176,0.11903021824535753
631,88,H,0,16,0.5828400105237961,0.18172059726720605
631,88,H,0,17,0.0,0.0
631,88,H,0,18,0.0,0.0
631,88,H,0,19,0.0,0.0
631,88,H,0,20,0.0,0.0
631,88,H,0,21,0.0,0.0
631,88,H,1,0,0.4110731892287731,0.17976243109326756
631,88,H,1,1,0.584589995443821,0.17841069820743813
631,88,H,1,2,0.0,0.0
631,88,H,1,3,0.5967402517795563,0.18413932402158192
631,88,H,1,4,0.5884291335940361,0.1796535175620836
631,88,H,1,5,0.4114658020436764,0.17923170957220813
631,88,H,1,6,0.41604002714157107,0.17991967537807746
631,88,H,1,7,0.0,0.0
631,88,H,1,8,0.0,0.0
631,88,H,1,9,0.0,0.0
631,88,H,1,10,0.0,0.0
631,88,H,1,11,0.0,0.0
631,88,H,1,12,0.24420979619026184,0.12483768927461462
631,88,H,1,13,0.41261015385389327,0.1781126415124508
631,88,H,1,14,0.2392533726990223,0.11908460252491229
631,88,H,1,15,0.409968775510788,0.18034037596527303
631,88,H,1,16,0.5890030056238175,0.1797872851669165
631,88,H,1,17,0.0,0.0
631,88,H,1,18,0.0,0.0
631,88,H,1,19,0.0,0.0
631,88,H,1,20,0.0,0.0
631,88,H,1,21,0.0,0.0
631,88,H,2,0,0.41163003221154215,0.1801143394484075
631,88,H,2,1,0.7602429270744324,0.1188180316199086
631,88,H,2,2,0.0,0.0
631,88,H,2,3,0.5825219243764878,0.18424836616008838
631,88,H,2,4,0.5794521659612656,0.1842096991359625
631,88,H,2,5,0.4149987041950226,0.17876100039336978
631,88,H,2,6,0.41351058781147004,0.17742170083081898
631,88,H,2,7,0.0,0.0
631,88,H,2,8,0.0,0.0
631,88,H,2,9,0.0,0.0
631,88,H,2,10,0.0,0.0
631,88,H,2,11,0.0,0.0
631,88,H,2,12,0.7603213608264923,0.11813606916076422
631,88,H,2,13,0.7596471428871154,0.11821494689264596
631,88,H,2,14,0.4152071997523308,0.17886287006414442
631,88,H,2,15,0.23700522258877754,0.11991106807932603
631,88,H,2,16,0.7624346241354942,0.11971162012586949
631,88,H,2,17,0.0,0.0
631,88,H,2,18,0.0,0.0
631,88,H,2,19,0.0,0.0
631,88,H,2,20,0.0,0.0
631,88,H,2,21,0.0,0.0
631,88,H,3,0,0.4143261894583702,0.17824874888323353
631,88,H,3,1,0.41985993832349777,0.18119770642867591
631,88,H,3,2,0.24121175855398178,0.11958544264134996
631,88,H,3,3,0.41695105135440824,0.17973372877813432
631,88,H,3,4,0.0,0.0
631,88,H,3,5,0.0,0.0
631,88,H,3,6,0.0,0.0
631,88,H,3,7,0.5869920566678047,0.1779822279662964
631,88,H,3,8,0.585821682214737,0.17648289744906576
631,88,H,3,9,0.0,0.0
631,88,H,3,10,0.0,0.0
631,88,H,3,11,0.0,0.0
631,88,H,3,12,0.4110485851764679,0.18330421062849914
631,88,H,3,13,0.23919869661331178,0.12071731790606906
631,88,H,3,14,0.589646564424038,0.17873475389915255
631,88,H,3,15,0.06990431696176529,9.729744785738072e-06
631,88,H,3,16,0.24159258604049683,0.11853849688154434
631,88,H,3,17,0.4155614420771599,0.1822666371110344
631,88,H,3,18,0.5892237335443496,0.1774046773644961
631,88,H,3,19,0.0,0.0
631,88,H,3,20,0.5876013725996018,0.17707574152212271
631,88,H,3,21,0.0,0.0
631,88,H,4,0,0.5898622512817383,0.17869899772101014
631,88,H,4,1,0.06837819069623947,3.91149980271921e-05
631,88,H,4,2,0.24153773486614227,0.11827969536982982
631,88,H,4,3,0.4154196411371231,0.1784671036019568
631,88,H,4,4,0.0,0.0
631,88,H,4,5,0.0,0.0
631,88,H,4,6,0.0,0.0
631,88,H,4,7,0.5920257166028022,0.18198982931804414
631,88,H,4,8,0.2422095149755478,0.11787370923037326
631,88,H,4,9,0.0,0.0
631,88,H,4,10,0.0,0.0
631,88,H,4,11,0.0,0.0
631,88,H,4,12,0.41491594910621643,0.17716041273470265
631,88,H,4,13,0.7682027965784073,0.1205669540229101
631,88,H,4,14,0.4129887633025646,0.18058438670408303
631,88,H,4,15,0.4136315956711769,0.1779152366077174
631,88,H,4,16,0.24222812354564666,0.11814521243598008
631,88,H,4,17,0.5925046414136886,0.1820692772623244
631,88,H,4,18,0.24120672419667244,0.11944434828353016
631,88,H,4,19,0.0,0.0
631,88,H,4,20,0.5887229859828949,0.17870421202292816
631,88,H,4,21,0.0,0.0
631,88,H,5,0,0.7626491814851761,0.11984014475626208
631,88,H,5,1,0.0,0.0
631,88,H,5,2,0.4109055310487747,0.18088331525628018
631,88,H,5,3,0.41473640948534013,0.17766346066983538
631,88,H,5,4,0.0,0.0
631,88,H,5,5,0.0,0.0
631,88,H,5,6,0.0,0.0
631,88,H,5,7,0.0,0.0
631,88,H,5,8,0.0,0.0
631,88,H,5,9,0.23977997079491614,0.11858954287208881
631,88,H,5,10,0.5921313762664795,0.18079412386395433
631,88,H,5,11,0.5873212978243828,0.1770526423327885
631,88,H,5,12,0.0,0.0
631,88,H,5,13,0.0,0.0
631,88,H,5,14,0.0,0.0
631,88,H,5,15,0.5867168352007865,0.17609473319704402
631,88,H,5,16,0.7619209498167038,0.11927117925208246
631,88,H,5,17,0.5884897470474243,0.18060900163656118
631,88,H,5,18,0.2421654060482979,0.11959958721057698
631,88,H,5,19,0.06389805451035499,0.00015429329002217607
631,88,H,5,20,0.9313068389892578,1.0673805364547207e-05
631,88,H,5,21,0.0,0.0
631,88,H,6,0,0.40838959589600565,0.18113372420605217
631,88,H,6,1,0.0,0.0
631,88,H,6,2,0.7634757578372955,0.11954600742145502
631,88,H,6,3,0.7613792136311531,0.11926277830427826
631,88,H,6,4,0.0,0.0
631,88,H,6,5,0.0,0.0
631,88,H,6,6,0.0,0.0
631,88,H,6,7,0.0,0.0
631,88,H,6,8,0.0,0.0
631,88,H,6,9,0.5875756561756134,0.17818539725393795
631,88,H,6,10,0.06152680814266205,3.946940131057898e-05
631,88,H,6,11,0.4121588088572025,0.18064651751221336
631,88,H,6,12,0.0,0.0
631,88,H,6,13,0.0,0.0
631,88,H,6,14,0.0,0.0
631,88,H,6,15,0.41586946696043015,0.17671862663630544
631,88,H,6,16,0.41624596565961836,0.1778217420173652
631,88,H,6,17,0.5892324104905129,0.17826795261355907
631,88,H,6,18,0.23967065885663033,0.11885125813879971
631,88,H,6,19,0.7563207313418389,0.12490036267630292
631,88,H,6,20,0.23985199257731438,0.11851604403087865
631,88,H,6,21,0.0,0.0
641,89,C,0,0,0.25848341137170794,0.12209616968061769
641,89,C,0,1,0.2826052337884903,0.007248490135998545
641,89,C,0,2,0.5867920249700547,0.18295246125556025
641,89,C,0,3,0.077268535643816,0.00011885448080074302
641,89,C,0,4,0.8202179789543151,0.0002937356897041355
641,89,C,0,5,0.8036248683929443,0.0030415838123602156
641,89,C,0,6,0.8191826224327088,0.0031922882962552995
641,89,C,0,7,0.24061323180794716,0.12008961961554136
641,89,C,0,8,0.0,0.0
641,89,C,0,9,0.0,0.0
641,89,C,0,10,0.0,0.0
641,89,C,0,11,0.06895696222782136,1.0100405361077592e-05
641,89,C,0,12,0.7620043992996216,0.008728359484454416
641,89,C,0,13,0.8268611669540405,0.003568952785951183
641,89,C,0,14,0.8027190089225769,0.004363071065956206
641,89,C,0,15,0.23588647618889808,0.11764370157596322
641,89,C,0,16,0.4167389750480652,0.18075650214072056
641,89,C,0,17,0.2401207499206066,0.12012518769324296
641,89,C,0,18,0.41778010725975034,0.17742964885707063
641,89,C,0,19,0.41949104219675065,0.1811020511863449
641,89,C,0,20,0.4052727773785591,0.17865987478487771
641,89,C,0,21,0.0,0.0
641,89,C,1,0,0.7571098208427429,0.025140019637893828
641,89,C,1,1,0.4197129249572754,0.18040709414954628
641,89,C,1,2,0.587089529633522,0.17932829648554677
641,89,C,1,3,0.39939343333244326,0.06165333810132255
641,89,C,1,4,0.7601296856999398,0.11760423873087378
641,89,C,1,5,0.4074000008404255,0.18335751207750214
641,89,C,1,6,0.41466725021600725,0.17857287652853313
641,89,C,1,7,0.25035143494606016,0.11888238763454535
641,89,C,1,8,0.2474621757864952,0.12268808451309761
641,89,C,1,9,0.4155492752790451,0.1769619897791169
641,89,C,1,10,0.422519126534462,0.18481143751920467
641,89,C,1,11,0.24302085041999816,0.11743382578911024
641,89,C,1,12,0.5836509823799133,0.17779490042397456
641,89,C,1,13,0.23666877150535584,0.11895799828314604
641,89,C,1,14,0.5764221131801606,0.18477587255920208
641,89,C,1,15,0.23764881491661072,0.11539379554078377
641,89,C,1,16,0.5857190877199173,0.17592111612654743
641,89,C,1,17,0.5831092163920403,0.17852504650315043
641,89,C,1,18,0.41324551552534106,0.17642138924908982
641,89,C,1,19,0.5864580541849136,0.17710993602694497
641,89,C,1,20,0.9312083125114441,4.060669131575878e-05
641,89,C,1,21,0.24380730390548705,0.11948843651785264
641,89,C,2,0,0.2546595990657806,0.11794491708724882
641,89,C,2,1,0.7597460225224495,0.11810588062921941
641,89,C,2,2,0.32289316654205324,0.07897876304020907
641,89,C,2,3,0.08372088223695755,4.758521257316684e-05
641,89,C,2,4,0.0,0.0
641,89,C,2,5,0.0,0.0
641,89,C,2,6,0.0,0.0
641,89,C,2,7,0.2395685561001301,0.11804577794331705
641,89,C,2,8,0.6946676522493362,0.11274018422072221
641,89,C,2,9,0.8768694281578064,0.001055513395501464
641,89,C,2,10,0.8479506134986877,0.0005547650436463413
641,89,C,2,11,0.5836666539311409,0.17924917910131133
641,89,C,2,12,0.41519235596060755,0.17981249336392893
641,89,C,2,13,0.7616973340511322,0.11969529196020816
641,89,C,2,14,0.23644249513745308,0.12129279705356621
641,89,C,2,15,0.41628915071487427,0.1834394551248386
641,89,C,2,16,0.7565528988838196,0.0005538738644085583
641,89,C,2,17,0.7070379853248596,0.0016588767149173123
641,89,C,2,18,0.7448817014694213,0.0377390161161108
641,89,C,2,19,0.5817068718373776,0.18733541943268134
641,89,C,2,20,0.5818221062421799,0.1795920186891629
641,89,C,2,21,0.0,0.0
641,89,H,0,0,0.41476439833641054,0.17621287024470256
641,89,H,0,1,0.7576931603252888,0.12115061266786795
641,89,H,0,2,0.0,0.0
641,89,H,0,3,0.5869371518492699,0.17957011252595972
641,89,H,0,4,0.413954795897007,0.17699036567058724
641,89,H,0,5,0.7595598667860031,0.11883156317870489
641,89,H,0,6,0.5869851514697075,0.17919521958023493
641,89,H,0,7,0.0,0.0
641,89,H,0,8,0.0,0.0
641,89,H,0,9,0.0,0.0
641,89,H,0,10,0.0,0.0
641,89,H,0,11,0.0,0.0
641,89,H,0,12,0.4140122815966606,0.17777064295389639
641,89,H,0,13,0.5857879489660263,0.17774303208680978
641,89,H,0,14,0.9366267919540405,2.345471232985119e-05
641,89,H,0,15,0.5903221979737282,0.18018006771707004
641,89,H,0,16,0.0,0.0
641,89,H,0,17,0.0,0.0
641,89,H,0,18,0.0,0.0
641,89,H,0,19,0.0,0.0
641,89,H,0,20,0.41286217123270036,0.1796869953660011
641,89,H,0,21,0.0,0.0
641,89,H,1,0,0.7636164948344231,0.12095889259653103
641,89,H,1,1,0.9343721151351929,1.8497343950798496e-05
641,89,H,1,2,0.0,0.0
641,89,H,1,3,0.24206527099013328,0.12139333932988128
641,89,H,1,4,0.0720006451010704,3.8968240614334346e-07
641,89,H,1,5,0.06872927173972129,1.9232732972127574e-05
641,89,H,1,6,0.587966451048851,0.17688741422158452
641,89,H,1,7,0.0,0.0
641,89,H,1,8,0.0,0.0
641,89,H,1,9,0.0,0.0
641,89,H,1,10,0.0,0.0
641,89,H,1,11,0.0,0.0
641,89,H,1,12,0.9367156147956848,3.5712967041092724e-05
641,89,H,1,13,0.24218975901603698,0.121506525560422
641,89,H,1,14,0.7601018115878105,0.12056915904596117
641,89,H,1,15,0.07006741613149643,9.642706599879426e-06
641,89,H,1,16,0.0,0.0
641,89,H,1,17,0.0,0.0
641,89,H,1,18,0.0,0.0
641,89,H,1,19,0.0,0.0
641,89,H,1,20,0.7555546328425408,0.12248874121013567
641,89,H,1,21,0.0,0.0
641,89,H,2,0,0.589382854104042,0.17867977840927324
641,89,H,2,1,0.5877677962183953,0.17782048518908528
641,89,H,2,2,0.0,0.0
641,89,H,2,3,0.41528446674346925,0.1796093385160345
641,89,H,2,4,0.5813547313213349,0.18528558780737864
641,89,H,2,5,0.4141314372420311,0.18807941499654474
641,89,H,2,6,0.416647332906723,0.17928946611325486
641,89,H,2,7,0.0,0.0
641,89,H,2,8,0.0,0.0
641,89,H,2,9,0.0,0.0
641,89,H,2,10,0.0,0.0
641,89,H,2,11,0.0,0.0
641,89,H,2,12,0.588013956695795,0.1852391142556127
641,89,H,2,13,0.583520983159542,0.18293024259305257
641,89,H,2,14,0.5884629711508751,0.17740993219590848
641,89,H,2,15,0.5854065515100956,0.18532953115089637
641,89,H,2,16,0.0,0.0
641,89,H,2,17,0.0,0.0
641,89,H,2,18,0.0,0.0
641,89,H,2,19,0.0,0.0
641,89,H,2,20,0.2426147609949112,0.11824066696230846
641,89,H,2,21,0.0,0.0
641,89,H,3,0,0.5870788596570492,0.18432816632438748
641,89,H,3,1,0.5830315984785557,0.18163361705466552
641,89,H,3,2,0.41574021279811857,0.1775332306994247
641,89,H,3,3,0.24196659177541732,0.11800358731062985
641,89,H,3,4,0.0,0.0
641,89,H,3,5,0.0,0.0
641,89,H,3,6,0.0,0.0
641,89,H,3,7,0.5863250806927681,0.1775473616940933
641,89,H,3,8,0.0,0.0
641,89,H,3,9,0.0,0.0
641,89,H,3,10,0.0,0.0
641,89,H,3,11,0.06413777023553849,7.789132909950869e-05
641,89,H,3,12,0.412802242487669,0.1790078656491537
641,89,H,3,13,0.7624775141477584,0.11915889674934524
641,89,H,3,14,0.584625630825758,0.17907298987540796
641,89,H,3,15,0.41296593099832535,0.1798741532551722
641,89,H,3,16,0.586835153400898,0.17700979962735014
641,89,H,3,17,0.4148741140961647,0.17683171993526864
641,89,H,3,18,0.5866629764437675,0.17831194533329323
641,89,H,3,19,0.4151565253734589,0.1780008532104232
641,89,H,3,20,0.41069630831480025,0.1788016889314052
641,89,H,3,21,0.0,0.0
641,89,H,4,0,0.5857216536998748,0.17926197213028822
641,89,H,4,1,0.0,0.0
641,89,H,4,2,0.06760144159197808,1.5286440535269284e-05
641,89,H,4,3,0.758982715010643,0.11808211922705643
641,89,H,4,4,0.0,0.0
641,89,H,4,5,0.0,0.0
641,89,H,4,6,0.0,0.0
641,89,H,4,7,0.0,0.0
641,89,H,4,8,0.24383489787578583,0.11739360069012739
641,89,H,4,9,0.24162619709968566,0.11809008644653837
641,89,H,4,10,0.2432987481355667,0.11752594040965687
641,89,H,4,11,0.0,0.0
641,89,H,4,12,0.0,0.0
641,89,H,4,13,0.0,0.0
641,89,H,4,14,0.0,0.0
641,89,H,4,15,0.5873377099633217,0.1785373780506955
641,89,H,4,16,0.5877432972192764,0.17717363559161575
641,89,H,4,17,0.7570264786481857,0.11928258418889666
641,89,H,4,18,0.2450242221355438,0.12106577645765651
641,89,H,4,19,0.0,0.0
641,89,H,4,20,0.7669843211770058,0.12104509770072944
641,89,H,4,21,0.0,0.0
641,89,H,5,0,0.5867671430110931,0.176539852684439
641,89,H,5,1,0.0,0.0
641,89,H,5,2,0.24149000495672227,0.1191427456227575
641,89,H,5,3,0.5873845867812634,0.18572479488725235
641,89,H,5,4,0.0,0.0
641,89,H,5,5,0.0,0.0
641,89,H,5,6,0.0,0.0
641,89,H,5,7,0.0,0.0
641,89,H,5,8,0.41434153318405154,0.17839389846220524
641,89,H,5,9,0.2410072773694992,0.11973976668235183
641,89,H,5,10,0.4122264929115772,0.17875436144383203
641,89,H,5,11,0.0,0.0
641,89,H,5,12,0.0,0.0
641,89,H,5,13,0.0,0.0
641,89,H,5,14,0.0,0.0
641,89,H,5,15,0.4135309800505638,0.17948402450728476
641,89,H,5,16,0.5871631652116776,0.17870139240688837
641,89,H,5,17,0.24025124981999396,0.1199748832619411
641,89,H,5,18,0.4129929028451443,0.17854737661080114
641,89,H,5,19,0.0,0.0
641,89,H,5,20,0.7540216326713562,0.12169771275723122
641,89,H,5,21,0.0,0.0
641,89,H,6,0,0.06921305656433105,9.969075013991359e-06
641,89,H,6,1,0.0,0.0
641,89,H,6,2,0.5842188596725464,0.17957254917277937
641,89,H,6,3,0.5805692039430141,0.18277577552020463
641,89,H,6,4,0.0,0.0
641,89,H,6,5,0.0,0.0
641,89,H,6,6,0.0,0.0
641,89,H,6,7,0.0,0.0
641,89,H,6,8,0.5852339699864387,0.1778865560401085
641,89,H,6,9,0.4124776914715767,0.17787660632876295
641,89,H,6,10,0.06752685084939003,4.783392761255056e-05
641,89,H,6,11,0.0,0.0
641,89,H,6,12,0.0,0.0
641,89,H,6,13,0.0,0.0
641,89,H,6,14,0.0,0.0
641,89,H,6,15,0.4138173297047615,0.17963394162485047
641,89,H,6,16,0.2450979769229889,0.12091635355180322
641,89,H,6,17,0.7610995709896088,0.11856776905629843
641,89,H,6,18,0.5888127610087395,0.18039480863630208
641,89,H,6,19,0.0,0.0
641,89,H,6,20,0.2389902167022228,0.12281839602075724
641,89,H,6,21,0.0,0.0
651,90,C,0,0,0.0,0.0
651,90,C,0,1,0.4136560022830963,0.17679048543907985
651,90,C,0,2,0.9029440641403198,0.00013634719188871714
651,90,C,0,3,0.750177988409996,0.12145815145453684
651,90,C,0,4,0.9052973866462708,0.0001118478151985869
651,90,C,0,5,0.0,0.0
651,90,C,0,6,0.0,0.0
651,90,C,0,7,0.0,0.0
651,90,C,0,8,0.0,0.0
651,90,C,0,9,0.9273719429969788,6.384679142854565e-06
651,90,C,0,10,0.4098649531602859,0.17618460788220608
651,90,C,0,11,0.0,0.0
651,90,C,0,12,0.8005136370658874,0.014911468470849912
651,90,C,0,13,0.7506962671875954,0.11061349895421158
651,90,C,0,14,0.5617790937423706,0.17039512173374854
651,90,C,0,15,0.5898670107126236,0.18034665961882826
651,90,C,0,16,0.24338038861751557,0.11777685398012547
651,90,C,0,17,0.0,0.0
651,90,C,0,18,0.0,0.0
651,90,C,0,19,0.2581164941191673,0.1191207217988753
651,90,C,0,20,0.5767186731100082,0.18671565541007035
651,90,C,0,21,0.0,0.0
651,90,C,1,0,0.7549876131117343,0.12186017083068323
651,90,C,1,1,0.40897764191031455,0.17704800100545678
651,90,C,1,2,0.0,0.0
651,90,C,1,3,0.0,0.0
651,90,C,1,4,0.0,0.0
651,90,C,1,5,0.8767451763153076,0.008849114549939543
651,90,C,1,6,0.8354769945144653,0.005021059443457432
651,90,C,1,7,0.5953777581453323,0.19166433752150008
651,90,C,1,8,0.41243028417229655,0.17769045483892104
651,90,C,1,9,0.7554843708872795,0.11800148479524922
651,90,C,1,10,0.5788451634347439,0.17777379572712157
651,90,C,1,11,0.5881149604916572,0.17735564763608128
651,90,C,1,12,0.4172138661146164,0.17769807955573388
651,90,C,1,13,0.41521241068840026,0.1775004903993275
651,90,C,1,14,0.24100964665412902,0.11897778018638425
651,90,C,1,15,0.545284815132618,0.1017592581554474
651,90,C,1,16,0.7263710886240006,0.09899610196985155
651,90,C,1,17,0.4155346848070621,0.18038873914616013
651,90,C,1,18,0.598237906396389,0.17593709639114646
651,90,C,1,19,0.40966413393616674,0.18572281728993062
651,90,C,1,20,0.24902494996786118,0.11876291638070229
651,90,C,1,21,0.749916286021471,0.11886502760914833
651,90,C,2,0,0.7583432033658027,0.11767838543025722
651,90,C,2,1,0.41337734237313273,0.1808261545889069
651,90,C,2,2,0.0,0.0
651,90,C,2,3,0.0,0.0
651,90,C,2,4,0.0,0.0
651,90,C,2,5,0.7619564458727837,0.11897317717895514
651,90,C,2,6,0.2429527908563614,0.11770060368443436
651,90,C,2,7,0.5905895747244359,0.18488986907583183
651,90,C,2,8,0.41377984285354613,0.17757927544074534
651,90,C,2,9,0.2435552328824997,0.11760584014360606
651,90,C,2,10,0.41339587420225143,0.17829577181499082
651,90,C,2,11,0.7648481026291847,0.12046433510830275
651,90,C,2,12,0.0,0.0
651,90,C,2,13,0.0,0.0
651,90,C,2,14,0.0,0.0
651,90,C,2,15,0.5913990810513496,0.18006112205100777
651,90,C,2,16,0.41296928375959396,0.17817270747229302
651,90,C,2,17,0.4098863787949085,0.18209905470352997
651,90,C,2,18,0.24329778999090196,0.12492117593123934
651,90,C,2,19,0.0,0.0
651,90,C,2,20,0.4171619489789009,0.17864862050829292
651,90,C,2,21,0.7578872948884964,0.12242258492020708
651,90,H,0,0,0.0,0.0
651,90,H,0,1,0.0,0.0
651,90,H,0,2,0.4171940043568611,0.1840583449038091
651,90,H,0,3,0.5934585437178612,0.1808624346201217
651,90,H,0,4,0.41475735455751417,0.17924169357315317
651,90,H,0,5,0.0,0.0
651,90,H,0,6,0.0,0.0
651,90,H,0,7,0.0,0.0
651,90,H,0,8,0.0,0.0
651,90,H,0,9,0.5817746601998806,0.18090976958818153
651,90,H,0,10,0.7580892115831375,0.11950135216950712
651,90,H,0,11,0.0,0.0
651,90,H,0,12,0.41664937883615494,0.18038851313360485
651,90,H,0,13,0.7672487273812294,0.1210839073434327
651,90,H,0,14,0.5844714686274528,0.18131915330687082
651,90,H,0,15,0.0,0.0
651,90,H,0,16,0.0,0.0
651,90,H,0,17,0.0,0.0
651,90,H,0,18,0.0,0.0
651,90,H,0,19,0.24330712035298346,0.12823624607091794
651,90,H,0,20,0.0,0.0
651,90,H,0,21,0.0,0.0
651,90,H,1,0,0.0,0.0
651,90,H,1,1,0.0,0.0
651,90,H,1,2,0.4163370251655579,0.1807263765007999
651,90,H,1,3,0.24463615119457244,0.12018401172181417
651,90,H,1,4,0.23645726218819618,0.12029028123173306
651,90,H,1,5,0.0,0.0
651,90,H,1,6,0.0,0.0
651,90,H,1,7,0.0,0.0
651,90,H,1,8,0.0,0.0
651,90,H,1,9,0.5888320297002793,0.17888640732990252
651,90,H,1,10,0.5825539879500866,0.18010544178340665
651,90,H,1,11,0.0,0.0
651,90,H,1,12,0.5877322152256965,0.17810510749673733
651,90,H,1,13,0.24016886577010155,0.1220178284219654
651,90,H,1,14,0.4156546890735626,0.17667184749921577
651,90,H,1,15,0.0,0.0
651,90,H,1,16,0.0,0.0
651,90,H,1,17,0.0,0.0
651,90,H,1,18,0.0,0.0
651,90,H,1,19,0.5887382879853249,0.1779653294816132
651,90,H,1,20,0.0,0.0
651,90,H,1,21,0.0,0.0
651,90,H,2,0,0.0,0.0
651,90,H,2,1,0.0,0.0
651,90,H,2,2,0.7625773124396801,0.12396700180250983
651,90,H,2,3,0.2416655093431473,0.11803328772387889
651,90,H,2,4,0.5906596794724465,0.179086012680846
651,90,H,2,5,0.0,0.0
651,90,H,2,6,0.0,0.0
651,90,H,2,7,0.0,0.0
651,90,H,2,8,0.0,0.0
651,90,H,2,9,0.5905579209327698,0.1809324189473116
651,90,H,2,10,0.5904137492179871,0.18023687191137877
651,90,H,2,11,0.0,0.0
651,90,H,2,12,0.24334113374352456,0.12253733813484843
651,90,H,2,13,0.41465460509061813,0.17876652753501457
651,90,H,2,14,0.5808660387992859,0.18467565018795612
651,90,H,2,15,0.0,0.0
651,90,H,2,16,0.0,0.0
651,90,H,2,17,0.0,0.0
651,90,H,2,18,0.0,0.0
651,90,H,2,19,0.6032787680625915,0.1937477838895882
651,90,H,2,20,0.0,0.0
651,90,H,2,21,0.0,0.0
651,90,H,3,0,0.7580751523375511,0.11760971580841231
651,90,H,3,1,0.24144753590226173,0.12359973153194659
651,90,H,3,2,0.0,0.0
651,90,H,3,3,0.0,0.0
651,90,H,3,4,0.0,0.0
651,90,H,3,5,0.06481103375554084,1.1993804485408434e-05
651,90,H,3,6,0.40956237316131594,0.18006809036978183
651,90,H,3,7,0.0,0.0
651,90,H,3,8,0.0,0.0
651,90,H,3,9,0.9381219863891601,8.64715017803519e-05
651,90,H,3,10,0.7579189494252205,0.11830058009116966
651,90,H,3,11,0.0,0.0
651,90,H,3,12,0.0,0.0
651,90,H,3,13,0.0,0.0
651,90,H,3,14,0.0,0.0
651,90,H,3,15,0.5823386028409004,0.18120098906572543
651,90,H,3,16,0.4136182427406311,0.17872542228752195
651,90,H,3,17,0.5821506820619107,0.18105508970770634
651,90,H,3,18,0.4111501410603523,0.1814905318130706
651,90,H,3,19,0.0,0.0
651,90,H,3,20,0.23423969596624375,0.12586122401662134
651,90,H,3,21,0.5912591800093651,0.18051110402191023
651,90,H,4,0,0.23822179734706878,0.1199281556981103
651,90,H,4,1,0.4144217401742935,0.17984399695490647
651,90,H,4,2,0.0,0.0
651,90,H,4,3,0.0,0.0
651,90,H,4,4,0.0,0.0
651,90,H,4,5,0.5845078729093075,0.18448311728182393
651,90,H,4,6,0.4147647112607956,0.1773898626540095
651,90,H,4,7,0.0,0.0
651,90,H,4,8,0.0,0.0
651,90,H,4,9,0.2410597525537014,0.12435759614844837
651,90,H,4,10,0.5823922574520111,0.18302676701114048
651,90,H,4,11,0.0,0.0
651,90,H,4,12,0.0,0.0
651,90,H,4,13,0.0,0.0
651,90,H,4,14,0.0,0.0
651,90,H,4,15,0.4132112815976143,0.17923618064933494
651,90,H,4,16,0.5860080227255822,0.1785482401657163
651,90,H,4,17,0.4138830557465553,0.17729557580586652
651,90,H,4,18,0.4130402855575085,0.17757822759619563
651,90,H,4,19,0.0,0.0
651,90,H,4,20,0.40898920595645905,0.187229727478082
651,90,H,4,21,0.9309129834175109,6.333146065742312e-06
651,90,H,5,0,0.40722051784396174,0.1875094611823833
651,90,H,5,1,0.41527956128120425,0.17659271309049926
651,90,H,5,2,0.0,0.0
651,90,H,5,3,0.0,0.0
651,90,H,5,4,0.0,0.0
651,90,H,5,5,0.0,0.0
651,90,H,5,6,0.0,0.0
651,90,H,5,7,0.9377396941184998,6.464151071781998e-05
651,90,H,5,8,0.5920013517141343,0.18063821269198038
651,90,H,5,9,0.0,0.0
651,90,H,5,10,0.0,0.0
651,90,H,5,11,0.5825994879007339,0.17983405498297195
651,90,H,5,12,0.0,0.0
651,90,H,5,13,0.0,0.0
651,90,H,5,14,0.0,0.0
651,90,H,5,15,0.5862370520830155,0.1779644206603359
651,90,H,5,16,0.5902464628219605,0.17892735969606668
651,90,H,5,17,0.7594487339258194,0.11784413952672783
651,90,H,5,18,0.24387194067239762,0.1185519468609793
651,90,H,5,19,0.0,0.0
651,90,H,5,20,0.41893121153116225,0.18723075588795512
651,90,H,5,21,0.7586365550756454,0.11885296765192303
651,90,H,6,0,0.7576708406209945,0.11887171088203911
651,90,H,6,1,0.7565742261707783,0.12319886772262045
651,90,H,6,2,0.0,0.0
651,90,H,6,3,0.0,0.0
651,90,H,6,4,0.0,0.0
651,90,H,6,5,0.0,0.0
651,90,H,6,6,0.0,0.0
651,90,H,6,7,0.23285269737243652,0.12112074493584321
651,90,H,6,8,0.4149510502815247,0.1763227889504805
651,90,H,6,9,0.0,0.0
651,90,H,6,10,0.0,0.0
651,90,H,6,11,0.41300625056028367,0.17892370918174844
651,90,H,6,12,0.0,0.0
651,90,H,6,13,0.0,0.0
651,90,H,6,14,0.0,0.0
651,90,H,6,15,0.41904676109552386,0.18127601329108337
651,90,H,6,16,0.5912789776921272,0.18115060124471188
651,90,H,6,17,0.24012638628482819,0.11973236628724919
651,90,H,6,18,0.23701730817556382,0.11980986965752209
651,90,H,6,19,0.0,0.0
651,90,H,6,20,0.7590292856097222,0.11787176228121599
651,90,H,6,21,0.5848430901765823,0.18394717205877992
661,91,C,0,0,0.7168264515697956,0.10977190748467705
661,91,C,0,1,0.6644010484218598,0.035078062142442835
661,91,C,0,2,0.2550066977739334,0.09631811252745474
661,91,C,0,3,0.7580248594284058,0.006955407514106185
661,91,C,0,4,0.7571357138454914,0.12297655607072047
661,91,C,0,5,0.256955586373806,0.1064839111819202
661,91,C,0,6,0.0,0.0
661,91,C,0,7,0.4170967057347298,0.1810309359816566
661,91,C,0,8,0.22926634550094604,0.12445038632453867
661,91,C,0,9,0.0,0.0
661,91,C,0,10,0.8779421210289001,0.0013652256515010207
661,91,C,0,11,0.0671671025454998,0.000129575232213599
661,91,C,0,12,0.7372340023517608,0.023467943941744947
661,91,C,0,13,0.39968021735548975,0.17993323635626077
661,91,C,0,14,0.0,0.0
661,91,C,0,15,0.0,0.0
661,91,C,0,16,0.0,0.0
661,91,C,0,17,0.596340511739254,0.18392681963479715
661,91,C,0,18,0.7988929271697998,0.004887028555697838
661,91,C,0,19,0.8809509396553039,0.0005979679488652323
661,91,C,0,20,0.4147981181740761,0.17756436518380844
661,91,C,0,21,0.0,0.0
661,91,C,0,22,0.41924639940261843,0.1807267228482551
661,91,C,0,23,0.5828212291002274,0.18172861287249584
661,91,C,0,24,0.42238247990608213,0.1753466661989191
661,91,C,0,25,0.0,0.0
661,91,C,1,0,0.927626657485962,6.050293006012453e-06
661,91,C,1,1,0.7524060651659965,0.1179183148629586
661,91,C,1,2,0.8031606078147888,0.006809327716506175
661,91,C,1,3,0.2657623544335365,0.11053580046620996
661,91,C,1,4,0.19339758157730103,0.02089810463403934
661,91,C,1,5,0.824590528011322,0.004462530720898314
661,91,C,1,6,0.4128936901688576,0.18308986621129092
661,91,C,1,7,0.4265094086527824,0.12918646921090948
661,91,C,1,8,0.0,0.0
661,91,C,1,9,0.7523493811488151,0.12405979357362033
661,91,C,1,10,0.41027320772409437,0.18805860596366242
661,91,C,1,11,0.0,0.0
661,91,C,1,12,0.7388013556599617,0.1208917736247673
661,91,C,1,13,0.7777764797210693,0.0020796373535674206
661,91,C,1,14,0.7404459536075592,0.11553506582460912
661,91,C,1,15,0.0,0.0
661,91,C,1,16,0.0,0.0
661,91,C,1,17,0.0,0.0
661,91,C,1,18,0.8826144933700562,0.0035126033043766823
661,91,C,1,19,0.7648550152778626,0.01278320125059679
661,91,C,1,20,0.7213045477867126,0.03850717405671758
661,91,C,1,21,0.06558783799409866,6.527505571430559e-05
661,91,C,1,22,0.0,0.0
661,91,C,1,23,0.0,0.0
661,91,C,1,24,0.4118672199547291,0.18058456811708518
661,91,C,1,25,0.0,0.0
661,91,C,2,0,0.0,0.0
661,91,C,2,1,0.07020298838615417,1.1452316767814886e-05
661,91,C,2,2,0.097974394261837,0.0005467162639866707
661,91,C,2,3,0.06607501208782196,2.3563416083494104e-05
661,91,C,2,4,0.7180555939674378,0.006979346156389568
661,91,C,2,5,0.6041680797934532,0.18160513540483497
661,91,C,2,6,0.18516822010278702,0.017105290039076803
661,91,C,2,7,0.7360078930854798,0.006968636936110215
661,91,C,2,8,0.7535459488630295,0.12182674520889092
661,91,C,2,9,0.3097314640879631,0.11326053752018742
661,91,C,2,10,0.0,0.0
661,91,C,2,11,0.41084044650197027,0.18186308852381788
661,91,C,2,12,0.0,0.0
661,91,C,2,13,0.7545928485691548,0.12161304635999245
661,91,C,2,14,0.7642119288444519,0.003477643439019005
661,91,C,2,15,0.9193190217018128,6.364243563069749e-05
661,91,C,2,16,0.0,0.0
661,91,C,2,17,0.0,0.0
661,91,C,2,18,0.42182411551475524,0.183506504953552
661,91,C,2,19,0.8698175549507141,0.0003327347214110432
661,91,C,2,20,0.6870374500751495,0.011148636085920174
661,91,C,2,21,0.8342449069023132,0.003449373516866672
661,91,C,2,22,0.4121878303587437,0.1824969545165016
661,91,C,2,23,0.0,0.0
661,91,C,2,24,0.0,0.0
661,91,C,2,25,0.0,0.0
661,91,C,3,0,0.5806261390447617,0.1840338009882055
661,91,C,3,1,0.0,0.0
661,91,C,3,2,0.5844550512731075,0.18408778512146354
661,91,C,3,3,0.0,0.0
661,91,C,3,4,0.659083540737629,0.10875938287757547
661,91,C,3,5,0.4085334435105324,0.17406052727585247
661,91,C,3,6,0.7614887952804565,0.0019100941174230001
661,91,C,3,7,0.11298092156648636,0.0008402526273597744
661,91,C,3,8,0.6150327980518341,0.16306774887079684
661,91,C,3,9,0.8239670038223267,0.002457779540785907
661,91,C,3,10,0.4152885764837265,0.1839176274001918
661,91,C,3,11,0.26471964120864866,0.11643974791983838
661,91,C,3,12,0.0,0.0
661,91,C,3,13,0.0,0.0
661,91,C,3,14,0.565093283355236,0.1715039317788018
661,91,C,3,15,0.8154721975326538,0.0024841853646753974
661,91,C,3,16,0.5719322301447392,0.17257888841064511
661,91,C,3,17,0.0,0.0
661,91,C,3,18,0.0,0.0
661,91,C,3,19,0.41691684573888776,0.17993919284297938
661,91,C,3,20,0.8372580409049988,0.0038403396758880603
661,91,C,3,21,0.7553231239318847,0.003089143018652009
661,91,C,3,22,0.5315752431750298,0.1582704617394341
661,91,C,3,23,0.0,0.0
661,91,C,3,24,0.2364867515861988,0.11993106716901095
661,91,C,3,25,0.0,0.0
661,91,C,4,0,0.7388532102108002,0.05346249253771106
661,91,C,4,1,0.2450433075428009,0.11715044307961855
661,91,C,4,2,0.0,0.0
661,91,C,4,3,0.5861020281910896,0.18386116675321845
661,91,C,4,4,0.5843384325504303,0.17687399108833798
661,91,C,4,5,0.0,0.0
661,91,C,4,6,0.26188877373933794,0.10767811000689646
661,91,C,4,7,0.4167241439223289,0.17867840127293824
661,91,C,4,8,0.7621845126152038,0.008349090958328134
661,91,C,4,9,0.10063729360699654,0.0031040479756688803
661,91,C,4,10,0.7500360131263732,0.023983938967277258
661,91,C,4,11,0.836648690700531,0.009158680558969082
661,91,C,4,12,0.0,0.0
661,91,C,4,13,0.0,0.0
661,91,C,4,14,0.0,0.0
661,91,C,4,15,0.7449343673884868,0.11957750668125525
661,91,C,4,16,0.7322334289550781,0.009823439997269076
661,91,C,4,17,0.5822104975581169,0.18531767154780385
661,91,C,4,18,0.5894750356674194,0.17929299765415507
661,91,C,4,19,0.0,0.0
661,91,C,4,20,0.5866684377193451,0.17630548926243833
661,91,C,4,21,0.8887416243553161,0.0036769779049569706
661,91,C,4,22,0.7028354525566101,0.005025435131555013
661,91,C,4,23,0.7562758386135101,0.11870184451223922
661,91,C,4,24,0.25571013391017916,0.12285018969735365
661,91,C,4,25,0.0,0.0
661,91,C,5,0,0.8234066128730774,0.002346688247346549
661,91,C,5,1,0.7415575861930848,0.10462468921611134
661,91,C,5,2,0.4109335854649544,0.18086992412931654
661,91,C,5,3,0.6111151188611984,0.14415461902634727
661,91,C,5,4,0.0,0.0
661,91,C,5,5,0.749799495190382,0.12027509638662973
661,91,C,5,6,0.23603993877768517,0.12345913917432857
661,91,C,5,7,0.0,0.0
661,91,C,5,8,0.6148083195090294,0.07708793173955168
661,91,C,5,9,0.7602752387523651,0.11854595381620296
661,91,C,5,10,0.7923206686973572,0.002623602030631389
661,91,C,5,11,0.7694131925702095,0.12100096960781874
661,91,C,5,12,0.5727491199970245,0.18155863272335204
661,91,C,5,13,0.0,0.0
661,91,C,5,14,0.0,0.0
661,91,C,5,15,0.0,0.0
661,91,C,5,16,0.3983104355633259,0.17586707127791962
661,91,C,5,17,0.24651205986738206,0.1249071871331964
661,91,C,5,18,0.8722044467926026,0.0023492719555329696
661,91,C,5,19,0.5836137138307095,0.18125328888150577
661,91,C,5,20,0.0,0.0
661,91,C,5,21,0.5928475230932235,0.18161887710752067
661,91,C,5,22,0.8594470381736755,0.0014652468224718974
661,91,C,5,23,0.7451792106032371,0.11884082459309164
661,91,C,5,24,0.8296879410743714,0.0006013589258051866
661,91,C,5,25,0.41680973023176193,0.18174869046067763
661,91,H,0,0,0.5901644587516784,0.17922572010526033
661,91,H,0,1,0.5850323393940926,0.17929026832520503
661,91,H,0,2,0.41312380209565164,0.17862352374315318
661,91,H,0,3,0.2413802370429039,0.12110022123647605
661,91,H,0,4,0.0,0.0
661,91,H,0,5,0.5916384398937226,0.18152447799346416
661,91,H,0,6,0.0,0.0
661,91,H,0,7,0.0,0.0
661,91,H,0,8,0.0,0.0
661,91,H,0,9,0.0,0.0
661,91,H,0,10,0.5907809183001518,0.17873872281784015
661,91,H,0,11,0.0,0.0
661,91,H,0,12,0.767414802312851,0.12256051680532436
661,91,H,0,13,0.0,0.0
661,91,H,0,14,0.0,0.0
661,91,H,0,15,0.0,0.0
661,91,H,0,16,0.0,0.0
661,91,H,0,17,0.0,0.0
661,91,H,0,18,0.5875576943159103,0.1798332759967829
661,91,H,0,19,0.4131936267018318,0.18157459522110628
661,91,H,0,20,0.0,0.0
661,91,H,0,21,0.0,0.0
661,91,H,0,22,0.0,0.0
661,91,H,0,23,0.0,0.0
661,91,H,0,24,0.5879503890872002,0.18950343196086877
661,91,H,0,25,0.0,0.0
661,91,H,1,0,0.0,0.0
661,91,H,1,1,0.4142563559114933,0.1857303178870669
661,91,H,1,2,0.5877048507332802,0.1770992876858341
661,91,H,1,3,0.24688332825899123,0.125625997836246
661,91,H,1,4,0.24458735436201096,0.1176981027007292
661,91,H,1,5,0.5888140693306922,0.18558921499235997
661,91,H,1,6,0.0,0.0
661,91,H,1,7,0.41729136258363725,0.18031547202737858
661,91,H,1,8,0.0,0.0
661,91,H,1,9,0.0,0.0
661,91,H,1,10,0.0,0.0
661,91,H,1,11,0.0,0.0
661,91,H,1,12,0.0,0.0
661,91,H,1,13,0.5870424896478653,0.1770117517919505
661,91,H,1,14,0.0,0.0
661,91,H,1,15,0.0,0.0
661,91,H,1,16,0.0,0.0
661,91,H,1,17,0.0,0.0
661,91,H,1,18,0.23556325137615203,0.1202846916597163
661,91,H,1,19,0.5801701009273529,0.18648291286570726
661,91,H,1,20,0.24145345985889435,0.12016695250455604
661,91,H,1,21,0.0,0.0
661,91,H,1,22,0.0,0.0
661,91,H,1,23,0.0,0.0
661,91,H,1,24,0.0,0.0
661,91,H,1,25,0.0,0.0
661,91,H,2,0,0.0,0.0
661,91,H,2,1,0.0,0.0
661,91,H,2,2,0.0715295359492302,1.3477257488991867e-06
661,91,H,2,3,0.0,0.0
661,91,H,2,4,0.4151832416653633,0.176973306030347
661,91,H,2,5,0.41625062227249143,0.17643452738179058
661,91,H,2,6,0.41075179874897005,0.1801850718053369
661,91,H,2,7,0.7586343199014663,0.11744471401601328
661,91,H,2,8,0.0,0.0
661,91,H,2,9,0.4158880226314068,0.18463169424828588
661,91,H,2,10,0.0,0.0
661,91,H,2,11,0.0,0.0
661,91,H,2,12,0.0,0.0
661,91,H,2,13,0.0,0.0
661,91,H,2,14,0.41418863385915755,0.17675621302301384
661,91,H,2,15,0.0,0.0
661,91,H,2,16,0.0,0.0
661,91,H,2,17,0.0,0.0
661,91,H,2,18,0.0,0.0
661,91,H,2,19,0.41000502854585646,0.17986508482481384
661,91,H,2,20,0.5846133723855018,0.1788402229458544
661,91,H,2,21,0.5766337685286999,0.18825235727064848
661,91,H,2,22,0.0,0.0
661,91,H,2,23,0.0,0.0
661,91,H,2,24,0.0,0.0
661,91,H,2,25,0.0,0.0
661,91,H,3,0,0.0,0.0
661,91,H,3,1,0.0,0.0
661,91,H,3,2,0.0,0.0
661,91,H,3,3,0.0,0.0
661,91,H,3,4,0.5838686965405941,0.18640185735821863
661,91,H,3,5,0.0,0.0
661,91,H,3,6,0.4185355186462402,0.18261234403781623
661,91,H,3,7,0.24803341925144196,0.1256095924995022
661,91,H,3,8,0.24045770689845086,0.12053233932659124
661,91,H,3,9,0.5937060341238976,0.18171619437205727
661,91,H,3,10,0.0,0.0
661,91,H,3,11,0.4133116789162159,0.18470128912661105
661,91,H,3,12,0.0,0.0
661,91,H,3,13,0.0,0.0
661,91,H,3,14,0.0,0.0
661,91,H,3,15,0.5907072097063064,0.18120242926812216
661,91,H,3,16,0.0,0.0
661,91,H,3,17,0.0,0.0
661,91,H,3,18,0.0,0.0
661,91,H,3,19,0.0,0.0
661,91,H,3,20,0.5865659669041634,0.17760800166605403
661,91,H,3,21,0.4106855869293213,0.1844462063520283
661,91,H,3,22,0.2409767799079418,0.11932213227913466
661,91,H,3,23,0.0,0.0
661,91,H,3,24,0.0,0.0
661,91,H,3,25,0.0,0.0
661,91,H,4,0,0.5843611814081668,0.18123563991314037
661,91,H,4,1,0.0,0.0
661,91,H,4,2,0.0,0.0
661,91,H,4,3,0.0,0.0
661,91,H,4,4,0.0,0.0
661,91,H,4,5,0.0,0.0
661,91,H,4,6,0.2459682822227478,0.12073728051724715
661,91,H,4,7,0.0,0.0
661,91,H,4,8,0.41640042662620547,0.17723790627830532
661,91,H,4,9,0.4109612785279751,0.17959908739727934
661,91,H,4,10,0.7647781655192375,0.12005550228237923
661,91,H,4,11,0.4133423358201981,0.17917692034611205
661,91,H,4,12,0.0,0.0
661,91,H,4,13,0.0,0.0
661,91,H,4,14,0.0,0.0
661,91,H,4,15,0.0,0.0
661,91,H,4,16,0.41007110849022865,0.18113233208892132
661,91,H,4,17,0.0,0.0
661,91,H,4,18,0.0,0.0
661,91,H,4,19,0.0,0.0
661,91,H,4,20,0.0,0.0
661,91,H,4,21,0.42347136288881304,0.18507054559840505
661,91,H,4,22,0.4051190234720707,0.18877478035036585
661,91,H,4,23,0.0,0.0
661,91,H,4,24,0.7638171181082726,0.11964561122999609
661,91,H,4,25,0.0,0.0
671,92,C,0,0,0.5984196841716767,0.1809785829081092
671,92,C,0,1,0.43139428496360777,0.17441099194050885
671,92,C,0,2,0.41430960670113565,0.1804787813074586
671,92,C,0,3,0.0,0.0
671,92,C,0,4,0.3979149989783764,0.17160639888248824
671,92,C,0,5,0.9180763363838196,5.5212596275566736e-05
671,92,C,0,6,0.06736026480793952,1.1022360197086024e-05
671,92,C,0,7,0.41079007759690284,0.18182537993448306
671,92,C,0,8,0.0,0.0
671,92,C,0,9,0.0,0.0
671,92,C,0,10,0.0,0.0
671,92,C,0,11,0.0,0.0
671,92,C,0,12,0.5793960474431514,0.18073448330805406
671,92,C,0,13,0.23197384998202325,0.12142410984206198
671,92,C,0,14,0.5830224886536598,0.17989621032699826
671,92,C,0,15,0.41060935854911806,0.17731614250072103
671,92,C,0,16,0.5880913935601711,0.17711379698503635
671,92,C,0,17,0.8877764940261841,0.0013964867351958787
671,92,C,0,18,0.42013905942440033,0.18046207085662547
671,92,C,0,19,0.41548421084880827,0.1768372520118114
671,92,C,0,20,0.0,0.0
671,92,C,0,21,0.0,0.0
671,92,C,0,22,0.41365421637892724,0.17776593399847881
671,92,C,0,23,0.5873372852802277,0.17749672836672364
671,92,C,0,24,0.25513944774866104,0.1191250804830466
671,92,C,0,25,0.7470454774796963,0.12047621677103229
671,92,C,0,26,0.0,0.0
671,92,C,0,27,0.41494699120521544,0.18188133432981374
671,92,C,1,0,0.10037368386983872,0.0005407834525056199
671,92,C,1,1,0.587902195751667,0.17849003049584694
671,92,C,1,2,0.0,0.0
671,92,C,1,3,0.5881245732307434,0.18135769694406587
671,92,C,1,4,0.5853451803326607,0.17925846678725216
671,92,C,1,5,0.24077065512537957,0.11852490455104517
671,92,C,1,6,0.8815085291862488,0.0004516604644905442
671,92,C,1,7,0.818979287147522,0.005632597947524119
671,92,C,1,8,0.0,0.0
671,92,C,1,9,0.0,0.0
671,92,C,1,10,0.0,0.0
671,92,C,1,11,0.0,0.0
671,92,C,1,12,0.41354641169309614,0.1770725375897296
671,92,C,1,13,0.2309453271329403,0.11929855775846365
671,92,C,1,14,0.7514442086219788,0.11565274644842619
671,92,C,1,15,0.41503325328230856,0.18096334364911085
671,92,C,1,16,0.582436504215002,0.18794745808229057
671,92,C,1,17,0.595850782096386,0.18575167905396825
671,92,C,1,18,0.6728891611099244,0.07054757836886182
671,92,C,1,19,0.7397598594427108,0.11348388894809643
671,92,C,1,20,0.5863104164600372,0.17714798512776458
671,92,C,1,21,0.2450163781642914,0.11829657538045064
671,92,C,1,22,0.0,0.0
671,92,C,1,23,0.0,0.0
671,92,C,1,24,0.5695828005671502,0.18515414030076163
671,92,C,1,25,0.24969806745648385,0.11926868107387545
671,92,C,1,26,0.75971160531044,0.11773017030971629
671,92,C,1,27,0.0,0.0
671,92,C,2,0,0.24189438223838805,0.11898119538473215
671,92,C,2,1,0.0,0.0
671,92,C,2,2,0.5874281778931618,0.17803187718955432
671,92,C,2,3,0.43559264540672304,0.16018976912689514
671,92,C,2,4,0.0,0.0
671,92,C,2,5,0.0,0.0
671,92,C,2,6,0.0,0.0
671,92,C,2,7,0.0,0.0
671,92,C,2,8,0.8847522497177124,0.0008619431279976197
671,92,C,2,9,0.7174486495554447,0.11105190183941745
671,92,C,2,10,0.7567993685603142,0.12228333901909408
671,92,C,2,11,0.24090445935726165,0.11979529395634594
671,92,C,2,12,0.7586255952715873,0.11784563066017191
671,92,C,2,13,0.7530581079423427,0.1203652841384492
671,92,C,2,14,0.5778365157544613,0.177324633303668
671,92,C,2,15,0.24261704683303834,0.11801661354519724
671,92,C,2,16,0.0,0.0
671,92,C,2,17,0.0,0.0
671,92,C,2,18,0.06736387684941292,3.970809148080567e-05
671,92,C,2,19,0.4154104232788086,0.17707378803690835
671,92,C,2,20,0.4426233947277069,0.09350416555122182
671,92,C,2,21,0.7112659931182861,0.09550715384632212
671,92,C,2,22,0.2529855936765671,0.12044714570395496
671,92,C,2,23,0.08328298032283783,2.6433687285178916e-05
671,92,C,2,24,0.0,0.0
671,92,C,2,25,0.24011438712477684,0.12549255192085546
671,92,C,2,26,0.08458422273397445,0.00010947582598920034
671,92,C,2,27,0.748885202407837,0.11845206873869982
671,92,C,3,0,0.0,0.0
671,92,C,3,1,0.7578578531742096,0.11740459504066592
671,92,C,3,2,0.25022813975811004,0.12004630542628522
671,92,C,3,3,0.24472986310720443,0.1179486497726115
671,92,C,3,4,0.0,0.0
671,92,C,3,5,0.0,0.0
671,92,C,3,6,0.0,0.0
671,92,C,3,7,0.0,0.0
671,92,C,3,8,0.7578317224979401,0.11889223392807154
671,92,C,3,9,0.4150721624493599,0.17662482970005128
671,92,C,3,10,0.9240068435668946,2.5199031103682042e-05
671,92,C,3,11,0.9198730945587158,6.419271306526753e-05
671,92,C,3,12,0.5830764435231686,0.1798770685060706
671,92,C,3,13,0.41256882920861243,0.18365783372811742
671,92,C,3,14,0.5884766712784767,0.17977060606610962
671,92,C,3,15,0.23922391831874848,0.12048748385022523
671,92,C,3,16,0.416092711687088,0.17601958395362235
671,92,C,3,17,0.4146330565214157,0.18160236818821915
671,92,C,3,18,0.0,0.0
671,92,C,3,19,0.0,0.0
671,92,C,3,20,0.41591646820306777,0.1814524901591393
671,92,C,3,21,0.5866569072008133,0.17694394894847285
671,92,C,3,22,0.5797438427805901,0.17536114105110262
671,92,C,3,23,0.9109578490257263,0.000429236634242045
671,92,C,3,24,0.06689618527889252,3.297434005309352e-05
671,92,C,3,25,0.0,0.0
671,92,C,3,26,0.9222672820091248,2.064999151173197e-05
671,92,C,3,27,0.5940797567367554,0.17899794381489842
671,92,H,0,0,0.7613302446901798,0.12641009392319635
671,92,H,0,1,0.7633845880627632,0.11936820006912492
671,92,H,0,2,0.0,0.0
671,92,H,0,3,0.0,0.0
671,92,H,0,4,0.0,0.0
671,92,H,0,5,0.0,0.0
671,92,H,0,6,0.7632417872548103,0.11945080682462883
671,92,H,0,7,0.4130323246121407,0.17805274016246625
671,92,H,0,8,0.0,0.0
671,92,H,0,9,0.0,0.0
671,92,H,0,10,0.0,0.0
671,92,H,0,11,0.0,0.0
671,92,H,0,12,0.0,0.0
671,92,H,0,13,0.06909928619861602,1.1230571846407855e-05
671,92,H,0,14,0.4138945206999779,0.17711068314193318
671,92,H,0,15,0.0,0.0
671,92,H,0,16,0.41854153424501417,0.1813065348776854
671,92,H,0,17,0.2441384717822075,0.11745993423352738
671,92,H,0,18,0.5864656537771225,0.1776431246484223
671,92,H,0,19,0.41388399451971053,0.1822471253562301
671,92,H,0,20,0.0,0.0
671,92,H,0,21,0.0,0.0
671,92,H,0,22,0.0,0.0
671,92,H,0,23,0.0,0.0
671,92,H,0,24,0.5855440720915794,0.1766307020184436
671,92,H,0,25,0.4162197530269623,0.17916973308230152
671,92,H,0,26,0.0,0.0
671,92,H,0,27,0.0,0.0
671,92,H,1,0,0.7637686565518379,0.12216226888197745
671,92,H,1,1,0.4065092071890831,0.18329499930925927
671,92,H,1,2,0.0,0.0
671,92,H,1,3,0.0,0.0
671,92,H,1,4,0.0,0.0
671,92,H,1,5,0.0,0.0
671,92,H,1,6,0.41492501050233843,0.178440116889471
671,92,H,1,7,0.2395613893866539,0.12566263317322154
671,92,H,1,8,0.0,0.0
671,92,H,1,9,0.0,0.0
671,92,H,1,10,0.0,0.0
671,92,H,1,11,0.0,0.0
671,92,H,1,12,0.0,0.0
671,92,H,1,13,0.5884275004267693,0.17781412938604735
671,92,H,1,14,0.5881503820419312,0.17923892709939687
671,92,H,1,15,0.0,0.0
671,92,H,1,16,0.5853513807058335,0.17842499989962146
671,92,H,1,17,0.4141212522983551,0.17678746328716324
671,92,H,1,18,0.4168787494301796,0.17895536887374838
671,92,H,1,19,0.4158726453781128,0.17643794091510326
671,92,H,1,20,0.0,0.0
671,92,H,1,21,0.0,0.0
671,92,H,1,22,0.0,0.0
671,92,H,1,23,0.0,0.0
671,92,H,1,24,0.5866066113114357,0.1774678093208731
671,92,H,1,25,0.24222808629274367,0.11836918814228306
671,92,H,1,26,0.0,0.0
671,92,H,1,27,0.0,0.0
671,92,H,2,0,0.0,0.0
671,92,H,2,1,0.0,0.0
671,92,H,2,2,0.5871539607644081,0.17770386685647513
671,92,H,2,3,0.23978329971432685,0.11858315879454633
671,92,H,2,4,0.0,0.0
671,92,H,2,5,0.0,0.0
671,92,H,2,6,0.0,0.0
671,92,H,2,7,0.0,0.0
671,92,H,2,8,0.5857550099492073,0.17938802693575187
671,92,H,2,9,0.5874007612466812,0.18058803162638
671,92,H,2,10,0.0,0.0
671,92,H,2,11,0.0,0.0
671,92,H,2,12,0.0,0.0
671,92,H,2,13,0.5872349441051483,0.17675894034616127
671,92,H,2,14,0.41942855417728425,0.18232605048911074
671,92,H,2,15,0.0,0.0
671,92,H,2,16,0.0,0.0
671,92,H,2,17,0.0,0.0
671,92,H,2,18,0.0,0.0
671,92,H,2,19,0.0,0.0
671,92,H,2,20,0.24103978127241135,0.11896389915467409
671,92,H,2,21,0.4094900697469711,0.18171044861460256
671,92,H,2,22,0.4159388042986393,0.1818077469381965
671,92,H,2,23,0.590618009865284,0.1805721904521675
671,92,H,2,24,0.0,0.0
671,92,H,2,25,0.0,0.0
671,92,H,2,26,0.5867569908499718,0.17938583270209876
671,92,H,2,27,0.24016241654753684,0.11946140138182706
671,92,H,3,0,0.0,0.0
671,92,H,3,1,0.0,0.0
671,92,H,3,2,0.7593317091464996,0.12066767549619344
671,92,H,3,3,0.7575977876782417,0.11991403994337464
671,92,H,3,4,0.0,0.0
671,92,H,3,5,0.0,0.0
671,92,H,3,6,0.0,0.0
671,92,H,3,7,0.0,0.0
671,92,H,3,8,0.5862950295209884,0.1761329153732722
671,92,H,3,9,0.2442323759198189,0.1183311986446249
671,92,H,3,10,0.0,0.0
671,92,H,3,11,0.0,0.0
671,92,H,3,12,0.0,0.0
671,92,H,3,13,0.7671815097332001,0.12139958204686549
671,92,H,3,14,0.5852023527026177,0.1818493398481932
671,92,H,3,15,0.0,0.0
671,92,H,3,16,0.0,0.0
671,92,H,3,17,0.0,0.0
671,92,H,3,18,0.0,0.0
671,92,H,3,19,0.0,0.0
671,92,H,3,20,0.4126058518886566,0.17843802708893214
671,92,H,3,21,0.5886130541563034,0.17783785406609773
671,92,H,3,22,0.5905419051647186,0.17895621484074983
671,92,H,3,23,0.4169844388961792,0.17959295391923905
671,92,H,3,24,0.0,0.0
671,92,H,3,25,0.0,0.0
671,92,H,3,26,0.7589643821120262,0.11790801816502143
671,92,H,3,27,0.41471347361803057,0.17709236018568125
671,92,H,4,0,0.0,0.0
671,92,H,4,1,0.0,0.0
671,92,H,4,2,0.7602604806423188,0.11835355123934535
671,92,H,4,3,0.7609593123197556,0.11998838131964665
671,92,H,4,4,0.0,0.0
671,92,H,4,5,0.0,0.0
671,92,H,4,6,0.0,0.0
671,92,H,4,7,0.0,0.0
671,92,H,4,8,0.0,0.0
671,92,H,4,9,0.0,0.0
671,92,H,4,10,0.5867459267377854,0.177386822555605
671,92,H,4,11,0.5824877738952636,0.18030399193945468
671,92,H,4,12,0.7577304929494858,0.11868655600436492
671,92,H,4,13,0.0,0.0
671,92,H,4,14,0.0,0.0
671,92,H,4,15,0.4203782483935356,0.1836422309316672
671,92,H,4,16,0.0,0.0
671,92,H,4,17,0.0,0.0
671,92,H,4,18,0.0,0.0
671,92,H,4,19,0.0,0.0
671,92,H,4,20,0.41485263407230377,0.1769806312166224
671,92,H,4,21,0.757535369694233,0.11844810099020808
671,92,H,4,22,0.4124921515583992,0.17790333713226175
671,92,H,4,23,0.24186157062649727,0.11997758313317115
671,92,H,4,24,0.0,0.0
671,92,H,4,25,0.0,0.0
671,92,H,4,26,0.4185747176408768,0.18459680142138504
671,92,H,4,27,0.5874535247683526,0.1779878493533109
671,92,H,5,0,0.0,0.0
671,92,H,5,1,0.0,0.0
671,92,H,5,2,0.5855007082223892,0.1767705293803285
671,92,H,5,3,0.5857413865625858,0.18122033350598896
671,92,H,5,4,0.0,0.0
671,92,H,5,5,0.0,0.0
671,92,H,5,6,0.0,0.0
671,92,H,5,7,0.0,0.0
671,92,H,5,8,0.0,0.0
671,92,H,5,9,0.0,0.0
671,92,H,5,10,0.7532133914530277,0.12320189553719019
671,92,H,5,11,0.242216494679451,0.11845837500242266
671,92,H,5,12,0.7601765677332878,0.11831703656225301
671,92,H,5,13,0.0,0.0
671,92,H,5,14,0.0,0.0
671,92,H,5,15,0.5903955221176147,0.1844833995342465
671,92,H,5,16,0.0,0.0
671,92,H,5,17,0.0,0.0
671,92,H,5,18,0.0,0.0
671,92,H,5,19,0.0,0.0
671,92,H,5,20,0.5875522449612618,0.1776123337532204
671,92,H,5,21,0.40761307403445246,0.18323771343786532
671,92,H,5,22,0.23758045434951783,0.11977288376408404
671,92,H,5,23,0.06768789887428284,1.2027103294420804e-05
671,92,H,5,24,0.0,0.0
671,92,H,5,25,0.0,0.0
671,92,H,5,26,0.7581561163067818,0.12037141677357584
671,92,H,5,27,0.5829167246818543,0.1821826319206393
671,92,H,6,0,0.2360769636929035,0.12002028697849618
671,92,H,6,1,0.5878345489501953,0.17753452963977084
671,92,H,6,2,0.0,0.0
671,92,H,6,3,0.0,0.0
671,92,H,6,4,0.7628226563334465,0.12242617567285521
671,92,H,6,5,0.4059464357793331,0.18313386581284125
671,92,H,6,6,0.0,0.0
671,92,H,6,7,0.0,0.0
671,92,H,6,8,0.0,0.0
671,92,H,6,9,0.0,0.0
671,92,H,6,10,0.0,0.0
671,92,H,6,11,0.0,0.0
671,92,H,6,12,0.5848824977874756,0.18187137033601886
671,92,H,6,13,0.0,0.0
671,92,H,6,14,0.0,0.0
671,92,H,6,15,0.24317259788513185,0.11750958181607443
671,92,H,6,16,0.24153005927801133,0.11821780517113227
671,92,H,6,17,0.412764149159193,0.17814507086120215
671,92,H,6,18,0.761259077489376,0.11848574194624532
671,92,H,6,19,0.23976303339004518,0.1188913395657641
671,92,H,6,20,0.0,0.0
671,92,H,6,21,0.0,0.0
671,92,H,6,22,0.0,0.0
671,92,H,6,23,0.0,0.0
671,92,H,6,24,0.2436295285820961,0.11750881990048254
671,92,H,6,25,0.5841965690255165,0.1802734531986215
671,92,H,6,26,0.0,0.0
671,92,H,6,27,0.0,0.0
671,92,H,7,0,0.23637677654623984,0.12084003368076175
671,92,H,7,1,0.4120350740849972,0.18345618250844004
671,92,H,7,2,0.0,0.0
671,92,H,7,3,0.0,0.0
671,92,H,7,4,0.4168137043714523,0.1808852611199676
671,92,H,7,5,0.41274178624153135,0.17753114844768686
671,92,H,7,6,0.0,0.0
671,92,H,7,7,0.0,0.0
671,92,H,7,8,0.0,0.0
671,92,H,7,9,0.0,0.0
671,92,H,7,10,0.0,0.0
671,92,H,7,11,0.0,0.0
671,92,H,7,12,0.4099890567362309,0.17936230158792948
671,92,H,7,13,0.0,0.0
671,92,H,7,14,0.0,0.0
671,92,H,7,15,0.41360386162996293,0.17960555676217593
671,92,H,7,16,0.7609690681099892,0.1190902391474773
671,92,H,7,17,0.4168270528316498,0.18598979794869477
671,92,H,7,18,0.5867892444133759,0.18156938135517903
671,92,H,7,19,0.06535191833972931,0.00012244076852176988
671,92,H,7,20,0.0,0.0
671,92,H,7,21,0.0,0.0
671,92,H,7,22,0.0,0.0
671,92,H,7,23,0.0,0.0
671,92,H,7,24,0.9381831407546997,6.15852235858938e-05
671,92,H,7,25,0.5863585516810417,0.1765510198073741
671,92,H,7,26,0.0,0.0
671,92,H,7,27,0.0,0.0
681,93,C,0,0,0.24183593392372132,0.11799586169072078
681,93,C,0,1,0.5860012903809547,0.178752752091347
681,93,C,0,2,0.22908054068684577,0.12099979939269637
681,93,C,0,3,0.5774526938796043,0.1809728453374026
681,93,C,0,4,0.0,0.0
681,93,C,0,5,0.0,0.0
681,93,C,0,6,0.0,0.0
681,93,C,0,7,0.0,0.0
681,93,C,0,8,0.0,0.0
681,93,C,0,9,0.0,0.0
681,93,C,0,10,0.0,0.0
681,93,C,0,11,0.2537207931280136,0.11933453622777643
681,93,C,0,12,0.08207011744379997,0.0001907230336910959
681,93,C,0,13,0.24964740127325058,0.1184685334088885
681,93,C,0,14,0.252999110519886,0.1202077897656797
681,93,C,0,15,0.26423086374998095,0.12227746962840583
681,93,C,0,16,0.6858846783638001,0.009795010673520607
681,93,C,0,17,0.7506668329238891,0.009993936190157057
681,93,C,0,18,0.4130451656877995,0.17815326959478464
681,93,C,0,19,0.7614054188132287,0.11887792848561984
681,93,C,0,20,0.24197690039873124,0.11846937011722702
681,93,C,0,21,0.5905850186944008,0.1778812394143121
681,93,C,0,22,0.41659160554409025,0.1791247200307767
681,93,C,0,23,0.4165480971336365,0.17671916537059337
681,93,C,0,24,0.2404797911643982,0.12159118508750351
681,93,C,0,25,0.11212422102689742,0.00034770260262201086
681,93,C,0,26,0.4145911544561386,0.12941155319686165
681,93,C,0,27,0.5870628014206887,0.17822819790539685
681,93,C,0,28,0.5846351832151413,0.17734724088544168
681,93,C,0,29,0.23995904326438905,0.11873746982113327
681,93,C,1,0,0.41527598798274995,0.1829454387556106
681,93,C,1,1,0.41624131351709365,0.17936530005712661
681,93,C,1,2,0.0,0.0
681,93,C,1,3,0.0,0.0
681,93,C,1,4,0.4081779085099697,0.17779751790509785
681,93,C,1,5,0.4083020992577076,0.17817283568287762
681,93,C,1,6,0.7588789373636246,0.12004622120072805
681,93,C,1,7,0.417158243060112,0.17873301924295243
681,93,C,1,8,0.0,0.0
681,93,C,1,9,0.0,0.0
681,93,C,1,10,0.0,0.0
681,93,C,1,11,0.41443883180618285,0.1798916904089368
681,93,C,1,12,0.2434285432100296,0.1184308819556644
681,93,C,1,13,0.5861310362815857,0.17592101167417126
681,93,C,1,14,0.5849845185875893,0.17906120945315082
681,93,C,1,15,0.5842825293540954,0.17924237191597628
681,93,C,1,16,0.23878897055983545,0.11987971959143925
681,93,C,1,17,0.4175410732626915,0.17755044617479032
681,93,C,1,18,0.7517871171236038,0.12176313217681094
681,93,C,1,19,0.2336680181324482,0.12104148338765383
681,93,C,1,20,0.593192033469677,0.1792560037447341
681,93,C,1,21,0.41405766531825067,0.1811126382025658
681,93,C,1,22,0.4131460636854172,0.180617511118691
681,93,C,1,23,0.5881332024931908,0.18109065207205158
681,93,C,1,24,0.5862026512622833,0.18214678901115713
681,93,C,1,25,0.4191789820790291,0.18324385733526277
681,93,C,1,26,0.5874952673912048,0.17615653629715794
681,93,C,1,27,0.586947850883007,0.17640630886479775
681,93,C,1,28,0.2441951811313629,0.11880359395979283
681,93,C,1,29,0.7513521172106266,0.1205751136699557
681,93,C,2,0,0.4168347954750061,0.17772784341235662
681,93,C,2,1,0.4168634071946144,0.1793500717169187
681,93,C,2,2,0.0,0.0
681,93,C,2,3,0.0,0.0
681,93,C,2,4,0.7605712652206421,0.11998284335834146
681,93,C,2,5,0.5872277542948723,0.17649925375147646
681,93,C,2,6,0.24399625658988952,0.11859562058518058
681,93,C,2,7,0.23878874480724335,0.11919066660464783
681,93,C,2,8,0.0,0.0
681,93,C,2,9,0.0,0.0
681,93,C,2,10,0.0,0.0
681,93,C,2,11,0.4176057830452919,0.17825810415117319
681,93,C,2,12,0.23819559067487717,0.12149162990373044
681,93,C,2,13,0.24273276031017305,0.11801024383705241
681,93,C,2,14,0.414122274518013,0.17730080942797471
681,93,C,2,15,0.5898680135607719,0.17871157884481065
681,93,C,2,16,0.4139950521290302,0.1792391516810111
681,93,C,2,17,0.4161794617772102,0.17740429634975166
681,93,C,2,18,0.4127236656844616,0.1785844840957766
681,93,C,2,19,0.41304412186145784,0.17884943630179792
681,93,C,2,20,0.4167691648006439,0.18011439773147533
681,93,C,2,21,0.41777966618537904,0.18019591166616078
681,93,C,2,22,0.0,0.0
681,93,C,2,23,0.0,0.0
681,93,C,2,24,0.0,0.0
681,93,C,2,25,0.23943083137273788,0.11900374463294212
681,93,C,2,26,0.4078957483172417,0.18339700080239138
681,93,C,2,27,0.0,0.0
681,93,C,2,28,0.41534100770950316,0.17913494173820751
681,93,C,2,29,0.24040213823318482,0.12011444370244181
681,93,C,3,0,0.0,0.0
681,93,C,3,1,0.580572210252285,0.18338065771244466
681,93,C,3,2,0.0,0.0
681,93,C,3,3,0.0,0.0
681,93,C,3,4,0.0,0.0
681,93,C,3,5,0.0,0.0
681,93,C,3,6,0.0,0.0
681,93,C,3,7,0.0,0.0
681,93,C,3,8,0.556868952512741,0.17516241000328128
681,93,C,3,9,0.8962975978851319,4.451595606639103e-05
681,93,C,3,10,0.9064006209373474,0.000579765239893959
681,93,C,3,11,0.5873341515660286,0.17865750596681929
681,93,C,3,12,0.0,0.0
681,93,C,3,13,0.4124332875013351,0.17644076105217202
681,93,C,3,14,0.4113569729030132,0.17907178543159047
681,93,C,3,15,0.0,0.0
681,93,C,3,16,0.4185108169913292,0.17973012291427884
681,93,C,3,17,0.5913747161626816,0.17799651584967874
681,93,C,3,18,0.24360645562410355,0.11779184433944563
681,93,C,3,19,0.4172029927372932,0.17940105011328952
681,93,C,3,20,0.0,0.0
681,93,C,3,21,0.0,0.0
681,93,C,3,22,0.8347385287284851,0.0019145885280502741
681,93,C,3,23,0.5349319279193878,0.13860076092807247
681,93,C,3,24,0.8203314423561097,0.01081825576396426
681,93,C,3,25,0.42439450323581696,0.18467190723931676
681,93,C,3,26,0.4178623631596565,0.17677462008591505
681,93,C,3,27,0.4147633858025074,0.18206555830982477
681,93,C,3,28,0.41809389293193816,0.17761771126510909
681,93,C,3,29,0.0,0.0
681,93,H,0,0,0.4111897975206375,0.1806245017697389
681,93,H,0,1,0.24229779094457626,0.11920018427641668
681,93,H,0,2,0.0,0.0
681,93,H,0,3,0.0,0.0
681,93,H,0,4,0.24052746146917342,0.11826356588699549
681,93,H,0,5,0.4145147442817688,0.17695408000011287
681,93,H,0,6,0.0,0.0
681,93,H,0,7,0.0,0.0
681,93,H,0,8,0.0,0.0
681,93,H,0,9,0.0,0.0
681,93,H,0,10,0.0,0.0
681,93,H,0,11,0.585445585846901,0.1784683162028163
681,93,H,0,12,0.0,0.0
681,93,H,0,13,0.41901313960552217,0.18228237854544543
681,93,H,0,14,0.5832037568092346,0.18351520606286276
681,93,H,0,15,0.0,0.0
681,93,H,0,16,0.0,0.0
681,93,H,0,17,0.0,0.0
681,93,H,0,18,0.5838345363736153,0.1793682170048549
681,93,H,0,19,0.4167397230863571,0.17898903169586863
681,93,H,0,20,0.5889734625816345,0.17756753292090116
681,93,H,0,21,0.41444647312164307,0.1776686150253266
681,93,H,0,22,0.0,0.0
681,93,H,0,23,0.0,0.0
681,93,H,0,24,0.0,0.0
681,93,H,0,25,0.0,0.0
681,93,H,0,26,0.0,0.0
681,93,H,0,27,0.0,0.0
681,93,H,0,28,0.5853487774729729,0.17975096812322816
681,93,H,0,29,0.5860277473926544,0.17701422175158726
681,93,H,1,0,0.4075104735791683,0.18119465507913374
681,93,H,1,1,0.24002626314759254,0.11854611808026158
681,93,H,1,2,0.0,0.0
681,93,H,1,3,0.0,0.0
681,93,H,1,4,0.24243869930505751,0.11869915992137574
681,93,H,1,5,0.24201211482286453,0.11921750041754538
681,93,H,1,6,0.0,0.0
681,93,H,1,7,0.0,0.0
681,93,H,1,8,0.0,0.0
681,93,H,1,9,0.0,0.0
681,93,H,1,10,0.0,0.0
681,93,H,1,11,0.41414895206689833,0.17684862009061714
681,93,H,1,12,0.0,0.0
681,93,H,1,13,0.761823196709156,0.11893167217935359
681,93,H,1,14,0.5824390433728694,0.18355871378441127
681,93,H,1,15,0.0,0.0
681,93,H,1,16,0.0,0.0
681,93,H,1,17,0.0,0.0
681,93,H,1,18,0.24242177605628967,0.11789910459944686
681,93,H,1,19,0.4126668371260166,0.17927336680964565
681,93,H,1,20,0.5846860699355603,0.17882790157078282
681,93,H,1,21,0.4083904676139355,0.1818830158832014
681,93,H,1,22,0.0,0.0
681,93,H,1,23,0.0,0.0
681,93,H,1,24,0.0,0.0
681,93,H,1,25,0.0,0.0
681,93,H,1,26,0.0,0.0
681,93,H,1,27,0.0,0.0
681,93,H,1,28,0.23782034814357758,0.11943542710186494
681,93,H,1,29,0.23985006809234619,0.12121247655639762
681,93,H,2,0,0.5839205801486969,0.1783211423544335
681,93,H,2,1,0.7568936243653297,0.12052515994214348
681,93,H,2,2,0.0,0.0
681,93,H,2,3,0.0,0.0
681,93,H,2,4,0.0,0.0
681,93,H,2,5,0.0,0.0
681,93,H,2,6,0.4124503701925278,0.17924659765659495
681,93,H,2,7,0.06627049818634986,6.603770289815624e-05
681,93,H,2,8,0.0,0.0
681,93,H,2,9,0.0,0.0
681,93,H,2,10,0.0,0.0
681,93,H,2,11,0.0,0.0
681,93,H,2,12,0.5824118234217167,0.18734784347072342
681,93,H,2,13,0.0,0.0
681,93,H,2,14,0.0,0.0
681,93,H,2,15,0.2369604341685772,0.12204409663552666
681,93,H,2,16,0.0,0.0
681,93,H,2,17,0.0,0.0
681,93,H,2,18,0.7615141153335572,0.11874282891564776
681,93,H,2,19,0.2442016750574112,0.12335963742977692
681,93,H,2,20,0.41266956478357314,0.17834121267709077
681,93,H,2,21,0.4111951880156994,0.1792065289115537
681,93,H,2,22,0.0,0.0
681,93,H,2,23,0.0,0.0
681,93,H,2,24,0.0,0.0
681,93,H,2,25,0.0,0.0
681,93,H,2,26,0.0,0.0
681,93,H,2,27,0.0,0.0
681,93,H,2,28,0.5866501539945602,0.17874276478102735
681,93,H,2,29,0.4111759983003139,0.182750068138745
681,93,H,3,0,0.7582350984215737,0.12349772932003944
681,93,H,3,1,0.7551197536289692,0.1252272794409514
681,93,H,3,2,0.0,0.0
681,93,H,3,3,0.0,0.0
681,93,H,3,4,0.0,0.0
681,93,H,3,5,0.0,0.0
681,93,H,3,6,0.5969489321112633,0.18717964414037974
681,93,H,3,7,0.23882224634289742,0.11896192238457688
681,93,H,3,8,0.0,0.0
681,93,H,3,9,0.0,0.0
681,93,H,3,10,0.0,0.0
681,93,H,3,11,0.0,0.0
681,93,H,3,12,0.7605450004339218,0.11840230591163756
681,93,H,3,13,0.0,0.0
681,93,H,3,14,0.0,0.0
681,93,H,3,15,0.587052957713604,0.17906413365635165
681,93,H,3,16,0.0,0.0
681,93,H,3,17,0.0,0.0
681,93,H,3,18,0.23969046771526337,0.11932604087627094
681,93,H,3,19,0.5923257678747177,0.18126262123615375
681,93,H,3,20,0.5907315403223038,0.1788043062676113
681,93,H,3,21,0.5855162113904953,0.17722741373203937
681,93,H,3,22,0.0,0.0
681,93,H,3,23,0.0,0.0
681,93,H,3,24,0.0,0.0
681,93,H,3,25,0.0,0.0
681,93,H,3,26,0.0,0.0
681,93,H,3,27,0.0,0.0
681,93,H,3,28,0.41240699142217635,0.17833237909544847
681,93,H,3,29,0.4110812768340111,0.17866176635104405
681,93,H,4,0,0.0,0.0
681,93,H,4,1,0.0,0.0
681,93,H,4,2,0.761379462480545,0.1205992213823562
681,93,H,4,3,0.24235950112342836,0.1177583064078916
681,93,H,4,4,0.0,0.0
681,93,H,4,5,0.0,0.0
681,93,H,4,6,0.0,0.0
681,93,H,4,7,0.0,0.0
681,93,H,4,8,0.0,0.0
681,93,H,4,9,0.0,0.0
681,93,H,4,10,0.0,0.0
681,93,H,4,11,0.5885644063353539,0.1777074050181056
681,93,H,4,12,0.9331666946411132,1.2815697600956354e-05
681,93,H,4,13,0.5896150179207325,0.18725022752675252
681,93,H,4,14,0.4148259311914444,0.17902929615918906
681,93,H,4,15,0.761708278954029,0.12080372057378692
681,93,H,4,16,0.5865460142493248,0.17666071497252983
681,93,H,4,17,0.24108534231781958,0.12142174863083317
681,93,H,4,18,0.0,0.0
681,93,H,4,19,0.0,0.0
681,93,H,4,20,0.0,0.0
681,93,H,4,21,0.0,0.0
681,93,H,4,22,0.0,0.0
681,93,H,4,23,0.0,0.0
681,93,H,4,24,0.0,0.0
681,93,H,4,25,0.9308142066001892,1.4198795430786503e-05
681,93,H,4,26,0.41524759232997893,0.17742409959419195
681,93,H,4,27,0.0,0.0
681,93,H,4,28,0.0,0.0
681,93,H,4,29,0.0,0.0
681,93,H,5,0,0.0,0.0
681,93,H,5,1,0.0,0.0
681,93,H,5,2,0.23636009097099303,0.11985552659326311
681,93,H,5,3,0.2428339973092079,0.1196351855590585
681,93,H,5,4,0.0,0.0
681,93,H,5,5,0.0,0.0
681,93,H,5,6,0.0,0.0
681,93,H,5,7,0.0,0.0
681,93,H,5,8,0.0,0.0
681,93,H,5,9,0.0,0.0
681,93,H,5,10,0.0,0.0
681,93,H,5,11,0.06952110454440116,2.4401164756502338e-05
681,93,H,5,12,0.2441470980644226,0.12116413183980365
681,93,H,5,13,0.582927755266428,0.180953479862125
681,93,H,5,14,0.24402405172586442,0.1187275379756992
681,93,H,5,15,0.4143978297710419,0.1800526427983114
681,93,H,5,16,0.41598575860261916,0.177290080303869
681,93,H,5,17,0.2432707816362381,0.11909363631760797
681,93,H,5,18,0.0,0.0
681,93,H,5,19,0.0,0.0
681,93,H,5,20,0.0,0.0
681,93,H,5,21,0.0,0.0
681,93,H,5,22,0.0,0.0
681,93,H,5,23,0.0,0.0
681,93,H,5,24,0.0,0.0
681,93,H,5,25,0.5895448654890061,0.17839474137190517
681,93,H,5,26,0.24305142909288407,0.11751723687472664
681,93,H,5,27,0.0,0.0
681,93,H,5,28,0.0,0.0
681,93,H,5,29,0.0,0.0
681,93,H,6,0,0.0,0.0
681,93,H,6,1,0.0,0.0
681,93,H,6,2,0.0,0.0
681,93,H,6,3,0.0,0.0
681,93,H,6,4,0.0,0.0
681,93,H,6,5,0.0,0.0
681,93,H,6,6,0.0,0.0
681,93,H,6,7,0.0,0.0
681,93,H,6,8,0.2457407996058464,0.12663416929885826
681,93,H,6,9,0.4121014758944511,0.17995840476220817
681,93,H,6,10,0.24478381425142287,0.12290393170864641
681,93,H,6,11,0.24518108367919922,0.12024585726934393
681,93,H,6,12,0.0,0.0
681,93,H,6,13,0.41650425270199776,0.1818499703095324
681,93,H,6,14,0.5848691605031491,0.17941416219754552
681,93,H,6,15,0.0,0.0
681,93,H,6,16,0.0,0.0
681,93,H,6,17,0.0,0.0
681,93,H,6,18,0.0,0.0
681,93,H,6,19,0.0,0.0
681,93,H,6,20,0.0,0.0
681,93,H,6,21,0.0,0.0
681,93,H,6,22,0.7620707288384437,0.11885428583256967
681,93,H,6,23,0.41086399331688883,0.18106484196033648
681,93,H,6,24,0.757728460431099,0.117590009467936
681,93,H,6,25,0.0,0.0
681,93,H,6,26,0.0,0.0
681,93,H,6,27,0.5831718683242798,0.1802153047108584
681,93,H,6,28,0.0,0.0
681,93,H,6,29,0.0,0.0
681,93,H,7,0,0.0,0.0
681,93,H,7,1,0.0,0.0
681,93,H,7,2,0.0,0.0
681,93,H,7,3,0.0,0.0
681,93,H,7,4,0.0,0.0
681,93,H,7,5,0.0,0.0
681,93,H,7,6,0.0,0.0
681,93,H,7,7,0.0,0.0
681,93,H,7,8,0.41417316198348997,0.17861109984650175
681,93,H,7,9,0.58941440731287,0.17910736921802636
681,93,H,7,10,0.7588129073381424,0.12057625800608884
681,93,H,7,11,0.4160602480173111,0.1784376386660227
681,93,H,7,12,0.0,0.0
681,93,H,7,13,0.5869304031133652,0.17682054635939132
681,93,H,7,14,0.5836333222687244,0.1829977881693519
681,93,H,7,15,0.0,0.0
681,93,H,7,16,0.0,0.0
681,93,H,7,17,0.0,0.0
681,93,H,7,18,0.0,0.0
681,93,H,7,19,0.0,0.0
681,93,H,7,20,0.0,0.0
681,93,H,7,21,0.0,0.0
681,93,H,7,22,0.414256701618433,0.18037418768126146
681,93,H,7,23,0.5855843082070351,0.17685026701564838
681,93,H,7,24,0.41702463030815123,0.18188035023795943
681,93,H,7,25,0.0,0.0
681,93,H,7,26,0.0,0.0
681,93,H,7,27,0.7630108669400215,0.1194574648503112
681,93,H,7,28,0.0,0.0
681,93,H,7,29,0.0,0.0
681,93,H,8,0,0.0,0.0
681,93,H,8,1,0.0,0.0
681,93,H,8,2,0.0,0.0
681,93,H,8,3,0.0,0.0
681,93,H,8,4,0.0,0.0
681,93,H,8,5,0.0,0.0
681,93,H,8,6,0.0,0.0
681,93,H,8,7,0.0,0.0
681,93,H,8,8,0.24014265239238738,0.12169382583752489
681,93,H,8,9,0.5835689291357994,0.1800146846209901
681,93,H,8,10,0.4152175024151802,0.1783718611730239
681,93,H,8,11,0.4098283477127552,0.1825517652427819
681,93,H,8,12,0.0,0.0
681,93,H,8,13,0.24272370338439941,0.1180280137437221
681,93,H,8,14,0.4115865364670753,0.17959928753484075
681,93,H,8,15,0.0,0.0
681,93,H,8,16,0.0,0.0
681,93,H,8,17,0.0,0.0
681,93,H,8,18,0.0,0.0
681,93,H,8,19,0.0,0.0
681,93,H,8,20,0.0,0.0
681,93,H,8,21,0.0,0.0
681,93,H,8,22,0.5869338795542717,0.17807713255866275
681,93,H,8,23,0.24356393814086913,0.12017915690436887
681,93,H,8,24,0.7643090456724166,0.11993428067419924
681,93,H,8,25,0.0,0.0
681,93,H,8,26,0.0,0.0
681,93,H,8,27,0.7599503070116043,0.12000587262555984
681,93,H,8,28,0.0,0.0
681,93,H,8,29,0.0,0.0
691,94,C,0,0,0.8579880714416503,0.004010280734865148
691,94,C,0,1,0.15718811973929406,0.013437871299443613
691,94,C,0,2,0.255144464969635,0.010601477628557756
691,94,C,0,3,0.14905647039413453,0.002704444201071774
691,94,C,0,4,0.8186476469039917,0.0030500581901102917
691,94,C,0,5,0.7879705667495728,0.011523998357262996
691,94,C,0,6,0.7617696583271026,0.027097281061774364
691,94,C,0,7,0.7525553226470947,0.02670895934014993
691,94,H,0,0,0.23781880885362625,0.11918587820595664
691,94,H,0,1,0.7652814462780952,0.12003579466008354
691,94,H,0,2,0.06832800656557084,9.977458838936748e-06
691,94,H,0,3,0.4166258588433266,0.17997986120717385
691,94,H,0,4,0.5894571036100388,0.18503088699346945
691,94,H,0,5,0.2407195746898651,0.11900496558378774
691,94,H,0,6,0.9506615042686463,8.083436027646939e-05
691,94,H,0,7,0.76131871342659,0.11938903944979558
692,99,C,0,0,0.7688740566372871,0.12067384558307595
692,99,C,0,1,0.25487129390239716,0.014447018277961642
692,99,C,0,2,0.5856795519590378,0.17819353871281074
692,99,C,0,3,0.41797945499420164,0.17568825265183585
692,99,C,0,4,0.7457146883010864,0.007896036263969963
692,99,C,0,5,0.8023014664649963,0.0024659515602067474
692,99,C,0,6,0.7684113383293152,0.015002390654045428
692,99,C,0,7,0.9360459208488464,0.00020699380538729883
692,99,C,0,8,0.5805124722421169,0.1809090607120456
692,99,C,0,9,0.0,0.0
692,99,C,0,10,0.0,0.0
692,99,C,0,11,0.8072663307189941,0.0031604123936696737
692,99,C,0,12,0.7570024132728577,0.004549260173529035
692,99,C,0,13,0.7780296206474304,0.015477503965540507
692,99,C,0,14,0.4151393547654152,0.17951706269190834
692,99,C,0,15,0.41619264483451845,0.1797436039269391
692,99,C,0,16,0.5855963200330734,0.17725759615629771
692,99,C,0,17,0.5866046421229839,0.18061674301428005
692,99,C,1,0,0.24319387525320052,0.1225285579722212
692,99,C,1,1,0.5975757867097855,0.18539408310205732
692,99,C,1,2,0.415936142206192,0.17837981920289875
692,99,C,1,3,0.24624881893396378,0.11731661263832986
692,99,C,1,4,0.5921292394399643,0.18102451291914717
692,99,C,1,5,0.41014531850814817,0.18244537640919456
692,99,C,1,6,0.7676569730043411,0.12140747883506042
692,99,C,1,7,0.5848722584545613,0.1801951575368209
692,99,C,1,8,0.2417673237621784,0.11963724562831235
692,99,C,1,9,0.7597369611263275,0.11864775697245815
692,99,C,1,10,0.5874600857496262,0.1768445881656337
692,99,C,1,11,0.5875406980514526,0.18074148439464133
692,99,C,1,12,0.067923254519701,2.2436415408302324e-05
692,99,C,1,13,0.23959302976727487,0.12122537713786288
692,99,C,1,14,0.5851065412163734,0.18528884157893105
692,99,C,1,15,0.06198524907231331,0.00025624592998345407
692,99,C,1,16,0.24292782545089722,0.11788926620706189
692,99,C,1,17,0.9416820406913757,0.00011788573680604486
692,99,C,2,0,0.747867976129055,0.11578778656283957
692,99,C,2,1,0.4180061712861061,0.1820872357000613
692,99,C,2,2,0.7407794713973999,0.0015247730567827487
692,99,C,2,3,0.8576732993125915,0.00326585937802605
692,99,C,2,4,0.0,0.0
692,99,C,2,5,0.0,0.0
692,99,C,2,6,0.0,0.0
692,99,C,2,7,0.07912109941244125,7.850956360052397e-05
692,99,C,2,8,0.5935305416584015,0.18419853207896653
692,99,C,2,9,0.13317856341600418,0.005923156285340511
692,99,C,2,10,0.16170964241027833,0.003916921272924654
692,99,C,2,11,0.9301677942276001,0.00020059620541417188
692,99,C,2,12,0.40795339792966845,0.1917367592078813
692,99,C,2,13,0.5805799320340157,0.17847420301765368
692,99,C,2,14,0.8579021453857422,0.0020780209303191558
692,99,C,2,15,0.8371126890182495,0.003960404327337984
692,99,C,2,16,0.7084755599498749,0.026615386313750378
692,99,C,2,17,0.723632562160492,0.007016992570421224
692,99,H,0,0,0.5858325943350792,0.17842063983819978
692,99,H,0,1,0.413474752753973,0.18216144674497867
692,99,H,0,2,0.0,0.0
692,99,H,0,3,0.582538053393364,0.18389101429760757
692,99,H,0,4,0.5892886400222779,0.18997470764149177
692,99,H,0,5,0.4267975889146328,0.19361826610361232
692,99,H,0,6,0.5876324266195297,0.177599717220539
692,99,H,0,7,0.0,0.0
692,99,H,0,8,0.0,0.0
692,99,H,0,9,0.0,0.0
692,99,H,0,10,0.0,0.0
692,99,H,0,11,0.7596262522041798,0.12455286499951748
692,99,H,0,12,0.7615191459655761,0.12070305410138985
692,99,H,0,13,0.24610300809144975,0.12108972992381192
692,99,H,0,14,0.4133300930261612,0.17919543611121908
692,99,H,0,15,0.5876180738210678,0.17962677638847008
692,99,H,0,16,0.0,0.0
692,99,H,0,17,0.0,0.0
692,99,H,1,0,0.4166374564170837,0.18005097544234036
692,99,H,1,1,0.41499855667352675,0.1771396887533549
692,99,H,1,2,0.0,0.0
692,99,H,1,3,0.23700374141335487,0.12022360733878071
692,99,H,1,4,0.5915381163358688,0.18092225650692056
692,99,H,1,5,0.7613239526748657,0.1185559762865219
692,99,H,1,6,0.7573930643498897,0.12611859964578448
692,99,H,1,7,0.0,0.0
692,99,H,1,8,0.0,0.0
692,99,H,1,9,0.0,0.0
692,99,H,1,10,0.0,0.0
692,99,H,1,11,0.5812042750418186,0.19706245190468782
692,99,H,1,12,0.4168051302433014,0.1783108786798294
692,99,H,1,13,0.41739536821842194,0.1799181488310999
692,99,H,1,14,0.2404517874121666,0.11881620584429231
692,99,H,1,15,0.4207248128950596,0.19064222900990566
692,99,H,1,16,0.0,0.0
692,99,H,1,17,0.0,0.0
692,99,H,2,0,0.7645681582391262,0.12850776651423806
692,99,H,2,1,0.23661503605544568,0.12373653333981764
692,99,H,2,2,0.0,0.0
692,99,H,2,3,0.41676739752292635,0.17948959970241696
692,99,H,2,4,0.2450230225920677,0.12227622570502801
692,99,H,2,5,0.5829404965043068,0.1803927857397686
692,99,H,2,6,0.412535360455513,0.17979602223920818
692,99,H,2,7,0.0,0.0
692,99,H,2,8,0.0,0.0
692,99,H,2,9,0.0,0.0
692,99,H,2,10,0.0,0.0
692,99,H,2,11,0.7614958107471466,0.1186083026949211
692,99,H,2,12,0.5916767090559005,0.1839437392106904
692,99,H,2,13,0.4074339494109154,0.18196715922395315
692,99,H,2,14,0.23951598033308982,0.12255967341271548
692,99,H,2,15,0.23638981878757476,0.1203175837509757
692,99,H,2,16,0.0,0.0
692,99,H,2,17,0.0,0.0
692,99,H,3,0,0.4127842396497726,0.1778317337548477
692,99,H,3,1,0.7627109557390213,0.120520429231992
692,99,H,3,2,0.5918644338846206,0.1838940285667489
692,99,H,3,3,0.24158320277929307,0.11833416421360261
692,99,H,3,4,0.0,0.0
692,99,H,3,5,0.0,0.0
692,99,H,3,6,0.0,0.0
692,99,H,3,7,0.5792969148606062,0.18671268045170755
692,99,H,3,8,0.23873100504279138,0.12367004473559742
692,99,H,3,9,0.0,0.0
692,99,H,3,10,0.0,0.0
692,99,H,3,11,0.41467145383358,0.18425601237105446
692,99,H,3,12,0.2399031013250351,0.11885919568919026
692,99,H,3,13,0.2439163237810135,0.11743536088744169
692,99,H,3,14,0.41540679708123207,0.18238193318929158
692,99,H,3,15,0.419684998691082,0.19163652915996
692,99,H,3,16,0.40998884439468386,0.18070215132497253
692,99,H,3,17,0.24457345008850098,0.12150404203937473
692,99,H,4,0,0.40939257815480234,0.1806326812871568
692,99,H,4,1,0.4144199341535568,0.17728035355115018
692,99,H,4,2,0.24031607806682587,0.119195146902109
692,99,H,4,3,0.7605514645576477,0.118229407953651
692,99,H,4,4,0.0,0.0
692,99,H,4,5,0.0,0.0
692,99,H,4,6,0.0,0.0
692,99,H,4,7,0.7630335345864296,0.11943497154837893
692,99,H,4,8,0.4072772659361362,0.18314231369650208
692,99,H,4,9,0.0,0.0
692,99,H,4,10,0.0,0.0
692,99,H,4,11,0.06822670996189117,1.8594696981244497e-05
692,99,H,4,12,0.4156421571969986,0.1769730207308013
692,99,H,4,13,0.4133634984493256,0.17951414829128676
692,99,H,4,14,0.5848373256623745,0.18130536895847088
692,99,H,4,15,0.5910839438438416,0.1790076317002743
692,99,H,4,16,0.5870264045894146,0.18237202109830358
692,99,H,4,17,0.4097950555384159,0.19191892830058194
702,100,C,0,0,0.0959382601082325,0.0007533689068227022
702,100,C,0,1,0.3156850665807724,0.015368449118163277
702,100,C,0,2,0.7609307333827019,0.11983801471556517
702,100,C,0,3,0.42563679814338684,0.1753202571350815
702,100,C,0,4,0.24188181310892104,0.12518219906694492
702,100,C,0,5,0.561124837398529,0.15156505311418814
702,100,C,0,6,0.7050232350826263,0.024660313051469415
702,100,C,0,7,0.8227420687675476,0.003957078845196235
702,100,C,0,8,0.8234156608581543,0.003658404910862032
702,100,C,0,9,0.0,0.0
702,100,C,0,10,0.0,0.0
702,100,C,0,11,0.0,0.0
702,100,C,0,12,0.0,0.0
702,100,C,0,13,0.8020198225975037,0.01117500622272644
702,100,C,0,14,0.7520901799201966,0.017362015015513918
702,100,C,0,15,0.721764612197876,0.10149196805532823
702,100,C,0,16,0.5881680130958558,0.17665280670397815
702,100,C,0,17,0.06920015811920166,8.721134731417556e-05
702,100,C,0,18,0.5859033890068531,0.17953873465724196
702,100,C,0,19,0.40607284046709535,0.18245836411877772
702,100,C,1,0,0.6122429251670838,0.15671781595109546
702,100,C,1,1,0.5928009882569313,0.18293078900736223
702,100,C,1,2,0.5838503323495388,0.1825179609077613
702,100,C,1,3,0.753959421813488,0.12740395161973223
702,100,C,1,4,0.4134684890508652,0.18051653138994955
702,100,C,1,5,0.5955255642533303,0.16333185703493927
702,100,C,1,6,0.23892288655042648,0.121419682375481
702,100,C,1,7,0.5862717747688293,0.17762772022210957
702,100,C,1,8,0.5786959014832973,0.18792880202083673
702,100,C,1,9,0.4191530719399452,0.18192568063234313
702,100,C,1,10,0.41265114173293116,0.17896794250406475
702,100,C,1,11,0.24122638553380965,0.11865264858943658
702,100,C,1,12,0.41299351304769516,0.17909257845467283
702,100,C,1,13,0.7605553343892097,0.11880155769258724
702,100,C,1,14,0.5933809489011764,0.18344531759651156
702,100,C,1,15,0.41702538430690766,0.18204284454170203
702,100,C,1,16,0.7718859568238259,0.12211041019656814
702,100,C,1,17,0.5960466839373112,0.187028908931448
702,100,C,1,18,0.7619796365499496,0.11903921176560248
702,100,C,1,19,0.7628587424755097,0.1196676922424396
702,100,C,2,0,0.4046438053250313,0.16557290028241978
702,100,C,2,1,0.7726322516798974,0.11927644925814543
702,100,C,2,2,0.8018185377120972,0.004812326659361191
702,100,C,2,3,0.7359791152179241,0.11937134166546556
702,100,C,2,4,0.2498312324285507,0.11994137899984718
702,100,C,2,5,0.8421923756599426,0.001372036715978595
702,100,C,2,6,0.0,0.0
702,100,C,2,7,0.0,0.0
702,100,C,2,8,0.0,0.0
702,100,C,2,9,0.7001441219821573,0.11924766509022763
702,100,C,2,10,0.8688181281089783,0.0003410764883776096
702,100,C,2,11,0.2442514881491661,0.12072870912466716
702,100,C,2,12,0.0,0.0
702,100,C,2,13,0.5776857726275921,0.18550331503698192
702,100,C,2,14,0.4013867437839508,0.18347154812855082
702,100,C,2,15,0.5921677075326442,0.18754950272802604
702,100,C,2,16,0.7519343614578247,0.013333917295350375
702,100,C,2,17,0.7904248356819152,0.00506453218792359
702,100,C,2,18,0.6788604736328125,0.005728986074163913
702,100,C,2,19,0.9343792557716369,2.897631791910271e-05
702,100,C,3,0,0.23295656591653824,0.11399225072124874
702,100,C,3,1,0.24304181039333345,0.12006169425153948
702,100,C,3,2,0.24272864758968354,0.12029532111211647
702,100,C,3,3,0.5728229478001594,0.18482056875848984
702,100,C,3,4,0.5890158325433731,0.12124495117901062
702,100,C,3,5,0.6824514031410217,0.01733134597228144
702,100,C,3,6,0.0,0.0
702,100,C,3,7,0.0,0.0
702,100,C,3,8,0.0,0.0
702,100,C,3,9,0.0,0.0
702,100,C,3,10,0.0,0.0
702,100,C,3,11,0.0,0.0
702,100,C,3,12,0.0762336567044258,0.00016281009739046225
702,100,C,3,13,0.5832902833819389,0.17808465586931058
702,100,C,3,14,0.585186418890953,0.17884981368494182
702,100,C,3,15,0.7573730170726776,0.11784628330861777
702,100,C,3,16,0.5839126899838447,0.18363033644977966
702,100,C,3,17,0.7620407819747925,0.11958858617916437
702,100,C,3,18,0.4116955555975437,0.1835741219690238
702,100,C,3,19,0.41769706159830094,0.1728705919538338
702,100,H,0,0,0.4142656438052654,0.1814724476382487
702,100,H,0,1,0.24474585875868798,0.12441636038185773
702,100,H,0,2,0.0,0.0
702,100,H,0,3,0.4163185656070709,0.18032083959258954
702,100,H,0,4,0.0,0.0
702,100,H,0,5,0.7557452820241451,0.12394970723490968
702,100,H,0,6,0.5836601540446281,0.18461231392946278
702,100,H,0,7,0.5894493229687214,0.18626034996156654
702,100,H,0,8,0.5866022311151028,0.1872442154335268
702,100,H,0,9,0.0,0.0
702,100,H,0,10,0.0,0.0
702,100,H,0,11,0.0,0.0
702,100,H,0,12,0.0,0.0
702,100,H,0,13,0.41237799674272535,0.18270195854974247
702,100,H,0,14,0.5849771097302436,0.1794187195536162
702,100,H,0,15,0.9330933332443238,1.5391868459744273e-05
702,100,H,0,16,0.0,0.0
702,100,H,0,17,0.0,0.0
702,100,H,0,18,0.0,0.0
702,100,H,0,19,0.0,0.0
702,100,H,1,0,0.7574988745152951,0.12105226180901107
702,100,H,1,1,0.7637441650032997,0.12328167526132665
702,100,H,1,2,0.0,0.0
702,100,H,1,3,0.24523289799690245,0.11925915189602358
702,100,H,1,4,0.0,0.0
702,100,H,1,5,0.4089757241308689,0.18787458908298663
702,100,H,1,6,0.24023580849170684,0.11858091258346595
702,100,H,1,7,0.4064375914633274,0.18198452307033489
702,100,H,1,8,0.5961650468409061,0.18686601099708647
702,100,H,1,9,0.0,0.0
702,100,H,1,10,0.0,0.0
702,100,H,1,11,0.0,0.0
702,100,H,1,12,0.0,0.0
702,100,H,1,13,0.4099309340119362,0.18010420970333665
702,100,H,1,14,0.4132876396179199,0.18604306660516634
702,100,H,1,15,0.23017636239528655,0.12227910360950967
702,100,H,1,16,0.0,0.0
702,100,H,1,17,0.0,0.0
702,100,H,1,18,0.0,0.0
702,100,H,1,19,0.0,0.0
702,100,H,2,0,0.2382143758237362,0.121129890502057
702,100,H,2,1,0.4093402519822121,0.18161186498312962
702,100,H,2,2,0.0,0.0
702,100,H,2,3,0.060642839223146436,0.00012818425561366366
702,100,H,2,4,0.0,0.0
702,100,H,2,5,0.41811699122190477,0.19313522632817967
702,100,H,2,6,0.4095420457422733,0.18721910098730402
702,100,H,2,7,0.2420310601592064,0.11800324837426399
702,100,H,2,8,0.5889292493462562,0.1783826611190021
702,100,H,2,9,0.0,0.0
702,100,H,2,10,0.0,0.0
702,100,H,2,11,0.0,0.0
702,100,H,2,12,0.0,0.0
702,100,H,2,13,0.4146269991993904,0.18090399195582957
702,100,H,2,14,0.5882711537182331,0.18815012368265321
702,100,H,2,15,0.7662774458527565,0.12096884341140265
702,100,H,2,16,0.0,0.0
702,100,H,2,17,0.0,0.0
702,100,H,2,18,0.0,0.0
702,100,H,2,19,0.0,0.0
702,100,H,3,0,0.7593322679400444,0.11801521283493328
702,100,H,3,1,0.0,0.0
702,100,H,3,2,0.4168999046087265,0.18400743400267922
702,100,H,3,3,0.4141401365399361,0.17980341772441694
702,100,H,3,4,0.0,0.0
702,100,H,3,5,0.4110829375684261,0.18354749791874253
702,100,H,3,6,0.0,0.0
702,100,H,3,7,0.0,0.0
702,100,H,3,8,0.0,0.0
702,100,H,3,9,0.7587931215763092,0.11932420455742387
702,100,H,3,10,0.5867519475519657,0.18195609339560156
702,100,H,3,11,0.5854699745774269,0.17780397008570895
702,100,H,3,12,0.0,0.0
702,100,H,3,13,0.0,0.0
702,100,H,3,14,0.0,0.0
702,100,H,3,15,0.0,0.0
702,100,H,3,16,0.7585992395877839,0.11939472773743545
702,100,H,3,17,0.41546780616045,0.178747958282132
702,100,H,3,18,0.4152262806892395,0.1893094534754038
702,100,H,3,19,0.0,0.0
702,100,H,4,0,0.4135047994554043,0.1868385568933914
702,100,H,4,1,0.0,0.0
702,100,H,4,2,0.7638060972094536,0.12048431020360569
702,100,H,4,3,0.5899355977773666,0.1817327083969554
702,100,H,4,4,0.0,0.0
702,100,H,4,5,0.23877303078770637,0.12093622904994801
702,100,H,4,6,0.0,0.0
702,100,H,4,7,0.0,0.0
702,100,H,4,8,0.0,0.0
702,100,H,4,9,0.2347717486321926,0.12046145361493857
702,100,H,4,10,0.7648662641644478,0.12111587499411466
702,100,H,4,11,0.23982564657926558,0.11964750708735931
702,100,H,4,12,0.0,0.0
702,100,H,4,13,0.0,0.0
702,100,H,4,14,0.0,0.0
702,100,H,4,15,0.0,0.0
702,100,H,4,16,0.23721980825066566,0.12435549198379776
702,100,H,4,17,0.5900846540927887,0.1832142430507632
702,100,H,4,18,0.2400326207280159,0.11917100069544599
702,100,H,4,19,0.0,0.0
