graph_idx,compound,graph_num_nodes,graph_num_edges,target_node_type,node_idx,target_value,seed_runs,feature_imp_mean_H,feature_imp_mean_C,feature_var_mean_H,feature_var_mean_C,edge_imp_mean,edge_var_mean,overall_var_mean
0,1,11,20,C,0,-2.1809728145599365,5,0.07555711382266248,0.08845483912107273,0.0001078114421994993,0.00012686142316484957,0.31617073826491826,0.10180425495207793,0.03401297593914743
0,1,11,20,C,1,-16.9322566986084,5,0.2013689653590472,0.34425761795196774,7.005194796776852e-05,0.0004230605341854694,0.5967853922396896,0.03026880922964107,0.010253973903931436
0,1,11,20,C,2,-8.388336181640625,5,0.13669539018712865,0.28895662516355514,0.00011760593138939624,0.0003350397585213539,0.5474713650345803,0.051653522475446634,0.017368722721785794
0,1,11,20,C,3,-6.655499458312988,5,0.05854665999761735,0.226632679830759,4.118655449380767e-05,0.00014058831012130407,0.4159709944576025,0.049830741839542246,0.016670838901385786
0,1,11,20,C,4,-12.745342254638672,5,0.06045334955508059,0.19710494588582944,1.1709680595617532e-05,0.00034635348494375305,0.3034645761176944,0.02511382662668966,0.00849062993074301
0,1,11,20,H,0,-0.17985659837722778,5,0.057782409498185826,0.05696202772550094,5.448512098618615e-06,5.1536443299445115e-06,0.25038472380489113,0.0656079524253784,0.021872851527268988
0,1,11,20,H,1,-0.14272424578666687,5,0.057519892512848884,0.05690852232468434,4.854824238434038e-06,5.924004804140299e-06,0.21527814742177726,0.09014867286721509,0.030053150565419223
0,1,11,20,H,2,-0.18340036273002625,5,0.0574868382378058,0.0570968729716081,4.1159898666994725e-06,4.949424096781485e-06,0.1636997592449188,0.06592156964799659,0.02197687835398669
0,1,11,20,H,3,-0.5416102409362793,5,0.07264855514572124,0.0919837118494205,1.2042437535344912e-05,3.6268831907228434e-05,0.3137451190501451,0.06007453572697362,0.0200409489988054
0,1,11,20,H,4,-0.29296109080314636,5,0.029078417181065585,0.09535252400697806,2.8920440037855376e-06,1.2665722200441792e-05,0.23767672099173068,0.07191217974793107,0.023975912504711764
0,1,11,20,H,5,-0.3744361400604248,5,0.014524141217422003,0.05933732942128792,1.01757516489497e-06,0.00018783836015228117,0.12925817571580409,0.04200266350445808,0.01406383981325842
10,2,12,24,C,0,-0.7767053842544556,5,0.17036456396295263,0.22797049827491625,0.0004228453789838278,0.00018822360065943975,0.5874005234489839,0.0804857287097051,0.027032265896449456
10,2,12,24,C,1,-0.7707053422927856,5,0.1679154700063395,0.2266335889601555,0.00023112909405286527,0.0007092720754542812,0.6210257396722834,0.07068685231688099,0.02387575116212938
10,2,12,24,C,2,-0.7707053422927856,5,0.1725693738539562,0.23243880672141534,0.00018203053277636352,0.0002900270940563198,0.6001997885915141,0.08495237229533918,0.028474809974057286
10,2,12,24,C,3,-0.7736613750457764,5,0.17069501420765212,0.23012054913128033,0.0002881539219012377,0.00032363774684308774,0.6522434499425193,0.06616330889365524,0.022258366854133186
10,2,12,24,H,0,-0.05126853287220001,5,0.06484871184961362,0.09534239084101638,4.2870608371573916e-06,9.912246104882708e-06,0.24883890316511192,0.08228846896654969,0.027434222757830574
10,2,12,24,H,1,-0.046680811792612076,5,0.06502973051233726,0.09532531938300683,4.670759925054586e-06,1.1640528822394498e-05,0.3140818576018016,0.08491884762598138,0.028311719638242944
10,2,12,24,H,2,-0.05026853457093239,5,0.06490576579376603,0.095114911471804,3.2185494045764163e-06,8.90323345858681e-06,0.2774464033388843,0.09018807370656758,0.030066731829810248
10,2,12,24,H,3,-0.046680811792612076,5,0.0649545743779251,0.09509266693240558,2.8536822925953693e-06,1.6682685233613426e-05,0.2697040123865008,0.07753346279348196,0.025850999720336054
10,2,12,24,H,4,-0.04568081349134445,5,0.06488027072539836,0.09521455789605776,3.6248707954970744e-06,1.3372635993103153e-05,0.28500142532090345,0.09017599376067749,0.030064330422488697
10,2,12,24,H,5,-0.05026853457093239,5,0.06471835301455223,0.09528726208477449,3.5985827621932257e-06,1.049639620250718e-05,0.26453665054092806,0.09174219769398255,0.03058543089098242
10,2,12,24,H,6,-0.05026853457093239,5,0.06513575893459898,0.09494335509072512,3.598893513992418e-06,1.029972726047653e-05,0.26320542773852745,0.08703861308469941,0.02901750390182463
10,2,12,24,H,7,-0.046680811792612076,5,0.06508091999161425,0.09513131973262016,4.9625351077894244e-06,1.4451183286403146e-05,0.2415633127093315,0.07963468876676096,0.026551367495051714
20,3,12,24,C,0,-8.145360946655273,5,0.12342995758911578,0.19851134562084818,0.00019018299098211958,0.0002125001660941842,0.45195862709855045,0.07128533351563691,0.02389600555757107
20,3,12,24,C,1,-8.147904396057129,5,0.12244273523489635,0.19787261203950288,0.000278566893516854,0.0003970987021083954,0.4415138823445887,0.0707138253744581,0.023796496990027782
20,3,12,24,C,2,-8.148948669433594,5,0.12467041391916948,0.1963701408579309,0.00038442339283153613,0.00040224264637366187,0.45765815634901325,0.07030671176565666,0.02369779260162062
20,3,12,24,C,3,-8.14694881439209,5,0.12304651181053634,0.19940395594662072,0.0002524798196865256,0.0002544018558586,0.45438114802042645,0.05611735415876321,0.01887474527810278
20,3,12,24,C,4,-8.146904945373535,5,0.11926202861347583,0.19868726860891042,0.00044206797014380696,0.0005088676797126438,0.4479210785900553,0.07931634027806926,0.026755758642641903
20,3,12,24,C,5,-8.146361351013184,5,0.12385361017000794,0.19640599435720688,0.00011912999320574787,0.0002844752918643658,0.44194029240558547,0.05876709610833384,0.019723567131134653
20,3,12,24,H,0,-0.25103986263275146,5,0.04365924284464181,0.07988688990983189,2.9461320601539693e-06,1.3976672111633389e-05,0.22273525210718315,0.06773567151088591,0.022584198105019233
20,3,12,24,H,1,-0.2520398497581482,5,0.04320447329017851,0.08007325223113737,3.412634538682761e-06,1.6367292411509107e-05,0.2016542237251997,0.07032396987175314,0.02344791659956778
20,3,12,24,H,2,-0.2520398497581482,5,0.043392717206116885,0.07960338977794361,3.2099400416353825e-06,8.401909605860993e-06,0.21640913427496952,0.050078056876299605,0.01669655624198237
20,3,12,24,H,3,-0.25103986263275146,5,0.04356608522510287,0.07987567251946172,3.0912923649165013e-06,1.495573918759669e-05,0.18641352060561375,0.06751397018916853,0.022510672406907017
20,3,12,24,H,4,-0.2520398497581482,5,0.043644388712415785,0.07948642203058952,3.51547687245643e-06,7.90454049474661e-06,0.21565704078723988,0.06802965202979169,0.022680357349052965
20,3,12,24,H,5,-0.2520398497581482,5,0.04350138891375426,0.07954959207110936,3.19124319686893e-06,1.2906470045131222e-05,0.19448311608284716,0.06538097873581207,0.021799025483018025
30,4,13,26,C,0,-1.5885530710220337,5,0.12403438962205793,0.16032070357830097,4.32171647704459e-05,0.00015903023032330996,0.42559743801561684,0.09207607073019257,0.03075943937509544
30,4,13,26,C,1,-3.0082218647003174,5,0.08963838861408557,0.11478638626061952,1.452149848924128e-05,7.860103336899365e-05,0.3806551290246156,0.11432224130168821,0.03813845461118215
30,4,13,26,C,2,-12.421451568603516,5,0.17253669315215314,0.3341585529843966,0.0001337228656702367,0.00019723043589217452,0.5769948933560115,0.045065036094711464,0.015131996465424624
30,4,13,26,C,3,-12.42249584197998,5,0.16544799431594032,0.3293442967610481,0.00047912394805137766,0.0005759474930038828,0.5464620376435609,0.062340047561064996,0.021131706334040087
30,4,13,26,C,4,-3.0098090171813965,5,0.09219152988922416,0.12182345399489769,1.5716626182975155e-05,4.9880901118798744e-05,0.4105274536861823,0.10750625252512823,0.03585728335081
30,4,13,26,H,0,-0.12868109345436096,5,0.06487074952121033,0.0949981643832647,4.3795885672673245e-06,1.0112499459034455e-05,0.23695670973796107,0.07808668409818359,0.026033725395403298
30,4,13,26,H,1,-0.047584664076566696,5,0.06490452308772189,0.09508347745125112,3.597494642078232e-06,9.271965767297107e-06,0.31002356776824364,0.08725345936061285,0.029088776273674077
30,4,13,26,H,2,-0.21381264925003052,5,0.05399333691845337,0.09467074300234135,2.3723796457652092e-06,9.088837133729018e-06,0.24119624624458644,0.06924915514018412,0.02308687211898787
30,4,13,26,H,3,-0.17307570576667786,5,0.05405597507276319,0.09492381869218287,2.98121834984757e-06,8.437634637996776e-06,0.24762349154513613,0.07782319832415217,0.025944872392380008
30,4,13,26,H,4,-0.3381540775299072,5,0.04355147715206399,0.10206253028068787,4.988423298495373e-06,0.00019410235664060817,0.21473636354964515,0.06433102155082288,0.021510037443587326
30,4,13,26,H,5,-0.3381540775299072,5,0.0435483796860684,0.09992036353319118,3.912118475102344e-06,0.00030526335047244095,0.22833026979978266,0.07124387164088458,0.023851015703277374
30,4,13,26,H,6,-0.21381264925003052,5,0.05375046121012984,0.09500422318012287,3.759305977986253e-06,1.0322558452076145e-05,0.26013504149248967,0.08756476339209517,0.029192948418841746
30,4,13,26,H,7,-0.1714879274368286,5,0.054391698855342285,0.09488034761104829,3.7191704730158584e-06,8.083785582939051e-06,0.2469432914199738,0.07815704703232268,0.026056283329459546
40,5,13,24,C,0,-7.250866889953613,5,0.09652236015394781,0.2507997483091476,0.00010140247161253393,0.00036496354719590935,0.43652599190051355,0.045872118629430254,0.015446161549412899
40,5,13,24,C,1,-17.124717712402344,5,0.1421353243347822,0.3047103299391576,0.00034794783064449566,0.0006935042252394876,0.53723269837598,0.05622518731220865,0.019088879789364212
40,5,13,24,C,2,-7.251823425292969,5,0.09782919261152999,0.2506721279330743,0.0001078822090028819,0.0003806200903218038,0.4550632319102685,0.045132686929129605,0.01520706307615143
40,5,13,24,C,3,-0.6550225019454956,5,0.09193348691544749,0.13719878531419316,8.432978754265098e-05,0.0001601126914660594,0.3150231844745576,0.027253451513277988,0.009165964664095567
40,5,13,24,C,4,-0.6576103568077087,5,0.09473495726671183,0.13409283605905684,7.837879209014624e-05,0.0002524243667181036,0.2964130717329681,0.03605713026888393,0.01212931114256406
40,5,13,24,H,0,-0.3286808133125305,5,0.043931209916869794,0.07626615777993814,3.290669369454242e-06,7.308397454654286e-06,0.19373611003781357,0.047332535217357835,0.01578104476139398
40,5,13,24,H,1,-0.32968080043792725,5,0.04377300356599417,0.07669084141651791,2.3741645469034174e-06,1.0120296864813959e-05,0.19467732856671013,0.06741159871594221,0.022474697725784643
40,5,13,24,H,2,-0.0859522819519043,5,0.043337068243911765,0.05688151624722359,3.1784104535532964e-06,6.321432624820847e-06,0.1937485152545075,0.05733603339862678,0.019115177747235052
40,5,13,24,H,3,-0.09553185105323792,5,0.04313221330556906,0.05714100954624323,3.0865767522618668e-06,4.579097198844065e-06,0.20150183563431104,0.06473759763794851,0.02158175443729987
40,5,13,24,H,4,-0.10788288712501526,5,0.04313710789675965,0.05715558560994955,1.981723952038991e-06,5.231253729419432e-06,0.20130683494110901,0.06011993029609378,0.020042381091258412
40,5,13,24,H,5,-0.10788288712501526,5,0.04286056683031898,0.057101078216846166,2.1778823169486186e-06,4.754877675631303e-06,0.1507249716979762,0.0654655307335663,0.021824154497852962
40,5,13,24,H,6,-0.08695228397846222,5,0.04325242102371924,0.057325318921835,1.7647423877388168e-06,5.631929796974879e-06,0.15838024641076723,0.06470162524594457,0.02156967397270976
40,5,13,24,H,7,-0.09607572108507156,5,0.04309899334541776,0.05733353116573431,2.53496014535073e-06,4.309210567957439e-06,0.194525985357662,0.06489836966447732,0.021635071278396877
50,6,14,30,C,0,-3.638505220413208,5,0.09966997104047826,0.13706080839037896,4.458308303567086e-05,0.00012786133932417946,0.4720377103239298,0.10470007242778626,0.034957505616715366
50,6,14,30,C,1,-2.7032065391540527,5,0.09052426050219572,0.1082498779791033,7.635795206638671e-05,0.000182120693087525,0.40507762851814433,0.10735416269736883,0.03587088044750758
50,6,14,30,C,2,-3.0836172103881836,5,0.09327832866798746,0.1178199633064433,5.247635511624976e-05,0.00010305249616362921,0.39104071371257304,0.12703868463490842,0.04239807116206276
50,6,14,30,C,3,-11.829119682312012,5,0.14667694654993033,0.2694642688028323,0.00010908979976918524,0.00023506478349479505,0.4539988927294811,0.030535460255528942,0.010293204946264308
50,6,14,30,C,4,-12.671215057373047,5,0.1800772297224312,0.3265658804685132,0.0008741439459294963,0.0005487535975752792,0.5630199811855952,0.054638255471155674,0.018687051004886816
50,6,14,30,C,5,-1.9315294027328491,5,0.08611749495294961,0.11107679289630333,0.00013139968312131194,0.00024727390600896,0.36968803805609546,0.09574858415916129,0.03204241924943052
50,6,14,30,H,0,-0.18572446703910828,5,0.043349916832239335,0.09519923081637448,2.535193726321529e-06,8.288280488768807e-06,0.20249287642538547,0.05779984079297265,0.019270221422395914
50,6,14,30,H,1,-0.1745053380727768,5,0.04290885341099718,0.0947596711990161,2.0857599375567876e-06,7.77925623511823e-06,0.20254739058514437,0.0700271454588599,0.023345670158344187
50,6,14,30,H,2,-0.1240059956908226,5,0.0539168824977947,0.09513141612848665,3.056905014269712e-06,7.535284071092027e-06,0.2733804764350255,0.0860271222708386,0.028679238153307987
50,6,14,30,H,3,-0.029461706057190895,5,0.04334977493254524,0.07935305126966574,3.3257030551183347e-06,5.9991769844096705e-06,0.18217400074005127,0.05259553557390383,0.017534953484647786
50,6,14,30,H,4,-0.08866342157125473,5,0.043228666806085544,0.07927393798007924,2.337340891588625e-06,6.662514941032685e-06,0.2689064619193474,0.05563599536725754,0.018548331741030055
50,6,14,30,H,5,-0.06410186737775803,5,0.0649457940098011,0.09520000242269955,4.138625747561584e-06,7.33869290299925e-06,0.20654996330539385,0.08014517071535843,0.026718882678002997
50,6,14,30,H,6,-0.3011716902256012,5,0.04413631669048107,0.0810054127795574,4.9539868833688205e-06,0.00015179883050817314,0.2094113493959109,0.06176311605210189,0.020639956289831143
50,6,14,30,H,7,-0.362988144159317,5,0.032863785896563164,0.09935583923744341,1.7493359384221996e-06,0.00020871625766344463,0.15122489370405673,0.053689198315145466,0.01796655463624911
60,7,15,28,C,0,-1.4363102912902832,5,0.048566417328336026,0.13171690622965498,8.167858108615404e-06,6.593348615325724e-05,0.25432249903678894,0.038110342697744916,0.012728148014002265
60,7,15,28,C,1,-10.832813262939453,5,0.1597150652787902,0.345195826796385,5.392775926181559e-05,0.0002845143269365922,0.5145056186243891,0.045306885685908835,0.015215109257369082
60,7,15,28,C,2,-12.055366516113281,5,0.20489971575863433,0.35865923107434544,0.00010535685623533278,0.00035064142716441,0.5597963608535272,0.04523615778914045,0.015230718690846731
60,7,15,28,C,3,-1.2828102111816406,5,0.09033290561853033,0.14318475665954444,3.0816164518838844e-05,4.655226545091203e-05,0.3336027557562505,0.06004754754772627,0.020041638659232006
60,7,15,28,C,4,-1.9992175102233887,5,0.06662206019416,0.1195981324253938,2.848010892330946e-05,0.00012262207943002857,0.32663660044116627,0.07439456151006964,0.02484855456614099
60,7,15,28,H,0,-0.14997045695781708,5,0.03450817636016644,0.05737802408444576,1.7125371760776775e-06,5.1956103419475165e-06,0.18486156631261114,0.053498955291849386,0.01783528781312247
60,7,15,28,H,1,-0.09751375764608383,5,0.034631435243469295,0.05687229605821463,1.4770598059885548e-06,5.5433584370582895e-06,0.1668333733720439,0.046577740240110015,0.015528253552784354
60,7,15,28,H,2,-0.15051423013210297,5,0.034432787023710484,0.057124508519967386,1.321436958042893e-06,5.0663199672327005e-06,0.184999403011586,0.062265697695065146,0.02075736181733014
60,7,15,28,H,3,-0.3611016869544983,5,0.03520998120759473,0.10098854784782117,3.5897654806158485e-06,0.00019884163083890363,0.15634871939463274,0.055550918851667117,0.018584450082662213
60,7,15,28,H,4,-0.11608413606882095,5,0.026133126946109714,0.07643329673852674,9.25618898606772e-07,7.097418992444589e-06,0.1850877925487501,0.05981029973912876,0.019939440925673273
60,7,15,28,H,5,-0.1072341725230217,5,0.025989987827611694,0.07632386168608299,1.1830466709303287e-06,6.615467076556275e-06,0.17892754508980685,0.055073187545796924,0.018360328686514802
60,7,15,28,H,6,-0.10564631968736649,5,0.025928475472963217,0.07606758363735983,9.675474184214782e-07,6.578997110331121e-06,0.1731683222044791,0.059644451892254875,0.019883999478927876
60,7,15,28,H,7,-0.13005854189395905,5,0.02597718671867342,0.07640890297217248,9.742766494080497e-07,7.426914822447784e-06,0.15997523138565675,0.05316411887274108,0.017724173354737645
60,7,15,28,H,8,-0.11315438151359558,5,0.02584918015834057,0.07586259733407925,1.3420617458686404e-06,6.037759553455767e-06,0.15379620891596588,0.057694145284960675,0.019233841702086665
60,7,15,28,H,9,-0.1316463202238083,5,0.02590065249890992,0.07593185874132012,7.642118417101013e-07,8.315456931723835e-06,0.2095859384164214,0.05544822541588691,0.01848576836155345
70,8,15,32,C,0,-13.971240043640137,5,0.15773349912893592,0.34284623519077406,0.0004249111155410408,0.0004847699373779205,0.4747692862525582,0.04790782243595412,0.016272501162957694
70,8,15,32,C,1,-13.960783958435059,5,0.16802874092351308,0.33688154412167415,0.00017096128102537798,0.00046164908508427763,0.5044098393525929,0.0452530371607299,0.015295215842279851
70,8,15,32,C,2,-4.4604339599609375,5,0.11704122351313179,0.17374588525666423,8.934234957300681e-05,0.00013526423252557495,0.5246791381156073,0.10063090596686651,0.03361850418298836
70,8,15,32,C,3,-6.963056564331055,5,0.15186619895764375,0.3294694132638938,0.0002023556509590049,0.00019886480302511744,0.49755558816250417,0.08503432108065373,0.028478513844879285
70,8,15,32,C,4,-4.446389675140381,5,0.11850593839066499,0.17387160603161697,8.808650934132759e-05,0.00015165406039330403,0.5706715044099838,0.09915406680732872,0.033131269125687784
70,8,15,32,C,5,-13.959739685058594,5,0.1646151831147797,0.3439707124407912,0.00028385257564264506,0.0003756969162864071,0.5427736811805517,0.04782187723632067,0.01616047557608324
70,8,15,32,C,6,-13.99178409576416,5,0.1581765992115393,0.34427499398862044,0.0005007078350981188,0.00047378544035615394,0.5017845788737759,0.044347911360060874,0.01510746821183838
70,8,15,32,H,0,-0.2288912832736969,5,0.04323175731820591,0.09503642353382738,2.10599941736416e-06,6.737003284475262e-06,0.21319347326643764,0.06749433882468449,0.022501060609128775
70,8,15,32,H,1,-0.2288912832736969,5,0.04281303197371237,0.0952863844323071,2.5572556184432987e-06,6.429185406861461e-06,0.20269518909044565,0.05475786912884707,0.01825561852329079
70,8,15,32,H,2,-0.43758425116539,5,0.0327990766219569,0.08903718621302874,1.971189592400783e-06,9.919825631083347e-06,0.16884107501246037,0.05462955144097541,0.018213814152066295
70,8,15,32,H,3,-0.4359964430332184,5,0.03259921415398518,0.0892982489132619,2.518392851650182e-06,6.835042458840439e-06,0.1904571726452559,0.0449495893953825,0.014986314276897665
70,8,15,32,H,4,-0.16839148104190826,5,0.05393308165172736,0.09476627361970945,2.7147185044004812e-06,4.65814946301398e-06,0.2045890054665506,0.06569530817863994,0.021900893682202452
70,8,15,32,H,5,-0.17097912728786469,5,0.05431809451318148,0.09486735643812153,2.8470603689168484e-06,5.707879994367662e-06,0.2431107893353328,0.08237264522418017,0.027460400054847817
70,8,15,32,H,6,-0.43699654936790466,5,0.03302816508732962,0.08783003083078852,2.8477319163058488e-06,5.919893927277749e-05,0.20177992719691243,0.055889320214552105,0.018650455628580396
70,8,15,32,H,7,-0.4369964301586151,5,0.032870621488175614,0.08821193344427114,1.8599500451269138e-06,5.743335870073213e-05,0.19105696869082747,0.056385835679611765,0.01881504299611921
80,9,17,34,C,0,-1.346888780593872,5,0.11423705810850315,0.16597317907508913,2.761372360496062e-05,0.0001264068978766522,0.34983562914764177,0.06610421447149219,0.022086078364324597
80,9,17,34,C,1,-1.3468447923660278,5,0.11258623833006079,0.1634396018835651,3.3556364743496774e-05,0.00014321583781360935,0.3518848392235882,0.060818614288291085,0.020331795496949398
80,9,17,34,C,2,-1.9850852489471436,5,0.07004365331747316,0.1211302099701686,2.152803237186117e-05,7.865259926954384e-05,0.3340447727809934,0.07034247147623757,0.02348088403595966
80,9,17,34,C,3,-8.796553611755371,5,0.09098899406465617,0.23503403164200734,4.7034338678825494e-05,0.00023372004211974476,0.34343431857140627,0.03826539865489348,0.012848717678564015
80,9,17,34,C,4,-22.162132263183594,5,0.10490311183261149,0.27257903164777997,0.00032281493399791936,0.0004310821236933274,0.3738253359847209,0.03272064516129606,0.011158180739662434
80,9,17,34,C,5,-8.791465759277344,5,0.08901600553230807,0.2389273563802461,0.00012737070383212853,0.00027377045811106276,0.36665760294041205,0.04148406352495511,0.013961734895632766
80,9,17,34,C,6,-1.9855414628982544,5,0.07276755496408,0.12369289277564913,4.142400823809412e-05,6.871453655786474e-05,0.29772537648677827,0.06949807736625492,0.023202738637016957
80,9,17,34,H,0,-0.01740874908864498,5,0.05197808552420501,0.06815726109695086,2.1380736678249345e-06,5.184366457133646e-06,0.19105760691797033,0.06160252503001285,0.020536615823379272
80,9,17,34,H,1,-0.10289161652326584,5,0.05170380245555531,0.06804977432712095,2.122419427822898e-06,3.7977695445077682e-06,0.21137694260653325,0.06695925576142127,0.022321725316797866
80,9,17,34,H,2,-0.15494415163993835,5,0.043174057684161445,0.06805935872125102,1.8196484044459967e-06,3.982049306993919e-06,0.1788669995525304,0.057950512661644034,0.01931877145311849
80,9,17,34,H,3,-0.2196807712316513,5,0.04317601496523077,0.06789947958328786,2.4629520066728632e-06,4.292639952164532e-06,0.1783869065782603,0.05272747048649096,0.017578075359483265
80,9,17,34,H,4,-0.21868076920509338,5,0.04313647272008837,0.06775810848989765,1.734245718415874e-06,5.184376514128806e-06,0.16419851389877937,0.05607526936290995,0.018694062661714164
80,9,17,34,H,5,-0.1559881865978241,5,0.04320936678485437,0.06801967912868705,2.448529897880219e-06,3.898990822928712e-06,0.17869960225242026,0.05621745335418779,0.018741266958302867
80,9,17,34,H,6,-0.017996521666646004,5,0.05225115841988361,0.0679785933632117,2.575653896588123e-06,6.9970511725380555e-06,0.20157121544813408,0.05785979592571854,0.01928978954359589
80,9,17,34,H,7,-0.10184769332408905,5,0.051763768914070994,0.06772529711544294,2.0396526492382295e-06,3.6595835364542173e-06,0.18070781695492127,0.056355291178801205,0.018786996804995633
80,9,17,34,H,8,-0.2789176404476166,5,0.02609934678583434,0.06800872814524306,1.1241656931529324e-06,5.1350249774654635e-06,0.14223887267358162,0.04756642182268707,0.015857560337785896
80,9,17,34,H,9,-0.2763298749923706,5,0.02609759655414206,0.0681310182853496,1.1721619510228167e-06,6.134122971587758e-06,0.1267186508897473,0.05103612289985599,0.0170144763949262
90,10,17,36,C,0,-12.177125930786133,5,0.11260248617240876,0.26239425967901175,7.159736488188522e-05,0.0001317810218360991,0.38807374882615275,0.03597857205864301,0.012060650148453663
90,10,17,36,C,1,-12.184125900268555,5,0.11604010314652416,0.26124143360844465,3.573071615009209e-05,0.0001782512978732293,0.38306571305212045,0.02828174749195777,0.009498576501993697
90,10,17,36,C,2,-3.5679590702056885,5,0.09866922002398605,0.1351673475497372,3.551934620476134e-05,5.9312919784509344e-05,0.40018795163681115,0.09127471177872118,0.03045651468157015
90,10,17,36,C,3,-2.562379837036133,5,0.09590502217411995,0.16054707767762544,8.221642387847839e-05,0.0003168841561776332,0.4253244811255071,0.09861309345821086,0.033004064679422324
90,10,17,36,C,4,-3.576958417892456,5,0.09727918577013593,0.13428758359326548,1.755103056596774e-05,4.0714496219928514e-05,0.3876573889412814,0.09217297825841883,0.030743747928401576
90,10,17,36,C,5,-2.483546018600464,5,0.07444382501370977,0.11042424906522798,2.4731374493582572e-05,9.703411988059871e-05,0.37061191147400274,0.10476348389936851,0.03496174979791423
90,10,17,36,C,6,-1.6082209348678589,5,0.09014070606141379,0.13612960871759353,2.6241351672443633e-05,5.2688312509241874e-05,0.3349198851113518,0.05786330520185682,0.019314078288679502
90,10,17,36,H,0,-0.18835611641407013,5,0.025984477197582068,0.09521553464534081,1.1514229300637732e-06,7.919806472394281e-06,0.11649227264440722,0.04654732671543841,0.015518799314946955
90,10,17,36,H,1,-0.219400092959404,5,0.02583970023375569,0.09572601769215022,1.1841049631143288e-06,1.9451187745597003e-05,0.1448902057069871,0.05163893641954271,0.01721985723741714
90,10,17,36,H,2,-0.1873561292886734,5,0.025974234261296015,0.0955396940256213,1.0690009689726149e-06,5.91704124261151e-06,0.16447723727259372,0.0399446352651588,0.013317207102456792
90,10,17,36,H,3,-0.22040009498596191,5,0.025776915776007103,0.09543035696823518,1.4623199426969784e-06,1.0177073581197634e-05,0.18824852245549362,0.052985033130807144,0.017665557508110347
90,10,17,36,H,4,-0.03918096795678139,5,0.03445391171357849,0.06782477309197298,2.1518910064465688e-06,5.209131909143525e-06,0.1758259908399648,0.056616639560232426,0.018874666861049338
90,10,17,36,H,5,-0.037637174129486084,5,0.03435143142487063,0.06772206442587543,1.8901947714014906e-06,4.336668694284872e-06,0.1470924036163423,0.05118645806055525,0.01706422830800698
90,10,17,36,H,6,-0.01996183581650257,5,0.03438747003222957,0.06804248023054976,1.4947910987132834e-06,4.166641839322878e-06,0.16611383453839357,0.05971489286123077,0.019906851431389604
90,10,17,36,H,7,-0.018961835652589798,5,0.034628113566926036,0.06800106189626477,1.3354492882543606e-06,5.60265349704418e-06,0.19519865846054424,0.0598041245308709,0.0199370208778854
90,10,17,36,H,8,-0.3272422254085541,5,0.03472808708747228,0.07121764830835572,2.1706468240528583e-06,0.00015225997843666615,0.1409851744150122,0.04779325160481764,0.015982560743359454
90,10,17,36,H,9,-0.3277859687805176,5,0.03510382668086977,0.0687297700471057,2.247042430300735e-06,0.00010093976147156895,0.15086702333970203,0.04982787744929319,0.016643688084398353
100,11,20,40,C,0,-12.375083923339844,5,0.11449684808124798,0.2722193063786015,0.00012645203327386298,0.00017507725367090507,0.3720058235153556,0.033104167011448284,0.01113523209946435
100,11,20,40,C,1,-11.804821014404297,5,0.12290988986314548,0.25919094880421956,0.00012200615359355958,0.0001634287661434856,0.408985030092299,0.027224945932857524,0.009170126950864856
100,11,20,40,C,2,-1.6737298965454102,5,0.060590026448621895,0.11897540411983545,1.4593170193615778e-05,5.268166803003556e-05,0.21408781385049225,0.050140033211913806,0.01673576935004582
100,11,20,40,C,3,-2.5376546382904053,5,0.051392644519607227,0.08910129900830678,3.869662161595297e-06,5.292098739974645e-05,0.19850278265774252,0.07614953279692553,0.025402107815495623
100,11,20,40,C,4,-12.36849594116211,5,0.11891342663403713,0.274270900649329,0.00017272834890528008,0.00011120244867598445,0.41453364467248316,0.021379810827159302,0.007221247208246855
100,11,20,40,C,5,-11.801776885986328,5,0.12303238362073898,0.25816676629563934,0.0001031192884687901,0.000351774961577075,0.36337335001677273,0.016063036836060203,0.005505977028702022
100,11,20,40,C,6,-1.6883175373077393,5,0.061123772748190947,0.12098605894029905,2.1897705045386037e-05,5.7098522714504325e-05,0.2230280492268503,0.05430798576958411,0.018128993999114665
100,11,20,40,C,7,-2.541698694229126,5,0.05121326970331597,0.09131136909604838,5.154955350280379e-06,5.1444285877871496e-05,0.2292780070565641,0.07697347003453367,0.025676689758587275
100,11,20,40,H,0,-0.10940049588680267,5,0.036032773185558996,0.05920435552700208,1.371067347788523e-06,3.295315531112595e-06,0.15620594553649428,0.05047242969628374,0.016825698693054215
100,11,20,40,H,1,-0.23804831504821777,5,0.03617393463624246,0.059440696731400795,1.4182825082430583e-06,4.168814461397573e-06,0.17351755768060684,0.0474863778673919,0.015830654988120512
100,11,20,40,H,2,-0.20094415545463562,5,0.03580258388937724,0.059580664365337446,1.556377640760354e-06,4.641324296937581e-06,0.12171034518629313,0.04173893043194449,0.01391504271129406
100,11,20,40,H,3,-0.20724231004714966,5,0.036042443463447114,0.059798368056997266,1.2602065935718446e-06,7.408992921642164e-06,0.1821792677603662,0.05203679900925588,0.0173484894029237
100,11,20,40,H,4,-0.10781259089708328,5,0.03601923747496171,0.05929452088207771,1.6533976403862945e-06,3.0428165376003016e-06,0.1736216502636671,0.04303441558736427,0.014346370600514085
100,11,20,40,H,5,-0.23804831504821777,5,0.03628034034010136,0.05921619190619541,1.763287921037146e-06,3.7332080320254364e-06,0.1562145695090294,0.051957553878262355,0.01732101679140514
100,11,20,40,H,6,-0.19790023565292358,5,0.03584624672628413,0.05962472696525927,1.2590981247726051e-06,3.661084338683619e-06,0.1778049233369529,0.04772996511982101,0.015911628434094823
100,11,20,40,H,7,-0.207830011844635,5,0.03588123622190471,0.05941455493657253,1.2058842522601446e-06,3.906562771594543e-06,0.15218066260218618,0.04453232505284167,0.014845812499955176
100,11,20,40,H,8,-0.3755839467048645,5,0.02957450592081354,0.06109751365505732,1.6189338077063554e-06,0.00012913612302785162,0.11401987962424756,0.04460395299167821,0.01491156934950459
100,11,20,40,H,9,-0.3989441692829132,5,0.029525178023661027,0.06267174227306474,9.289602005111911e-07,0.00012259636334003389,0.1443064965493977,0.044858003344520656,0.014993842889353735
100,11,20,40,H,10,-0.3761277496814728,5,0.029343731321319184,0.06340841864450619,3.611459927950268e-06,8.110312304787576e-05,0.14815265318378806,0.041745000537018455,0.013943238373331427
100,11,20,40,H,11,-0.39840036630630493,5,0.029616625196855477,0.061432589480701176,1.415739490633303e-06,0.00012138729262465336,0.15708834948018194,0.034217822396144196,0.01144687514275316
110,13,10,20,C,0,-6.972162246704102,5,0.1537837269179749,0.18785946970948808,0.00026580610022510246,0.0002667551106989937,0.5128262257575988,0.08993997252867761,0.030157511246533902
110,13,10,20,C,1,-7.537105083465576,5,0.16473181689327412,0.2228877652914096,0.00019005303963392966,0.0003489147330651276,0.5537383626028896,0.09566321292827479,0.03206739356699128
110,13,10,20,C,2,-7.534061431884766,5,0.1612294713204557,0.22317301619511382,0.00022785598223280568,0.0002528598024516513,0.5679756994545461,0.08671768027004843,0.0290661320182443
110,13,10,20,C,3,-6.973206043243408,5,0.16066562900940579,0.1842895779472131,0.00037511629578288456,0.00026236934149885814,0.49140861250460144,0.10875793189405718,0.03646513917711298
110,13,10,20,H,1,-0.1273377686738968,5,0.05229157891237375,0.09506695362237784,4.8840947568408585e-06,1.1239667197121492e-05,0.26663726404309274,0.08260731039713327,0.027541144719695747
110,13,10,20,H,2,-0.2402072548866272,5,0.051931519129059536,0.09554012348063481,4.792230251997678e-06,1.2169360893320777e-05,0.21638859946280714,0.06049155533040711,0.020169505640517473
110,13,10,20,H,3,-0.2402072548866272,5,0.052211672347603426,0.09511334879849202,4.652296137233152e-06,1.2017422015411283e-05,0.26681878820061683,0.07912025353032762,0.02637897441616009
110,13,10,20,H,4,-0.1273377686738968,5,0.052124038013544954,0.09473108219412656,4.58446584155011e-06,9.16168543666312e-06,0.19832219105213877,0.0693850185516199,0.023132921567632702
120,16,12,22,C,0,-0.4133473336696625,5,0.16589273586546704,0.1790466614545156,0.00012432275740859562,0.00039295996795645334,0.4265774842690338,0.08056224814144067,0.02702651028893524
120,16,12,22,C,1,-0.9140114188194275,5,0.1270869082444674,0.24140429116594483,0.00041242887631591236,0.0006870331499356327,0.43047315671362657,0.1103642109067771,0.03715455764434288
120,16,12,22,C,2,-0.41389089822769165,5,0.16441771041005204,0.17597779314487413,0.00010791774118144143,0.0001949750802049833,0.45492935526100076,0.06888775698441561,0.02306354993526735
120,16,12,22,C,3,-8.616695404052734,5,0.09187994623210007,0.2495825634170801,3.0326977997338747e-05,0.0002454370235060265,0.4037227429788221,0.09133362045893172,0.030536461486811693
120,16,12,22,H,0,-0.022540390491485596,5,0.04963348018916655,0.09502652276020782,2.990218512503992e-06,1.30578870321745e-05,0.2610022344711152,0.07739353503971755,0.025803194381754074
120,16,12,22,H,1,-0.036847420036792755,5,0.049340792090603804,0.09518829248845578,3.721276338446797e-06,1.2144143439466894e-05,0.2386939872056246,0.07936097327697546,0.02645894623225112
120,16,12,22,H,2,-0.007022771053016186,5,0.049270946464755314,0.09557382508348197,2.8204914069275217e-06,9.343490191154302e-06,0.26241295127706094,0.08668182328487561,0.02889799575549123
120,16,12,22,H,3,-0.036847420036792755,5,0.04974764393263565,0.09490394735565554,3.938406336236234e-06,1.1107598059185094e-05,0.27812549708919093,0.06787220756880544,0.022629084524400284
120,16,12,22,H,4,-0.021996520459651947,5,0.049545673000348074,0.09463581500145105,3.0137202559221486e-06,1.1412282647999746e-05,0.23080440233038232,0.07394429184968379,0.024652905950862572
120,16,12,22,H,5,-0.008022771216928959,5,0.04958861851459974,0.09454983972395077,4.389684829790007e-06,1.4943885387471717e-05,0.2702099615877325,0.08530778486509913,0.02844237281177213
120,16,12,22,H,6,-0.20456579327583313,5,0.08702734039201364,0.09506775445471972,7.336360849381831e-06,1.1936204238212492e-05,0.3379137924787673,0.10392324989574452,0.034647507486944035
130,17,13,24,C,0,-1.7884330749511719,5,0.07752982234154944,0.1020261007394546,4.497109270993508e-05,6.120610048859223e-05,0.2989913928632935,0.08181516681052993,0.027307114667909485
130,17,13,24,C,1,-13.720624923706055,5,0.21045185945508801,0.32277553403224696,0.0004584712998015486,0.0005777379492801185,0.5474068358850975,0.04547147354282318,0.01550256093063495
130,17,13,24,C,2,-9.822896003723145,5,0.14556885119124408,0.32081423210792054,0.0001553216851386718,0.000770021460147794,0.575687910647442,0.05679538948814077,0.019240244211142413
130,17,13,24,C,3,-1.3442350625991821,5,0.06876239039939203,0.16562431881060968,7.233189666469578e-05,0.0002535385300103946,0.3053990113238494,0.06848698932392326,0.022937619916866117
130,17,13,24,C,4,-9.0869722366333,5,0.04917398868572145,0.20591324502076858,1.643990337542874e-05,0.00014410158580121328,0.304035543029507,0.046926853864629525,0.015695798451268724
130,17,13,24,H,0,-0.11868922412395477,5,0.049544762461990514,0.05728632799325846,2.9920476533228126e-06,4.589387364010139e-06,0.2301524752130111,0.06270613782830804,0.020904573087775127
130,17,13,24,H,1,-0.1594705879688263,5,0.049584628602901054,0.057004901636869484,3.1198003174319482e-06,5.1739978670404805e-06,0.17950023614491026,0.060873759908419346,0.020294017902201273
130,17,13,24,H,2,-0.15842658281326294,5,0.04940692762404809,0.057100335183816076,4.5354717583307954e-06,5.960252607724291e-06,0.20876982103412348,0.0702281781822326,0.023412891302199552
130,17,13,24,H,3,-0.22668899595737457,5,0.037072485066079464,0.07590382987107985,2.3359176594420146e-06,7.371037688214788e-06,0.25408453044171136,0.07274857929455138,0.02425276208329968
130,17,13,24,H,4,-0.22668899595737457,5,0.03714917652405701,0.07602651353829944,2.253719114633946e-06,8.913626215873175e-06,0.2624660236450533,0.072633913319945,0.024215026888425167
130,17,13,24,H,5,-0.42484647035598755,5,0.06457655236318513,0.079574545277999,3.979815880613663e-06,0.00030593610058896314,0.24673743067930143,0.06506586508827684,0.02179192700158214
130,17,13,24,H,6,-0.29372507333755493,5,0.050305078117362345,0.09563893272326542,4.568490205966943e-06,1.9479991798584697e-05,0.21887210197746754,0.06541398714815135,0.021812678543385297
140,18,15,28,C,0,-2.7672555446624756,5,0.08914199233958214,0.11460793988826946,1.3587270061752423e-05,0.00017418933822552451,0.3646752256101796,0.12165898675422022,0.0406155877875025
140,18,15,28,C,1,-2.800291061401367,5,0.0882524597599651,0.11429521764954949,1.557143058449926e-05,0.00012125478487293867,0.4770636155802224,0.14495463955575297,0.048363821923736804
140,18,15,28,C,2,-0.6263213157653809,5,0.12049842228492103,0.1849485154844757,3.764183986709803e-05,0.0002804656226552609,0.3661172363907098,0.06670993075619018,0.022342679406237517
140,18,15,28,H,0,-0.10207520425319672,5,0.043236897619384713,0.09524354187087115,2.2221359428907903e-06,2.088925226590583e-05,0.2235624210642917,0.07666080257734478,0.025561304655184525
140,18,15,28,H,1,-0.1094622015953064,5,0.043482813758380486,0.09594899473282006,1.8285040119560175e-06,1.342912904217274e-05,0.24171588274517233,0.07246811751027571,0.02416112504777661
140,18,15,28,H,2,-0.00036484748125076294,5,0.03480854617375317,0.09579354092860833,1.4157793255497838e-06,1.821173796308584e-05,0.1752143545342343,0.05133029166969699,0.01711663972899521
140,18,15,28,H,3,-0.017760200425982475,5,0.03476748312513034,0.09520445859585054,1.8333567095706921e-06,1.5134524801297577e-05,0.17530391511640378,0.06617867675656681,0.022065214879359227
140,18,15,28,H,4,-0.02005835622549057,5,0.03429683252265959,0.0954807758076578,1.4007289392471312e-06,1.1891376576245766e-05,0.175250728082444,0.057392312938808324,0.019135201681441272
140,18,15,28,H,5,-0.18887393176555634,5,0.06945245881423805,0.09467895922497806,2.923577849198744e-06,1.3854451547972366e-05,0.2740418272092938,0.08944474255996851,0.029820506863121893
150,19,16,32,C,0,-1.9433090686798096,5,0.0833026357175726,0.13953928070572708,1.9672814002221812e-05,9.718159384792331e-05,0.34856110529508444,0.07998442533470149,0.026700426580850544
150,19,16,32,C,1,-1.9437216520309448,5,0.084097772601879,0.13912631334402625,1.149870277958946e-05,6.912296963013334e-05,0.32257023779675364,0.08884194722722333,0.029640856299877685
150,19,16,32,C,2,-1.9387212991714478,5,0.08498624556443908,0.14428065469822823,6.367231397100753e-05,0.00028727913942949094,0.33492585390340535,0.10113691780308157,0.033829289752160686
150,19,16,32,C,3,-1.9353091716766357,5,0.08493777328368389,0.14137901983773096,1.456313753645983e-05,0.00015186343614353106,0.3331662629032508,0.10170255750111627,0.033956328024932085
150,19,16,32,H,2,-0.05671580880880356,5,0.04311734614950238,0.07183397306272617,1.6937175409646361e-06,9.41284458121997e-06,0.2278695223387331,0.06350740059336078,0.02117283571849432
150,19,16,32,H,3,-0.068961501121521,5,0.04314679415388541,0.07099712464289787,2.5334625406334185e-06,9.715047673511234e-06,0.19999954300001266,0.04281002917465848,0.014274092561624208
150,19,16,32,H,4,-0.05671580880880356,5,0.04349096284671263,0.07116333840367123,1.488686350474431e-06,8.24383609284886e-06,0.23354806990828364,0.059976278060717994,0.019995336861053772
150,19,16,32,H,5,-0.068961501121521,5,0.04325939323866006,0.07171990929696803,1.788379061982102e-06,8.411153831678718e-06,0.2386030570836738,0.06708966924390813,0.0223666229256006
150,19,16,32,H,6,-0.068961501121521,5,0.043053232679764436,0.0713320959932529,2.1187480864646597e-06,9.813551016917931e-06,0.2276301588397473,0.05397414660950272,0.017995359636202034
150,19,16,32,H,7,-0.05771580711007118,5,0.043029535448912415,0.07152975899859881,2.0164137234998195e-06,8.354685755684093e-06,0.22751833428628743,0.0649777158356712,0.02166269564505013
150,19,16,32,H,8,-0.05671580880880356,5,0.043200222913062934,0.07134037275726979,2.2709755922167976e-06,7.1400077687146566e-06,0.16309399043675513,0.055948627986496774,0.018652679656619233
150,19,16,32,H,9,-0.068961501121521,5,0.04323164827895887,0.07106720987611856,1.7169950985354377e-06,6.849439351292638e-06,0.1792363636661321,0.06898039977186904,0.022996322068772956
160,20,16,34,C,0,-7.402536869049072,5,0.08787244517049748,0.16071298466278958,0.0001503061190633531,7.184536847181937e-05,0.29164368602282864,0.04693514946738089,0.015719100318305358
160,20,16,34,C,1,-7.246370792388916,5,0.08284981193351537,0.14418700894770714,6.892147054994189e-05,0.00010352767146574726,0.32857094481587407,0.04087725551937139,0.013683234887129025
160,20,16,34,C,2,-6.147225379943848,5,0.06956613248302823,0.16877240837575538,3.3952348094296886e-05,0.0001441665361093455,0.33667982336791125,0.06744170164931505,0.022539940177839567
160,20,16,34,C,3,-5.3162150382995605,5,0.07630437771221261,0.14526501652808524,1.4588667442490624e-05,4.9934764628531444e-05,0.4216204987071893,0.1187689154890404,0.03961114630703714
160,20,16,34,C,4,-5.957389831542969,5,0.08032799380553232,0.17519878506278383,3.745480018726431e-05,6.946720531507785e-05,0.38755324704243854,0.10091606789440652,0.03367432996663629
160,20,16,34,C,5,-7.291740894317627,5,0.07735041543131783,0.17730230080107084,3.8122920947059104e-05,0.00011016868237449515,0.3270053619409308,0.06211400445829304,0.020754098687204865
160,20,16,34,C,6,-7.899500846862793,5,0.08579506088386883,0.15073753636903492,0.000165009873983235,0.00011596475441025031,0.3084946460802765,0.04314452543317843,0.014475166687190637
160,20,16,34,C,7,-7.095738887786865,5,0.08483636068317282,0.18932109052458634,6.899056906056832e-05,0.00047405734251229696,0.3328159577925416,0.06923337406545013,0.02325880732567433
160,20,16,34,H,1,-0.20504018664360046,5,0.03707558385608516,0.05960620047572332,2.269009047307797e-06,3.2537839858049353e-06,0.14745751402395613,0.047414388391174754,0.01580663706140262
160,20,16,34,H,2,-0.10492520779371262,5,0.024650238731722816,0.059725588082503056,1.8190004387037586e-06,3.6867037184340446e-06,0.1370951351874015,0.04562736466720965,0.015210956790455596
160,20,16,34,H,3,-0.2090143859386444,5,0.024491002013931024,0.07097556828879394,1.6328198253192578e-06,4.31040039764944e-06,0.14756613386904494,0.044095352205335475,0.01470043180851948
160,20,16,34,H,4,-0.23812811076641083,5,0.037075055116440825,0.059473551446810755,2.858099453513121e-06,4.184480616390591e-06,0.13733026987927802,0.04619196208849236,0.015399668222854088
160,20,16,34,H,5,-0.08956525474786758,5,0.037230994807177294,0.04767195703222966,2.5886131831118805e-06,2.9559455267603757e-06,0.13185775913298128,0.05093319997391528,0.01697958151087505
160,20,16,34,H,6,-0.21079523861408234,5,0.024731763197488082,0.05934494750526471,1.4985190249553112e-06,4.177551352311863e-06,0.147344637508778,0.03532697993317818,0.011777552001185151
170,21,20,42,C,0,-2.175614595413208,5,0.06346994735902609,0.12539436695540052,1.0160954907612638e-05,4.7103337114590705e-05,0.2847948228674276,0.07718067257176298,0.02574597895459506
170,21,20,42,C,1,-2.1761586666107178,5,0.0628992512972668,0.12296935787949807,8.604766967750016e-06,4.923858912088377e-05,0.27164109498262407,0.0776678020761589,0.025908548477415846
170,21,20,42,C,2,-2.1926145553588867,5,0.06261560604578317,0.1263459064830572,7.566908436848139e-06,6.064645305710867e-05,0.31710706292873336,0.08324599494468211,0.027771402768725358
170,21,20,42,C,3,-2.179614543914795,5,0.06310485882891549,0.1255430210986708,6.925830398922902e-06,5.3760354534000655e-05,0.34212326668202875,0.07900126156608361,0.026353982583672178
170,21,20,42,C,4,-2.1881580352783203,5,0.06415731056847357,0.12525244469826038,1.5141714185179249e-05,4.984763390456336e-05,0.31226739704254125,0.0745527870400807,0.024872592129390147
170,21,20,42,C,5,-2.174614429473877,5,0.06396355088612046,0.12432023783524834,8.772733037386157e-06,5.5967298545064065e-05,0.3411676791097437,0.07283447062692766,0.02429973688617004
170,21,20,42,H,0,-0.026961499825119972,5,0.028798158527022662,0.06352682972693034,1.2727811794244575e-06,4.949912831538318e-06,0.14486098795064858,0.03985020371798757,0.013285475470666178
170,21,20,42,H,1,-0.027961499989032745,5,0.028869192012482222,0.06344410957943679,9.243733031251957e-07,5.466848320946681e-06,0.18593020887956732,0.04538504138357191,0.015130477535065329
170,21,20,42,H,2,-0.027961499989032745,5,0.02884621595719246,0.06329326753178213,1.3876711165445337e-06,5.179602594378404e-06,0.16516199888927596,0.03974144303662859,0.01324933677011317
170,21,20,42,H,3,-0.026961499825119972,5,0.029022021794861012,0.06363433036539289,1.0804421396446733e-06,4.576062542967119e-06,0.19382803362040293,0.046620351698123154,0.01554200273426859
170,21,20,42,H,4,-0.027961499989032745,5,0.028773552585731856,0.0634574746283201,1.1151556011892434e-06,5.449836006558203e-06,0.1239802716388589,0.044129932582884654,0.014712165858164135
170,21,20,42,H,5,-0.026961499825119972,5,0.02884452099902461,0.06349478639725945,1.2248462413484e-06,3.863553239026708e-06,0.13625585465204149,0.0370332919028375,0.012346126767439292
170,21,20,42,H,6,-0.026961499825119972,5,0.028951990216819927,0.0632997925592284,1.0626805179456693e-06,4.797303056696521e-06,0.15312179188643182,0.04950104106580152,0.016502300349792054
170,21,20,42,H,7,-0.02896150015294552,5,0.02879932058805769,0.06316914804852926,7.916488952132705e-07,3.4402913820137975e-06,0.12836000804035436,0.04568860246920677,0.015230944803161332
170,21,20,42,H,8,-0.02691764011979103,5,0.02887370541616522,0.06324918314687208,8.869214156824732e-07,4.8523384461377394e-06,0.17338765084388708,0.04822036298386686,0.016075367414576224
170,21,20,42,H,9,-0.025917639955878258,5,0.02878597120594497,0.06326038660401971,1.0731236498513355e-06,4.776690753110658e-06,0.16554273223238333,0.04675977310345934,0.015588540972620768
170,21,20,42,H,10,-0.025917639955878258,5,0.028844773521025976,0.06355694814497588,1.1425767554221332e-06,4.109184623003772e-06,0.17732109501957893,0.03682826448268971,0.01227783874802271
170,21,20,42,H,11,-0.02896150015294552,5,0.028948429166668593,0.06363301841367004,1.2166259771219963e-06,5.493293079093684e-06,0.13234307356178765,0.04554969473347242,0.015185468217509546
180,22,8,14,C,0,-14.357091903686523,5,0.16817293512550266,0.2830817313275785,0.00041943083791464575,0.0014446324632586382,0.5442861500595297,0.07032043629903247,0.02406149986673525
180,22,8,14,C,1,-10.998719215393066,5,0.2104378754103726,0.3164286604039689,0.0008504479426358278,0.0006711299098759318,0.6399859038580741,0.04077778632893046,0.01409978806048074
180,22,8,14,C,2,-17.9969425201416,5,0.25420569739106924,0.3126751856416719,0.001064700565948034,0.002393744746577134,0.7141166650823184,0.02306292131579721,0.008840455542774127
180,22,8,14,H,0,-0.580960750579834,5,0.06800012144852768,0.11137448302191544,1.7836185886789065e-05,0.0013246422049087501,0.31068136572305644,0.10151910210643982,0.03428719349907845
180,22,8,14,H,1,-0.4130914807319641,5,0.06562271811293834,0.10962662694291173,6.242310159868998e-06,2.6028169840613574e-05,0.3602192564202206,0.06937845505312505,0.023136908511041845
180,22,8,14,H,2,-0.4001104235649109,5,0.0880844915455038,0.10439301395518147,1.1838944835401777e-05,0.0004673215829950578,0.38151538856327527,0.08734493886723936,0.029274699798356608
180,22,8,14,H,3,-0.484222948551178,5,0.04396760655623494,0.1056076331398426,1.0055236089143951e-05,0.0009086176036760826,0.23605214921491485,0.08272257919094235,0.02788041734356919
190,23,8,16,C,0,-6.9586501121521,5,0.17117379056383863,0.2446134160344417,0.0007526338212727489,0.0015154765025481571,0.5602715131593868,0.09059114490145308,0.030953085075091327
190,23,8,16,C,1,-11.209294319152832,5,0.17567137868115396,0.2762239191521946,0.00034164064775558305,0.0025402589611241526,0.5788225044962019,0.08214657979048842,0.028342826466456052
190,23,8,16,C,2,-9.844695091247559,5,0.17544561278338383,0.27589127344962877,0.00022083676312749162,0.0009609524860311763,0.575915711862035,0.08353528537781275,0.028239024875657142
190,23,8,16,H,0,-0.18715476989746094,5,0.08694927276987018,0.09507191477932482,1.2222783167016685e-05,1.4916191282956984e-05,0.23606432371307162,0.07780739776841225,0.025944845580954074
190,23,8,16,H,1,-0.2963302731513977,5,0.05802722925489599,0.10325170487929612,1.1233315088536487e-05,0.00016315330282817267,0.29868961265310645,0.07328496087910406,0.02448644916567359
190,23,8,16,H,2,-0.3346013128757477,5,0.05761105746331842,0.10753899763027827,1.0363275487081024e-05,2.863757454711115e-05,0.2751628030091524,0.06489221890515363,0.02164373991839594
200,24,9,16,C,0,-0.32692858576774597,5,0.18267369682740683,0.2248741881014445,0.00013006692951034242,0.0016331301200696246,0.5338126616086811,0.08220166826006417,0.027988288436548048
200,24,9,16,C,1,-3.714416265487671,5,0.09576302394270897,0.1382303378329827,5.972442931787406e-05,0.00043594861836748793,0.47881603927817196,0.15045495262182138,0.05031687522316891
200,24,9,16,H,0,-0.05202356353402138,5,0.07213685586295945,0.09542736537181412,4.936385207000447e-06,2.064907731789755e-05,0.3698387678246945,0.1179560317651437,0.0393272057425562
200,24,9,16,H,1,-0.14146092534065247,5,0.08636045592150303,0.09450295619093455,6.716460066975765e-06,2.4138715593347102e-05,0.4297559005673975,0.12518547229064309,0.041738775822101136
200,24,9,16,H,3,-0.14141695201396942,5,0.08627225274238923,0.09511805000977637,6.189998875796635e-06,2.3557395637473302e-05,0.41909137424081566,0.10636393679068576,0.03546456139506634
200,24,9,16,H,4,-0.05361136794090271,5,0.07192044810514257,0.09515742327158266,6.014955410996674e-06,2.1017297094177105e-05,0.35026138005778196,0.11360073835958463,0.03787592353736327
200,24,9,16,H,5,0.022021647542715073,5,0.07222208690763725,0.0959832223944175,5.955493841150544e-06,2.3885148472881185e-05,0.3609769268892706,0.10490346878166104,0.03497776980799169
210,25,9,18,C,0,-8.148537635803223,5,0.18990150926013785,0.26614739379057517,0.0002864293469780483,0.0003201470688493102,0.5747737000592882,0.08544127349240971,0.02868261663607902
210,25,9,18,C,1,-8.832358360290527,5,0.1615999679899577,0.21286601687853152,0.00038289540249694963,0.0001944947213623966,0.5721538787293766,0.10222432841898249,0.034267239514280616
210,25,9,18,C,2,-8.827771186828613,5,0.16233147382736204,0.2141673411218784,0.00014495076638432105,0.00023930895413766968,0.5077853264080153,0.08225677311636778,0.027547010945629922
210,25,9,18,C,3,-8.147125244140625,5,0.19032771480128619,0.26476599342930013,0.0005273430852525123,0.0005202841042278736,0.588075272118052,0.07261950118133959,0.02455570945693999
210,25,9,18,H,0,-0.2668735980987549,5,0.06526535415288173,0.09482176157717521,5.41215259567681e-06,1.4898411889888442e-05,0.2672332550502486,0.08084880341116857,0.026956371325218043
210,25,9,18,H,1,-0.22000466287136078,5,0.04349437488073653,0.09557761219449533,4.998259761139886e-06,1.059704108398685e-05,0.342036269687944,0.060445661223891244,0.020153752174912123
210,25,9,18,H,2,-0.22000466287136078,5,0.04299464731505423,0.09539380522492603,4.7607564351618145e-06,1.3827201002851851e-05,0.2171145346429613,0.08816543517468943,0.029394674377375817
210,25,9,18,H,3,-0.2668735980987549,5,0.06497987027872693,0.09553296733169983,9.805560932610155e-06,1.4891402074951357e-05,0.32639646261102623,0.0740429219082843,0.024689206290430626
220,26,9,16,C,0,-2.234189033508301,5,0.06663685820319436,0.12043057463299005,2.5891930522185987e-05,0.00036020785365852525,0.4151756142266094,0.1241761596638416,0.04152075314934077
220,26,9,16,C,1,-13.03568172454834,5,0.18872810445274368,0.33223691781361897,0.0005205335548668797,0.0003264676466886536,0.5651384782977402,0.041865568718678935,0.014237523306744824
220,26,9,16,C,2,-5.104192733764648,5,0.08876745077696714,0.19562298920101082,1.4360897980813163e-05,0.00020456867027813443,0.37839886378496884,0.10543325149804571,0.035217393688768216
220,26,9,16,C,3,-13.445884704589844,5,0.06171886784334977,0.2521583438492738,1.1226867991296538e-05,0.00032218933339694743,0.32992456424981353,0.016127899812085747,0.005487105337824663
220,26,9,16,H,0,-0.12012752145528793,5,0.06436375930453792,0.07134969280316279,7.412934762554287e-06,8.530135886407439e-06,0.2692954199388623,0.08512915197845934,0.028381698349702767
220,26,9,16,H,1,-0.12267136573791504,5,0.06497107429260557,0.07134064864844847,1.0007176784920212e-05,8.777092418507091e-06,0.3581998361740261,0.08783222105756833,0.029283668442257254
220,26,9,16,H,2,-0.1407589614391327,5,0.06495863146176845,0.0711084859780012,9.081011574803162e-06,1.0741662942126424e-05,0.36772149666212495,0.087556765247327,0.02919219597394798
220,26,9,16,H,3,-0.3256283104419708,5,0.021854230919570637,0.0730585608440332,2.4041259686657266e-06,5.2373967033030165e-05,0.1607185031287372,0.050217837384295416,0.01675753849243237
230,27,9,16,C,0,-10.109193801879883,5,0.19372378438711169,0.2729964352188966,0.00023575814378794856,0.0001410765972948454,0.44901560856960715,0.016373043487265905,0.0055832927427829
230,27,9,16,C,1,-11.781682968139648,5,0.2130554345746835,0.2763239738523451,0.002462663099658088,0.001315976202759125,0.6020997188519686,0.04233705376554864,0.015371897689321951
230,27,9,16,C,2,-8.401256561279297,5,0.07273317425314225,0.17018493497983,9.013507021193977e-05,0.0002373640854084231,0.2856576381251216,0.06037413203988669,0.020233877065169017
230,27,9,16,H,0,-0.21884571015834808,5,0.02162216840819879,0.06291388377674624,2.1963719789677284e-06,9.353817438950967e-06,0.23506574449129403,0.06845927258069988,0.022823607590039267
230,27,9,16,H,1,-0.30968761444091797,5,0.0652919630999818,0.0946324391752227,8.537787143947868e-06,1.534190688227424e-05,0.2752295687329024,0.0832893201262245,0.02777106660675024
230,27,9,16,H,2,-0.3863656520843506,5,0.06661137302942349,0.06371395174,1.1761952663448343e-05,1.0116637654277432e-05,0.2618325732648373,0.09198564096434488,0.030669173184887533
230,27,9,16,H,3,-0.32730403542518616,5,0.06563922968326193,0.06398976330573743,7.276459267344644e-06,1.2174644424658683e-05,0.23854769337922338,0.07475364049166863,0.024924363865120213
240,28,10,18,C,0,-1.621073603630066,5,0.12002577707924024,0.16162713806853335,0.00017511331989218464,0.0003649969202239457,0.3885309283104208,0.09242175353396025,0.030987287924692127
240,28,10,18,C,1,-16.60723114013672,5,0.2545112222734124,0.3698521900126058,0.0003588325701603422,0.00015493478611937176,0.5652654576218791,0.040168187855708526,0.013560651737329413
240,28,10,18,C,2,-1.6210734844207764,5,0.11420007312689165,0.1630808788614395,0.00014353566821731574,0.0004914003746194573,0.5045797090977431,0.08721126812388275,0.029282068055573176
240,28,10,18,H,0,-0.15137328207492828,5,0.04299650138074702,0.09501475993639384,3.09252167841038e-06,1.7036546697068672e-05,0.22998395690487486,0.0735109108509126,0.024510346639762693
240,28,10,18,H,1,-0.1149962767958641,5,0.04334158147826339,0.0950666429904791,3.3892872762827484e-06,1.4967663294862309e-05,0.3168698940840032,0.07293750032537863,0.024318619091983257
240,28,10,18,H,2,-0.11920677125453949,5,0.043127481767324484,0.09501897465978934,3.4298380355800704e-06,1.5531597996701772e-05,0.3066864769077963,0.07364677943422883,0.024555246956753703
240,28,10,18,H,3,-0.11866297572851181,5,0.04320892593023753,0.09527099379616925,3.628903103801155e-06,1.7335507259372987e-05,0.2580838390108612,0.08773155004517848,0.029250838151847217
240,28,10,18,H,4,-0.15396107733249664,5,0.04315102521819298,0.09486892289585534,3.2505179613198014e-06,1.4037553619587153e-05,0.2884776862131225,0.08286371789597151,0.02762700198918414
240,28,10,18,H,5,-0.11599627882242203,5,0.04311110713716709,0.09522421577802072,3.3206447099961763e-06,1.447821752179862e-05,0.28844682152072587,0.08787779425713889,0.02929853103979023
250,29,10,18,C,0,-2.464592218399048,5,0.08056048740943274,0.17460665037998785,0.00017526512946445407,0.001056526642840244,0.3871498331427574,0.10055230710338692,0.03392803295856387
250,29,10,18,C,1,-5.086487293243408,5,0.08940197531924102,0.1907717521565083,3.954052683951924e-05,0.00015634072507028033,0.36161056185762086,0.12230251320547904,0.04083279815246294
250,29,10,18,H,2,-0.020232999697327614,5,0.05171367846655123,0.09486568316053125,4.568998189754015e-06,2.2709939930820715e-05,0.22603297357757887,0.08449458660388286,0.02817395518066781
250,29,10,18,H,3,-0.07985581457614899,5,0.05197835146477728,0.09520225498156669,4.765704091579277e-06,1.758889689766179e-05,0.2753130748040146,0.08800945660922171,0.02934393707007032
250,29,10,18,H,4,-0.06425908952951431,5,0.05222047330755175,0.09492536725906224,5.353368081750349e-06,2.2207298927709205e-05,0.25522076880766287,0.07112595990235414,0.023717840189787866
260,30,10,18,C,0,0.5184339284896851,5,0.221515188108791,0.25659534623607616,0.0003242957948285283,0.0014914058039995175,0.545540622787343,0.08351045418323257,0.028442051927353537
260,30,10,18,C,1,-5.044675350189209,5,0.16057656550949273,0.20509036450813975,0.0004995888300818643,0.0011763104475575866,0.5322063909636604,0.08775889414460514,0.029811597807414863
260,30,10,18,H,0,-0.009390936233103275,5,0.08706108230533022,0.09597647938972866,8.774432999547582e-06,2.5584301777441365e-05,0.3198707729164097,0.07981784701291503,0.02661740191589734
260,30,10,18,H,1,0.04626734182238579,5,0.08698088736245126,0.09577714651823045,1.1405619774397316e-05,2.4468676192996128e-05,0.3494300837318103,0.0972217755156142,0.03241921660386053
260,30,10,18,H,2,-0.0078032175078988075,5,0.08653540846073265,0.09567463632959587,7.939408634578323e-06,2.5360897626722552e-05,0.3004547755751345,0.0903672791334044,0.030133526479888564
260,30,10,18,H,3,-0.1017669215798378,5,0.0864016559358799,0.09533412997157147,9.518070330909077e-06,3.0021690690226285e-05,0.36690976499683325,0.11815872831825429,0.03939942269309181
260,30,10,18,H,4,-0.1017669215798378,5,0.08649188335194734,0.09491241939174823,1.0171396034570492e-05,2.1596806020372463e-05,0.33700413405895235,0.11066375969713965,0.036898509299731534
270,31,11,22,C,0,-0.4850490391254425,5,0.15808725987720973,0.23166720828948884,0.00010811658786646158,0.00022805747867805088,0.5469625670462848,0.10084360184784148,0.033726591971462
270,31,11,22,C,1,-2.464503288269043,5,0.09397294063760778,0.133378490834282,1.797884773588077e-05,0.00014025880133188188,0.38909240866249256,0.12573320875139352,0.041963815466820424
270,31,11,22,C,2,-16.523923873901367,5,0.19489423435444786,0.34085334625381697,0.000194208052103621,0.0002534025491355506,0.481094411184842,0.055546261916957655,0.018664624172732274
270,31,11,22,C,3,-2.4825034141540527,5,0.09141592992225078,0.12906358479880373,3.280158011267348e-05,0.00021424039384923226,0.317391378026117,0.12075437195708387,0.04033380464368192
270,31,11,22,H,0,-0.04426804184913635,5,0.08677806560740327,0.09513612387654109,5.336340919299858e-06,1.1468872499100725e-05,0.3745093465190042,0.09075053995677342,0.03025578172339727
270,31,11,22,H,1,-0.04426804184913635,5,0.0866605121604722,0.09533688041071098,7.228760456137976e-06,1.0842259108285142e-05,0.311124369061806,0.0962495853310711,0.032089218783545176
270,31,11,22,H,2,-0.1254609227180481,5,0.05781868718037702,0.0952523306489755,4.916810834406452e-06,1.3452337418176679e-05,0.23732073496688494,0.08991429891286204,0.02997755602037154
270,31,11,22,H,3,-0.12491703033447266,5,0.05746485682749989,0.09536906185631569,5.238583704363553e-06,1.0761904011081492e-05,0.2919653566384857,0.10097359624859355,0.033663198912102996
270,31,11,22,H,4,-0.12646092474460602,5,0.05770589556507389,0.09502762126234862,4.5057167852585315e-06,1.2494467468424143e-05,0.2762590727176179,0.08841989487479164,0.029478965019681776
270,31,11,22,H,5,-0.12591703236103058,5,0.057305948007287395,0.09489860738126132,3.6639839926093787e-06,1.049060821548138e-05,0.32315803417427974,0.09606382934359474,0.03202599464526761
280,32,11,22,C,0,-4.9927568435668945,5,0.12717573814319844,0.1904453792060033,0.0001513928610044648,0.0007370634047696808,0.5669300575486638,0.08808560941511617,0.029658021893630107
280,32,11,22,C,1,-11.189003944396973,5,0.18534191411854042,0.3193853690647162,0.0004038178413720771,0.0005953362336109149,0.5573479586365548,0.06802310095844225,0.02300741834447508
280,32,11,22,C,2,-11.188003540039062,5,0.18422055304652513,0.3253683007011811,0.00046508505760420153,0.00045367695687979743,0.65421583364633,0.06326815968724321,0.021395640567242403
280,32,11,22,C,3,-4.990756988525391,5,0.12682406171554267,0.19207289712742354,0.00013833243911049288,0.0005870228342109152,0.5572181915695018,0.08584743474454415,0.02885759667262185
280,32,11,22,H,0,-0.2499614953994751,5,0.04324610746569103,0.0960298516906989,3.366953536085467e-06,1.8386975470837694e-05,0.3246917251158844,0.06291633413978277,0.020979362689596565
280,32,11,22,H,1,-0.2509615123271942,5,0.04334231308012298,0.09529437351112181,3.843795529672191e-06,2.0643448533409665e-05,0.22981394959444354,0.07950915333376261,0.026511213525941896
280,32,11,22,H,2,-0.3321199119091034,5,0.05792677278319995,0.10245144392053286,6.707137019609847e-06,0.00027883609160127336,0.2701866006647999,0.0681843307789312,0.022823291335850694
280,32,11,22,H,3,-0.3321199119091034,5,0.058593547976378245,0.09888877745431204,8.25409955026141e-06,0.0003955549014688802,0.1989989337934689,0.057355209576639504,0.019253006192552883
280,32,11,22,H,4,-0.2509615123271942,5,0.042778343955675764,0.09528632228955244,3.5075941906260154e-06,2.2878489316853668e-05,0.26222695999524803,0.0830927836854129,0.02770638992297346
280,32,11,22,H,5,-0.2509615123271942,5,0.04299162970197321,0.09510293149222167,4.028300546208599e-06,1.6297764579801943e-05,0.24662444114007737,0.08158408207483009,0.02720146937998537
290,33,11,20,C,0,-0.5325660705566406,5,0.10368471707057472,0.20568203549099784,0.0001713670335825046,0.00034747019494870817,0.4222136854380369,0.05260796103243094,0.017708932753654053
290,33,11,20,C,1,-9.229554176330566,5,0.12647762484472208,0.26126180427451423,0.00037991702252740487,0.00032570461898318297,0.5058646579459309,0.06421693255516911,0.02164085139889323
290,33,11,20,C,2,-2.5992493629455566,5,0.045743192559239844,0.1339749285935337,7.406023697667393e-05,0.00022716759585798303,0.325115029104054,0.09338071869703217,0.03122731550995561
290,33,11,20,H,0,-0.05760163441300392,5,0.04309827783944631,0.06358654356410359,2.826551519351565e-06,9.02792873712024e-06,0.2500958060845733,0.07266990715006219,0.024227253876772884
290,33,11,20,H,1,-0.0901627317070961,5,0.04311142826471666,0.06342532833417257,2.105051884521384e-06,8.937877847998738e-06,0.23310520935803652,0.07524785609652974,0.025086299675420753
290,33,11,20,H,2,-0.05605786293745041,5,0.043016721217921286,0.06294371827035887,3.951073612488184e-06,1.0681423072078642e-05,0.2589221448451281,0.0844586767592134,0.02815776975196599
290,33,11,20,H,3,-0.08853138238191605,5,0.04324686331580384,0.06388087771896622,3.6964981376887327e-06,1.006698187929059e-05,0.22877917490899563,0.06672279053435176,0.02224551800478958
290,33,11,20,H,4,-0.08753141015768051,5,0.04320248483557894,0.06333949537868172,4.099017561870972e-06,8.03624635765741e-06,0.23767963819205762,0.06916840335653042,0.02306017954014998
290,33,11,20,H,5,-0.034128013998270035,5,0.04320219145579772,0.06331320267457229,3.29368567335571e-06,1.0091805106842933e-05,0.1950105698406696,0.06630878613416796,0.022107390541649386
300,34,11,22,C,0,-3.33225154876709,5,0.08802619869209301,0.1137861628945057,1.1281210655379197e-05,9.89799541004719e-05,0.44021683413196694,0.13065590393421034,0.04358872169965539
300,34,11,22,C,1,-4.747330665588379,5,0.11607030655699548,0.16417551634148655,5.1909025610825805e-05,9.65417235119611e-05,0.4216342491859739,0.08460064541024565,0.028249698719789478
300,34,11,22,C,2,-3.3372950553894043,5,0.08789447481283034,0.11240160100989871,7.67267573450615e-06,6.601755417691893e-05,0.43220097050070766,0.15637738297195852,0.052150357733956654
300,34,11,22,H,0,-0.08605746179819107,5,0.05796662510344476,0.09487973617182839,4.979687446396697e-06,1.47469103378427e-05,0.288536469807679,0.09298822239523581,0.031002649664340017
300,34,11,22,H,1,-0.07875944674015045,5,0.05777312475774024,0.09488976229714531,4.539621797353636e-06,1.829367099679293e-05,0.3199140017344193,0.07764752415402115,0.025890119148938434
300,34,11,22,H,2,-0.08605746179819107,5,0.05749356520145831,0.09498882841350685,4.583800926276302e-06,1.6056602703440822e-05,0.24980542287230492,0.07970590855101092,0.026575516318213546
300,34,11,22,H,3,-0.07721565663814545,5,0.05771670285047907,0.09522990728290671,4.568547952713039e-06,1.3941762318068316e-05,0.2727761122990739,0.08797309151023705,0.029330533940169278
300,34,11,22,H,4,-0.11600466817617416,5,0.02883583726455467,0.09540480501376665,2.387174624251858e-06,1.2709378440410334e-05,0.18804733052172445,0.06606947013522867,0.022028188896097773
300,34,11,22,H,5,-0.13061054050922394,5,0.028933404927903954,0.0951828830771976,1.8856508121154257e-06,1.1195147350694389e-05,0.24356716884808105,0.07426630205214808,0.024759794283436967
310,35,12,22,C,0,-0.6736989617347717,5,0.15184375369413333,0.20285446627272505,7.054475193395285e-05,0.0004273317533142816,0.4225170925598252,0.06813816890792146,0.0228786818043899
310,35,12,22,C,1,-3.5733420848846436,5,0.08878944507150939,0.12971096609392735,1.1167351047544812e-05,0.00014089262486924925,0.5146437761119821,0.1403217830441186,0.046824614340011804
310,35,12,22,C,2,-0.6833547949790955,5,0.15513996746052394,0.20077001848536677,0.00010790414642081704,0.0005273889958024897,0.4474605403840542,0.06043852817850103,0.020357940440241445
310,35,12,22,H,0,-0.08007647097110748,5,0.04319470273048588,0.09592449097042409,3.244382911380769e-06,1.3327540185919754e-05,0.27815163392912257,0.07346629755159267,0.024494289824896657
310,35,12,22,H,1,-0.03837461397051811,5,0.04337471847732862,0.09532995069892998,2.4470081587607806e-06,1.4242277440660278e-05,0.24580258699980648,0.08677444758339778,0.0289303789563324
310,35,12,22,H,2,-0.0010578647488728166,5,0.04328602757304907,0.09543829357776887,2.8717243883518866e-06,1.5523363608900517e-05,0.22274547730657188,0.06521157108041295,0.021743322056136733
310,35,12,22,H,3,-0.023427002131938934,5,0.04341618344187737,0.09501526576076817,3.061967400212898e-06,1.6519201125595774e-05,0.2380784593183886,0.07310700906877751,0.024375530079101107
310,35,12,22,H,4,-0.06256695091724396,5,0.04328496637330814,0.09470074431509035,2.146855710834161e-06,1.3225753806585789e-05,0.21481830440461636,0.06267453291910306,0.020896635176206827
310,35,12,22,H,5,-0.01763719879090786,5,0.043176114305176524,0.09497994728322721,2.892282368374345e-06,1.5765717692015293e-05,0.2540075611661781,0.07900849911940876,0.026342385706489713
310,35,12,22,H,6,-0.19942589104175568,5,0.08634890526758904,0.09539246192345252,4.855271864275793e-06,1.1908283637262344e-05,0.3303323069756681,0.10891326403200502,0.03631000919583552
320,36,12,22,C,0,-0.2236022800207138,5,0.1443852277021065,0.19297818946532713,5.0829515150658125e-05,0.0004449948368678367,0.40072183178907095,0.06320618028635226,0.021234001546123583
320,36,12,22,C,1,-1.168932318687439,5,0.1314133578798536,0.2189493332790513,0.0002389861821920023,0.0011091597979708712,0.4202239704064347,0.08760711664237306,0.02965175420751198
320,36,12,22,C,2,-4.107529640197754,5,0.10683563743351085,0.15507267614205683,0.00010260193830349716,0.00016333155531450826,0.46239680803634897,0.1123159371786373,0.0375272902240851
320,36,12,22,H,0,-0.11250480264425278,5,0.054135836107712804,0.09531515052175929,3.24993709064341e-06,1.4635910857472324e-05,0.21737675639716061,0.07873682554482907,0.02625157046425906
320,36,12,22,H,1,-0.11150480061769485,5,0.05416574877207026,0.09556386240272441,3.2713584563022605e-06,1.7187046878201797e-05,0.30532293658364906,0.09024025321092709,0.030086903872087196
320,36,12,22,H,3,-0.10867230594158173,5,0.07556503399303464,0.09503831482595868,5.682253819282542e-06,1.1908859147663345e-05,0.24799484847621486,0.08400570724836892,0.028007766120445293
320,36,12,22,H,4,-0.11026007682085037,5,0.07572295324256023,0.09519331019658307,4.859825291039344e-06,1.5403753791066314e-05,0.3035547216168859,0.0761735179157926,0.02539792716495824
320,36,12,22,H,5,-0.0052159917540848255,5,0.05398196796463295,0.09564234276867319,3.01214666424688e-06,1.4805391355402505e-05,0.19152217862958262,0.07307581280209997,0.02436454344670654
320,36,12,22,H,6,-0.028812643140554428,5,0.05414464648135684,0.09543577409707582,2.4925874710429057e-06,1.586535154053461e-05,0.3252756440504031,0.06771068144482628,0.022576346461279286
320,36,12,22,H,7,-0.005759708117693663,5,0.054286612796060965,0.09491015061354026,3.740330724333058e-06,1.5165726816344466e-05,0.2628775889900598,0.0816001992621915,0.027206368439910728
330,37,12,22,C,0,-1.5042518377304077,5,0.1454140459820306,0.1618317853818592,6.287649784800143e-05,0.000287285768519652,0.443013736944307,0.06867274332946359,0.023007635198610415
330,37,12,22,C,1,-1.1874029636383057,5,0.15885423280588992,0.16115947165805056,6.912500773568392e-05,0.0005823694102259707,0.44477202038873326,0.0759652825492349,0.025538925655732184
330,37,12,22,C,2,-7.547578811645508,5,0.1024123974757277,0.17264387871210388,1.915007936946984e-05,0.00014403853301253461,0.2999528378248215,0.08055483908146384,0.026906009231281947
330,37,12,22,H,0,-0.03665326535701752,5,0.0370343740303795,0.09487861696726237,2.2829620381997843e-06,1.6430532754071026e-05,0.26715526201508255,0.06810540367376773,0.022708039056186666
330,37,12,22,H,1,-0.05347871407866478,5,0.03721573307658687,0.09545494768864068,2.6889359751506e-06,1.338213396025414e-05,0.21215150820260698,0.06276849681064525,0.020928189293526887
330,37,12,22,H,2,-0.052478715777397156,5,0.0371641246658383,0.09575638025999071,2.275113290106674e-06,1.4785087171357267e-05,0.16468794311989435,0.06860939829002438,0.022875486163495284
330,37,12,22,H,3,-0.028382685035467148,5,0.0372772949147018,0.09515139070840982,2.419006635060622e-06,1.3920024891298463e-05,0.22793713388117876,0.06357769058904973,0.021198009873525363
330,37,12,22,H,4,-0.02938268519937992,5,0.03705864729303303,0.09559408418643167,2.1963031704862434e-06,1.5650292682302233e-05,0.2273301034827124,0.06538669885081067,0.021801515148887816
330,37,12,22,H,5,-0.05086393281817436,5,0.037139080980897465,0.0949921170488382,2.6558398990404814e-06,1.511374241419967e-05,0.18752516409890216,0.06835888015846948,0.02279221658026091
330,37,12,22,H,6,-0.19063477218151093,5,0.012395918556364066,0.09488736663618659,8.592421932144756e-07,1.3229318263293203e-05,0.20595254532315516,0.05436860241734726,0.018127563659267924
340,38,12,24,C,0,-3.4242684841156006,5,0.0986878363923593,0.14816601132735227,4.149080539072084e-05,0.00025404718094648927,0.49455922101624306,0.11322941526282966,0.03784165108305562
340,38,12,24,C,1,-2.863839864730835,5,0.08857444575188135,0.1087784765393306,1.385827257812984e-05,0.000144818692781649,0.44689906720692907,0.15524112854171837,0.051799935169026055
340,38,12,24,C,2,-12.157820701599121,5,0.12718008695678276,0.2881590948196558,8.159482837793879e-05,0.00011912960100093576,0.5588587326928973,0.0490381632479458,0.016412962559108225
340,38,12,24,C,3,-10.058283805847168,5,0.14255158956905808,0.29956341124497926,0.00012853371559376947,0.000421213752630768,0.5441066121372083,0.055385119579032194,0.01864495568241891
340,38,12,24,C,4,-18.589996337890625,5,0.19845449840932183,0.3323554103038249,0.00040486066089954423,0.00015901717435429428,0.608049879812946,0.03933062365917355,0.01329816716480913
340,38,12,24,H,0,-0.17389942705631256,5,0.07230517798752496,0.09520438870558372,6.053105610372193e-06,1.1090755768869153e-05,0.25220925578226644,0.0731078771629315,0.02437500700810358
340,38,12,24,H,1,-0.17389942705631256,5,0.07221261140222501,0.09502870851602307,4.490978279365869e-06,1.0426862087270356e-05,0.29629455578203007,0.08508325266984172,0.028366056836736122
340,38,12,24,H,2,-0.12675082683563232,5,0.057546101751351594,0.09498201204416078,3.874129666803634e-06,9.563329949370389e-06,0.2603963491196434,0.09274262055485445,0.03091868600482354
340,38,12,24,H,3,-0.12675082683563232,5,0.0574925230985338,0.0951001342596152,5.9259742444691324e-06,1.0428913966230529e-05,0.26735014409447705,0.08849710154238437,0.02950448547686502
340,38,12,24,H,4,-0.33352357149124146,5,0.02907121714317437,0.09963995676774247,3.0102301807622303e-06,0.0002826670077289544,0.2091755784737567,0.07003681891543428,0.023440832051114666
340,38,12,24,H,5,-0.5608901381492615,5,0.059982137254091225,0.10741581633304939,4.666466264944604e-05,0.0005002109288938946,0.2253565238167842,0.07830183295236576,0.026282902847969702
350,39,12,24,C,0,-0.7839327454566956,5,0.16227412290043303,0.2376937985038146,0.0003021926607286955,0.0005065190628863581,0.4831604968756437,0.10715657509817784,0.03598842894059764
350,39,12,24,C,1,-1.5208369493484497,5,0.12585861642252316,0.16771321104696166,8.810020369666957e-05,0.0006522239314052247,0.4967165485955774,0.12676132833218504,0.04250055082242898
350,39,12,24,C,2,-9.297120094299316,5,0.1065757031693603,0.24441292378573848,0.00018608828744646013,0.0004338962200788034,0.39599121393014985,0.07495085840496578,0.025190280970830346
350,39,12,24,C,3,-3.2585976123809814,5,0.08740707757798108,0.1096240576929771,1.286992417874434e-05,0.00017336761087313174,0.3544603960278134,0.1277408677466704,0.04264236842724076
350,39,12,24,H,0,-0.0681978166103363,5,0.08619862896474925,0.09582771761104085,5.9094008995801385e-06,1.0155171920215665e-05,0.284942432337751,0.09835192225321117,0.03278932894201032
350,39,12,24,H,1,-0.030978085473179817,5,0.08645015796928694,0.09530716396104066,8.49273074815813e-06,1.2258031747543415e-05,0.2638098788137237,0.08721652433086668,0.029079091697787465
350,39,12,24,H,2,-0.09739954024553299,5,0.05777431097295549,0.09524617982216371,5.913875600888602e-06,1.345799814423794e-05,0.27484891656786203,0.09062228153616081,0.030213884469968644
350,39,12,24,H,3,-0.05384648218750954,5,0.05745287844628999,0.09546923443484,3.7100904185478834e-06,9.774429157855122e-06,0.26057748158151905,0.08881257274325133,0.02960868575427591
350,39,12,24,H,4,-0.10548743605613708,5,0.05776345899159259,0.09555727785978561,5.183783044005732e-06,1.150788099469247e-05,0.22154834199075898,0.07092641143158177,0.023647701031873487
350,39,12,24,H,5,-0.12250534445047379,5,0.05762592207151229,0.09514385674817441,4.598126006673764e-06,9.886727294360973e-06,0.24382223011925816,0.07043918422209006,0.023484556358463696
360,40,13,24,C,0,-4.043220043182373,5,0.1160957428654938,0.16352244845758643,7.494610481874092e-05,0.0001350013342066616,0.4241939122167726,0.0985498185597251,0.0329199219995835
360,40,13,24,C,1,-14.111479759216309,5,0.26547998802905737,0.35313039221442655,0.0001670209096908564,0.00028126192663561144,0.6040142744469146,0.038240380976256344,0.012896221270860937
360,40,13,24,C,2,-9.470762252807617,5,0.1327430101111531,0.3099761817795344,3.0441316338249e-05,0.0007443829456935971,0.41845418807740015,0.04898064024739559,0.016585154836475813
360,40,13,24,C,3,-1.504056692123413,5,0.10896638812440816,0.15425449979419892,0.00014236528953644778,0.0001321491273041234,0.3887669895465175,0.06851101982232437,0.022928511413054978
360,40,13,24,H,0,-0.3191285729408264,5,0.021832694237430894,0.09533369444692748,1.2586969916110596e-06,1.4363802924415057e-05,0.15203828546218573,0.05540609542012836,0.018473905973348127
360,40,13,24,H,1,-0.26153138279914856,5,0.021749410230779285,0.0957912763246359,9.464408898087297e-07,8.948444258963125e-06,0.1741568010610839,0.04467179460942617,0.014893896498191646
360,40,13,24,H,2,-0.1154087483882904,5,0.03224619948728518,0.09507589126244569,2.089425966187093e-06,1.4708783176715368e-05,0.18678034506738186,0.0571978658887442,0.0190715546992957
360,40,13,24,H,3,-0.14733904600143433,5,0.03236422413452106,0.09508090874132438,1.599182397232264e-06,8.417572665160903e-06,0.20127695991347236,0.06515914066445369,0.021723052473172026
360,40,13,24,H,4,-0.11875949054956436,5,0.032278032042086124,0.0948730198523173,2.4487899202448756e-06,1.201976753537377e-05,0.19373745682338872,0.06012624725877349,0.02004690527207637
360,40,13,24,H,5,-0.16926804184913635,5,0.03254217350234588,0.09503154245515665,1.7749151495631136e-06,8.856060545054945e-06,0.2693344428514441,0.057410345766110725,0.01914032558060178
360,40,13,24,H,6,-0.20832136273384094,5,0.0326815818408222,0.09570801442441268,2.126214072732845e-06,1.2399778833827164e-05,0.3047730310199161,0.06024616300943395,0.020086896334113504
370,41,13,26,C,0,-1.4808326959609985,5,0.12493940650513677,0.1689889958844735,3.251478698587131e-05,0.00021244253236328453,0.4447825481112187,0.0926975720039728,0.03098084310777399
370,41,13,26,C,1,-1.475832223892212,5,0.12953643622159056,0.18410522180298963,6.323675529763986e-05,0.00027676713752681315,0.45268868683622443,0.09626018352228603,0.0322000624717035
370,41,13,26,C,2,-3.6214356422424316,5,0.09162312316510714,0.1147504599048541,1.2311899237295381e-05,8.493629983573225e-05,0.4101474236696959,0.11554814515346352,0.03854846445084552
370,41,13,26,C,3,-3.6274356842041016,5,0.09181985540710616,0.117256075478135,1.9789941350899723e-05,0.00010524431741841013,0.4029430259592258,0.11796885571028543,0.03936462998968491
370,41,13,26,H,0,-0.043864715844392776,5,0.06495515623440345,0.09551672102549137,4.42593984798549e-06,1.2981350318489386e-05,0.2373245489998506,0.08052440779475648,0.026847271694974317
370,41,13,26,H,1,-0.10652264207601547,5,0.06504816183763924,0.0950492444424293,3.1381119773953173e-06,1.4036913382588765e-05,0.24321075583306642,0.07837284289063874,0.026130005971999576
370,41,13,26,H,2,-0.04432092234492302,5,0.06472078005811481,0.0958069213689902,3.0993927084947186e-06,1.2837662810426531e-05,0.28951421061960547,0.08268442717534039,0.027566788076953102
370,41,13,26,H,3,-0.1071104109287262,5,0.06453502561445489,0.0946427958420454,4.199639986788546e-06,1.1933661277593214e-05,0.24330431257302945,0.08783467982533638,0.029283604375533585
370,41,13,26,H,4,-0.12378595769405365,5,0.04306794296047001,0.09494080327642271,2.9836229008678e-06,9.744160773078332e-06,0.19726945840968535,0.05828676661043459,0.019433164798036178
370,41,13,26,H,5,-0.10366342216730118,5,0.043397169407795776,0.09495598293649846,2.4507798574921744e-06,1.0736979737932928e-05,0.2315094821155071,0.06716558348121439,0.022392923746936605
370,41,13,26,H,6,-0.10366342216730118,5,0.04333766825271375,0.09499292802543212,2.788594310331103e-06,1.0516707551592176e-05,0.2443112055842693,0.062423766711816916,0.020812357337892946
370,41,13,26,H,7,-0.12478595972061157,5,0.0433055715070981,0.09491571224270723,2.5144639311074812e-06,1.1193296732583516e-05,0.1915174879993384,0.06867663193294665,0.022896779897870114
380,42,13,24,C,0,0.17328409850597382,5,0.12404916095688488,0.1903352962090419,3.717253304129479e-05,0.0002899373273684421,0.3792251968135436,0.05823182258444018,0.019519644148283305
380,42,13,24,C,1,-2.9316675662994385,5,0.08782483890765544,0.10908374468294472,1.2331745850800884e-05,0.0001964695896062267,0.4564522583658497,0.11214351000631206,0.037450770447256365
380,42,13,24,C,2,-16.425132751464844,5,0.21045210774084838,0.3510907020706397,0.00038787750067445547,0.00013497020871029253,0.5361760728992522,0.054407320671112154,0.0183100561268323
380,42,13,24,C,3,-1.3898565769195557,5,0.08203476718203588,0.1743390961908377,9.128835752795253e-05,0.0002154608347571896,0.3404380088361601,0.063893175423184,0.021399974871823046
380,42,13,24,H,0,-0.11915438622236252,5,0.03249235581606626,0.07159377666046986,2.2619341018796393e-06,6.959497812284287e-06,0.18636608229329188,0.06718035603185564,0.0223965258212566
380,42,13,24,H,1,-0.1529437154531479,5,0.032483941971352605,0.0711669151695111,2.006915090129352e-06,9.251743316412631e-06,0.20114063958947856,0.06253419231946071,0.020848483659289083
380,42,13,24,H,2,-0.11749634146690369,5,0.0321888327542128,0.07112226222570125,2.0125273345473362e-06,1.0702716579583067e-05,0.2229078269563615,0.06461600351107473,0.021542906251662955
380,42,13,24,H,3,-0.2253120243549347,5,0.05423566972780408,0.0944356441306762,3.3949101128853457e-06,1.1561835335645375e-05,0.303853919946899,0.08787960284228154,0.029298186529243358
380,42,13,24,H,4,-0.19009250402450562,5,0.054292579582243254,0.0951614958449052,3.374859926233477e-06,1.1904443268133575e-05,0.2458839736878872,0.08787761827188857,0.029297632525027647
380,42,13,24,H,5,0.054915860295295715,5,0.0547129059097532,0.07188469499158555,5.818154096313227e-06,9.69790287516531e-06,0.2547130147305628,0.08046073203838776,0.02682541603178641
380,42,13,24,H,6,-0.026584316045045853,5,0.05409585853869265,0.0714290048258427,3.6796423392781197e-06,9.523292771049242e-06,0.18945227460935712,0.06506983126872147,0.0216943447346106
380,42,13,24,H,7,-0.0037771498318761587,5,0.05436432137520928,0.07142807122988579,2.905629067804383e-06,9.306131056076494e-06,0.19739389922469855,0.07442082333580367,0.024811011698642516
390,43,13,24,C,0,-0.4875047206878662,5,0.14570275756703827,0.19132976554907286,4.6047915768810855e-05,0.000509321192642208,0.4503812610482177,0.07004545764817316,0.02353360891886139
390,43,13,24,C,1,-2.5278682708740234,5,0.08773899749243931,0.12850103550232378,9.787659369816747e-06,0.0006620934021212114,0.49149870208154117,0.13737915277841264,0.046017011279967886
390,43,13,24,C,2,-9.012655258178711,5,0.11016101302393587,0.25012511385556985,0.0002679234640300303,0.00036532223885893237,0.4084572291622559,0.08371308960514794,0.028115445102678965
390,43,13,24,H,0,-0.057084448635578156,5,0.0495189048059575,0.0953048574873525,2.9570783649529696e-06,1.3093970221837939e-05,0.23311860064665477,0.06526574835404379,0.02176059980087686
390,43,13,24,H,1,0.0038715696427971125,5,0.04965278674642761,0.09536585000335661,4.063558068741782e-06,1.120874425408382e-05,0.2256154679382841,0.08009292786037332,0.026702733387565385
390,43,13,24,H,2,0.024161603301763535,5,0.0497742881377538,0.09505329765061026,3.931512681331493e-06,1.4199017360605909e-05,0.17540869945660234,0.06590735234468303,0.021975160958241657
390,43,13,24,H,3,-0.09493395686149597,5,0.07357198132839039,0.09535070941743688,4.488136041696496e-06,1.4088802011747326e-05,0.3095346488369008,0.10533438801857797,0.035117654985543804
400,44,14,28,C,0,-1.3942843675613403,5,0.1294609477517731,0.17403115208332354,0.0001566437767955921,0.0007736731503325508,0.4509259566664695,0.08416399345920868,0.02836477012877894
400,44,14,28,C,1,-1.4002841711044312,5,0.1307055200309013,0.18426478734383217,7.745994712153524e-05,0.0003993797731959182,0.41698704848864254,0.09091639522529728,0.030464411648538244
400,44,14,28,C,2,-3.0759077072143555,5,0.09760302499952642,0.13574485600758823,1.9029060746324156e-05,0.00010786751802276649,0.423653894157282,0.10934853313556173,0.03649180990477694
400,44,14,28,C,3,-16.819684982299805,5,0.16006352190266954,0.31754808079737873,0.00046018330904881575,0.00031968317609799255,0.47966222635337286,0.05486726683954668,0.018549044441564497
400,44,14,28,C,4,-3.0838639736175537,5,0.0980300106785514,0.13506943363409776,2.2069023450286412e-05,0.00021915303884480084,0.3617422513663769,0.12220098604007303,0.04081406936745604
400,44,14,28,H,0,-0.09440877288579941,5,0.0646963503155293,0.09500617424647013,3.8020656977986635e-06,7.130835076180559e-06,0.20740392112306186,0.0773593025981392,0.025790078499637725
400,44,14,28,H,1,-0.0521015040576458,5,0.06459805684897935,0.09534344936028505,4.4984254276569215e-06,8.078410562875428e-06,0.2688294408310737,0.0666214179572003,0.022211331597730272
400,44,14,28,H,2,-0.09440882503986359,5,0.06468358518499316,0.09536464809607237,5.13365092935443e-06,7.967923510474124e-06,0.2629157617954271,0.06375826562431827,0.021257122399586034
400,44,14,28,H,3,-0.0521015040576458,5,0.06477431768946576,0.09497622423447094,3.3659238530406896e-06,7.572767748379413e-06,0.25030334134187016,0.08352318606120403,0.027844708250935147
400,44,14,28,H,4,-0.11559242010116577,5,0.04330664743866884,0.09474786748488744,2.8894192339893603e-06,7.978778574821351e-06,0.23545053428305046,0.07905166350469424,0.02635417723416768
400,44,14,28,H,5,-0.1680401861667633,5,0.04336569126921169,0.09501618985946361,2.498097108979796e-06,7.728891809358113e-06,0.2294257900012391,0.07066889511239875,0.023559707367105696
400,44,14,28,H,6,-0.1700841337442398,5,0.04315535421624328,0.09534480538887856,2.732157982897967e-06,8.044969966254468e-06,0.22282971058573042,0.07911535553934146,0.026375377555763538
400,44,14,28,H,7,-0.1165924146771431,5,0.0430469148368998,0.09508632675959514,3.3573945699086003e-06,1.0435981218150462e-05,0.2599566418145384,0.06855205721006889,0.022855283528618986
410,45,14,30,C,0,-3.6321778297424316,5,0.08817930603117653,0.11107627527836043,8.946418555682025e-06,0.00011253431924528538,0.43243058892587827,0.12420863757861432,0.04144337277213843
410,45,14,30,C,1,-3.6361777782440186,5,0.0892762639136477,0.11291357169548669,1.4740914333682595e-05,7.54684384546538e-05,0.5176269190510113,0.10744977804361298,0.035846662465467104
410,45,14,30,C,2,-1.389151692390442,5,0.12262131579107406,0.15367549106860773,3.639895376279195e-05,0.00018832734423320727,0.3907234188914298,0.10205316730256471,0.0340926312001869
410,45,14,30,C,3,-1.23424232006073,5,0.13088639469986613,0.16115262200435002,4.938364155918744e-05,0.0001181046318426919,0.38751607569555446,0.07853120737393247,0.026232898549111452
410,45,14,30,C,4,-1.3961957693099976,5,0.12325911101969807,0.16180746017358244,3.210407243380724e-05,0.0001421110077703853,0.38651891263822713,0.08495262644870023,0.028375613842968144
410,45,14,30,H,0,-0.06429516524076462,5,0.05438209264115854,0.0948309198862467,3.5021112617868106e-06,8.88651181256651e-06,0.2283423451085885,0.08385919486698197,0.027957194496685444
410,45,14,30,H,1,-0.07624254375696182,5,0.054064123637296936,0.09540156610501117,3.266126659453783e-06,7.655063175358708e-06,0.1759877407550812,0.06806981977964217,0.022693580323158994
410,45,14,30,H,2,-0.12143554538488388,5,0.0646877173390804,0.09456314290181185,3.5594067753121874e-06,7.446979690029806e-06,0.23945620184143385,0.07020493029825631,0.02340531222824055
410,45,14,30,H,3,-0.011128109879791737,5,0.0646563938000437,0.09511506722523616,3.6667771684564304e-06,8.295799112029016e-06,0.23970773128171763,0.07765699729575706,0.025889653290679184
410,45,14,30,H,4,-0.06429516524076462,5,0.053974096482676086,0.09509225242413007,3.1292362028436544e-06,7.231101337525502e-06,0.21103812036414943,0.06434008075904485,0.021450147032195072
410,45,14,30,H,5,-0.07724254578351974,5,0.05407470760471893,0.09494849816346777,3.855157086542369e-06,1.0184177441958758e-05,0.23419745658834773,0.0716194037074976,0.02387781434734203
410,45,14,30,H,6,-0.009750496596097946,5,0.04311684368912017,0.09505554761642064,3.028217470323367e-06,9.551628716981697e-06,0.2242192701498667,0.07568039342385333,0.025230991090013543
410,45,14,30,H,7,-0.008706634864211082,5,0.043284040915243564,0.09539661493821024,2.3153477722314612e-06,9.026614826272194e-06,0.21341838506360847,0.07427369294076017,0.024761678301119555
420,46,14,26,C,0,-3.2470529079437256,5,0.07592148568029655,0.10892438060707516,3.994615302768777e-06,0.00011974161020990161,0.29179069875524594,0.11100613001034662,0.03704328874528643
420,46,14,26,C,1,-2.733438730239868,5,0.09635203843089667,0.15015648333435383,1.714476474372074e-05,0.00021869972283642956,0.3826315253973007,0.12047042258582771,0.04023542235780262
420,46,14,26,C,2,-3.265650510787964,5,0.07569095262072305,0.10397918131361661,5.505079025253067e-06,0.00013933557024607354,0.37158322821442896,0.08571153224731945,0.028618790965530258
420,46,14,26,H,0,-0.10301388800144196,5,0.043187893752121564,0.09516571134838284,2.796080090289083e-06,1.4724380242647043e-05,0.21797791346907613,0.0786321676350606,0.02621656269846451
420,46,14,26,H,1,-0.12237372994422913,5,0.043243581265436884,0.0951574610466631,2.2255558757299713e-06,1.5428756538764742e-05,0.2513251750228497,0.07366736260349856,0.024561672305304347
420,46,14,26,H,2,-0.13875049352645874,5,0.06508418931766893,0.09520970357534213,4.07748689786617e-06,1.6241891503708606e-05,0.2520022401299614,0.08113442217754342,0.027051580518648335
420,46,14,26,H,3,-0.1417776346206665,5,0.04310006522996859,0.09506927526149994,2.677961140362008e-06,1.434312643478455e-05,0.1712865699082613,0.0712258206071186,0.02374761389823125
420,46,14,26,H,4,-0.1253821849822998,5,0.043171773405011854,0.09524010641452595,2.0852626723515605e-06,1.1295433861748766e-05,0.19730901093437123,0.06635378070382723,0.02212238713345378
430,47,14,28,C,0,-1.468566656112671,5,0.11294534636008274,0.19708508512148487,5.185213553960322e-05,0.0004827270228054648,0.43703287030969346,0.08279203268493648,0.02777553728109385
430,47,14,28,C,1,-6.611371994018555,5,0.05375854371688067,0.14517453628472793,2.0553637550163726e-05,0.00013432923134012572,0.29568297804466315,0.06060317710233397,0.02025268665707475
430,47,14,28,C,2,-2.538264513015747,5,0.0884880723826813,0.1251465992744152,9.952092269576122e-06,9.151031674293068e-05,0.40151416153780056,0.11846480710620957,0.03952208983840736
430,47,14,28,C,3,-12.801044464111328,5,0.19764220495244642,0.3030548913891499,0.0004669159849519961,0.0006243238091186207,0.4916985111710216,0.05294269471626233,0.018011311503444316
430,47,14,28,C,4,-12.072532653808594,5,0.12806895674565136,0.22799904824831552,0.00016336174017748337,0.0005266339440827031,0.3472452762935843,0.0183438907041568,0.006344628796138996
430,47,14,28,H,0,-0.028109626844525337,5,0.03702586100344018,0.07664051386790398,2.791469103447785e-06,6.219243929205775e-06,0.23539642167410682,0.05989319113639661,0.019967400616476418
430,47,14,28,H,1,-0.046241145581007004,5,0.03709032167216916,0.0759567849911176,2.7864491846241013e-06,6.371022468678179e-06,0.19814106885875973,0.07524232504641004,0.025083827506021113
430,47,14,28,H,2,-0.08611804246902466,5,0.06187360462172207,0.09517879699285213,5.563835929799394e-06,9.7975437108473e-06,0.2967918524252517,0.06853632957469406,0.022850563651444902
430,47,14,28,H,4,-0.3608199656009674,5,0.04979846780047272,0.0824205008149147,3.014272451772651e-06,0.0002072364717540147,0.2307811259425112,0.06001698176931613,0.020075744171173974
430,47,14,28,H,5,-0.3773472011089325,5,0.03715645359966146,0.058166599548779986,2.2971990725237423e-06,8.97516149505183e-05,0.13678540425109012,0.0412186753280047,0.013770241380675915
430,47,14,28,H,6,-0.38455814123153687,5,0.03728766568424382,0.06053314300683827,3.5606172441109886e-06,9.36728017704928e-05,0.12378504007522549,0.03853922854517986,0.012878820654731489
440,48,14,28,C,0,-3.5290541648864746,5,0.0990037056532773,0.15829317377927976,5.718126125770312e-05,0.00014959082008385936,0.4828385206737688,0.12022333225752571,0.04014336811295576
440,48,14,28,C,1,-12.59865665435791,5,0.1640940400310839,0.2997019956432856,0.000250171942858982,0.00046704254365901064,0.5022671238652296,0.07607381777067872,0.0255970107523989
440,48,14,28,C,2,-5.474212646484375,5,0.059539827576490366,0.20515870869159697,3.211931664869665e-05,0.000260020265811731,0.3604774449552807,0.059697572539795844,0.019996570707418757
440,48,14,28,C,3,-6.965696334838867,5,0.029804812130903954,0.18511276982533625,8.533911357027841e-06,0.0001273014074036866,0.29803189209529324,0.06424129106308603,0.02145904212728225
440,48,14,28,C,4,0.2522205412387848,5,0.14577503801144734,0.19074738519314005,0.00013296858591640005,0.0006384991799333287,0.3803808043045658,0.045077424718388846,0.015282964161412858
440,48,14,28,H,0,-0.17105746269226074,5,0.05755817448400488,0.09476427707152488,4.3684687469141625e-06,8.216755334683933e-06,0.30008970616119246,0.06461863792313423,0.021543741049071943
440,48,14,28,H,1,-0.12198732793331146,5,0.014548769149214331,0.07619747860309406,1.027201958462126e-06,7.622325803344823e-06,0.12281679221029793,0.04512299809595706,0.015043882541239622
440,48,14,28,H,2,-0.050234172493219376,5,0.05777219849252942,0.05727658446782676,5.8002306824174535e-06,4.626256668027997e-06,0.21945347615650723,0.05590765976134658,0.01863936208289901
440,48,14,28,H,3,-0.00895293615758419,5,0.05790836129977246,0.05706402420233459,4.7022708538417685e-06,5.475556322589097e-06,0.17538443048085486,0.053851620751571995,0.01795393285958281
440,48,14,28,H,4,-0.02700575813651085,5,0.057820183716037046,0.05709467897812525,4.747595684723702e-06,5.0160936477291925e-06,0.17522553295961446,0.06417175404812189,0.021393839245818114
450,50,15,30,C,0,-7.761427879333496,5,0.13452408021748666,0.26585465143888426,0.0002209936351058503,0.0002126376846757122,0.4660658409198125,0.05898997249724485,0.019807867939008805
450,50,15,30,C,1,-9.08093547821045,5,0.12008873603560706,0.2646395486058333,0.00026508212770045083,0.00024251790403474548,0.41637279026210305,0.053818501915628286,0.01810870064912116
450,50,15,30,C,2,-0.7991183996200562,5,0.11851726159302875,0.13184741507738063,8.742842800482287e-05,9.699535948096437e-05,0.28586189607779183,0.0407606697446101,0.01364836451069863
450,50,15,30,C,3,-5.140366077423096,5,0.07313659979839518,0.13843308511452795,1.2036043384750714e-05,0.00011632656215264068,0.37404736372331776,0.09920595138341656,0.03311143799631799
450,50,15,30,C,4,-3.6308069229125977,5,0.043447530171786895,0.09528533525955983,2.87618008227664e-06,9.551423882681925e-05,0.2651524686068296,0.091912601357364,0.030670330592091028
450,50,15,30,H,0,0.03275012969970703,5,0.043469466080870295,0.07639304768580657,3.369520641862435e-06,7.344937082125673e-06,0.18394914982219537,0.056238132316229296,0.01874961559131776
450,50,15,30,H,1,-0.0715140700340271,5,0.04308881859737213,0.07591526092627109,3.8927052177607506e-06,5.633881623189713e-06,0.20180040029187996,0.04006958982919625,0.013359705472012401
450,50,15,30,H,2,-0.07355805486440659,5,0.04339714354336864,0.07594813501223541,3.0154911973227893e-06,8.415631336592864e-06,0.1724757760266463,0.04831400365300177,0.016108478258511895
450,50,15,30,H,3,-0.23171529173851013,5,0.028694780976182284,0.09483099442261918,1.722854161768168e-06,9.98961035396744e-06,0.1495473944644133,0.048002100066902594,0.016004604177139444
460,51,16,30,C,0,-4.765948295593262,5,0.10327719833363186,0.16828599386872392,2.0635119137557775e-05,0.00016066540764190268,0.43024733675022914,0.09396096770057084,0.03138075607578344
460,51,16,30,C,1,-2.5882418155670166,5,0.03729283119241397,0.09299314662049978,6.90574828227199e-06,5.361608743919272e-05,0.22501991093158724,0.05173413729413246,0.017264886376617977
460,51,16,30,C,2,0.3210907578468323,5,0.09005057313677038,0.19918879160705286,4.6536038677213345e-05,0.0003774162025360083,0.30790550221999485,0.04153707246733118,0.013987008236181467
460,51,16,30,C,3,-1.8821203708648682,5,0.0474832494692369,0.11585161501589493,7.939181624081399e-05,8.072904213709925e-05,0.25963151576618354,0.05069675757960553,0.016952292812661147
460,51,16,30,H,0,-0.015303579159080982,5,0.02608060002778516,0.047398427281624224,9.684922042735737e-07,4.968070543764671e-06,0.1304169029245774,0.04001693780499245,0.013340958122580163
460,51,16,30,H,1,-0.08878634124994278,5,0.02590909187089313,0.047554792224978784,1.0821462432531181e-06,4.924785817791119e-06,0.12986307981113593,0.04820381299129433,0.016069939974451792
460,51,16,30,H,2,-0.04766342043876648,5,0.026012337401960833,0.047639766249519135,1.438511272223214e-06,5.4506799121371255e-06,0.17026480711996556,0.04585741450333603,0.015288101231506798
460,51,16,30,H,3,-0.12816256284713745,5,0.0345342768593268,0.09515320339646097,1.9356290240705053e-06,9.370210299124806e-06,0.22036425280074276,0.059801915284502155,0.01993774037460845
460,51,16,30,H,4,-0.07319828867912292,5,0.025946415175091136,0.04757820163399745,1.2167565424705798e-06,6.21277938298466e-06,0.11853478024403256,0.03954962024817423,0.013185683261366562
460,51,16,30,H,5,-0.06691791117191315,5,0.025937039951483404,0.04759198930592109,1.4482661006376695e-06,6.652376169674466e-06,0.1644996911038955,0.049949607124666034,0.016652569255645448
460,51,16,30,H,6,-0.03555815666913986,5,0.026048897423527458,0.04819406507871089,1.629237222855069e-06,5.6640605829785865e-06,0.18752576003472007,0.042378405617946084,0.01412856630525064
460,51,16,30,H,7,-0.019224893301725388,5,0.034481471302834424,0.04758195396608267,1.344355239368382e-06,5.407477218207894e-06,0.20339740184446178,0.05965848486224971,0.019888412231569095
460,51,16,30,H,8,-0.05107570067048073,5,0.03475813054677212,0.04781343233891022,1.5532381098492156e-06,5.7480045599428925e-06,0.22070083898802598,0.041673451458550455,0.013893584233740083
460,51,16,30,H,9,0.01088925451040268,5,0.034756003762736465,0.04773611451188723,1.7916840372613575e-06,5.540316191037459e-06,0.1744864548246066,0.055775695254599654,0.018594342418275987
470,52,16,32,C,0,-6.739404678344727,5,0.05606349654721491,0.17732953480530134,2.1770128551245488e-05,0.0001125218714080765,0.28394100731238725,0.0650842888105385,0.021739526936832607
470,52,16,32,C,1,-8.243026733398438,5,0.07233844387599013,0.1839049162936735,0.0001707148251552523,0.00026876662184011074,0.3571495832875371,0.0533079542970339,0.01791581191467642
470,52,16,32,C,2,-6.8385820388793945,5,0.07760518042540009,0.15023296139724962,8.871027238249758e-05,0.00014692910948678324,0.281449239817448,0.033181991132699776,0.01113921017152302
470,52,16,32,C,3,-8.469472885131836,5,0.08197009722053102,0.19570020419228204,0.00011067923874019634,0.00016210652585161466,0.3666343847056851,0.051917161719533284,0.01739664916137503
470,52,16,32,C,4,-6.0845866203308105,5,0.05482098510996862,0.17250997785465183,2.5595616389536737e-05,7.523794571264837e-05,0.2995752263814211,0.06316099705710941,0.02108727687307053
470,52,16,32,C,5,-7.651252746582031,5,0.08733094361695377,0.19252523235130659,5.461630326938816e-05,0.000174090231495203,0.40622766946908084,0.07925818506962586,0.026495630534796814
470,52,16,32,C,6,-2.1557068824768066,5,0.04369295207275586,0.07926367562769097,3.239045401458171e-05,3.572095180624723e-05,0.20646597458980978,0.04822475095420738,0.016097620786676068
470,52,16,32,H,0,-0.053031232208013535,5,0.032392221830333724,0.027364376427489755,1.6929800921123906e-06,2.3997754481374978e-06,0.14890348706394432,0.041144871125695134,0.013716321293745129
470,52,16,32,H,1,-0.04844353348016739,5,0.03239030944127025,0.026802091879067406,1.7795024968634582e-06,1.9283160787599193e-06,0.15409745112992823,0.03907683852530433,0.013026848781293317
470,52,16,32,H,2,-0.07911962270736694,5,0.03258322917037841,0.02728294409238375,2.107685911493753e-06,1.7474210584506733e-06,0.1488207052927464,0.0394011102854031,0.013134988464124349
470,52,16,32,H,3,-0.18564572930335999,5,0.021634361390588865,0.06801033325138546,1.3752051725602925e-06,5.613405704936547e-06,0.14021165582817047,0.05018850916337074,0.016731832591416078
470,52,16,32,H,4,-0.23634721338748932,5,0.03251744497454528,0.0683994574369965,1.6103709509827422e-06,1.1454277250755558e-05,0.14052404640242458,0.050584279705488705,0.016865781451230147
470,52,16,32,H,5,-0.20029433071613312,5,0.032740365126819326,0.06766355943221312,1.56488545712302e-06,4.82751132561738e-06,0.15114130533766001,0.04105367654870193,0.01368668964849489
470,52,16,32,H,6,-0.24425962567329407,5,0.03268256142848369,0.0680186831743726,1.970619091267504e-06,7.023980977913506e-06,0.16714283539913594,0.04154526648049012,0.013851420360186432
470,52,16,32,H,7,-0.14684659242630005,5,0.021794561940160665,0.06798434821349798,1.3670109206430905e-06,4.270455687194555e-06,0.15649615461006758,0.05448295608070433,0.018162864515770722
480,53,16,30,C,0,-3.1351423263549805,5,0.06500284890220924,0.10598966926336288,6.238819238336326e-06,0.000208557368294933,0.31684724827607474,0.09750334897767891,0.03257271505507073
480,53,16,30,C,1,-3.335395574569702,5,0.08703432221981612,0.10825016692471809,6.994107503195619e-06,0.00010773574795795226,0.4406277564664682,0.11975307859017874,0.03995593614854663
480,53,16,30,C,2,-4.873226165771484,5,0.10988572394531784,0.22000398638729862,0.00010900551953471198,0.000304835499545912,0.4403344466537236,0.07646831847075382,0.02562738649661148
480,53,16,30,C,3,-17.733488082885742,5,0.07918311999264088,0.2572909452403203,0.00024551946165427387,0.0016674672298388675,0.3467226927479109,0.033612491450395805,0.011841826047296314
480,53,16,30,H,0,-0.25941720604896545,5,0.05412891582218987,0.09451238062137213,2.774511980519773e-06,9.196469454165018e-06,0.24149109890063605,0.08614484377005863,0.02871893825049777
480,53,16,30,H,1,-0.24930313229560852,5,0.043287556025792255,0.09487855494595492,2.5031260026898943e-06,1.0696371429415723e-05,0.2398616165916125,0.07438342224227901,0.024798873913237037
480,53,16,30,H,2,-0.1182067021727562,5,0.043208726066531554,0.07114086820720097,2.056967018013163e-06,8.9688776124661e-06,0.17705776281654834,0.06218536356349659,0.020732129802709023
480,53,16,30,H,3,-0.11688289046287537,5,0.0429843022403392,0.07107893564762213,2.1860422645841536e-06,7.887517727151319e-06,0.1883383580793937,0.0619053413985382,0.02063847165284331
480,53,16,30,H,5,-0.6012064814567566,5,0.02195857243443077,0.09557214601872824,2.843761713941179e-06,4.366970684986141e-05,0.18799999957283342,0.04017741681286149,0.013407976760475096
490,54,16,30,C,0,-4.111388683319092,5,0.06358146769079295,0.17951780534707584,2.594151799099016e-05,0.00011471545534197805,0.3148731591552496,0.0423715226687135,0.014170726547348822
490,54,16,30,C,1,-16.991817474365234,5,0.1388892882757566,0.3279492579018458,0.0002928120003942418,0.00018490894091063222,0.44150733850896356,0.0597456767924795,0.02007446591126146
490,54,16,30,C,2,-4.111124038696289,5,0.09072293731186427,0.1987935758649539,3.49173974486057e-05,0.00032876720402094824,0.44617627598345283,0.10021440508511163,0.03352602989552706
490,54,16,30,C,3,-3.4353280067443848,5,0.06338133082696885,0.15009704487254988,1.608608884919206e-05,0.0001207991449866271,0.2981133065621059,0.07538867353704046,0.02517518625695876
490,54,16,30,H,0,-0.23058383166790009,5,0.04340523897924206,0.09473380605952861,2.9607536417509374e-06,1.4382817960274902e-05,0.28016052002708114,0.06167625499542569,0.020564532855675905
490,54,16,30,H,1,-0.249619260430336,5,0.032459700525258525,0.07120049422941145,1.9114116403191712e-06,9.865748105386812e-06,0.1921668502191702,0.05378792314775221,0.017933233435832637
490,54,16,30,H,2,-0.26599687337875366,5,0.03259065715088086,0.07128708586096763,1.6355007659222297e-06,1.015643720017675e-05,0.19838862754404546,0.05635613011746569,0.018789307351810596
490,54,16,30,H,5,-0.1509436070919037,5,0.043214987049048595,0.07122196792983093,2.436117722864121e-06,6.929423926725353e-06,0.20054112734893959,0.06386472918671574,0.021291364909455105
490,54,16,30,H,6,-0.1284528225660324,5,0.0429357716136358,0.07169306695652312,2.620096295803806e-06,7.675408689831316e-06,0.21139134362339973,0.0620500238058233,0.02068677310360298
500,55,17,34,C,0,-3.292292833328247,5,0.0934325542413827,0.13396575325574633,1.7696455515571153e-05,0.0001018450969507052,0.4828733447281753,0.0972708946831259,0.032463478745197394
500,55,17,34,C,1,-8.960823059082031,5,0.06530636152635119,0.20237604304766046,8.90435996995026e-05,0.0003159081024092379,0.30766928542186234,0.0478125178541953,0.016072489852101347
500,55,17,34,C,2,-1.6536439657211304,5,0.10752738203966256,0.16306284494124926,1.9293928805264474e-05,0.000281753594447066,0.401585877686739,0.09344965257183788,0.03125023336503007
500,55,17,34,C,3,-1.4779253005981445,5,0.10450706857723821,0.14893326547665475,2.51715205885341e-05,9.561284757052247e-05,0.3332408701453139,0.07186195538507537,0.023994246584411474
500,55,17,34,C,4,-2.5561444759368896,5,0.07955608032267503,0.11248132996834244,1.2684985509443853e-05,5.0931089095569475e-05,0.35366538596503877,0.10494824422865609,0.03500395343442037
500,55,17,34,H,0,-0.10653185099363327,5,0.04805124544535422,0.09500072466257291,2.7055599016663533e-06,8.853138037333176e-06,0.1912147308097166,0.06676657897339495,0.02225937922377798
500,55,17,34,H,1,-0.09490861743688583,5,0.04826637845649462,0.09559095594363334,2.5310572586359e-06,9.327948944808182e-06,0.1857352995478055,0.06670632931500882,0.022239396107070753
500,55,17,34,H,2,-0.014496341347694397,5,0.05785641095754675,0.07633575033683043,3.65242144868242e-06,6.5841172701954244e-06,0.2171632950139396,0.06510194864224535,0.021704061726988074
500,55,17,34,H,3,-0.10435646027326584,5,0.05782635186356728,0.07602971373460232,3.1807614899138474e-06,7.541425560340762e-06,0.16585726994363698,0.05784390853194331,0.019284876906331187
500,55,17,34,H,4,-0.07894282042980194,5,0.03840343705833159,0.09490488820351087,1.7188200263098497e-06,8.949952878936719e-06,0.2385375717326122,0.06491594156137191,0.02164220344475905
500,55,17,34,H,5,-0.08696994185447693,5,0.048139277396579375,0.07619487664638423,2.6913486879083485e-06,6.8745592403874834e-06,0.20912550284582027,0.05596173569498038,0.018657100534302893
500,55,17,34,H,6,-0.06850533932447433,5,0.04777052757214216,0.07590433971239971,2.247322911534099e-06,6.986621400595465e-06,0.15864958579049393,0.05653223764415297,0.018847157196155036
510,56,18,38,C,0,-2.6794397830963135,5,0.045343084145676005,0.12205626511803039,3.9148943525199416e-05,8.838529692518122e-05,0.25368145182728774,0.08599439850178914,0.02870731091407984
510,56,18,38,C,1,-2.8548877239227295,5,0.03603704700415785,0.10121083922493151,3.073428687368326e-06,1.9295488758703046e-05,0.28209491215254134,0.0733907255494898,0.024471031488978626
510,56,18,38,C,2,-4.148713111877441,5,0.08623681556997878,0.11876103318909295,4.17113727510368e-06,5.0547566722584885e-05,0.40647604512540914,0.13121569011814757,0.04375680294071508
510,56,18,38,C,3,-0.3196980357170105,5,0.10360279708649173,0.21557250961533975,8.556919193840672e-05,0.00038068298409682955,0.3285316779621337,0.06121860030458525,0.02056161749354016
510,56,18,38,C,4,-0.5578681230545044,5,0.09556884584101764,0.1567374250636651,0.0002042817202267459,0.00034148589159061025,0.265734049285713,0.05825342533358134,0.019599730981799564
510,56,18,38,C,5,-0.3343559503555298,5,0.11121278821518926,0.22056179361847733,6.606299858215359e-05,0.00017491421441565862,0.36415317464423813,0.05169219681270434,0.017311058008567384
510,56,18,38,H,0,-0.06858395785093307,5,0.034592107927257365,0.04781120230372135,1.689391303026243e-06,3.7405887846947913e-06,0.19481715424672555,0.03598770279610211,0.01199771092539661
510,56,18,38,H,1,-0.10737372934818268,5,0.03457095646045425,0.04760403225564549,1.5205090760779637e-06,3.1677085556718127e-06,0.153641839423462,0.051970428353117146,0.0173250388569163
510,56,18,38,H,2,-0.030469827353954315,5,0.034539526547446395,0.047835446722232375,1.2755951650890097e-06,4.166578021293326e-06,0.1672358490918812,0.04381272700072355,0.01460605639130331
510,56,18,38,H,3,-0.1194084882736206,5,0.03464867227005237,0.0477233222598194,1.4220557798317054e-06,4.2554304099588655e-06,0.15372089445590972,0.048571980599424254,0.01619255269520468
510,56,18,38,H,4,-0.058769065886735916,5,0.03462794955029632,0.06358995447174098,9.902689729326207e-07,5.458336332101849e-06,0.1574747453198621,0.05825633474347332,0.019420927782926117
510,56,18,38,H,5,-0.07969000190496445,5,0.034650319227666565,0.06347064801897757,1.7590007778943446e-06,4.881625726381966e-06,0.17115727833619246,0.050722557867964875,0.016909732831489718
510,56,18,38,H,6,-0.04133903980255127,5,0.05184106637582635,0.06360971611789148,2.3863335571924213e-06,4.59668229074961e-06,0.15750594464571852,0.05814161542169106,0.019382866145846334
510,56,18,38,H,7,-0.03561985865235329,5,0.051880292991797125,0.06369179970560929,2.0780742793424326e-06,5.021829540491818e-06,0.17090604850336125,0.047218841850829495,0.01574198058488311
510,56,18,38,H,8,-0.0713830441236496,5,0.03450053081367954,0.06344829090894799,1.4960174069734988e-06,5.913129146419104e-06,0.18464814522548725,0.05509524510169434,0.018367551416082577
510,56,18,38,H,9,-0.08068999648094177,5,0.0347408471143607,0.06353297208746275,1.4001048012778392e-06,4.83879412450415e-06,0.1983747765814003,0.06105859039414412,0.020354943097689968
520,57,19,38,C,0,-1.3801279067993164,5,0.0949963597787751,0.1578054240689828,1.15867279178264e-05,0.0001911506901011825,0.2622036197271786,0.058633423102248165,0.019612053506755725
520,57,19,38,C,1,-1.8805304765701294,5,0.08820998690119297,0.13889588707277917,2.3473264324700013e-05,0.00012416217559967625,0.2786101804163895,0.07865346239396138,0.026267032611295257
520,57,19,38,C,2,-1.1852757930755615,5,0.08634740122490459,0.17533642952768214,1.5751990129484402e-05,0.00023217110493496134,0.28929577834512055,0.05505888958770769,0.01843560422759071
520,57,19,38,C,3,-3.2553117275238037,5,0.058672892087788295,0.10278745031254924,3.7982442364946413e-06,2.8298754447372047e-05,0.2990628053679278,0.08613512058278712,0.028722405860490328
520,57,19,38,C,4,-3.4153201580047607,5,0.06157409110003047,0.11645546768847695,4.118608991196453e-06,3.853437045693997e-05,0.28012162207772856,0.08052012759527012,0.026854260191572752
520,57,19,38,C,5,-1.3090484142303467,5,0.08677027078364233,0.16952994843451388,9.067659990254281e-06,9.497230427059656e-05,0.2943727332706514,0.05967501244078641,0.01992635080168242
520,57,19,38,H,0,-0.08798813819885254,5,0.04318117888061085,0.07915176250613652,1.786113221519309e-06,6.312250680996975e-06,0.18446967217483018,0.06089410988280925,0.020300736082237255
520,57,19,38,H,1,-0.07020726054906845,5,0.04315617000966362,0.0792497225678884,1.8311604189781798e-06,5.721552711106601e-06,0.17559882769067037,0.05943455034306615,0.01981403435206541
520,57,19,38,H,2,-0.09876027703285217,5,0.04339420174182665,0.06305764439141646,1.5176478975161286e-06,4.486390290181403e-06,0.22072579648933913,0.05312758706993432,0.017711197036040672
520,57,19,38,H,3,-0.08206676691770554,5,0.04323357847528626,0.06333755564231139,1.3882425657363457e-06,5.2121088353602656e-06,0.16616990481944463,0.057975909245234464,0.01932750319887852
520,57,19,38,H,4,-0.10170742124319077,5,0.028770625151016496,0.06341358688142566,1.2312252791928167e-06,4.152459564098568e-06,0.18068048924599825,0.04574391969988937,0.015249767794910886
520,57,19,38,H,5,-0.1209438294172287,5,0.028859560127661683,0.06347662744104351,8.840811732970726e-07,6.1676209002967335e-06,0.16244636791709222,0.048873639690072315,0.01629356379738197
520,57,19,38,H,6,-0.11070739477872849,5,0.02884057878394319,0.06323039868575896,1.080702744891695e-06,4.251716722330361e-06,0.18502002101587625,0.04857862306360552,0.016194651827690913
520,57,19,38,H,7,-0.07625960558652878,5,0.0287716663470774,0.06328266050953132,9.874576276861536e-07,5.114251412450444e-06,0.1534658857278134,0.04530819672291461,0.015104766143984915
520,57,19,38,H,8,-0.08428621292114258,5,0.043145925438765324,0.06300218016163917,1.5557237885066086e-06,5.250558754030798e-06,0.20703080847467248,0.05355552882245333,0.01785411170166529
520,57,19,38,H,9,-0.09776833653450012,5,0.043262591912890926,0.06316724157231486,1.4419149835396838e-06,6.1620971628083705e-06,0.1844208753030551,0.053063790387160525,0.01769046479976896
520,57,19,38,H,10,-0.05434755980968475,5,0.04323781391963213,0.07929016675195123,1.4861390098628318e-06,6.423187692725713e-06,0.2024245345670926,0.054923594633510875,0.018310501320071153
520,57,19,38,H,11,-0.10915524512529373,5,0.043271765624633945,0.07917269928078366,2.0258850636728144e-06,6.1620401635716555e-06,0.19803728353428213,0.056429685597229974,0.018812624507485737
530,58,10,20,C,0,-2.8974430561065674,5,0.0874339952161818,0.10972210850216382,1.4503317222777238e-05,0.00016250219030624385,0.4380300549045205,0.11739767002807658,0.039191558511868535
530,58,10,20,C,1,-2.7582390308380127,5,0.09948181880242897,0.1638437049256431,6.329201140050717e-05,0.0007011346992681233,0.45015831213444474,0.1306035197346201,0.0437893154817629
530,58,10,20,C,2,-4.5724406242370605,5,0.10724161874164234,0.1458667519765022,8.448630412649103e-05,0.00013177351633019283,0.4719550366513431,0.14390272767785423,0.04803966249943697
530,58,10,20,H,0,-0.16678637266159058,5,0.0519178838169936,0.0952686396928934,4.430916382149745e-06,1.7195974092437158e-05,0.3157846996933222,0.0876196791847021,0.029213768691725567
530,58,10,20,H,1,-0.13316234946250916,5,0.051775663440877744,0.09438805841227882,4.140620325889056e-06,1.4110362934694653e-05,0.32295280352234845,0.08229999713034927,0.02743941603786995
530,58,10,20,H,2,-0.0575319267809391,5,0.05230273011958961,0.09452301777071422,4.9241582125095545e-06,1.5741707501525438e-05,0.36934577457606793,0.09549883232638791,0.031839832730700644
530,58,10,20,H,3,-0.04089127480983734,5,0.05184714209852797,0.09535744779894495,4.974362008748687e-06,1.141210869026632e-05,0.30920283403247595,0.08430995066898997,0.028108779046562993
530,58,10,20,H,4,-0.06429433822631836,5,0.08626674805626725,0.09534228900049488,1.019758177502835e-05,1.2340534844141771e-05,0.3604801035113633,0.1123727237193406,0.037465087278653254
540,59,11,20,C,0,-12.523726463317871,5,0.2018842356855219,0.30747763074170315,0.00023065989744507916,0.0015394281503342243,0.4708321668580175,0.03780411003551228,0.013191399361097195
540,59,11,20,C,1,-13.155298233032227,5,0.2548563910885291,0.36850513913310495,0.0012381384319917834,0.0006697383508389572,0.6181811227276921,0.04281592587130921,0.01490793421804665
540,59,11,20,C,2,-2.8943095207214355,5,0.08721763609936743,0.10575565925966472,1.8971887825709657e-05,0.0001126712841008011,0.4253114284574985,0.12689008635413127,0.042340576508685925
540,59,11,20,C,3,-10.408849716186523,5,0.09055463082862622,0.2688443209116275,8.955912040590061e-05,0.0001980338504660269,0.4177126279845834,0.046171258161010746,0.015486283710627559
540,59,11,20,H,0,-0.23696942627429962,5,0.05204360428181563,0.0948455186990591,4.4468440874247115e-06,1.4502703776051247e-05,0.32711311820894484,0.0820455633714325,0.027354837639765327
540,59,11,20,H,1,-0.18371453881263733,5,0.0520056174921267,0.09523432157360591,6.5806691756435935e-06,1.0912919381869482e-05,0.31878430914133793,0.07325956432929528,0.0244256859726176
540,59,11,20,H,2,-0.3960494101047516,5,0.0527676820935625,0.0754528198009118,7.280296462431384e-06,0.00015725333857666667,0.19107638288289305,0.06385461117857569,0.021339714937871596
540,59,11,20,H,3,-0.371830016374588,5,0.05292382068706281,0.07413294514975487,6.626368588245605e-06,4.246364259949085e-05,0.2067420696467161,0.0710841080036381,0.023711066004941942
540,59,11,20,H,4,-0.4645843207836151,5,0.0906002330418789,0.09719231484028008,3.938118357654072e-05,0.00034212921521263687,0.29722085352987054,0.09350648453568541,0.03129599831149153
550,60,12,24,C,0,-7.487302303314209,5,0.14101522531473276,0.19196672433843978,0.000464384593922621,0.00029586144484428377,0.38499088954801364,0.0698238210904214,0.0235280223763961
550,60,12,24,C,1,-8.586553573608398,5,0.12690869508367594,0.21304211628615347,0.0003451868182983382,0.0002221021922699641,0.4834946671190361,0.07172666471072785,0.024097984573765385
550,60,12,24,C,2,-6.653168678283691,5,0.0893755775961009,0.19334292923156018,7.7170218421734e-05,0.0003378536222297825,0.4267511278080444,0.10017881487585183,0.03353127957216778
550,60,12,24,C,3,-8.760916709899902,5,0.10600486143971934,0.21831770650724058,0.00012062357419235809,0.0003438150429184884,0.46142934529731666,0.05763329346207835,0.019365910693063065
550,60,12,24,C,4,-6.657597064971924,5,0.09069720223094478,0.1944707085752589,0.00013292897620523935,0.00032284559673499707,0.43702985023458796,0.08045136071763508,0.02696904509685844
550,60,12,24,C,5,-8.637860298156738,5,0.13054603373462503,0.22041072025895125,0.00031709158098810466,0.00029834896737696714,0.4707934028469026,0.0481648790252042,0.01626010652452309
550,60,12,24,H,0,-0.20504797995090485,5,0.05192200630903244,0.07987189050923046,4.350336163858558e-06,6.0121430330588545e-06,0.2533889040350914,0.06277029108360306,0.020926884520933327
550,60,12,24,H,1,-0.25395262241363525,5,0.05192713646274624,0.0801169814143935,6.736151439442908e-06,2.618661737191585e-05,0.2376224227870504,0.06866731371504402,0.02290007882795179
550,60,12,24,H,2,-0.1915663629770279,5,0.03485575232541923,0.07922446843650606,3.639032356932557e-06,6.757199078298633e-06,0.18714965715383491,0.06310825860677084,0.021039551612735356
550,60,12,24,H,3,-0.19152235984802246,5,0.03484721883679881,0.07969240408040519,2.7873450526066682e-06,8.353392406290407e-06,0.23753998394434653,0.0655064155814597,0.02183918543963953
550,60,12,24,H,4,-0.253908634185791,5,0.05226978090676394,0.08074996261260448,5.005770742738877e-06,3.6926906349687656e-05,0.24485147399827842,0.06766776497362544,0.022569899216905956
560,61,12,22,C,0,-7.71408224105835,5,0.11579546198700413,0.2638089398160959,2.9085964652482263e-05,0.0003169090062839468,0.49836091314527114,0.07504556574681578,0.025130520239250737
560,61,12,22,C,1,-21.820945739746094,5,0.08620196602561257,0.2879746408798755,0.00013166858739128943,0.00030946951639743516,0.45824030275371946,0.030206079354202442,0.010215739152663722
560,61,12,22,C,2,-9.405034065246582,5,0.06590222884308208,0.18824513213756758,2.756023583080251e-05,0.00030730522299699035,0.29821837828917935,0.03610051256576451,0.012145126008197435
560,61,12,22,C,3,-14.057149887084961,5,0.16093467162414027,0.29013445170261926,0.0001253254728545079,9.872299319593318e-05,0.4844532779333266,0.03701352100129809,0.012412523155782841
560,61,12,22,C,4,-1.653899908065796,5,0.094605191060991,0.12695467597399004,6.27376943592659e-05,0.0001317918688448903,0.3404757707295093,0.06540588220447668,0.021866803922560282
560,61,12,22,H,0,-0.37208327651023865,5,0.017481872204578284,0.059232102227516674,1.5087734040803582e-06,2.5003770601184678e-05,0.21051666276021438,0.04471813945502831,0.014914883999677858
560,61,12,22,H,1,-0.3541015088558197,5,0.01739141429915573,0.09734820866431947,1.6539392010179435e-06,7.117868993603726e-05,0.2173169710419395,0.06008807974937805,0.020053637459505034
560,61,12,22,H,2,-0.10897886753082275,5,0.052017981581615684,0.05704365564462465,5.227125509422852e-06,4.256007760248911e-06,0.26774666918949647,0.07441644256579011,0.024808641899686595
560,61,12,22,H,3,-0.1452067643404007,5,0.05189499320405902,0.05718992320390848,5.168185023183824e-06,6.414072776220526e-06,0.21905568479136986,0.06299046284951156,0.021000681702436987
560,61,12,22,H,4,-0.09958270192146301,5,0.051851613322893786,0.056519514910685714,4.542686166938451e-06,5.355655455112927e-06,0.24309530661187392,0.07737834352501992,0.02579608062221399
570,62,14,26,C,0,-0.6006723046302795,5,0.12551782066974576,0.16893601059340513,6.734571123844893e-05,0.0001414402624498905,0.3578950329468801,0.06033445583321028,0.02018108060229954
570,62,14,26,C,1,-2.3829500675201416,5,0.09723916907202113,0.12597158444233428,2.3829829944239132e-05,0.00010380510590719427,0.3574505377847415,0.09977347274270615,0.033300369226185865
570,62,14,26,C,2,-2.563300609588623,5,0.09007766042594556,0.11278124678020297,1.1186326974523367e-05,4.96949091112716e-05,0.4810185760546189,0.12160610003050246,0.040555660422196084
570,62,14,26,C,3,-2.3603243827819824,5,0.07393333542627918,0.13328733073595242,3.203553347919462e-05,0.00012619467153513055,0.3183819157859454,0.07013712087398352,0.02343178369299928
570,62,14,26,H,0,-0.05070741847157478,5,0.04818363842438367,0.07150836696800512,2.611908667618616e-06,1.04980748227778e-05,0.2484240172001032,0.0618774612753524,0.020630190419614267
570,62,14,26,H,1,-0.030681097880005836,5,0.04852797120107144,0.0716002498777249,2.138791386826222e-06,9.987857225990312e-06,0.16255533380004075,0.05750095338354611,0.01917102667738631
570,62,14,26,H,2,-0.057856567203998566,5,0.04821883975857436,0.07106663700288687,2.551188643342853e-06,1.2023133117691473e-05,0.2358311644826944,0.07102784997411321,0.02368080809862475
570,62,14,26,H,3,-0.06626889854669571,5,0.06729645200751044,0.09505095147551634,3.809388863995768e-06,1.0974712671319094e-05,0.2436431731742162,0.07159166131359312,0.023868815138376145
570,62,14,26,H,4,-0.1481378972530365,5,0.06726397941208849,0.09495673083150996,3.024264231585838e-06,9.871339369759895e-06,0.22321121681195036,0.07633731103641507,0.025450068880005474
570,62,14,26,H,5,-0.1412951648235321,5,0.05745970201913756,0.09530513670582039,2.3813028552781955e-06,1.1497290238963346e-05,0.26970274603137606,0.09223385543086435,0.03074924467465286
570,62,14,26,H,6,-0.1590236872434616,5,0.05781356934646163,0.09509667630952137,3.0399061283139592e-06,1.3320708501766212e-05,0.24991595008625433,0.07812741500623026,0.026047925206953444
570,62,14,26,H,7,-0.08626879006624222,5,0.038557640254898905,0.0715229174743096,1.799526549330041e-06,7.772416766462957e-06,0.1620264521871622,0.05945849955957135,0.019822690500962383
570,62,14,26,H,8,-0.07775163650512695,5,0.03827379135170368,0.07139981439671453,2.1766368707014616e-06,8.298555740191204e-06,0.19480422179286297,0.0664228039820988,0.022144426391569896
571,82,13,24,C,0,-0.010089988820254803,5,0.12874252331076247,0.2056275055767634,3.353797174324972e-05,0.00014181013551727579,0.45317949789265793,0.04415464104209529,0.01477666304978527
571,82,13,24,C,1,-2.108027696609497,5,0.06625011257537,0.19245747069899855,0.00017178201799904105,0.00023002987858125137,0.3105970033444464,0.06995628101466783,0.02345269763708271
571,82,13,24,H,0,0.012653836980462074,5,0.03689347682319162,0.047303864474479956,2.7727458490132755e-06,1.1486296063697357e-05,0.30485712286705774,0.0605145692220157,0.020176276087976137
571,82,13,24,H,1,0.05693499743938446,5,0.037029880259460184,0.04714324258458921,2.392819925831163e-06,1.192702972282467e-05,0.2471718335834642,0.0722125355674702,0.024075618472372953
571,82,13,24,H,2,0.005504594184458256,5,0.03694822888224672,0.047365065625844846,2.728609206311167e-06,1.2523267190506369e-05,0.22580473273992538,0.06989265066959778,0.0233026341819982
571,82,13,24,H,4,-0.05818985030055046,5,0.03690733701893778,0.0474560555166159,3.1842305327655274e-06,1.1139703670011387e-05,0.17680337149649858,0.0502445656582595,0.016752963197487425
571,82,13,24,H,5,-0.05391708016395569,5,0.03723213201090371,0.047539622642290905,2.3312795558039364e-06,1.302091478806871e-05,0.1917968550696969,0.05004571480974045,0.016687022334694775
571,82,13,24,H,6,-0.06305703520774841,5,0.03737894261812235,0.047714401781558995,2.9485758571642583e-06,1.124566620864991e-05,0.16980421332021553,0.06506237951584314,0.021692191252636318
581,83,14,26,C,0,-0.37623172998428345,5,0.14852541892817528,0.196931101483667,6.282284421412123e-05,0.0004284985023515876,0.4967274341445702,0.06399093156269878,0.021494084303088162
581,83,14,26,C,1,-0.36823153495788574,5,0.15097800008074602,0.1992210150656537,3.9081919661291505e-05,0.0002977580689002336,0.5251783614834914,0.05896243296317089,0.01976642431724414
581,83,14,26,C,2,-0.3672311007976532,5,0.14734451901230344,0.19682759180282938,3.079882116131233e-05,0.00027614463167444894,0.5038187894110495,0.07859585992284555,0.026300934458560438
581,83,14,26,H,0,0.021837875247001648,5,0.02895733989047683,0.09526004968290652,1.5146956281280003e-06,2.2232797353366804e-05,0.2744152190307012,0.05762754541996124,0.01921709763764758
581,83,14,26,H,1,-0.032697971910238266,5,0.028987277883672558,0.09493457809982137,1.3681552764995773e-06,1.3444849397155012e-05,0.21510467211214396,0.06882269495829942,0.02294583598765769
581,83,14,26,H,2,-0.031697869300842285,5,0.0288094727378903,0.09512188513564249,1.4504412526220625e-06,1.610740047171524e-05,0.19512270646026497,0.05561372900440754,0.01854376228204396
581,83,14,26,H,3,-0.031697869300842285,5,0.02892058965834704,0.09546015634495987,1.1359943758172267e-06,1.7953821175159568e-05,0.2618107590537805,0.06427315613693786,0.021430748650829612
581,83,14,26,H,4,-0.032697971910238266,5,0.02889234364935846,0.0950884745289118,1.6389009013084025e-06,1.613287392345046e-05,0.24178960349124212,0.06679456939279345,0.02227078038920607
581,83,14,26,H,5,0.02283787541091442,5,0.028811841335160165,0.09521478082125005,1.7376737629470576e-06,1.1528353075676122e-05,0.21498030197735016,0.06473366808317924,0.021582311370005953
581,83,14,26,H,6,-0.03369797393679619,5,0.028990299217026644,0.09546821154335627,1.2932800682714083e-06,1.5322495249109128e-05,0.22191244171789057,0.06457936721728089,0.021531994330866087
581,83,14,26,H,7,-0.032697971910238266,5,0.028922931674353607,0.09597026876404754,2.7717810113400216e-06,1.4774018191353791e-05,0.20851586713240697,0.06873245220948618,0.022916666002896293
581,83,14,26,H,8,0.020793870091438293,5,0.029061142217229916,0.09496153581600923,1.6234552006678674e-06,1.5117462427357067e-05,0.2086276134905907,0.0639329956969824,0.021316578871536807
591,84,15,28,C,0,-0.08352521806955338,5,0.09121993697953946,0.1715431330168349,7.869170856664632e-05,9.252178765256805e-05,0.3355624484430466,0.03311971525380095,0.011096976250006723
591,84,15,28,C,1,-0.9185637831687927,5,0.10919844799872601,0.18686669778365353,3.630368711142591e-05,0.00014701654462860106,0.3882743288097636,0.04127806096336768,0.013820460398369235
591,84,15,28,C,2,-0.7592434883117676,5,0.11371546485658848,0.19101330840434783,2.9971616817951264e-05,0.00017999566467067084,0.4007205245218107,0.04700478967544739,0.01573825231897867
591,84,15,28,H,1,-0.01663626730442047,5,0.03454462935075616,0.03176601487092482,1.6471455035552613e-06,4.447504199721185e-06,0.19092532601207493,0.04482751171365875,0.01494453545445401
591,84,15,28,H,2,-0.025075281038880348,5,0.03468283251379476,0.03178847937757134,1.386071328002745e-06,4.942132914026421e-06,0.20337523730205637,0.05546291185205244,0.018489746685431487
591,84,15,28,H,3,-0.007469826843589544,5,0.03479642365466465,0.03196199382217522,1.37248572081129e-06,4.696284563029171e-06,0.1415846521567021,0.05511955954018085,0.018375209436821565
591,84,15,28,H,4,-0.06121565401554108,5,0.025960783913280022,0.06292536345302549,1.3935013741236596e-06,8.686605980084808e-06,0.16048406298671453,0.055142900143411604,0.01838432675025527
591,84,15,28,H,5,-0.06089085713028908,5,0.025949221862988037,0.06374717586570317,1.2440093697984193e-06,1.0312384503769626e-05,0.17880659103393554,0.05333977398711267,0.017783776793662078
591,84,15,28,H,6,-0.062093108892440796,5,0.025749612843448465,0.0631678610530674,1.3677765633065392e-06,7.535932219952768e-06,0.20339682325720784,0.05948302795479815,0.01983064388786047
591,84,15,28,H,7,-0.03362821787595749,5,0.025905087739229206,0.06346580187479656,1.3853679040214527e-06,8.562197554258844e-06,0.20913957011486803,0.049082943879887465,0.016364297148448583
591,84,15,28,H,8,-0.03030337207019329,5,0.025896839594299146,0.06340876336281115,1.003029258240251e-06,8.823619325884134e-06,0.15453128394271645,0.053315011510056735,0.017774946052880287
591,84,15,28,H,9,-0.00425025774165988,5,0.026106325740163975,0.0633533440848701,1.118401894966471e-06,9.698680252028664e-06,0.1970770189538598,0.05114632611715112,0.017052381066432705
601,85,16,30,C,0,-2.4785163402557373,5,0.10467522822464137,0.13853307561232492,4.089824219488794e-05,0.00017149645819524275,0.3611997780452173,0.09817340711830773,0.03279526727289928
601,85,16,30,C,1,-1.039336919784546,5,0.10164005989542349,0.15767425387524645,2.0071185211381884e-05,0.000149047830084287,0.3686631489296754,0.05826908641696339,0.01947940181075302
601,85,16,30,C,2,-1.1567139625549316,5,0.09590482438398787,0.14521230048476122,3.331066754505018e-05,0.0001286630874550239,0.4012988014270862,0.05573186834812393,0.018631280701041333
601,85,16,30,C,3,-0.23499566316604614,5,0.08756374159299309,0.18717444513279657,4.738896003225768e-05,0.00021822213798138005,0.34204718925058847,0.03840835370261387,0.01289132160020917
601,85,16,30,H,0,-0.056654516607522964,5,0.0235587188856004,0.0713978317590096,9.656971728851205e-07,7.641271424125055e-06,0.15541572717328866,0.05205935424152163,0.017355987070039547
601,85,16,30,H,1,-0.05837373062968254,5,0.02367109387866722,0.07136363858022751,1.1830049915583096e-06,8.454971157639796e-06,0.16655442779262858,0.043604238244005236,0.014537958740051477
601,85,16,30,H,2,-0.03147009387612343,5,0.023553476152177028,0.07108122953810751,8.920907165920159e-07,9.74399106376253e-06,0.1728168836236,0.047308323199472306,0.01577298642708422
601,85,16,30,H,3,-0.04506674408912659,5,0.023637708389397827,0.07134560416333188,9.893111971314587e-07,9.583721809053001e-06,0.16708121170600254,0.051515176889410805,0.017175249974139
601,85,16,30,H,4,-0.07389127463102341,5,0.023563341759453134,0.07122073118121196,1.0935014599710126e-06,1.0556826095908893e-05,0.1551577360679706,0.055622818970867446,0.01854482309947444
601,85,16,30,H,5,-0.012759707868099213,5,0.023711183572767854,0.07103806909842368,1.0769418912798853e-06,8.569125776328484e-06,0.16673188311358295,0.05351912083313723,0.01784292230026828
601,85,16,30,H,6,-0.141023188829422,5,0.03966154544396177,0.09485290381961908,1.638152923063779e-06,1.0710142940201768e-05,0.21383741247157256,0.05541814369251245,0.018476830662791908
601,85,16,30,H,7,-0.0901457667350769,5,0.03914509854861856,0.09551533981202508,1.5238072056963662e-06,1.193105028831267e-05,0.25445603258907795,0.057305984688090804,0.01910647984852827
601,85,16,30,H,8,-0.004935253411531448,5,0.039348955025521846,0.04768842346966268,1.6881185906587365e-06,4.209822929656645e-06,0.1518072451154391,0.04566551443128544,0.015223804124268587
601,85,16,30,H,9,-0.037373729050159454,5,0.03943374369591064,0.04757444437306661,1.6933164926517402e-06,6.155233444895703e-06,0.18080810546874998,0.05537600181121192,0.018461283453716486
601,85,16,30,H,10,-0.01834755763411522,5,0.03951256696760819,0.04732656019429365,1.0639364504550076e-06,4.217996501026588e-06,0.18081672149399916,0.05197913943345482,0.01732814045546877
611,86,9,18,C,0,-10.57038688659668,5,0.1685265349167766,0.22241599213045377,0.00039365982662719257,0.0007835131720508024,0.44405646638737784,0.09593224139565724,0.032369804798111745
611,86,9,18,C,1,-8.774187088012695,5,0.20445434541413277,0.25581740276553694,0.0004286424991697495,0.0017065386851764818,0.57342203590605,0.06554498679943169,0.02256005599459264
611,86,9,18,C,2,-8.773186683654785,5,0.20048473680561238,0.2470775639495024,0.0006553789241614146,0.0007365468085734298,0.5954783340191675,0.08624608810798906,0.0292126712802413
611,86,9,18,C,3,-10.566387176513672,5,0.16629833057522772,0.22088803515220298,0.0008018293862963478,0.0009468690471337898,0.4987989589571953,0.08806029751997717,0.0299363319844691
611,86,9,18,H,0,-0.19559159874916077,5,0.04338502278833678,0.09530789806292608,5.369511152633126e-06,1.1655636938675238e-05,0.23540041537748443,0.074230825662299,0.024749283603463432
611,86,9,18,H,1,-0.36851513385772705,5,0.06516475781346812,0.10332593082999572,1.1643382755167303e-05,1.515885690528739e-05,0.29800839022629794,0.08472544168385468,0.028250747974505042
611,86,9,18,H,2,-0.36851513385772705,5,0.06582674965488189,0.10186805134782424,9.7534867690079e-06,0.00027361772238594846,0.25805909323195614,0.07779817692478846,0.026027182711314475
611,86,9,18,H,3,-0.19459159672260284,5,0.043131963705474674,0.09523338066079677,5.6702712594110886e-06,1.0200138787032211e-05,0.31306680349840055,0.06850618655171964,0.022840685653922027
621,87,11,22,C,0,-4.065162658691406,5,0.10452233220290656,0.14369335263712793,8.348192830755325e-05,0.000152801851267284,0.457541577721184,0.14269468294740018,0.047643655575658334
621,87,11,22,C,1,-1.6483420133590698,5,0.13136566965417426,0.1737179600020759,0.00015518731192313746,0.0003648801736494625,0.523812627995556,0.12296686219899966,0.04116230989485742
621,87,11,22,C,2,-3.949789524078369,5,0.09886245167616642,0.12575437350150864,0.0001267453584632664,0.0003497955599207592,0.4009260196577419,0.12931184297973594,0.04326279463270666
621,87,11,22,H,0,-0.00392476050183177,5,0.08624054380137511,0.0950698784401274,7.506475589389839e-06,1.943952421292919e-05,0.3021573310209946,0.09388525766376844,0.031304067887856925
621,87,11,22,H,1,-0.06460889428853989,5,0.08636651884275254,0.09503718715192926,5.677084256987597e-06,1.1653666822022457e-05,0.27133961655199523,0.10112127897815153,0.033712869909743516
621,87,11,22,H,2,-0.06662619113922119,5,0.05773083070161367,0.09484750054076188,4.535034316990223e-06,1.4180644144623786e-05,0.24012088856913827,0.08574913003620557,0.02858928190488906
621,87,11,22,H,3,-0.08588121831417084,5,0.05743149462522883,0.09411833152557032,4.978440739908275e-06,1.6790712924277786e-05,0.27394355759024624,0.07449267493513043,0.024838148029598203
621,87,11,22,H,4,-0.10061817616224289,5,0.057812125672294636,0.09526032741762634,5.254421856672225e-06,1.5621661272685852e-05,0.25668562904677605,0.07390235523152001,0.024641077104883124
621,87,11,22,H,5,-0.15654033422470093,5,0.057963668803373974,0.09497851211036375,5.281520408483006e-06,1.800759688214986e-05,0.23258436640555208,0.07653975138375264,0.02552101350034776
631,88,12,22,C,0,-0.35611748695373535,5,0.15014418820201447,0.18821999901889735,5.6642692426567165e-05,0.00021670054692312783,0.426763600517403,0.06416866489809611,0.0214806693791486
631,88,12,22,C,1,-1.2437807321548462,5,0.14159993925555187,0.2335100154846143,0.0007585773475634695,0.002764836398181339,0.5398913379419933,0.08897638470820436,0.030833266151316388
631,88,12,22,C,2,-3.1748270988464355,5,0.0886465797200799,0.10815906457157215,2.6024295278382166e-05,0.00018885189603289138,0.36718474416570235,0.12226740957634913,0.04082742858922014
631,88,12,22,H,0,0.0017052999464794993,5,0.054435535785600994,0.09538899895727125,3.835760820163167e-06,1.663494705205033e-05,0.23822149241512472,0.07372745838146105,0.024582643029777754
631,88,12,22,H,1,-0.051049478352069855,5,0.05430281828298713,0.09473848241007225,3.0046412374552188e-06,1.2702403664536965e-05,0.22288106832314625,0.084694543194492,0.028236750079797996
631,88,12,22,H,2,-0.004584239795804024,5,0.05443793890828436,0.09487020266361726,3.6828081336407583e-06,1.9869252682033282e-05,0.2771350859918378,0.07629135054142298,0.025438300867412885
631,88,12,22,H,3,-0.08859267830848694,5,0.07560357095278575,0.09553545556771449,5.239745323737184e-06,1.6714933539198323e-05,0.2640427260913632,0.09778555987293001,0.032602504850597645
631,88,12,22,H,4,-0.03610100969672203,5,0.07527122968299822,0.09516133699152203,3.984152628128147e-06,1.5224889325369003e-05,0.26471975587985735,0.09226993137788261,0.03076304680661204
631,88,12,22,H,5,-0.17983891069889069,5,0.05419717285443436,0.09529024135862658,3.6728276093434116e-06,1.2524250370505199e-05,0.2810009817508134,0.0704801226428573,0.02349877324027905
631,88,12,22,H,6,-0.09926728159189224,5,0.05429929655158159,0.09452204930986094,2.802021598724295e-06,1.4880857502149306e-05,0.2568953212011944,0.07608590364602083,0.02536786217504057
641,89,12,22,C,0,-0.6585195064544678,5,0.1543118604317759,0.18667021310991716,7.322485960293838e-05,0.00019969992927601604,0.3856645260344852,0.06415548422485369,0.021476136337910883
641,89,12,22,C,1,-4.582784175872803,5,0.09426447425714947,0.14745786530085095,1.5559904474241358e-05,0.00014962083700983587,0.4682883491231637,0.13960319085765002,0.046589457199711366
641,89,12,22,C,2,-1.1788182258605957,5,0.14267356819049878,0.16852571245951534,6.661056800413697e-05,0.00019911011641940071,0.4484257033602759,0.07899280945425326,0.0264195100462256
641,89,12,22,H,0,0.003012357745319605,5,0.04328191528153239,0.09581817946372888,2.4648222460463e-06,1.6125586603708034e-05,0.29361390529031106,0.07578886075928021,0.025269150389376657
641,89,12,22,H,1,-0.0987340658903122,5,0.04313524809073318,0.09558277587350618,2.4047531811393934e-06,1.6642622877893653e-05,0.2469717946919528,0.03563125215443117,0.011883433176830068
641,89,12,22,H,2,-0.08754105120897293,5,0.043074326809834355,0.09498003187597306,2.612401059146677e-06,1.2660122195164817e-05,0.2542085382748734,0.08808697991769772,0.029367417480317345
641,89,12,22,H,3,-0.27846091985702515,5,0.08798974782905794,0.09506132670192637,7.1056683977270855e-06,1.6688714736099766e-05,0.32115347771482033,0.10841789849905091,0.03614723096072824
641,89,12,22,H,4,-0.035943612456321716,5,0.04346769816721931,0.09492101586527295,2.854354095663521e-06,1.3863339785847958e-05,0.23114462193440308,0.06215788533335438,0.020724867675745298
641,89,12,22,H,5,-0.054794806987047195,5,0.04338248678567735,0.09527159519175178,2.6165464129265393e-06,1.3001984439065711e-05,0.22232622585513376,0.0789409458784993,0.0263188548031171
641,89,12,22,H,6,-0.005083596333861351,5,0.04309294528017441,0.09508128254077373,2.515037622381734e-06,1.627189003486763e-05,0.2066844312643463,0.06547729813429516,0.021832028353984137
651,90,12,22,C,0,-1.9674350023269653,5,0.08631989503706688,0.1478014735584585,5.3799667673030874e-05,0.0001038560754849967,0.36774472282691434,0.06248035474676192,0.020879336829973314
651,90,12,22,C,1,-2.238614559173584,5,0.1111569462335987,0.17004822073583925,5.295095856470881e-05,0.00030811052931073706,0.480632261423902,0.1186305624287383,0.03966387463887125
651,90,12,22,C,2,-3.8502185344696045,5,0.050847249468425657,0.10677883739654835,1.0082330149702893e-05,0.00014337539568632217,0.33797273578291587,0.10365175809330003,0.03460173860637868
651,90,12,22,H,0,-0.042531080543994904,5,0.0369969489706027,0.063185349960103,2.6273706882208626e-06,1.055752492914863e-05,0.21713411225513976,0.06616370066861814,0.02205896185474517
651,90,12,22,H,1,-0.0557594932615757,5,0.03711647672570628,0.06325406500926385,2.649377519126138e-06,8.180351437259505e-06,0.17732320519333536,0.0652251196121449,0.02174531644703376
651,90,12,22,H,2,-0.041714537888765335,5,0.037109351319410074,0.06325636027205703,1.8741489098101227e-06,1.0807628998343116e-05,0.20990975986827506,0.06645376785515146,0.022155483211019872
651,90,12,22,H,3,-0.09828542917966843,5,0.049144686003784084,0.09517134471326812,2.777479805138303e-06,1.5137980028502779e-05,0.2720315261659296,0.07129640654636965,0.02377144066873443
651,90,12,22,H,4,-0.01999492011964321,5,0.04924051813878022,0.0950196997477458,2.309973390839396e-06,1.7133281731647265e-05,0.25642786212265495,0.08495108093589548,0.028323508063672658
651,90,12,22,H,5,-0.05457375571131706,5,0.04923487470779585,0.06360116668491281,3.6962767578285587e-06,1.0744846774181702e-05,0.28600966222584245,0.0738186669882973,0.024611036037276435
651,90,12,22,H,6,-0.1007235050201416,5,0.04948962493376297,0.06300298621257146,2.9852999449519103e-06,1.1299215977510351e-05,0.24574531245638023,0.073737527567877,0.02458393736126649
661,91,13,26,C,0,-7.24313497543335,5,0.10274408164650504,0.19111096223450114,0.00011840540743689008,0.00028751962535848485,0.39431420988761456,0.07279767090969523,0.02440119864749687
661,91,13,26,C,1,-8.200384140014648,5,0.1083432837869182,0.20816612271671625,0.0002826688758520512,0.0003597936190680798,0.41816239944444256,0.052268621624636,0.01763702803985204
661,91,13,26,C,2,-7.147254943847656,5,0.11361934108415035,0.1815016246567934,7.115522615461357e-05,0.00011941444840338363,0.36980791146365494,0.043703040300578436,0.014631203325045477
661,91,13,26,C,3,-8.205798149108887,5,0.1050112698039021,0.20041949266297182,0.0002369318739963751,0.00034698479256210915,0.38293206259035145,0.07427738295152228,0.024953766539360253
661,91,13,26,C,4,-7.484918117523193,5,0.10906387096402623,0.20656993918948702,8.484225379253241e-05,0.00017245373092777058,0.4277515854973059,0.06857199675338425,0.022943097579368188
661,91,13,26,C,5,-9.38199234008789,5,0.1363187601620501,0.21436265143446434,0.00028640661525185414,0.0006843286696839744,0.48565503754294836,0.08250765627905225,0.02782613052132936
661,91,13,26,H,0,-0.11911804229021072,5,0.028919201050743915,0.07914611895242307,2.251387964497271e-06,5.700717701222279e-06,0.20647064261138437,0.06507595208482621,0.021694634730163975
661,91,13,26,H,1,-0.1911974847316742,5,0.04329607808830763,0.07910078707286435,2.7757189980827014e-06,7.420345171291821e-06,0.15937563934578344,0.060615565459674794,0.020208587174614722
661,91,13,26,H,2,-0.13553033769130707,5,0.04345460765891606,0.07919706681217903,2.887983537583086e-06,5.759886599516294e-06,0.17206455171108248,0.05997632843353281,0.019994992101223304
661,91,13,26,H,3,-0.20381151139736176,5,0.04317447469391004,0.07919023001932689,3.1636505005133412e-06,6.401320479309362e-06,0.16641725376248362,0.06323663024177445,0.02108206507091809
661,91,13,26,H,4,-0.18588173389434814,5,0.028854982870997803,0.07940444226066272,2.7649962410135902e-06,6.531384334067727e-06,0.18608808781091984,0.06279483100008276,0.020934709126885945
671,92,14,28,C,0,-2.4804482460021973,5,0.0756460275726788,0.15113736862937613,1.9658851160132753e-05,0.0001269631004170862,0.34903148479227514,0.10218900773018284,0.03411187656058669
671,92,14,28,C,1,-2.0469255447387695,5,0.08228338094936176,0.15573035000035396,3.416692462048827e-05,0.00021764600585572598,0.379115317149886,0.09044898152622308,0.030233598152233098
671,92,14,28,C,2,-2.044881820678711,5,0.08186475494029846,0.1620389769665706,3.78721412763492e-05,0.0001256663581452437,0.3301240454560945,0.07412142759622288,0.024761655365214824
671,92,14,28,C,3,-2.5094480514526367,5,0.07311976165934042,0.14346453321094696,1.8395701082603788e-05,0.00017870544411598252,0.39286391431731843,0.08520211910155855,0.02846640674891904
671,92,14,28,H,0,-0.0937066376209259,5,0.043079959618097,0.07124617908818599,2.5357838879503456e-06,9.052820546018645e-06,0.2088848653914673,0.06195931817535022,0.02065696892659473
671,92,14,28,H,1,-0.12615437805652618,5,0.043243738574286296,0.0714936073200825,2.518234381236135e-06,7.686774944148413e-06,0.20222860255411693,0.07046628018493449,0.02349216173141996
671,92,14,28,H,2,-0.0937066376209259,5,0.04325192556575392,0.07155904527275989,3.608738447330867e-06,9.294126645389692e-06,0.1960986643763525,0.07061605693899971,0.02354298660136414
671,92,14,28,H,3,-0.1271982640028,5,0.043262639997357674,0.07136257614653846,2.810276205247107e-06,7.459945386402427e-06,0.24579513823347435,0.06600429212922305,0.022004854116938238
671,92,14,28,H,4,-0.03950480371713638,5,0.043226149345211906,0.07132110644418459,2.3447724959248497e-06,6.985991254090426e-06,0.23933329297495742,0.06622342275846582,0.02207758450740528
671,92,14,28,H,5,-0.08933819830417633,5,0.043194940223386796,0.07138754053948781,2.929137371245057e-06,7.669098154498283e-06,0.21995537799916093,0.06020144915268246,0.020070682462736068
671,92,14,28,H,6,-0.09088212251663208,5,0.04327577874064445,0.07112876231280657,2.2705128457138243e-06,1.0518277442981519e-05,0.189424218476883,0.06192921574641087,0.020647334845566523
671,92,14,28,H,7,-0.04050480201840401,5,0.043438561954958876,0.0713369578982775,2.5530577558269095e-06,7.802653198960278e-06,0.20200140127646074,0.06018089101277838,0.020063748907911055
681,93,15,30,C,0,-5.240227222442627,5,0.12208090893648288,0.14535904642290032,3.416072734380025e-05,9.517155882370453e-05,0.3064198219031095,0.09246260999841863,0.03086398076152871
681,93,15,30,C,1,-2.7840986251831055,5,0.09388594425186161,0.12370304379325649,7.173492815017877e-05,0.00042691720271326557,0.40209953809777893,0.1356417094619718,0.04538012053094508
681,93,15,30,C,2,-3.243563175201416,5,0.05886141888119957,0.1075626344443896,5.5591293454698076e-06,9.84800480065871e-05,0.2786789167920748,0.11137188247652063,0.0371586405512909
681,93,15,30,C,3,-1.6472264528274536,5,0.10221367675045927,0.13657258688830412,7.2433548472664e-05,8.815457990130605e-05,0.3295691606402397,0.08069067788997379,0.02695042200611592
681,93,15,30,H,0,-0.029250698164105415,5,0.038415917543449786,0.09565276071811334,2.1762746789070042e-06,1.0661516263499529e-05,0.20238543321688968,0.07365556064220516,0.02455613281104919
681,93,15,30,H,1,-0.11045248061418533,5,0.03838329978462822,0.09471141775258075,2.6224648147810105e-06,1.3161595755189692e-05,0.16720781033237772,0.06385092440246792,0.02128890282101263
681,93,15,30,H,2,-0.16006632149219513,5,0.03832609618854041,0.07101479402910442,1.8505065896682632e-06,8.676781373056689e-06,0.18221046753227707,0.058289797287205396,0.01943344152505604
681,93,15,30,H,3,-0.09367170184850693,5,0.03836103745482185,0.07117600102837268,1.963381094902039e-06,8.880680253975612e-06,0.2176158748070399,0.062198251413750155,0.020736365158366344
681,93,15,30,H,4,-0.1239691823720932,5,0.019199013484246803,0.09498083476836866,1.1356651525109212e-06,1.0687074096982545e-05,0.21551041493813194,0.04595605849195562,0.015322627077068373
681,93,15,30,H,5,-0.12439107894897461,5,0.019297485449900127,0.09500519844392936,1.1265701126875916e-06,9.777479674524247e-06,0.1175354920824369,0.04775695335537087,0.015922619135052694
681,93,15,30,H,6,-0.02909271791577339,5,0.028960564968361194,0.07141096832660529,1.6038439480364084e-06,8.267941787931594e-06,0.1554338545848926,0.05029103125059451,0.016766967678776827
681,93,15,30,H,7,-0.01250502374023199,5,0.028991842887016256,0.07163908021190227,2.00686953466736e-06,9.633304217393958e-06,0.18429669857025147,0.05583709900168544,0.0186162463918125
681,93,15,30,H,8,-0.10453114658594131,5,0.02891470813490325,0.0713334750670653,1.3155779067377567e-06,9.991861233186115e-06,0.15526082806289196,0.049948529363855805,0.016653278934331908
691,94,5,8,C,0,-14.859903335571289,5,0.23303801331556204,0.34727594707256715,0.0020791755018067016,0.0022065508314201595,0.5675400401465595,0.012391796351654483,0.005559174228293782
691,94,5,8,H,0,-0.26033154129981995,5,0.08674641594742283,0.09470915549840682,4.854353020387623e-05,5.80467734118542e-05,0.5037763770669699,0.10533965473992277,0.03514874834784617
692,99,10,18,C,0,-0.21122358739376068,5,0.19853552117492212,0.1999666841748433,0.00047290051610370643,0.0007301865232059743,0.5670123094485865,0.07976695947463908,0.02699001550464959
692,99,10,18,C,1,-2.92391037940979,5,0.08645399224577527,0.10714336324196598,9.680315466316214e-06,0.00023474963440887916,0.4540823012176487,0.12718681815460164,0.04247708270149228
692,99,10,18,C,2,-13.146695137023926,5,0.13970380313468705,0.282605346909955,0.0005325887068254457,0.0006065904603770435,0.48764949142932895,0.05038139647062887,0.017173525212610456
692,99,10,18,H,0,-0.02646115981042385,5,0.08687803832870541,0.09509553598542499,8.956657205382256e-06,1.5261108453249546e-05,0.33076447939707176,0.10171298074282431,0.03391239950282764
692,99,10,18,H,1,-0.027461189776659012,5,0.08652804872303296,0.09546790223600517,7.880506900845079e-06,1.4411429964774854e-05,0.2919709034264087,0.09820894545797322,0.032743745798279614
692,99,10,18,H,2,0.04227575287222862,5,0.08747811664234507,0.0953853451161303,1.0158128863776371e-05,1.6186172855263517e-05,0.2719423188724452,0.0911997439740963,0.030408696091938445
692,99,10,18,H,3,-0.1532231569290161,5,0.08692419311313919,0.09570892142434405,9.815161048192274e-06,1.0647534608713698e-05,0.2897286511750685,0.11154101697865453,0.037187159891437144
692,99,10,18,H,4,-0.15263541042804718,5,0.08651365969217184,0.09517816977623182,8.926247530603383e-06,1.9210464268222537e-05,0.3369425528165367,0.11050136603975821,0.036843167583852345
702,100,11,20,C,0,-0.35320693254470825,5,0.1930478591449333,0.20135499877043264,0.00023248648472791846,0.001217730879393795,0.43387987444177273,0.06445346224925871,0.021967893204460142
702,100,11,20,C,1,-2.5098164081573486,5,0.08614811092615127,0.12231406267636863,7.122448901696722e-06,0.00035095798083648505,0.5552747541666031,0.1585584951838322,0.05297219187119012
702,100,11,20,C,2,-6.9585771560668945,5,0.15707800294413712,0.2569358639323559,7.229043579862097e-05,0.0005720804966201627,0.5173575103376061,0.0675672331026703,0.022737201345029694
702,100,11,20,C,3,-7.788299083709717,5,0.08606665885809696,0.19786959103284743,1.3601378910241256e-05,0.00033378409149003647,0.33702233362942935,0.09061766657533746,0.030321684015245914
702,100,11,20,H,0,-0.055776793509721756,5,0.05187934656937917,0.09462259590434724,5.606417507097086e-06,1.2900557620440789e-05,0.2760617749020457,0.07652061520719901,0.02551304072744218
702,100,11,20,H,1,-0.12190913408994675,5,0.05188789755105972,0.0951064254515446,3.497424322925444e-06,1.0906887863393673e-05,0.22358425222337247,0.0763662752309124,0.025460226514366236
702,100,11,20,H,2,-0.09325166046619415,5,0.05216457201675935,0.09531812225587857,4.904637348858126e-06,1.237354480240246e-05,0.20679962061345575,0.07348165677997179,0.02449964498737435
702,100,11,20,H,3,-0.3476186692714691,5,0.034878802380778576,0.09963659360431708,3.923502724210143e-06,0.00015356645171340228,0.2760881808400154,0.08159549850072388,0.027250996151720497
702,100,11,20,H,4,-0.3440757095813751,5,0.034444943901264305,0.09942631801733604,4.3088208504250405e-06,0.00015177286966810784,0.21564101338386538,0.06989786879851602,0.023351316829678184
