graph_idx,node_type,node_idx,method,sparsity_target,mask_baseline_mode,ig_baseline_mode,pred_orig,pred_drop,pred_keep,target,error_orig,error_drop,error_keep,fid_plus_model,fid_minus_model,fid_plus_error_delta,fid_minus_error_delta,n_features,k_features,actual_sparsity_feat,n_features_target,k_features_target
50,H,0,gnnexplainer,0.7,zero,scientific,-0.18866461515426636,-0.05228264257311821,-0.2526773512363434,-0.18572446703910828,0.002940148115158081,0.13344182446599007,0.06695288419723511,0.13638197258114815,0.06401273608207703,0.13050167635083199,0.06401273608207703,498,152,0.6947791164658634,33,10
50,H,0,integrated_gradients,0.7,zero,scientific,-0.18866461515426636,-0.10145750641822815,-0.1841416209936142,-0.18572446703910828,0.002940148115158081,0.08426696062088013,0.0015828460454940796,0.08720710873603821,0.004522994160652161,0.08132681250572205,-0.0013573020696640015,498,152,0.6947791164658634,33,10
50,H,1,gnnexplainer,0.7,zero,scientific,-0.19408667087554932,-0.03597588837146759,-0.2220369577407837,-0.1745053380727768,0.019581332802772522,0.1385294497013092,0.0475316196680069,0.15811078250408173,0.027950286865234375,0.11894811689853668,0.027950286865234375,498,152,0.6947791164658634,33,10
50,H,1,integrated_gradients,0.7,zero,scientific,-0.19408667087554932,-0.10998415946960449,-0.17997854948043823,-0.1745053380727768,0.019581332802772522,0.0645211786031723,0.005473211407661438,0.08410251140594482,0.014108121395111084,0.04493984580039978,-0.014108121395111084,498,152,0.6947791164658634,33,10
50,H,2,gnnexplainer,0.7,zero,scientific,-0.13721123337745667,-0.05491172522306442,-0.20237571001052856,-0.1240059956908226,0.013205237686634064,0.06909427046775818,0.07836971431970596,0.08229950815439224,0.0651644766330719,0.055889032781124115,0.0651644766330719,498,152,0.6947791164658634,33,10
50,H,2,integrated_gradients,0.7,zero,scientific,-0.13721123337745667,-0.10995311290025711,-0.14716017246246338,-0.1240059956908226,0.013205237686634064,0.01405288279056549,0.023154176771640778,0.027258120477199554,0.009948939085006714,0.000847645103931427,0.009948939085006714,498,152,0.6947791164658634,33,10
50,H,3,gnnexplainer,0.7,zero,scientific,-0.06269896030426025,-0.2555534839630127,0.007994450628757477,-0.029461706057190895,0.03323725424706936,0.2260917779058218,0.03745615668594837,0.19285452365875244,0.07069341093301773,0.19285452365875244,0.004218902438879013,498,152,0.6947791164658634,33,10
50,H,3,integrated_gradients,0.7,zero,scientific,-0.06269896030426025,-0.08871138095855713,-0.08359888195991516,-0.029461706057190895,0.03323725424706936,0.059249674901366234,0.054137175902724266,0.026012420654296875,0.020899921655654907,0.026012420654296875,0.020899921655654907,498,152,0.6947791164658634,33,10
50,H,4,gnnexplainer,0.7,zero,scientific,-0.05592544749379158,-0.035933203995227814,-0.23299574851989746,-0.08866342157125473,0.03273797407746315,0.052730217576026917,0.14433232694864273,0.019992243498563766,0.17707030102610588,0.019992243498563766,0.11159435287117958,498,152,0.6947791164658634,33,10
50,H,4,integrated_gradients,0.7,zero,scientific,-0.05592544749379158,-0.08151578158140182,-0.07538965344429016,-0.08866342157125473,0.03273797407746315,0.007147639989852905,0.013273768126964569,0.025590334087610245,0.01946420595049858,-0.025590334087610245,-0.01946420595049858,498,152,0.6947791164658634,33,10
50,H,5,gnnexplainer,0.7,zero,scientific,-0.08462868630886078,-0.27315425872802734,-0.021691299974918365,-0.06410186737775803,0.020526818931102753,0.20905239135026932,0.04241056740283966,0.18852557241916656,0.06293738633394241,0.18852557241916656,0.021883748471736908,498,152,0.6947791164658634,33,10
50,H,5,integrated_gradients,0.7,zero,scientific,-0.08462868630886078,-0.0922074094414711,-0.10134921967983246,-0.06410186737775803,0.020526818931102753,0.028105542063713074,0.03724735230207443,0.007578723132610321,0.01672053337097168,0.007578723132610321,0.01672053337097168,498,152,0.6947791164658634,33,10
50,H,6,gnnexplainer,0.7,zero,scientific,-0.33054494857788086,-0.11873100697994232,-0.47663381695747375,-0.3011716902256012,0.029373258352279663,0.18244068324565887,0.17546212673187256,0.21181394159793854,0.1460888683795929,0.1530674248933792,0.1460888683795929,498,152,0.6947791164658634,33,10
50,H,6,integrated_gradients,0.7,zero,scientific,-0.33054494857788086,-0.11890469491481781,-0.2913689911365509,-0.3011716902256012,0.029373258352279663,0.1822669953107834,0.009802699089050293,0.21164025366306305,0.039175957441329956,0.15289373695850372,-0.01957055926322937,498,152,0.6947791164658634,33,10
50,H,7,gnnexplainer,0.7,zero,scientific,-0.3257949948310852,-0.08277222514152527,-0.5807527303695679,-0.362988144159317,0.03719314932823181,0.28021591901779175,0.21776458621025085,0.24302276968955994,0.25495773553848267,0.24302276968955994,0.18057143688201904,498,152,0.6947791164658634,33,10
50,H,7,integrated_gradients,0.7,zero,scientific,-0.3257949948310852,-0.09717302024364471,-0.31947779655456543,-0.362988144159317,0.03719314932823181,0.2658151239156723,0.04351034760475159,0.2286219745874405,0.006317198276519775,0.2286219745874405,0.006317198276519775,498,152,0.6947791164658634,33,10
50,C,0,gnnexplainer,0.7,zero,scientific,-3.4731967449188232,-1.4837590456008911,-6.918492794036865,-3.638505220413208,0.16530847549438477,2.154746174812317,3.2799875736236572,1.9894376993179321,3.445296049118042,1.9894376993179321,3.1146790981292725,498,152,0.6947791164658634,39,12
50,C,0,integrated_gradients,0.7,zero,scientific,-3.4731967449188232,-5.418745517730713,-2.881772041320801,-3.638505220413208,0.16530847549438477,1.7802402973175049,0.7567331790924072,1.9455487728118896,0.5914247035980225,1.6149318218231201,0.5914247035980225,498,152,0.6947791164658634,39,12
50,C,1,gnnexplainer,0.7,zero,scientific,-2.626781463623047,-6.96042013168335,-2.1146397590637207,-2.7032065391540527,0.07642507553100586,4.257213592529297,0.588566780090332,4.333638668060303,0.5121417045593262,4.180788516998291,0.5121417045593262,498,152,0.6947791164658634,39,12
50,C,1,integrated_gradients,0.7,zero,scientific,-2.626781463623047,-5.405344486236572,-2.289069175720215,-2.7032065391540527,0.07642507553100586,2.7021379470825195,0.4141373634338379,2.7785630226135254,0.33771228790283203,2.6257128715515137,0.33771228790283203,498,152,0.6947791164658634,39,12
50,C,2,gnnexplainer,0.7,zero,scientific,-2.6187326908111572,-1.614778995513916,-6.126590251922607,-3.0836172103881836,0.46488451957702637,1.4688382148742676,3.042973041534424,1.0039536952972412,3.50785756111145,1.0039536952972412,2.5780885219573975,498,152,0.6947791164658634,39,12
50,C,2,integrated_gradients,0.7,zero,scientific,-2.6187326908111572,-4.897062301635742,-2.0428388118743896,-3.0836172103881836,0.46488451957702637,1.8134450912475586,1.040778398513794,2.278329610824585,0.5758938789367676,1.3485605716705322,0.5758938789367676,498,152,0.6947791164658634,39,12
50,C,3,gnnexplainer,0.7,zero,scientific,-12.352452278137207,-3.997875928878784,-13.619096755981445,-11.829119682312012,0.5233325958251953,7.8312437534332275,1.7899770736694336,8.354576349258423,1.2666444778442383,7.307911157608032,1.2666444778442383,498,152,0.6947791164658634,39,12
50,C,3,integrated_gradients,0.7,zero,scientific,-12.352452278137207,-5.258354663848877,-10.895115852355957,-11.829119682312012,0.5233325958251953,6.570765018463135,0.9340038299560547,7.09409761428833,1.45733642578125,6.0474324226379395,0.4106712341308594,498,152,0.6947791164658634,39,12
50,C,4,gnnexplainer,0.7,zero,scientific,-12.56570053100586,-5.296144962310791,-15.432232856750488,-12.671215057373047,0.1055145263671875,7.375070095062256,2.7610177993774414,7.269555568695068,2.866532325744629,7.269555568695068,2.655503273010254,498,152,0.6947791164658634,39,12
50,C,4,integrated_gradients,0.7,zero,scientific,-12.56570053100586,-4.995513916015625,-12.753804206848145,-12.671215057373047,0.1055145263671875,7.675701141357422,0.08258914947509766,7.570186614990234,0.18810367584228516,7.570186614990234,-0.022925376892089844,498,152,0.6947791164658634,39,12
50,C,5,gnnexplainer,0.7,zero,scientific,-1.2540905475616455,-5.745292663574219,-0.3329053521156311,-1.9315294027328491,0.6774388551712036,3.8137632608413696,1.598624050617218,4.491202116012573,0.9211851954460144,3.136324405670166,0.9211851954460144,498,152,0.6947791164658634,39,12
50,C,5,integrated_gradients,0.7,zero,scientific,-1.2540905475616455,-4.9703168869018555,-1.0999302864074707,-1.9315294027328491,0.6774388551712036,3.0387874841690063,0.8315991163253784,3.71622633934021,0.1541602611541748,2.3613486289978027,0.1541602611541748,498,152,0.6947791164658634,39,12
170,H,0,gnnexplainer,0.7,zero,scientific,-0.08065252006053925,-0.15579983592033386,-0.025208167731761932,-0.026961499825119972,0.05369102023541927,0.1288383360952139,0.0017533320933580399,0.07514731585979462,0.05544435232877731,0.07514731585979462,-0.051937688142061234,662,202,0.6948640483383686,33,10
170,H,0,integrated_gradients,0.7,zero,scientific,-0.08065252006053925,-0.0544009730219841,-0.08422122150659561,-0.026961499825119972,0.05369102023541927,0.027439473196864128,0.05725972168147564,0.026251547038555145,0.003568701446056366,-0.026251547038555145,0.003568701446056366,662,202,0.6948640483383686,33,10
170,H,1,gnnexplainer,0.7,zero,scientific,-0.08064423501491547,-0.11319407820701599,-0.042656660079956055,-0.027961499989032745,0.05268273502588272,0.08523257821798325,0.01469516009092331,0.032549843192100525,0.03798757493495941,0.032549843192100525,-0.03798757493495941,662,202,0.6948640483383686,33,10
170,H,1,integrated_gradients,0.7,zero,scientific,-0.08064423501491547,-0.05440060794353485,-0.08421796560287476,-0.027961499989032745,0.05268273502588272,0.026439107954502106,0.05625646561384201,0.026243627071380615,0.0035737305879592896,-0.026243627071380615,0.0035737305879592896,662,202,0.6948640483383686,33,10
170,H,2,gnnexplainer,0.7,zero,scientific,-0.08063553273677826,-0.1357932984828949,-0.03314744308590889,-0.027961499989032745,0.052674032747745514,0.10783179849386215,0.005185943096876144,0.05515776574611664,0.04748808965086937,0.05515776574611664,-0.04748808965086937,662,202,0.6948640483383686,33,10
170,H,2,integrated_gradients,0.7,zero,scientific,-0.08063553273677826,-0.054394859820604324,-0.08421525359153748,-0.027961499989032745,0.052674032747745514,0.02643335983157158,0.05625375360250473,0.026240672916173935,0.0035797208547592163,-0.026240672916173935,0.0035797208547592163,662,202,0.6948640483383686,33,10
170,H,3,gnnexplainer,0.7,zero,scientific,-0.08062697947025299,-0.11941535770893097,-0.027007445693016052,-0.026961499825119972,0.05366547964513302,0.092453857883811,4.594586789608002e-05,0.03878837823867798,0.05361953377723694,0.03878837823867798,-0.05361953377723694,662,202,0.6948640483383686,33,10
170,H,3,integrated_gradients,0.7,zero,scientific,-0.08062697947025299,-0.05439472943544388,-0.0842125341296196,-0.026961499825119972,0.05366547964513302,0.027433229610323906,0.057251034304499626,0.026232250034809113,0.0035855546593666077,-0.026232250034809113,0.0035855546593666077,662,202,0.6948640483383686,33,10
170,H,4,gnnexplainer,0.7,zero,scientific,-0.07791470736265182,-0.14908966422080994,-0.012907978147268295,-0.027961499989032745,0.04995320737361908,0.12112816423177719,0.01505352184176445,0.07117495685815811,0.06500672921538353,0.07117495685815811,-0.03489968553185463,662,202,0.6948640483383686,33,10
170,H,4,integrated_gradients,0.7,zero,scientific,-0.07791470736265182,-0.04914325103163719,-0.09273327142000198,-0.027961499989032745,0.04995320737361908,0.021181751042604446,0.06477177143096924,0.028771456331014633,0.014818564057350159,-0.028771456331014633,0.014818564057350159,662,202,0.6948640483383686,33,10
170,H,5,gnnexplainer,0.7,zero,scientific,-0.07790467888116837,-0.11278826743364334,-0.042340487241744995,-0.026961499825119972,0.05094317905604839,0.08582676760852337,0.015378987416625023,0.034883588552474976,0.03556419163942337,0.034883588552474976,-0.03556419163942337,662,202,0.6948640483383686,33,10
170,H,5,integrated_gradients,0.7,zero,scientific,-0.07790467888116837,-0.049142707139253616,-0.09272640943527222,-0.026961499825119972,0.05094317905604839,0.022181207314133644,0.06576490961015224,0.02876197174191475,0.014821730554103851,-0.02876197174191475,0.014821730554103851,662,202,0.6948640483383686,33,10
170,H,6,gnnexplainer,0.7,zero,scientific,-0.07790350168943405,-0.132021963596344,-0.027585208415985107,-0.026961499825119972,0.05094200186431408,0.10506046377122402,0.0006237085908651352,0.05411846190690994,0.050318293273448944,0.05411846190690994,-0.050318293273448944,662,202,0.6948640483383686,33,10
170,H,6,integrated_gradients,0.7,zero,scientific,-0.07790350168943405,-0.04914524406194687,-0.09272308647632599,-0.026961499825119972,0.05094200186431408,0.022183744236826897,0.06576158665120602,0.028758257627487183,0.014819584786891937,-0.028758257627487183,0.014819584786891937,662,202,0.6948640483383686,33,10
170,H,7,gnnexplainer,0.7,zero,scientific,-0.07790827751159668,-0.13408836722373962,-0.03206378594040871,-0.02896150015294552,0.04894677735865116,0.1051268670707941,0.003102285787463188,0.056180089712142944,0.04584449157118797,0.056180089712142944,-0.04584449157118797,662,202,0.6948640483383686,33,10
170,H,7,integrated_gradients,0.7,zero,scientific,-0.07790827751159668,-0.04914581775665283,-0.09273357689380646,-0.02896150015294552,0.04894677735865116,0.020184317603707314,0.06377207674086094,0.028762459754943848,0.014825299382209778,-0.028762459754943848,0.014825299382209778,662,202,0.6948640483383686,33,10
170,H,8,gnnexplainer,0.7,zero,scientific,-0.07964935898780823,-0.12624338269233704,-0.014059264212846756,-0.02691764011979103,0.0527317188680172,0.099325742572546,0.012858375906944275,0.04659402370452881,0.06559009477496147,0.04659402370452881,-0.03987334296107292,662,202,0.6948640483383686,33,10
170,H,8,integrated_gradients,0.7,zero,scientific,-0.07964935898780823,-0.053481876850128174,-0.08078950643539429,-0.02691764011979103,0.0527317188680172,0.026564236730337143,0.053871866315603256,0.026167482137680054,0.0011401474475860596,-0.026167482137680054,0.0011401474475860596,662,202,0.6948640483383686,33,10
170,H,9,gnnexplainer,0.7,zero,scientific,-0.0796414166688919,-0.16017751395702362,-0.032027967274188995,-0.025917639955878258,0.05372377671301365,0.13425987400114536,0.006110327318310738,0.08053609728813171,0.04761344939470291,0.08053609728813171,-0.04761344939470291,662,202,0.6948640483383686,33,10
170,H,9,integrated_gradients,0.7,zero,scientific,-0.0796414166688919,-0.05348179489374161,-0.08078235387802124,-0.025917639955878258,0.05372377671301365,0.02756415493786335,0.05486471392214298,0.0261596217751503,0.0011409372091293335,-0.0261596217751503,0.0011409372091293335,662,202,0.6948640483383686,33,10
170,H,10,gnnexplainer,0.7,zero,scientific,-0.07964157313108444,-0.14109915494918823,-0.03163265809416771,-0.025917639955878258,0.053723933175206184,0.11518151499330997,0.005715018138289452,0.06145758181810379,0.04800891503691673,0.06145758181810379,-0.04800891503691673,662,202,0.6948640483383686,33,10
170,H,10,integrated_gradients,0.7,zero,scientific,-0.07964157313108444,-0.05346856266260147,-0.08078380674123764,-0.025917639955878258,0.053723933175206184,0.027550922706723213,0.05486616678535938,0.02617301046848297,0.0011422336101531982,-0.02617301046848297,0.0011422336101531982,662,202,0.6948640483383686,33,10
170,H,11,gnnexplainer,0.7,zero,scientific,-0.07965811342000961,-0.14859578013420105,-0.03212403506040573,-0.02896150015294552,0.050696613267064095,0.11963427998125553,0.0031625349074602127,0.06893766671419144,0.04753407835960388,0.06893766671419144,-0.04753407835960388,662,202,0.6948640483383686,33,10
170,H,11,integrated_gradients,0.7,zero,scientific,-0.07965811342000961,-0.05346961319446564,-0.08079540729522705,-0.02896150015294552,0.050696613267064095,0.02450811304152012,0.05183390714228153,0.026188500225543976,0.0011372938752174377,-0.026188500225543976,0.0011372938752174377,662,202,0.6948640483383686,33,10
170,C,0,gnnexplainer,0.7,zero,scientific,-2.0284276008605957,-4.0783915519714355,-1.4944933652877808,-2.175614595413208,0.1471869945526123,1.9027769565582275,0.6811212301254272,2.04996395111084,0.5339342355728149,1.7555899620056152,0.5339342355728149,662,202,0.6948640483383686,39,12
170,C,0,integrated_gradients,0.7,zero,scientific,-2.0284276008605957,-4.049511909484863,-1.414588451385498,-2.175614595413208,0.1471869945526123,1.8738973140716553,0.76102614402771,2.0210843086242676,0.6138391494750977,1.726710319519043,0.6138391494750977,662,202,0.6948640483383686,39,12
170,C,1,gnnexplainer,0.7,zero,scientific,-2.0285582542419434,-4.979454040527344,-1.2244452238082886,-2.1761586666107178,0.14760041236877441,2.803295373916626,0.9517134428024292,2.9508957862854004,0.8041130304336548,2.6556949615478516,0.8041130304336548,662,202,0.6948640483383686,39,12
170,C,1,integrated_gradients,0.7,zero,scientific,-2.0285582542419434,-4.0495991706848145,-1.414742112159729,-2.1761586666107178,0.14760041236877441,1.8734405040740967,0.7614165544509888,2.021040916442871,0.6138161420822144,1.7258400917053223,0.6138161420822144,662,202,0.6948640483383686,39,12
170,C,2,gnnexplainer,0.7,zero,scientific,-2.1927924156188965,-4.105841159820557,-1.332903504371643,-2.1926145553588867,0.00017786026000976562,1.91322660446167,0.8597110509872437,1.9130487442016602,0.8598889112472534,1.9130487442016602,0.8595331907272339,662,202,0.6948640483383686,39,12
170,C,2,integrated_gradients,0.7,zero,scientific,-2.1927924156188965,-3.8715121746063232,-1.4089025259017944,-2.1926145553588867,0.00017786026000976562,1.6788976192474365,0.7837120294570923,1.6787197589874268,0.783889889717102,1.6787197589874268,0.7835341691970825,662,202,0.6948640483383686,39,12
170,C,3,gnnexplainer,0.7,zero,scientific,-2.1926939487457275,-4.310360431671143,-0.7755306363105774,-2.179614543914795,0.013079404830932617,2.1307458877563477,1.4040839076042175,2.117666482925415,1.4171633124351501,2.117666482925415,1.391004502773285,662,202,0.6948640483383686,39,12
170,C,3,integrated_gradients,0.7,zero,scientific,-2.1926939487457275,-3.7840700149536133,-1.3605060577392578,-2.179614543914795,0.013079404830932617,1.6044554710388184,0.8191084861755371,1.5913760662078857,0.8321878910064697,1.5913760662078857,0.8060290813446045,662,202,0.6948640483383686,39,12
170,C,4,gnnexplainer,0.7,zero,scientific,-2.0527212619781494,-4.028012752532959,-1.350337028503418,-2.1881580352783203,0.1354367733001709,1.8398547172546387,0.8378210067749023,1.9752914905548096,0.7023842334747314,1.7044179439544678,0.7023842334747314,662,202,0.6948640483383686,39,12
170,C,4,integrated_gradients,0.7,zero,scientific,-2.0527212619781494,-4.05713415145874,-1.4158272743225098,-2.1881580352783203,0.1354367733001709,1.86897611618042,0.7723307609558105,2.004412889480591,0.6368939876556396,1.733539342880249,0.6368939876556396,662,202,0.6948640483383686,39,12
170,C,5,gnnexplainer,0.7,zero,scientific,-2.0526702404022217,-4.939474105834961,-1.0783451795578003,-2.174614429473877,0.12194418907165527,2.764859676361084,1.0962692499160767,2.8868038654327393,0.9743250608444214,2.6429154872894287,0.9743250608444214,662,202,0.6948640483383686,39,12
170,C,5,integrated_gradients,0.7,zero,scientific,-2.0526702404022217,-4.056509971618652,-1.4159318208694458,-2.174614429473877,0.12194418907165527,1.8818955421447754,0.7586826086044312,2.0038397312164307,0.6367384195327759,1.7599513530731201,0.6367384195327759,662,202,0.6948640483383686,39,12
270,H,0,gnnexplainer,0.7,zero,scientific,-0.06326740980148315,-0.3820788562297821,-0.03346509486436844,-0.04426804184913635,0.018999367952346802,0.33781081438064575,0.010802946984767914,0.31881144642829895,0.029802314937114716,0.31881144642829895,-0.008196420967578888,370,113,0.6945945945945946,33,10
270,H,0,integrated_gradients,0.7,zero,scientific,-0.06326740980148315,-0.10774427652359009,-0.08453236520290375,-0.04426804184913635,0.018999367952346802,0.06347623467445374,0.040264323353767395,0.044476866722106934,0.021264955401420593,0.044476866722106934,0.021264955401420593,370,113,0.6945945945945946,33,10
270,H,1,gnnexplainer,0.7,zero,scientific,-0.06325238198041916,-0.3197009563446045,-0.0475340336561203,-0.04426804184913635,0.018984340131282806,0.27543291449546814,0.0032659918069839478,0.25644857436418533,0.01571834832429886,0.25644857436418533,-0.01571834832429886,370,113,0.6945945945945946,33,10
270,H,1,integrated_gradients,0.7,zero,scientific,-0.06325238198041916,-0.1077379360795021,-0.08452349901199341,-0.04426804184913635,0.018984340131282806,0.06346989423036575,0.040255457162857056,0.04448555409908295,0.02127111703157425,0.04448555409908295,0.02127111703157425,370,113,0.6945945945945946,33,10
270,H,2,gnnexplainer,0.7,zero,scientific,-0.11182482540607452,-0.02436177432537079,-0.24892708659172058,-0.1254609227180481,0.013636097311973572,0.10109914839267731,0.12346616387367249,0.08746305108070374,0.13710226118564606,0.08746305108070374,0.10983006656169891,370,113,0.6945945945945946,33,10
270,H,2,integrated_gradients,0.7,zero,scientific,-0.11182482540607452,-0.0767814889550209,-0.1229742169380188,-0.1254609227180481,0.013636097311973572,0.04867943376302719,0.002486705780029297,0.03504333645105362,0.011149391531944275,0.03504333645105362,-0.011149391531944275,370,113,0.6945945945945946,33,10
270,H,3,gnnexplainer,0.7,zero,scientific,-0.11181138455867767,-0.02671751379966736,-0.28967151045799255,-0.12491703033447266,0.013105645775794983,0.0981995165348053,0.1647544801235199,0.08509387075901031,0.17786012589931488,0.08509387075901031,0.15164883434772491,370,113,0.6945945945945946,33,10
270,H,3,integrated_gradients,0.7,zero,scientific,-0.11181138455867767,-0.07679767906665802,-0.1229541152715683,-0.12491703033447266,0.013105645775794983,0.048119351267814636,0.001962915062904358,0.03501370549201965,0.011142730712890625,0.03501370549201965,-0.011142730712890625,370,113,0.6945945945945946,33,10
270,H,4,gnnexplainer,0.7,zero,scientific,-0.11182227730751038,-0.028050832450389862,-0.27995744347572327,-0.12646092474460602,0.014638647437095642,0.09841009229421616,0.15349651873111725,0.08377144485712051,0.1681351661682129,0.08377144485712051,0.1388578712940216,370,113,0.6945945945945946,33,10
270,H,4,integrated_gradients,0.7,zero,scientific,-0.11182227730751038,-0.07932055741548538,-0.12415996938943863,-0.12646092474460602,0.014638647437095642,0.047140367329120636,0.002300955355167389,0.032501719892024994,0.012337692081928253,0.032501719892024994,-0.012337692081928253,370,113,0.6945945945945946,33,10
270,H,5,gnnexplainer,0.7,zero,scientific,-0.11181676387786865,-0.0453077033162117,-0.27146679162979126,-0.12591703236103058,0.014100268483161926,0.08060932904481888,0.14554975926876068,0.06650906056165695,0.1596500277519226,0.06650906056165695,0.13144949078559875,370,113,0.6945945945945946,33,10
270,H,5,integrated_gradients,0.7,zero,scientific,-0.11181676387786865,-0.07933342456817627,-0.12414568662643433,-0.12591703236103058,0.014100268483161926,0.04658360779285431,0.0017713457345962524,0.03248333930969238,0.012328922748565674,0.03248333930969238,-0.012328922748565674,370,113,0.6945945945945946,33,10
270,C,0,gnnexplainer,0.7,zero,scientific,-0.8327508568763733,-8.172073364257812,0.32638776302337646,-0.4850490391254425,0.3477018177509308,7.68702432513237,0.811436802148819,7.339322507381439,1.1591386198997498,7.339322507381439,0.4637349843978882,370,113,0.6945945945945946,39,12
270,C,0,integrated_gradients,0.7,zero,scientific,-0.8327508568763733,-4.263576030731201,-0.8552859425544739,-0.4850490391254425,0.3477018177509308,3.7785269916057587,0.37023690342903137,3.430825173854828,0.022535085678100586,3.430825173854828,0.022535085678100586,370,113,0.6945945945945946,39,12
270,C,1,gnnexplainer,0.7,zero,scientific,-3.084488868713379,-5.490771293640137,-1.679049015045166,-2.464503288269043,0.6199855804443359,3.0262680053710938,0.785454273223877,2.406282424926758,1.405439853668213,2.406282424926758,0.16546869277954102,370,113,0.6945945945945946,39,12
270,C,1,integrated_gradients,0.7,zero,scientific,-3.084488868713379,-4.491347312927246,-2.6179325580596924,-2.464503288269043,0.6199855804443359,2.026844024658203,0.15342926979064941,1.4068584442138672,0.4665563106536865,1.4068584442138672,-0.4665563106536865,370,113,0.6945945945945946,39,12
270,C,2,gnnexplainer,0.7,zero,scientific,-14.785540580749512,-3.681757926940918,-22.01203155517578,-16.523923873901367,1.7383832931518555,12.84216594696045,5.488107681274414,11.103782653808594,7.2264909744262695,11.103782653808594,3.7497243881225586,370,113,0.6945945945945946,39,12
270,C,2,integrated_gradients,0.7,zero,scientific,-14.785540580749512,-5.7419633865356445,-14.887093544006348,-16.523923873901367,1.7383832931518555,10.781960487365723,1.6368303298950195,9.043577194213867,0.10155296325683594,9.043577194213867,-0.10155296325683594,370,113,0.6945945945945946,39,12
270,C,3,gnnexplainer,0.7,zero,scientific,-3.084531784057617,-5.585478782653809,-1.6831389665603638,-2.4825034141540527,0.6020283699035645,3.102975368499756,0.799364447593689,2.5009469985961914,1.4013928174972534,2.5009469985961914,0.1973360776901245,370,113,0.6945945945945946,39,12
270,C,3,integrated_gradients,0.7,zero,scientific,-3.084531784057617,-4.472503662109375,-2.606595039367676,-2.4825034141540527,0.6020283699035645,1.9900002479553223,0.12409162521362305,1.3879718780517578,0.4779367446899414,1.3879718780517578,-0.4779367446899414,370,113,0.6945945945945946,39,12
330,H,0,gnnexplainer,0.7,zero,scientific,-0.05332114174962044,-0.16751280426979065,-0.010743260383605957,-0.03665326535701752,0.01666787639260292,0.13085953891277313,0.02591000497341156,0.11419166252017021,0.04257788136601448,0.11419166252017021,0.00924212858080864,380,116,0.6947368421052631,33,10
330,H,0,integrated_gradients,0.7,zero,scientific,-0.05332114174962044,-0.06749603897333145,-0.07523868978023529,-0.03665326535701752,0.01666787639260292,0.030842773616313934,0.03858542442321777,0.014174897223711014,0.021917548030614853,0.014174897223711014,0.021917548030614853,380,116,0.6947368421052631,33,10
330,H,1,gnnexplainer,0.7,zero,scientific,-0.04627763852477074,-0.119862861931324,-0.023041248321533203,-0.05347871407866478,0.007201075553894043,0.06638414785265923,0.030437465757131577,0.07358522340655327,0.023236390203237534,0.05918307229876518,0.023236390203237534,380,116,0.6947368421052631,33,10
330,H,1,integrated_gradients,0.7,zero,scientific,-0.04627763852477074,-0.059310976415872574,-0.0804358422756195,-0.05347871407866478,0.007201075553894043,0.005832262337207794,0.026957128196954727,0.013033337891101837,0.03415820375084877,-0.0013688132166862488,0.019756052643060684,380,116,0.6947368421052631,33,10
330,H,2,gnnexplainer,0.7,zero,scientific,-0.04633069783449173,-0.1460244059562683,-0.021972663700580597,-0.052478715777397156,0.006148017942905426,0.09354569017887115,0.03050605207681656,0.09969370812177658,0.024358034133911133,0.08739767223596573,0.024358034133911133,380,116,0.6947368421052631,33,10
330,H,2,integrated_gradients,0.7,zero,scientific,-0.04633069783449173,-0.05893651023507118,-0.07661315053701401,-0.052478715777397156,0.006148017942905426,0.0064577944576740265,0.024134434759616852,0.012605812400579453,0.030282452702522278,0.00030977651476860046,0.017986416816711426,380,116,0.6947368421052631,33,10
330,H,3,gnnexplainer,0.7,zero,scientific,-0.018737804144620895,-0.1516084372997284,-0.0214986614882946,-0.028382685035467148,0.009644880890846252,0.12322575226426125,0.006884023547172546,0.1328706331551075,0.002760857343673706,0.113580871373415,-0.002760857343673706,380,116,0.6947368421052631,33,10
330,H,3,integrated_gradients,0.7,zero,scientific,-0.018737804144620895,-0.04558204486966133,-0.05513494461774826,-0.028382685035467148,0.009644880890846252,0.017199359834194183,0.026752259582281113,0.026844240725040436,0.036397140473127365,0.007554478943347931,0.01710737869143486,380,116,0.6947368421052631,33,10
330,H,4,gnnexplainer,0.7,zero,scientific,-0.01875194162130356,-0.11891937255859375,-0.015669412910938263,-0.02938268519937992,0.010630743578076363,0.08953668735921383,0.013713272288441658,0.10016743093729019,0.0030825287103652954,0.07890594378113747,0.0030825287103652954,380,116,0.6947368421052631,33,10
330,H,4,integrated_gradients,0.7,zero,scientific,-0.01875194162130356,-0.04905897378921509,-0.0569603331387043,-0.02938268519937992,0.010630743578076363,0.019676288589835167,0.02757764793932438,0.03030703216791153,0.03820839151740074,0.009045545011758804,0.016946904361248016,380,116,0.6947368421052631,33,10
330,H,5,gnnexplainer,0.7,zero,scientific,-0.08483874797821045,-0.15090569853782654,-0.02735748514533043,-0.05086393281817436,0.03397481516003609,0.10004176571965218,0.023506447672843933,0.06606695055961609,0.05748126283288002,0.06606695055961609,-0.010468367487192154,380,116,0.6947368421052631,33,10
330,H,5,integrated_gradients,0.7,zero,scientific,-0.08483874797821045,-0.04781622439622879,-0.10299573838710785,-0.05086393281817436,0.03397481516003609,0.003047708421945572,0.05213180556893349,0.03702252358198166,0.0181569904088974,-0.030927106738090515,0.0181569904088974,380,116,0.6947368421052631,33,10
330,H,6,gnnexplainer,0.7,zero,scientific,-0.14934495091438293,-0.04836608096957207,-0.3212472200393677,-0.19063477218151093,0.04128982126712799,0.14226869121193886,0.13061244785785675,0.10097886994481087,0.17190226912498474,0.10097886994481087,0.08932262659072876,380,116,0.6947368421052631,33,10
330,H,6,integrated_gradients,0.7,zero,scientific,-0.14934495091438293,-0.09747862070798874,-0.2491130530834198,-0.19063477218151093,0.04128982126712799,0.09315615147352219,0.058478280901908875,0.051866330206394196,0.09976810216903687,0.051866330206394196,0.017188459634780884,380,116,0.6947368421052631,33,10
330,C,0,gnnexplainer,0.7,zero,scientific,-1.6009703874588013,-5.309126377105713,-0.25741130113601685,-1.5042518377304077,0.09671854972839355,3.804874539375305,1.2468405365943909,3.7081559896469116,1.3435590863227844,3.7081559896469116,1.1501219868659973,380,116,0.6947368421052631,39,12
330,C,0,integrated_gradients,0.7,zero,scientific,-1.6009703874588013,-3.7927634716033936,-1.1450783014297485,-1.5042518377304077,0.09671854972839355,2.288511633872986,0.3591735363006592,2.1917930841445923,0.45589208602905273,2.1917930841445923,0.2624549865722656,380,116,0.6947368421052631,39,12
330,C,1,gnnexplainer,0.7,zero,scientific,-1.3574010133743286,-5.707310199737549,-0.1278766393661499,-1.1874029636383057,0.16999804973602295,4.519907236099243,1.0595263242721558,4.34990918636322,1.2295243740081787,4.34990918636322,0.8895282745361328,380,116,0.6947368421052631,39,12
330,C,1,integrated_gradients,0.7,zero,scientific,-1.3574010133743286,-4.157944679260254,-0.9610532522201538,-1.1874029636383057,0.16999804973602295,2.9705417156219482,0.22634971141815186,2.8005436658859253,0.3963477611541748,2.8005436658859253,0.056351661682128906,380,116,0.6947368421052631,39,12
330,C,2,gnnexplainer,0.7,zero,scientific,-6.480936527252197,-3.1928212642669678,-12.395058631896973,-7.547578811645508,1.0666422843933105,4.35475754737854,4.847479820251465,3.2881152629852295,5.914122104644775,3.2881152629852295,3.7808375358581543,380,116,0.6947368421052631,39,12
330,C,2,integrated_gradients,0.7,zero,scientific,-6.480936527252197,-3.87050461769104,-9.044011116027832,-7.547578811645508,1.0666422843933105,3.6770741939544678,1.4964323043823242,2.6104319095611572,2.5630745887756348,2.6104319095611572,0.42979001998901367,380,116,0.6947368421052631,39,12
360,H,0,gnnexplainer,0.7,zero,scientific,-0.33236026763916016,-0.10305306315422058,-0.5245264172554016,-0.3191285729408264,0.01323169469833374,0.21607550978660583,0.2053978443145752,0.22930720448493958,0.19216614961624146,0.2028438150882721,0.19216614961624146,436,133,0.694954128440367,33,10
360,H,0,integrated_gradients,0.7,zero,scientific,-0.33236026763916016,-0.11718834936618805,-0.3235792815685272,-0.3191285729408264,0.01323169469833374,0.20194022357463837,0.004450708627700806,0.2151719182729721,0.008780986070632935,0.18870852887630463,-0.008780986070632935,436,133,0.694954128440367,33,10
360,H,1,gnnexplainer,0.7,zero,scientific,-0.342712938785553,-0.09405821561813354,-0.43475139141082764,-0.26153138279914856,0.08118155598640442,0.16747316718101501,0.17322000861167908,0.24865472316741943,0.09203845262527466,0.0862916111946106,0.09203845262527466,436,133,0.694954128440367,33,10
360,H,1,integrated_gradients,0.7,zero,scientific,-0.342712938785553,-0.12511926889419556,-0.2978733777999878,-0.26153138279914856,0.08118155598640442,0.136412113904953,0.03634199500083923,0.21759366989135742,0.044839560985565186,0.055230557918548584,-0.044839560985565186,436,133,0.694954128440367,33,10
360,H,2,gnnexplainer,0.7,zero,scientific,-0.14684848487377167,-0.020908698439598083,-0.2571026086807251,-0.1154087483882904,0.03143973648548126,0.09450004994869232,0.1416938602924347,0.12593978643417358,0.11025412380695343,0.06306031346321106,0.11025412380695343,436,133,0.694954128440367,33,10
360,H,2,integrated_gradients,0.7,zero,scientific,-0.14684848487377167,-0.09321106970310211,-0.1331414133310318,-0.1154087483882904,0.03143973648548126,0.022197678685188293,0.017732664942741394,0.053637415170669556,0.013707071542739868,-0.009242057800292969,-0.013707071542739868,436,133,0.694954128440367,33,10
360,H,3,gnnexplainer,0.7,zero,scientific,-0.14511096477508545,-0.034964509308338165,-0.29197344183921814,-0.14733904600143433,0.002228081226348877,0.11237453669309616,0.1446343958377838,0.11014645546674728,0.1468624770641327,0.11014645546674728,0.14240631461143494,436,133,0.694954128440367,33,10
360,H,3,integrated_gradients,0.7,zero,scientific,-0.14511096477508545,-0.07971666008234024,-0.1653100848197937,-0.14733904600143433,0.002228081226348877,0.06762238591909409,0.017971038818359375,0.06539430469274521,0.020199120044708252,0.06539430469274521,0.015742957592010498,436,133,0.694954128440367,33,10
360,H,4,gnnexplainer,0.7,zero,scientific,-0.13666847348213196,-0.04055634140968323,-0.2799112796783447,-0.11875949054956436,0.017908982932567596,0.07820314913988113,0.16115178912878036,0.09611213207244873,0.14324280619621277,0.06029416620731354,0.14324280619621277,436,133,0.694954128440367,33,10
360,H,4,integrated_gradients,0.7,zero,scientific,-0.13666847348213196,-0.1069202721118927,-0.14615938067436218,-0.11875949054956436,0.017908982932567596,0.011839218437671661,0.02739989012479782,0.029748201370239258,0.009490907192230225,-0.006069764494895935,0.009490907192230225,436,133,0.694954128440367,33,10
360,H,5,gnnexplainer,0.7,zero,scientific,-0.1832352876663208,-0.06589189916849136,-0.2882991135120392,-0.16926804184913635,0.013967245817184448,0.10337614268064499,0.11903107166290283,0.11734338849782944,0.10506382584571838,0.08940889686346054,0.10506382584571838,436,133,0.694954128440367,33,10
360,H,5,integrated_gradients,0.7,zero,scientific,-0.1832352876663208,-0.095310740172863,-0.1854914128780365,-0.16926804184913635,0.013967245817184448,0.07395730167627335,0.016223371028900146,0.0879245474934578,0.0022561252117156982,0.0599900558590889,0.0022561252117156982,436,133,0.694954128440367,33,10
360,H,6,gnnexplainer,0.7,zero,scientific,-0.17076992988586426,-0.05958480015397072,-0.325702428817749,-0.20832136273384094,0.037551432847976685,0.14873656257987022,0.11738106608390808,0.11118512973189354,0.15493249893188477,0.11118512973189354,0.0798296332359314,436,133,0.694954128440367,33,10
360,H,6,integrated_gradients,0.7,zero,scientific,-0.17076992988586426,-0.0981796532869339,-0.18565869331359863,-0.20832136273384094,0.037551432847976685,0.11014170944690704,0.02266266942024231,0.07259027659893036,0.014888763427734375,0.07259027659893036,-0.014888763427734375,436,133,0.694954128440367,33,10
360,C,0,gnnexplainer,0.7,zero,scientific,-3.523756980895996,-1.3942077159881592,-7.1555399894714355,-4.043220043182373,0.519463062286377,2.649012327194214,3.1123199462890625,2.129549264907837,3.6317830085754395,2.129549264907837,2.5928568840026855,436,133,0.694954128440367,39,12
360,C,0,integrated_gradients,0.7,zero,scientific,-3.523756980895996,-3.391268730163574,-4.316103935241699,-4.043220043182373,0.519463062286377,0.6519513130187988,0.27288389205932617,0.13248825073242188,0.7923469543457031,0.13248825073242188,-0.24657917022705078,436,133,0.694954128440367,39,12
360,C,1,gnnexplainer,0.7,zero,scientific,-14.09076976776123,-4.470192909240723,-17.3798828125,-14.111479759216309,0.020709991455078125,9.641286849975586,3.2684030532836914,9.620576858520508,3.2891130447387695,9.620576858520508,3.2476930618286133,436,133,0.694954128440367,39,12
360,C,1,integrated_gradients,0.7,zero,scientific,-14.09076976776123,-5.53064489364624,-14.016884803771973,-14.111479759216309,0.020709991455078125,8.580834865570068,0.09459495544433594,8.56012487411499,0.07388496398925781,8.56012487411499,0.07388496398925781,436,133,0.694954128440367,39,12
360,C,2,gnnexplainer,0.7,zero,scientific,-11.013855934143066,-3.849546194076538,-16.057830810546875,-9.470762252807617,1.5430936813354492,5.621216058731079,6.587068557739258,7.164309740066528,5.043974876403809,4.07812237739563,5.043974876403809,436,133,0.694954128440367,39,12
360,C,2,integrated_gradients,0.7,zero,scientific,-11.013855934143066,-4.394041538238525,-10.946788787841797,-9.470762252807617,1.5430936813354492,5.076720714569092,1.4760265350341797,6.619814395904541,0.06706714630126953,3.5336270332336426,-0.06706714630126953,436,133,0.694954128440367,39,12
360,C,3,gnnexplainer,0.7,zero,scientific,-1.671934723854065,-6.328075885772705,-0.2762678265571594,-1.504056692123413,0.16787803173065186,4.824019193649292,1.2277888655662537,4.65614116191864,1.3956668972969055,4.65614116191864,1.0599108338356018,436,133,0.694954128440367,39,12
360,C,3,integrated_gradients,0.7,zero,scientific,-1.671934723854065,-4.183084964752197,-1.5269793272018433,-1.504056692123413,0.16787803173065186,2.679028272628784,0.022922635078430176,2.5111502408981323,0.14495539665222168,2.5111502408981323,-0.14495539665222168,436,133,0.694954128440367,39,12
380,H,0,gnnexplainer,0.7,zero,scientific,-0.13993945717811584,-0.004044614732265472,-0.28624945878982544,-0.11915438622236252,0.020785070955753326,0.11510977149009705,0.16709507256746292,0.13589484244585037,0.1463100016117096,0.09432470053434372,0.1463100016117096,436,133,0.694954128440367,33,10
380,H,0,integrated_gradients,0.7,zero,scientific,-0.13993945717811584,-0.06799803674221039,-0.19399425387382507,-0.11915438622236252,0.020785070955753326,0.05115634948015213,0.07483986765146255,0.07194142043590546,0.05405479669570923,0.030371278524398804,0.05405479669570923,436,133,0.694954128440367,33,10
380,H,1,gnnexplainer,0.7,zero,scientific,-0.13264447450637817,-0.02769140526652336,-0.27624422311782837,-0.1529437154531479,0.020299240946769714,0.12525231018662453,0.12330050766468048,0.10495306923985481,0.1435997486114502,0.10495306923985481,0.10300126671791077,436,133,0.694954128440367,33,10
380,H,1,integrated_gradients,0.7,zero,scientific,-0.13264447450637817,-0.053209222853183746,-0.1568881869316101,-0.1529437154531479,0.020299240946769714,0.09973449259996414,0.003944471478462219,0.07943525165319443,0.024243712425231934,0.07943525165319443,-0.016354769468307495,436,133,0.694954128440367,33,10
380,H,2,gnnexplainer,0.7,zero,scientific,-0.13482002913951874,-0.007214266806840897,-0.2543262541294098,-0.11749634146690369,0.01732368767261505,0.11028207466006279,0.1368299126625061,0.12760576233267784,0.11950622498989105,0.09295838698744774,0.11950622498989105,436,133,0.694954128440367,33,10
380,H,2,integrated_gradients,0.7,zero,scientific,-0.13482002913951874,-0.0687858909368515,-0.2157992422580719,-0.11749634146690369,0.01732368767261505,0.048710450530052185,0.09830290079116821,0.06603413820266724,0.08097921311855316,0.031386762857437134,0.08097921311855316,436,133,0.694954128440367,33,10
380,H,3,gnnexplainer,0.7,zero,scientific,-0.1763220578432083,-0.03623560816049576,-0.27740564942359924,-0.2253120243549347,0.04898996651172638,0.18907641619443893,0.05209362506866455,0.14008644968271255,0.10108359158039093,0.14008644968271255,0.0031036585569381714,436,133,0.694954128440367,33,10
380,H,3,integrated_gradients,0.7,zero,scientific,-0.1763220578432083,-0.08260156959295273,-0.19526836276054382,-0.2253120243549347,0.04898996651172638,0.14271045476198196,0.03004366159439087,0.09372048825025558,0.01894630491733551,0.09372048825025558,-0.01894630491733551,436,133,0.694954128440367,33,10
380,H,4,gnnexplainer,0.7,zero,scientific,-0.17767122387886047,-0.03846096992492676,-0.3116327226161957,-0.19009250402450562,0.012421280145645142,0.15163153409957886,0.12154021859169006,0.13921025395393372,0.1339614987373352,0.13921025395393372,0.10911893844604492,436,133,0.694954128440367,33,10
380,H,4,integrated_gradients,0.7,zero,scientific,-0.17767122387886047,-0.08240184187889099,-0.20721858739852905,-0.19009250402450562,0.012421280145645142,0.10769066214561462,0.017126083374023438,0.09526938199996948,0.02954736351966858,0.09526938199996948,0.004704803228378296,436,133,0.694954128440367,33,10
380,H,5,gnnexplainer,0.7,zero,scientific,-0.019281115382909775,-0.15408794581890106,0.025899551808834076,0.054915860295295715,0.07419697567820549,0.20900380611419678,0.02901630848646164,0.1348068304359913,0.04518066719174385,0.1348068304359913,-0.04518066719174385,436,133,0.694954128440367,33,10
380,H,5,integrated_gradients,0.7,zero,scientific,-0.019281115382909775,-0.08012837171554565,-0.03614101558923721,0.054915860295295715,0.07419697567820549,0.13504423201084137,0.09105687588453293,0.06084725633263588,0.01685990020632744,0.06084725633263588,0.01685990020632744,436,133,0.694954128440367,33,10
380,H,6,gnnexplainer,0.7,zero,scientific,-0.02779546007514,-0.17520323395729065,0.012763746082782745,-0.026584316045045853,0.0012111440300941467,0.1486189179122448,0.0393480621278286,0.14740777388215065,0.040559206157922745,0.14740777388215065,0.03813691809773445,436,133,0.694954128440367,33,10
380,H,6,integrated_gradients,0.7,zero,scientific,-0.02779546007514,-0.07246500998735428,-0.0477500781416893,-0.026584316045045853,0.0012111440300941467,0.045880693942308426,0.021165762096643448,0.04466954991221428,0.0199546180665493,0.04466954991221428,0.0199546180665493,436,133,0.694954128440367,33,10
380,H,7,gnnexplainer,0.7,zero,scientific,-0.025298241525888443,-0.20478180050849915,0.03748030215501785,-0.0037771498318761587,0.021521091694012284,0.201004650676623,0.04125745198689401,0.1794835589826107,0.0627785436809063,0.1794835589826107,0.019736360292881727,436,133,0.694954128440367,33,10
380,H,7,integrated_gradients,0.7,zero,scientific,-0.025298241525888443,-0.07075127959251404,-0.04019872471690178,-0.0037771498318761587,0.021521091694012284,0.06697412976063788,0.03642157488502562,0.045453038066625595,0.014900483191013336,0.045453038066625595,0.014900483191013336,436,133,0.694954128440367,33,10
380,C,0,gnnexplainer,0.7,zero,scientific,-0.011481314897537231,-5.964481830596924,0.49123698472976685,0.17328409850597382,0.18476541340351105,6.137765929102898,0.31795288622379303,5.953000515699387,0.5027182996273041,5.953000515699387,0.13318747282028198,436,133,0.694954128440367,39,12
380,C,0,integrated_gradients,0.7,zero,scientific,-0.011481314897537231,-4.052821636199951,-0.11432172358036041,0.17328409850597382,0.18476541340351105,4.226105734705925,0.28760582208633423,4.041340321302414,0.10284040868282318,4.041340321302414,0.10284040868282318,436,133,0.694954128440367,39,12
380,C,1,gnnexplainer,0.7,zero,scientific,-2.963667631149292,-1.5914779901504517,-6.598966121673584,-2.9316675662994385,0.032000064849853516,1.3401895761489868,3.6672985553741455,1.3721896409988403,3.635298490524292,1.3081895112991333,3.635298490524292,436,133,0.694954128440367,39,12
380,C,1,integrated_gradients,0.7,zero,scientific,-2.963667631149292,-4.525668621063232,-2.3269245624542236,-2.9316675662994385,0.032000064849853516,1.594001054763794,0.6047430038452148,1.5620009899139404,0.6367430686950684,1.5620009899139404,0.5727429389953613,436,133,0.694954128440367,39,12
380,C,2,gnnexplainer,0.7,zero,scientific,-15.949727058410645,-3.7242228984832764,-19.10505485534668,-16.425132751464844,0.4754056930541992,12.700909852981567,2.679922103881836,12.225504159927368,3.155327796936035,12.225504159927368,2.2045164108276367,436,133,0.694954128440367,39,12
380,C,2,integrated_gradients,0.7,zero,scientific,-15.949727058410645,-5.501260280609131,-15.439428329467773,-16.425132751464844,0.4754056930541992,10.923872470855713,0.9857044219970703,10.448466777801514,0.5102987289428711,10.448466777801514,0.5102987289428711,436,133,0.694954128440367,39,12
380,C,3,gnnexplainer,0.7,zero,scientific,-1.695212483406067,-4.570903301239014,0.05244818329811096,-1.3898565769195557,0.30535590648651123,3.181046724319458,1.4423047602176666,2.8756908178329468,1.7476606667041779,2.8756908178329468,1.1369488537311554,436,133,0.694954128440367,39,12
380,C,3,integrated_gradients,0.7,zero,scientific,-1.695212483406067,-4.310739040374756,-1.6872299909591675,-1.3898565769195557,0.30535590648651123,2.9208824634552,0.2973734140396118,2.615526556968689,0.007982492446899414,2.615526556968689,-0.007982492446899414,436,133,0.694954128440367,39,12
450,H,0,gnnexplainer,0.7,zero,scientific,-0.04355114698410034,-0.20574653148651123,0.023817963898181915,0.03275012969970703,0.07630127668380737,0.23849666118621826,0.008932165801525116,0.1621953845024109,0.06736911088228226,0.1621953845024109,-0.06736911088228226,457,140,0.6936542669584245,33,10
450,H,0,integrated_gradients,0.7,zero,scientific,-0.04355114698410034,-0.09162232279777527,-0.07319009304046631,0.03275012969970703,0.07630127668380737,0.1243724524974823,0.10594022274017334,0.04807117581367493,0.029638946056365967,0.04807117581367493,0.029638946056365967,457,140,0.6936542669584245,33,10
450,H,1,gnnexplainer,0.7,zero,scientific,-0.06927318125963211,-0.043836914002895355,-0.17167949676513672,-0.0715140700340271,0.002240888774394989,0.027677156031131744,0.10016542673110962,0.025436267256736755,0.10240631550550461,0.025436267256736755,0.09792453795671463,457,140,0.6936542669584245,33,10
450,H,1,integrated_gradients,0.7,zero,scientific,-0.06927318125963211,-0.08970621228218079,-0.10732490569353104,-0.0715140700340271,0.002240888774394989,0.018192142248153687,0.03581083565950394,0.020433031022548676,0.038051724433898926,0.015951253473758698,0.03356994688510895,457,140,0.6936542669584245,33,10
450,H,2,gnnexplainer,0.7,zero,scientific,-0.06935058534145355,-0.027862492948770523,-0.23689737915992737,-0.07355805486440659,0.0042074695229530334,0.04569556191563606,0.16333932429552078,0.04148809239268303,0.16754679381847382,0.04148809239268303,0.15913185477256775,457,140,0.6936542669584245,33,10
450,H,2,integrated_gradients,0.7,zero,scientific,-0.06935058534145355,-0.08784902095794678,-0.10476502776145935,-0.07355805486440659,0.0042074695229530334,0.014290966093540192,0.031206972897052765,0.018498435616493225,0.0354144424200058,0.010083496570587158,0.02699950337409973,457,140,0.6936542669584245,33,10
450,H,3,gnnexplainer,0.7,zero,scientific,-0.14339891076087952,-0.09963224083185196,-0.2612491250038147,-0.23171529173851013,0.08831638097763062,0.13208305090665817,0.029533833265304565,0.04376666992902756,0.11785021424293518,0.04376666992902756,-0.05878254771232605,457,140,0.6936542669584245,33,10
450,H,3,integrated_gradients,0.7,zero,scientific,-0.14339891076087952,-0.09243305772542953,-0.19198033213615417,-0.23171529173851013,0.08831638097763062,0.1392822340130806,0.03973495960235596,0.05096585303544998,0.04858142137527466,0.05096585303544998,-0.04858142137527466,457,140,0.6936542669584245,33,10
450,C,0,gnnexplainer,0.7,zero,scientific,-5.920004844665527,-3.895841121673584,-10.701187133789062,-7.761427879333496,1.8414230346679688,3.865586757659912,2.9397592544555664,2.0241637229919434,4.781182289123535,2.0241637229919434,1.0983362197875977,457,140,0.6936542669584245,39,12
450,C,0,integrated_gradients,0.7,zero,scientific,-5.920004844665527,-4.924319267272949,-5.882777690887451,-7.761427879333496,1.8414230346679688,2.837108612060547,1.878650188446045,0.9956855773925781,0.03722715377807617,0.9956855773925781,0.03722715377807617,457,140,0.6936542669584245,39,12
450,C,1,gnnexplainer,0.7,zero,scientific,-8.008285522460938,-3.324509859085083,-11.750794410705566,-9.08093547821045,1.0726499557495117,5.756425619125366,2.669858932495117,4.6837756633758545,3.742508888244629,4.6837756633758545,1.5972089767456055,457,140,0.6936542669584245,39,12
450,C,1,integrated_gradients,0.7,zero,scientific,-8.008285522460938,-3.8432066440582275,-8.230263710021973,-9.08093547821045,1.0726499557495117,5.237728834152222,0.8506717681884766,4.16507887840271,0.22197818756103516,4.16507887840271,-0.22197818756103516,457,140,0.6936542669584245,39,12
450,C,2,gnnexplainer,0.7,zero,scientific,-0.7208598256111145,-6.0894622802734375,0.3639107346534729,-0.7991183996200562,0.07825857400894165,5.290343880653381,1.163029134273529,5.368602454662323,1.0847705602645874,5.21208530664444,1.0847705602645874,457,140,0.6936542669584245,39,12
450,C,2,integrated_gradients,0.7,zero,scientific,-0.7208598256111145,-4.134178161621094,-0.7696560025215149,-0.7991183996200562,0.07825857400894165,3.3350597620010376,0.02946239709854126,3.4133183360099792,0.04879617691040039,3.256801187992096,-0.04879617691040039,457,140,0.6936542669584245,39,12
450,C,3,gnnexplainer,0.7,zero,scientific,-5.4790120124816895,-2.5075483322143555,-7.931196689605713,-5.140366077423096,0.33864593505859375,2.6328177452087402,2.790830612182617,2.971463680267334,2.4521846771240234,2.2941718101501465,2.4521846771240234,457,140,0.6936542669584245,39,12
450,C,3,integrated_gradients,0.7,zero,scientific,-5.4790120124816895,-4.493220806121826,-6.111758232116699,-5.140366077423096,0.33864593505859375,0.6471452713012695,0.9713921546936035,0.9857912063598633,0.6327462196350098,0.3084993362426758,0.6327462196350098,457,140,0.6936542669584245,39,12
450,C,4,gnnexplainer,0.7,zero,scientific,-3.9353888034820557,-3.985974073410034,-5.06413459777832,-3.6308069229125977,0.304581880569458,0.3551671504974365,1.4333276748657227,0.050585269927978516,1.1287457942962646,0.050585269927978516,1.1287457942962646,457,140,0.6936542669584245,39,12
450,C,4,integrated_gradients,0.7,zero,scientific,-3.9353888034820557,-3.7210516929626465,-4.6207475662231445,-3.6308069229125977,0.304581880569458,0.09024477005004883,0.9899406433105469,0.21433711051940918,0.6853587627410889,-0.21433711051940918,0.6853587627410889,457,140,0.6936542669584245,39,12
490,H,0,gnnexplainer,0.7,zero,scientific,-0.17315952479839325,-0.04539084807038307,-0.3909558057785034,-0.23058383166790009,0.057424306869506836,0.185192983597517,0.16037197411060333,0.12776867672801018,0.21779628098011017,0.12776867672801018,0.1029476672410965,484,148,0.6942148760330579,33,10
490,H,0,integrated_gradients,0.7,zero,scientific,-0.17315952479839325,-0.0714959129691124,-0.1937362551689148,-0.23058383166790009,0.057424306869506836,0.1590879186987877,0.03684757649898529,0.10166361182928085,0.020576730370521545,0.10166361182928085,-0.020576730370521545,484,148,0.6942148760330579,33,10
490,H,1,gnnexplainer,0.7,zero,scientific,-0.15685632824897766,-0.06404349207878113,-0.31183427572250366,-0.249619260430336,0.09276293218135834,0.18557576835155487,0.062215015292167664,0.09281283617019653,0.154977947473526,0.09281283617019653,-0.030547916889190674,484,148,0.6942148760330579,33,10
490,H,1,integrated_gradients,0.7,zero,scientific,-0.15685632824897766,-0.08066079020500183,-0.18013736605644226,-0.249619260430336,0.09276293218135834,0.16895847022533417,0.06948189437389374,0.07619553804397583,0.0232810378074646,0.07619553804397583,-0.0232810378074646,484,148,0.6942148760330579,33,10
490,H,2,gnnexplainer,0.7,zero,scientific,-0.18034976720809937,-0.053132716566324234,-0.3689197599887848,-0.26599687337875366,0.0856471061706543,0.21286415681242943,0.10292288661003113,0.12721705064177513,0.18856999278068542,0.12721705064177513,0.01727578043937683,484,148,0.6942148760330579,33,10
490,H,2,integrated_gradients,0.7,zero,scientific,-0.18034976720809937,-0.08554741740226746,-0.2007560133934021,-0.26599687337875366,0.0856471061706543,0.1804494559764862,0.06524085998535156,0.09480234980583191,0.020406246185302734,0.09480234980583191,-0.020406246185302734,484,148,0.6942148760330579,33,10
490,H,5,gnnexplainer,0.7,zero,scientific,-0.12873896956443787,-0.0009363144636154175,-0.3051954209804535,-0.1509436070919037,0.02220463752746582,0.15000729262828827,0.1542518138885498,0.12780265510082245,0.17645645141601562,0.12780265510082245,0.13204717636108398,484,148,0.6942148760330579,33,10
490,H,5,integrated_gradients,0.7,zero,scientific,-0.12873896956443787,-0.06212139129638672,-0.14529210329055786,-0.1509436070919037,0.02220463752746582,0.08882221579551697,0.005651503801345825,0.06661757826805115,0.016553133726119995,0.06661757826805115,-0.016553133726119995,484,148,0.6942148760330579,33,10
490,H,6,gnnexplainer,0.7,zero,scientific,-0.12632957100868225,-0.02105209231376648,-0.29414278268814087,-0.1284528225660324,0.0021232515573501587,0.10740073025226593,0.16568996012210846,0.10527747869491577,0.16781321167945862,0.10527747869491577,0.1635667085647583,484,148,0.6942148760330579,33,10
490,H,6,integrated_gradients,0.7,zero,scientific,-0.12632957100868225,-0.07292245328426361,-0.14986562728881836,-0.1284528225660324,0.0021232515573501587,0.0555303692817688,0.02141280472278595,0.05340711772441864,0.02353605628013611,0.05340711772441864,0.01928955316543579,484,148,0.6942148760330579,33,10
490,C,0,gnnexplainer,0.7,zero,scientific,-3.129530668258667,-1.1037412881851196,-8.055685997009277,-4.111388683319092,0.9818580150604248,3.007647395133972,3.9442973136901855,2.0257893800735474,4.92615532875061,2.0257893800735474,2.9624392986297607,484,148,0.6942148760330579,39,12
490,C,0,integrated_gradients,0.7,zero,scientific,-3.129530668258667,-3.341742753982544,-2.7931830883026123,-4.111388683319092,0.9818580150604248,0.7696459293365479,1.3182055950164795,0.21221208572387695,0.3363475799560547,-0.21221208572387695,0.3363475799560547,484,148,0.6942148760330579,39,12
490,C,1,gnnexplainer,0.7,zero,scientific,-15.582393646240234,-3.00032901763916,-24.695608139038086,-16.991817474365234,1.409423828125,13.991488456726074,7.703790664672852,12.582064628601074,9.113214492797852,12.582064628601074,6.294366836547852,484,148,0.6942148760330579,39,12
490,C,1,integrated_gradients,0.7,zero,scientific,-15.582393646240234,-5.065776824951172,-16.265827178955078,-16.991817474365234,1.409423828125,11.926040649414062,0.7259902954101562,10.516616821289062,0.6834335327148438,10.516616821289062,-0.6834335327148438,484,148,0.6942148760330579,39,12
490,C,2,gnnexplainer,0.7,zero,scientific,-3.881084442138672,-2.0134670734405518,-7.273446083068848,-4.111124038696289,0.2300395965576172,2.0976569652557373,3.1623220443725586,1.8676173686981201,3.392361640930176,1.8676173686981201,2.9322824478149414,484,148,0.6942148760330579,39,12
490,C,2,integrated_gradients,0.7,zero,scientific,-3.881084442138672,-4.161619663238525,-3.294220447540283,-4.111124038696289,0.2300395965576172,0.05049562454223633,0.8169035911560059,0.2805352210998535,0.5868639945983887,-0.17954397201538086,0.5868639945983887,484,148,0.6942148760330579,39,12
490,C,3,gnnexplainer,0.7,zero,scientific,-2.2796802520751953,-1.777115821838379,-5.512085437774658,-3.4353280067443848,1.1556477546691895,1.6582121849060059,2.0767574310302734,0.5025644302368164,3.232405185699463,0.5025644302368164,0.921109676361084,484,148,0.6942148760330579,39,12
490,C,3,integrated_gradients,0.7,zero,scientific,-2.2796802520751953,-3.2857720851898193,-2.3099281787872314,-3.4353280067443848,1.1556477546691895,0.14955592155456543,1.1253998279571533,1.006091833114624,0.030247926712036133,-1.006091833114624,-0.030247926712036133,484,148,0.6942148760330579,39,12
510,H,0,gnnexplainer,0.7,zero,scientific,-0.0641452819108963,-0.1931215524673462,-0.025987811386585236,-0.06858395785093307,0.004438675940036774,0.12453759461641312,0.04259614646434784,0.1289762705564499,0.038157470524311066,0.12009891867637634,0.038157470524311066,596,182,0.6946308724832215,33,10
510,H,0,integrated_gradients,0.7,zero,scientific,-0.0641452819108963,-0.056816164404153824,-0.08729828894138336,-0.06858395785093307,0.004438675940036774,0.011767793446779251,0.018714331090450287,0.007329117506742477,0.02315300703048706,0.007329117506742477,0.014275655150413513,596,182,0.6946308724832215,33,10
510,H,1,gnnexplainer,0.7,zero,scientific,-0.07207746058702469,-0.0244048610329628,-0.2046302855014801,-0.10737372934818268,0.03529626876115799,0.08296886831521988,0.09725655615329742,0.04767259955406189,0.1325528249144554,0.04767259955406189,0.061960287392139435,596,182,0.6946308724832215,33,10
510,H,1,integrated_gradients,0.7,zero,scientific,-0.07207746058702469,-0.0625011995434761,-0.08207874000072479,-0.10737372934818268,0.03529626876115799,0.044872529804706573,0.025294989347457886,0.009576261043548584,0.010001279413700104,0.009576261043548584,-0.010001279413700104,596,182,0.6946308724832215,33,10
510,H,2,gnnexplainer,0.7,zero,scientific,-0.054743897169828415,-0.14415833353996277,-0.03053387999534607,-0.030469827353954315,0.0242740698158741,0.11368850618600845,6.405264139175415e-05,0.08941443637013435,0.024210017174482346,0.08941443637013435,-0.024210017174482346,596,182,0.6946308724832215,33,10
510,H,2,integrated_gradients,0.7,zero,scientific,-0.054743897169828415,-0.05729050189256668,-0.08147025853395462,-0.030469827353954315,0.0242740698158741,0.026820674538612366,0.051000431180000305,0.002546604722738266,0.026726361364126205,0.002546604722738266,0.026726361364126205,596,182,0.6946308724832215,33,10
510,H,3,gnnexplainer,0.7,zero,scientific,-0.0725153461098671,-0.06418441981077194,-0.21300259232521057,-0.1194084882736206,0.04689314216375351,0.05522406846284866,0.09359410405158997,0.008330926299095154,0.14048724621534348,0.008330926299095154,0.046700961887836456,596,182,0.6946308724832215,33,10
510,H,3,integrated_gradients,0.7,zero,scientific,-0.0725153461098671,-0.06435976177453995,-0.0938902199268341,-0.1194084882736206,0.04689314216375351,0.05504872649908066,0.0255182683467865,0.008155584335327148,0.02137487381696701,0.008155584335327148,-0.02137487381696701,596,182,0.6946308724832215,33,10
510,H,4,gnnexplainer,0.7,zero,scientific,-0.06956268846988678,-0.2083638310432434,-0.006811987608671188,-0.058769065886735916,0.010793622583150864,0.1495947651565075,0.05195707827806473,0.13880114257335663,0.06275070086121559,0.13880114257335663,0.041163455694913864,596,182,0.6946308724832215,33,10
510,H,4,integrated_gradients,0.7,zero,scientific,-0.06956268846988678,-0.08328475058078766,-0.06495903432369232,-0.058769065886735916,0.010793622583150864,0.024515684694051743,0.006189968436956406,0.013722062110900879,0.004603654146194458,0.013722062110900879,-0.004603654146194458,596,182,0.6946308724832215,33,10
510,H,5,gnnexplainer,0.7,zero,scientific,-0.06805552542209625,-0.18000616133213043,-0.0128684863448143,-0.07969000190496445,0.011634476482868195,0.10031615942716599,0.06682151556015015,0.11195063591003418,0.05518703907728195,0.08868168294429779,0.05518703907728195,596,182,0.6946308724832215,33,10
510,H,5,integrated_gradients,0.7,zero,scientific,-0.06805552542209625,-0.08626502007246017,-0.0675237774848938,-0.07969000190496445,0.011634476482868195,0.0065750181674957275,0.012166224420070648,0.018209494650363922,0.0005317479372024536,-0.005059458315372467,0.0005317479372024536,596,182,0.6946308724832215,33,10
510,H,6,gnnexplainer,0.7,zero,scientific,-0.040923863649368286,-0.19050508737564087,-0.03961005061864853,-0.04133903980255127,0.0004151761531829834,0.1491660475730896,0.0017289891839027405,0.14958122372627258,0.001313813030719757,0.14875087141990662,0.001313813030719757,596,182,0.6946308724832215,33,10
510,H,6,integrated_gradients,0.7,zero,scientific,-0.040923863649368286,-0.11721266806125641,-0.057013869285583496,-0.04133903980255127,0.0004151761531829834,0.07587362825870514,0.015674829483032227,0.07628880441188812,0.01609000563621521,0.07545845210552216,0.015259653329849243,596,182,0.6946308724832215,33,10
510,H,7,gnnexplainer,0.7,zero,scientific,-0.02234116941690445,-0.1601017713546753,0.014048181474208832,-0.03561985865235329,0.013278689235448837,0.124481912702322,0.04966804012656212,0.13776060193777084,0.03638935089111328,0.11120322346687317,0.03638935089111328,596,182,0.6946308724832215,33,10
510,H,7,integrated_gradients,0.7,zero,scientific,-0.02234116941690445,-0.14859816431999207,-0.03460253030061722,-0.03561985865235329,0.013278689235448837,0.11297830566763878,0.0010173283517360687,0.12625699490308762,0.012261360883712769,0.09969961643218994,-0.012261360883712769,596,182,0.6946308724832215,33,10
510,H,8,gnnexplainer,0.7,zero,scientific,-0.057253893464803696,-0.13442358374595642,-0.01393766701221466,-0.0713830441236496,0.014129150658845901,0.06304053962230682,0.057445377111434937,0.07716969028115273,0.043316226452589035,0.04891138896346092,0.043316226452589035,596,182,0.6946308724832215,33,10
510,H,8,integrated_gradients,0.7,zero,scientific,-0.057253893464803696,-0.07977282255887985,-0.07212240993976593,-0.0713830441236496,0.014129150658845901,0.008389778435230255,0.000739365816116333,0.022518929094076157,0.014868516474962234,-0.005739372223615646,-0.013389784842729568,596,182,0.6946308724832215,33,10
510,H,9,gnnexplainer,0.7,zero,scientific,-0.06739038974046707,-0.13596753776073456,-0.03717321902513504,-0.08068999648094177,0.013299606740474701,0.055277541279792786,0.04351677745580673,0.06857714802026749,0.03021717071533203,0.041977934539318085,0.03021717071533203,596,182,0.6946308724832215,33,10
510,H,9,integrated_gradients,0.7,zero,scientific,-0.06739038974046707,-0.07379688322544098,-0.07437444478273392,-0.08068999648094177,0.013299606740474701,0.0068931132555007935,0.006315551698207855,0.0064064934849739075,0.006984055042266846,-0.0064064934849739075,-0.006984055042266846,596,182,0.6946308724832215,33,10
510,C,0,gnnexplainer,0.7,zero,scientific,-3.183384895324707,-5.656570911407471,-1.9264014959335327,-2.6794397830963135,0.5039451122283936,2.9771311283111572,0.7530382871627808,2.4731860160827637,1.2569833993911743,2.4731860160827637,0.2490931749343872,596,182,0.6946308724832215,39,12
510,C,0,integrated_gradients,0.7,zero,scientific,-3.183384895324707,-3.538419246673584,-2.8150641918182373,-2.6794397830963135,0.5039451122283936,0.8589794635772705,0.13562440872192383,0.35503435134887695,0.3683207035064697,0.35503435134887695,-0.3683207035064697,596,182,0.6946308724832215,39,12
510,C,1,gnnexplainer,0.7,zero,scientific,-2.929103136062622,-5.9653730392456055,-1.4011207818984985,-2.8548877239227295,0.07421541213989258,3.110485315322876,1.453766942024231,3.0362699031829834,1.5279823541641235,3.0362699031829834,1.3795515298843384,596,182,0.6946308724832215,39,12
510,C,1,integrated_gradients,0.7,zero,scientific,-2.929103136062622,-3.625459671020508,-3.117644786834717,-2.8548877239227295,0.07421541213989258,0.7705719470977783,0.2627570629119873,0.6963565349578857,0.18854165077209473,0.6963565349578857,0.18854165077209473,596,182,0.6946308724832215,39,12
510,C,2,gnnexplainer,0.7,zero,scientific,-4.82141637802124,-2.7289295196533203,-8.030115127563477,-4.148713111877441,0.6727032661437988,1.419783592224121,3.881402015686035,2.09248685836792,3.2086987495422363,0.7470803260803223,3.2086987495422363,596,182,0.6946308724832215,39,12
510,C,2,integrated_gradients,0.7,zero,scientific,-4.82141637802124,-4.941631317138672,-4.939300060272217,-4.148713111877441,0.6727032661437988,0.7929182052612305,0.7905869483947754,0.12021493911743164,0.11788368225097656,0.12021493911743164,0.11788368225097656,596,182,0.6946308724832215,39,12
510,C,3,gnnexplainer,0.7,zero,scientific,-1.93549382686615,-5.069953441619873,-1.0761991739273071,-0.3196980357170105,1.6157957911491394,4.7502554059028625,0.7565011382102966,3.134459614753723,0.8592946529388428,3.134459614753723,-0.8592946529388428,596,182,0.6946308724832215,39,12
510,C,3,integrated_gradients,0.7,zero,scientific,-1.93549382686615,-4.148988246917725,-1.2141335010528564,-0.3196980357170105,1.6157957911491394,3.829290211200714,0.894435465335846,2.2134944200515747,0.7213603258132935,2.2134944200515747,-0.7213603258132935,596,182,0.6946308724832215,39,12
510,C,4,gnnexplainer,0.7,zero,scientific,-0.8245482444763184,-6.0260443687438965,0.27557140588760376,-0.5578681230545044,0.26668012142181396,5.468176245689392,0.8334395289421082,5.201496124267578,1.1001196503639221,5.201496124267578,0.5667594075202942,596,182,0.6946308724832215,39,12
510,C,4,integrated_gradients,0.7,zero,scientific,-0.8245482444763184,-4.287806510925293,-0.7252494096755981,-0.5578681230545044,0.26668012142181396,3.7299383878707886,0.16738128662109375,3.4632582664489746,0.09929883480072021,3.4632582664489746,-0.09929883480072021,596,182,0.6946308724832215,39,12
510,C,5,gnnexplainer,0.7,zero,scientific,-1.521938443183899,-4.778354167938232,-0.8687037825584412,-0.3343559503555298,1.1875824928283691,4.443998217582703,0.5343478322029114,3.2564157247543335,0.6532346606254578,3.2564157247543335,-0.6532346606254578,596,182,0.6946308724832215,39,12
510,C,5,integrated_gradients,0.7,zero,scientific,-1.521938443183899,-4.687163829803467,-1.3079032897949219,-0.3343559503555298,1.1875824928283691,4.352807879447937,0.9735473394393921,3.165225386619568,0.21403515338897705,3.165225386619568,-0.21403515338897705,596,182,0.6946308724832215,39,12
530,H,0,gnnexplainer,0.7,zero,scientific,-0.08534625172615051,-0.03609418869018555,-0.2945527136325836,-0.16678637266159058,0.08144012093544006,0.13069218397140503,0.12776634097099304,0.049252063035964966,0.2092064619064331,0.049252063035964966,0.04632622003555298,314,96,0.694267515923567,33,10
530,H,1,gnnexplainer,0.7,zero,scientific,-0.09019753336906433,-0.058480121195316315,-0.24223804473876953,-0.13316234946250916,0.042964816093444824,0.07468222826719284,0.10907569527626038,0.031717412173748016,0.1520405113697052,0.031717412173748016,0.06611087918281555,314,96,0.694267515923567,33,10
530,H,2,gnnexplainer,0.7,zero,scientific,-0.030807171016931534,-0.12019699066877365,-0.01940707117319107,-0.0575319267809391,0.02672475576400757,0.06266506388783455,0.03812485560774803,0.08938981965184212,0.011400099843740463,0.03594030812382698,0.011400099843740463,314,96,0.694267515923567,33,10
530,H,3,gnnexplainer,0.7,zero,scientific,-0.04008097946643829,-0.09671278297901154,-0.010923795402050018,-0.04089127480983734,0.0008102953433990479,0.055821508169174194,0.029967479407787323,0.05663180351257324,0.029157184064388275,0.055011212825775146,0.029157184064388275,314,96,0.694267515923567,33,10
530,H,4,gnnexplainer,0.7,zero,scientific,-0.03763440251350403,-0.23140966892242432,-0.004807364195585251,-0.06429433822631836,0.02665993571281433,0.16711533069610596,0.05948697403073311,0.1937752664089203,0.03282703831791878,0.14045539498329163,0.03282703831791878,314,96,0.694267515923567,33,10
530,C,0,gnnexplainer,0.7,zero,scientific,-2.6694869995117188,-4.106027603149414,-2.5202503204345703,-2.8974430561065674,0.22795605659484863,1.2085845470428467,0.37719273567199707,1.4365406036376953,0.14923667907714844,0.980628490447998,0.14923667907714844,314,96,0.694267515923567,39,12
530,C,1,gnnexplainer,0.7,zero,scientific,-3.2187187671661377,-7.181066989898682,-1.6192806959152222,-2.7582390308380127,0.460479736328125,4.422827959060669,1.1389583349227905,3.962348222732544,1.5994380712509155,3.962348222732544,0.6784785985946655,314,96,0.694267515923567,39,12
530,C,2,gnnexplainer,0.7,zero,scientific,-4.761256694793701,-2.335714101791382,-7.127154350280762,-4.5724406242370605,0.18881607055664062,2.2367265224456787,2.554713726043701,2.4255425930023193,2.3658976554870605,2.047910451889038,2.3658976554870605,314,96,0.694267515923567,39,12
610,H,0,gnnexplainer,0.7,zero,scientific,-0.44238173961639404,-0.0887172669172287,-0.6448900699615479,-0.615548849105835,0.17316710948944092,0.5268315821886063,0.02934122085571289,0.35366447269916534,0.2025083303451538,0.35366447269916534,-0.14382588863372803,452,138,0.6946902654867257,33,10
610,H,0,integrated_gradients,0.7,zero,scientific,-0.44238173961639404,-0.08241397142410278,-0.4834716320037842,-0.615548849105835,0.17316710948944092,0.5331348776817322,0.13207721710205078,0.35996776819229126,0.04108989238739014,0.35996776819229126,-0.04108989238739014,452,138,0.6946902654867257,33,10
610,H,1,gnnexplainer,0.7,zero,scientific,-0.1651545912027359,-0.01961248368024826,-0.2841905951499939,-0.12229462713003159,0.042859964072704315,0.10268214344978333,0.1618959680199623,0.14554210752248764,0.119036003947258,0.05982217937707901,0.119036003947258,452,138,0.6946902654867257,33,10
610,H,1,integrated_gradients,0.7,zero,scientific,-0.1651545912027359,-0.06622827798128128,-0.1921999454498291,-0.12229462713003159,0.042859964072704315,0.056066349148750305,0.06990531831979752,0.09892631322145462,0.0270453542470932,0.01320638507604599,0.0270453542470932,452,138,0.6946902654867257,33,10
610,H,2,gnnexplainer,0.7,zero,scientific,-0.13610506057739258,-0.02220887690782547,-0.22702056169509888,-0.1601894050836563,0.024084344506263733,0.13798052817583084,0.06683115661144257,0.11389618366956711,0.0909155011177063,0.11389618366956711,0.04274681210517883,452,138,0.6946902654867257,33,10
610,H,2,integrated_gradients,0.7,zero,scientific,-0.13610506057739258,-0.05513022467494011,-0.17398618161678314,-0.1601894050836563,0.024084344506263733,0.1050591804087162,0.013796776533126831,0.08097483590245247,0.037881121039390564,0.08097483590245247,-0.010287567973136902,452,138,0.6946902654867257,33,10
610,H,3,gnnexplainer,0.7,zero,scientific,-0.1795758754014969,-0.04472127556800842,-0.3331904709339142,-0.18318936228752136,0.003613486886024475,0.13846808671951294,0.15000110864639282,0.13485459983348846,0.1536145955324173,0.13485459983348846,0.14638762176036835,452,138,0.6946902654867257,33,10
610,H,3,integrated_gradients,0.7,zero,scientific,-0.1795758754014969,-0.059546515345573425,-0.23016944527626038,-0.18318936228752136,0.003613486886024475,0.12364284694194794,0.046980082988739014,0.12002936005592346,0.05059356987476349,0.12002936005592346,0.04336659610271454,452,138,0.6946902654867257,33,10
610,H,4,gnnexplainer,0.7,zero,scientific,-0.500056803226471,-0.09528186172246933,-0.7845715880393982,-0.6312503814697266,0.13119357824325562,0.5359685197472572,0.15332120656967163,0.4047749415040016,0.28451478481292725,0.4047749415040016,0.022127628326416016,452,138,0.6946902654867257,33,10
610,H,4,integrated_gradients,0.7,zero,scientific,-0.500056803226471,-0.0684933066368103,-0.4776618778705597,-0.6312503814697266,0.13119357824325562,0.5627570748329163,0.15358850359916687,0.43156349658966064,0.022394925355911255,0.43156349658966064,0.022394925355911255,452,138,0.6946902654867257,33,10
610,H,5,gnnexplainer,0.7,zero,scientific,-0.14004060626029968,-0.005930215120315552,-0.35026857256889343,-0.12377718091011047,0.01626342535018921,0.11784696578979492,0.22649139165878296,0.13411039113998413,0.21022796630859375,0.10158354043960571,0.21022796630859375,452,138,0.6946902654867257,33,10
610,H,5,integrated_gradients,0.7,zero,scientific,-0.14004060626029968,-0.04801104962825775,-0.1767122447490692,-0.12377718091011047,0.01626342535018921,0.07576613128185272,0.05293506383895874,0.09202955663204193,0.03667163848876953,0.05950270593166351,0.03667163848876953,452,138,0.6946902654867257,33,10
610,H,6,gnnexplainer,0.7,zero,scientific,-0.12860378623008728,0.014190666377544403,-0.2597784698009491,-0.14696994423866272,0.01836615800857544,0.16116061061620712,0.11280852556228638,0.14279445260763168,0.13117468357086182,0.14279445260763168,0.09444236755371094,452,138,0.6946902654867257,33,10
610,H,6,integrated_gradients,0.7,zero,scientific,-0.12860378623008728,-0.05858016014099121,-0.1415124237537384,-0.14696994423866272,0.01836615800857544,0.08838978409767151,0.005457520484924316,0.07002362608909607,0.012908637523651123,0.07002362608909607,-0.012908637523651123,452,138,0.6946902654867257,33,10
610,H,7,gnnexplainer,0.7,zero,scientific,-0.16811057925224304,-0.017942365258932114,-0.29599419236183167,-0.19154877960681915,0.02343820035457611,0.17360641434788704,0.10444541275501251,0.15016821399331093,0.12788361310958862,0.15016821399331093,0.0810072124004364,452,138,0.6946902654867257,33,10
610,H,7,integrated_gradients,0.7,zero,scientific,-0.16811057925224304,-0.053607866168022156,-0.19759193062782288,-0.19154877960681915,0.02343820035457611,0.137940913438797,0.006043151021003723,0.11450271308422089,0.029481351375579834,0.11450271308422089,-0.017395049333572388,452,138,0.6946902654867257,33,10
610,C,0,gnnexplainer,0.7,zero,scientific,-16.07822036743164,-3.2519569396972656,-23.13567543029785,-18.057586669921875,1.9793663024902344,14.80562973022461,5.078088760375977,12.826263427734375,7.057455062866211,12.826263427734375,3.098722457885742,452,138,0.6946902654867257,39,12
610,C,0,integrated_gradients,0.7,zero,scientific,-16.07822036743164,-4.7402119636535645,-16.291061401367188,-18.057586669921875,1.9793663024902344,13.31737470626831,1.7665252685546875,11.338008403778076,0.21284103393554688,11.338008403778076,-0.21284103393554688,452,138,0.6946902654867257,39,12
610,C,1,gnnexplainer,0.7,zero,scientific,-16.779712677001953,-4.633166790008545,-25.548622131347656,-17.75385856628418,0.9741458892822266,13.120691776275635,7.794763565063477,12.146545886993408,8.768909454345703,12.146545886993408,6.82061767578125,452,138,0.6946902654867257,39,12
610,C,1,integrated_gradients,0.7,zero,scientific,-16.779712677001953,-4.509616374969482,-16.538612365722656,-17.75385856628418,0.9741458892822266,13.244242191314697,1.2152462005615234,12.27009630203247,0.24110031127929688,12.27009630203247,0.24110031127929688,452,138,0.6946902654867257,39,12
610,C,2,gnnexplainer,0.7,zero,scientific,-1.856040596961975,-1.7473450899124146,-3.4515609741210938,-2.5053277015686035,0.6492871046066284,0.757982611656189,0.9462332725524902,0.10869550704956055,1.5955203771591187,0.10869550704956055,0.2969461679458618,452,138,0.6946902654867257,39,12
610,C,2,integrated_gradients,0.7,zero,scientific,-1.856040596961975,-4.1488494873046875,-2.1824209690093994,-2.5053277015686035,0.6492871046066284,1.643521785736084,0.3229067325592041,2.2928088903427124,0.3263803720474243,0.9942346811294556,-0.3263803720474243,452,138,0.6946902654867257,39,12
610,C,3,gnnexplainer,0.7,zero,scientific,-1.9090392589569092,-4.381838321685791,-1.0830796957015991,-2.3740406036376953,0.46500134468078613,2.0077977180480957,1.2909609079360962,2.472799062728882,0.8259595632553101,1.5427963733673096,0.8259595632553101,452,138,0.6946902654867257,39,12
610,C,3,integrated_gradients,0.7,zero,scientific,-1.9090392589569092,-3.8455119132995605,-2.4269168376922607,-2.3740406036376953,0.46500134468078613,1.4714713096618652,0.05287623405456543,1.9364726543426514,0.5178775787353516,1.006469964981079,-0.4121251106262207,452,138,0.6946902654867257,39,12
620,H,0,gnnexplainer,0.7,zero,scientific,-0.22838380932807922,-0.12780627608299255,-0.3597967028617859,-0.2509962022304535,0.022612392902374268,0.12318992614746094,0.1088005006313324,0.10057753324508667,0.13141289353370667,0.10057753324508667,0.08618810772895813,603,184,0.6948590381426203,33,10
620,H,0,integrated_gradients,0.7,zero,scientific,-0.22838380932807922,-0.11628802120685577,-0.23845553398132324,-0.2509962022304535,0.022612392902374268,0.13470818102359772,0.012540668249130249,0.11209578812122345,0.010071724653244019,0.11209578812122345,-0.010071724653244019,603,184,0.6948590381426203,33,10
620,H,1,gnnexplainer,0.7,zero,scientific,-0.228367418050766,-0.130025714635849,-0.3842357397079468,-0.24986469745635986,0.021497279405593872,0.11983898282051086,0.13437104225158691,0.09834170341491699,0.1558683216571808,0.09834170341491699,0.11287376284599304,603,184,0.6948590381426203,33,10
620,H,1,integrated_gradients,0.7,zero,scientific,-0.228367418050766,-0.11657392233610153,-0.2384105622768402,-0.24986469745635986,0.021497279405593872,0.13329077512025833,0.011454135179519653,0.11179349571466446,0.010043144226074219,0.11179349571466446,-0.010043144226074219,603,184,0.6948590381426203,33,10
620,H,2,gnnexplainer,0.7,zero,scientific,-0.2283584177494049,-0.13007095456123352,-0.41923028230667114,-0.2488207370042801,0.020462319254875183,0.11874978244304657,0.17040954530239105,0.09828746318817139,0.19087186455726624,0.09828746318817139,0.14994722604751587,603,184,0.6948590381426203,33,10
620,H,2,integrated_gradients,0.7,zero,scientific,-0.2283584177494049,-0.11656138300895691,-0.23842057585716248,-0.2488207370042801,0.020462319254875183,0.13225935399532318,0.010400161147117615,0.111797034740448,0.010062158107757568,0.111797034740448,-0.010062158107757568,603,184,0.6948590381426203,33,10
620,H,3,gnnexplainer,0.7,zero,scientific,-0.22839093208312988,-0.14580726623535156,-0.39031559228897095,-0.25204017758369446,0.023649245500564575,0.1062329113483429,0.1382754147052765,0.08258366584777832,0.16192466020584106,0.08258366584777832,0.11462616920471191,603,184,0.6948590381426203,33,10
620,H,3,integrated_gradients,0.7,zero,scientific,-0.22839093208312988,-0.11627636104822159,-0.23843073844909668,-0.25204017758369446,0.023649245500564575,0.13576381653547287,0.013609439134597778,0.1121145710349083,0.010039806365966797,0.1121145710349083,-0.010039806365966797,603,184,0.6948590381426203,33,10
620,H,4,gnnexplainer,0.7,zero,scientific,-0.22839006781578064,-0.15113353729248047,-0.37729519605636597,-0.251996248960495,0.023606181144714355,0.10086271166801453,0.12529894709587097,0.07725653052330017,0.14890512824058533,0.07725653052330017,0.10169276595115662,603,184,0.6948590381426203,33,10
620,H,4,integrated_gradients,0.7,zero,scientific,-0.22839006781578064,-0.11628703773021698,-0.2384655475616455,-0.251996248960495,0.023606181144714355,0.13570921123027802,0.013530701398849487,0.11210303008556366,0.010075479745864868,0.11210303008556366,-0.010075479745864868,603,184,0.6948590381426203,33,10
620,H,5,gnnexplainer,0.7,zero,scientific,-0.22836831212043762,-0.11183911561965942,-0.4078036844730377,-0.24986469745635986,0.02149638533592224,0.13802558183670044,0.15793898701667786,0.1165291965007782,0.1794353723526001,0.1165291965007782,0.13644260168075562,603,184,0.6948590381426203,33,10
620,H,5,integrated_gradients,0.7,zero,scientific,-0.22836831212043762,-0.11657995730638504,-0.23843052983283997,-0.24986469745635986,0.02149638533592224,0.13328474014997482,0.011434167623519897,0.11178835481405258,0.010062217712402344,0.11178835481405258,-0.010062217712402344,603,184,0.6948590381426203,33,10
620,H,6,gnnexplainer,0.7,zero,scientific,-0.00035447627305984497,-0.04678107798099518,0.017217405140399933,0.08161692321300507,0.08197139948606491,0.12839800119400024,0.06439951807260513,0.04642660170793533,0.017571881413459778,0.04642660170793533,-0.017571881413459778,603,184,0.6948590381426203,33,10
620,H,6,integrated_gradients,0.7,zero,scientific,-0.00035447627305984497,-0.0538531057536602,-0.012521035969257355,0.08161692321300507,0.08197139948606491,0.13547002896666527,0.09413795918226242,0.05349862948060036,0.01216655969619751,0.05349862948060036,0.01216655969619751,603,184,0.6948590381426203,33,10
620,H,7,gnnexplainer,0.7,zero,scientific,-0.0003616511821746826,-0.0768563449382782,0.03323619067668915,0.0810290277004242,0.08139067888259888,0.1578853726387024,0.047792837023735046,0.07649469375610352,0.03359784185886383,0.07649469375610352,-0.03359784185886383,603,184,0.6948590381426203,33,10
620,H,7,integrated_gradients,0.7,zero,scientific,-0.0003616511821746826,-0.05385058373212814,-0.012527771294116974,0.0810290277004242,0.08139067888259888,0.13487961143255234,0.09355679899454117,0.05348893254995346,0.012166120111942291,0.05348893254995346,0.012166120111942291,603,184,0.6948590381426203,33,10
620,H,8,gnnexplainer,0.7,zero,scientific,-0.00035750120878219604,-0.09055864810943604,0.0280139222741127,0.08161692321300507,0.08197442442178726,0.1721755713224411,0.053603000938892365,0.09020114690065384,0.028371423482894897,0.09020114690065384,-0.028371423482894897,603,184,0.6948590381426203,33,10
620,H,8,integrated_gradients,0.7,zero,scientific,-0.00035750120878219604,-0.05385049059987068,-0.01252489909529686,0.08161692321300507,0.08197442442178726,0.13546741381287575,0.09414182230830193,0.053492989391088486,0.012167397886514664,0.053492989391088486,0.012167397886514664,603,184,0.6948590381426203,33,10
620,H,9,gnnexplainer,0.7,zero,scientific,-0.01004878431558609,-0.09872767329216003,0.038235731422901154,0.17055636644363403,0.18060515075922012,0.26928403973579407,0.13232063502073288,0.08867888897657394,0.048284515738487244,0.08867888897657394,-0.048284515738487244,603,184,0.6948590381426203,33,10
620,H,9,integrated_gradients,0.7,zero,scientific,-0.01004878431558609,-0.061177924275398254,-0.019649483263492584,0.17055636644363403,0.18060515075922012,0.2317342907190323,0.19020584970712662,0.051129139959812164,0.009600698947906494,0.051129139959812164,0.009600698947906494,603,184,0.6948590381426203,33,10
620,C,0,gnnexplainer,0.7,zero,scientific,-8.43395709991455,-4.115529537200928,-13.26318073272705,-8.185676574707031,0.24828052520751953,4.0701470375061035,5.0775041580200195,4.318427562713623,4.8292236328125,3.821866512298584,4.8292236328125,603,184,0.6948590381426203,39,12
620,C,0,integrated_gradients,0.7,zero,scientific,-8.43395709991455,-4.918128490447998,-7.957553386688232,-8.185676574707031,0.24828052520751953,3.267548084259033,0.22812318801879883,3.5158286094665527,0.47640371322631836,3.0192675590515137,-0.020157337188720703,603,184,0.6948590381426203,39,12
620,C,1,gnnexplainer,0.7,zero,scientific,-8.439017295837402,-3.985550880432129,-13.172883033752441,-8.185914039611816,0.25310325622558594,4.2003631591796875,4.986968994140625,4.453466415405273,4.733865737915039,3.9472599029541016,4.733865737915039,603,184,0.6948590381426203,39,12
620,C,1,integrated_gradients,0.7,zero,scientific,-8.439017295837402,-4.955311298370361,-7.871768474578857,-8.185914039611816,0.25310325622558594,3.230602741241455,0.314145565032959,3.483705997467041,0.5672488212585449,2.977499485015869,0.06104230880737305,603,184,0.6948590381426203,39,12
620,C,2,gnnexplainer,0.7,zero,scientific,-8.438666343688965,-4.207111358642578,-10.885390281677246,-8.188501358032227,0.2501649856567383,3.9813899993896484,2.6968889236450195,4.231554985046387,2.4467239379882812,3.73122501373291,2.4467239379882812,603,184,0.6948590381426203,39,12
620,C,2,integrated_gradients,0.7,zero,scientific,-8.438666343688965,-4.95507287979126,-7.871702194213867,-8.188501358032227,0.2501649856567383,3.233428478240967,0.3167991638183594,3.483593463897705,0.5669641494750977,2.9832634925842285,0.0666341781616211,603,184,0.6948590381426203,39,12
620,C,3,gnnexplainer,0.7,zero,scientific,-8.43066120147705,-3.795355796813965,-12.171627044677734,-8.189264297485352,0.24139690399169922,4.393908500671387,3.982362747192383,4.635305404663086,3.7409658432006836,4.1525115966796875,3.7409658432006836,603,184,0.6948590381426203,39,12
620,C,3,integrated_gradients,0.7,zero,scientific,-8.43066120147705,-4.918059825897217,-7.9576826095581055,-8.189264297485352,0.24139690399169922,3.2712044715881348,0.2315816879272461,3.512601375579834,0.4729785919189453,3.0298075675964355,-0.009815216064453125,603,184,0.6948590381426203,39,12
620,C,4,gnnexplainer,0.7,zero,scientific,-8.43023681640625,-4.178441047668457,-11.568075180053711,-8.187677383422852,0.24255943298339844,4.0092363357543945,3.3803977966308594,4.251795768737793,3.137838363647461,3.766676902770996,3.137838363647461,603,184,0.6948590381426203,39,12
620,C,4,integrated_gradients,0.7,zero,scientific,-8.43023681640625,-4.918331146240234,-7.957784175872803,-8.187677383422852,0.24255943298339844,3.269346237182617,0.22989320755004883,3.5119056701660156,0.47245264053344727,3.0267868041992188,-0.01266622543334961,603,184,0.6948590381426203,39,12
620,C,5,gnnexplainer,0.7,zero,scientific,-8.442373275756836,-3.9691264629364014,-14.86872673034668,-8.186501502990723,0.2558717727661133,4.217375040054321,6.682225227355957,4.473246812820435,6.426353454589844,3.961503267288208,6.426353454589844,603,184,0.6948590381426203,39,12
620,C,5,integrated_gradients,0.7,zero,scientific,-8.442373275756836,-4.955014705657959,-7.870806694030762,-8.186501502990723,0.2558717727661133,3.2314867973327637,0.31569480895996094,3.487358570098877,0.5715665817260742,2.9756150245666504,0.059823036193847656,603,184,0.6948590381426203,39,12
620,C,6,gnnexplainer,0.7,zero,scientific,0.4642379879951477,-5.155988693237305,1.227363109588623,1.20413076877594,0.7398927807807922,6.360119462013245,0.023232340812683105,5.620226681232452,0.7631251215934753,5.620226681232452,-0.7166604399681091,603,184,0.6948590381426203,39,12
620,C,6,integrated_gradients,0.7,zero,scientific,0.4642379879951477,-3.3603031635284424,0.6215848922729492,1.20413076877594,0.7398927807807922,4.564433932304382,0.5825458765029907,3.82454115152359,0.1573469042778015,3.82454115152359,-0.1573469042778015,603,184,0.6948590381426203,39,12
640,H,0,gnnexplainer,0.7,zero,scientific,-0.21126306056976318,-0.4310488700866699,0.004021070897579193,0.13790667057037354,0.3491697311401367,0.5689555406570435,0.13388559967279434,0.21978580951690674,0.21528413146734238,0.21978580951690674,-0.21528413146734238,735,224,0.6952380952380952,33,10
640,H,0,integrated_gradients,0.7,zero,scientific,-0.21126306056976318,-0.19932451844215393,-0.22482731938362122,0.13790667057037354,0.3491697311401367,0.33723118901252747,0.36273398995399475,0.011938542127609253,0.013564258813858032,-0.011938542127609253,0.013564258813858032,735,224,0.6952380952380952,33,10
640,H,1,gnnexplainer,0.7,zero,scientific,-0.21125224232673645,-0.39457035064697266,-0.009522251784801483,0.13790667057037354,0.34915891289711,0.5324770212173462,0.14742892235517502,0.1833181083202362,0.20172999054193497,0.1833181083202362,-0.20172999054193497,735,224,0.6952380952380952,33,10
640,H,1,integrated_gradients,0.7,zero,scientific,-0.21125224232673645,-0.1993282437324524,-0.2248181402683258,0.13790667057037354,0.34915891289711,0.3372349143028259,0.36272481083869934,0.011923998594284058,0.013565897941589355,-0.011923998594284058,0.013565897941589355,735,224,0.6952380952380952,33,10
640,H,2,gnnexplainer,0.7,zero,scientific,-0.04018162190914154,-0.15418237447738647,-0.017046228051185608,-0.010049479082226753,0.030132142826914787,0.14413289539515972,0.006996748968958855,0.11400075256824493,0.023135393857955933,0.11400075256824493,-0.023135393857955933,735,224,0.6952380952380952,33,10
640,H,2,integrated_gradients,0.7,zero,scientific,-0.04018162190914154,-0.0678410530090332,-0.05413675308227539,-0.010049479082226753,0.030132142826914787,0.05779157392680645,0.04408727400004864,0.027659431099891663,0.01395513117313385,0.027659431099891663,0.01395513117313385,735,224,0.6952380952380952,33,10
640,H,3,gnnexplainer,0.7,zero,scientific,-0.02698579430580139,-0.12916401028633118,0.022792384028434753,-0.030795302242040634,0.0038095079362392426,0.09836870804429054,0.05358768627047539,0.10217821598052979,0.049778178334236145,0.0945592001080513,0.049778178334236145,735,224,0.6952380952380952,33,10
640,H,3,integrated_gradients,0.7,zero,scientific,-0.02698579430580139,-0.05335255339741707,-0.06509536504745483,-0.030795302242040634,0.0038095079362392426,0.022557251155376434,0.0343000628054142,0.026366759091615677,0.03810957074165344,0.018747743219137192,0.030490554869174957,735,224,0.6952380952380952,33,10
640,H,4,gnnexplainer,0.7,zero,scientific,-0.029253706336021423,-0.14555111527442932,-0.017692945897579193,-0.03988323733210564,0.010629530996084213,0.10566787794232368,0.022190291434526443,0.1162974089384079,0.01156076043844223,0.09503834694623947,0.01156076043844223,735,224,0.6952380952380952,33,10
640,H,4,integrated_gradients,0.7,zero,scientific,-0.029253706336021423,-0.05933907628059387,-0.06063106656074524,-0.03988323733210564,0.010629530996084213,0.019455838948488235,0.020747829228639603,0.03008536994457245,0.031377360224723816,0.008826307952404022,0.01011829823255539,735,224,0.6952380952380952,33,10
640,H,5,gnnexplainer,0.7,zero,scientific,-0.07945401221513748,-0.15558400750160217,-0.0278933048248291,-0.08353185653686523,0.004077844321727753,0.07205215096473694,0.05563855171203613,0.07612999528646469,0.05156070739030838,0.06797430664300919,0.05156070739030838,735,224,0.6952380952380952,33,10
640,H,5,integrated_gradients,0.7,zero,scientific,-0.07945401221513748,-0.08341346681118011,-0.10388238728046417,-0.08353185653686523,0.004077844321727753,0.00011838972568511963,0.020350530743598938,0.003959454596042633,0.02442837506532669,-0.003959454596042633,0.016272686421871185,735,224,0.6952380952380952,33,10
640,H,6,gnnexplainer,0.7,zero,scientific,-0.11835552006959915,-0.1111847460269928,-0.08364822715520859,-0.10661061108112335,0.0117449089884758,0.004574134945869446,0.022962383925914764,0.007170774042606354,0.034707292914390564,-0.007170774042606354,0.011217474937438965,735,224,0.6952380952380952,33,10
640,H,6,integrated_gradients,0.7,zero,scientific,-0.11835552006959915,-0.08545483648777008,-0.1488114893436432,-0.10661061108112335,0.0117449089884758,0.02115577459335327,0.042200878262519836,0.03290068358182907,0.030455969274044037,0.009410865604877472,0.030455969274044037,735,224,0.6952380952380952,33,10
640,H,7,gnnexplainer,0.7,zero,scientific,-0.06900552660226822,-0.2111719846725464,-0.021428287029266357,-0.07117222994565964,0.0021667033433914185,0.13999975472688675,0.04974394291639328,0.14216645807027817,0.04757723957300186,0.13783305138349533,0.04757723957300186,735,224,0.6952380952380952,33,10
640,H,7,integrated_gradients,0.7,zero,scientific,-0.06900552660226822,-0.08219467848539352,-0.10008466988801956,-0.07117222994565964,0.0021667033433914185,0.011022448539733887,0.028912439942359924,0.013189151883125305,0.031079143285751343,0.008855745196342468,0.026745736598968506,735,224,0.6952380952380952,33,10
640,H,8,gnnexplainer,0.7,zero,scientific,-0.10110029578208923,-0.04950458183884621,-0.20184385776519775,-0.12511934340000153,0.024019047617912292,0.07561476156115532,0.07672451436519623,0.05159571394324303,0.10074356198310852,0.05159571394324303,0.052705466747283936,735,224,0.6952380952380952,33,10
640,H,8,integrated_gradients,0.7,zero,scientific,-0.10110029578208923,-0.08187147974967957,-0.12883511185646057,-0.12511934340000153,0.024019047617912292,0.04324786365032196,0.0037157684564590454,0.019228816032409668,0.027734816074371338,0.019228816032409668,-0.020303279161453247,735,224,0.6952380952380952,33,10
640,H,9,gnnexplainer,0.7,zero,scientific,-0.07945292443037033,-0.18794190883636475,-0.023356221616268158,-0.08353185653686523,0.0040789321064949036,0.10441005229949951,0.060175634920597076,0.10848898440599442,0.05609670281410217,0.10033112019300461,0.05609670281410217,735,224,0.6952380952380952,33,10
640,H,9,integrated_gradients,0.7,zero,scientific,-0.07945292443037033,-0.08341384679079056,-0.10388295352458954,-0.08353185653686523,0.0040789321064949036,0.00011800974607467651,0.020351096987724304,0.003960922360420227,0.024430029094219208,-0.003960922360420227,0.0162721648812294,735,224,0.6952380952380952,33,10
640,H,10,gnnexplainer,0.7,zero,scientific,-0.11835354566574097,-0.13662579655647278,-0.0731012150645256,-0.10661061108112335,0.011742934584617615,0.030015185475349426,0.03350939601659775,0.01827225089073181,0.04525233060121536,0.01827225089073181,0.021766461431980133,735,224,0.6952380952380952,33,10
640,H,10,integrated_gradients,0.7,zero,scientific,-0.11835354566574097,-0.08545511215925217,-0.14880967140197754,-0.10661061108112335,0.011742934584617615,0.021155498921871185,0.04219906032085419,0.0328984335064888,0.030456125736236572,0.00941256433725357,0.030456125736236572,735,224,0.6952380952380952,33,10
640,H,11,gnnexplainer,0.7,zero,scientific,-0.04018741473555565,-0.1549079269170761,0.018545247614383698,-0.010049479082226753,0.030137935653328896,0.14485844783484936,0.02859472669661045,0.11472051218152046,0.058732662349939346,0.11472051218152046,-0.0015432089567184448,735,224,0.6952380952380952,33,10
640,H,11,integrated_gradients,0.7,zero,scientific,-0.04018741473555565,-0.06784091144800186,-0.05414082854986191,-0.010049479082226753,0.030137935653328896,0.05779143236577511,0.044091349467635155,0.027653496712446213,0.01395341381430626,0.027653496712446213,0.01395341381430626,735,224,0.6952380952380952,33,10
640,H,12,gnnexplainer,0.7,zero,scientific,-0.029250383377075195,-0.15865463018417358,0.034687794744968414,-0.04088323935866356,0.011632855981588364,0.11777139082551003,0.07557103410363197,0.1294042468070984,0.06393817812204361,0.10613853484392166,0.06393817812204361,735,224,0.6952380952380952,33,10
640,H,12,integrated_gradients,0.7,zero,scientific,-0.029250383377075195,-0.05112087354063988,-0.06588305532932281,-0.04088323935866356,0.011632855981588364,0.010237634181976318,0.024999815970659256,0.021870490163564682,0.03663267195224762,-0.0013952217996120453,0.013366959989070892,735,224,0.6952380952380952,33,10
640,H,13,gnnexplainer,0.7,zero,scientific,-0.026982992887496948,-0.1061612069606781,0.015726231038570404,-0.030795302242040634,0.003812309354543686,0.07536590471863747,0.04652153328061104,0.07917821407318115,0.04270922392606735,0.07155359536409378,0.04270922392606735,735,224,0.6952380952380952,33,10
640,H,13,integrated_gradients,0.7,zero,scientific,-0.026982992887496948,-0.05335254222154617,-0.06508887559175491,-0.030795302242040634,0.003812309354543686,0.02255723997950554,0.03429357334971428,0.026369549334049225,0.038105882704257965,0.018744930624961853,0.030481263995170593,735,224,0.6952380952380952,33,10
640,C,0,gnnexplainer,0.7,zero,scientific,-7.860611915588379,-2.659261703491211,-14.796239852905273,-8.271045684814453,0.4104337692260742,5.611783981323242,6.52519416809082,5.201350212097168,6.9356279373168945,5.201350212097168,6.114760398864746,735,224,0.6952380952380952,39,12
640,C,0,integrated_gradients,0.7,zero,scientific,-7.860611915588379,-5.530433177947998,-9.041363716125488,-8.271045684814453,0.4104337692260742,2.740612506866455,0.7703180313110352,2.330178737640381,1.1807518005371094,2.330178737640381,0.35988426208496094,735,224,0.6952380952380952,39,12
640,C,1,gnnexplainer,0.7,zero,scientific,-7.8596673011779785,-2.664374828338623,-15.024550437927246,-8.270045280456543,0.41037797927856445,5.60567045211792,6.754505157470703,5.1952924728393555,7.164883136749268,5.1952924728393555,6.344127178192139,735,224,0.6952380952380952,39,12
640,C,1,integrated_gradients,0.7,zero,scientific,-7.8596673011779785,-5.530466556549072,-9.040399551391602,-8.270045280456543,0.41037797927856445,2.7395787239074707,0.7703542709350586,2.3292007446289062,1.180732250213623,2.3292007446289062,0.35997629165649414,735,224,0.6952380952380952,39,12
640,C,2,gnnexplainer,0.7,zero,scientific,-0.4793398380279541,-6.351420879364014,0.3322085738182068,-0.608948290348053,0.12960845232009888,5.742472589015961,0.9411568641662598,5.87208104133606,0.8115484118461609,5.612864136695862,0.8115484118461609,735,224,0.6952380952380952,39,12
640,C,2,integrated_gradients,0.7,zero,scientific,-0.4793398380279541,-4.559745788574219,-0.5585780739784241,-0.608948290348053,0.12960845232009888,3.9507974982261658,0.050370216369628906,4.080405950546265,0.07923823595046997,3.821189045906067,-0.07923823595046997,735,224,0.6952380952380952,39,12
640,C,3,gnnexplainer,0.7,zero,scientific,-1.0577682256698608,-5.963551044464111,-0.39589476585388184,-1.4114946126937866,0.3537263870239258,4.552056431770325,1.0155998468399048,4.9057828187942505,0.661873459815979,4.198330044746399,0.661873459815979,735,224,0.6952380952380952,39,12
640,C,3,integrated_gradients,0.7,zero,scientific,-1.0577682256698608,-4.932094097137451,-1.0279649496078491,-1.4114946126937866,0.3537263870239258,3.5205994844436646,0.3835296630859375,3.8743258714675903,0.02980327606201172,3.1668730974197388,0.02980327606201172,735,224,0.6952380952380952,39,12
640,C,4,gnnexplainer,0.7,zero,scientific,-1.6062666177749634,-9.23410415649414,-0.5381296277046204,-2.1460978984832764,0.539831280708313,7.088006258010864,1.607968270778656,7.627837538719177,1.068136990070343,6.548174977302551,1.068136990070343,735,224,0.6952380952380952,39,12
640,C,4,integrated_gradients,0.7,zero,scientific,-1.6062666177749634,-5.251140594482422,-1.405559778213501,-2.1460978984832764,0.539831280708313,3.1050426959991455,0.7405381202697754,3.6448739767074585,0.2007068395614624,2.5652114152908325,0.2007068395614624,735,224,0.6952380952380952,39,12
640,C,5,gnnexplainer,0.7,zero,scientific,-1.0578246116638184,-6.314478397369385,-0.5302108526229858,-1.4114511013031006,0.3536264896392822,4.903027296066284,0.8812402486801147,5.256653785705566,0.5276137590408325,4.549400806427002,0.5276137590408325,735,224,0.6952380952380952,39,12
640,C,5,integrated_gradients,0.7,zero,scientific,-1.0578246116638184,-4.932085990905762,-1.0279980897903442,-1.4114511013031006,0.3536264896392822,3.520634889602661,0.38345301151275635,3.8742613792419434,0.02982652187347412,3.167008399963379,0.02982652187347412,735,224,0.6952380952380952,39,12
640,C,6,gnnexplainer,0.7,zero,scientific,-0.47932881116867065,-7.137794494628906,0.4571172595024109,-0.6109034419059753,0.1315746307373047,6.526891052722931,1.0680207014083862,6.658465683460236,0.9364460706710815,6.395316421985626,0.9364460706710815,735,224,0.6952380952380952,39,12
640,C,6,integrated_gradients,0.7,zero,scientific,-0.47932881116867065,-4.562745571136475,-0.5806201100349426,-0.6109034419059753,0.1315746307373047,3.9518421292304993,0.030283331871032715,4.083416759967804,0.10129129886627197,3.8202674984931946,-0.10129129886627197,735,224,0.6952380952380952,39,12
650,H,0,gnnexplainer,0.7,zero,scientific,-0.034940771758556366,-0.1790715456008911,-0.005278401076793671,-0.047470711171627045,0.012529939413070679,0.13160083442926407,0.042192310094833374,0.14413077384233475,0.029662370681762695,0.11907089501619339,0.029662370681762695,762,232,0.6955380577427821,33,10
650,H,0,integrated_gradients,0.7,zero,scientific,-0.034940771758556366,-0.0562790185213089,-0.05646449699997902,-0.047470711171627045,0.012529939413070679,0.008808307349681854,0.008993785828351974,0.021338246762752533,0.021523725241422653,-0.0037216320633888245,-0.0035361535847187042,762,232,0.6955380577427821,33,10
650,H,1,gnnexplainer,0.7,zero,scientific,-0.06100916862487793,-0.14134159684181213,-0.009736433625221252,-0.0373387411236763,0.02367042750120163,0.10400285571813583,0.027602307498455048,0.0803324282169342,0.05127273499965668,0.0803324282169342,0.003931879997253418,762,232,0.6955380577427821,33,10
650,H,1,integrated_gradients,0.7,zero,scientific,-0.06100916862487793,-0.06527310609817505,-0.08663791418075562,-0.0373387411236763,0.02367042750120163,0.02793436497449875,0.049299173057079315,0.004263937473297119,0.025628745555877686,0.004263937473297119,0.025628745555877686,762,232,0.6955380577427821,33,10
650,H,2,gnnexplainer,0.7,zero,scientific,-0.024738125503063202,-0.09601768851280212,0.015824295580387115,-0.021102281287312508,0.0036358442157506943,0.07491540722548962,0.03692657686769962,0.07127956300973892,0.04056242108345032,0.07127956300973892,0.03329073265194893,762,232,0.6955380577427821,33,10
650,H,2,integrated_gradients,0.7,zero,scientific,-0.024738125503063202,-0.06445998698472977,-0.04093346372246742,-0.021102281287312508,0.0036358442157506943,0.04335770569741726,0.019831182435154915,0.039721861481666565,0.01619533821940422,0.039721861481666565,0.01619533821940422,762,232,0.6955380577427821,33,10
650,H,3,gnnexplainer,0.7,zero,scientific,-0.10827633738517761,-0.04482484236359596,-0.14423507452011108,-0.09628623723983765,0.011990100145339966,0.051461394876241684,0.04794883728027344,0.06345149502158165,0.03595873713493347,0.03947129473090172,0.03595873713493347,762,232,0.6955380577427821,33,10
650,H,3,integrated_gradients,0.7,zero,scientific,-0.10827633738517761,-0.10818317532539368,-0.11784417927265167,-0.09628623723983765,0.011990100145339966,0.01189693808555603,0.021557942032814026,9.316205978393555e-05,0.00956784188747406,-9.316205978393555e-05,0.00956784188747406,762,232,0.6955380577427821,33,10
650,H,4,gnnexplainer,0.7,zero,scientific,-0.05421527847647667,-0.018535520881414413,-0.1781597137451172,-0.1060146912932396,0.051799412816762924,0.08747917041182518,0.0721450224518776,0.035679757595062256,0.12394443526864052,0.035679757595062256,0.02034560963511467,762,232,0.6955380577427821,33,10
650,H,4,integrated_gradients,0.7,zero,scientific,-0.05421527847647667,-0.10384383797645569,-0.10074630379676819,-0.1060146912932396,0.051799412816762924,0.002170853316783905,0.005268387496471405,0.04962855949997902,0.04653102532029152,-0.04962855949997902,-0.04653102532029152,762,232,0.6955380577427821,33,10
650,H,5,gnnexplainer,0.7,zero,scientific,-0.0340970978140831,-0.14623156189918518,0.02921374887228012,-0.045926790684461594,0.011829692870378494,0.10030477121472359,0.07514053955674171,0.11213446408510208,0.06331084668636322,0.08847507834434509,0.06331084668636322,762,232,0.6955380577427821,33,10
650,H,5,integrated_gradients,0.7,zero,scientific,-0.0340970978140831,-0.062043726444244385,-0.04874355345964432,-0.045926790684461594,0.011829692870378494,0.01611693575978279,0.002816762775182724,0.027946628630161285,0.014646455645561218,0.004287242889404297,-0.00901293009519577,762,232,0.6955380577427821,33,10
650,H,6,gnnexplainer,0.7,zero,scientific,-0.023676138371229172,-0.0946447104215622,0.010386690497398376,-0.01910228095948696,0.00457385741174221,0.07554242946207523,0.029488971456885338,0.07096857205033302,0.03406282886862755,0.07096857205033302,0.024915114045143127,762,232,0.6955380577427821,33,10
650,H,6,integrated_gradients,0.7,zero,scientific,-0.023676138371229172,-0.06422959268093109,-0.04624515026807785,-0.01910228095948696,0.00457385741174221,0.04512731172144413,0.02714286930859089,0.04055345430970192,0.02256901189684868,0.04055345430970192,0.02256901189684868,762,232,0.6955380577427821,33,10
650,H,7,gnnexplainer,0.7,zero,scientific,-0.05934511870145798,-0.14318430423736572,-0.023154322057962418,-0.03475097194314003,0.024594146758317947,0.10843333229422569,0.011596649885177612,0.08383918553590775,0.03619079664349556,0.08383918553590775,-0.012997496873140335,762,232,0.6955380577427821,33,10
650,H,7,integrated_gradients,0.7,zero,scientific,-0.05934511870145798,-0.058295559138059616,-0.07331138849258423,-0.03475097194314003,0.024594146758317947,0.023544587194919586,0.0385604165494442,0.0010495595633983612,0.013966269791126251,-0.0010495595633983612,0.013966269791126251,762,232,0.6955380577427821,33,10
650,H,8,gnnexplainer,0.7,zero,scientific,-0.03394071012735367,-0.13823184370994568,0.008846558630466461,-0.04692678898572922,0.01298607885837555,0.09130505472421646,0.05577334761619568,0.10429113358259201,0.04278726875782013,0.07831897586584091,0.04278726875782013,762,232,0.6955380577427821,33,10
650,H,8,integrated_gradients,0.7,zero,scientific,-0.03394071012735367,-0.060558855533599854,-0.046392809599637985,-0.04692678898572922,0.01298607885837555,0.013632066547870636,0.0005339793860912323,0.026618145406246185,0.012452099472284317,0.0006459876894950867,-0.012452099472284317,762,232,0.6955380577427821,33,10
650,H,9,gnnexplainer,0.7,zero,scientific,-0.05895303934812546,-0.12570033967494965,0.018358297646045685,-0.03479496389627457,0.02415807545185089,0.09090537577867508,0.05315326154232025,0.06674730032682419,0.07731133699417114,0.06674730032682419,0.02899518609046936,762,232,0.6955380577427821,33,10
650,H,9,integrated_gradients,0.7,zero,scientific,-0.05895303934812546,-0.057015106081962585,-0.07364176958799362,-0.03479496389627457,0.02415807545185089,0.02222014218568802,0.038846805691719055,0.0019379332661628723,0.014688730239868164,-0.0019379332661628723,0.014688730239868164,762,232,0.6955380577427821,33,10
650,H,10,gnnexplainer,0.7,zero,scientific,-0.023587524890899658,-0.09490038454532623,-0.001826651394367218,-0.020102281123399734,0.0034852437674999237,0.0747981034219265,0.018275629729032516,0.07131285965442657,0.02176087349653244,0.07131285965442657,0.014790385961532593,762,232,0.6955380577427821,33,10
650,H,10,integrated_gradients,0.7,zero,scientific,-0.023587524890899658,-0.0639747604727745,-0.046187400817871094,-0.020102281123399734,0.0034852437674999237,0.04387247934937477,0.02608511969447136,0.04038723558187485,0.022599875926971436,0.04038723558187485,0.022599875926971436,762,232,0.6955380577427821,33,10
650,H,11,gnnexplainer,0.7,zero,scientific,-0.10841157287359238,-0.0733339786529541,-0.14099472761154175,-0.09524228423833847,0.013169288635253906,0.02190830558538437,0.04575244337320328,0.035077594220638275,0.03258315473794937,0.008739016950130463,0.03258315473794937,762,232,0.6955380577427821,33,10
650,H,11,integrated_gradients,0.7,zero,scientific,-0.10841157287359238,-0.10879853367805481,-0.11773888021707535,-0.09524228423833847,0.013169288635253906,0.013556249439716339,0.022496595978736877,0.00038696080446243286,0.009327307343482971,0.00038696080446243286,0.009327307343482971,762,232,0.6955380577427821,33,10
650,H,12,gnnexplainer,0.7,zero,scientific,-0.05435436591506004,-0.023986920714378357,-0.1733590066432953,-0.10497073829174042,0.050616372376680374,0.08098381757736206,0.06838826835155487,0.030367445200681686,0.11900464072823524,0.030367445200681686,0.017771895974874496,762,232,0.6955380577427821,33,10
650,H,12,integrated_gradients,0.7,zero,scientific,-0.05435436591506004,-0.09712003916501999,-0.09824985265731812,-0.10497073829174042,0.050616372376680374,0.007850699126720428,0.006720885634422302,0.042765673249959946,0.04389548674225807,-0.042765673249959946,-0.04389548674225807,762,232,0.6955380577427821,33,10
650,H,13,gnnexplainer,0.7,zero,scientific,-0.06090754270553589,-0.14519092440605164,-0.007538881152868271,-0.03579496219754219,0.025112580507993698,0.10939596220850945,0.02825608104467392,0.08428338170051575,0.05336866155266762,0.08428338170051575,0.0031435005366802216,762,232,0.6955380577427821,33,10
650,H,13,integrated_gradients,0.7,zero,scientific,-0.06090754270553589,-0.06533452123403549,-0.08656956255435944,-0.03579496219754219,0.025112580507993698,0.0295395590364933,0.050774600356817245,0.004426978528499603,0.025662019848823547,0.004426978528499603,0.025662019848823547,762,232,0.6955380577427821,33,10
650,H,14,gnnexplainer,0.7,zero,scientific,-0.03507107496261597,-0.14902734756469727,0.0003795996308326721,-0.04792679101228714,0.012855716049671173,0.10110055655241013,0.04830639064311981,0.1139562726020813,0.03545067459344864,0.08824484050273895,0.03545067459344864,762,232,0.6955380577427821,33,10
650,H,14,integrated_gradients,0.7,zero,scientific,-0.03507107496261597,-0.057692013680934906,-0.052840545773506165,-0.04792679101228714,0.012855716049671173,0.009765222668647766,0.004913754761219025,0.02262093871831894,0.017769470810890198,-0.003090493381023407,-0.007941961288452148,762,232,0.6955380577427821,33,10
650,H,15,gnnexplainer,0.7,zero,scientific,-0.024672776460647583,-0.10553289949893951,0.003498479723930359,-0.01910228095948696,0.005570495501160622,0.08643061853945255,0.02260076068341732,0.08086012303829193,0.028171256184577942,0.08086012303829193,0.0170302651822567,762,232,0.6955380577427821,33,10
650,H,15,integrated_gradients,0.7,zero,scientific,-0.024672776460647583,-0.06454876810312271,-0.048013608902692795,-0.01910228095948696,0.005570495501160622,0.04544648714363575,0.028911327943205833,0.03987599164247513,0.023340832442045212,0.03987599164247513,0.023340832442045212,762,232,0.6955380577427821,33,10
650,C,0,gnnexplainer,0.7,zero,scientific,-0.6039972305297852,-7.172127723693848,-0.2998032569885254,-0.7945148944854736,0.19051766395568848,6.377612829208374,0.49471163749694824,6.5681304931640625,0.30419397354125977,6.1870951652526855,0.30419397354125977,762,232,0.6955380577427821,39,12
650,C,0,integrated_gradients,0.7,zero,scientific,-0.6039972305297852,-4.064464092254639,-0.6243200898170471,-0.7945148944854736,0.19051766395568848,3.269949197769165,0.1701948046684265,3.4604668617248535,0.020322859287261963,3.0794315338134766,-0.020322859287261963,762,232,0.6955380577427821,39,12
650,C,1,gnnexplainer,0.7,zero,scientific,-0.9427768588066101,-7.269533634185791,-0.21969246864318848,-1.2854688167572021,0.34269195795059204,5.984064817428589,1.0657763481140137,6.326756775379181,0.7230843901634216,5.641372859477997,0.7230843901634216,762,232,0.6955380577427821,39,12
650,C,1,integrated_gradients,0.7,zero,scientific,-0.9427768588066101,-5.111417293548584,-0.9593151211738586,-1.2854688167572021,0.34269195795059204,3.825948476791382,0.3261536955833435,4.168640434741974,0.016538262367248535,3.48325651884079,-0.016538262367248535,762,232,0.6955380577427821,39,12
650,C,2,gnnexplainer,0.7,zero,scientific,-0.6430948376655579,-8.09594440460205,0.20616130530834198,-0.7869271636009216,0.14383232593536377,7.309017241001129,0.9930884689092636,7.452849566936493,0.8492561429738998,7.165184915065765,0.8492561429738998,762,232,0.6955380577427821,39,12
650,C,2,integrated_gradients,0.7,zero,scientific,-0.6430948376655579,-4.103540897369385,-0.7075997591018677,-0.7869271636009216,0.14383232593536377,3.316613733768463,0.07932740449905396,3.460446059703827,0.06450492143630981,3.1727814078330994,-0.06450492143630981,762,232,0.6955380577427821,39,12
650,C,3,gnnexplainer,0.7,zero,scientific,-0.6416166424751282,-6.96056604385376,-0.06329681724309921,-0.7869707942008972,0.14535415172576904,6.1735952496528625,0.723673976957798,6.318949401378632,0.578319825232029,6.0282410979270935,0.578319825232029,762,232,0.6955380577427821,39,12
650,C,3,integrated_gradients,0.7,zero,scientific,-0.6416166424751282,-4.142720699310303,-0.6803561449050903,-0.7869707942008972,0.14535415172576904,3.3557499051094055,0.10661464929580688,3.5011040568351746,0.03873950242996216,3.2103957533836365,-0.03873950242996216,762,232,0.6955380577427821,39,12
650,C,4,gnnexplainer,0.7,zero,scientific,-0.942050039768219,-6.186555862426758,-0.19485583901405334,-1.282924771308899,0.34087473154067993,4.903631091117859,1.0880689322948456,5.244505822658539,0.7471942007541656,4.562756359577179,0.7471942007541656,762,232,0.6955380577427821,39,12
650,C,4,integrated_gradients,0.7,zero,scientific,-0.942050039768219,-5.11348819732666,-0.9307306408882141,-1.282924771308899,0.34087473154067993,3.8305634260177612,0.3521941304206848,4.171438157558441,0.011319398880004883,3.4896886944770813,0.011319398880004883,762,232,0.6955380577427821,39,12
650,C,5,gnnexplainer,0.7,zero,scientific,-0.60410076379776,-6.645745277404785,0.03303888440132141,-0.7939702272415161,0.1898694634437561,5.851775050163269,0.8270091116428375,6.041644513607025,0.6371396481990814,5.661905586719513,0.6371396481990814,762,232,0.6955380577427821,39,12
650,C,5,integrated_gradients,0.7,zero,scientific,-0.60410076379776,-4.07468318939209,-0.6690895557403564,-0.7939702272415161,0.1898694634437561,3.2807129621505737,0.12488067150115967,3.47058242559433,0.06498879194259644,3.0908434987068176,-0.06498879194259644,762,232,0.6955380577427821,39,12
740,H,1,gnnexplainer,0.7,zero,scientific,-0.026137936860322952,-0.16262578964233398,0.06312429159879684,0.03481113538146019,0.06094907224178314,0.19743692502379417,0.028313156217336655,0.13648785278201103,0.0892622284591198,0.13648785278201103,-0.03263591602444649,561,171,0.6951871657754011,33,10
740,H,2,gnnexplainer,0.7,zero,scientific,-0.04452488198876381,-0.1495741307735443,-0.02303687110543251,-0.0694003626704216,0.02487548068165779,0.08017376810312271,0.04636349156498909,0.1050492487847805,0.0214880108833313,0.05529828742146492,0.0214880108833313,561,171,0.6951871657754011,33,10
740,H,3,gnnexplainer,0.7,zero,scientific,-0.04864649474620819,-0.14868934452533722,0.045776575803756714,-0.03524171933531761,0.01340477541089058,0.11344762519001961,0.08101829513907433,0.10004284977912903,0.0944230705499649,0.10004284977912903,0.06761351972818375,561,171,0.6951871657754011,33,10
740,H,4,gnnexplainer,0.7,zero,scientific,-0.044288262724876404,-0.18542979657649994,0.003996729850769043,-0.06663717329502106,0.022348910570144653,0.11879262328147888,0.0706339031457901,0.14114153385162354,0.04828499257564545,0.09644371271133423,0.04828499257564545,561,171,0.6951871657754011,33,10
740,H,5,gnnexplainer,0.7,zero,scientific,-0.02385552227497101,-0.15271589159965515,0.03973039239645004,0.03422334045171738,0.058078862726688385,0.18693923205137253,0.005507051944732666,0.12886036932468414,0.06358591467142105,0.12886036932468414,-0.05257181078195572,561,171,0.6951871657754011,33,10
740,H,6,gnnexplainer,0.7,zero,scientific,-0.046978406608104706,-0.14243879914283752,0.014100641012191772,-0.03061004728078842,0.016368359327316284,0.1118287518620491,0.044710688292980194,0.09546039253473282,0.06107904762029648,0.09546039253473282,0.02834232896566391,561,171,0.6951871657754011,33,10
740,H,9,gnnexplainer,0.7,zero,scientific,-0.04696982726454735,-0.01369711384177208,-0.1482161283493042,-0.11217248439788818,0.06520265713334084,0.0984753705561161,0.036043643951416016,0.03327271342277527,0.10124630108475685,0.03327271342277527,-0.02915901318192482,561,171,0.6951871657754011,33,10
740,H,10,gnnexplainer,0.7,zero,scientific,-0.046655893325805664,-0.009950932115316391,-0.15051326155662537,-0.10799708962440491,0.06134119629859924,0.09804615750908852,0.04251617193222046,0.03670496121048927,0.1038573682308197,0.03670496121048927,-0.018825024366378784,561,171,0.6951871657754011,33,10
740,H,11,gnnexplainer,0.7,zero,scientific,-0.03764323145151138,-0.18792855739593506,0.08017975836992264,0.028855061158537865,0.06649829261004925,0.21678361855447292,0.05132469721138477,0.15028532594442368,0.11782298982143402,0.15028532594442368,-0.015173595398664474,561,171,0.6951871657754011,33,10
740,C,0,gnnexplainer,0.7,zero,scientific,0.018430694937705994,-7.026698112487793,0.6392607092857361,0.41184088587760925,0.39341019093990326,7.438538998365402,0.22741982340812683,7.045128807425499,0.6208300143480301,7.045128807425499,-0.16599036753177643,561,171,0.6951871657754011,39,12
740,C,1,gnnexplainer,0.7,zero,scientific,0.007801875472068787,-7.8187079429626465,0.5913134813308716,0.3751834034919739,0.3673815280199051,8.19389134645462,0.2161300778388977,7.826509818434715,0.5835116058588028,7.826509818434715,-0.15125145018100739,561,171,0.6951871657754011,39,12
740,C,2,gnnexplainer,0.7,zero,scientific,-0.3508378267288208,-9.417662620544434,0.6011576652526855,0.5169197916984558,0.8677576184272766,9.93458241224289,0.08423787355422974,9.066824793815613,0.9519954919815063,9.066824793815613,-0.7835197448730469,561,171,0.6951871657754011,39,12
