graph_idx,node_type,node_idx,method,sparsity_target,mask_baseline_mode,ig_baseline_mode,pred_orig,pred_drop,pred_keep,target,error_orig,error_drop,error_keep,fid_plus_model,fid_minus_model,fid_plus_error_delta,fid_minus_error_delta,n_features,k_features,actual_sparsity_feat,n_features_target,k_features_target
50,H,0,gnnexplainer,0.5,zero,scientific,-0.18866461515426636,-0.09640348702669144,-0.23111072182655334,-0.18572446703910828,0.002940148115158081,0.08932098001241684,0.04538625478744507,0.09226112812757492,0.04244610667228699,0.08638083189725876,0.04244610667228699,498,256,0.48594377510040165,33,17
50,H,0,integrated_gradients,0.5,zero,scientific,-0.18866461515426636,-0.1155816838145256,-0.18775123357772827,-0.18572446703910828,0.002940148115158081,0.07014278322458267,0.002026766538619995,0.07308293133974075,0.0009133815765380859,0.06720263510942459,-0.0009133815765380859,498,256,0.48594377510040165,33,17
50,H,1,gnnexplainer,0.5,zero,scientific,-0.19408667087554932,-0.0935916006565094,-0.2116422951221466,-0.1745053380727768,0.019581332802772522,0.0809137374162674,0.03713695704936981,0.10049507021903992,0.01755562424659729,0.06133240461349487,0.01755562424659729,498,256,0.48594377510040165,33,17
50,H,1,integrated_gradients,0.5,zero,scientific,-0.19408667087554932,-0.12682494521141052,-0.18804562091827393,-0.1745053380727768,0.019581332802772522,0.04768039286136627,0.013540282845497131,0.0672617256641388,0.006041049957275391,0.02809906005859375,-0.006041049957275391,498,256,0.48594377510040165,33,17
50,H,2,gnnexplainer,0.5,zero,scientific,-0.13721123337745667,-0.06114999204874039,-0.2125706970691681,-0.1240059956908226,0.013205237686634064,0.06285600364208221,0.08856470137834549,0.07606124132871628,0.07535946369171143,0.04965076595544815,0.07535946369171143,498,256,0.48594377510040165,33,17
50,H,2,integrated_gradients,0.5,zero,scientific,-0.13721123337745667,-0.1289764791727066,-0.15830162167549133,-0.1240059956908226,0.013205237686634064,0.004970483481884003,0.03429562598466873,0.008234754204750061,0.021090388298034668,-0.008234754204750061,0.021090388298034668,498,256,0.48594377510040165,33,17
50,H,3,gnnexplainer,0.5,zero,scientific,-0.06269896030426025,-0.16958236694335938,-0.03264191746711731,-0.029461706057190895,0.03323725424706936,0.14012066088616848,0.0031802114099264145,0.10688340663909912,0.030057042837142944,0.10688340663909912,-0.030057042837142944,498,256,0.48594377510040165,33,17
50,H,3,integrated_gradients,0.5,zero,scientific,-0.06269896030426025,-0.11536190658807755,-0.07079411298036575,-0.029461706057190895,0.03323725424706936,0.08590020053088665,0.04133240692317486,0.05266294628381729,0.0080951526761055,0.05266294628381729,0.0080951526761055,498,256,0.48594377510040165,33,17
50,H,4,gnnexplainer,0.5,zero,scientific,-0.05592544749379158,-0.039075203239917755,-0.13873830437660217,-0.08866342157125473,0.03273797407746315,0.049588218331336975,0.05007488280534744,0.016850244253873825,0.08281285688281059,0.016850244253873825,0.017336908727884293,498,256,0.48594377510040165,33,17
50,H,4,integrated_gradients,0.5,zero,scientific,-0.05592544749379158,-0.11536190658807755,-0.06199117749929428,-0.08866342157125473,0.03273797407746315,0.026698485016822815,0.02667224407196045,0.059436459094285965,0.006065730005502701,-0.006039489060640335,-0.006065730005502701,498,256,0.48594377510040165,33,17
50,H,5,gnnexplainer,0.5,zero,scientific,-0.08462868630886078,-0.16664227843284607,-0.01599292829632759,-0.06410186737775803,0.020526818931102753,0.10254041105508804,0.048108939081430435,0.08201359212398529,0.06863575801253319,0.08201359212398529,0.027582120150327682,498,256,0.48594377510040165,33,17
50,H,5,integrated_gradients,0.5,zero,scientific,-0.08462868630886078,-0.13417759537696838,-0.10468821227550507,-0.06410186737775803,0.020526818931102753,0.07007572799921036,0.04058634489774704,0.049548909068107605,0.020059525966644287,0.049548909068107605,0.020059525966644287,498,256,0.48594377510040165,33,17
50,H,6,gnnexplainer,0.5,zero,scientific,-0.33054494857788086,-0.06434109061956406,-0.4554876387119293,-0.3011716902256012,0.029373258352279663,0.23683059960603714,0.15431594848632812,0.2662038579583168,0.12494269013404846,0.20745734125375748,0.12494269013404846,498,256,0.48594377510040165,33,17
50,H,6,integrated_gradients,0.5,zero,scientific,-0.33054494857788086,-0.13381662964820862,-0.321431428194046,-0.3011716902256012,0.029373258352279663,0.16735506057739258,0.020259737968444824,0.19672831892967224,0.009113520383834839,0.13798180222511292,-0.009113520383834839,498,256,0.48594377510040165,33,17
50,H,7,gnnexplainer,0.5,zero,scientific,-0.3257949948310852,-0.10178353637456894,-0.5645802617073059,-0.362988144159317,0.03719314932823181,0.2612046077847481,0.2015921175479889,0.22401145845651627,0.2387852668762207,0.22401145845651627,0.16439896821975708,498,256,0.48594377510040165,33,17
50,H,7,integrated_gradients,0.5,zero,scientific,-0.3257949948310852,-0.13605812191963196,-0.3274518847465515,-0.362988144159317,0.03719314932823181,0.22693002223968506,0.0355362594127655,0.18973687291145325,0.0016568899154663086,0.18973687291145325,-0.0016568899154663086,498,256,0.48594377510040165,33,17
50,C,0,gnnexplainer,0.5,zero,scientific,-3.4731967449188232,-3.3859939575195312,-6.014594554901123,-3.638505220413208,0.16530847549438477,0.25251126289367676,2.376089334487915,0.08720278739929199,2.5413978099823,0.08720278739929199,2.2107808589935303,498,256,0.48594377510040165,39,20
50,C,0,integrated_gradients,0.5,zero,scientific,-3.4731967449188232,-5.728161334991455,-3.0677711963653564,-3.638505220413208,0.16530847549438477,2.089656114578247,0.5707340240478516,2.254964590072632,0.4054255485534668,1.9243476390838623,0.4054255485534668,498,256,0.48594377510040165,39,20
50,C,1,gnnexplainer,0.5,zero,scientific,-2.626781463623047,-2.165006160736084,-6.195745944976807,-2.7032065391540527,0.07642507553100586,0.5382003784179688,3.492539405822754,0.4617753028869629,3.5689644813537598,0.4617753028869629,3.416114330291748,498,256,0.48594377510040165,39,20
50,C,1,integrated_gradients,0.5,zero,scientific,-2.626781463623047,-5.7732038497924805,-2.4305131435394287,-2.7032065391540527,0.07642507553100586,3.0699973106384277,0.272693395614624,3.1464223861694336,0.19626832008361816,2.993572235107422,0.19626832008361816,498,256,0.48594377510040165,39,20
50,C,2,gnnexplainer,0.5,zero,scientific,-2.6187326908111572,-1.7561333179473877,-5.145114421844482,-3.0836172103881836,0.46488451957702637,1.327483892440796,2.061497211456299,0.8625993728637695,2.526381731033325,0.8625993728637695,1.5966126918792725,498,256,0.48594377510040165,39,20
50,C,2,integrated_gradients,0.5,zero,scientific,-2.6187326908111572,-5.102201461791992,-2.2116527557373047,-3.0836172103881836,0.46488451957702637,2.0185842514038086,0.8719644546508789,2.483468770980835,0.40707993507385254,1.5536997318267822,0.40707993507385254,498,256,0.48594377510040165,39,20
50,C,3,gnnexplainer,0.5,zero,scientific,-12.352452278137207,-3.7905924320220947,-12.884949684143066,-11.829119682312012,0.5233325958251953,8.038527250289917,1.0558300018310547,8.561859846115112,0.5324974060058594,7.515194654464722,0.5324974060058594,498,256,0.48594377510040165,39,20
50,C,3,integrated_gradients,0.5,zero,scientific,-12.352452278137207,-4.961817741394043,-11.709147453308105,-11.829119682312012,0.5233325958251953,6.867301940917969,0.11997222900390625,7.390634536743164,0.6433048248291016,6.343969345092773,-0.40336036682128906,498,256,0.48594377510040165,39,20
50,C,4,gnnexplainer,0.5,zero,scientific,-12.56570053100586,-3.936293363571167,-14.352242469787598,-12.671215057373047,0.1055145263671875,8.73492169380188,1.6810274124145508,8.629407167434692,1.7865419387817383,8.629407167434692,1.5755128860473633,498,256,0.48594377510040165,39,20
50,C,4,integrated_gradients,0.5,zero,scientific,-12.56570053100586,-4.807519435882568,-12.898552894592285,-12.671215057373047,0.1055145263671875,7.8636956214904785,0.22733783721923828,7.758181095123291,0.3328523635864258,7.758181095123291,0.12182331085205078,498,256,0.48594377510040165,39,20
50,C,5,gnnexplainer,0.5,zero,scientific,-1.2540905475616455,-5.8214521408081055,-0.8746886849403381,-1.9315294027328491,0.6774388551712036,3.8899227380752563,1.056840717792511,4.56736159324646,0.3794018626213074,3.2124838829040527,0.3794018626213074,498,256,0.48594377510040165,39,20
50,C,5,integrated_gradients,0.5,zero,scientific,-1.2540905475616455,-4.956428527832031,-1.0890108346939087,-1.9315294027328491,0.6774388551712036,3.024899125099182,0.8425185680389404,3.7023379802703857,0.16507971286773682,2.3474602699279785,0.16507971286773682,498,256,0.48594377510040165,39,20
170,H,0,gnnexplainer,0.5,zero,scientific,-0.08065252006053925,-0.12823471426963806,-0.05054672434926033,-0.026961499825119972,0.05369102023541927,0.10127321444451809,0.023585224524140358,0.047582194209098816,0.030105795711278915,0.047582194209098816,-0.030105795711278915,662,340,0.48640483383685795,33,17
170,H,0,integrated_gradients,0.5,zero,scientific,-0.08065252006053925,-0.06910855323076248,-0.08368739485740662,-0.026961499825119972,0.05369102023541927,0.04214705340564251,0.056725895032286644,0.011543966829776764,0.0030348747968673706,-0.011543966829776764,0.0030348747968673706,662,340,0.48640483383685795,33,17
170,H,1,gnnexplainer,0.5,zero,scientific,-0.08064423501491547,-0.1282976269721985,-0.059067536145448685,-0.027961499989032745,0.05268273502588272,0.10033612698316574,0.03110603615641594,0.04765339195728302,0.02157669886946678,0.04765339195728302,-0.02157669886946678,662,340,0.48640483383685795,33,17
170,H,1,integrated_gradients,0.5,zero,scientific,-0.08064423501491547,-0.06910855323076248,-0.08368206024169922,-0.027961499989032745,0.05268273502588272,0.041147053241729736,0.05572056025266647,0.011535681784152985,0.0030378252267837524,-0.011535681784152985,0.0030378252267837524,662,340,0.48640483383685795,33,17
170,H,2,gnnexplainer,0.5,zero,scientific,-0.08063553273677826,-0.1353912055492401,-0.0847507119178772,-0.027961499989032745,0.052674032747745514,0.10742970556020737,0.05678921192884445,0.05475567281246185,0.004115179181098938,0.05475567281246185,0.004115179181098938,662,340,0.48640483383685795,33,17
170,H,2,integrated_gradients,0.5,zero,scientific,-0.08063553273677826,-0.06908669322729111,-0.08367945998907089,-0.027961499989032745,0.052674032747745514,0.04112519323825836,0.05571796000003815,0.011548839509487152,0.003043927252292633,-0.011548839509487152,0.003043927252292633,662,340,0.48640483383685795,33,17
170,H,3,gnnexplainer,0.5,zero,scientific,-0.08062697947025299,-0.1417134404182434,-0.0648438110947609,-0.026961499825119972,0.05366547964513302,0.11475194059312344,0.03788231126964092,0.06108646094799042,0.015783168375492096,0.06108646094799042,-0.015783168375492096,662,340,0.48640483383685795,33,17
170,H,3,integrated_gradients,0.5,zero,scientific,-0.08062697947025299,-0.06908669322729111,-0.08367432653903961,-0.026961499825119972,0.05366547964513302,0.042125193402171135,0.05671282671391964,0.011540286242961884,0.003047347068786621,-0.011540286242961884,0.003047347068786621,662,340,0.48640483383685795,33,17
170,H,4,gnnexplainer,0.5,zero,scientific,-0.07791470736265182,-0.0783974826335907,-0.03446216136217117,-0.027961499989032745,0.04995320737361908,0.05043598264455795,0.006500661373138428,0.0004827752709388733,0.04345254600048065,0.0004827752709388733,-0.04345254600048065,662,340,0.48640483383685795,33,17
170,H,4,integrated_gradients,0.5,zero,scientific,-0.07791470736265182,-0.07143975794315338,-0.07105442136526108,-0.027961499989032745,0.04995320737361908,0.043478257954120636,0.04309292137622833,0.006474949419498444,0.006860285997390747,-0.006474949419498444,-0.006860285997390747,662,340,0.48640483383685795,33,17
170,H,5,gnnexplainer,0.5,zero,scientific,-0.07790467888116837,-0.09739048033952713,-0.03799452632665634,-0.026961499825119972,0.05094317905604839,0.07042898051440716,0.01103302650153637,0.019485801458358765,0.039910152554512024,0.019485801458358765,-0.039910152554512024,662,340,0.48640483383685795,33,17
170,H,5,integrated_gradients,0.5,zero,scientific,-0.07790467888116837,-0.07143975794315338,-0.07104285061359406,-0.026961499825119972,0.05094317905604839,0.04447825811803341,0.04408135078847408,0.006464920938014984,0.00686182826757431,-0.006464920938014984,-0.00686182826757431,662,340,0.48640483383685795,33,17
170,H,6,gnnexplainer,0.5,zero,scientific,-0.07790350168943405,-0.10340359807014465,-0.049887869507074356,-0.026961499825119972,0.05094200186431408,0.07644209824502468,0.022926369681954384,0.025500096380710602,0.028015632182359695,0.025500096380710602,-0.028015632182359695,662,340,0.48640483383685795,33,17
170,H,6,integrated_gradients,0.5,zero,scientific,-0.07790350168943405,-0.07143699377775192,-0.07104365527629852,-0.026961499825119972,0.05094200186431408,0.04447549395263195,0.04408215545117855,0.006466507911682129,0.0068598464131355286,-0.006466507911682129,-0.0068598464131355286,662,340,0.48640483383685795,33,17
170,H,7,gnnexplainer,0.5,zero,scientific,-0.07790827751159668,-0.09230098873376846,-0.06223981827497482,-0.02896150015294552,0.04894677735865116,0.06333948858082294,0.033278318122029305,0.014392711222171783,0.015668459236621857,0.014392711222171783,-0.015668459236621857,662,340,0.48640483383685795,33,17
170,H,7,integrated_gradients,0.5,zero,scientific,-0.07790827751159668,-0.07143699377775192,-0.07105301320552826,-0.02896150015294552,0.04894677735865116,0.042475493624806404,0.04209151305258274,0.006471283733844757,0.00685526430606842,-0.006471283733844757,-0.00685526430606842,662,340,0.48640483383685795,33,17
170,H,8,gnnexplainer,0.5,zero,scientific,-0.07964935898780823,-0.1559826284646988,-0.05202926695346832,-0.02691764011979103,0.0527317188680172,0.12906498834490776,0.025111626833677292,0.07633326947689056,0.027620092034339905,0.07633326947689056,-0.027620092034339905,662,340,0.48640483383685795,33,17
170,H,8,integrated_gradients,0.5,zero,scientific,-0.07964935898780823,-0.06609725952148438,-0.08220820128917694,-0.02691764011979103,0.0527317188680172,0.039179619401693344,0.05529056116938591,0.013552099466323853,0.0025588423013687134,-0.013552099466323853,0.0025588423013687134,662,340,0.48640483383685795,33,17
170,H,9,gnnexplainer,0.5,zero,scientific,-0.0796414166688919,-0.13445356488227844,-0.06858905404806137,-0.025917639955878258,0.05372377671301365,0.10853592492640018,0.04267141409218311,0.054812148213386536,0.011052362620830536,0.054812148213386536,-0.011052362620830536,662,340,0.48640483383685795,33,17
170,H,9,integrated_gradients,0.5,zero,scientific,-0.0796414166688919,-0.06609725952148438,-0.08219850063323975,-0.025917639955878258,0.05372377671301365,0.04017961956560612,0.05628086067736149,0.013544157147407532,0.0025570839643478394,-0.013544157147407532,0.0025570839643478394,662,340,0.48640483383685795,33,17
170,H,10,gnnexplainer,0.5,zero,scientific,-0.07964157313108444,-0.1315201371908188,-0.07528457790613174,-0.025917639955878258,0.053723933175206184,0.10560249723494053,0.04936693795025349,0.051878564059734344,0.004356995224952698,0.051878564059734344,-0.004356995224952698,662,340,0.48640483383685795,33,17
170,H,10,integrated_gradients,0.5,zero,scientific,-0.07964157313108444,-0.06607728451490402,-0.08220893144607544,-0.025917639955878258,0.053723933175206184,0.040159644559025764,0.05629129149019718,0.01356428861618042,0.0025673583149909973,-0.01356428861618042,0.0025673583149909973,662,340,0.48640483383685795,33,17
170,H,11,gnnexplainer,0.5,zero,scientific,-0.07965811342000961,-0.11868304759263992,-0.06439168006181717,-0.02896150015294552,0.050696613267064095,0.0897215474396944,0.03543017990887165,0.03902493417263031,0.015266433358192444,0.03902493417263031,-0.015266433358192444,662,340,0.48640483383685795,33,17
170,H,11,integrated_gradients,0.5,zero,scientific,-0.07965811342000961,-0.06607728451490402,-0.08222594112157822,-0.02896150015294552,0.050696613267064095,0.037115784361958504,0.0532644409686327,0.01358082890510559,0.0025678277015686035,-0.01358082890510559,0.0025678277015686035,662,340,0.48640483383685795,33,17
170,C,0,gnnexplainer,0.5,zero,scientific,-2.0284276008605957,-4.804502964019775,-1.9615509510040283,-2.175614595413208,0.1471869945526123,2.6288883686065674,0.2140636444091797,2.7760753631591797,0.06687664985656738,2.481701374053955,0.06687664985656738,662,340,0.48640483383685795,39,20
170,C,0,integrated_gradients,0.5,zero,scientific,-2.0284276008605957,-4.139579772949219,-1.491822361946106,-2.175614595413208,0.1471869945526123,1.9639651775360107,0.683792233467102,2.111152172088623,0.5366052389144897,1.8167781829833984,0.5366052389144897,662,340,0.48640483383685795,39,20
170,C,1,gnnexplainer,0.5,zero,scientific,-2.0285582542419434,-4.880692481994629,-1.6476505994796753,-2.1761586666107178,0.14760041236877441,2.704533815383911,0.5285080671310425,2.8521342277526855,0.38090765476226807,2.5569334030151367,0.38090765476226807,662,340,0.48640483383685795,39,20
170,C,1,integrated_gradients,0.5,zero,scientific,-2.0285582542419434,-4.14145040512085,-1.4964629411697388,-2.1761586666107178,0.14760041236877441,1.9652917385101318,0.679695725440979,2.1128921508789062,0.5320953130722046,1.8176913261413574,0.5320953130722046,662,340,0.48640483383685795,39,20
170,C,2,gnnexplainer,0.5,zero,scientific,-2.1927924156188965,-4.641287803649902,-1.3852578401565552,-2.1926145553588867,0.00017786026000976562,2.4486732482910156,0.8073567152023315,2.448495388031006,0.8075345754623413,2.448495388031006,0.8071788549423218,662,340,0.48640483383685795,39,20
170,C,2,integrated_gradients,0.5,zero,scientific,-2.1927924156188965,-4.337034702301025,-1.6756372451782227,-2.1926145553588867,0.00017786026000976562,2.1444201469421387,0.5169773101806641,2.144242286682129,0.5171551704406738,2.144242286682129,0.5167994499206543,662,340,0.48640483383685795,39,20
170,C,3,gnnexplainer,0.5,zero,scientific,-2.1926939487457275,-4.184266567230225,-1.1975637674331665,-2.179614543914795,0.013079404830932617,2.0046520233154297,0.9820507764816284,1.991572618484497,0.995130181312561,1.991572618484497,0.9689713716506958,662,340,0.48640483383685795,39,20
170,C,3,integrated_gradients,0.5,zero,scientific,-2.1926939487457275,-4.26992130279541,-1.7074965238571167,-2.179614543914795,0.013079404830932617,2.0903067588806152,0.4721180200576782,2.0772273540496826,0.48519742488861084,2.0772273540496826,0.4590386152267456,662,340,0.48640483383685795,39,20
170,C,4,gnnexplainer,0.5,zero,scientific,-2.0527212619781494,-4.772750377655029,-1.8924559354782104,-2.1881580352783203,0.1354367733001709,2.584592342376709,0.29570209980010986,2.72002911567688,0.16026532649993896,2.449155569076538,0.16026532649993896,662,340,0.48640483383685795,39,20
170,C,4,integrated_gradients,0.5,zero,scientific,-2.0527212619781494,-4.197746276855469,-1.5210020542144775,-2.1881580352783203,0.1354367733001709,2.0095882415771484,0.6671559810638428,2.1450250148773193,0.5317192077636719,1.8741514682769775,0.5317192077636719,662,340,0.48640483383685795,39,20
170,C,5,gnnexplainer,0.5,zero,scientific,-2.0526702404022217,-4.553173542022705,-0.9705049395561218,-2.174614429473877,0.12194418907165527,2.378559112548828,1.2041094899177551,2.5005033016204834,1.0821653008460999,2.256614923477173,1.0821653008460999,662,340,0.48640483383685795,39,20
170,C,5,integrated_gradients,0.5,zero,scientific,-2.0526702404022217,-4.197549343109131,-1.5207890272140503,-2.174614429473877,0.12194418907165527,2.022934913635254,0.6538254022598267,2.144879102706909,0.5318812131881714,1.9009907245635986,0.5318812131881714,662,340,0.48640483383685795,39,20
270,H,0,gnnexplainer,0.5,zero,scientific,-0.06326740980148315,-0.1673675775527954,-0.04803621023893356,-0.04426804184913635,0.018999367952346802,0.12309953570365906,0.0037681683897972107,0.10410016775131226,0.015231199562549591,0.10410016775131226,-0.015231199562549591,370,190,0.4864864864864865,33,17
270,H,0,integrated_gradients,0.5,zero,scientific,-0.06326740980148315,-0.1137065589427948,-0.06949402391910553,-0.04426804184913635,0.018999367952346802,0.06943851709365845,0.025225982069969177,0.050439149141311646,0.0062266141176223755,0.050439149141311646,0.0062266141176223755,370,190,0.4864864864864865,33,17
270,H,1,gnnexplainer,0.5,zero,scientific,-0.06325238198041916,-0.19034028053283691,-0.014087744057178497,-0.04426804184913635,0.018984340131282806,0.14607223868370056,0.030180297791957855,0.12708789855241776,0.04916463792324066,0.12708789855241776,0.011195957660675049,370,190,0.4864864864864865,33,17
270,H,1,integrated_gradients,0.5,zero,scientific,-0.06325238198041916,-0.1137065589427948,-0.06949188560247421,-0.04426804184913635,0.018984340131282806,0.06943851709365845,0.02522384375333786,0.05045417696237564,0.006239503622055054,0.05045417696237564,0.006239503622055054,370,190,0.4864864864864865,33,17
270,H,2,gnnexplainer,0.5,zero,scientific,-0.11182482540607452,-0.047200851142406464,-0.2060740888118744,-0.1254609227180481,0.013636097311973572,0.07826007157564163,0.0806131660938263,0.06462397426366806,0.09424926340579987,0.06462397426366806,0.06697706878185272,370,190,0.4864864864864865,33,17
270,H,2,integrated_gradients,0.5,zero,scientific,-0.11182482540607452,-0.08943310379981995,-0.1421123743057251,-0.1254609227180481,0.013636097311973572,0.03602781891822815,0.016651451587677002,0.022391721606254578,0.030287548899650574,0.022391721606254578,0.00301535427570343,370,190,0.4864864864864865,33,17
270,H,3,gnnexplainer,0.5,zero,scientific,-0.11181138455867767,-0.052448078989982605,-0.17424462735652924,-0.12491703033447266,0.013105645775794983,0.07246895134449005,0.04932759702205658,0.05936330556869507,0.06243324279785156,0.05936330556869507,0.0362219512462616,370,190,0.4864864864864865,33,17
270,H,3,integrated_gradients,0.5,zero,scientific,-0.11181138455867767,-0.08943310379981995,-0.1420961618423462,-0.12491703033447266,0.013105645775794983,0.03548392653465271,0.017179131507873535,0.022378280758857727,0.030284777283668518,0.022378280758857727,0.004073485732078552,370,190,0.4864864864864865,33,17
270,H,4,gnnexplainer,0.5,zero,scientific,-0.11182227730751038,-0.10745938122272491,-0.19460910558700562,-0.12646092474460602,0.014638647437095642,0.019001543521881104,0.0681481808423996,0.004362896084785461,0.08278682827949524,0.004362896084785461,0.053509533405303955,370,190,0.4864864864864865,33,17
270,H,4,integrated_gradients,0.5,zero,scientific,-0.11182227730751038,-0.09740705043077469,-0.13348883390426636,-0.12646092474460602,0.014638647437095642,0.02905387431383133,0.007027909159660339,0.014415226876735687,0.02166655659675598,0.014415226876735687,-0.007610738277435303,370,190,0.4864864864864865,33,17
270,H,5,gnnexplainer,0.5,zero,scientific,-0.11181676387786865,-0.09945464879274368,-0.1864652931690216,-0.12591703236103058,0.014100268483161926,0.026462383568286896,0.06054826080799103,0.01236211508512497,0.07464852929115295,0.01236211508512497,0.0464479923248291,370,190,0.4864864864864865,33,17
270,H,5,integrated_gradients,0.5,zero,scientific,-0.11181676387786865,-0.09740705043077469,-0.13348016142845154,-0.12591703236103058,0.014100268483161926,0.02850998193025589,0.0075631290674209595,0.014409713447093964,0.021663397550582886,0.014409713447093964,-0.006537139415740967,370,190,0.4864864864864865,33,17
270,C,0,gnnexplainer,0.5,zero,scientific,-0.8327508568763733,-4.328091144561768,-0.8137463927268982,-0.4850490391254425,0.3477018177509308,3.843042105436325,0.3286973536014557,3.4953402876853943,0.019004464149475098,3.4953402876853943,-0.019004464149475098,370,190,0.4864864864864865,39,20
270,C,0,integrated_gradients,0.5,zero,scientific,-0.8327508568763733,-5.41610860824585,-0.46111440658569336,-0.4850490391254425,0.3477018177509308,4.931059569120407,0.023934632539749146,4.583357751369476,0.37163645029067993,4.583357751369476,-0.32376718521118164,370,190,0.4864864864864865,39,20
270,C,1,gnnexplainer,0.5,zero,scientific,-3.084488868713379,-5.79083776473999,-1.7416304349899292,-2.464503288269043,0.6199855804443359,3.3263344764709473,0.7228728532791138,2.7063488960266113,1.3428584337234497,2.7063488960266113,0.10288727283477783,370,190,0.4864864864864865,39,20
270,C,1,integrated_gradients,0.5,zero,scientific,-3.084488868713379,-4.70361852645874,-2.9400620460510254,-2.464503288269043,0.6199855804443359,2.2391152381896973,0.4755587577819824,1.6191296577453613,0.14442682266235352,1.6191296577453613,-0.14442682266235352,370,190,0.4864864864864865,39,20
270,C,2,gnnexplainer,0.5,zero,scientific,-14.785540580749512,-4.915523052215576,-19.701372146606445,-16.523923873901367,1.7383832931518555,11.608400821685791,3.177448272705078,9.870017528533936,4.915831565856934,9.870017528533936,1.4390649795532227,370,190,0.4864864864864865,39,20
270,C,2,integrated_gradients,0.5,zero,scientific,-14.785540580749512,-5.403366565704346,-13.45690631866455,-16.523923873901367,1.7383832931518555,11.120557308197021,3.0670175552368164,9.382174015045166,1.328634262084961,9.382174015045166,1.328634262084961,370,190,0.4864864864864865,39,20
270,C,3,gnnexplainer,0.5,zero,scientific,-3.084531784057617,-6.147809982299805,-1.2043691873550415,-2.4825034141540527,0.6020283699035645,3.665306568145752,1.2781342267990112,3.0632781982421875,1.8801625967025757,3.0632781982421875,0.6761058568954468,370,190,0.4864864864864865,39,20
270,C,3,integrated_gradients,0.5,zero,scientific,-3.084531784057617,-4.703620910644531,-2.9401004314422607,-2.4825034141540527,0.6020283699035645,2.2211174964904785,0.457597017288208,1.619089126586914,0.14443135261535645,1.619089126586914,-0.14443135261535645,370,190,0.4864864864864865,39,20
330,H,0,gnnexplainer,0.5,zero,scientific,-0.05332114174962044,-0.14331237971782684,-0.04471080005168915,-0.03665326535701752,0.01666787639260292,0.10665911436080933,0.00805753469467163,0.0899912379682064,0.00861034169793129,0.0899912379682064,-0.00861034169793129,380,195,0.48684210526315785,33,17
330,H,0,integrated_gradients,0.5,zero,scientific,-0.05332114174962044,-0.07304578274488449,-0.06423471122980118,-0.03665326535701752,0.01666787639260292,0.036392517387866974,0.02758144587278366,0.019724640995264053,0.01091356948018074,0.019724640995264053,0.01091356948018074,380,195,0.48684210526315785,33,17
330,H,1,gnnexplainer,0.5,zero,scientific,-0.04627763852477074,-0.15453803539276123,-0.024205796420574188,-0.05347871407866478,0.007201075553894043,0.10105932131409645,0.02927291765809059,0.1082603968679905,0.02207184210419655,0.09385824576020241,0.02207184210419655,380,195,0.48684210526315785,33,17
330,H,1,integrated_gradients,0.5,zero,scientific,-0.04627763852477074,-0.0829169750213623,-0.06739203631877899,-0.05347871407866478,0.007201075553894043,0.029438260942697525,0.013913322240114212,0.03663933649659157,0.021114397794008255,0.022237185388803482,0.006712246686220169,380,195,0.48684210526315785,33,17
330,H,2,gnnexplainer,0.5,zero,scientific,-0.04633069783449173,-0.1542084962129593,-0.03627101331949234,-0.052478715777397156,0.006148017942905426,0.10172978043556213,0.016207702457904816,0.10787779837846756,0.01005968451499939,0.09558176249265671,0.01005968451499939,380,195,0.48684210526315785,33,17
330,H,2,integrated_gradients,0.5,zero,scientific,-0.04633069783449173,-0.08289994299411774,-0.06887349486351013,-0.052478715777397156,0.006148017942905426,0.03042122721672058,0.016394779086112976,0.03656924515962601,0.022542797029018402,0.024273209273815155,0.01024676114320755,380,195,0.48684210526315785,33,17
330,H,3,gnnexplainer,0.5,zero,scientific,-0.018737804144620895,-0.161711186170578,-0.015917807817459106,-0.028382685035467148,0.009644880890846252,0.13332850113511086,0.012464877218008041,0.1429733820259571,0.002819996327161789,0.1236836202442646,0.002819996327161789,380,195,0.48684210526315785,33,17
330,H,3,integrated_gradients,0.5,zero,scientific,-0.018737804144620895,-0.07790710777044296,-0.035994209349155426,-0.028382685035467148,0.009644880890846252,0.049524422734975815,0.007611524313688278,0.05916930362582207,0.01725640520453453,0.03987954184412956,-0.0020333565771579742,380,195,0.48684210526315785,33,17
330,H,4,gnnexplainer,0.5,zero,scientific,-0.01875194162130356,-0.16735601425170898,-0.026648622006177902,-0.02938268519937992,0.010630743578076363,0.13797332905232906,0.0027340631932020187,0.14860407263040543,0.007896680384874344,0.1273425854742527,-0.007896680384874344,380,195,0.48684210526315785,33,17
330,H,4,integrated_gradients,0.5,zero,scientific,-0.01875194162130356,-0.07790711522102356,-0.03606824576854706,-0.02938268519937992,0.010630743578076363,0.04852443002164364,0.006685560569167137,0.05915517359972,0.0173163041472435,0.037893686443567276,-0.0039451830089092255,380,195,0.48684210526315785,33,17
330,H,5,gnnexplainer,0.5,zero,scientific,-0.08483874797821045,-0.14725086092948914,-0.06373630464076996,-0.05086393281817436,0.03397481516003609,0.09638692811131477,0.012872371822595596,0.062412112951278687,0.02110244333744049,0.062412112951278687,-0.02110244333744049,380,195,0.48684210526315785,33,17
330,H,5,integrated_gradients,0.5,zero,scientific,-0.08483874797821045,-0.08048088848590851,-0.10034561157226562,-0.05086393281817436,0.03397481516003609,0.029616955667734146,0.04948167875409126,0.004357859492301941,0.015506863594055176,-0.004357859492301941,0.015506863594055176,380,195,0.48684210526315785,33,17
330,H,6,gnnexplainer,0.5,zero,scientific,-0.14934495091438293,-0.06227150931954384,-0.28629830479621887,-0.19063477218151093,0.04128982126712799,0.1283632628619671,0.09566353261470795,0.0870734415948391,0.13695335388183594,0.0870734415948391,0.054373711347579956,380,195,0.48684210526315785,33,17
330,H,6,integrated_gradients,0.5,zero,scientific,-0.14934495091438293,-0.08436689525842667,-0.1747947782278061,-0.19063477218151093,0.04128982126712799,0.10626787692308426,0.015839993953704834,0.06497805565595627,0.025449827313423157,0.06497805565595627,-0.025449827313423157,380,195,0.48684210526315785,33,17
330,C,0,gnnexplainer,0.5,zero,scientific,-1.6009703874588013,-4.33417272567749,-0.8408034443855286,-1.5042518377304077,0.09671854972839355,2.8299208879470825,0.6634483933448792,2.733202338218689,0.7601669430732727,2.733202338218689,0.5667298436164856,380,195,0.48684210526315785,39,20
330,C,0,integrated_gradients,0.5,zero,scientific,-1.6009703874588013,-4.016229152679443,-1.5115201473236084,-1.5042518377304077,0.09671854972839355,2.5119773149490356,0.007268309593200684,2.415258765220642,0.08945024013519287,2.415258765220642,-0.08945024013519287,380,195,0.48684210526315785,39,20
330,C,1,gnnexplainer,0.5,zero,scientific,-1.3574010133743286,-4.849887847900391,-0.46142488718032837,-1.1874029636383057,0.16999804973602295,3.662484884262085,0.7259780764579773,3.492486834526062,0.8959761261940002,3.492486834526062,0.5559800267219543,380,195,0.48684210526315785,39,20
330,C,1,integrated_gradients,0.5,zero,scientific,-1.3574010133743286,-4.141863822937012,-1.215827226638794,-1.1874029636383057,0.16999804973602295,2.954460859298706,0.02842426300048828,2.784462809562683,0.14157378673553467,2.784462809562683,-0.14157378673553467,380,195,0.48684210526315785,39,20
330,C,2,gnnexplainer,0.5,zero,scientific,-6.480936527252197,-3.439385175704956,-9.649598121643066,-7.547578811645508,1.0666422843933105,4.108193635940552,2.1020193099975586,3.041551351547241,3.168661594390869,3.041551351547241,1.035377025604248,380,195,0.48684210526315785,39,20
330,C,2,integrated_gradients,0.5,zero,scientific,-6.480936527252197,-3.827510356903076,-7.066346645355225,-7.547578811645508,1.0666422843933105,3.7200684547424316,0.4812321662902832,2.653426170349121,0.5854101181030273,2.653426170349121,-0.5854101181030273,380,195,0.48684210526315785,39,20
360,H,0,gnnexplainer,0.5,zero,scientific,-0.33236026763916016,-0.08009912073612213,-0.35500189661979675,-0.3191285729408264,0.01323169469833374,0.23902945220470428,0.03587332367897034,0.252261146903038,0.022641628980636597,0.22579775750637054,0.022641628980636597,436,224,0.4862385321100917,33,17
360,H,0,integrated_gradients,0.5,zero,scientific,-0.33236026763916016,-0.12972182035446167,-0.333821177482605,-0.3191285729408264,0.01323169469833374,0.18940675258636475,0.014692604541778564,0.2026384472846985,0.0014609098434448242,0.176175057888031,0.0014609098434448242,436,224,0.4862385321100917,33,17
360,H,1,gnnexplainer,0.5,zero,scientific,-0.342712938785553,-0.07292158156633377,-0.4786949157714844,-0.26153138279914856,0.08118155598640442,0.1886098012328148,0.21716353297233582,0.2697913572192192,0.1359819769859314,0.10742824524641037,0.1359819769859314,436,224,0.4862385321100917,33,17
360,H,1,integrated_gradients,0.5,zero,scientific,-0.342712938785553,-0.12386037409305573,-0.3485400080680847,-0.26153138279914856,0.08118155598640442,0.13767100870609283,0.08700862526893616,0.21885256469249725,0.005827069282531738,0.056489452719688416,0.005827069282531738,436,224,0.4862385321100917,33,17
360,H,2,gnnexplainer,0.5,zero,scientific,-0.14684848487377167,-0.06062895059585571,-0.2103678584098816,-0.1154087483882904,0.03143973648548126,0.05477979779243469,0.09495911002159119,0.08621953427791595,0.06351937353610992,0.02334006130695343,0.06351937353610992,436,224,0.4862385321100917,33,17
360,H,2,integrated_gradients,0.5,zero,scientific,-0.14684848487377167,-0.10456961393356323,-0.1647881269454956,-0.1154087483882904,0.03143973648548126,0.010839134454727173,0.0493793785572052,0.042278870940208435,0.017939642071723938,-0.02060060203075409,0.017939642071723938,436,224,0.4862385321100917,33,17
360,H,3,gnnexplainer,0.5,zero,scientific,-0.14511096477508545,-0.10538189858198166,-0.1794464886188507,-0.14733904600143433,0.002228081226348877,0.04195714741945267,0.03210744261741638,0.03972906619310379,0.03433552384376526,0.03972906619310379,0.029879361391067505,436,224,0.4862385321100917,33,17
360,H,3,integrated_gradients,0.5,zero,scientific,-0.14511096477508545,-0.08642388135194778,-0.1583797037601471,-0.14733904600143433,0.002228081226348877,0.06091516464948654,0.011040657758712769,0.058687083423137665,0.013268738985061646,0.058687083423137665,0.008812576532363892,436,224,0.4862385321100917,33,17
360,H,4,gnnexplainer,0.5,zero,scientific,-0.13666847348213196,-0.06272666901350021,-0.213873028755188,-0.11875949054956436,0.017908982932567596,0.05603282153606415,0.09511353820562363,0.07394180446863174,0.07720455527305603,0.03812383860349655,0.07720455527305603,436,224,0.4862385321100917,33,17
360,H,4,integrated_gradients,0.5,zero,scientific,-0.13666847348213196,-0.10863327234983444,-0.15473684668540955,-0.11875949054956436,0.017908982932567596,0.01012621819972992,0.035977356135845184,0.028035201132297516,0.018068373203277588,-0.007782764732837677,0.018068373203277588,436,224,0.4862385321100917,33,17
360,H,5,gnnexplainer,0.5,zero,scientific,-0.1832352876663208,-0.08824276179075241,-0.27576735615730286,-0.16926804184913635,0.013967245817184448,0.08102528005838394,0.1064993143081665,0.09499252587556839,0.09253206849098206,0.0670580342411995,0.09253206849098206,436,224,0.4862385321100917,33,17
360,H,5,integrated_gradients,0.5,zero,scientific,-0.1832352876663208,-0.09176037460565567,-0.18781745433807373,-0.16926804184913635,0.013967245817184448,0.07750766724348068,0.018549412488937378,0.09147491306066513,0.00458216667175293,0.06354042142629623,0.00458216667175293,436,224,0.4862385321100917,33,17
360,H,6,gnnexplainer,0.5,zero,scientific,-0.17076992988586426,-0.12682609260082245,-0.22093525528907776,-0.20832136273384094,0.037551432847976685,0.0814952701330185,0.012613892555236816,0.04394383728504181,0.0501653254032135,0.04394383728504181,-0.024937540292739868,436,224,0.4862385321100917,33,17
360,H,6,integrated_gradients,0.5,zero,scientific,-0.17076992988586426,-0.09917107224464417,-0.16677173972129822,-0.20832136273384094,0.037551432847976685,0.10915029048919678,0.041549623012542725,0.07159885764122009,0.00399819016456604,0.07159885764122009,0.00399819016456604,436,224,0.4862385321100917,33,17
360,C,0,gnnexplainer,0.5,zero,scientific,-3.523756980895996,-2.8947842121124268,-5.223450183868408,-4.043220043182373,0.519463062286377,1.1484358310699463,1.1802301406860352,0.6289727687835693,1.699693202972412,0.6289727687835693,0.6607670783996582,436,224,0.4862385321100917,39,20
360,C,0,integrated_gradients,0.5,zero,scientific,-3.523756980895996,-4.337198257446289,-3.1471006870269775,-4.043220043182373,0.519463062286377,0.293978214263916,0.8961193561553955,0.813441276550293,0.37665629386901855,-0.22548484802246094,0.37665629386901855,436,224,0.4862385321100917,39,20
360,C,1,gnnexplainer,0.5,zero,scientific,-14.09076976776123,-5.182767868041992,-18.687274932861328,-14.111479759216309,0.020709991455078125,8.928711891174316,4.5757951736450195,8.908001899719238,4.596505165100098,8.908001899719238,4.555085182189941,436,224,0.4862385321100917,39,20
360,C,1,integrated_gradients,0.5,zero,scientific,-14.09076976776123,-5.423888683319092,-14.22767162322998,-14.111479759216309,0.020709991455078125,8.687591075897217,0.11619186401367188,8.666881084442139,0.13690185546875,8.666881084442139,0.09548187255859375,436,224,0.4862385321100917,39,20
360,C,2,gnnexplainer,0.5,zero,scientific,-11.013855934143066,-3.243832588195801,-13.678360939025879,-9.470762252807617,1.5430936813354492,6.226929664611816,4.207598686218262,7.770023345947266,2.6645050048828125,4.683835983276367,2.6645050048828125,436,224,0.4862385321100917,39,20
360,C,2,integrated_gradients,0.5,zero,scientific,-11.013855934143066,-4.378579616546631,-11.810162544250488,-9.470762252807617,1.5430936813354492,5.092182636260986,2.339400291442871,6.6352763175964355,0.7963066101074219,3.549088954925537,0.7963066101074219,436,224,0.4862385321100917,39,20
360,C,3,gnnexplainer,0.5,zero,scientific,-1.671934723854065,-4.209262371063232,-0.0977453887462616,-1.504056692123413,0.16787803173065186,2.7052056789398193,1.4063113033771515,2.5373276472091675,1.5741893351078033,2.5373276472091675,1.2384332716464996,436,224,0.4862385321100917,39,20
360,C,3,integrated_gradients,0.5,zero,scientific,-1.671934723854065,-4.498806476593018,-1.658476710319519,-1.504056692123413,0.16787803173065186,2.9947497844696045,0.15442001819610596,2.8268717527389526,0.013458013534545898,2.8268717527389526,-0.013458013534545898,436,224,0.4862385321100917,39,20
380,H,0,gnnexplainer,0.5,zero,scientific,-0.13993945717811584,-0.05836237967014313,-0.18210525810718536,-0.11915438622236252,0.020785070955753326,0.06079200655221939,0.06295087188482285,0.08157707750797272,0.04216580092906952,0.040006935596466064,0.04216580092906952,436,224,0.4862385321100917,33,17
380,H,0,integrated_gradients,0.5,zero,scientific,-0.13993945717811584,-0.1119447723031044,-0.16682374477386475,-0.11915438622236252,0.020785070955753326,0.007209613919258118,0.04766935855150223,0.027994684875011444,0.0268842875957489,-0.013575457036495209,0.0268842875957489,436,224,0.4862385321100917,33,17
380,H,1,gnnexplainer,0.5,zero,scientific,-0.13264447450637817,-0.09326432645320892,-0.2172309160232544,-0.1529437154531479,0.020299240946769714,0.059679388999938965,0.0642872005701065,0.03938014805316925,0.08458644151687622,0.03938014805316925,0.04398795962333679,436,224,0.4862385321100917,33,17
380,H,1,integrated_gradients,0.5,zero,scientific,-0.13264447450637817,-0.08212567865848541,-0.1240893304347992,-0.1529437154531479,0.020299240946769714,0.07081803679466248,0.028854385018348694,0.05051879584789276,0.00855514407157898,0.05051879584789276,0.00855514407157898,436,224,0.4862385321100917,33,17
380,H,2,gnnexplainer,0.5,zero,scientific,-0.13482002913951874,-0.04521477594971657,-0.24429604411125183,-0.11749634146690369,0.01732368767261505,0.07228156551718712,0.12679970264434814,0.08960525318980217,0.1094760149717331,0.05495787784457207,0.1094760149717331,436,224,0.4862385321100917,33,17
380,H,2,integrated_gradients,0.5,zero,scientific,-0.13482002913951874,-0.08539009094238281,-0.14602838456630707,-0.11749634146690369,0.01732368767261505,0.032106250524520874,0.02853204309940338,0.049429938197135925,0.01120835542678833,0.014782562851905823,0.01120835542678833,436,224,0.4862385321100917,33,17
380,H,3,gnnexplainer,0.5,zero,scientific,-0.1763220578432083,-0.1086822897195816,-0.20677947998046875,-0.2253120243549347,0.04898996651172638,0.11662973463535309,0.018532544374465942,0.06763976812362671,0.030457422137260437,0.06763976812362671,-0.030457422137260437,436,224,0.4862385321100917,33,17
380,H,3,integrated_gradients,0.5,zero,scientific,-0.1763220578432083,-0.10357116907835007,-0.18732477724552155,-0.2253120243549347,0.04898996651172638,0.12174085527658463,0.03798724710941315,0.07275088876485825,0.011002719402313232,0.07275088876485825,-0.011002719402313232,436,224,0.4862385321100917,33,17
380,H,4,gnnexplainer,0.5,zero,scientific,-0.17767122387886047,-0.08314285427331924,-0.20787617564201355,-0.19009250402450562,0.012421280145645142,0.10694964975118637,0.017783671617507935,0.09452836960554123,0.030204951763153076,0.09452836960554123,0.005362391471862793,436,224,0.4862385321100917,33,17
380,H,4,integrated_gradients,0.5,zero,scientific,-0.17767122387886047,-0.10325406491756439,-0.18826305866241455,-0.19009250402450562,0.012421280145645142,0.08683843910694122,0.0018294453620910645,0.07441715896129608,0.010591834783554077,0.07441715896129608,-0.010591834783554077,436,224,0.4862385321100917,33,17
380,H,5,gnnexplainer,0.5,zero,scientific,-0.019281115382909775,-0.12404712289571762,-0.006594318896532059,0.054915860295295715,0.07419697567820549,0.17896298319101334,0.061510179191827774,0.10476600751280785,0.012686796486377716,0.10476600751280785,-0.012686796486377716,436,224,0.4862385321100917,33,17
380,H,5,integrated_gradients,0.5,zero,scientific,-0.019281115382909775,-0.10881392657756805,-0.03485855087637901,0.054915860295295715,0.07419697567820549,0.16372978687286377,0.08977441117167473,0.08953281119465828,0.015577435493469238,0.08953281119465828,0.015577435493469238,436,224,0.4862385321100917,33,17
380,H,6,gnnexplainer,0.5,zero,scientific,-0.02779546007514,-0.25109028816223145,0.00810249149799347,-0.026584316045045853,0.0012111440300941467,0.2245059721171856,0.03468680754303932,0.22329482808709145,0.03589795157313347,0.22329482808709145,0.033475663512945175,436,224,0.4862385321100917,33,17
380,H,6,integrated_gradients,0.5,zero,scientific,-0.02779546007514,-0.09529448300600052,-0.03991957753896713,-0.026584316045045853,0.0012111440300941467,0.06871016696095467,0.01333526149392128,0.06749902293086052,0.012124117463827133,0.06749902293086052,0.012124117463827133,436,224,0.4862385321100917,33,17
380,H,7,gnnexplainer,0.5,zero,scientific,-0.025298241525888443,-0.2371891438961029,-0.000996425747871399,-0.0037771498318761587,0.021521091694012284,0.23341199406422675,0.00278072408400476,0.21189090237021446,0.024301815778017044,0.21189090237021446,-0.018740367610007524,436,224,0.4862385321100917,33,17
380,H,7,integrated_gradients,0.5,zero,scientific,-0.025298241525888443,-0.09294920414686203,-0.038802120834589005,-0.0037771498318761587,0.021521091694012284,0.08917205431498587,0.035024971002712846,0.06765096262097359,0.013503879308700562,0.06765096262097359,0.013503879308700562,436,224,0.4862385321100917,33,17
380,C,0,gnnexplainer,0.5,zero,scientific,-0.011481314897537231,-4.208828926086426,0.439150869846344,0.17328409850597382,0.18476541340351105,4.3821130245924,0.2658667713403702,4.1973476111888885,0.4506321847438812,4.1973476111888885,0.08110135793685913,436,224,0.4862385321100917,39,20
380,C,0,integrated_gradients,0.5,zero,scientific,-0.011481314897537231,-4.415964126586914,0.026966288685798645,0.17328409850597382,0.18476541340351105,4.589248225092888,0.14631780982017517,4.404482811689377,0.038447603583335876,4.404482811689377,-0.038447603583335876,436,224,0.4862385321100917,39,20
380,C,1,gnnexplainer,0.5,zero,scientific,-2.963667631149292,-2.3570356369018555,-4.90725564956665,-2.9316675662994385,0.032000064849853516,0.574631929397583,1.975588083267212,0.6066319942474365,1.9435880184173584,0.5426318645477295,1.9435880184173584,436,224,0.4862385321100917,39,20
380,C,1,integrated_gradients,0.5,zero,scientific,-2.963667631149292,-4.508345603942871,-2.400932550430298,-2.9316675662994385,0.032000064849853516,1.5766780376434326,0.5307350158691406,1.544677972793579,0.5627350807189941,1.544677972793579,0.4987349510192871,436,224,0.4862385321100917,39,20
380,C,2,gnnexplainer,0.5,zero,scientific,-15.949727058410645,-5.211033344268799,-19.805931091308594,-16.425132751464844,0.4754056930541992,11.214099407196045,3.38079833984375,10.738693714141846,3.856204032897949,10.738693714141846,2.905392646789551,436,224,0.4862385321100917,39,20
380,C,2,integrated_gradients,0.5,zero,scientific,-15.949727058410645,-5.174223899841309,-14.444443702697754,-16.425132751464844,0.4754056930541992,11.250908851623535,1.9806890487670898,10.775503158569336,1.5052833557128906,10.775503158569336,1.5052833557128906,436,224,0.4862385321100917,39,20
380,C,3,gnnexplainer,0.5,zero,scientific,-1.695212483406067,-6.049699306488037,-0.8212657570838928,-1.3898565769195557,0.30535590648651123,4.6598427295684814,0.5685908198356628,4.35448682308197,0.8739467263221741,4.35448682308197,0.2632349133491516,436,224,0.4862385321100917,39,20
380,C,3,integrated_gradients,0.5,zero,scientific,-1.695212483406067,-4.107693672180176,-1.5937533378601074,-1.3898565769195557,0.30535590648651123,2.71783709526062,0.20389676094055176,2.412481188774109,0.10145914554595947,2.412481188774109,-0.10145914554595947,436,224,0.4862385321100917,39,20
450,H,0,gnnexplainer,0.5,zero,scientific,-0.04355114698410034,-0.1796320378780365,0.0030653923749923706,0.03275012969970703,0.07630127668380737,0.21238216757774353,0.02968473732471466,0.13608089089393616,0.04661653935909271,0.13608089089393616,-0.04661653935909271,457,234,0.4879649890590809,33,17
450,H,0,integrated_gradients,0.5,zero,scientific,-0.04355114698410034,-0.11448217928409576,-0.05129352957010269,0.03275012969970703,0.07630127668380737,0.1472323089838028,0.08404365926980972,0.07093103229999542,0.00774238258600235,0.07093103229999542,0.00774238258600235,457,234,0.4879649890590809,33,17
450,H,1,gnnexplainer,0.5,zero,scientific,-0.06927318125963211,-0.07917818427085876,-0.11511576175689697,-0.0715140700340271,0.002240888774394989,0.007664114236831665,0.04360169172286987,0.009905003011226654,0.04584258049726486,0.005423225462436676,0.041360802948474884,457,234,0.4879649890590809,33,17
450,H,1,integrated_gradients,0.5,zero,scientific,-0.06927318125963211,-0.10925763845443726,-0.08398846536874771,-0.0715140700340271,0.002240888774394989,0.037743568420410156,0.012474395334720612,0.039984457194805145,0.0147152841091156,0.03550267964601517,0.010233506560325623,457,234,0.4879649890590809,33,17
450,H,2,gnnexplainer,0.5,zero,scientific,-0.06935058534145355,-0.10191675275564194,-0.11142803728580475,-0.07355805486440659,0.0042074695229530334,0.02835869789123535,0.03786998242139816,0.032566167414188385,0.042077451944351196,0.024151228368282318,0.03366251289844513,457,234,0.4879649890590809,33,17
450,H,2,integrated_gradients,0.5,zero,scientific,-0.06935058534145355,-0.1087520569562912,-0.08392021805047989,-0.07355805486440659,0.0042074695229530334,0.03519400209188461,0.010362163186073303,0.039401471614837646,0.014569632709026337,0.03098653256893158,0.00615469366312027,457,234,0.4879649890590809,33,17
450,H,3,gnnexplainer,0.5,zero,scientific,-0.14339891076087952,-0.07855967432260513,-0.2444148063659668,-0.23171529173851013,0.08831638097763062,0.153155617415905,0.012699514627456665,0.06483923643827438,0.10101589560508728,0.06483923643827438,-0.07561686635017395,457,234,0.4879649890590809,33,17
450,H,3,integrated_gradients,0.5,zero,scientific,-0.14339891076087952,-0.08341167867183685,-0.1929393708705902,-0.23171529173851013,0.08831638097763062,0.14830361306667328,0.03877592086791992,0.059987232089042664,0.04954046010971069,0.059987232089042664,-0.04954046010971069,457,234,0.4879649890590809,33,17
450,C,0,gnnexplainer,0.5,zero,scientific,-5.920004844665527,-3.6608376502990723,-10.782329559326172,-7.761427879333496,1.8414230346679688,4.100590229034424,3.020901679992676,2.259167194366455,4.8623247146606445,2.259167194366455,1.179478645324707,457,234,0.4879649890590809,39,20
450,C,0,integrated_gradients,0.5,zero,scientific,-5.920004844665527,-5.128057956695557,-6.0709309577941895,-7.761427879333496,1.8414230346679688,2.6333699226379395,1.6904969215393066,0.7919468879699707,0.1509261131286621,0.7919468879699707,-0.1509261131286621,457,234,0.4879649890590809,39,20
450,C,1,gnnexplainer,0.5,zero,scientific,-8.008285522460938,-3.5067942142486572,-11.35513687133789,-9.08093547821045,1.0726499557495117,5.574141263961792,2.2742013931274414,4.50149130821228,3.346851348876953,4.50149130821228,1.2015514373779297,457,234,0.4879649890590809,39,20
450,C,1,integrated_gradients,0.5,zero,scientific,-8.008285522460938,-4.023016452789307,-7.557041645050049,-9.08093547821045,1.0726499557495117,5.057919025421143,1.5238938331604004,3.985269069671631,0.45124387741088867,3.985269069671631,0.45124387741088867,457,234,0.4879649890590809,39,20
450,C,2,gnnexplainer,0.5,zero,scientific,-0.7208598256111145,-6.4298930168151855,0.12918026745319366,-0.7991183996200562,0.07825857400894165,5.630774617195129,0.9282986670732498,5.709033191204071,0.8500400930643082,5.552516043186188,0.8500400930643082,457,234,0.4879649890590809,39,20
450,C,2,integrated_gradients,0.5,zero,scientific,-0.7208598256111145,-4.478058338165283,-0.6095931529998779,-0.7991183996200562,0.07825857400894165,3.678939938545227,0.18952524662017822,3.7571985125541687,0.11126667261123657,3.6006813645362854,0.11126667261123657,457,234,0.4879649890590809,39,20
450,C,3,gnnexplainer,0.5,zero,scientific,-5.4790120124816895,-3.798673391342163,-7.233193397521973,-5.140366077423096,0.33864593505859375,1.3416926860809326,2.092827320098877,1.6803386211395264,1.7541813850402832,1.0030467510223389,1.7541813850402832,457,234,0.4879649890590809,39,20
450,C,3,integrated_gradients,0.5,zero,scientific,-5.4790120124816895,-4.148622989654541,-5.84518575668335,-5.140366077423096,0.33864593505859375,0.9917430877685547,0.7048196792602539,1.3303890228271484,0.36617374420166016,0.6530971527099609,0.36617374420166016,457,234,0.4879649890590809,39,20
450,C,4,gnnexplainer,0.5,zero,scientific,-3.9353888034820557,-3.1984446048736572,-5.2905168533325195,-3.6308069229125977,0.304581880569458,0.43236231803894043,1.6597099304199219,0.7369441986083984,1.3551280498504639,0.12778043746948242,1.3551280498504639,457,234,0.4879649890590809,39,20
450,C,4,integrated_gradients,0.5,zero,scientific,-3.9353888034820557,-4.047163486480713,-3.814124584197998,-3.6308069229125977,0.304581880569458,0.41635656356811523,0.1833176612854004,0.11177468299865723,0.12126421928405762,0.11177468299865723,-0.12126421928405762,457,234,0.4879649890590809,39,20
490,H,0,gnnexplainer,0.5,zero,scientific,-0.17315952479839325,-0.08112508058547974,-0.24645841121673584,-0.23058383166790009,0.057424306869506836,0.14945875108242035,0.015874579548835754,0.09203444421291351,0.07329888641834259,0.09203444421291351,-0.04154972732067108,484,248,0.487603305785124,33,17
490,H,0,integrated_gradients,0.5,zero,scientific,-0.17315952479839325,-0.09174323827028275,-0.19322428107261658,-0.23058383166790009,0.057424306869506836,0.13884059339761734,0.03735955059528351,0.0814162865281105,0.020064756274223328,0.0814162865281105,-0.020064756274223328,484,248,0.487603305785124,33,17
490,H,1,gnnexplainer,0.5,zero,scientific,-0.15685632824897766,-0.06141277030110359,-0.1833561360836029,-0.249619260430336,0.09276293218135834,0.1882064901292324,0.0662631243467331,0.09544355794787407,0.026499807834625244,0.09544355794787407,-0.026499807834625244,484,248,0.487603305785124,33,17
490,H,1,integrated_gradients,0.5,zero,scientific,-0.15685632824897766,-0.09496815502643585,-0.16957193613052368,-0.249619260430336,0.09276293218135834,0.15465110540390015,0.08004732429981232,0.06188817322254181,0.01271560788154602,0.06188817322254181,-0.01271560788154602,484,248,0.487603305785124,33,17
490,H,2,gnnexplainer,0.5,zero,scientific,-0.18034976720809937,-0.08797118067741394,-0.21235933899879456,-0.26599687337875366,0.0856471061706543,0.17802569270133972,0.053637534379959106,0.09237858653068542,0.03200957179069519,0.09237858653068542,-0.03200957179069519,484,248,0.487603305785124,33,17
490,H,2,integrated_gradients,0.5,zero,scientific,-0.18034976720809937,-0.08940780162811279,-0.19532132148742676,-0.26599687337875366,0.0856471061706543,0.17658907175064087,0.0706755518913269,0.09094196557998657,0.014971554279327393,0.09094196557998657,-0.014971554279327393,484,248,0.487603305785124,33,17
490,H,5,gnnexplainer,0.5,zero,scientific,-0.12873896956443787,-0.0531005859375,-0.18575650453567505,-0.1509436070919037,0.02220463752746582,0.09784302115440369,0.03481289744377136,0.07563838362693787,0.05701753497123718,0.07563838362693787,0.012608259916305542,484,248,0.487603305785124,33,17
490,H,5,integrated_gradients,0.5,zero,scientific,-0.12873896956443787,-0.10292766243219376,-0.11844180524349213,-0.1509436070919037,0.02220463752746582,0.04801594465970993,0.03250180184841156,0.02581130713224411,0.01029716432094574,0.02581130713224411,0.01029716432094574,484,248,0.487603305785124,33,17
490,H,6,gnnexplainer,0.5,zero,scientific,-0.12632957100868225,-0.07694711536169052,-0.18759220838546753,-0.1284528225660324,0.0021232515573501587,0.05150570720434189,0.05913938581943512,0.04938245564699173,0.06126263737678528,0.04938245564699173,0.05701613426208496,484,248,0.487603305785124,33,17
490,H,6,integrated_gradients,0.5,zero,scientific,-0.12632957100868225,-0.08943657577037811,-0.12640798091888428,-0.1284528225660324,0.0021232515573501587,0.0390162467956543,0.0020448416471481323,0.03689299523830414,7.840991020202637e-05,0.03689299523830414,-7.840991020202637e-05,484,248,0.487603305785124,33,17
490,C,0,gnnexplainer,0.5,zero,scientific,-3.129530668258667,-2.774155616760254,-4.934383392333984,-4.111388683319092,0.9818580150604248,1.337233066558838,0.8229947090148926,0.3553750514984131,1.8048527240753174,0.3553750514984131,-0.15886330604553223,484,248,0.487603305785124,39,20
490,C,0,integrated_gradients,0.5,zero,scientific,-3.129530668258667,-3.8837192058563232,-2.9217705726623535,-4.111388683319092,0.9818580150604248,0.22766947746276855,1.1896181106567383,0.7541885375976562,0.20776009559631348,-0.7541885375976562,0.20776009559631348,484,248,0.487603305785124,39,20
490,C,1,gnnexplainer,0.5,zero,scientific,-15.582393646240234,-3.540940046310425,-22.14745330810547,-16.991817474365234,1.409423828125,13.45087742805481,5.155635833740234,12.04145359992981,6.565059661865234,12.04145359992981,3.7462120056152344,484,248,0.487603305785124,39,20
490,C,1,integrated_gradients,0.5,zero,scientific,-15.582393646240234,-4.757657527923584,-16.609649658203125,-16.991817474365234,1.409423828125,12.23415994644165,0.3821678161621094,10.82473611831665,1.0272560119628906,10.82473611831665,-1.0272560119628906,484,248,0.487603305785124,39,20
490,C,2,gnnexplainer,0.5,zero,scientific,-3.881084442138672,-3.487894058227539,-4.759013652801514,-4.111124038696289,0.2300395965576172,0.62322998046875,0.6478896141052246,0.3931903839111328,0.8779292106628418,0.3931903839111328,0.4178500175476074,484,248,0.487603305785124,39,20
490,C,2,integrated_gradients,0.5,zero,scientific,-3.881084442138672,-4.576383113861084,-3.7921347618103027,-4.111124038696289,0.2300395965576172,0.4652590751647949,0.31898927688598633,0.6952986717224121,0.08894968032836914,0.23521947860717773,0.08894968032836914,484,248,0.487603305785124,39,20
490,C,3,gnnexplainer,0.5,zero,scientific,-2.2796802520751953,-2.1823625564575195,-4.085685729980469,-3.4353280067443848,1.1556477546691895,1.2529654502868652,0.650357723236084,0.09731769561767578,1.8060054779052734,0.09731769561767578,-0.5052900314331055,484,248,0.487603305785124,39,20
490,C,3,integrated_gradients,0.5,zero,scientific,-2.2796802520751953,-3.6319899559020996,-2.3245487213134766,-3.4353280067443848,1.1556477546691895,0.19666194915771484,1.1107792854309082,1.3523097038269043,0.04486846923828125,-0.9589858055114746,-0.04486846923828125,484,248,0.487603305785124,39,20
510,H,0,gnnexplainer,0.5,zero,scientific,-0.0641452819108963,-0.14747047424316406,-0.039725854992866516,-0.06858395785093307,0.004438675940036774,0.07888651639223099,0.02885810285806656,0.08332519233226776,0.024419426918029785,0.07444784045219421,0.024419426918029785,596,306,0.4865771812080537,33,17
510,H,0,integrated_gradients,0.5,zero,scientific,-0.0641452819108963,-0.07817855477333069,-0.07052495330572128,-0.06858395785093307,0.004438675940036774,0.009594596922397614,0.001940995454788208,0.014033272862434387,0.006379671394824982,0.00515592098236084,-0.0024976804852485657,596,306,0.4865771812080537,33,17
510,H,1,gnnexplainer,0.5,zero,scientific,-0.07207746058702469,-0.04522748291492462,-0.15758565068244934,-0.10737372934818268,0.03529626876115799,0.06214624643325806,0.05021192133426666,0.026849977672100067,0.08550819009542465,0.026849977672100067,0.014915652573108673,596,306,0.4865771812080537,33,17
510,H,1,integrated_gradients,0.5,zero,scientific,-0.07207746058702469,-0.07756483554840088,-0.08030781894922256,-0.10737372934818268,0.03529626876115799,0.0298088937997818,0.027065910398960114,0.00548737496137619,0.008230358362197876,-0.00548737496137619,-0.008230358362197876,596,306,0.4865771812080537,33,17
510,H,2,gnnexplainer,0.5,zero,scientific,-0.054743897169828415,-0.17205145955085754,-0.03796995431184769,-0.030469827353954315,0.0242740698158741,0.14158163219690323,0.007500126957893372,0.11730756238102913,0.016773942857980728,0.11730756238102913,-0.016773942857980728,596,306,0.4865771812080537,33,17
510,H,2,integrated_gradients,0.5,zero,scientific,-0.054743897169828415,-0.08973729610443115,-0.062407221645116806,-0.030469827353954315,0.0242740698158741,0.05926746875047684,0.03193739429116249,0.03499339893460274,0.007663324475288391,0.03499339893460274,0.007663324475288391,596,306,0.4865771812080537,33,17
510,H,3,gnnexplainer,0.5,zero,scientific,-0.0725153461098671,-0.052889205515384674,-0.0978526771068573,-0.1194084882736206,0.04689314216375351,0.06651928275823593,0.021555811166763306,0.019626140594482422,0.025337330996990204,0.019626140594482422,-0.025337330996990204,596,306,0.4865771812080537,33,17
510,H,3,integrated_gradients,0.5,zero,scientific,-0.0725153461098671,-0.09023672342300415,-0.07765042036771774,-0.1194084882736206,0.04689314216375351,0.029171764850616455,0.04175806790590286,0.017721377313137054,0.005135074257850647,-0.017721377313137054,-0.005135074257850647,596,306,0.4865771812080537,33,17
510,H,4,gnnexplainer,0.5,zero,scientific,-0.06956268846988678,-0.13091163337230682,-0.03687330335378647,-0.058769065886735916,0.010793622583150864,0.07214256748557091,0.021895762532949448,0.061348944902420044,0.03268938511610031,0.061348944902420044,0.011102139949798584,596,306,0.4865771812080537,33,17
510,H,4,integrated_gradients,0.5,zero,scientific,-0.06956268846988678,-0.0955139771103859,-0.06852561980485916,-0.058769065886735916,0.010793622583150864,0.03674491122364998,0.009756553918123245,0.025951288640499115,0.0010370686650276184,0.025951288640499115,-0.0010370686650276184,596,306,0.4865771812080537,33,17
510,H,5,gnnexplainer,0.5,zero,scientific,-0.06805552542209625,-0.17533129453659058,-0.03329991549253464,-0.07969000190496445,0.011634476482868195,0.09564129263162613,0.04639008641242981,0.10727576911449432,0.034755609929561615,0.08400681614875793,0.034755609929561615,596,306,0.4865771812080537,33,17
510,H,5,integrated_gradients,0.5,zero,scientific,-0.06805552542209625,-0.09116508811712265,-0.06544379144906998,-0.07969000190496445,0.011634476482868195,0.011475086212158203,0.01424621045589447,0.023109562695026398,0.0026117339730262756,-0.00015939027070999146,0.0026117339730262756,596,306,0.4865771812080537,33,17
510,H,6,gnnexplainer,0.5,zero,scientific,-0.040923863649368286,-0.16598781943321228,-0.038802728056907654,-0.04133903980255127,0.0004151761531829834,0.12464877963066101,0.0025363117456436157,0.125063955783844,0.0021211355924606323,0.12423360347747803,0.0021211355924606323,596,306,0.4865771812080537,33,17
510,H,6,integrated_gradients,0.5,zero,scientific,-0.040923863649368286,-0.10882332921028137,-0.05267432704567909,-0.04133903980255127,0.0004151761531829834,0.0674842894077301,0.011335287243127823,0.06789946556091309,0.011750463396310806,0.06706911325454712,0.01092011108994484,596,306,0.4865771812080537,33,17
510,H,7,gnnexplainer,0.5,zero,scientific,-0.02234116941690445,-0.1941353678703308,0.010203205049037933,-0.03561985865235329,0.013278689235448837,0.15851550921797752,0.04582306370139122,0.17179419845342636,0.03254437446594238,0.1452368199825287,0.03254437446594238,596,306,0.4865771812080537,33,17
510,H,7,integrated_gradients,0.5,zero,scientific,-0.02234116941690445,-0.11859241873025894,-0.03507563844323158,-0.03561985865235329,0.013278689235448837,0.08297256007790565,0.0005442202091217041,0.09625124931335449,0.012734469026327133,0.06969387084245682,-0.012734469026327133,596,306,0.4865771812080537,33,17
510,H,8,gnnexplainer,0.5,zero,scientific,-0.057253893464803696,-0.18723556399345398,-0.01659383624792099,-0.0713830441236496,0.014129150658845901,0.11585251986980438,0.05478920787572861,0.12998167052865028,0.040660057216882706,0.10172336921095848,0.040660057216882706,596,306,0.4865771812080537,33,17
510,H,8,integrated_gradients,0.5,zero,scientific,-0.057253893464803696,-0.09442952275276184,-0.06267224252223969,-0.0713830441236496,0.014129150658845901,0.023046478629112244,0.008710801601409912,0.037175629287958145,0.005418349057435989,0.008917327970266342,-0.005418349057435989,596,306,0.4865771812080537,33,17
510,H,9,gnnexplainer,0.5,zero,scientific,-0.06739038974046707,-0.1222715675830841,-0.040934644639492035,-0.08068999648094177,0.013299606740474701,0.041581571102142334,0.03975535184144974,0.054881177842617035,0.026455745100975037,0.028281964361667633,0.026455745100975037,596,306,0.4865771812080537,33,17
510,H,9,integrated_gradients,0.5,zero,scientific,-0.06739038974046707,-0.09437276422977448,-0.07234756648540497,-0.08068999648094177,0.013299606740474701,0.013682767748832703,0.008342429995536804,0.026982374489307404,0.004957176744937897,0.0003831610083580017,-0.004957176744937897,596,306,0.4865771812080537,33,17
510,C,0,gnnexplainer,0.5,zero,scientific,-3.183384895324707,-4.199080944061279,-2.300886869430542,-2.6794397830963135,0.5039451122283936,1.5196411609649658,0.3785529136657715,1.0156960487365723,0.882498025894165,1.0156960487365723,-0.12539219856262207,596,306,0.4865771812080537,39,20
510,C,0,integrated_gradients,0.5,zero,scientific,-3.183384895324707,-4.2297797203063965,-2.783217430114746,-2.6794397830963135,0.5039451122283936,1.550339937210083,0.10377764701843262,1.0463948249816895,0.40016746520996094,1.0463948249816895,-0.40016746520996094,596,306,0.4865771812080537,39,20
510,C,1,gnnexplainer,0.5,zero,scientific,-2.929103136062622,-4.670833110809326,-2.6416373252868652,-2.8548877239227295,0.07421541213989258,1.8159453868865967,0.21325039863586426,1.741729974746704,0.28746581077575684,1.741729974746704,0.13903498649597168,596,306,0.4865771812080537,39,20
510,C,1,integrated_gradients,0.5,zero,scientific,-2.929103136062622,-3.9744834899902344,-2.793405532836914,-2.8548877239227295,0.07421541213989258,1.1195957660675049,0.06148219108581543,1.0453803539276123,0.135697603225708,1.0453803539276123,-0.012733221054077148,596,306,0.4865771812080537,39,20
510,C,2,gnnexplainer,0.5,zero,scientific,-4.82141637802124,-3.705287456512451,-6.449458599090576,-4.148713111877441,0.6727032661437988,0.44342565536499023,2.3007454872131348,1.116128921508789,1.628042221069336,-0.2292776107788086,1.628042221069336,596,306,0.4865771812080537,39,20
510,C,2,integrated_gradients,0.5,zero,scientific,-4.82141637802124,-4.874159812927246,-4.80405855178833,-4.148713111877441,0.6727032661437988,0.7254467010498047,0.6553454399108887,0.05274343490600586,0.017357826232910156,0.05274343490600586,-0.017357826232910156,596,306,0.4865771812080537,39,20
510,C,3,gnnexplainer,0.5,zero,scientific,-1.93549382686615,-4.352270603179932,-0.8075347542762756,-0.3196980357170105,1.6157957911491394,4.032572567462921,0.48783671855926514,2.4167767763137817,1.1279590725898743,2.4167767763137817,-1.1279590725898743,596,306,0.4865771812080537,39,20
510,C,3,integrated_gradients,0.5,zero,scientific,-1.93549382686615,-4.729034900665283,-1.3759913444519043,-0.3196980357170105,1.6157957911491394,4.409336864948273,1.0562933087348938,2.7935410737991333,0.5595024824142456,2.7935410737991333,-0.5595024824142456,596,306,0.4865771812080537,39,20
510,C,4,gnnexplainer,0.5,zero,scientific,-0.8245482444763184,-5.582878112792969,-0.15938864648342133,-0.5578681230545044,0.26668012142181396,5.025009989738464,0.39847947657108307,4.75832986831665,0.665159597992897,4.75832986831665,0.1317993551492691,596,306,0.4865771812080537,39,20
510,C,4,integrated_gradients,0.5,zero,scientific,-0.8245482444763184,-4.804328918457031,-0.8319411277770996,-0.5578681230545044,0.26668012142181396,4.246460795402527,0.2740730047225952,3.979780673980713,0.00739288330078125,3.979780673980713,0.00739288330078125,596,306,0.4865771812080537,39,20
510,C,5,gnnexplainer,0.5,zero,scientific,-1.521938443183899,-4.532224178314209,-1.303918719291687,-0.3343559503555298,1.1875824928283691,4.197868227958679,0.9695627689361572,3.01028573513031,0.21801972389221191,3.01028573513031,-0.21801972389221191,596,306,0.4865771812080537,39,20
510,C,5,integrated_gradients,0.5,zero,scientific,-1.521938443183899,-4.692562580108643,-1.2818801403045654,-0.3343559503555298,1.1875824928283691,4.358206629753113,0.9475241899490356,3.1706241369247437,0.2400583028793335,3.1706241369247437,-0.2400583028793335,596,306,0.4865771812080537,39,20
530,H,0,gnnexplainer,0.5,zero,scientific,-0.08534625172615051,-0.07175476849079132,-0.1743355095386505,-0.16678637266159058,0.08144012093544006,0.09503160417079926,0.0075491368770599365,0.013591483235359192,0.0889892578125,0.013591483235359192,-0.07389098405838013,314,161,0.4872611464968153,33,17
530,H,1,gnnexplainer,0.5,zero,scientific,-0.09019753336906433,-0.07643449306488037,-0.19351083040237427,-0.13316234946250916,0.042964816093444824,0.056727856397628784,0.06034848093986511,0.01376304030418396,0.10331329703330994,0.01376304030418396,0.017383664846420288,314,161,0.4872611464968153,33,17
530,H,2,gnnexplainer,0.5,zero,scientific,-0.030807171016931534,-0.1939448118209839,-0.011827312409877777,-0.0575319267809391,0.02672475576400757,0.13641288504004478,0.045704614371061325,0.16313764080405235,0.018979858607053757,0.10968812927603722,0.018979858607053757,314,161,0.4872611464968153,33,17
530,H,3,gnnexplainer,0.5,zero,scientific,-0.04008097946643829,-0.19468960165977478,-0.041043661534786224,-0.04089127480983734,0.0008102953433990479,0.15379832684993744,0.00015238672494888306,0.1546086221933365,0.0009626820683479309,0.1529880315065384,-0.0006579086184501648,314,161,0.4872611464968153,33,17
530,H,4,gnnexplainer,0.5,zero,scientific,-0.03763440251350403,-0.1467808485031128,-0.043935004621744156,-0.06429433822631836,0.02665993571281433,0.08248651027679443,0.020359333604574203,0.10914644598960876,0.0063006021082401276,0.0558265745639801,-0.0063006021082401276,314,161,0.4872611464968153,33,17
530,C,0,gnnexplainer,0.5,zero,scientific,-2.6694869995117188,-5.528759002685547,-2.495809316635132,-2.8974430561065674,0.22795605659484863,2.6313159465789795,0.40163373947143555,2.859272003173828,0.17367768287658691,2.403359889984131,0.17367768287658691,314,161,0.4872611464968153,39,20
530,C,1,gnnexplainer,0.5,zero,scientific,-3.2187187671661377,-4.524990558624268,-2.3304405212402344,-2.7582390308380127,0.460479736328125,1.7667515277862549,0.4277985095977783,1.3062717914581299,0.8882782459259033,1.3062717914581299,-0.03268122673034668,314,161,0.4872611464968153,39,20
530,C,2,gnnexplainer,0.5,zero,scientific,-4.761256694793701,-3.3510055541992188,-6.6999711990356445,-4.5724406242370605,0.18881607055664062,1.2214350700378418,2.127530574798584,1.4102511405944824,1.9387145042419434,1.0326189994812012,1.9387145042419434,314,161,0.4872611464968153,39,20
610,H,0,gnnexplainer,0.5,zero,scientific,-0.44238173961639404,-0.11826980113983154,-0.5459446310997009,-0.615548849105835,0.17316710948944092,0.4972790479660034,0.06960421800613403,0.3241119384765625,0.10356289148330688,0.3241119384765625,-0.10356289148330688,452,232,0.48672566371681414,33,17
610,H,0,integrated_gradients,0.5,zero,scientific,-0.44238173961639404,-0.1153264194726944,-0.45970046520233154,-0.615548849105835,0.17316710948944092,0.5002224296331406,0.15584838390350342,0.32705532014369965,0.0173187255859375,0.32705532014369965,-0.0173187255859375,452,232,0.48672566371681414,33,17
610,H,1,gnnexplainer,0.5,zero,scientific,-0.1651545912027359,-0.053629420697689056,-0.2180982232093811,-0.12229462713003159,0.042859964072704315,0.06866520643234253,0.09580359607934952,0.11152517050504684,0.0529436320066452,0.025805242359638214,0.0529436320066452,452,232,0.48672566371681414,33,17
610,H,1,integrated_gradients,0.5,zero,scientific,-0.1651545912027359,-0.08223235607147217,-0.1789391189813614,-0.12229462713003159,0.042859964072704315,0.04006227105855942,0.0566444918513298,0.08292223513126373,0.013784527778625488,-0.0027976930141448975,0.013784527778625488,452,232,0.48672566371681414,33,17
610,H,2,gnnexplainer,0.5,zero,scientific,-0.13610506057739258,-0.06060190498828888,-0.18071338534355164,-0.1601894050836563,0.024084344506263733,0.09958750009536743,0.020523980259895325,0.0755031555891037,0.04460832476615906,0.0755031555891037,-0.003560364246368408,452,232,0.48672566371681414,33,17
610,H,2,integrated_gradients,0.5,zero,scientific,-0.13610506057739258,-0.08550005406141281,-0.15398147702217102,-0.1601894050836563,0.024084344506263733,0.0746893510222435,0.0062079280614852905,0.05060500651597977,0.017876416444778442,0.05060500651597977,-0.017876416444778442,452,232,0.48672566371681414,33,17
610,H,3,gnnexplainer,0.5,zero,scientific,-0.1795758754014969,-0.08735650777816772,-0.28482136130332947,-0.18318936228752136,0.003613486886024475,0.09583285450935364,0.1016319990158081,0.09221936762332916,0.10524548590183258,0.09221936762332916,0.09801851212978363,452,232,0.48672566371681414,33,17
610,H,3,integrated_gradients,0.5,zero,scientific,-0.1795758754014969,-0.07090874761343002,-0.18933477997779846,-0.18318936228752136,0.003613486886024475,0.11228061467409134,0.0061454176902771,0.10866712778806686,0.009758904576301575,0.10866712778806686,0.0025319308042526245,452,232,0.48672566371681414,33,17
610,H,4,gnnexplainer,0.5,zero,scientific,-0.500056803226471,-0.11137613654136658,-0.673062801361084,-0.6312503814697266,0.13119357824325562,0.51987424492836,0.04181241989135742,0.38868066668510437,0.17300599813461304,0.38868066668510437,-0.0893811583518982,452,232,0.48672566371681414,33,17
610,H,4,integrated_gradients,0.5,zero,scientific,-0.500056803226471,-0.11663172394037247,-0.4874124526977539,-0.6312503814697266,0.13119357824325562,0.5146186575293541,0.14383792877197266,0.3834250792860985,0.012644350528717041,0.3834250792860985,0.012644350528717041,452,232,0.48672566371681414,33,17
610,H,5,gnnexplainer,0.5,zero,scientific,-0.14004060626029968,-0.04860644042491913,-0.20956331491470337,-0.12377718091011047,0.01626342535018921,0.07517074048519135,0.0857861340045929,0.09143416583538055,0.06952270865440369,0.058907315135002136,0.06952270865440369,452,232,0.48672566371681414,33,17
610,H,5,integrated_gradients,0.5,zero,scientific,-0.14004060626029968,-0.07758381962776184,-0.17632737755775452,-0.12377718091011047,0.01626342535018921,0.04619336128234863,0.05255019664764404,0.06245678663253784,0.036286771297454834,0.029929935932159424,0.036286771297454834,452,232,0.48672566371681414,33,17
610,H,6,gnnexplainer,0.5,zero,scientific,-0.12860378623008728,-0.01974598318338394,-0.19000506401062012,-0.14696994423866272,0.01836615800857544,0.12722396105527878,0.0430351197719574,0.10885780304670334,0.06140127778053284,0.10885780304670334,0.024668961763381958,452,232,0.48672566371681414,33,17
610,H,6,integrated_gradients,0.5,zero,scientific,-0.12860378623008728,-0.07636167109012604,-0.14809909462928772,-0.14696994423866272,0.01836615800857544,0.07060827314853668,0.001129150390625,0.05224211513996124,0.01949530839920044,0.05224211513996124,-0.01723700761795044,452,232,0.48672566371681414,33,17
610,H,7,gnnexplainer,0.5,zero,scientific,-0.16811057925224304,-0.05899693816900253,-0.2217208445072174,-0.19154877960681915,0.02343820035457611,0.13255184143781662,0.030172064900398254,0.10911364108324051,0.053610265254974365,0.10911364108324051,0.0067338645458221436,452,232,0.48672566371681414,33,17
610,H,7,integrated_gradients,0.5,zero,scientific,-0.16811057925224304,-0.07838267832994461,-0.1770753264427185,-0.19154877960681915,0.02343820035457611,0.11316610127687454,0.014473453164100647,0.08972790092229843,0.008964747190475464,0.08972790092229843,-0.008964747190475464,452,232,0.48672566371681414,33,17
610,C,0,gnnexplainer,0.5,zero,scientific,-16.07822036743164,-4.845268726348877,-16.65627098083496,-18.057586669921875,1.9793663024902344,13.212317943572998,1.401315689086914,11.232951641082764,0.5780506134033203,11.232951641082764,-0.5780506134033203,452,232,0.48672566371681414,39,20
610,C,0,integrated_gradients,0.5,zero,scientific,-16.07822036743164,-5.189721584320068,-16.306926727294922,-18.057586669921875,1.9793663024902344,12.867865085601807,1.7506599426269531,10.888498783111572,0.22870635986328125,10.888498783111572,-0.22870635986328125,452,232,0.48672566371681414,39,20
610,C,1,gnnexplainer,0.5,zero,scientific,-16.779712677001953,-3.873119831085205,-21.932708740234375,-17.75385856628418,0.9741458892822266,13.880738735198975,4.178850173950195,12.906592845916748,5.152996063232422,12.906592845916748,3.2047042846679688,452,232,0.48672566371681414,39,20
610,C,1,integrated_gradients,0.5,zero,scientific,-16.779712677001953,-4.787709712982178,-16.92091941833496,-17.75385856628418,0.9741458892822266,12.966148853302002,0.8329391479492188,11.992002964019775,0.1412067413330078,11.992002964019775,-0.1412067413330078,452,232,0.48672566371681414,39,20
610,C,2,gnnexplainer,0.5,zero,scientific,-1.856040596961975,-3.096567153930664,-1.6111191511154175,-2.5053277015686035,0.6492871046066284,0.5912394523620605,0.894208550453186,1.240526556968689,0.24492144584655762,-0.05804765224456787,0.24492144584655762,452,232,0.48672566371681414,39,20
610,C,2,integrated_gradients,0.5,zero,scientific,-1.856040596961975,-4.187564373016357,-1.7459713220596313,-2.5053277015686035,0.6492871046066284,1.682236671447754,0.7593563795089722,2.3315237760543823,0.11006927490234375,1.0329495668411255,0.11006927490234375,452,232,0.48672566371681414,39,20
610,C,3,gnnexplainer,0.5,zero,scientific,-1.9090392589569092,-2.5161514282226562,-3.080461263656616,-2.3740406036376953,0.46500134468078613,0.14211082458496094,0.7064206600189209,0.6071121692657471,1.171422004699707,-0.3228905200958252,0.24141931533813477,452,232,0.48672566371681414,39,20
610,C,3,integrated_gradients,0.5,zero,scientific,-1.9090392589569092,-4.293050289154053,-1.8615654706954956,-2.3740406036376953,0.46500134468078613,1.9190096855163574,0.5124751329421997,2.3840110301971436,0.047473788261413574,1.4540083408355713,0.047473788261413574,452,232,0.48672566371681414,39,20
620,H,0,gnnexplainer,0.5,zero,scientific,-0.22838380932807922,-0.06531829386949539,-0.2801177501678467,-0.2509962022304535,0.022612392902374268,0.1856779083609581,0.02912154793739319,0.16306551545858383,0.051733940839767456,0.16306551545858383,0.006509155035018921,603,310,0.4859038142620232,33,17
620,H,0,integrated_gradients,0.5,zero,scientific,-0.22838380932807922,-0.13926470279693604,-0.2216774821281433,-0.2509962022304535,0.022612392902374268,0.11173149943351746,0.02931872010231018,0.08911910653114319,0.006706327199935913,0.08911910653114319,0.006706327199935913,603,310,0.4859038142620232,33,17
620,H,1,gnnexplainer,0.5,zero,scientific,-0.228367418050766,-0.07986340671777725,-0.32927873730659485,-0.24986469745635986,0.021497279405593872,0.1700012907385826,0.07941403985023499,0.14850401133298874,0.10091131925582886,0.14850401133298874,0.05791676044464111,603,310,0.4859038142620232,33,17
620,H,1,integrated_gradients,0.5,zero,scientific,-0.228367418050766,-0.1393042653799057,-0.2217136025428772,-0.24986469745635986,0.021497279405593872,0.11056043207645416,0.028151094913482666,0.08906315267086029,0.006653815507888794,0.08906315267086029,0.006653815507888794,603,310,0.4859038142620232,33,17
620,H,2,gnnexplainer,0.5,zero,scientific,-0.2283584177494049,-0.09719475358724594,-0.28938835859298706,-0.2488207370042801,0.020462319254875183,0.15162598341703415,0.04056762158870697,0.13116366416215897,0.06102994084358215,0.13116366416215897,0.020105302333831787,603,310,0.4859038142620232,33,17
620,H,2,integrated_gradients,0.5,zero,scientific,-0.2283584177494049,-0.13928070664405823,-0.22034963965415955,-0.2488207370042801,0.020462319254875183,0.10954003036022186,0.028471097350120544,0.08907771110534668,0.008008778095245361,0.08907771110534668,0.008008778095245361,603,310,0.4859038142620232,33,17
620,H,3,gnnexplainer,0.5,zero,scientific,-0.22839093208312988,-0.10242515802383423,-0.2953380346298218,-0.25204017758369446,0.023649245500564575,0.14961501955986023,0.04329785704612732,0.12596577405929565,0.0669471025466919,0.12596577405929565,0.019648611545562744,603,310,0.4859038142620232,33,17
620,H,3,integrated_gradients,0.5,zero,scientific,-0.22839093208312988,-0.13926461338996887,-0.221652090549469,-0.25204017758369446,0.023649245500564575,0.11277556419372559,0.030388087034225464,0.08912631869316101,0.006738841533660889,0.08912631869316101,0.006738841533660889,603,310,0.4859038142620232,33,17
620,H,4,gnnexplainer,0.5,zero,scientific,-0.22839006781578064,-0.08945716172456741,-0.2952204942703247,-0.251996248960495,0.023606181144714355,0.16253908723592758,0.04322424530982971,0.13893290609121323,0.06683042645454407,0.13893290609121323,0.019618064165115356,603,310,0.4859038142620232,33,17
620,H,4,integrated_gradients,0.5,zero,scientific,-0.22839006781578064,-0.13926619291305542,-0.22165995836257935,-0.251996248960495,0.023606181144714355,0.11273005604743958,0.03033629059791565,0.08912387490272522,0.006730109453201294,0.08912387490272522,0.006730109453201294,603,310,0.4859038142620232,33,17
620,H,5,gnnexplainer,0.5,zero,scientific,-0.22836831212043762,-0.06403817981481552,-0.3556012511253357,-0.24986469745635986,0.02149638533592224,0.18582651764154434,0.10573655366897583,0.1643301323056221,0.12723293900489807,0.1643301323056221,0.08424016833305359,603,310,0.4859038142620232,33,17
620,H,5,integrated_gradients,0.5,zero,scientific,-0.22836831212043762,-0.13930460810661316,-0.22171008586883545,-0.24986469745635986,0.02149638533592224,0.1105600893497467,0.028154611587524414,0.08906370401382446,0.006658226251602173,0.08906370401382446,0.006658226251602173,603,310,0.4859038142620232,33,17
620,H,6,gnnexplainer,0.5,zero,scientific,-0.00035447627305984497,-0.10990100353956223,0.0052863433957099915,0.08161692321300507,0.08197139948606491,0.1915179267525673,0.07633057981729507,0.10954652726650238,0.005640819668769836,0.10954652726650238,-0.005640819668769836,603,310,0.4859038142620232,33,17
620,H,6,integrated_gradients,0.5,zero,scientific,-0.00035447627305984497,-0.05273335054516792,-0.011161498725414276,0.08161692321300507,0.08197139948606491,0.134350273758173,0.09277842193841934,0.05237887427210808,0.010807022452354431,0.05237887427210808,0.010807022452354431,603,310,0.4859038142620232,33,17
620,H,7,gnnexplainer,0.5,zero,scientific,-0.0003616511821746826,-0.1894020438194275,0.0218169167637825,0.0810290277004242,0.08139067888259888,0.2704310715198517,0.05921211093664169,0.1890403926372528,0.022178567945957184,0.1890403926372528,-0.022178567945957184,603,310,0.4859038142620232,33,17
620,H,7,integrated_gradients,0.5,zero,scientific,-0.0003616511821746826,-0.05273335054516792,-0.011166319251060486,0.0810290277004242,0.08139067888259888,0.13376237824559212,0.09219534695148468,0.05237169936299324,0.010804668068885803,0.05237169936299324,0.010804668068885803,603,310,0.4859038142620232,33,17
620,H,8,gnnexplainer,0.5,zero,scientific,-0.00035750120878219604,-0.15646624565124512,0.05408942699432373,0.08161692321300507,0.08197442442178726,0.23808316886425018,0.027527496218681335,0.15610874444246292,0.054446928203105927,0.15610874444246292,-0.054446928203105927,603,310,0.4859038142620232,33,17
620,H,8,integrated_gradients,0.5,zero,scientific,-0.00035750120878219604,-0.052733346819877625,-0.011163931339979172,0.08161692321300507,0.08197442442178726,0.1343502700328827,0.09278085455298424,0.05237584561109543,0.010806430131196976,0.05237584561109543,0.010806430131196976,603,310,0.4859038142620232,33,17
620,H,9,gnnexplainer,0.5,zero,scientific,-0.01004878431558609,-0.1534748524427414,0.033810123801231384,0.17055636644363403,0.18060515075922012,0.3240312188863754,0.13674624264240265,0.1434260681271553,0.043858908116817474,0.1434260681271553,-0.043858908116817474,603,310,0.4859038142620232,33,17
620,H,9,integrated_gradients,0.5,zero,scientific,-0.01004878431558609,-0.06421486288309097,-0.01508142426609993,0.17055636644363403,0.18060515075922012,0.234771229326725,0.18563779070973396,0.05416607856750488,0.00503263995051384,0.05416607856750488,0.00503263995051384,603,310,0.4859038142620232,33,17
620,C,0,gnnexplainer,0.5,zero,scientific,-8.43395709991455,-3.9830117225646973,-10.894472122192383,-8.185676574707031,0.24828052520751953,4.202664852142334,2.7087955474853516,4.4509453773498535,2.460515022277832,3.9543843269348145,2.460515022277832,603,310,0.4859038142620232,39,20
620,C,0,integrated_gradients,0.5,zero,scientific,-8.43395709991455,-5.006881237030029,-8.498028755187988,-8.185676574707031,0.24828052520751953,3.178795337677002,0.31235218048095703,3.4270758628845215,0.0640716552734375,2.9305148124694824,0.0640716552734375,603,310,0.4859038142620232,39,20
620,C,1,gnnexplainer,0.5,zero,scientific,-8.439017295837402,-3.6294145584106445,-9.23051643371582,-8.185914039611816,0.25310325622558594,4.556499481201172,1.044602394104004,4.809602737426758,0.791499137878418,4.303396224975586,0.791499137878418,603,310,0.4859038142620232,39,20
620,C,1,integrated_gradients,0.5,zero,scientific,-8.439017295837402,-4.996517181396484,-8.509142875671387,-8.185914039611816,0.25310325622558594,3.189396858215332,0.3232288360595703,3.442500114440918,0.07012557983398438,2.936293601989746,0.07012557983398438,603,310,0.4859038142620232,39,20
620,C,2,gnnexplainer,0.5,zero,scientific,-8.438666343688965,-3.089296340942383,-11.376818656921387,-8.188501358032227,0.2501649856567383,5.099205017089844,3.18831729888916,5.349370002746582,2.938152313232422,4.8490400314331055,2.938152313232422,603,310,0.4859038142620232,39,20
620,C,2,integrated_gradients,0.5,zero,scientific,-8.438666343688965,-4.996474742889404,-8.50815486907959,-8.188501358032227,0.2501649856567383,3.1920266151428223,0.3196535110473633,3.4421916007995605,0.069488525390625,2.941861629486084,0.069488525390625,603,310,0.4859038142620232,39,20
620,C,3,gnnexplainer,0.5,zero,scientific,-8.43066120147705,-4.007619857788086,-11.052996635437012,-8.189264297485352,0.24139690399169922,4.181644439697266,2.86373233795166,4.423041343688965,2.622335433959961,3.9402475357055664,2.622335433959961,603,310,0.4859038142620232,39,20
620,C,3,integrated_gradients,0.5,zero,scientific,-8.43066120147705,-5.006932735443115,-8.495396614074707,-8.189264297485352,0.24139690399169922,3.1823315620422363,0.30613231658935547,3.4237284660339355,0.06473541259765625,2.940934658050537,0.06473541259765625,603,310,0.4859038142620232,39,20
620,C,4,gnnexplainer,0.5,zero,scientific,-8.43023681640625,-3.813169479370117,-12.127099990844727,-8.187677383422852,0.24255943298339844,4.374507904052734,3.939422607421875,4.617067337036133,3.6968631744384766,4.131948471069336,3.6968631744384766,603,310,0.4859038142620232,39,20
620,C,4,integrated_gradients,0.5,zero,scientific,-8.43023681640625,-5.0069990158081055,-8.494792938232422,-8.187677383422852,0.24255943298339844,3.180678367614746,0.3071155548095703,3.4232378005981445,0.06455612182617188,2.9381189346313477,0.06455612182617188,603,310,0.4859038142620232,39,20
620,C,5,gnnexplainer,0.5,zero,scientific,-8.442373275756836,-3.8970839977264404,-11.371837615966797,-8.186501502990723,0.2558717727661133,4.289417505264282,3.185336112976074,4.5452892780303955,2.929464340209961,4.033545732498169,2.929464340209961,603,310,0.4859038142620232,39,20
620,C,5,integrated_gradients,0.5,zero,scientific,-8.442373275756836,-5.007801532745361,-8.512207984924316,-8.186501502990723,0.2558717727661133,3.1786999702453613,0.32570648193359375,3.4345717430114746,0.06983470916748047,2.922828197479248,0.06983470916748047,603,310,0.4859038142620232,39,20
620,C,6,gnnexplainer,0.5,zero,scientific,0.4642379879951477,-6.801822662353516,0.7101222276687622,1.20413076877594,0.7398927807807922,8.005953431129456,0.49400854110717773,7.266060650348663,0.2458842396736145,7.266060650348663,-0.2458842396736145,603,310,0.4859038142620232,39,20
620,C,6,integrated_gradients,0.5,zero,scientific,0.4642379879951477,-5.009765148162842,0.5145516395568848,1.20413076877594,0.7398927807807922,6.213895916938782,0.6895791292190552,5.4740031361579895,0.05031365156173706,5.4740031361579895,-0.05031365156173706,603,310,0.4859038142620232,39,20
640,H,0,gnnexplainer,0.5,zero,scientific,-0.21126306056976318,-0.1535108983516693,-0.15340325236320496,0.13790667057037354,0.3491697311401367,0.29141756892204285,0.2913099229335785,0.05775216221809387,0.05785980820655823,-0.05775216221809387,-0.05785980820655823,735,378,0.48571428571428577,33,17
640,H,0,integrated_gradients,0.5,zero,scientific,-0.21126306056976318,-0.13653716444969177,-0.24915432929992676,0.13790667057037354,0.3491697311401367,0.2744438350200653,0.3870609998703003,0.07472589612007141,0.037891268730163574,-0.07472589612007141,0.037891268730163574,735,378,0.48571428571428577,33,17
640,H,1,gnnexplainer,0.5,zero,scientific,-0.21125224232673645,-0.2313673496246338,-0.13183805346488953,0.13790667057037354,0.34915891289711,0.3692740201950073,0.26974472403526306,0.02011510729789734,0.07941418886184692,0.02011510729789734,-0.07941418886184692,735,378,0.48571428571428577,33,17
640,H,1,integrated_gradients,0.5,zero,scientific,-0.21125224232673645,-0.13653463125228882,-0.24914976954460144,0.13790667057037354,0.34915891289711,0.27444130182266235,0.387056440114975,0.07471761107444763,0.03789752721786499,-0.07471761107444763,0.03789752721786499,735,378,0.48571428571428577,33,17
640,H,2,gnnexplainer,0.5,zero,scientific,-0.04018162190914154,-0.16961592435836792,-0.007008783519268036,-0.010049479082226753,0.030132142826914787,0.15956644527614117,0.0030406955629587173,0.12943430244922638,0.033172838389873505,0.12943430244922638,-0.02709144726395607,735,378,0.48571428571428577,33,17
640,H,2,integrated_gradients,0.5,zero,scientific,-0.04018162190914154,-0.08485954999923706,-0.051812656223773956,-0.010049479082226753,0.030132142826914787,0.07481007091701031,0.0417631771415472,0.04467792809009552,0.011631034314632416,0.04467792809009552,0.011631034314632416,735,378,0.48571428571428577,33,17
640,H,3,gnnexplainer,0.5,zero,scientific,-0.02698579430580139,-0.1594541370868683,0.0003667697310447693,-0.030795302242040634,0.0038095079362392426,0.12865883484482765,0.031162071973085403,0.1324683427810669,0.02735256403684616,0.12484932690858841,0.02735256403684616,735,378,0.48571428571428577,33,17
640,H,3,integrated_gradients,0.5,zero,scientific,-0.02698579430580139,-0.07957977801561356,-0.0376051664352417,-0.030795302242040634,0.0038095079362392426,0.04878447577357292,0.006809864193201065,0.052593983709812164,0.010619372129440308,0.04497496783733368,0.0030003562569618225,735,378,0.48571428571428577,33,17
640,H,4,gnnexplainer,0.5,zero,scientific,-0.029253706336021423,-0.11535218358039856,0.025710895657539368,-0.03988323733210564,0.010629530996084213,0.07546894624829292,0.065594132989645,0.08609847724437714,0.05496460199356079,0.06483941525220871,0.05496460199356079,735,378,0.48571428571428577,33,17
640,H,4,integrated_gradients,0.5,zero,scientific,-0.029253706336021423,-0.07754296809434891,-0.04080026596784592,-0.03988323733210564,0.010629530996084213,0.03765973076224327,0.0009170286357402802,0.048289261758327484,0.011546559631824493,0.027030199766159058,-0.009712502360343933,735,378,0.48571428571428577,33,17
640,H,5,gnnexplainer,0.5,zero,scientific,-0.07945401221513748,-0.13812106847763062,-0.04314138740301132,-0.08353185653686523,0.004077844321727753,0.05458921194076538,0.04039046913385391,0.058667056262493134,0.03631262481212616,0.05051136761903763,0.03631262481212616,735,378,0.48571428571428577,33,17
640,H,5,integrated_gradients,0.5,zero,scientific,-0.07945401221513748,-0.11676625907421112,-0.08532816171646118,-0.08353185653686523,0.004077844321727753,0.033234402537345886,0.0017963051795959473,0.03731224685907364,0.0058741495013237,0.029156558215618134,-0.0022815391421318054,735,378,0.48571428571428577,33,17
640,H,6,gnnexplainer,0.5,zero,scientific,-0.11835552006959915,-0.14513397216796875,-0.08287976682186127,-0.10661061108112335,0.0117449089884758,0.0385233610868454,0.023730844259262085,0.0267784520983696,0.035475753247737885,0.0267784520983696,0.011985935270786285,735,378,0.48571428571428577,33,17
640,H,6,integrated_gradients,0.5,zero,scientific,-0.11835552006959915,-0.10805238038301468,-0.11648023128509521,-0.10661061108112335,0.0117449089884758,0.001441769301891327,0.009869620203971863,0.010303139686584473,0.0018752887845039368,-0.010303139686584473,-0.0018752887845039368,735,378,0.48571428571428577,33,17
640,H,7,gnnexplainer,0.5,zero,scientific,-0.06900552660226822,-0.22339221835136414,-0.02145279198884964,-0.07117222994565964,0.0021667033433914185,0.1522199884057045,0.04971943795681,0.15438669174909592,0.04755273461341858,0.15005328506231308,0.04755273461341858,735,378,0.48571428571428577,33,17
640,H,7,integrated_gradients,0.5,zero,scientific,-0.06900552660226822,-0.1060757040977478,-0.07769565284252167,-0.07117222994565964,0.0021667033433914185,0.034903474152088165,0.00652342289686203,0.037070177495479584,0.008690126240253448,0.03273677080869675,0.004356719553470612,735,378,0.48571428571428577,33,17
640,H,8,gnnexplainer,0.5,zero,scientific,-0.10110029578208923,-0.07582364231348038,-0.20751100778579712,-0.12511934340000153,0.024019047617912292,0.04929570108652115,0.0823916643857956,0.025276653468608856,0.10641071200370789,0.025276653468608856,0.0583726167678833,735,378,0.48571428571428577,33,17
640,H,8,integrated_gradients,0.5,zero,scientific,-0.10110029578208923,-0.11592686176300049,-0.1044609546661377,-0.12511934340000153,0.024019047617912292,0.009192481637001038,0.02065838873386383,0.014826565980911255,0.003360658884048462,-0.014826565980911255,-0.003360658884048462,735,378,0.48571428571428577,33,17
640,H,9,gnnexplainer,0.5,zero,scientific,-0.07945292443037033,-0.15164998173713684,-0.016956783831119537,-0.08353185653686523,0.0040789321064949036,0.0681181252002716,0.0665750727057457,0.07219705730676651,0.06249614059925079,0.0640391930937767,0.06249614059925079,735,378,0.48571428571428577,33,17
640,H,9,integrated_gradients,0.5,zero,scientific,-0.07945292443037033,-0.11676625162363052,-0.0853274017572403,-0.08353185653686523,0.0040789321064949036,0.03323439508676529,0.001795545220375061,0.03731332719326019,0.005874477326869965,0.029155462980270386,-0.0022833868861198425,735,378,0.48571428571428577,33,17
640,H,10,gnnexplainer,0.5,zero,scientific,-0.11835354566574097,-0.11819814890623093,-0.11017610132694244,-0.10661061108112335,0.011742934584617615,0.011587537825107574,0.003565490245819092,0.00015539675951004028,0.008177444338798523,-0.00015539675951004028,-0.008177444338798523,735,378,0.48571428571428577,33,17
640,H,10,integrated_gradients,0.5,zero,scientific,-0.11835354566574097,-0.10805238783359528,-0.11647816002368927,-0.10661061108112335,0.011742934584617615,0.0014417767524719238,0.009867548942565918,0.010301157832145691,0.0018753856420516968,-0.010301157832145691,-0.0018753856420516968,735,378,0.48571428571428577,33,17
640,H,11,gnnexplainer,0.5,zero,scientific,-0.04018741473555565,-0.17247706651687622,-0.006065830588340759,-0.010049479082226753,0.030137935653328896,0.16242758743464947,0.003983648493885994,0.13228965178132057,0.03412158414721489,0.13228965178132057,-0.0261542871594429,735,378,0.48571428571428577,33,17
640,H,11,integrated_gradients,0.5,zero,scientific,-0.04018741473555565,-0.08485959470272064,-0.051817636936903,-0.010049479082226753,0.030137935653328896,0.07481011562049389,0.04176815785467625,0.04467217996716499,0.011630222201347351,0.04467217996716499,0.011630222201347351,735,378,0.48571428571428577,33,17
640,H,12,gnnexplainer,0.5,zero,scientific,-0.029250383377075195,-0.13014468550682068,0.014499403536319733,-0.04088323935866356,0.011632855981588364,0.08926144614815712,0.05538264289498329,0.10089430212974548,0.04374978691339493,0.07762859016656876,0.04374978691339493,735,378,0.48571428571428577,33,17
640,H,12,integrated_gradients,0.5,zero,scientific,-0.029250383377075195,-0.0775429755449295,-0.040794700384140015,-0.04088323935866356,0.011632855981588364,0.036659736186265945,8.853897452354431e-05,0.04829259216785431,0.01154431700706482,0.025026880204677582,-0.01154431700706482,735,378,0.48571428571428577,33,17
640,H,13,gnnexplainer,0.5,zero,scientific,-0.026982992887496948,-0.16196949779987335,-0.023230914026498795,-0.030795302242040634,0.003812309354543686,0.13117419555783272,0.00756438821554184,0.1349865049123764,0.0037520788609981537,0.12736188620328903,0.0037520788609981537,735,378,0.48571428571428577,33,17
640,H,13,integrated_gradients,0.5,zero,scientific,-0.026982992887496948,-0.07957980036735535,-0.037601131945848465,-0.030795302242040634,0.003812309354543686,0.04878449812531471,0.006805829703807831,0.0525968074798584,0.010618139058351517,0.04497218877077103,0.002993520349264145,735,378,0.48571428571428577,33,17
640,C,0,gnnexplainer,0.5,zero,scientific,-7.860611915588379,-3.2127981185913086,-14.209689140319824,-8.271045684814453,0.4104337692260742,5.0582475662231445,5.938643455505371,4.64781379699707,6.349077224731445,4.64781379699707,5.528209686279297,735,378,0.48571428571428577,39,20
640,C,0,integrated_gradients,0.5,zero,scientific,-7.860611915588379,-4.136446952819824,-8.220969200134277,-8.271045684814453,0.4104337692260742,4.134598731994629,0.05007648468017578,3.7241649627685547,0.36035728454589844,3.7241649627685547,-0.36035728454589844,735,378,0.48571428571428577,39,20
640,C,1,gnnexplainer,0.5,zero,scientific,-7.8596673011779785,-3.1384053230285645,-13.383440971374512,-8.270045280456543,0.41037797927856445,5.1316399574279785,5.113395690917969,4.721261978149414,5.523773670196533,4.721261978149414,4.703017711639404,735,378,0.48571428571428577,39,20
640,C,1,integrated_gradients,0.5,zero,scientific,-7.8596673011779785,-4.136473655700684,-8.219954490661621,-8.270045280456543,0.41037797927856445,4.133571624755859,0.050090789794921875,3.723193645477295,0.3602871894836426,3.723193645477295,-0.3602871894836426,735,378,0.48571428571428577,39,20
640,C,2,gnnexplainer,0.5,zero,scientific,-0.4793398380279541,-6.227245807647705,0.17973102629184723,-0.608948290348053,0.12960845232009888,5.618297517299652,0.7886793166399002,5.747905969619751,0.6590708643198013,5.488689064979553,0.6590708643198013,735,378,0.48571428571428577,39,20
640,C,2,integrated_gradients,0.5,zero,scientific,-0.4793398380279541,-4.652689456939697,-0.44410890340805054,-0.608948290348053,0.12960845232009888,4.043741166591644,0.16483938694000244,4.173349618911743,0.035230934619903564,3.9141327142715454,0.035230934619903564,735,378,0.48571428571428577,39,20
640,C,3,gnnexplainer,0.5,zero,scientific,-1.0577682256698608,-5.386729717254639,-0.3706585764884949,-1.4114946126937866,0.3537263870239258,3.975235104560852,1.0408360362052917,4.328961491584778,0.687109649181366,3.6215087175369263,0.687109649181366,735,378,0.48571428571428577,39,20
640,C,3,integrated_gradients,0.5,zero,scientific,-1.0577682256698608,-5.18068265914917,-1.0859248638153076,-1.4114946126937866,0.3537263870239258,3.7691880464553833,0.325569748878479,4.122914433479309,0.028156638145446777,3.4154616594314575,-0.028156638145446777,735,378,0.48571428571428577,39,20
640,C,4,gnnexplainer,0.5,zero,scientific,-1.6062666177749634,-5.888678073883057,-1.1383442878723145,-2.1460978984832764,0.539831280708313,3.7425801753997803,1.007753610610962,4.282411456108093,0.4679223299026489,3.2027488946914673,0.4679223299026489,735,378,0.48571428571428577,39,20
640,C,4,integrated_gradients,0.5,zero,scientific,-1.6062666177749634,-5.196342468261719,-1.4737548828125,-2.1460978984832764,0.539831280708313,3.0502445697784424,0.6723430156707764,3.5900758504867554,0.13251173496246338,2.5104132890701294,0.13251173496246338,735,378,0.48571428571428577,39,20
640,C,5,gnnexplainer,0.5,zero,scientific,-1.0578246116638184,-5.773867130279541,-0.25846177339553833,-1.4114511013031006,0.3536264896392822,4.36241602897644,1.1529893279075623,4.716042518615723,0.79936283826828,4.008789539337158,0.79936283826828,735,378,0.48571428571428577,39,20
640,C,5,integrated_gradients,0.5,zero,scientific,-1.0578246116638184,-5.18068265914917,-1.0859930515289307,-1.4114511013031006,0.3536264896392822,3.7692315578460693,0.3254580497741699,4.122858047485352,0.028168439865112305,3.415605068206787,-0.028168439865112305,735,378,0.48571428571428577,39,20
640,C,6,gnnexplainer,0.5,zero,scientific,-0.47932881116867065,-6.592788219451904,0.10501578450202942,-0.6109034419059753,0.1315746307373047,5.981884777545929,0.7159192264080048,6.113459408283234,0.5843445956707001,5.850310146808624,0.5843445956707001,735,378,0.48571428571428577,39,20
640,C,6,integrated_gradients,0.5,zero,scientific,-0.47932881116867065,-4.652684688568115,-0.4440566301345825,-0.6109034419059753,0.1315746307373047,4.04178124666214,0.16684681177139282,4.173355877399445,0.035272181034088135,3.910206615924835,0.035272181034088135,735,378,0.48571428571428577,39,20
650,H,0,gnnexplainer,0.5,zero,scientific,-0.034940771758556366,-0.17319554090499878,-0.020800217986106873,-0.047470711171627045,0.012529939413070679,0.12572482973337173,0.026670493185520172,0.1382547691464424,0.014140553772449493,0.11319489032030106,0.014140553772449493,762,392,0.4855643044619422,33,17
650,H,0,integrated_gradients,0.5,zero,scientific,-0.034940771758556366,-0.08396409451961517,-0.04585042968392372,-0.047470711171627045,0.012529939413070679,0.03649338334798813,0.0016202814877033234,0.04902332276105881,0.010909657925367355,0.02396344393491745,-0.010909657925367355,762,392,0.4855643044619422,33,17
650,H,1,gnnexplainer,0.5,zero,scientific,-0.06100916862487793,-0.2150343358516693,-0.03020411729812622,-0.0373387411236763,0.02367042750120163,0.177695594727993,0.007134623825550079,0.15402516722679138,0.03080505132675171,0.15402516722679138,-0.01653580367565155,762,392,0.4855643044619422,33,17
650,H,1,integrated_gradients,0.5,zero,scientific,-0.06100916862487793,-0.08038417249917984,-0.07102680951356888,-0.0373387411236763,0.02367042750120163,0.04304543137550354,0.03368806838989258,0.01937500387430191,0.010017640888690948,0.01937500387430191,0.010017640888690948,762,392,0.4855643044619422,33,17
650,H,2,gnnexplainer,0.5,zero,scientific,-0.024738125503063202,-0.16095590591430664,-0.004939097911119461,-0.021102281287312508,0.0036358442157506943,0.13985362462699413,0.016163183376193047,0.13621778041124344,0.01979902759194374,0.13621778041124344,0.012527339160442352,762,392,0.4855643044619422,33,17
650,H,2,integrated_gradients,0.5,zero,scientific,-0.024738125503063202,-0.08273584395647049,-0.03656774386763573,-0.021102281287312508,0.0036358442157506943,0.06163356266915798,0.01546546258032322,0.05799771845340729,0.011829618364572525,0.05799771845340729,0.011829618364572525,762,392,0.4855643044619422,33,17
650,H,3,gnnexplainer,0.5,zero,scientific,-0.10827633738517761,-0.11687061190605164,-0.11904670298099518,-0.09628623723983765,0.011990100145339966,0.02058437466621399,0.022760465741157532,0.008594274520874023,0.010770365595817566,0.008594274520874023,0.010770365595817566,762,392,0.4855643044619422,33,17
650,H,3,integrated_gradients,0.5,zero,scientific,-0.10827633738517761,-0.10074274241924286,-0.1147480383515358,-0.09628623723983765,0.011990100145339966,0.004456505179405212,0.01846180111169815,0.007533594965934753,0.006471700966358185,-0.007533594965934753,0.006471700966358185,762,392,0.4855643044619422,33,17
650,H,4,gnnexplainer,0.5,zero,scientific,-0.05421527847647667,-0.06091499701142311,-0.10903419554233551,-0.1060146912932396,0.051799412816762924,0.04509969428181648,0.0030195042490959167,0.006699718534946442,0.05481891706585884,-0.006699718534946442,-0.04877990856766701,762,392,0.4855643044619422,33,17
650,H,4,integrated_gradients,0.5,zero,scientific,-0.05421527847647667,-0.12193746119737625,-0.06437810510396957,-0.1060146912932396,0.051799412816762924,0.015922769904136658,0.04163658618927002,0.06772218272089958,0.010162826627492905,-0.035876642912626266,-0.010162826627492905,762,392,0.4855643044619422,33,17
650,H,5,gnnexplainer,0.5,zero,scientific,-0.0340970978140831,-0.18279509246349335,0.008186988532543182,-0.045926790684461594,0.011829692870378494,0.13686830177903175,0.054113779217004776,0.14869799464941025,0.04228408634662628,0.12503860890865326,0.04228408634662628,762,392,0.4855643044619422,33,17
650,H,5,integrated_gradients,0.5,zero,scientific,-0.0340970978140831,-0.08229494094848633,-0.04321957752108574,-0.045926790684461594,0.011829692870378494,0.036368150264024734,0.0027072131633758545,0.04819784313440323,0.00912247970700264,0.02453845739364624,-0.00912247970700264,762,392,0.4855643044619422,33,17
650,H,6,gnnexplainer,0.5,zero,scientific,-0.023676138371229172,-0.14911556243896484,0.005335196852684021,-0.01910228095948696,0.00457385741174221,0.13001328147947788,0.024437477812170982,0.12543942406773567,0.029011335223913193,0.12543942406773567,0.019863620400428772,762,392,0.4855643044619422,33,17
650,H,6,integrated_gradients,0.5,zero,scientific,-0.023676138371229172,-0.08663120865821838,-0.035567596554756165,-0.01910228095948696,0.00457385741174221,0.06752892769873142,0.016465315595269203,0.06295507028698921,0.011891458183526993,0.06295507028698921,0.011891458183526993,762,392,0.4855643044619422,33,17
650,H,7,gnnexplainer,0.5,zero,scientific,-0.05934511870145798,-0.1618201732635498,-0.03451837599277496,-0.03475097194314003,0.024594146758317947,0.12706920132040977,0.00023259595036506653,0.10247505456209183,0.024826742708683014,0.10247505456209183,-0.02436155080795288,762,392,0.4855643044619422,33,17
650,H,7,integrated_gradients,0.5,zero,scientific,-0.05934511870145798,-0.0803828239440918,-0.06813845038414001,-0.03475097194314003,0.024594146758317947,0.04563185200095177,0.033387478440999985,0.02103770524263382,0.008793331682682037,0.02103770524263382,0.008793331682682037,762,392,0.4855643044619422,33,17
650,H,8,gnnexplainer,0.5,zero,scientific,-0.03394071012735367,-0.1264847218990326,0.00029090791940689087,-0.04692678898572922,0.01298607885837555,0.07955793291330338,0.04721769690513611,0.09254401177167892,0.03423161804676056,0.06657185405492783,0.03423161804676056,762,392,0.4855643044619422,33,17
650,H,8,integrated_gradients,0.5,zero,scientific,-0.03394071012735367,-0.08396106213331223,-0.043553560972213745,-0.04692678898572922,0.01298607885837555,0.03703427314758301,0.0033732280135154724,0.05002035200595856,0.009612850844860077,0.02404819428920746,-0.009612850844860077,762,392,0.4855643044619422,33,17
650,H,9,gnnexplainer,0.5,zero,scientific,-0.05895303934812546,-0.17940093576908112,-0.02948261797428131,-0.03479496389627457,0.02415807545185089,0.14460597187280655,0.005312345921993256,0.12044789642095566,0.029470421373844147,0.12044789642095566,-0.018845729529857635,762,392,0.4855643044619422,33,17
650,H,9,integrated_gradients,0.5,zero,scientific,-0.05895303934812546,-0.08038360625505447,-0.06797458231449127,-0.03479496389627457,0.02415807545185089,0.04558864235877991,0.033179618418216705,0.021430566906929016,0.009021542966365814,0.021430566906929016,0.009021542966365814,762,392,0.4855643044619422,33,17
650,H,10,gnnexplainer,0.5,zero,scientific,-0.023587524890899658,-0.16748419404029846,0.00175495445728302,-0.020102281123399734,0.0034852437674999237,0.14738191291689873,0.021857235580682755,0.1438966691493988,0.025342479348182678,0.1438966691493988,0.01837199181318283,762,392,0.4855643044619422,33,17
650,H,10,integrated_gradients,0.5,zero,scientific,-0.023587524890899658,-0.08425543457269669,-0.03512042388319969,-0.020102281123399734,0.0034852437674999237,0.06415315344929695,0.015018142759799957,0.06066790968179703,0.011532898992300034,0.06066790968179703,0.011532898992300034,762,392,0.4855643044619422,33,17
650,H,11,gnnexplainer,0.5,zero,scientific,-0.10841157287359238,-0.08744119107723236,-0.11672293394804001,-0.09524228423833847,0.013169288635253906,0.00780109316110611,0.021480649709701538,0.020970381796360016,0.008311361074447632,-0.005368195474147797,0.008311361074447632,762,392,0.4855643044619422,33,17
650,H,11,integrated_gradients,0.5,zero,scientific,-0.10841157287359238,-0.10074371844530106,-0.11493206024169922,-0.09524228423833847,0.013169288635253906,0.0055014342069625854,0.01968977600336075,0.007667854428291321,0.006520487368106842,-0.007667854428291321,0.006520487368106842,762,392,0.4855643044619422,33,17
650,H,12,gnnexplainer,0.5,zero,scientific,-0.05435436591506004,-0.0459270179271698,-0.1035979688167572,-0.10497073829174042,0.050616372376680374,0.05904372036457062,0.0013727694749832153,0.008427347987890244,0.04924360290169716,0.008427347987890244,-0.04924360290169716,762,392,0.4855643044619422,33,17
650,H,12,integrated_gradients,0.5,zero,scientific,-0.05435436591506004,-0.1219434142112732,-0.06440380960702896,-0.10497073829174042,0.050616372376680374,0.016972675919532776,0.040566928684711456,0.06758904829621315,0.010049443691968918,-0.0336436964571476,-0.010049443691968918,762,392,0.4855643044619422,33,17
650,H,13,gnnexplainer,0.5,zero,scientific,-0.06090754270553589,-0.19517168402671814,-0.04371563345193863,-0.03579496219754219,0.025112580507993698,0.15937672182917595,0.007920671254396439,0.13426414132118225,0.01719190925359726,0.13426414132118225,-0.01719190925359726,762,392,0.4855643044619422,33,17
650,H,13,integrated_gradients,0.5,zero,scientific,-0.06090754270553589,-0.07870391011238098,-0.07214432209730148,-0.03579496219754219,0.025112580507993698,0.04290894791483879,0.03634935989975929,0.017796367406845093,0.011236779391765594,0.017796367406845093,0.011236779391765594,762,392,0.4855643044619422,33,17
650,H,14,gnnexplainer,0.5,zero,scientific,-0.03507107496261597,-0.1204683780670166,-0.0030485689640045166,-0.04792679101228714,0.012855716049671173,0.07254158705472946,0.04487822204828262,0.08539730310440063,0.03202250599861145,0.05968587100505829,0.03202250599861145,762,392,0.4855643044619422,33,17
650,H,14,integrated_gradients,0.5,zero,scientific,-0.03507107496261597,-0.08039053529500961,-0.04538316652178764,-0.04792679101228714,0.012855716049671173,0.03246374428272247,0.0025436244904994965,0.045319460332393646,0.010312091559171677,0.0196080282330513,-0.010312091559171677,762,392,0.4855643044619422,33,17
650,H,15,gnnexplainer,0.5,zero,scientific,-0.024672776460647583,-0.18510884046554565,-0.006141439080238342,-0.01910228095948696,0.005570495501160622,0.1660065595060587,0.012960841879248619,0.16043606400489807,0.01853133738040924,0.16043606400489807,0.0073903463780879974,762,392,0.4855643044619422,33,17
650,H,15,integrated_gradients,0.5,zero,scientific,-0.024672776460647583,-0.08443893492221832,-0.03513380140066147,-0.01910228095948696,0.005570495501160622,0.06533665396273136,0.016031520441174507,0.05976615846157074,0.010461024940013885,0.05976615846157074,0.010461024940013885,762,392,0.4855643044619422,33,17
650,C,0,gnnexplainer,0.5,zero,scientific,-0.6039972305297852,-5.765794277191162,0.20874933898448944,-0.7945148944854736,0.19051766395568848,4.9712793827056885,1.003264233469963,5.161797046661377,0.8127465695142746,4.78076171875,0.8127465695142746,762,392,0.4855643044619422,39,20
650,C,0,integrated_gradients,0.5,zero,scientific,-0.6039972305297852,-4.584588527679443,-0.5423650741577148,-0.7945148944854736,0.19051766395568848,3.7900736331939697,0.2521498203277588,3.980591297149658,0.06163215637207031,3.5995559692382812,0.06163215637207031,762,392,0.4855643044619422,39,20
650,C,1,gnnexplainer,0.5,zero,scientific,-0.9427768588066101,-6.378215312957764,-0.46865344047546387,-1.2854688167572021,0.34269195795059204,5.0927464962005615,0.8168153762817383,5.435438454151154,0.47412341833114624,4.7500545382499695,0.47412341833114624,762,392,0.4855643044619422,39,20
650,C,1,integrated_gradients,0.5,zero,scientific,-0.9427768588066101,-4.910510540008545,-1.0346465110778809,-1.2854688167572021,0.34269195795059204,3.6250417232513428,0.2508223056793213,3.967733681201935,0.09186965227127075,3.2823497653007507,-0.09186965227127075,762,392,0.4855643044619422,39,20
650,C,2,gnnexplainer,0.5,zero,scientific,-0.6430948376655579,-6.140992641448975,-0.41835319995880127,-0.7869271636009216,0.14383232593536377,5.354065477848053,0.36857396364212036,5.497897803783417,0.2247416377067566,5.210233151912689,0.2247416377067566,762,392,0.4855643044619422,39,20
650,C,2,integrated_gradients,0.5,zero,scientific,-0.6430948376655579,-4.591911792755127,-0.5743793249130249,-0.7869271636009216,0.14383232593536377,3.8049846291542053,0.21254783868789673,3.948816955089569,0.06871551275253296,3.6611523032188416,0.06871551275253296,762,392,0.4855643044619422,39,20
650,C,3,gnnexplainer,0.5,zero,scientific,-0.6416166424751282,-5.748908996582031,-0.2619970142841339,-0.7869707942008972,0.14535415172576904,4.961938202381134,0.5249737799167633,5.107292354106903,0.37961962819099426,4.816584050655365,0.37961962819099426,762,392,0.4855643044619422,39,20
650,C,3,integrated_gradients,0.5,zero,scientific,-0.6416166424751282,-4.591835975646973,-0.575996994972229,-0.7869707942008972,0.14535415172576904,3.8048651814460754,0.2109737992286682,3.9502193331718445,0.06561964750289917,3.6595110297203064,0.06561964750289917,762,392,0.4855643044619422,39,20
650,C,4,gnnexplainer,0.5,zero,scientific,-0.942050039768219,-7.016800403594971,-0.3011604845523834,-1.282924771308899,0.34087473154067993,5.733875632286072,0.9817642867565155,6.074750363826752,0.6408895552158356,5.393000900745392,0.6408895552158356,762,392,0.4855643044619422,39,20
650,C,4,integrated_gradients,0.5,zero,scientific,-0.942050039768219,-4.9107866287231445,-1.0333689451217651,-1.282924771308899,0.34087473154067993,3.6278618574142456,0.2495558261871338,3.9687365889549255,0.09131890535354614,3.2869871258735657,-0.09131890535354614,762,392,0.4855643044619422,39,20
650,C,5,gnnexplainer,0.5,zero,scientific,-0.60410076379776,-5.707704067230225,-0.026072576642036438,-0.7939702272415161,0.1898694634437561,4.9137338399887085,0.7678976505994797,5.103603303432465,0.5780281871557236,4.723864376544952,0.5780281871557236,762,392,0.4855643044619422,39,20
650,C,5,integrated_gradients,0.5,zero,scientific,-0.60410076379776,-4.584531784057617,-0.5390664935112,-0.7939702272415161,0.1898694634437561,3.790561556816101,0.25490373373031616,3.980431020259857,0.06503427028656006,3.600692093372345,0.06503427028656006,762,392,0.4855643044619422,39,20
740,H,1,gnnexplainer,0.5,zero,scientific,-0.026137936860322952,-0.10192276537418365,-0.0021049007773399353,0.03481113538146019,0.06094907224178314,0.13673390075564384,0.036916036158800125,0.0757848285138607,0.024033036082983017,0.0757848285138607,-0.024033036082983017,561,288,0.4866310160427807,33,17
740,H,2,gnnexplainer,0.5,zero,scientific,-0.04452488198876381,-0.20256894826889038,0.005019590258598328,-0.0694003626704216,0.02487548068165779,0.13316858559846878,0.07441995292901993,0.15804406628012657,0.04954447224736214,0.10829310491681099,0.04954447224736214,561,288,0.4866310160427807,33,17
740,H,3,gnnexplainer,0.5,zero,scientific,-0.04864649474620819,-0.14803659915924072,-0.03144463896751404,-0.03524171933531761,0.01340477541089058,0.11279487982392311,0.0037970803678035736,0.09939010441303253,0.017201855778694153,0.09939010441303253,-0.009607695043087006,561,288,0.4866310160427807,33,17
740,H,4,gnnexplainer,0.5,zero,scientific,-0.044288262724876404,-0.16823232173919678,-0.007714174687862396,-0.06663717329502106,0.022348910570144653,0.10159514844417572,0.05892299860715866,0.12394405901432037,0.03657408803701401,0.07924623787403107,0.03657408803701401,561,288,0.4866310160427807,33,17
740,H,5,gnnexplainer,0.5,zero,scientific,-0.02385552227497101,-0.1443028301000595,0.01027262955904007,0.03422334045171738,0.058078862726688385,0.17852617055177689,0.023950710892677307,0.1204473078250885,0.03412815183401108,0.1204473078250885,-0.03412815183401108,561,288,0.4866310160427807,33,17
740,H,6,gnnexplainer,0.5,zero,scientific,-0.046978406608104706,-0.11916861683130264,-0.03190131112933159,-0.03061004728078842,0.016368359327316284,0.08855856955051422,0.0012912638485431671,0.07219021022319794,0.015077095478773117,0.07219021022319794,-0.015077095478773117,561,288,0.4866310160427807,33,17
740,H,9,gnnexplainer,0.5,zero,scientific,-0.04696982726454735,-0.07028058916330338,-0.08146306872367859,-0.11217248439788818,0.06520265713334084,0.04189189523458481,0.030709415674209595,0.023310761898756027,0.03449324145913124,-0.023310761898756027,-0.03449324145913124,561,288,0.4866310160427807,33,17
740,H,10,gnnexplainer,0.5,zero,scientific,-0.046655893325805664,-0.08193401992321014,-0.07445445656776428,-0.10799708962440491,0.06134119629859924,0.026063069701194763,0.033542633056640625,0.03527812659740448,0.027798563241958618,-0.03527812659740448,-0.027798563241958618,561,288,0.4866310160427807,33,17
740,H,11,gnnexplainer,0.5,zero,scientific,-0.03764323145151138,-0.11263130605220795,-0.036272723227739334,0.028855061158537865,0.06649829261004925,0.1414863672107458,0.0651277843862772,0.07498807460069656,0.001370508223772049,0.07498807460069656,-0.001370508223772049,561,288,0.4866310160427807,33,17
740,C,0,gnnexplainer,0.5,zero,scientific,0.018430694937705994,-6.47714376449585,0.5059041380882263,0.41184088587760925,0.39341019093990326,6.888984650373459,0.09406325221061707,6.495574459433556,0.4874734431505203,6.495574459433556,-0.2993469387292862,561,288,0.4866310160427807,39,20
740,C,1,gnnexplainer,0.5,zero,scientific,0.007801875472068787,-4.81313419342041,0.593609094619751,0.3751834034919739,0.3673815280199051,5.188317596912384,0.2184256911277771,4.820936068892479,0.5858072191476822,4.820936068892479,-0.148955836892128,561,288,0.4866310160427807,39,20
740,C,2,gnnexplainer,0.5,zero,scientific,-0.3508378267288208,-7.40863037109375,0.1820153445005417,0.5169197916984558,0.8677576184272766,7.925550162792206,0.3349044471979141,7.057792544364929,0.5328531712293625,7.057792544364929,-0.5328531712293625,561,288,0.4866310160427807,39,20
