graph_idx,node_type,node_idx,method,sparsity_target,mask_baseline_mode,ig_baseline_mode,pred_orig,pred_drop,pred_keep,target,error_orig,error_drop,error_keep,fid_plus_model,fid_minus_model,fid_plus_error_delta,fid_minus_error_delta,n_features,k_features,actual_sparsity_feat,n_features_target,k_features_target
50,H,0,gnnexplainer,0.8,zero,scientific,-0.18866461515426636,-0.06569646298885345,-0.25568822026252747,-0.18572446703910828,0.002940148115158081,0.12002800405025482,0.06996375322341919,0.1229681521654129,0.06702360510826111,0.11708785593509674,0.06702360510826111,498,104,0.7911646586345382,33,7
50,H,0,integrated_gradients,0.8,zero,scientific,-0.18866461515426636,-0.10703626275062561,-0.18181806802749634,-0.18572446703910828,0.002940148115158081,0.07868820428848267,0.0039063990116119385,0.08162835240364075,0.0068465471267700195,0.07574805617332458,0.0009662508964538574,498,104,0.7911646586345382,33,7
50,H,1,gnnexplainer,0.8,zero,scientific,-0.19408667087554932,-0.05827629193663597,-0.24276357889175415,-0.1745053380727768,0.019581332802772522,0.11622904613614082,0.06825824081897736,0.13581037893891335,0.048676908016204834,0.0966477133333683,0.048676908016204834,498,104,0.7911646586345382,33,7
50,H,1,integrated_gradients,0.8,zero,scientific,-0.19408667087554932,-0.11635279655456543,-0.17937391996383667,-0.1745053380727768,0.019581332802772522,0.058152541518211365,0.0048685818910598755,0.07773387432098389,0.014712750911712646,0.03857120871543884,-0.014712750911712646,498,104,0.7911646586345382,33,7
50,H,2,gnnexplainer,0.8,zero,scientific,-0.13721123337745667,-0.020644716918468475,-0.2437981367111206,-0.1240059956908226,0.013205237686634064,0.10336127877235413,0.119792141020298,0.11656651645898819,0.10658690333366394,0.09015604108572006,0.10658690333366394,498,104,0.7911646586345382,33,7
50,H,2,integrated_gradients,0.8,zero,scientific,-0.13721123337745667,-0.11981745064258575,-0.14743855595588684,-0.1240059956908226,0.013205237686634064,0.004188545048236847,0.02343256026506424,0.01739378273487091,0.010227322578430176,-0.009016692638397217,0.010227322578430176,498,104,0.7911646586345382,33,7
50,H,3,gnnexplainer,0.8,zero,scientific,-0.06269896030426025,-0.15947222709655762,-0.057276200503110886,-0.029461706057190895,0.03323725424706936,0.13001052103936672,0.02781449444591999,0.09677326679229736,0.005422759801149368,0.09677326679229736,-0.005422759801149368,498,104,0.7911646586345382,33,7
50,H,3,integrated_gradients,0.8,zero,scientific,-0.06269896030426025,-0.0735999047756195,-0.09657042473554611,-0.029461706057190895,0.03323725424706936,0.04413819871842861,0.06710871867835522,0.010900944471359253,0.03387146443128586,0.010900944471359253,0.03387146443128586,498,104,0.7911646586345382,33,7
50,H,4,gnnexplainer,0.8,zero,scientific,-0.05592544749379158,-0.015967313200235367,-0.20910397171974182,-0.08866342157125473,0.03273797407746315,0.07269610837101936,0.12044055014848709,0.03995813429355621,0.15317852422595024,0.03995813429355621,0.08770257607102394,498,104,0.7911646586345382,33,7
50,H,4,integrated_gradients,0.8,zero,scientific,-0.05592544749379158,-0.08747848868370056,-0.09000285714864731,-0.08866342157125473,0.03273797407746315,0.0011849328875541687,0.0013394355773925781,0.03155304118990898,0.03407740965485573,-0.03155304118990898,-0.03139853850007057,498,104,0.7911646586345382,33,7
50,H,5,gnnexplainer,0.8,zero,scientific,-0.08462868630886078,-0.31660526990890503,-0.03838236257433891,-0.06410186737775803,0.020526818931102753,0.252503402531147,0.025719504803419113,0.23197658360004425,0.046246323734521866,0.23197658360004425,0.0051926858723163605,498,104,0.7911646586345382,33,7
50,H,5,integrated_gradients,0.8,zero,scientific,-0.08462868630886078,-0.08732648193836212,-0.11303333938121796,-0.06410186737775803,0.020526818931102753,0.023224614560604095,0.04893147200345993,0.0026977956295013428,0.028404653072357178,0.0026977956295013428,0.028404653072357178,498,104,0.7911646586345382,33,7
50,H,6,gnnexplainer,0.8,zero,scientific,-0.33054494857788086,-0.14815577864646912,-0.4056377410888672,-0.3011716902256012,0.029373258352279663,0.15301591157913208,0.10446605086326599,0.18238916993141174,0.07509279251098633,0.12364265322685242,0.07509279251098633,498,104,0.7911646586345382,33,7
50,H,6,integrated_gradients,0.8,zero,scientific,-0.33054494857788086,-0.14155107736587524,-0.2957519292831421,-0.3011716902256012,0.029373258352279663,0.15962061285972595,0.0054197609424591064,0.18899387121200562,0.03479301929473877,0.1302473545074463,-0.023953497409820557,498,104,0.7911646586345382,33,7
50,H,7,gnnexplainer,0.8,zero,scientific,-0.3257949948310852,-0.12319372594356537,-0.33974936604499817,-0.362988144159317,0.03719314932823181,0.23979441821575165,0.023238778114318848,0.20260126888751984,0.013954371213912964,0.20260126888751984,-0.013954371213912964,498,104,0.7911646586345382,33,7
50,H,7,integrated_gradients,0.8,zero,scientific,-0.3257949948310852,-0.1482633799314499,-0.2758500576019287,-0.362988144159317,0.03719314932823181,0.21472476422786713,0.0871380865573883,0.17753161489963531,0.049944937229156494,0.17753161489963531,0.049944937229156494,498,104,0.7911646586345382,33,7
50,C,0,gnnexplainer,0.8,zero,scientific,-3.4731967449188232,-1.879879117012024,-5.552761554718018,-3.638505220413208,0.16530847549438477,1.758626103401184,1.9142563343048096,1.5933176279067993,2.0795648097991943,1.5933176279067993,1.7489478588104248,498,104,0.7911646586345382,39,8
50,C,0,integrated_gradients,0.8,zero,scientific,-3.4731967449188232,-4.894374847412109,-2.7426517009735107,-3.638505220413208,0.16530847549438477,1.2558696269989014,0.8958535194396973,1.4211781024932861,0.7305450439453125,1.0905611515045166,0.7305450439453125,498,104,0.7911646586345382,39,8
50,C,1,gnnexplainer,0.8,zero,scientific,-2.626781463623047,-3.372438907623291,-3.9637489318847656,-2.7032065391540527,0.07642507553100586,0.6692323684692383,1.260542392730713,0.7456574440002441,1.3369674682617188,0.5928072929382324,1.184117317199707,498,104,0.7911646586345382,39,8
50,C,1,integrated_gradients,0.8,zero,scientific,-2.626781463623047,-5.202415466308594,-2.3068809509277344,-2.7032065391540527,0.07642507553100586,2.499208927154541,0.39632558822631836,2.575634002685547,0.3199005126953125,2.422783851623535,0.3199005126953125,498,104,0.7911646586345382,39,8
50,C,2,gnnexplainer,0.8,zero,scientific,-2.6187326908111572,-1.868285059928894,-6.161605358123779,-3.0836172103881836,0.46488451957702637,1.2153321504592896,3.0779881477355957,0.7504476308822632,3.542872667312622,0.7504476308822632,2.6131036281585693,498,104,0.7911646586345382,39,8
50,C,2,integrated_gradients,0.8,zero,scientific,-2.6187326908111572,-5.097811698913574,-2.4142985343933105,-3.0836172103881836,0.46488451957702637,2.0141944885253906,0.669318675994873,2.479079008102417,0.20443415641784668,1.5493099689483643,0.20443415641784668,498,104,0.7911646586345382,39,8
50,C,3,gnnexplainer,0.8,zero,scientific,-12.352452278137207,-4.136246681213379,-12.382742881774902,-11.829119682312012,0.5233325958251953,7.692873001098633,0.5536231994628906,8.216205596923828,0.030290603637695312,7.1695404052734375,0.030290603637695312,498,104,0.7911646586345382,39,8
50,C,3,integrated_gradients,0.8,zero,scientific,-12.352452278137207,-5.786484241485596,-10.291109085083008,-11.829119682312012,0.5233325958251953,6.042635440826416,1.538010597229004,6.565968036651611,2.061343193054199,5.519302845001221,1.0146780014038086,498,104,0.7911646586345382,39,8
50,C,4,gnnexplainer,0.8,zero,scientific,-12.56570053100586,-7.28422737121582,-11.479275703430176,-12.671215057373047,0.1055145263671875,5.386987686157227,1.191939353942871,5.281473159790039,1.0864248275756836,5.281473159790039,1.0864248275756836,498,104,0.7911646586345382,39,8
50,C,4,integrated_gradients,0.8,zero,scientific,-12.56570053100586,-5.624937534332275,-11.624032020568848,-12.671215057373047,0.1055145263671875,7.0462775230407715,1.0471830368041992,6.940762996673584,0.9416685104370117,6.940762996673584,0.9416685104370117,498,104,0.7911646586345382,39,8
50,C,5,gnnexplainer,0.8,zero,scientific,-1.2540905475616455,-5.139951705932617,-0.5573778748512268,-1.9315294027328491,0.6774388551712036,3.208422303199768,1.3741515278816223,3.8858611583709717,0.6967126727104187,2.5309834480285645,0.6967126727104187,498,104,0.7911646586345382,39,8
50,C,5,integrated_gradients,0.8,zero,scientific,-1.2540905475616455,-4.787627220153809,-1.1475741863250732,-1.9315294027328491,0.6774388551712036,2.8560978174209595,0.7839552164077759,3.533536672592163,0.10651636123657227,2.178658962249756,0.10651636123657227,498,104,0.7911646586345382,39,8
170,H,0,gnnexplainer,0.8,zero,scientific,-0.08065252006053925,-0.11654508113861084,-0.02130814641714096,-0.026961499825119972,0.05369102023541927,0.08958358131349087,0.0056533534079790115,0.035892561078071594,0.059344373643398285,0.035892561078071594,-0.04803766682744026,662,140,0.7885196374622356,33,7
170,H,0,integrated_gradients,0.8,zero,scientific,-0.08065252006053925,-0.04622659087181091,-0.08984874188899994,-0.026961499825119972,0.05369102023541927,0.01926509104669094,0.06288724206387997,0.03442592918872833,0.009196221828460693,-0.03442592918872833,0.009196221828460693,662,140,0.7885196374622356,33,7
170,H,1,gnnexplainer,0.8,zero,scientific,-0.08064423501491547,-0.11103077232837677,-0.024095799773931503,-0.027961499989032745,0.05268273502588272,0.08306927233934402,0.003865700215101242,0.030386537313461304,0.05654843524098396,0.030386537313461304,-0.04881703481078148,662,140,0.7885196374622356,33,7
170,H,1,integrated_gradients,0.8,zero,scientific,-0.08064423501491547,-0.04622633755207062,-0.08984655141830444,-0.027961499989032745,0.05268273502588272,0.018264837563037872,0.0618850514292717,0.03441789746284485,0.009202316403388977,-0.03441789746284485,0.009202316403388977,662,140,0.7885196374622356,33,7
170,H,2,gnnexplainer,0.8,zero,scientific,-0.08063553273677826,-0.11463448405265808,-0.037319980561733246,-0.027961499989032745,0.052674032747745514,0.08667298406362534,0.0093584805727005,0.03399895131587982,0.04331555217504501,0.03399895131587982,-0.04331555217504501,662,140,0.7885196374622356,33,7
170,H,2,integrated_gradients,0.8,zero,scientific,-0.08063553273677826,-0.04623034596443176,-0.08984541893005371,-0.027961499989032745,0.052674032747745514,0.018268845975399017,0.061883918941020966,0.0344051867723465,0.009209886193275452,-0.0344051867723465,0.009209886193275452,662,140,0.7885196374622356,33,7
170,H,3,gnnexplainer,0.8,zero,scientific,-0.08062697947025299,-0.11911814659833908,-0.03042025864124298,-0.026961499825119972,0.05366547964513302,0.09215664677321911,0.0034587588161230087,0.03849116712808609,0.05020672082901001,0.03849116712808609,-0.05020672082901001,662,140,0.7885196374622356,33,7
170,H,3,integrated_gradients,0.8,zero,scientific,-0.08062697947025299,-0.04623027890920639,-0.08984421193599701,-0.026961499825119972,0.05366547964513302,0.019268779084086418,0.06288271211087704,0.0343967005610466,0.009217232465744019,-0.0343967005610466,0.009217232465744019,662,140,0.7885196374622356,33,7
170,H,4,gnnexplainer,0.8,zero,scientific,-0.07791470736265182,-0.12032808363437653,-0.01115279272198677,-0.027961499989032745,0.04995320737361908,0.09236658364534378,0.016808707267045975,0.0424133762717247,0.06676191464066505,0.0424133762717247,-0.033144500106573105,662,140,0.7885196374622356,33,7
170,H,4,integrated_gradients,0.8,zero,scientific,-0.07791470736265182,-0.04992442578077316,-0.08505411446094513,-0.027961499989032745,0.04995320737361908,0.021962925791740417,0.057092614471912384,0.027990281581878662,0.0071394070982933044,-0.027990281581878662,0.0071394070982933044,662,140,0.7885196374622356,33,7
170,H,5,gnnexplainer,0.8,zero,scientific,-0.07790467888116837,-0.1604262739419937,-0.01664958894252777,-0.026961499825119972,0.05094317905604839,0.13346477411687374,0.010311910882592201,0.08252159506082535,0.061255089938640594,0.08252159506082535,-0.04063126817345619,662,140,0.7885196374622356,33,7
170,H,5,integrated_gradients,0.8,zero,scientific,-0.07790467888116837,-0.049923885613679886,-0.08504554629325867,-0.026961499825119972,0.05094317905604839,0.022962385788559914,0.058084046468138695,0.02798079326748848,0.0071408674120903015,-0.02798079326748848,0.0071408674120903015,662,140,0.7885196374622356,33,7
170,H,6,gnnexplainer,0.8,zero,scientific,-0.07790350168943405,-0.13808158040046692,-0.018634360283613205,-0.026961499825119972,0.05094200186431408,0.11112008057534695,0.008327139541506767,0.06017807871103287,0.05926914140582085,0.06017807871103287,-0.04261486232280731,662,140,0.7885196374622356,33,7
170,H,6,integrated_gradients,0.8,zero,scientific,-0.07790350168943405,-0.0499286986887455,-0.08505086600780487,-0.026961499825119972,0.05094200186431408,0.022967198863625526,0.0580893661826849,0.027974803000688553,0.007147364318370819,-0.027974803000688553,0.007147364318370819,662,140,0.7885196374622356,33,7
170,H,7,gnnexplainer,0.8,zero,scientific,-0.07790827751159668,-0.11996623873710632,-0.03186754882335663,-0.02896150015294552,0.04894677735865116,0.0910047385841608,0.00290604867041111,0.042057961225509644,0.04604072868824005,0.042057961225509644,-0.04604072868824005,662,140,0.7885196374622356,33,7
170,H,7,integrated_gradients,0.8,zero,scientific,-0.07790827751159668,-0.04992940276861191,-0.08506111800670624,-0.02896150015294552,0.04894677735865116,0.02096790261566639,0.05609961785376072,0.02797887474298477,0.007152840495109558,-0.02797887474298477,0.007152840495109558,662,140,0.7885196374622356,33,7
170,H,8,gnnexplainer,0.8,zero,scientific,-0.07964935898780823,-0.13786283135414124,-0.020600132644176483,-0.02691764011979103,0.0527317188680172,0.1109451912343502,0.006317507475614548,0.05821347236633301,0.059049226343631744,0.05821347236633301,-0.04641421139240265,662,140,0.7885196374622356,33,7
170,H,8,integrated_gradients,0.8,zero,scientific,-0.07964935898780823,-0.04591087996959686,-0.09022121131420135,-0.02691764011979103,0.0527317188680172,0.018993239849805832,0.06330357119441032,0.033738479018211365,0.010571852326393127,-0.033738479018211365,0.010571852326393127,662,140,0.7885196374622356,33,7
170,H,9,gnnexplainer,0.8,zero,scientific,-0.0796414166688919,-0.1181563213467598,-0.02322446182370186,-0.025917639955878258,0.05372377671301365,0.09223868139088154,0.0026931781321763992,0.03851490467786789,0.05641695484519005,0.03851490467786789,-0.05103059858083725,662,140,0.7885196374622356,33,7
170,H,9,integrated_gradients,0.8,zero,scientific,-0.0796414166688919,-0.045910224318504333,-0.09020990133285522,-0.025917639955878258,0.05372377671301365,0.019992584362626076,0.06429226137697697,0.03373119235038757,0.010568484663963318,-0.03373119235038757,0.010568484663963318,662,140,0.7885196374622356,33,7
170,H,10,gnnexplainer,0.8,zero,scientific,-0.07964157313108444,-0.10997477173805237,-0.02043803036212921,-0.025917639955878258,0.053723933175206184,0.08405713178217411,0.005479609593749046,0.030333198606967926,0.05920354276895523,0.030333198606967926,-0.04824432358145714,662,140,0.7885196374622356,33,7
170,H,10,integrated_gradients,0.8,zero,scientific,-0.07964157313108444,-0.045907534658908844,-0.09020891785621643,-0.025917639955878258,0.053723933175206184,0.019989894703030586,0.06429127790033817,0.0337340384721756,0.010567344725131989,-0.0337340384721756,0.010567344725131989,662,140,0.7885196374622356,33,7
170,H,11,gnnexplainer,0.8,zero,scientific,-0.07965811342000961,-0.11690782010555267,-0.006139934062957764,-0.02896150015294552,0.050696613267064095,0.08794631995260715,0.022821566089987755,0.03724970668554306,0.07351817935705185,0.03724970668554306,-0.02787504717707634,662,140,0.7885196374622356,33,7
170,H,11,integrated_gradients,0.8,zero,scientific,-0.07965811342000961,-0.04590832442045212,-0.09022070467472076,-0.02896150015294552,0.050696613267064095,0.0169468242675066,0.061259204521775246,0.033749788999557495,0.010562591254711151,-0.033749788999557495,0.010562591254711151,662,140,0.7885196374622356,33,7
170,C,0,gnnexplainer,0.8,zero,scientific,-2.0284276008605957,-3.6262006759643555,-1.3257369995117188,-2.175614595413208,0.1471869945526123,1.4505860805511475,0.8498775959014893,1.5977730751037598,0.702690601348877,1.3033990859985352,0.702690601348877,662,140,0.7885196374622356,39,8
170,C,0,integrated_gradients,0.8,zero,scientific,-2.0284276008605957,-3.629795551300049,-1.64337956905365,-2.175614595413208,0.1471869945526123,1.4541809558868408,0.5322350263595581,1.6013679504394531,0.3850480318069458,1.3069939613342285,0.3850480318069458,662,140,0.7885196374622356,39,8
170,C,1,gnnexplainer,0.8,zero,scientific,-2.0285582542419434,-3.444380283355713,-1.4036511182785034,-2.1761586666107178,0.14760041236877441,1.2682216167449951,0.7725075483322144,1.4158220291137695,0.6249071359634399,1.1206212043762207,0.6249071359634399,662,140,0.7885196374622356,39,8
170,C,1,integrated_gradients,0.8,zero,scientific,-2.0285582542419434,-3.6307883262634277,-1.6485615968704224,-2.1761586666107178,0.14760041236877441,1.45462965965271,0.5275970697402954,1.6022300720214844,0.379996657371521,1.3070292472839355,0.379996657371521,662,140,0.7885196374622356,39,8
170,C,2,gnnexplainer,0.8,zero,scientific,-2.1927924156188965,-4.860571384429932,-1.4304718971252441,-2.1926145553588867,0.00017786026000976562,2.667956829071045,0.7621426582336426,2.667778968811035,0.7623205184936523,2.667778968811035,0.7619647979736328,662,140,0.7885196374622356,39,8
170,C,2,integrated_gradients,0.8,zero,scientific,-2.1927924156188965,-3.9013257026672363,-1.6182860136032104,-2.1926145553588867,0.00017786026000976562,1.7087111473083496,0.5743285417556763,1.7085332870483398,0.574506402015686,1.7085332870483398,0.5741506814956665,662,140,0.7885196374622356,39,8
170,C,3,gnnexplainer,0.8,zero,scientific,-2.1926939487457275,-3.746342658996582,-1.7251389026641846,-2.179614543914795,0.013079404830932617,1.566728115081787,0.45447564125061035,1.5536487102508545,0.46755504608154297,1.5536487102508545,0.44139623641967773,662,140,0.7885196374622356,39,8
170,C,3,integrated_gradients,0.8,zero,scientific,-2.1926939487457275,-3.8981778621673584,-1.6481987237930298,-2.179614543914795,0.013079404830932617,1.7185633182525635,0.5314158201217651,1.7054839134216309,0.5444952249526978,1.7054839134216309,0.5183364152908325,662,140,0.7885196374622356,39,8
170,C,4,gnnexplainer,0.8,zero,scientific,-2.0527212619781494,-3.233832836151123,-1.6977519989013672,-2.1881580352783203,0.1354367733001709,1.0456748008728027,0.4904060363769531,1.1811115741729736,0.3549692630767822,0.9102380275726318,0.3549692630767822,662,140,0.7885196374622356,39,8
170,C,4,integrated_gradients,0.8,zero,scientific,-2.0527212619781494,-3.6208691596984863,-1.629787802696228,-2.1881580352783203,0.1354367733001709,1.432711124420166,0.5583702325820923,1.568147897720337,0.4229334592819214,1.2972743511199951,0.4229334592819214,662,140,0.7885196374622356,39,8
170,C,5,gnnexplainer,0.8,zero,scientific,-2.0526702404022217,-4.017494201660156,-1.4493268728256226,-2.174614429473877,0.12194418907165527,1.8428797721862793,0.7252875566482544,1.9648239612579346,0.6033433675765991,1.720935583114624,0.6033433675765991,662,140,0.7885196374622356,39,8
170,C,5,integrated_gradients,0.8,zero,scientific,-2.0526702404022217,-3.6206436157226562,-1.6298327445983887,-2.174614429473877,0.12194418907165527,1.4460291862487793,0.5447816848754883,1.5679733753204346,0.422837495803833,1.324084997177124,0.422837495803833,662,140,0.7885196374622356,39,8
270,H,0,gnnexplainer,0.8,zero,scientific,-0.06326740980148315,-0.32966065406799316,-0.05024319514632225,-0.04426804184913635,0.018999367952346802,0.2853926122188568,0.005975153297185898,0.26639324426651,0.013024214655160904,0.26639324426651,-0.013024214655160904,370,78,0.7891891891891891,33,7
270,H,0,integrated_gradients,0.8,zero,scientific,-0.06326740980148315,-0.11147100478410721,-0.09504751861095428,-0.04426804184913635,0.018999367952346802,0.06720296293497086,0.05077947676181793,0.048203594982624054,0.03178010880947113,0.048203594982624054,0.03178010880947113,370,78,0.7891891891891891,33,7
270,H,1,gnnexplainer,0.8,zero,scientific,-0.06325238198041916,-0.2747653126716614,-0.065738745033741,-0.04426804184913635,0.018984340131282806,0.23049727082252502,0.021470703184604645,0.21151293069124222,0.0024863630533218384,0.21151293069124222,0.0024863630533218384,370,78,0.7891891891891891,33,7
270,H,1,integrated_gradients,0.8,zero,scientific,-0.06325238198041916,-0.11146295070648193,-0.09504590928554535,-0.04426804184913635,0.018984340131282806,0.06719490885734558,0.050777867436409,0.048210568726062775,0.03179352730512619,0.048210568726062775,0.03179352730512619,370,78,0.7891891891891891,33,7
270,H,2,gnnexplainer,0.8,zero,scientific,-0.11182482540607452,-0.04413270205259323,-0.20299440622329712,-0.1254609227180481,0.013636097311973572,0.08132822066545486,0.07753348350524902,0.06769212335348129,0.0911695808172226,0.06769212335348129,0.06389738619327545,370,78,0.7891891891891891,33,7
270,H,2,integrated_gradients,0.8,zero,scientific,-0.11182482540607452,-0.06359601765871048,-0.16150301694869995,-0.1254609227180481,0.013636097311973572,0.061864905059337616,0.036042094230651855,0.048228807747364044,0.04967819154262543,0.048228807747364044,0.022405996918678284,370,78,0.7891891891891891,33,7
270,H,3,gnnexplainer,0.8,zero,scientific,-0.11181138455867767,-0.02685682475566864,-0.2744046151638031,-0.12491703033447266,0.013105645775794983,0.09806020557880402,0.14948758482933044,0.08495455980300903,0.16259323060512543,0.08495455980300903,0.13638193905353546,370,78,0.7891891891891891,33,7
270,H,3,integrated_gradients,0.8,zero,scientific,-0.11181138455867767,-0.06233813241124153,-0.16269567608833313,-0.12491703033447266,0.013105645775794983,0.06257889792323112,0.037778645753860474,0.04947325214743614,0.05088429152965546,0.04947325214743614,0.02467299997806549,370,78,0.7891891891891891,33,7
270,H,4,gnnexplainer,0.8,zero,scientific,-0.11182227730751038,-0.04806244373321533,-0.2909312844276428,-0.12646092474460602,0.014638647437095642,0.07839848101139069,0.1644703596830368,0.06375983357429504,0.17910900712013245,0.06375983357429504,0.14983171224594116,370,78,0.7891891891891891,33,7
270,H,4,integrated_gradients,0.8,zero,scientific,-0.11182227730751038,-0.06359558552503586,-0.16150379180908203,-0.12646092474460602,0.014638647437095642,0.06286533921957016,0.03504286706447601,0.04822669178247452,0.049681514501571655,0.04822669178247452,0.02040421962738037,370,78,0.7891891891891891,33,7
270,H,5,gnnexplainer,0.8,zero,scientific,-0.11181676387786865,-0.05814027413725853,-0.19346883893013,-0.12591703236103058,0.014100268483161926,0.06777675822377205,0.06755180656909943,0.05367648974061012,0.08165207505226135,0.05367648974061012,0.0534515380859375,370,78,0.7891891891891891,33,7
270,H,5,integrated_gradients,0.8,zero,scientific,-0.11181676387786865,-0.06362192332744598,-0.16148214042186737,-0.12591703236103058,0.014100268483161926,0.062295109033584595,0.03556510806083679,0.04819484055042267,0.04966537654399872,0.04819484055042267,0.021464839577674866,370,78,0.7891891891891891,33,7
270,C,0,gnnexplainer,0.8,zero,scientific,-0.8327508568763733,-6.768775939941406,-0.35651808977127075,-0.4850490391254425,0.3477018177509308,6.283726900815964,0.12853094935417175,5.936025083065033,0.47623276710510254,5.936025083065033,-0.21917086839675903,370,78,0.7891891891891891,39,8
270,C,0,integrated_gradients,0.8,zero,scientific,-0.8327508568763733,-4.206145763397217,-0.7645369172096252,-0.4850490391254425,0.3477018177509308,3.7210967242717743,0.27948787808418274,3.3733949065208435,0.06821393966674805,3.3733949065208435,-0.06821393966674805,370,78,0.7891891891891891,39,8
270,C,1,gnnexplainer,0.8,zero,scientific,-3.084488868713379,-5.4247727394104,-1.5494319200515747,-2.464503288269043,0.6199855804443359,2.9602694511413574,0.9150713682174683,2.3402838706970215,1.5350569486618042,2.3402838706970215,0.2950857877731323,370,78,0.7891891891891891,39,8
270,C,1,integrated_gradients,0.8,zero,scientific,-3.084488868713379,-4.109945297241211,-3.271747350692749,-2.464503288269043,0.6199855804443359,1.645442008972168,0.807244062423706,1.025456428527832,0.18725848197937012,1.025456428527832,0.18725848197937012,370,78,0.7891891891891891,39,8
270,C,2,gnnexplainer,0.8,zero,scientific,-14.785540580749512,-4.921024799346924,-18.871742248535156,-16.523923873901367,1.7383832931518555,11.602899074554443,2.347818374633789,9.864515781402588,4.0862016677856445,9.864515781402588,0.6094350814819336,370,78,0.7891891891891891,39,8
270,C,2,integrated_gradients,0.8,zero,scientific,-14.785540580749512,-5.2871785163879395,-15.783164024353027,-16.523923873901367,1.7383832931518555,11.236745357513428,0.7407598495483398,9.498362064361572,0.9976234436035156,9.498362064361572,-0.9976234436035156,370,78,0.7891891891891891,39,8
270,C,3,gnnexplainer,0.8,zero,scientific,-3.084531784057617,-5.460371494293213,-1.3162270784378052,-2.4825034141540527,0.6020283699035645,2.97786808013916,1.1662763357162476,2.3758397102355957,1.768304705619812,2.3758397102355957,0.5642479658126831,370,78,0.7891891891891891,39,8
270,C,3,integrated_gradients,0.8,zero,scientific,-3.084531784057617,-4.109987258911133,-3.2718071937561035,-2.4825034141540527,0.6020283699035645,1.62748384475708,0.7893037796020508,1.0254554748535156,0.18727540969848633,1.0254554748535156,0.18727540969848633,370,78,0.7891891891891891,39,8
330,H,0,gnnexplainer,0.8,zero,scientific,-0.05332114174962044,-0.10889825969934464,-0.01332554966211319,-0.03665326535701752,0.01666787639260292,0.07224499434232712,0.023327715694904327,0.0555771179497242,0.03999559208750725,0.0555771179497242,0.006659839302301407,380,81,0.7868421052631579,33,7
330,H,0,integrated_gradients,0.8,zero,scientific,-0.05332114174962044,-0.051149122416973114,-0.06745990365743637,-0.03665326535701752,0.01666787639260292,0.014495857059955597,0.030806638300418854,0.0021720193326473236,0.014138761907815933,-0.0021720193326473236,0.014138761907815933,380,81,0.7868421052631579,33,7
330,H,1,gnnexplainer,0.8,zero,scientific,-0.04627763852477074,-0.10679271072149277,-0.017621316015720367,-0.05347871407866478,0.007201075553894043,0.05331399664282799,0.03585739806294441,0.06051507219672203,0.02865632250905037,0.046112921088933945,0.02865632250905037,380,81,0.7868421052631579,33,7
330,H,1,integrated_gradients,0.8,zero,scientific,-0.04627763852477074,-0.05282778665423393,-0.06510461121797562,-0.05347871407866478,0.007201075553894043,0.0006509274244308472,0.011625897139310837,0.006550148129463196,0.01882697269320488,-0.006550148129463196,0.004424821585416794,380,81,0.7868421052631579,33,7
330,H,2,gnnexplainer,0.8,zero,scientific,-0.04633069783449173,-0.0868348628282547,-0.039743565022945404,-0.052478715777397156,0.006148017942905426,0.034356147050857544,0.012735150754451752,0.04050416499376297,0.006587132811546326,0.028208129107952118,0.006587132811546326,380,81,0.7868421052631579,33,7
330,H,2,integrated_gradients,0.8,zero,scientific,-0.04633069783449173,-0.05216991528868675,-0.058926790952682495,-0.052478715777397156,0.006148017942905426,0.00030880048871040344,0.006448075175285339,0.005839217454195023,0.012596093118190765,-0.005839217454195023,0.00030005723237991333,380,81,0.7868421052631579,33,7
330,H,3,gnnexplainer,0.8,zero,scientific,-0.018737804144620895,-0.07631498575210571,-0.021368607878684998,-0.028382685035467148,0.009644880890846252,0.047932300716638565,0.00701407715678215,0.05757718160748482,0.002630803734064102,0.03828741982579231,-0.002630803734064102,380,81,0.7868421052631579,33,7
330,H,3,integrated_gradients,0.8,zero,scientific,-0.018737804144620895,-0.0542379692196846,-0.055017247796058655,-0.028382685035467148,0.009644880890846252,0.025855284184217453,0.026634562760591507,0.035500165075063705,0.03627944365143776,0.0162104032933712,0.016989681869745255,380,81,0.7868421052631579,33,7
330,H,4,gnnexplainer,0.8,zero,scientific,-0.01875194162130356,-0.10100334882736206,-0.0395689383149147,-0.02938268519937992,0.010630743578076363,0.07162066362798214,0.010186253115534782,0.0822514072060585,0.020816996693611145,0.06098992004990578,-0.0004444904625415802,380,81,0.7868421052631579,33,7
330,H,4,integrated_gradients,0.8,zero,scientific,-0.01875194162130356,-0.03937871381640434,-0.05350348725914955,-0.02938268519937992,0.010630743578076363,0.009996028617024422,0.02412080205976963,0.020626772195100784,0.03475154563784599,-0.0006347149610519409,0.013490058481693268,380,81,0.7868421052631579,33,7
330,H,5,gnnexplainer,0.8,zero,scientific,-0.08483874797821045,-0.18222880363464355,-0.030142679810523987,-0.05086393281817436,0.03397481516003609,0.1313648708164692,0.020721253007650375,0.0973900556564331,0.05469606816768646,0.0973900556564331,-0.013253562152385712,380,81,0.7868421052631579,33,7
330,H,5,integrated_gradients,0.8,zero,scientific,-0.08483874797821045,-0.07209451496601105,-0.09635010361671448,-0.05086393281817436,0.03397481516003609,0.021230582147836685,0.045486170798540115,0.012744233012199402,0.011511355638504028,-0.012744233012199402,0.011511355638504028,380,81,0.7868421052631579,33,7
330,H,6,gnnexplainer,0.8,zero,scientific,-0.14934495091438293,-0.027037344872951508,-0.2850763499736786,-0.19063477218151093,0.04128982126712799,0.16359742730855942,0.09444157779216766,0.12230760604143143,0.13573139905929565,0.12230760604143143,0.05315175652503967,380,81,0.7868421052631579,33,7
330,H,6,integrated_gradients,0.8,zero,scientific,-0.14934495091438293,-0.0710000991821289,-0.2828824520111084,-0.19063477218151093,0.04128982126712799,0.11963467299938202,0.09224767982959747,0.07834485173225403,0.13353750109672546,0.07834485173225403,0.05095785856246948,380,81,0.7868421052631579,33,7
330,C,0,gnnexplainer,0.8,zero,scientific,-1.6009703874588013,-5.606049060821533,-0.677619218826294,-1.5042518377304077,0.09671854972839355,4.1017972230911255,0.8266326189041138,4.005078673362732,0.9233511686325073,4.005078673362732,0.7299140691757202,380,81,0.7868421052631579,39,8
330,C,0,integrated_gradients,0.8,zero,scientific,-1.6009703874588013,-3.546494483947754,-1.0706572532653809,-1.5042518377304077,0.09671854972839355,2.042242646217346,0.43359458446502686,1.9455240964889526,0.5303131341934204,1.9455240964889526,0.3368760347366333,380,81,0.7868421052631579,39,8
330,C,1,gnnexplainer,0.8,zero,scientific,-1.3574010133743286,-5.3500752449035645,-0.41189199686050415,-1.1874029636383057,0.16999804973602295,4.162672281265259,0.7755109667778015,3.992674231529236,0.9455090165138245,3.992674231529236,0.6055129170417786,380,81,0.7868421052631579,39,8
330,C,1,integrated_gradients,0.8,zero,scientific,-1.3574010133743286,-3.407971143722534,-1.1307270526885986,-1.1874029636383057,0.16999804973602295,2.2205681800842285,0.05667591094970703,2.0505701303482056,0.22667396068572998,2.0505701303482056,-0.11332213878631592,380,81,0.7868421052631579,39,8
330,C,2,gnnexplainer,0.8,zero,scientific,-6.480936527252197,-2.7689285278320312,-9.341300010681152,-7.547578811645508,1.0666422843933105,4.778650283813477,1.7937211990356445,3.712007999420166,2.860363483428955,3.712007999420166,0.727078914642334,380,81,0.7868421052631579,39,8
330,C,2,integrated_gradients,0.8,zero,scientific,-6.480936527252197,-3.3514630794525146,-8.85545539855957,-7.547578811645508,1.0666422843933105,4.196115732192993,1.3078765869140625,3.1294734477996826,2.374518871307373,3.1294734477996826,0.24123430252075195,380,81,0.7868421052631579,39,8
360,H,0,gnnexplainer,0.8,zero,scientific,-0.33236026763916016,-0.1330481469631195,-0.3357846736907959,-0.3191285729408264,0.01323169469833374,0.1860804259777069,0.016656100749969482,0.19931212067604065,0.003424406051635742,0.17284873127937317,0.003424406051635742,436,92,0.7889908256880733,33,7
360,H,0,integrated_gradients,0.8,zero,scientific,-0.33236026763916016,-0.1748671531677246,-0.26151880621910095,-0.3191285729408264,0.01323169469833374,0.1442614197731018,0.057609766721725464,0.15749311447143555,0.0708414614200592,0.13102972507476807,0.044378072023391724,436,92,0.7889908256880733,33,7
360,H,1,gnnexplainer,0.8,zero,scientific,-0.342712938785553,-0.2069578468799591,-0.29903337359428406,-0.26153138279914856,0.08118155598640442,0.05457353591918945,0.0375019907951355,0.13575509190559387,0.04367956519126892,-0.026608020067214966,-0.04367956519126892,436,92,0.7889908256880733,33,7
360,H,1,integrated_gradients,0.8,zero,scientific,-0.342712938785553,-0.15812036395072937,-0.30862683057785034,-0.26153138279914856,0.08118155598640442,0.10341101884841919,0.04709544777870178,0.1845925748348236,0.03408610820770264,0.02222946286201477,-0.03408610820770264,436,92,0.7889908256880733,33,7
360,H,2,gnnexplainer,0.8,zero,scientific,-0.14684848487377167,-0.023508742451667786,-0.2889290750026703,-0.1154087483882904,0.03143973648548126,0.09190000593662262,0.17352032661437988,0.12333974242210388,0.14208059012889862,0.06046026945114136,0.14208059012889862,436,92,0.7889908256880733,33,7
360,H,2,integrated_gradients,0.8,zero,scientific,-0.14684848487377167,-0.0896146297454834,-0.1417371928691864,-0.1154087483882904,0.03143973648548126,0.025794118642807007,0.026328444480895996,0.05723385512828827,0.005111292004585266,-0.005645617842674255,-0.005111292004585266,436,92,0.7889908256880733,33,7
360,H,3,gnnexplainer,0.8,zero,scientific,-0.14511096477508545,-0.03917791694402695,-0.2783803939819336,-0.14733904600143433,0.002228081226348877,0.10816112905740738,0.13104134798049927,0.1059330478310585,0.13326942920684814,0.1059330478310585,0.1288132667541504,436,92,0.7889908256880733,33,7
360,H,3,integrated_gradients,0.8,zero,scientific,-0.14511096477508545,-0.08419622480869293,-0.1632879078388214,-0.14733904600143433,0.002228081226348877,0.0631428211927414,0.015948861837387085,0.06091473996639252,0.018176943063735962,0.06091473996639252,0.013720780611038208,436,92,0.7889908256880733,33,7
360,H,4,gnnexplainer,0.8,zero,scientific,-0.13666847348213196,-0.02024482563138008,-0.23799991607666016,-0.11875949054956436,0.017908982932567596,0.09851466491818428,0.1192404255270958,0.11642364785075188,0.1013314425945282,0.08060568198561668,0.1013314425945282,436,92,0.7889908256880733,33,7
360,H,4,integrated_gradients,0.8,zero,scientific,-0.13666847348213196,-0.13176289200782776,-0.1298072338104248,-0.11875949054956436,0.017908982932567596,0.013003401458263397,0.011047743260860443,0.004905581474304199,0.006861239671707153,-0.004905581474304199,-0.006861239671707153,436,92,0.7889908256880733,33,7
360,H,5,gnnexplainer,0.8,zero,scientific,-0.1832352876663208,-0.09739965945482254,-0.2251749038696289,-0.16926804184913635,0.013967245817184448,0.07186838239431381,0.055906862020492554,0.08583562821149826,0.041939616203308105,0.057901136577129364,0.041939616203308105,436,92,0.7889908256880733,33,7
360,H,5,integrated_gradients,0.8,zero,scientific,-0.1832352876663208,-0.11230522394180298,-0.19564780592918396,-0.16926804184913635,0.013967245817184448,0.056962817907333374,0.026379764080047607,0.07093006372451782,0.01241251826286316,0.042995572090148926,0.01241251826286316,436,92,0.7889908256880733,33,7
360,H,6,gnnexplainer,0.8,zero,scientific,-0.17076992988586426,-0.07165514677762985,-0.2759641408920288,-0.20832136273384094,0.037551432847976685,0.1366662159562111,0.06764277815818787,0.0991147831082344,0.10519421100616455,0.0991147831082344,0.03009134531021118,436,92,0.7889908256880733,33,7
360,H,6,integrated_gradients,0.8,zero,scientific,-0.17076992988586426,-0.11167358607053757,-0.1862621158361435,-0.20832136273384094,0.037551432847976685,0.09664777666330338,0.02205924689769745,0.05909634381532669,0.015492185950279236,0.05909634381532669,-0.015492185950279236,436,92,0.7889908256880733,33,7
360,C,0,gnnexplainer,0.8,zero,scientific,-3.523756980895996,-1.7101266384124756,-6.011166572570801,-4.043220043182373,0.519463062286377,2.3330934047698975,1.9679465293884277,1.8136303424835205,2.4874095916748047,1.8136303424835205,1.4484834671020508,436,92,0.7889908256880733,39,8
360,C,0,integrated_gradients,0.8,zero,scientific,-3.523756980895996,-3.524186134338379,-4.4979634284973145,-4.043220043182373,0.519463062286377,0.5190339088439941,0.4547433853149414,0.0004291534423828125,0.9742064476013184,-0.0004291534423828125,-0.06471967697143555,436,92,0.7889908256880733,39,8
360,C,1,gnnexplainer,0.8,zero,scientific,-14.09076976776123,-6.552416801452637,-16.263870239257812,-14.111479759216309,0.020709991455078125,7.559062957763672,2.152390480041504,7.538352966308594,2.173100471496582,7.538352966308594,2.131680488586426,436,92,0.7889908256880733,39,8
360,C,1,integrated_gradients,0.8,zero,scientific,-14.09076976776123,-5.372580051422119,-12.380181312561035,-14.111479759216309,0.020709991455078125,8.73889970779419,1.7312984466552734,8.718189716339111,1.7105884552001953,8.718189716339111,1.7105884552001953,436,92,0.7889908256880733,39,8
360,C,2,gnnexplainer,0.8,zero,scientific,-11.013855934143066,-6.938724517822266,-9.610123634338379,-9.470762252807617,1.5430936813354492,2.5320377349853516,0.13936138153076172,4.075131416320801,1.4037322998046875,0.9889440536499023,-1.4037322998046875,436,92,0.7889908256880733,39,8
360,C,2,integrated_gradients,0.8,zero,scientific,-11.013855934143066,-4.844427108764648,-9.765969276428223,-9.470762252807617,1.5430936813354492,4.626335144042969,0.29520702362060547,6.169428825378418,1.2478866577148438,3.0832414627075195,-1.2478866577148438,436,92,0.7889908256880733,39,8
360,C,3,gnnexplainer,0.8,zero,scientific,-1.671934723854065,-5.117160797119141,0.06882628798484802,-1.504056692123413,0.16787803173065186,3.6131041049957275,1.572882980108261,3.4452260732650757,1.740761011838913,3.4452260732650757,1.4050049483776093,436,92,0.7889908256880733,39,8
360,C,3,integrated_gradients,0.8,zero,scientific,-1.671934723854065,-4.329604625701904,-1.5589497089385986,-1.504056692123413,0.16787803173065186,2.825547933578491,0.05489301681518555,2.6576699018478394,0.11298501491546631,2.6576699018478394,-0.11298501491546631,436,92,0.7889908256880733,39,8
380,H,0,gnnexplainer,0.8,zero,scientific,-0.13993945717811584,-0.05459249019622803,-0.21201631426811218,-0.11915438622236252,0.020785070955753326,0.06456189602613449,0.09286192804574966,0.08534696698188782,0.07207685708999634,0.043776825070381165,0.07207685708999634,436,92,0.7889908256880733,33,7
380,H,0,integrated_gradients,0.8,zero,scientific,-0.13993945717811584,-0.06007181107997894,-0.17081347107887268,-0.11915438622236252,0.020785070955753326,0.059082575142383575,0.05165908485651016,0.0798676460981369,0.030874013900756836,0.03829750418663025,0.030874013900756836,436,92,0.7889908256880733,33,7
380,H,1,gnnexplainer,0.8,zero,scientific,-0.13264447450637817,-0.0088389553129673,-0.2480314075946808,-0.1529437154531479,0.020299240946769714,0.1441047601401806,0.0950876921415329,0.12380551919341087,0.11538693308830261,0.12380551919341087,0.07478845119476318,436,92,0.7889908256880733,33,7
380,H,1,integrated_gradients,0.8,zero,scientific,-0.13264447450637817,-0.039006974548101425,-0.1793709099292755,-0.1529437154531479,0.020299240946769714,0.11393674090504646,0.026427194476127625,0.09363749995827675,0.04672643542289734,0.09363749995827675,0.00612795352935791,436,92,0.7889908256880733,33,7
380,H,2,gnnexplainer,0.8,zero,scientific,-0.13482002913951874,-0.029478326439857483,-0.2943030595779419,-0.11749634146690369,0.01732368767261505,0.0880180150270462,0.1768067181110382,0.10534170269966125,0.15948303043842316,0.07069432735443115,0.15948303043842316,436,92,0.7889908256880733,33,7
380,H,2,integrated_gradients,0.8,zero,scientific,-0.13482002913951874,-0.0660419687628746,-0.16585677862167358,-0.11749634146690369,0.01732368767261505,0.05145437270402908,0.0483604371547699,0.06877806037664413,0.031036749482154846,0.03413068503141403,0.031036749482154846,436,92,0.7889908256880733,33,7
380,H,3,gnnexplainer,0.8,zero,scientific,-0.1763220578432083,-0.047103870660066605,-0.23551276326179504,-0.2253120243549347,0.04898996651172638,0.1782081536948681,0.010200738906860352,0.1292181871831417,0.05919070541858673,0.1292181871831417,-0.03878922760486603,436,92,0.7889908256880733,33,7
380,H,3,integrated_gradients,0.8,zero,scientific,-0.1763220578432083,-0.07711110264062881,-0.16898909211158752,-0.2253120243549347,0.04898996651172638,0.14820092171430588,0.05632293224334717,0.0992109552025795,0.007332965731620789,0.0992109552025795,0.007332965731620789,436,92,0.7889908256880733,33,7
380,H,4,gnnexplainer,0.8,zero,scientific,-0.17767122387886047,-0.05307571962475777,-0.2681848704814911,-0.19009250402450562,0.012421280145645142,0.13701678439974785,0.07809236645698547,0.1245955042541027,0.09051364660263062,0.1245955042541027,0.06567108631134033,436,92,0.7889908256880733,33,7
380,H,4,integrated_gradients,0.8,zero,scientific,-0.17767122387886047,-0.06997904181480408,-0.18613262474536896,-0.19009250402450562,0.012421280145645142,0.12011346220970154,0.003959879279136658,0.1076921820640564,0.008461400866508484,0.1076921820640564,-0.008461400866508484,436,92,0.7889908256880733,33,7
380,H,5,gnnexplainer,0.8,zero,scientific,-0.019281115382909775,-0.11485208570957184,-0.030040070414543152,0.054915860295295715,0.07419697567820549,0.16976794600486755,0.08495593070983887,0.09557097032666206,0.010758955031633377,0.09557097032666206,0.010758955031633377,436,92,0.7889908256880733,33,7
380,H,5,integrated_gradients,0.8,zero,scientific,-0.019281115382909775,-0.07245340198278427,-0.04600340873003006,0.054915860295295715,0.07419697567820549,0.12736926227808,0.10091926902532578,0.053172286599874496,0.026722293347120285,0.053172286599874496,0.026722293347120285,436,92,0.7889908256880733,33,7
380,H,6,gnnexplainer,0.8,zero,scientific,-0.02779546007514,-0.19311177730560303,-0.04352130740880966,-0.026584316045045853,0.0012111440300941467,0.16652746126055717,0.01693699136376381,0.16531631723046303,0.015725847333669662,0.16531631723046303,0.015725847333669662,436,92,0.7889908256880733,33,7
380,H,6,integrated_gradients,0.8,zero,scientific,-0.02779546007514,-0.07678096741437912,-0.06489540636539459,-0.026584316045045853,0.0012111440300941467,0.05019665136933327,0.03831109032034874,0.04898550733923912,0.03709994629025459,0.04898550733923912,0.03709994629025459,436,92,0.7889908256880733,33,7
380,H,7,gnnexplainer,0.8,zero,scientific,-0.025298241525888443,-0.12481848895549774,-0.003279469907283783,-0.0037771498318761587,0.021521091694012284,0.12104133912362158,0.0004976799245923758,0.0995202474296093,0.02201877161860466,0.0995202474296093,-0.02102341176941991,436,92,0.7889908256880733,33,7
380,H,7,integrated_gradients,0.8,zero,scientific,-0.025298241525888443,-0.07465487718582153,-0.04930794984102249,-0.0037771498318761587,0.021521091694012284,0.07087772735394537,0.04553080000914633,0.04935663565993309,0.02400970831513405,0.04935663565993309,0.02400970831513405,436,92,0.7889908256880733,33,7
380,C,0,gnnexplainer,0.8,zero,scientific,-0.011481314897537231,-3.566680431365967,0.5051303505897522,0.17328409850597382,0.18476541340351105,3.7399645298719406,0.3318462520837784,3.5551991164684296,0.5166116654872894,3.5551991164684296,0.14708083868026733,436,92,0.7889908256880733,39,8
380,C,0,integrated_gradients,0.8,zero,scientific,-0.011481314897537231,-3.590876579284668,0.011615768074989319,0.17328409850597382,0.18476541340351105,3.764160677790642,0.1616683304309845,3.5793952643871307,0.02309708297252655,3.5793952643871307,-0.02309708297252655,436,92,0.7889908256880733,39,8
380,C,1,gnnexplainer,0.8,zero,scientific,-2.963667631149292,-2.744487762451172,-4.383270740509033,-2.9316675662994385,0.032000064849853516,0.1871798038482666,1.4516031742095947,0.21917986869812012,1.4196031093597412,0.15517973899841309,1.4196031093597412,436,92,0.7889908256880733,39,8
380,C,1,integrated_gradients,0.8,zero,scientific,-2.963667631149292,-4.271383285522461,-2.5546975135803223,-2.9316675662994385,0.032000064849853516,1.3397157192230225,0.3769700527191162,1.307715654373169,0.4089701175689697,1.307715654373169,0.3449699878692627,436,92,0.7889908256880733,39,8
380,C,2,gnnexplainer,0.8,zero,scientific,-15.949727058410645,-5.43874454498291,-20.00984764099121,-16.425132751464844,0.4754056930541992,10.986388206481934,3.584714889526367,10.510982513427734,4.060120582580566,10.510982513427734,3.109309196472168,436,92,0.7889908256880733,39,8
380,C,2,integrated_gradients,0.8,zero,scientific,-15.949727058410645,-4.4968791007995605,-17.32914161682129,-16.425132751464844,0.4754056930541992,11.928253650665283,0.9040088653564453,11.452847957611084,1.3794145584106445,11.452847957611084,0.4286031723022461,436,92,0.7889908256880733,39,8
380,C,3,gnnexplainer,0.8,zero,scientific,-1.695212483406067,-5.625553607940674,-0.5108581185340881,-1.3898565769195557,0.30535590648651123,4.235697031021118,0.8789984583854675,3.930341124534607,1.1843543648719788,3.930341124534607,0.5736425518989563,436,92,0.7889908256880733,39,8
380,C,3,integrated_gradients,0.8,zero,scientific,-1.695212483406067,-4.263604640960693,-2.0116937160491943,-1.3898565769195557,0.30535590648651123,2.8737480640411377,0.6218371391296387,2.5683921575546265,0.31648123264312744,2.5683921575546265,0.31648123264312744,436,92,0.7889908256880733,39,8
450,H,0,gnnexplainer,0.8,zero,scientific,-0.04355114698410034,-0.16090619564056396,-0.017312481999397278,0.03275012969970703,0.07630127668380737,0.193656325340271,0.05006261169910431,0.11735504865646362,0.026238664984703064,0.11735504865646362,-0.026238664984703064,457,98,0.7855579868708972,33,7
450,H,0,integrated_gradients,0.8,zero,scientific,-0.04355114698410034,-0.1005496010184288,-0.10095268487930298,0.03275012969970703,0.07630127668380737,0.13329973071813583,0.13370281457901,0.05699845403432846,0.05740153789520264,0.05699845403432846,0.05740153789520264,457,98,0.7855579868708972,33,7
450,H,1,gnnexplainer,0.8,zero,scientific,-0.06927318125963211,-0.0418422594666481,-0.17963199317455292,-0.0715140700340271,0.002240888774394989,0.029671810567378998,0.10811792314052582,0.02743092179298401,0.1103588119149208,0.02743092179298401,0.10587703436613083,457,98,0.7855579868708972,33,7
450,H,1,integrated_gradients,0.8,zero,scientific,-0.06927318125963211,-0.09104952961206436,-0.1185954213142395,-0.0715140700340271,0.002240888774394989,0.019535459578037262,0.0470813512802124,0.02177634835243225,0.04932224005460739,0.017294570803642273,0.04484046250581741,457,98,0.7855579868708972,33,7
450,H,2,gnnexplainer,0.8,zero,scientific,-0.06935058534145355,-0.03472688049077988,-0.195456862449646,-0.07355805486440659,0.0042074695229530334,0.03883117437362671,0.12189880758523941,0.034623704850673676,0.12610627710819244,0.034623704850673676,0.11769133806228638,457,98,0.7855579868708972,33,7
450,H,2,integrated_gradients,0.8,zero,scientific,-0.06935058534145355,-0.09538022428750992,-0.11415217071771622,-0.07355805486440659,0.0042074695229530334,0.021822169423103333,0.04059411585330963,0.026029638946056366,0.044801585376262665,0.0176146999001503,0.0363866463303566,457,98,0.7855579868708972,33,7
450,H,3,gnnexplainer,0.8,zero,scientific,-0.14339891076087952,-0.10708872228860855,-0.292862206697464,-0.23171529173851013,0.08831638097763062,0.12462656944990158,0.06114691495895386,0.036310188472270966,0.14946329593658447,0.036310188472270966,-0.027169466018676758,457,98,0.7855579868708972,33,7
450,H,3,integrated_gradients,0.8,zero,scientific,-0.14339891076087952,-0.08827850222587585,-0.15762105584144592,-0.23171529173851013,0.08831638097763062,0.14343678951263428,0.07409423589706421,0.05512040853500366,0.014222145080566406,0.05512040853500366,-0.014222145080566406,457,98,0.7855579868708972,33,7
450,C,0,gnnexplainer,0.8,zero,scientific,-5.920004844665527,-4.066061019897461,-10.868367195129395,-7.761427879333496,1.8414230346679688,3.695366859436035,3.1069393157958984,1.8539438247680664,4.948362350463867,1.8539438247680664,1.2655162811279297,457,98,0.7855579868708972,39,8
450,C,0,integrated_gradients,0.8,zero,scientific,-5.920004844665527,-5.0529046058654785,-6.22771692276001,-7.761427879333496,1.8414230346679688,2.7085232734680176,1.5337109565734863,0.8671002388000488,0.3077120780944824,0.8671002388000488,-0.3077120780944824,457,98,0.7855579868708972,39,8
450,C,1,gnnexplainer,0.8,zero,scientific,-8.008285522460938,-2.974984645843506,-10.418153762817383,-9.08093547821045,1.0726499557495117,6.105950832366943,1.3372182846069336,5.033300876617432,2.4098682403564453,5.033300876617432,0.2645683288574219,457,98,0.7855579868708972,39,8
450,C,1,integrated_gradients,0.8,zero,scientific,-8.008285522460938,-3.330207109451294,-8.889244079589844,-9.08093547821045,1.0726499557495117,5.750728368759155,0.19169139862060547,4.6780784130096436,0.8809585571289062,4.6780784130096436,-0.8809585571289062,457,98,0.7855579868708972,39,8
450,C,2,gnnexplainer,0.8,zero,scientific,-0.7208598256111145,-4.834819316864014,-0.0014722943305969238,-0.7991183996200562,0.07825857400894165,4.0357009172439575,0.7976461052894592,4.113959491252899,0.7193875312805176,3.957442343235016,0.7193875312805176,457,98,0.7855579868708972,39,8
450,C,2,integrated_gradients,0.8,zero,scientific,-0.7208598256111145,-4.779857158660889,-0.7589070200920105,-0.7991183996200562,0.07825857400894165,3.9807387590408325,0.040211379528045654,4.058997333049774,0.038047194480895996,3.902480185031891,-0.038047194480895996,457,98,0.7855579868708972,39,8
450,C,3,gnnexplainer,0.8,zero,scientific,-5.4790120124816895,-2.694000244140625,-11.098932266235352,-5.140366077423096,0.33864593505859375,2.4463658332824707,5.958566188812256,2.7850117683410645,5.619920253753662,2.107719898223877,5.619920253753662,457,98,0.7855579868708972,39,8
450,C,3,integrated_gradients,0.8,zero,scientific,-5.4790120124816895,-4.8104777336120605,-6.182575702667236,-5.140366077423096,0.33864593505859375,0.32988834381103516,1.0422096252441406,0.6685342788696289,0.7035636901855469,-0.008757591247558594,0.7035636901855469,457,98,0.7855579868708972,39,8
450,C,4,gnnexplainer,0.8,zero,scientific,-3.9353888034820557,-2.3986735343933105,-7.477348327636719,-3.6308069229125977,0.304581880569458,1.232133388519287,3.846541404724121,1.5367152690887451,3.541959524154663,0.9275515079498291,3.541959524154663,457,98,0.7855579868708972,39,8
450,C,4,integrated_gradients,0.8,zero,scientific,-3.9353888034820557,-3.988105297088623,-5.2057905197143555,-3.6308069229125977,0.304581880569458,0.3572983741760254,1.5749835968017578,0.05271649360656738,1.2704017162322998,0.05271649360656738,1.2704017162322998,457,98,0.7855579868708972,39,8
490,H,0,gnnexplainer,0.8,zero,scientific,-0.17315952479839325,-0.06490431725978851,-0.3009824752807617,-0.23058383166790009,0.057424306869506836,0.16567951440811157,0.07039864361286163,0.10825520753860474,0.12782295048236847,0.10825520753860474,0.012974336743354797,484,104,0.7851239669421488,33,7
490,H,0,integrated_gradients,0.8,zero,scientific,-0.17315952479839325,-0.08092540502548218,-0.1848849058151245,-0.23058383166790009,0.057424306869506836,0.1496584266424179,0.045698925852775574,0.09223411977291107,0.011725381016731262,0.09223411977291107,-0.011725381016731262,484,104,0.7851239669421488,33,7
490,H,1,gnnexplainer,0.8,zero,scientific,-0.15685632824897766,-0.06515713781118393,-0.3288032114505768,-0.249619260430336,0.09276293218135834,0.18446212261915207,0.07918395102024078,0.09169919043779373,0.17194688320159912,0.09169919043779373,-0.013578981161117554,484,104,0.7851239669421488,33,7
490,H,1,integrated_gradients,0.8,zero,scientific,-0.15685632824897766,-0.07665369659662247,-0.1865391582250595,-0.249619260430336,0.09276293218135834,0.17296556383371353,0.06308010220527649,0.0802026316523552,0.029682829976081848,0.0802026316523552,-0.029682829976081848,484,104,0.7851239669421488,33,7
490,H,2,gnnexplainer,0.8,zero,scientific,-0.18034976720809937,-0.08041784912347794,-0.3016015887260437,-0.26599687337875366,0.0856471061706543,0.18557902425527573,0.03560471534729004,0.09993191808462143,0.12125182151794434,0.09993191808462143,-0.05004239082336426,484,104,0.7851239669421488,33,7
490,H,2,integrated_gradients,0.8,zero,scientific,-0.18034976720809937,-0.09140047430992126,-0.2046080231666565,-0.26599687337875366,0.0856471061706543,0.1745963990688324,0.06138885021209717,0.0889492928981781,0.02425825595855713,0.0889492928981781,-0.02425825595855713,484,104,0.7851239669421488,33,7
490,H,5,gnnexplainer,0.8,zero,scientific,-0.12873896956443787,-0.03878222778439522,-0.2636566162109375,-0.1509436070919037,0.02220463752746582,0.11216137930750847,0.11271300911903381,0.08995674178004265,0.13491764664649963,0.08995674178004265,0.090508371591568,484,104,0.7851239669421488,33,7
490,H,5,integrated_gradients,0.8,zero,scientific,-0.12873896956443787,-0.06806835532188416,-0.18072201311588287,-0.1509436070919037,0.02220463752746582,0.08287525177001953,0.029778406023979187,0.06067061424255371,0.05198304355144501,0.06067061424255371,0.007573768496513367,484,104,0.7851239669421488,33,7
490,H,6,gnnexplainer,0.8,zero,scientific,-0.12632957100868225,-0.048920951783657074,-0.23759502172470093,-0.1284528225660324,0.0021232515573501587,0.07953187078237534,0.10914219915866852,0.07740861922502518,0.11126545071601868,0.07740861922502518,0.10701894760131836,484,104,0.7851239669421488,33,7
490,H,6,integrated_gradients,0.8,zero,scientific,-0.12632957100868225,-0.07324381172657013,-0.15507382154464722,-0.1284528225660324,0.0021232515573501587,0.05520901083946228,0.026620998978614807,0.05308575928211212,0.028744250535964966,0.05308575928211212,0.02449774742126465,484,104,0.7851239669421488,33,7
490,C,0,gnnexplainer,0.8,zero,scientific,-3.129530668258667,-1.68284010887146,-5.959915637969971,-4.111388683319092,0.9818580150604248,2.428548574447632,1.848526954650879,1.446690559387207,2.8303849697113037,1.446690559387207,0.8666689395904541,484,104,0.7851239669421488,39,8
490,C,0,integrated_gradients,0.8,zero,scientific,-3.129530668258667,-3.328519105911255,-2.780850887298584,-4.111388683319092,0.9818580150604248,0.7828695774078369,1.3305377960205078,0.1989884376525879,0.348679780960083,-0.1989884376525879,0.348679780960083,484,104,0.7851239669421488,39,8
490,C,1,gnnexplainer,0.8,zero,scientific,-15.582393646240234,-4.306668758392334,-22.879087448120117,-16.991817474365234,1.409423828125,12.6851487159729,5.887269973754883,11.2757248878479,7.296693801879883,11.2757248878479,4.477846145629883,484,104,0.7851239669421488,39,8
490,C,1,integrated_gradients,0.8,zero,scientific,-15.582393646240234,-4.817525386810303,-17.818309783935547,-16.991817474365234,1.409423828125,12.174292087554932,0.8264923095703125,10.764868259429932,2.2359161376953125,10.764868259429932,-0.5829315185546875,484,104,0.7851239669421488,39,8
490,C,2,gnnexplainer,0.8,zero,scientific,-3.881084442138672,-3.2707080841064453,-6.613874912261963,-4.111124038696289,0.2300395965576172,0.8404159545898438,2.502750873565674,0.6103763580322266,2.732790470123291,0.6103763580322266,2.2727112770080566,484,104,0.7851239669421488,39,8
490,C,2,integrated_gradients,0.8,zero,scientific,-3.881084442138672,-4.750842094421387,-2.789015531539917,-4.111124038696289,0.2300395965576172,0.6397180557250977,1.322108507156372,0.8697576522827148,1.0920689105987549,0.40967845916748047,1.0920689105987549,484,104,0.7851239669421488,39,8
490,C,3,gnnexplainer,0.8,zero,scientific,-2.2796802520751953,-1.5646181106567383,-5.671936511993408,-3.4353280067443848,1.1556477546691895,1.8707098960876465,2.2366085052490234,0.715062141418457,3.392256259918213,0.715062141418457,1.080960750579834,484,104,0.7851239669421488,39,8
490,C,3,integrated_gradients,0.8,zero,scientific,-2.2796802520751953,-3.013427495956421,-2.800086498260498,-3.4353280067443848,1.1556477546691895,0.42190051078796387,0.6352415084838867,0.7337472438812256,0.5204062461853027,-0.7337472438812256,-0.5204062461853027,484,104,0.7851239669421488,39,8
510,H,0,gnnexplainer,0.8,zero,scientific,-0.0641452819108963,-0.14527982473373413,-0.040504638105630875,-0.06858395785093307,0.004438675940036774,0.07669586688280106,0.0280793197453022,0.08113454282283783,0.023640643805265427,0.07225719094276428,0.023640643805265427,596,126,0.7885906040268457,33,7
510,H,0,integrated_gradients,0.8,zero,scientific,-0.0641452819108963,-0.058813244104385376,-0.08710966259241104,-0.06858395785093307,0.004438675940036774,0.009770713746547699,0.018525704741477966,0.005332037806510925,0.02296438068151474,0.005332037806510925,0.014087028801441193,596,126,0.7885906040268457,33,7
510,H,1,gnnexplainer,0.8,zero,scientific,-0.07207746058702469,-0.04579704999923706,-0.20285680890083313,-0.10737372934818268,0.03529626876115799,0.06157667934894562,0.09548307955265045,0.026280410587787628,0.13077934831380844,0.026280410587787628,0.06018681079149246,596,126,0.7885906040268457,33,7
510,H,1,integrated_gradients,0.8,zero,scientific,-0.07207746058702469,-0.05999375134706497,-0.09040027856826782,-0.10737372934818268,0.03529626876115799,0.047379978001117706,0.016973450779914856,0.012083709239959717,0.018322817981243134,0.012083709239959717,-0.018322817981243134,596,126,0.7885906040268457,33,7
510,H,2,gnnexplainer,0.8,zero,scientific,-0.054743897169828415,-0.10096458345651627,-0.03902100399136543,-0.030469827353954315,0.0242740698158741,0.07049475610256195,0.008551176637411118,0.04622068628668785,0.015722893178462982,0.04622068628668785,-0.015722893178462982,596,126,0.7885906040268457,33,7
510,H,2,integrated_gradients,0.8,zero,scientific,-0.054743897169828415,-0.06091190502047539,-0.09839653968811035,-0.030469827353954315,0.0242740698158741,0.030442077666521072,0.06792671233415604,0.006168007850646973,0.04365264251828194,0.006168007850646973,0.04365264251828194,596,126,0.7885906040268457,33,7
510,H,3,gnnexplainer,0.8,zero,scientific,-0.0725153461098671,-0.04622470960021019,-0.18706119060516357,-0.1194084882736206,0.04689314216375351,0.07318377867341042,0.06765270233154297,0.026290636509656906,0.11454584449529648,0.026290636509656906,0.02075956016778946,596,126,0.7885906040268457,33,7
510,H,3,integrated_gradients,0.8,zero,scientific,-0.0725153461098671,-0.054360680282115936,-0.10879270732402802,-0.1194084882736206,0.04689314216375351,0.06504780799150467,0.01061578094959259,0.01815466582775116,0.03627736121416092,0.01815466582775116,-0.03627736121416092,596,126,0.7885906040268457,33,7
510,H,4,gnnexplainer,0.8,zero,scientific,-0.06956268846988678,-0.1413038969039917,-0.031954023987054825,-0.058769065886735916,0.010793622583150864,0.08253483101725578,0.02681504189968109,0.07174120843410492,0.037608664482831955,0.07174120843410492,0.016021419316530228,596,126,0.7885906040268457,33,7
510,H,4,integrated_gradients,0.8,zero,scientific,-0.06956268846988678,-0.07503540813922882,-0.07004022598266602,-0.058769065886735916,0.010793622583150864,0.016266342252492905,0.0112711600959301,0.005472719669342041,0.00047753751277923584,0.005472719669342041,0.00047753751277923584,596,126,0.7885906040268457,33,7
510,H,5,gnnexplainer,0.8,zero,scientific,-0.06805552542209625,-0.1744840294122696,-0.022283490747213364,-0.07969000190496445,0.011634476482868195,0.09479402750730515,0.05740651115775108,0.10642850399017334,0.04577203467488289,0.08315955102443695,0.04577203467488289,596,126,0.7885906040268457,33,7
510,H,5,integrated_gradients,0.8,zero,scientific,-0.06805552542209625,-0.07766052335500717,-0.06942770630121231,-0.07969000190496445,0.011634476482868195,0.0020294785499572754,0.010262295603752136,0.00960499793291092,0.0013721808791160583,-0.00960499793291092,-0.0013721808791160583,596,126,0.7885906040268457,33,7
510,H,6,gnnexplainer,0.8,zero,scientific,-0.040923863649368286,-0.090643510222435,-0.06280361860990524,-0.04133903980255127,0.0004151761531829834,0.04930447041988373,0.021464578807353973,0.04971964657306671,0.021879754960536957,0.048889294266700745,0.02104940265417099,596,126,0.7885906040268457,33,7
510,H,6,integrated_gradients,0.8,zero,scientific,-0.040923863649368286,-0.10050389170646667,-0.05465610697865486,-0.04133903980255127,0.0004151761531829834,0.059164851903915405,0.013317067176103592,0.05958002805709839,0.013732243329286575,0.05874967575073242,0.012901891022920609,596,126,0.7885906040268457,33,7
510,H,7,gnnexplainer,0.8,zero,scientific,-0.02234116941690445,-0.09037642180919647,-0.05023219436407089,-0.03561985865235329,0.013278689235448837,0.054756563156843185,0.014612335711717606,0.06803525239229202,0.027891024947166443,0.04147787392139435,0.0013336464762687683,596,126,0.7885906040268457,33,7
510,H,7,integrated_gradients,0.8,zero,scientific,-0.02234116941690445,-0.11107446253299713,-0.03610125929117203,-0.03561985865235329,0.013278689235448837,0.07545460388064384,0.00048140063881874084,0.08873329311609268,0.013760089874267578,0.06217591464519501,-0.012797288596630096,596,126,0.7885906040268457,33,7
510,H,8,gnnexplainer,0.8,zero,scientific,-0.057253893464803696,-0.13451501727104187,-0.047935113310813904,-0.0713830441236496,0.014129150658845901,0.06313197314739227,0.023447930812835693,0.07726112380623817,0.009318780153989792,0.04900282248854637,0.009318780153989792,596,126,0.7885906040268457,33,7
510,H,8,integrated_gradients,0.8,zero,scientific,-0.057253893464803696,-0.07712044566869736,-0.0668037012219429,-0.0713830441236496,0.014129150658845901,0.00573740154504776,0.0045793429017066956,0.01986655220389366,0.009549807757139206,-0.008391749113798141,-0.009549807757139206,596,126,0.7885906040268457,33,7
510,H,9,gnnexplainer,0.8,zero,scientific,-0.06739038974046707,-0.11327604949474335,-0.07356682419776917,-0.08068999648094177,0.013299606740474701,0.032586053013801575,0.007123172283172607,0.045885659754276276,0.0061764344573020935,0.019286446273326874,-0.0061764344573020935,596,126,0.7885906040268457,33,7
510,H,9,integrated_gradients,0.8,zero,scientific,-0.06739038974046707,-0.06339062005281448,-0.08064738661050797,-0.08068999648094177,0.013299606740474701,0.01729937642812729,4.260987043380737e-05,0.003999769687652588,0.013256996870040894,0.003999769687652588,-0.013256996870040894,596,126,0.7885906040268457,33,7
510,C,0,gnnexplainer,0.8,zero,scientific,-3.183384895324707,-4.952045917510986,-1.920945405960083,-2.6794397830963135,0.5039451122283936,2.272606134414673,0.7584943771362305,1.7686610221862793,1.262439489364624,1.7686610221862793,0.2545492649078369,596,126,0.7885906040268457,39,8
510,C,0,integrated_gradients,0.8,zero,scientific,-3.183384895324707,-3.5353691577911377,-3.130051612854004,-2.6794397830963135,0.5039451122283936,0.8559293746948242,0.45061182975769043,0.35198426246643066,0.053333282470703125,0.35198426246643066,-0.053333282470703125,596,126,0.7885906040268457,39,8
510,C,1,gnnexplainer,0.8,zero,scientific,-2.929103136062622,-4.75761079788208,-1.6469870805740356,-2.8548877239227295,0.07421541213989258,1.9027230739593506,1.2079006433486938,1.828507661819458,1.2821160554885864,1.828507661819458,1.1336852312088013,596,126,0.7885906040268457,39,8
510,C,1,integrated_gradients,0.8,zero,scientific,-2.929103136062622,-3.3424370288848877,-3.635537624359131,-2.8548877239227295,0.07421541213989258,0.4875493049621582,0.7806499004364014,0.4133338928222656,0.7064344882965088,0.4133338928222656,0.7064344882965088,596,126,0.7885906040268457,39,8
510,C,2,gnnexplainer,0.8,zero,scientific,-4.82141637802124,-4.14259672164917,-8.044239044189453,-4.148713111877441,0.6727032661437988,0.006116390228271484,3.8955259323120117,0.6788196563720703,3.222822666168213,-0.6665868759155273,3.222822666168213,596,126,0.7885906040268457,39,8
510,C,2,integrated_gradients,0.8,zero,scientific,-4.82141637802124,-4.469836711883545,-5.666003704071045,-4.148713111877441,0.6727032661437988,0.3211236000061035,1.5172905921936035,0.3515796661376953,0.8445873260498047,-0.3515796661376953,0.8445873260498047,596,126,0.7885906040268457,39,8
510,C,3,gnnexplainer,0.8,zero,scientific,-1.93549382686615,-5.00076150894165,-1.2308093309402466,-0.3196980357170105,1.6157957911491394,4.68106347322464,0.9111112952232361,3.0652676820755005,0.7046844959259033,3.0652676820755005,-0.7046844959259033,596,126,0.7885906040268457,39,8
510,C,3,integrated_gradients,0.8,zero,scientific,-1.93549382686615,-5.5338053703308105,-1.4889426231384277,-0.3196980357170105,1.6157957911491394,5.2141073346138,1.1692445874214172,3.5983115434646606,0.44655120372772217,3.5983115434646606,-0.44655120372772217,596,126,0.7885906040268457,39,8
510,C,4,gnnexplainer,0.8,zero,scientific,-0.8245482444763184,-5.217920303344727,-0.12517216801643372,-0.5578681230545044,0.26668012142181396,4.660052180290222,0.4326959550380707,4.393372058868408,0.6993760764598846,4.393372058868408,0.1660158336162567,596,126,0.7885906040268457,39,8
510,C,4,integrated_gradients,0.8,zero,scientific,-0.8245482444763184,-4.0332183837890625,-0.6855259537696838,-0.5578681230545044,0.26668012142181396,3.475350260734558,0.12765783071517944,3.208670139312744,0.13902229070663452,3.208670139312744,-0.13902229070663452,596,126,0.7885906040268457,39,8
510,C,5,gnnexplainer,0.8,zero,scientific,-1.521938443183899,-3.9912586212158203,-0.724113404750824,-0.3343559503555298,1.1875824928283691,3.6569026708602905,0.3897574543952942,2.4693201780319214,0.797825038433075,2.4693201780319214,-0.797825038433075,596,126,0.7885906040268457,39,8
510,C,5,integrated_gradients,0.8,zero,scientific,-1.521938443183899,-4.450398921966553,-1.1894384622573853,-0.3343559503555298,1.1875824928283691,4.116042971611023,0.8550825119018555,2.928460478782654,0.33249998092651367,2.928460478782654,-0.33249998092651367,596,126,0.7885906040268457,39,8
530,H,0,gnnexplainer,0.8,zero,scientific,-0.08534625172615051,-0.044720716774463654,-0.2526179254055023,-0.16678637266159058,0.08144012093544006,0.12206565588712692,0.08583155274391174,0.04062553495168686,0.1672716736793518,0.04062553495168686,0.00439143180847168,314,67,0.786624203821656,33,7
530,H,1,gnnexplainer,0.8,zero,scientific,-0.09019753336906433,-0.03878169134259224,-0.284275621175766,-0.13316234946250916,0.042964816093444824,0.09438065811991692,0.15111327171325684,0.05141584202647209,0.19407808780670166,0.05141584202647209,0.10814845561981201,314,67,0.786624203821656,33,7
530,H,2,gnnexplainer,0.8,zero,scientific,-0.030807171016931534,-0.08770553767681122,-0.028778009116649628,-0.0575319267809391,0.02672475576400757,0.030173610895872116,0.028753917664289474,0.056898366659879684,0.002029161900281906,0.0034488551318645477,0.002029161900281906,314,67,0.786624203821656,33,7
530,H,3,gnnexplainer,0.8,zero,scientific,-0.04008097946643829,-0.09486813098192215,-0.04219501465559006,-0.04089127480983734,0.0008102953433990479,0.05397685617208481,0.001303739845752716,0.054787151515483856,0.002114035189151764,0.05316656082868576,0.0004934445023536682,314,67,0.786624203821656,33,7
530,H,4,gnnexplainer,0.8,zero,scientific,-0.03763440251350403,-0.1591298133134842,-0.015790805220603943,-0.06429433822631836,0.02665993571281433,0.09483547508716583,0.048503533005714417,0.12149541079998016,0.021843597292900085,0.0681755393743515,0.021843597292900085,314,67,0.786624203821656,33,7
530,C,0,gnnexplainer,0.8,zero,scientific,-2.6694869995117188,-3.2276031970977783,-2.811918258666992,-2.8974430561065674,0.22795605659484863,0.33016014099121094,0.0855247974395752,0.5581161975860596,0.14243125915527344,0.1022040843963623,-0.14243125915527344,314,67,0.786624203821656,39,8
530,C,1,gnnexplainer,0.8,zero,scientific,-3.2187187671661377,-5.329045295715332,-2.39917254447937,-2.7582390308380127,0.460479736328125,2.5708062648773193,0.3590664863586426,2.1103265285491943,0.8195462226867676,2.1103265285491943,-0.10141324996948242,314,67,0.786624203821656,39,8
530,C,2,gnnexplainer,0.8,zero,scientific,-4.761256694793701,-2.4855616092681885,-7.16658353805542,-4.5724406242370605,0.18881607055664062,2.086879014968872,2.5941429138183594,2.2756950855255127,2.4053268432617188,1.8980629444122314,2.4053268432617188,314,67,0.786624203821656,39,8
610,H,0,gnnexplainer,0.8,zero,scientific,-0.44238173961639404,-0.13373225927352905,-0.4869930148124695,-0.615548849105835,0.17316710948944092,0.4818165898323059,0.12855583429336548,0.308649480342865,0.04461127519607544,0.308649480342865,-0.04461127519607544,452,96,0.7876106194690266,33,7
610,H,0,integrated_gradients,0.8,zero,scientific,-0.44238173961639404,-0.08560150116682053,-0.4409319758415222,-0.615548849105835,0.17316710948944092,0.5299473479390144,0.17461687326431274,0.3567802384495735,0.0014497637748718262,0.3567802384495735,0.0014497637748718262,452,96,0.7876106194690266,33,7
610,H,1,gnnexplainer,0.8,zero,scientific,-0.1651545912027359,-0.001088269054889679,-0.29963719844818115,-0.12229462713003159,0.042859964072704315,0.1212063580751419,0.17734257131814957,0.16406632214784622,0.13448260724544525,0.07834639400243759,0.13448260724544525,452,96,0.7876106194690266,33,7
610,H,1,integrated_gradients,0.8,zero,scientific,-0.1651545912027359,-0.05876367166638374,-0.21204841136932373,-0.12229462713003159,0.042859964072704315,0.06353095546364784,0.08975378423929214,0.10639091953635216,0.04689382016658783,0.020670991390943527,0.04689382016658783,452,96,0.7876106194690266,33,7
610,H,2,gnnexplainer,0.8,zero,scientific,-0.13610506057739258,0.0028814896941184998,-0.2613358497619629,-0.1601894050836563,0.024084344506263733,0.1630708947777748,0.10114644467830658,0.13898655027151108,0.1252307891845703,0.13898655027151108,0.07706210017204285,452,96,0.7876106194690266,33,7
610,H,2,integrated_gradients,0.8,zero,scientific,-0.13610506057739258,-0.041861388832330704,-0.17284433543682098,-0.1601894050836563,0.024084344506263733,0.11832801625132561,0.012654930353164673,0.09424367174506187,0.036739274859428406,0.09424367174506187,-0.01142941415309906,452,96,0.7876106194690266,33,7
610,H,3,gnnexplainer,0.8,zero,scientific,-0.1795758754014969,-0.029420156031847,-0.33079802989959717,-0.18318936228752136,0.003613486886024475,0.15376920625567436,0.1476086676120758,0.1501557193696499,0.15122215449810028,0.1501557193696499,0.14399518072605133,452,96,0.7876106194690266,33,7
610,H,3,integrated_gradients,0.8,zero,scientific,-0.1795758754014969,-0.049631327390670776,-0.22812768816947937,-0.18318936228752136,0.003613486886024475,0.13355803489685059,0.04493832588195801,0.1299445480108261,0.04855181276798248,0.1299445480108261,0.04132483899593353,452,96,0.7876106194690266,33,7
610,H,4,gnnexplainer,0.8,zero,scientific,-0.500056803226471,-0.1291300654411316,-0.7125738859176636,-0.6312503814697266,0.13119357824325562,0.502120316028595,0.08132350444793701,0.37092673778533936,0.21251708269119263,0.37092673778533936,-0.049870073795318604,452,96,0.7876106194690266,33,7
610,H,4,integrated_gradients,0.8,zero,scientific,-0.500056803226471,-0.08537513017654419,-0.4582284986972809,-0.6312503814697266,0.13119357824325562,0.5458752512931824,0.17302188277244568,0.41468167304992676,0.041828304529190063,0.41468167304992676,0.041828304529190063,452,96,0.7876106194690266,33,7
610,H,5,gnnexplainer,0.8,zero,scientific,-0.14004060626029968,-0.019490618258714676,-0.24574899673461914,-0.12377718091011047,0.01626342535018921,0.1042865626513958,0.12197181582450867,0.120549988001585,0.10570839047431946,0.08802313730120659,0.10570839047431946,452,96,0.7876106194690266,33,7
610,H,5,integrated_gradients,0.8,zero,scientific,-0.14004060626029968,-0.036282122135162354,-0.19706612825393677,-0.12377718091011047,0.01626342535018921,0.08749505877494812,0.0732889473438263,0.10375848412513733,0.057025521993637085,0.07123163342475891,0.057025521993637085,452,96,0.7876106194690266,33,7
610,H,6,gnnexplainer,0.8,zero,scientific,-0.12860378623008728,0.0011694729328155518,-0.29144561290740967,-0.14696994423866272,0.01836615800857544,0.14813941717147827,0.14447566866874695,0.12977325916290283,0.1628418266773224,0.12977325916290283,0.1261095106601715,452,96,0.7876106194690266,33,7
610,H,6,integrated_gradients,0.8,zero,scientific,-0.12860378623008728,-0.039982810616493225,-0.16061460971832275,-0.14696994423866272,0.01836615800857544,0.1069871336221695,0.013644665479660034,0.08862097561359406,0.032010823488235474,0.08862097561359406,-0.004721492528915405,452,96,0.7876106194690266,33,7
610,H,7,gnnexplainer,0.8,zero,scientific,-0.16811057925224304,-0.026384860277175903,-0.2847740054130554,-0.19154877960681915,0.02343820035457611,0.16516391932964325,0.09322522580623627,0.14172571897506714,0.11666342616081238,0.14172571897506714,0.06978702545166016,452,96,0.7876106194690266,33,7
610,H,7,integrated_gradients,0.8,zero,scientific,-0.16811057925224304,-0.04559891298413277,-0.22402134537696838,-0.19154877960681915,0.02343820035457611,0.14594986662268639,0.03247256577014923,0.12251166626811028,0.05591076612472534,0.12251166626811028,0.00903436541557312,452,96,0.7876106194690266,33,7
610,C,0,gnnexplainer,0.8,zero,scientific,-16.07822036743164,-4.248136043548584,-20.675582885742188,-18.057586669921875,1.9793663024902344,13.809450626373291,2.6179962158203125,11.830084323883057,4.597362518310547,11.830084323883057,0.6386299133300781,452,96,0.7876106194690266,39,8
610,C,0,integrated_gradients,0.8,zero,scientific,-16.07822036743164,-5.188927173614502,-17.945846557617188,-18.057586669921875,1.9793663024902344,12.868659496307373,0.1117401123046875,10.889293193817139,1.8676261901855469,10.889293193817139,-1.8676261901855469,452,96,0.7876106194690266,39,8
610,C,1,gnnexplainer,0.8,zero,scientific,-16.779712677001953,-4.275820255279541,-24.00605010986328,-17.75385856628418,0.9741458892822266,13.478038311004639,6.252191543579102,12.503892421722412,7.226337432861328,12.503892421722412,5.278045654296875,452,96,0.7876106194690266,39,8
610,C,1,integrated_gradients,0.8,zero,scientific,-16.779712677001953,-3.725550889968872,-18.49072265625,-17.75385856628418,0.9741458892822266,14.028307676315308,0.7368640899658203,13.054161787033081,1.7110099792480469,13.054161787033081,-0.23728179931640625,452,96,0.7876106194690266,39,8
610,C,2,gnnexplainer,0.8,zero,scientific,-1.856040596961975,-2.3342137336730957,-3.3947627544403076,-2.5053277015686035,0.6492871046066284,0.1711139678955078,0.8894350528717041,0.4781731367111206,1.5387221574783325,-0.4781731367111206,0.24014794826507568,452,96,0.7876106194690266,39,8
610,C,2,integrated_gradients,0.8,zero,scientific,-1.856040596961975,-4.084990978240967,-2.49556827545166,-2.5053277015686035,0.6492871046066284,1.5796632766723633,0.00975942611694336,2.2289503812789917,0.6395276784896851,0.9303761720657349,-0.6395276784896851,452,96,0.7876106194690266,39,8
610,C,3,gnnexplainer,0.8,zero,scientific,-1.9090392589569092,-3.407759189605713,-2.086754560470581,-2.3740406036376953,0.46500134468078613,1.0337185859680176,0.28728604316711426,1.4987199306488037,0.17771530151367188,0.5687172412872314,-0.17771530151367188,452,96,0.7876106194690266,39,8
610,C,3,integrated_gradients,0.8,zero,scientific,-1.9090392589569092,-3.92240571975708,-2.3155293464660645,-2.3740406036376953,0.46500134468078613,1.5483651161193848,0.05851125717163086,2.013366460800171,0.4064900875091553,1.0833637714385986,-0.4064900875091553,452,96,0.7876106194690266,39,8
620,H,0,gnnexplainer,0.8,zero,scientific,-0.22838380932807922,-0.17954665422439575,-0.2969326972961426,-0.2509962022304535,0.022612392902374268,0.07144954800605774,0.04593649506568909,0.04883715510368347,0.06854888796806335,0.04883715510368347,0.02332410216331482,603,126,0.791044776119403,33,7
620,H,0,integrated_gradients,0.8,zero,scientific,-0.22838380932807922,-0.16626688838005066,-0.21695569157600403,-0.2509962022304535,0.022612392902374268,0.08472931385040283,0.03404051065444946,0.062116920948028564,0.011428117752075195,0.062116920948028564,0.011428117752075195,603,126,0.791044776119403,33,7
620,H,1,gnnexplainer,0.8,zero,scientific,-0.228367418050766,-0.15446063876152039,-0.29453638195991516,-0.24986469745635986,0.021497279405593872,0.09540405869483948,0.0446716845035553,0.0739067792892456,0.06616896390914917,0.0739067792892456,0.023174405097961426,603,126,0.791044776119403,33,7
620,H,1,integrated_gradients,0.8,zero,scientific,-0.228367418050766,-0.16888952255249023,-0.22654905915260315,-0.24986469745635986,0.021497279405593872,0.08097517490386963,0.023315638303756714,0.05947789549827576,0.0018183588981628418,0.05947789549827576,0.0018183588981628418,603,126,0.791044776119403,33,7
620,H,2,gnnexplainer,0.8,zero,scientific,-0.2283584177494049,-0.18168923258781433,-0.32172033190727234,-0.2488207370042801,0.020462319254875183,0.06713150441646576,0.07289959490299225,0.046669185161590576,0.09336191415786743,0.046669185161590576,0.052437275648117065,603,126,0.791044776119403,33,7
620,H,2,integrated_gradients,0.8,zero,scientific,-0.2283584177494049,-0.1666857898235321,-0.21696317195892334,-0.2488207370042801,0.020462319254875183,0.08213494718074799,0.03185756504535675,0.0616726279258728,0.011395245790481567,0.0616726279258728,0.011395245790481567,603,126,0.791044776119403,33,7
620,H,3,gnnexplainer,0.8,zero,scientific,-0.22839093208312988,-0.14387759566307068,-0.30798864364624023,-0.25204017758369446,0.023649245500564575,0.10816258192062378,0.055948466062545776,0.0845133364200592,0.07959771156311035,0.0845133364200592,0.0322992205619812,603,126,0.791044776119403,33,7
620,H,3,integrated_gradients,0.8,zero,scientific,-0.22839093208312988,-0.1685272753238678,-0.22654184699058533,-0.25204017758369446,0.023649245500564575,0.08351290225982666,0.02549833059310913,0.059863656759262085,0.0018490850925445557,0.059863656759262085,0.0018490850925445557,603,126,0.791044776119403,33,7
620,H,4,gnnexplainer,0.8,zero,scientific,-0.22839006781578064,-0.1875782459974289,-0.23405852913856506,-0.251996248960495,0.023606181144714355,0.0644180029630661,0.01793771982192993,0.040811821818351746,0.005668461322784424,0.040811821818351746,-0.005668461322784424,603,126,0.791044776119403,33,7
620,H,4,integrated_gradients,0.8,zero,scientific,-0.22839006781578064,-0.16847515106201172,-0.2265409529209137,-0.251996248960495,0.023606181144714355,0.08352109789848328,0.0254552960395813,0.05991491675376892,0.0018491148948669434,0.05991491675376892,0.0018491148948669434,603,126,0.791044776119403,33,7
620,H,5,gnnexplainer,0.8,zero,scientific,-0.22836831212043762,-0.18753451108932495,-0.27697640657424927,-0.24986469745635986,0.02149638533592224,0.06233018636703491,0.027111709117889404,0.04083380103111267,0.048608094453811646,0.04083380103111267,0.005615323781967163,603,126,0.791044776119403,33,7
620,H,5,integrated_gradients,0.8,zero,scientific,-0.22836831212043762,-0.16642579436302185,-0.21696245670318604,-0.24986469745635986,0.02149638533592224,0.08343890309333801,0.03290224075317383,0.06194251775741577,0.011405855417251587,0.06194251775741577,0.011405855417251587,603,126,0.791044776119403,33,7
620,H,6,gnnexplainer,0.8,zero,scientific,-0.00035447627305984497,-0.04930092766880989,0.008783049881458282,0.08161692321300507,0.08197139948606491,0.13091785088181496,0.07283387333154678,0.048946451395750046,0.009137526154518127,0.048946451395750046,-0.009137526154518127,603,126,0.791044776119403,33,7
620,H,6,integrated_gradients,0.8,zero,scientific,-0.00035447627305984497,-0.05539163202047348,-0.014777105301618576,0.08161692321300507,0.08197139948606491,0.13700855523347855,0.09639402851462364,0.055037155747413635,0.014422629028558731,0.055037155747413635,0.014422629028558731,603,126,0.791044776119403,33,7
620,H,7,gnnexplainer,0.8,zero,scientific,-0.0003616511821746826,-0.026716135442256927,-0.0057855769991874695,0.0810290277004242,0.08139067888259888,0.10774516314268112,0.08681460469961166,0.026354484260082245,0.005423925817012787,0.026354484260082245,0.005423925817012787,603,126,0.791044776119403,33,7
620,H,7,integrated_gradients,0.8,zero,scientific,-0.0003616511821746826,-0.05540135130286217,-0.014783274382352829,0.0810290277004242,0.08139067888259888,0.13643037900328636,0.09581230208277702,0.055039700120687485,0.014421623200178146,0.055039700120687485,0.014421623200178146,603,126,0.791044776119403,33,7
620,H,8,gnnexplainer,0.8,zero,scientific,-0.00035750120878219604,-0.0325375497341156,0.0050472840666770935,0.08161692321300507,0.08197442442178726,0.11415447294712067,0.07656963914632797,0.032180048525333405,0.0054047852754592896,0.032180048525333405,-0.0054047852754592896,603,126,0.791044776119403,33,7
620,H,8,integrated_gradients,0.8,zero,scientific,-0.00035750120878219604,-0.05539807677268982,-0.0147794708609581,0.08161692321300507,0.08197442442178726,0.13701499998569489,0.09639639407396317,0.05504057556390762,0.014421969652175903,0.05504057556390762,0.014421969652175903,603,126,0.791044776119403,33,7
620,H,9,gnnexplainer,0.8,zero,scientific,-0.01004878431558609,-0.09717851132154465,0.021357066929340363,0.17055636644363403,0.18060515075922012,0.2677348777651787,0.14919929951429367,0.08712972700595856,0.03140585124492645,0.08712972700595856,-0.03140585124492645,603,126,0.791044776119403,33,7
620,H,9,integrated_gradients,0.8,zero,scientific,-0.01004878431558609,-0.05464872345328331,-0.01689676195383072,0.17055636644363403,0.18060515075922012,0.22520508989691734,0.18745312839746475,0.04459993913769722,0.006847977638244629,0.04459993913769722,0.006847977638244629,603,126,0.791044776119403,33,7
620,C,0,gnnexplainer,0.8,zero,scientific,-8.43395709991455,-5.482758522033691,-8.459494590759277,-8.185676574707031,0.24828052520751953,2.70291805267334,0.2738180160522461,2.9511985778808594,0.025537490844726562,2.4546375274658203,0.025537490844726562,603,126,0.791044776119403,39,8
620,C,0,integrated_gradients,0.8,zero,scientific,-8.43395709991455,-5.259226322174072,-8.959043502807617,-8.185676574707031,0.24828052520751953,2.926450252532959,0.7733669281005859,3.1747307777404785,0.5250864028930664,2.6781697273254395,0.5250864028930664,603,126,0.791044776119403,39,8
620,C,1,gnnexplainer,0.8,zero,scientific,-8.439017295837402,-4.1472954750061035,-12.033835411071777,-8.185914039611816,0.25310325622558594,4.038618564605713,3.847921371459961,4.291721820831299,3.594818115234375,3.785515308380127,3.594818115234375,603,126,0.791044776119403,39,8
620,C,1,integrated_gradients,0.8,zero,scientific,-8.439017295837402,-5.263760566711426,-8.957489967346191,-8.185914039611816,0.25310325622558594,2.9221534729003906,0.771575927734375,3.1752567291259766,0.5184726715087891,2.6690502166748047,0.5184726715087891,603,126,0.791044776119403,39,8
620,C,2,gnnexplainer,0.8,zero,scientific,-8.438666343688965,-5.073793411254883,-10.106749534606934,-8.188501358032227,0.2501649856567383,3.1147079467773438,1.918248176574707,3.364872932434082,1.6680831909179688,2.8645429611206055,1.6680831909179688,603,126,0.791044776119403,39,8
620,C,2,integrated_gradients,0.8,zero,scientific,-8.438666343688965,-5.2635626792907715,-8.957320213317871,-8.188501358032227,0.2501649856567383,2.924938678741455,0.7688188552856445,3.1751036643981934,0.5186538696289062,2.674773693084717,0.5186538696289062,603,126,0.791044776119403,39,8
620,C,3,gnnexplainer,0.8,zero,scientific,-8.43066120147705,-3.9460887908935547,-12.108366966247559,-8.189264297485352,0.24139690399169922,4.243175506591797,3.919102668762207,4.484572410583496,3.677705764770508,4.001778602600098,3.677705764770508,603,126,0.791044776119403,39,8
620,C,3,integrated_gradients,0.8,zero,scientific,-8.43066120147705,-5.25938081741333,-8.959854125976562,-8.189264297485352,0.24139690399169922,2.9298834800720215,0.7705898284912109,3.1712803840637207,0.5291929244995117,2.6884865760803223,0.5291929244995117,603,126,0.791044776119403,39,8
620,C,4,gnnexplainer,0.8,zero,scientific,-8.43023681640625,-4.970089435577393,-11.30801773071289,-8.187677383422852,0.24255943298339844,3.217587947845459,3.120340347290039,3.4601473808288574,2.8777809143066406,2.9750285148620605,2.8777809143066406,603,126,0.791044776119403,39,8
620,C,4,integrated_gradients,0.8,zero,scientific,-8.43023681640625,-5.258920669555664,-8.959866523742676,-8.187677383422852,0.24255943298339844,2.9287567138671875,0.7721891403198242,3.171316146850586,0.5296297073364258,2.686197280883789,0.5296297073364258,603,126,0.791044776119403,39,8
620,C,5,gnnexplainer,0.8,zero,scientific,-8.442373275756836,-6.247093200683594,-8.514225959777832,-8.186501502990723,0.2558717727661133,1.939408302307129,0.3277244567871094,2.195280075073242,0.0718526840209961,1.6835365295410156,0.0718526840209961,603,126,0.791044776119403,39,8
620,C,5,integrated_gradients,0.8,zero,scientific,-8.442373275756836,-5.263108253479004,-8.95650577545166,-8.186501502990723,0.2558717727661133,2.9233932495117188,0.7700042724609375,3.179265022277832,0.5141324996948242,2.6675214767456055,0.5141324996948242,603,126,0.791044776119403,39,8
620,C,6,gnnexplainer,0.8,zero,scientific,0.4642379879951477,-2.062432050704956,0.345727801322937,1.20413076877594,0.7398927807807922,3.266562819480896,0.8584029674530029,2.5266700387001038,0.1185101866722107,2.5266700387001038,0.1185101866722107,603,126,0.791044776119403,39,8
620,C,6,integrated_gradients,0.8,zero,scientific,0.4642379879951477,-3.1188042163848877,0.4225236773490906,1.20413076877594,0.7398927807807922,4.322934985160828,0.7816070914268494,3.5830422043800354,0.04171431064605713,3.5830422043800354,0.04171431064605713,603,126,0.791044776119403,39,8
640,H,0,gnnexplainer,0.8,zero,scientific,-0.21126306056976318,-0.5484618544578552,-0.02611011266708374,0.13790667057037354,0.3491697311401367,0.6863685250282288,0.16401678323745728,0.33719879388809204,0.18515294790267944,0.33719879388809204,-0.18515294790267944,735,154,0.7904761904761904,33,7
640,H,0,integrated_gradients,0.8,zero,scientific,-0.21126306056976318,-0.19237402081489563,-0.20198199152946472,0.13790667057037354,0.3491697311401367,0.33028069138526917,0.33988866209983826,0.018889039754867554,0.009281069040298462,-0.018889039754867554,-0.009281069040298462,735,154,0.7904761904761904,33,7
640,H,1,gnnexplainer,0.8,zero,scientific,-0.21125224232673645,-0.3500079810619354,-0.04510601609945297,0.13790667057037354,0.34915891289711,0.48791465163230896,0.1830126866698265,0.13875573873519897,0.16614622622728348,0.13875573873519897,-0.16614622622728348,735,154,0.7904761904761904,33,7
640,H,1,integrated_gradients,0.8,zero,scientific,-0.21125224232673645,-0.19234463572502136,-0.2019987404346466,0.13790667057037354,0.34915891289711,0.3302513062953949,0.33990541100502014,0.018907606601715088,0.009253501892089844,-0.018907606601715088,-0.009253501892089844,735,154,0.7904761904761904,33,7
640,H,2,gnnexplainer,0.8,zero,scientific,-0.04018162190914154,-0.10476045310497284,-0.025686170905828476,-0.010049479082226753,0.030132142826914787,0.09471097402274609,0.015636691823601723,0.0645788311958313,0.014495451003313065,0.0645788311958313,-0.014495451003313065,735,154,0.7904761904761904,33,7
640,H,2,integrated_gradients,0.8,zero,scientific,-0.04018162190914154,-0.07055222243070602,-0.06229042261838913,-0.010049479082226753,0.030132142826914787,0.06050274334847927,0.052240943536162376,0.030370600521564484,0.02210880070924759,0.030370600521564484,0.02210880070924759,735,154,0.7904761904761904,33,7
640,H,3,gnnexplainer,0.8,zero,scientific,-0.02698579430580139,-0.0915302187204361,-0.02787289023399353,-0.030795302242040634,0.0038095079362392426,0.06073491647839546,0.002922412008047104,0.0645444244146347,0.0008870959281921387,0.05692540854215622,-0.0008870959281921387,735,154,0.7904761904761904,33,7
640,H,3,integrated_gradients,0.8,zero,scientific,-0.02698579430580139,-0.05631624162197113,-0.061324991285800934,-0.030795302242040634,0.0038095079362392426,0.025520939379930496,0.0305296890437603,0.02933044731616974,0.03433919697999954,0.021711431443691254,0.026720181107521057,735,154,0.7904761904761904,33,7
640,H,4,gnnexplainer,0.8,zero,scientific,-0.029253706336021423,-0.07623379677534103,-0.021641425788402557,-0.03988323733210564,0.010629530996084213,0.0363505594432354,0.01824181154370308,0.04698009043931961,0.007612280547618866,0.025721028447151184,0.007612280547618866,735,154,0.7904761904761904,33,7
640,H,4,integrated_gradients,0.8,zero,scientific,-0.029253706336021423,-0.036874957382678986,-0.07204287499189377,-0.03988323733210564,0.010629530996084213,0.003008279949426651,0.03215963765978813,0.007621251046657562,0.042789168655872345,-0.007621251046657562,0.02153010666370392,735,154,0.7904761904761904,33,7
640,H,5,gnnexplainer,0.8,zero,scientific,-0.07945401221513748,-0.1316884458065033,-0.026689007878303528,-0.08353185653686523,0.004077844321727753,0.04815658926963806,0.05684284865856171,0.052234433591365814,0.052765004336833954,0.04407874494791031,0.052765004336833954,735,154,0.7904761904761904,33,7
640,H,5,integrated_gradients,0.8,zero,scientific,-0.07945401221513748,-0.08162519335746765,-0.10319216549396515,-0.08353185653686523,0.004077844321727753,0.001906663179397583,0.019660308957099915,0.0021711811423301697,0.023738153278827667,-0.0021711811423301697,0.015582464635372162,735,154,0.7904761904761904,33,7
640,H,6,gnnexplainer,0.8,zero,scientific,-0.11835552006959915,-0.10531511902809143,-0.14504051208496094,-0.10661061108112335,0.0117449089884758,0.0012954920530319214,0.038429901003837585,0.013040401041507721,0.026684992015361786,-0.010449416935443878,0.026684992015361786,735,154,0.7904761904761904,33,7
640,H,6,integrated_gradients,0.8,zero,scientific,-0.11835552006959915,-0.10422470420598984,-0.13514623045921326,-0.10661061108112335,0.0117449089884758,0.0023859068751335144,0.028535619378089905,0.014130815863609314,0.016790710389614105,-0.009359002113342285,0.016790710389614105,735,154,0.7904761904761904,33,7
640,H,7,gnnexplainer,0.8,zero,scientific,-0.06900552660226822,-0.20946893095970154,-0.02424890547990799,-0.07117222994565964,0.0021667033433914185,0.1382967010140419,0.04692332446575165,0.14046340435743332,0.04475662112236023,0.13612999767065048,0.04475662112236023,735,154,0.7904761904761904,33,7
640,H,7,integrated_gradients,0.8,zero,scientific,-0.06900552660226822,-0.09326246380805969,-0.09216669201850891,-0.07117222994565964,0.0021667033433914185,0.022090233862400055,0.020994462072849274,0.024256937205791473,0.023161165416240692,0.019923530519008636,0.018827758729457855,735,154,0.7904761904761904,33,7
640,H,8,gnnexplainer,0.8,zero,scientific,-0.10110029578208923,-0.020893476903438568,-0.235408753156662,-0.12511934340000153,0.024019047617912292,0.10422586649656296,0.11028940975666046,0.08020681887865067,0.13430845737457275,0.08020681887865067,0.08627036213874817,735,154,0.7904761904761904,33,7
640,H,8,integrated_gradients,0.8,zero,scientific,-0.10110029578208923,-0.09393561631441116,-0.12406603246927261,-0.12511934340000153,0.024019047617912292,0.031183727085590363,0.0010533109307289124,0.00716467946767807,0.02296573668718338,0.00716467946767807,-0.02296573668718338,735,154,0.7904761904761904,33,7
640,H,9,gnnexplainer,0.8,zero,scientific,-0.07945292443037033,-0.1368318498134613,-0.05620535463094711,-0.08353185653686523,0.0040789321064949036,0.05329999327659607,0.02732650190591812,0.05737892538309097,0.023247569799423218,0.049221061170101166,0.023247569799423218,735,154,0.7904761904761904,33,7
640,H,9,integrated_gradients,0.8,zero,scientific,-0.07945292443037033,-0.08162900805473328,-0.10319186002016068,-0.08353185653686523,0.0040789321064949036,0.001902848482131958,0.01966000348329544,0.0021760836243629456,0.023738935589790344,-0.0021760836243629456,0.015581071376800537,735,154,0.7904761904761904,33,7
640,H,10,gnnexplainer,0.8,zero,scientific,-0.11835354566574097,-0.146354079246521,-0.07096859812736511,-0.10661061108112335,0.011742934584617615,0.039743468165397644,0.03564201295375824,0.02800053358078003,0.047384947538375854,0.02800053358078003,0.023899078369140625,735,154,0.7904761904761904,33,7
640,H,10,integrated_gradients,0.8,zero,scientific,-0.11835354566574097,-0.10422523319721222,-0.1351451724767685,-0.10661061108112335,0.011742934584617615,0.002385377883911133,0.02853456139564514,0.014128312468528748,0.016791626811027527,-0.009357556700706482,0.016791626811027527,735,154,0.7904761904761904,33,7
640,H,11,gnnexplainer,0.8,zero,scientific,-0.04018741473555565,-0.10227170586585999,-0.012748368084430695,-0.010049479082226753,0.030137935653328896,0.09222222678363323,0.0026988890022039413,0.06208429113030434,0.027439046651124954,0.06208429113030434,-0.027439046651124954,735,154,0.7904761904761904,33,7
640,H,11,integrated_gradients,0.8,zero,scientific,-0.04018741473555565,-0.07055162638425827,-0.06229594722390175,-0.010049479082226753,0.030137935653328896,0.06050214730203152,0.052246468141674995,0.03036421164870262,0.0221085324883461,0.03036421164870262,0.0221085324883461,735,154,0.7904761904761904,33,7
640,H,12,gnnexplainer,0.8,zero,scientific,-0.029250383377075195,-0.1161295622587204,-0.01993171125650406,-0.04088323935866356,0.011632855981588364,0.07524632290005684,0.0209515281021595,0.0868791788816452,0.009318672120571136,0.06361346691846848,0.009318672120571136,735,154,0.7904761904761904,33,7
640,H,12,integrated_gradients,0.8,zero,scientific,-0.029250383377075195,-0.040188416838645935,-0.07375878095626831,-0.04088323935866356,0.011632855981588364,0.0006948225200176239,0.03287554159760475,0.01093803346157074,0.044508397579193115,-0.01093803346157074,0.021242685616016388,735,154,0.7904761904761904,33,7
640,H,13,gnnexplainer,0.8,zero,scientific,-0.026982992887496948,-0.11289244890213013,-0.016741234809160233,-0.030795302242040634,0.003812309354543686,0.08209714666008949,0.014054067432880402,0.08590945601463318,0.010241758078336716,0.0782848373055458,0.010241758078336716,735,154,0.7904761904761904,33,7
640,H,13,integrated_gradients,0.8,zero,scientific,-0.026982992887496948,-0.05631610378623009,-0.06131957471370697,-0.030795302242040634,0.003812309354543686,0.025520801544189453,0.030524272471666336,0.02933311089873314,0.03433658182621002,0.021708492189645767,0.02671196311712265,735,154,0.7904761904761904,33,7
640,C,0,gnnexplainer,0.8,zero,scientific,-7.860611915588379,-2.886857748031616,-10.826422691345215,-8.271045684814453,0.4104337692260742,5.384187936782837,2.5553770065307617,4.973754167556763,2.965810775756836,4.973754167556763,2.1449432373046875,735,154,0.7904761904761904,39,8
640,C,0,integrated_gradients,0.8,zero,scientific,-7.860611915588379,-4.531460285186768,-8.62694263458252,-8.271045684814453,0.4104337692260742,3.7395853996276855,0.3558969497680664,3.3291516304016113,0.7663307189941406,3.3291516304016113,-0.05453681945800781,735,154,0.7904761904761904,39,8
640,C,1,gnnexplainer,0.8,zero,scientific,-7.8596673011779785,-2.4452614784240723,-11.413064002990723,-8.270045280456543,0.41037797927856445,5.824783802032471,3.1430187225341797,5.414405822753906,3.553396701812744,5.414405822753906,2.7326407432556152,735,154,0.7904761904761904,39,8
640,C,1,integrated_gradients,0.8,zero,scientific,-7.8596673011779785,-4.531452655792236,-8.626626014709473,-8.270045280456543,0.41037797927856445,3.7385926246643066,0.3565807342529297,3.328214645385742,0.7669587135314941,3.328214645385742,-0.053797245025634766,735,154,0.7904761904761904,39,8
640,C,2,gnnexplainer,0.8,zero,scientific,-0.4793398380279541,-5.595462322235107,0.27367645502090454,-0.608948290348053,0.12960845232009888,4.986514031887054,0.8826247453689575,5.116122484207153,0.7530162930488586,4.856905579566956,0.7530162930488586,735,154,0.7904761904761904,39,8
640,C,2,integrated_gradients,0.8,zero,scientific,-0.4793398380279541,-4.553603172302246,-0.5584405660629272,-0.608948290348053,0.12960845232009888,3.944654881954193,0.05050772428512573,4.074263334274292,0.07910072803497314,3.8150464296340942,-0.07910072803497314,735,154,0.7904761904761904,39,8
640,C,3,gnnexplainer,0.8,zero,scientific,-1.0577682256698608,-6.001393795013428,-0.7396432757377625,-1.4114946126937866,0.3537263870239258,4.589899182319641,0.6718513369560242,4.943625569343567,0.3181249499320984,4.236172795295715,0.3181249499320984,735,154,0.7904761904761904,39,8
640,C,3,integrated_gradients,0.8,zero,scientific,-1.0577682256698608,-5.501954555511475,-1.043402910232544,-1.4114946126937866,0.3537263870239258,4.090459942817688,0.3680917024612427,4.444186329841614,0.014365315437316895,3.736733555793762,0.014365315437316895,735,154,0.7904761904761904,39,8
640,C,4,gnnexplainer,0.8,zero,scientific,-1.6062666177749634,-6.813599109649658,-1.0470367670059204,-2.1460978984832764,0.539831280708313,4.667501211166382,1.099061131477356,5.207332491874695,0.559229850769043,4.127669930458069,0.559229850769043,735,154,0.7904761904761904,39,8
640,C,4,integrated_gradients,0.8,zero,scientific,-1.6062666177749634,-5.301540851593018,-1.436685562133789,-2.1460978984832764,0.539831280708313,3.155442953109741,0.7094123363494873,3.695274233818054,0.16958105564117432,2.6156116724014282,0.16958105564117432,735,154,0.7904761904761904,39,8
640,C,5,gnnexplainer,0.8,zero,scientific,-1.0578246116638184,-6.409843444824219,-0.19103343784809113,-1.4114511013031006,0.3536264896392822,4.998392343521118,1.2204176634550095,5.3520188331604,0.8667911738157272,4.644765853881836,0.8667911738157272,735,154,0.7904761904761904,39,8
640,C,5,integrated_gradients,0.8,zero,scientific,-1.0578246116638184,-5.501988887786865,-1.0434528589248657,-1.4114511013031006,0.3536264896392822,4.090537786483765,0.36799824237823486,4.444164276123047,0.014371752738952637,3.7369112968444824,0.014371752738952637,735,154,0.7904761904761904,39,8
640,C,6,gnnexplainer,0.8,zero,scientific,-0.47932881116867065,-2.9464519023895264,-0.23155048489570618,-0.6109034419059753,0.1315746307373047,2.335548460483551,0.37935295701026917,2.4671230912208557,0.24777832627296448,2.2039738297462463,0.24777832627296448,735,154,0.7904761904761904,39,8
640,C,6,integrated_gradients,0.8,zero,scientific,-0.47932881116867065,-4.553618907928467,-0.5583837628364563,-0.6109034419059753,0.1315746307373047,3.9427154660224915,0.05251967906951904,4.074290096759796,0.07905495166778564,3.8111408352851868,-0.07905495166778564,735,154,0.7904761904761904,39,8
650,H,0,gnnexplainer,0.8,zero,scientific,-0.034940771758556366,-0.10285314917564392,0.0008976906538009644,-0.047470711171627045,0.012529939413070679,0.055382438004016876,0.04836840182542801,0.06791237741708755,0.03583846241235733,0.0428524985909462,0.03583846241235733,762,160,0.7900262467191601,33,7
650,H,0,integrated_gradients,0.8,zero,scientific,-0.034940771758556366,-0.06198027357459068,-0.052128978073596954,-0.047470711171627045,0.012529939413070679,0.014509562402963638,0.00465826690196991,0.027039501816034317,0.01718820631504059,0.0019796229898929596,-0.007871672511100769,762,160,0.7900262467191601,33,7
650,H,1,gnnexplainer,0.8,zero,scientific,-0.06100916862487793,-0.12078610062599182,-0.02746424451470375,-0.0373387411236763,0.02367042750120163,0.08344735950231552,0.00987449660897255,0.05977693200111389,0.03354492411017418,0.05977693200111389,-0.01379593089222908,762,160,0.7900262467191601,33,7
650,H,1,integrated_gradients,0.8,zero,scientific,-0.06100916862487793,-0.07754434645175934,-0.08343248069286346,-0.0373387411236763,0.02367042750120163,0.04020560532808304,0.046093739569187164,0.01653517782688141,0.022423312067985535,0.01653517782688141,0.022423312067985535,762,160,0.7900262467191601,33,7
650,H,2,gnnexplainer,0.8,zero,scientific,-0.024738125503063202,-0.06639577448368073,-0.012220200151205063,-0.021102281287312508,0.0036358442157506943,0.04529349319636822,0.008882081136107445,0.04165764898061752,0.012517925351858139,0.04165764898061752,0.0052462369203567505,762,160,0.7900262467191601,33,7
650,H,2,integrated_gradients,0.8,zero,scientific,-0.024738125503063202,-0.06094306707382202,-0.04504973813891411,-0.021102281287312508,0.0036358442157506943,0.039840785786509514,0.0239474568516016,0.03620494157075882,0.020311612635850906,0.03620494157075882,0.020311612635850906,762,160,0.7900262467191601,33,7
650,H,3,gnnexplainer,0.8,zero,scientific,-0.10827633738517761,-0.05803244188427925,-0.19955682754516602,-0.09628623723983765,0.011990100145339966,0.038253795355558395,0.10327059030532837,0.05024389550089836,0.0912804901599884,0.02626369521021843,0.0912804901599884,762,160,0.7900262467191601,33,7
650,H,3,integrated_gradients,0.8,zero,scientific,-0.10827633738517761,-0.10638867318630219,-0.11749053001403809,-0.09628623723983765,0.011990100145339966,0.010102435946464539,0.02120429277420044,0.0018876641988754272,0.009214192628860474,-0.0018876641988754272,0.009214192628860474,762,160,0.7900262467191601,33,7
650,H,4,gnnexplainer,0.8,zero,scientific,-0.05421527847647667,-0.025331102311611176,-0.21295690536499023,-0.1060146912932396,0.051799412816762924,0.08068358898162842,0.10694221407175064,0.028884176164865494,0.15874162688851357,0.028884176164865494,0.05514280125498772,762,160,0.7900262467191601,33,7
650,H,4,integrated_gradients,0.8,zero,scientific,-0.05421527847647667,-0.09935127943754196,-0.08836831897497177,-0.1060146912932396,0.051799412816762924,0.006663411855697632,0.017646372318267822,0.04513600096106529,0.0341530404984951,-0.04513600096106529,-0.0341530404984951,762,160,0.7900262467191601,33,7
650,H,5,gnnexplainer,0.8,zero,scientific,-0.0340970978140831,-0.07817145437002182,-0.04080542176961899,-0.045926790684461594,0.011829692870378494,0.032244663685560226,0.005121368914842606,0.04407435655593872,0.006708323955535889,0.020414970815181732,-0.006708323955535889,762,160,0.7900262467191601,33,7
650,H,5,integrated_gradients,0.8,zero,scientific,-0.0340970978140831,-0.07413531094789505,-0.044642385095357895,-0.045926790684461594,0.011829692870378494,0.028208520263433456,0.0012844055891036987,0.04003821313381195,0.010545287281274796,0.016378827393054962,-0.010545287281274796,762,160,0.7900262467191601,33,7
650,H,6,gnnexplainer,0.8,zero,scientific,-0.023676138371229172,-0.08567482233047485,-0.03155587613582611,-0.01910228095948696,0.00457385741174221,0.06657254137098789,0.01245359517633915,0.06199868395924568,0.007879737764596939,0.06199868395924568,0.007879737764596939,762,160,0.7900262467191601,33,7
650,H,6,integrated_gradients,0.8,zero,scientific,-0.023676138371229172,-0.06454990059137344,-0.04060083627700806,-0.01910228095948696,0.00457385741174221,0.04544761963188648,0.021498555317521095,0.04087376222014427,0.016924697905778885,0.04087376222014427,0.016924697905778885,762,160,0.7900262467191601,33,7
650,H,7,gnnexplainer,0.8,zero,scientific,-0.05934511870145798,-0.1375027894973755,0.0012759268283843994,-0.03475097194314003,0.024594146758317947,0.10275181755423546,0.03602689877152443,0.07815767079591751,0.06062104552984238,0.07815767079591751,0.011432752013206482,762,160,0.7900262467191601,33,7
650,H,7,integrated_gradients,0.8,zero,scientific,-0.05934511870145798,-0.058301717042922974,-0.0711149200797081,-0.03475097194314003,0.024594146758317947,0.023550745099782944,0.03636394813656807,0.0010434016585350037,0.011769801378250122,-0.0010434016585350037,0.011769801378250122,762,160,0.7900262467191601,33,7
650,H,8,gnnexplainer,0.8,zero,scientific,-0.03394071012735367,-0.101973757147789,0.0021373406052589417,-0.04692678898572922,0.01298607885837555,0.055046968162059784,0.04906412959098816,0.06803304702043533,0.03607805073261261,0.042060889303684235,0.03607805073261261,762,160,0.7900262467191601,33,7
650,H,8,integrated_gradients,0.8,zero,scientific,-0.03394071012735367,-0.06340108811855316,-0.050800781697034836,-0.04692678898572922,0.01298607885837555,0.016474299132823944,0.0038739927113056183,0.029460377991199493,0.016860071569681168,0.0034882202744483948,-0.009112086147069931,762,160,0.7900262467191601,33,7
650,H,9,gnnexplainer,0.8,zero,scientific,-0.05895303934812546,-0.10882139205932617,-0.053499408066272736,-0.03479496389627457,0.02415807545185089,0.0740264281630516,0.01870444416999817,0.049868352711200714,0.005453631281852722,0.049868352711200714,-0.005453631281852722,762,160,0.7900262467191601,33,7
650,H,9,integrated_gradients,0.8,zero,scientific,-0.05895303934812546,-0.078335702419281,-0.07908185571432114,-0.03479496389627457,0.02415807545185089,0.04354073852300644,0.04428689181804657,0.019382663071155548,0.02012881636619568,0.019382663071155548,0.02012881636619568,762,160,0.7900262467191601,33,7
650,H,10,gnnexplainer,0.8,zero,scientific,-0.023587524890899658,-0.04610423743724823,-0.06858359277248383,-0.020102281123399734,0.0034852437674999237,0.026001956313848495,0.04848131164908409,0.022516712546348572,0.04499606788158417,0.022516712546348572,0.04499606788158417,762,160,0.7900262467191601,33,7
650,H,10,integrated_gradients,0.8,zero,scientific,-0.023587524890899658,-0.0634647086262703,-0.042215391993522644,-0.020102281123399734,0.0034852437674999237,0.04336242750287056,0.02211311087012291,0.039877183735370636,0.018627867102622986,0.039877183735370636,0.018627867102622986,762,160,0.7900262467191601,33,7
650,H,11,gnnexplainer,0.8,zero,scientific,-0.10841157287359238,-0.12177260965108871,-0.0993504449725151,-0.09524228423833847,0.013169288635253906,0.026530325412750244,0.004108160734176636,0.013361036777496338,0.00906112790107727,0.013361036777496338,-0.00906112790107727,762,160,0.7900262467191601,33,7
650,H,11,integrated_gradients,0.8,zero,scientific,-0.10841157287359238,-0.11009573936462402,-0.12014129012823105,-0.09524228423833847,0.013169288635253906,0.014853455126285553,0.024899005889892578,0.0016841664910316467,0.011729717254638672,0.0016841664910316467,0.011729717254638672,762,160,0.7900262467191601,33,7
650,H,12,gnnexplainer,0.8,zero,scientific,-0.05435436591506004,-0.02578394114971161,-0.2012263834476471,-0.10497073829174042,0.050616372376680374,0.07918679714202881,0.09625564515590668,0.028570424765348434,0.14687201753258705,0.028570424765348434,0.0456392727792263,762,160,0.7900262467191601,33,7
650,H,12,integrated_gradients,0.8,zero,scientific,-0.05435436591506004,-0.10079264640808105,-0.0902661383152008,-0.10497073829174042,0.050616372376680374,0.004178091883659363,0.014704599976539612,0.04643828049302101,0.03591177240014076,-0.04643828049302101,-0.03591177240014076,762,160,0.7900262467191601,33,7
650,H,13,gnnexplainer,0.8,zero,scientific,-0.06090754270553589,-0.12200944870710373,-0.007567174732685089,-0.03579496219754219,0.025112580507993698,0.08621448650956154,0.0282277874648571,0.06110190600156784,0.0533403679728508,0.06110190600156784,0.0031152069568634033,762,160,0.7900262467191601,33,7
650,H,13,integrated_gradients,0.8,zero,scientific,-0.06090754270553589,-0.07763553410768509,-0.0833246037364006,-0.03579496219754219,0.025112580507993698,0.0418405719101429,0.047529641538858414,0.0167279914021492,0.022417061030864716,0.0167279914021492,0.022417061030864716,762,160,0.7900262467191601,33,7
650,H,14,gnnexplainer,0.8,zero,scientific,-0.03507107496261597,-0.11576847732067108,-0.03377917408943176,-0.04792679101228714,0.012855716049671173,0.06784168630838394,0.014147616922855377,0.08069740235805511,0.001291900873184204,0.05498597025871277,0.001291900873184204,762,160,0.7900262467191601,33,7
650,H,14,integrated_gradients,0.8,zero,scientific,-0.03507107496261597,-0.061792660504579544,-0.051301561295986176,-0.04792679101228714,0.012855716049671173,0.013865869492292404,0.0033747702836990356,0.026721585541963577,0.01623048633337021,0.001010153442621231,-0.009480945765972137,762,160,0.7900262467191601,33,7
650,H,15,gnnexplainer,0.8,zero,scientific,-0.024672776460647583,-0.08678483963012695,-0.03193983435630798,-0.01910228095948696,0.005570495501160622,0.06768255867063999,0.012837553396821022,0.06211206316947937,0.0072670578956604,0.06211206316947937,0.0072670578956604,762,160,0.7900262467191601,33,7
650,H,15,integrated_gradients,0.8,zero,scientific,-0.024672776460647583,-0.061907969415187836,-0.046530142426490784,-0.01910228095948696,0.005570495501160622,0.042805688455700874,0.027427861467003822,0.03723519295454025,0.0218573659658432,0.03723519295454025,0.0218573659658432,762,160,0.7900262467191601,33,7
650,C,0,gnnexplainer,0.8,zero,scientific,-0.6039972305297852,-3.4749386310577393,0.0740104466676712,-0.7945148944854736,0.19051766395568848,2.6804237365722656,0.8685253411531448,2.870941400527954,0.6780076771974564,2.489906072616577,0.6780076771974564,762,160,0.7900262467191601,39,8
650,C,0,integrated_gradients,0.8,zero,scientific,-0.6039972305297852,-4.8099684715271,-0.6476343274116516,-0.7945148944854736,0.19051766395568848,4.015453577041626,0.14688056707382202,4.2059712409973145,0.043637096881866455,3.8249359130859375,-0.043637096881866455,762,160,0.7900262467191601,39,8
650,C,1,gnnexplainer,0.8,zero,scientific,-0.9427768588066101,-5.107490539550781,-0.62369304895401,-1.2854688167572021,0.34269195795059204,3.822021722793579,0.6617757678031921,4.164713680744171,0.3190838098526001,3.479329764842987,0.3190838098526001,762,160,0.7900262467191601,39,8
650,C,1,integrated_gradients,0.8,zero,scientific,-0.9427768588066101,-5.096898555755615,-0.9400782585144043,-1.2854688167572021,0.34269195795059204,3.811429738998413,0.34539055824279785,4.154121696949005,0.0026986002922058105,3.468737781047821,0.0026986002922058105,762,160,0.7900262467191601,39,8
650,C,2,gnnexplainer,0.8,zero,scientific,-0.6430948376655579,-2.8997960090637207,-1.0036183595657349,-0.7869271636009216,0.14383232593536377,2.112868845462799,0.21669119596481323,2.256701171398163,0.360523521900177,1.9690365195274353,0.07285887002944946,762,160,0.7900262467191601,39,8
650,C,2,integrated_gradients,0.8,zero,scientific,-0.6430948376655579,-4.875226020812988,-0.6328379511833191,-0.7869271636009216,0.14383232593536377,4.088298857212067,0.15408921241760254,4.23213118314743,0.01025688648223877,3.944466531276703,0.01025688648223877,762,160,0.7900262467191601,39,8
650,C,3,gnnexplainer,0.8,zero,scientific,-0.6416166424751282,-3.050302505493164,-0.37681612372398376,-0.7869707942008972,0.14535415172576904,2.263331711292267,0.41015467047691345,2.408685863018036,0.2648005187511444,2.117977559566498,0.2648005187511444,762,160,0.7900262467191601,39,8
650,C,3,integrated_gradients,0.8,zero,scientific,-0.6416166424751282,-4.866642475128174,-0.6344889998435974,-0.7869707942008972,0.14535415172576904,4.079671680927277,0.1524817943572998,4.225025832653046,0.007127642631530762,3.9343175292015076,0.007127642631530762,762,160,0.7900262467191601,39,8
650,C,4,gnnexplainer,0.8,zero,scientific,-0.942050039768219,-5.040232181549072,-0.4113481044769287,-1.282924771308899,0.34087473154067993,3.7573074102401733,0.8715766668319702,4.098182141780853,0.5307019352912903,3.4164326786994934,0.5307019352912903,762,160,0.7900262467191601,39,8
650,C,4,integrated_gradients,0.8,zero,scientific,-0.942050039768219,-5.105082988739014,-0.9396968483924866,-1.282924771308899,0.34087473154067993,3.8221582174301147,0.34322792291641235,4.163032948970795,0.002353191375732422,3.481283485889435,0.002353191375732422,762,160,0.7900262467191601,39,8
650,C,5,gnnexplainer,0.8,zero,scientific,-0.60410076379776,-2.8650565147399902,-0.40022897720336914,-0.7939702272415161,0.1898694634437561,2.071086287498474,0.393741250038147,2.2609557509422302,0.20387178659439087,1.881216824054718,0.20387178659439087,762,160,0.7900262467191601,39,8
650,C,5,integrated_gradients,0.8,zero,scientific,-0.60410076379776,-4.814872741699219,-0.6470829248428345,-0.7939702272415161,0.1898694634437561,4.020902514457703,0.14688730239868164,4.210771977901459,0.04298216104507446,3.8310330510139465,-0.04298216104507446,762,160,0.7900262467191601,39,8
740,H,1,gnnexplainer,0.8,zero,scientific,-0.026137936860322952,-0.1471540331840515,0.039148010313510895,0.03481113538146019,0.06094907224178314,0.1819651685655117,0.004336874932050705,0.12101609632372856,0.06528594717383385,0.12101609632372856,-0.05661219730973244,561,120,0.786096256684492,33,7
740,H,2,gnnexplainer,0.8,zero,scientific,-0.04452488198876381,-0.09887081384658813,0.007981836795806885,-0.0694003626704216,0.02487548068165779,0.029470451176166534,0.07738219946622849,0.054345931857824326,0.052506718784570694,0.004594970494508743,0.052506718784570694,561,120,0.786096256684492,33,7
740,H,3,gnnexplainer,0.8,zero,scientific,-0.04864649474620819,-0.11910230666399002,-0.012678094208240509,-0.03524171933531761,0.01340477541089058,0.08386058732867241,0.022563625127077103,0.07045581191778183,0.03596840053796768,0.07045581191778183,0.009158849716186523,561,120,0.786096256684492,33,7
740,H,4,gnnexplainer,0.8,zero,scientific,-0.044288262724876404,-0.14762826263904572,-0.0015651173889636993,-0.06663717329502106,0.022348910570144653,0.08099108934402466,0.06507205590605736,0.10333999991416931,0.042723145335912704,0.058642178773880005,0.042723145335912704,561,120,0.786096256684492,33,7
740,H,5,gnnexplainer,0.8,zero,scientific,-0.02385552227497101,-0.1257871687412262,0.017418332397937775,0.03422334045171738,0.058078862726688385,0.16001050919294357,0.016805008053779602,0.10193164646625519,0.04127385467290878,0.10193164646625519,-0.04127385467290878,561,120,0.786096256684492,33,7
740,H,6,gnnexplainer,0.8,zero,scientific,-0.046978406608104706,-0.14389392733573914,0.04798755794763565,-0.03061004728078842,0.016368359327316284,0.11328388005495071,0.07859760522842407,0.09691552072763443,0.09496596455574036,0.09691552072763443,0.06222924590110779,561,120,0.786096256684492,33,7
740,H,9,gnnexplainer,0.8,zero,scientific,-0.04696982726454735,-0.01291053369641304,-0.12681370973587036,-0.11217248439788818,0.06520265713334084,0.09926195070147514,0.014641225337982178,0.03405929356813431,0.07984388247132301,0.03405929356813431,-0.05056143179535866,561,120,0.786096256684492,33,7
740,H,10,gnnexplainer,0.8,zero,scientific,-0.046655893325805664,-0.02452346310019493,-0.21211478114128113,-0.10799708962440491,0.06134119629859924,0.08347362652420998,0.10411769151687622,0.022132430225610733,0.16545888781547546,0.022132430225610733,0.04277649521827698,561,120,0.786096256684492,33,7
740,H,11,gnnexplainer,0.8,zero,scientific,-0.03764323145151138,-0.12369846552610397,0.015194915235042572,0.028855061158537865,0.06649829261004925,0.15255352668464184,0.013660145923495293,0.08605523407459259,0.052838146686553955,0.08605523407459259,-0.052838146686553955,561,120,0.786096256684492,33,7
740,C,0,gnnexplainer,0.8,zero,scientific,0.018430694937705994,-3.8032279014587402,0.2803766131401062,0.41184088587760925,0.39341019093990326,4.2150687873363495,0.13146427273750305,3.8216585963964462,0.2619459182024002,3.8216585963964462,-0.2619459182024002,561,120,0.786096256684492,39,8
740,C,1,gnnexplainer,0.8,zero,scientific,0.007801875472068787,-4.370908260345459,0.38455963134765625,0.3751834034919739,0.3673815280199051,4.746091663837433,0.009376227855682373,4.378710135817528,0.37675775587558746,4.378710135817528,-0.3580053001642227,561,120,0.786096256684492,39,8
740,C,2,gnnexplainer,0.8,zero,scientific,-0.3508378267288208,-4.135878086090088,0.2555736303329468,0.5169197916984558,0.8677576184272766,4.652797877788544,0.26134616136550903,3.785040259361267,0.6064114570617676,3.785040259361267,-0.6064114570617676,561,120,0.786096256684492,39,8
