graph_idx,node_type,node_idx,method,sparsity_target,mask_baseline_mode,ig_baseline_mode,pred_orig,pred_drop,pred_keep,target,error_orig,error_drop,error_keep,fid_plus_model,fid_minus_model,fid_plus_error_delta,fid_minus_error_delta,n_features,k_features,actual_sparsity_feat,n_features_target,k_features_target
50,H,0,gnnexplainer,0.9,match_ig_baseline,scientific,-0.18866461515426636,-0.13151025772094727,-0.16618600487709045,-0.18572446703910828,0.002940148115158081,0.05421420931816101,0.019538462162017822,0.05715435743331909,0.022478610277175903,0.05127406120300293,0.01659831404685974,498,56,0.8875502008032129,33,4
50,H,0,integrated_gradients,0.9,match_ig_baseline,scientific,-0.18866461515426636,-0.10613282024860382,-0.17021752893924713,-0.18572446703910828,0.002940148115158081,0.07959164679050446,0.015506938099861145,0.08253179490566254,0.018447086215019226,0.07665149867534637,0.012566789984703064,498,56,0.8875502008032129,33,4
50,H,1,gnnexplainer,0.9,match_ig_baseline,scientific,-0.19408667087554932,-0.12327465415000916,-0.1451418399810791,-0.1745053380727768,0.019581332802772522,0.05123068392276764,0.029363498091697693,0.07081201672554016,0.048944830894470215,0.03164935111999512,0.009782165288925171,498,56,0.8875502008032129,33,4
50,H,1,integrated_gradients,0.9,match_ig_baseline,scientific,-0.19408667087554932,-0.11504394561052322,-0.14550912380218506,-0.1745053380727768,0.019581332802772522,0.05946139246225357,0.028996214270591736,0.07904272526502609,0.04857754707336426,0.03988005965948105,0.009414881467819214,498,56,0.8875502008032129,33,4
50,H,2,gnnexplainer,0.9,match_ig_baseline,scientific,-0.13721123337745667,-0.09419874846935272,-0.12787917256355286,-0.1240059956908226,0.013205237686634064,0.02980724722146988,0.003873176872730255,0.04301248490810394,0.009332060813903809,0.016602009534835815,-0.009332060813903809,498,56,0.8875502008032129,33,4
50,H,2,integrated_gradients,0.9,match_ig_baseline,scientific,-0.13721123337745667,-0.13996407389640808,-0.08944854140281677,-0.1240059956908226,0.013205237686634064,0.01595807820558548,0.03455745428800583,0.002752840518951416,0.04776269197463989,0.002752840518951416,0.021352216601371765,498,56,0.8875502008032129,33,4
50,H,3,gnnexplainer,0.9,match_ig_baseline,scientific,-0.06269896030426025,-0.09177744388580322,-0.07169076055288315,-0.029461706057190895,0.03323725424706936,0.06231573782861233,0.04222905449569225,0.02907848358154297,0.008991800248622894,0.02907848358154297,0.008991800248622894,498,56,0.8875502008032129,33,4
50,H,3,integrated_gradients,0.9,match_ig_baseline,scientific,-0.06269896030426025,-0.08551031351089478,-0.06756563484668732,-0.029461706057190895,0.03323725424706936,0.05604860745370388,0.03810392878949642,0.02281135320663452,0.004866674542427063,0.02281135320663452,0.004866674542427063,498,56,0.8875502008032129,33,4
50,H,4,gnnexplainer,0.9,match_ig_baseline,scientific,-0.05592544749379158,-0.037817537784576416,-0.11018036305904388,-0.08866342157125473,0.03273797407746315,0.050845883786678314,0.021516941487789154,0.018107909709215164,0.054254915565252304,0.018107909709215164,-0.011221032589673996,498,56,0.8875502008032129,33,4
50,H,4,integrated_gradients,0.9,match_ig_baseline,scientific,-0.05592544749379158,-0.07857794314622879,-0.06999252736568451,-0.08866342157125473,0.03273797407746315,0.01008547842502594,0.01867089420557022,0.02265249565243721,0.014067079871892929,-0.02265249565243721,-0.014067079871892929,498,56,0.8875502008032129,33,4
50,H,5,gnnexplainer,0.9,match_ig_baseline,scientific,-0.08462868630886078,-0.15348026156425476,-0.037464793771505356,-0.06410186737775803,0.020526818931102753,0.08937839418649673,0.02663707360625267,0.06885157525539398,0.04716389253735542,0.06885157525539398,0.006110254675149918,498,56,0.8875502008032129,33,4
50,H,5,integrated_gradients,0.9,match_ig_baseline,scientific,-0.08462868630886078,-0.08237984776496887,-0.06910383701324463,-0.06410186737775803,0.020526818931102753,0.018277980387210846,0.005001969635486603,0.0022488385438919067,0.01552484929561615,-0.0022488385438919067,-0.01552484929561615,498,56,0.8875502008032129,33,4
50,H,6,gnnexplainer,0.9,match_ig_baseline,scientific,-0.33054494857788086,-0.13726267218589783,-0.3464440703392029,-0.3011716902256012,0.029373258352279663,0.16390901803970337,0.045272380113601685,0.19328227639198303,0.01589912176132202,0.1345357596874237,0.01589912176132202,498,56,0.8875502008032129,33,4
50,H,6,integrated_gradients,0.9,match_ig_baseline,scientific,-0.33054494857788086,-0.14385774731636047,-0.2480892539024353,-0.3011716902256012,0.029373258352279663,0.15731394290924072,0.053082436323165894,0.18668720126152039,0.08245569467544556,0.12794068455696106,0.02370917797088623,498,56,0.8875502008032129,33,4
50,H,7,gnnexplainer,0.9,match_ig_baseline,scientific,-0.3257949948310852,-0.27706801891326904,-0.16935931146144867,-0.362988144159317,0.03719314932823181,0.08592012524604797,0.19362883269786835,0.04872697591781616,0.15643568336963654,0.04872697591781616,0.15643568336963654,498,56,0.8875502008032129,33,4
50,H,7,integrated_gradients,0.9,match_ig_baseline,scientific,-0.3257949948310852,-0.1898239254951477,-0.2357715368270874,-0.362988144159317,0.03719314932823181,0.1731642186641693,0.12721660733222961,0.1359710693359375,0.0900234580039978,0.1359710693359375,0.0900234580039978,498,56,0.8875502008032129,33,4
50,C,0,gnnexplainer,0.9,match_ig_baseline,scientific,-3.4731967449188232,-2.368520498275757,-5.439962863922119,-3.638505220413208,0.16530847549438477,1.2699847221374512,1.8014576435089111,1.1046762466430664,1.966766119003296,1.1046762466430664,1.6361491680145264,498,56,0.8875502008032129,39,4
50,C,0,integrated_gradients,0.9,match_ig_baseline,scientific,-3.4731967449188232,-5.285741329193115,-2.964488983154297,-3.638505220413208,0.16530847549438477,1.6472361087799072,0.6740162372589111,1.812544584274292,0.5087077617645264,1.4819276332855225,0.5087077617645264,498,56,0.8875502008032129,39,4
50,C,1,gnnexplainer,0.9,match_ig_baseline,scientific,-2.626781463623047,-3.5649847984313965,-4.000155925750732,-2.7032065391540527,0.07642507553100586,0.8617782592773438,1.2969493865966797,0.9382033348083496,1.3733744621276855,0.7853531837463379,1.2205243110656738,498,56,0.8875502008032129,39,4
50,C,1,integrated_gradients,0.9,match_ig_baseline,scientific,-2.626781463623047,-4.757842063903809,-2.410928964614868,-2.7032065391540527,0.07642507553100586,2.054635524749756,0.29227757453918457,2.1310606002807617,0.2158524990081787,1.97821044921875,0.2158524990081787,498,56,0.8875502008032129,39,4
50,C,2,gnnexplainer,0.9,match_ig_baseline,scientific,-2.6187326908111572,-2.0013201236724854,-4.8515543937683105,-3.0836172103881836,0.46488451957702637,1.0822970867156982,1.767937183380127,0.6174125671386719,2.2328217029571533,0.6174125671386719,1.3030526638031006,498,56,0.8875502008032129,39,4
50,C,2,integrated_gradients,0.9,match_ig_baseline,scientific,-2.6187326908111572,-5.185883045196533,-2.227304697036743,-3.0836172103881836,0.46488451957702637,2.1022658348083496,0.8563125133514404,2.567150354385376,0.39142799377441406,1.6373813152313232,0.39142799377441406,498,56,0.8875502008032129,39,4
50,C,3,gnnexplainer,0.9,match_ig_baseline,scientific,-12.352452278137207,-10.246712684631348,-6.213968276977539,-11.829119682312012,0.5233325958251953,1.582406997680664,5.615151405334473,2.1057395935058594,6.138484001159668,1.0590744018554688,5.091818809509277,498,56,0.8875502008032129,39,4
50,C,3,integrated_gradients,0.9,match_ig_baseline,scientific,-12.352452278137207,-4.416279315948486,-10.657849311828613,-11.829119682312012,0.5233325958251953,7.412840366363525,1.1712703704833984,7.936172962188721,1.6946029663085938,6.88950777053833,0.6479377746582031,498,56,0.8875502008032129,39,4
50,C,4,gnnexplainer,0.9,match_ig_baseline,scientific,-12.56570053100586,-10.470151901245117,-5.650435924530029,-12.671215057373047,0.1055145263671875,2.2010631561279297,7.020779132843018,2.095548629760742,6.91526460647583,2.095548629760742,6.91526460647583,498,56,0.8875502008032129,39,4
50,C,4,integrated_gradients,0.9,match_ig_baseline,scientific,-12.56570053100586,-6.084593296051025,-9.508454322814941,-12.671215057373047,0.1055145263671875,6.5866217613220215,3.1627607345581055,6.481107234954834,3.057246208190918,6.481107234954834,3.057246208190918,498,56,0.8875502008032129,39,4
50,C,5,gnnexplainer,0.9,match_ig_baseline,scientific,-1.2540905475616455,-2.4355547428131104,-2.150700569152832,-1.9315294027328491,0.6774388551712036,0.5040253400802612,0.2191711664199829,1.1814641952514648,0.8966100215911865,-0.17341351509094238,-0.4582676887512207,498,56,0.8875502008032129,39,4
50,C,5,integrated_gradients,0.9,match_ig_baseline,scientific,-1.2540905475616455,-3.3845248222351074,-1.6656891107559204,-1.9315294027328491,0.6774388551712036,1.4529954195022583,0.2658402919769287,2.130434274673462,0.4115985631942749,0.7755565643310547,-0.4115985631942749,498,56,0.8875502008032129,39,4
170,H,0,gnnexplainer,0.9,match_ig_baseline,scientific,-0.08065252006053925,-0.07977720350027084,-0.029205746948719025,-0.026961499825119972,0.05369102023541927,0.05281570367515087,0.0022442471235990524,0.0008753165602684021,0.05144677311182022,-0.0008753165602684021,-0.05144677311182022,662,76,0.8851963746223565,33,4
170,H,0,integrated_gradients,0.9,match_ig_baseline,scientific,-0.08065252006053925,-0.049677543342113495,-0.08204483240842819,-0.026961499825119972,0.05369102023541927,0.022716043516993523,0.05508333258330822,0.03097497671842575,0.0013923123478889465,-0.03097497671842575,0.0013923123478889465,662,76,0.8851963746223565,33,4
170,H,1,gnnexplainer,0.9,match_ig_baseline,scientific,-0.08064423501491547,-0.08441058546304703,-0.04130373150110245,-0.027961499989032745,0.05268273502588272,0.05644908547401428,0.013342231512069702,0.0037663504481315613,0.03934050351381302,0.0037663504481315613,-0.03934050351381302,662,76,0.8851963746223565,33,4
170,H,1,integrated_gradients,0.9,match_ig_baseline,scientific,-0.08064423501491547,-0.04967976734042168,-0.0820382684469223,-0.027961499989032745,0.05268273502588272,0.02171826735138893,0.05407676845788956,0.03096446767449379,0.001394033432006836,-0.03096446767449379,0.001394033432006836,662,76,0.8851963746223565,33,4
170,H,2,gnnexplainer,0.9,match_ig_baseline,scientific,-0.08063553273677826,-0.087226502597332,-0.036685142666101456,-0.027961499989032745,0.052674032747745514,0.059265002608299255,0.00872364267706871,0.0065909698605537415,0.043950390070676804,0.0065909698605537415,-0.043950390070676804,662,76,0.8851963746223565,33,4
170,H,2,integrated_gradients,0.9,match_ig_baseline,scientific,-0.08063553273677826,-0.049670856446027756,-0.08204135298728943,-0.027961499989032745,0.052674032747745514,0.02170935645699501,0.05407985299825668,0.030964676290750504,0.0014058202505111694,-0.030964676290750504,0.0014058202505111694,662,76,0.8851963746223565,33,4
170,H,3,gnnexplainer,0.9,match_ig_baseline,scientific,-0.08062697947025299,-0.09020131826400757,-0.030062947422266006,-0.026961499825119972,0.05366547964513302,0.0632398184388876,0.0031014475971460342,0.009574338793754578,0.050564032047986984,0.009574338793754578,-0.050564032047986984,662,76,0.8851963746223565,33,4
170,H,3,integrated_gradients,0.9,match_ig_baseline,scientific,-0.08062697947025299,-0.049673933535814285,-0.0820336788892746,-0.026961499825119972,0.05366547964513302,0.022712433710694313,0.055072179064154625,0.030953045934438705,0.0014066994190216064,-0.030953045934438705,0.0014066994190216064,662,76,0.8851963746223565,33,4
170,H,4,gnnexplainer,0.9,match_ig_baseline,scientific,-0.07791470736265182,-0.09088627994060516,-0.040124330669641495,-0.027961499989032745,0.04995320737361908,0.06292477995157242,0.01216283068060875,0.012971572577953339,0.03779037669301033,0.012971572577953339,-0.03779037669301033,662,76,0.8851963746223565,33,4
170,H,4,integrated_gradients,0.9,match_ig_baseline,scientific,-0.07791470736265182,-0.062606081366539,-0.07012290507555008,-0.027961499989032745,0.04995320737361908,0.034644581377506256,0.042161405086517334,0.015308625996112823,0.007791802287101746,-0.015308625996112823,-0.007791802287101746,662,76,0.8851963746223565,33,4
170,H,5,gnnexplainer,0.9,match_ig_baseline,scientific,-0.07790467888116837,-0.09027436375617981,-0.026279792189598083,-0.026961499825119972,0.05094317905604839,0.06331286393105984,0.0006817076355218887,0.012369684875011444,0.05162488669157028,0.012369684875011444,-0.050261471420526505,662,76,0.8851963746223565,33,4
170,H,5,integrated_gradients,0.9,match_ig_baseline,scientific,-0.07790467888116837,-0.06260545551776886,-0.07011695206165314,-0.026961499825119972,0.05094317905604839,0.03564395569264889,0.043155452236533165,0.015299223363399506,0.007787726819515228,-0.015299223363399506,-0.007787726819515228,662,76,0.8851963746223565,33,4
170,H,6,gnnexplainer,0.9,match_ig_baseline,scientific,-0.07790350168943405,-0.0838385820388794,-0.03478038311004639,-0.026961499825119972,0.05094200186431408,0.05687708221375942,0.007818883284926414,0.005935080349445343,0.043123118579387665,0.005935080349445343,-0.043123118579387665,662,76,0.8851963746223565,33,4
170,H,6,integrated_gradients,0.9,match_ig_baseline,scientific,-0.07790350168943405,-0.06259891390800476,-0.07013893127441406,-0.026961499825119972,0.05094200186431408,0.03563741408288479,0.04317743144929409,0.01530458778142929,0.007764570415019989,-0.01530458778142929,-0.007764570415019989,662,76,0.8851963746223565,33,4
170,H,7,gnnexplainer,0.9,match_ig_baseline,scientific,-0.07790827751159668,-0.0763169676065445,-0.03460410609841347,-0.02896150015294552,0.04894677735865116,0.047355467453598976,0.005642605945467949,0.001591309905052185,0.04330417141318321,-0.001591309905052185,-0.04330417141318321,662,76,0.8851963746223565,33,4
170,H,7,integrated_gradients,0.9,match_ig_baseline,scientific,-0.07790827751159668,-0.0626087561249733,-0.07013893127441406,-0.02896150015294552,0.04894677735865116,0.03364725597202778,0.041177431121468544,0.015299521386623383,0.007769346237182617,-0.015299521386623383,-0.007769346237182617,662,76,0.8851963746223565,33,4
170,H,8,gnnexplainer,0.9,match_ig_baseline,scientific,-0.07964935898780823,-0.10408399254083633,-0.03948009014129639,-0.02691764011979103,0.0527317188680172,0.0771663524210453,0.012562450021505356,0.024434633553028107,0.04016926884651184,0.024434633553028107,-0.04016926884651184,662,76,0.8851963746223565,33,4
170,H,8,integrated_gradients,0.9,match_ig_baseline,scientific,-0.07964935898780823,-0.04905743896961212,-0.08300387859344482,-0.02691764011979103,0.0527317188680172,0.02213979884982109,0.05608623847365379,0.030591920018196106,0.0033545196056365967,-0.030591920018196106,0.0033545196056365967,662,76,0.8851963746223565,33,4
170,H,9,gnnexplainer,0.9,match_ig_baseline,scientific,-0.0796414166688919,-0.07153792679309845,-0.027418438345193863,-0.025917639955878258,0.05372377671301365,0.04562028683722019,0.0015007983893156052,0.008103489875793457,0.052222978323698044,-0.008103489875793457,-0.052222978323698044,662,76,0.8851963746223565,33,4
170,H,9,integrated_gradients,0.9,match_ig_baseline,scientific,-0.0796414166688919,-0.04905160143971443,-0.08300662040710449,-0.025917639955878258,0.05372377671301365,0.023133961483836174,0.057088980451226234,0.030589815229177475,0.0033652037382125854,-0.030589815229177475,0.0033652037382125854,662,76,0.8851963746223565,33,4
170,H,10,gnnexplainer,0.9,match_ig_baseline,scientific,-0.07964157313108444,-0.08849209547042847,-0.03620107099413872,-0.025917639955878258,0.053723933175206184,0.06257445551455021,0.01028343103826046,0.008850522339344025,0.043440502136945724,0.008850522339344025,-0.043440502136945724,662,76,0.8851963746223565,33,4
170,H,10,integrated_gradients,0.9,match_ig_baseline,scientific,-0.07964157313108444,-0.049057260155677795,-0.08299937844276428,-0.025917639955878258,0.053723933175206184,0.023139620199799538,0.057081738486886024,0.030584312975406647,0.00335780531167984,-0.030584312975406647,0.00335780531167984,662,76,0.8851963746223565,33,4
170,H,11,gnnexplainer,0.9,match_ig_baseline,scientific,-0.07965811342000961,-0.08088244497776031,-0.039406917989254,-0.02896150015294552,0.050696613267064095,0.051920944824814796,0.01044541783630848,0.001224331557750702,0.040251195430755615,0.001224331557750702,-0.040251195430755615,662,76,0.8851963746223565,33,4
170,H,11,integrated_gradients,0.9,match_ig_baseline,scientific,-0.07965811342000961,-0.04905925318598747,-0.08300995826721191,-0.02896150015294552,0.050696613267064095,0.020097753033041954,0.054048458114266396,0.03059886023402214,0.003351844847202301,-0.03059886023402214,0.003351844847202301,662,76,0.8851963746223565,33,4
170,C,0,gnnexplainer,0.9,match_ig_baseline,scientific,-2.0284276008605957,-2.4915781021118164,-2.632514715194702,-2.175614595413208,0.1471869945526123,0.3159635066986084,0.45690011978149414,0.4631505012512207,0.6040871143341064,0.1687765121459961,0.30971312522888184,662,76,0.8851963746223565,39,4
170,C,0,integrated_gradients,0.9,match_ig_baseline,scientific,-2.0284276008605957,-2.988494634628296,-2.280290126800537,-2.175614595413208,0.1471869945526123,0.8128800392150879,0.1046755313873291,0.9600670337677002,0.2518625259399414,0.6656930446624756,-0.0425114631652832,662,76,0.8851963746223565,39,4
170,C,1,gnnexplainer,0.9,match_ig_baseline,scientific,-2.0285582542419434,-2.6354002952575684,-3.404775619506836,-2.1761586666107178,0.14760041236877441,0.4592416286468506,1.2286169528961182,0.606842041015625,1.3762173652648926,0.31164121627807617,1.0810165405273438,662,76,0.8851963746223565,39,4
170,C,1,integrated_gradients,0.9,match_ig_baseline,scientific,-2.0285582542419434,-2.9884488582611084,-2.280299186706543,-2.1761586666107178,0.14760041236877441,0.8122901916503906,0.1041405200958252,0.959890604019165,0.2517409324645996,0.6646897792816162,-0.04345989227294922,662,76,0.8851963746223565,39,4
170,C,2,gnnexplainer,0.9,match_ig_baseline,scientific,-2.1927924156188965,-2.5056984424591064,-3.0763397216796875,-2.1926145553588867,0.00017786026000976562,0.3130838871002197,0.8837251663208008,0.31290602684020996,0.883547306060791,0.31290602684020996,0.883547306060791,662,76,0.8851963746223565,39,4
170,C,2,integrated_gradients,0.9,match_ig_baseline,scientific,-2.1927924156188965,-3.0428194999694824,-2.3000638484954834,-2.1926145553588867,0.00017786026000976562,0.8502049446105957,0.10744929313659668,0.8500270843505859,0.10727143287658691,0.8500270843505859,0.10727143287658691,662,76,0.8851963746223565,39,4
170,C,3,gnnexplainer,0.9,match_ig_baseline,scientific,-2.1926939487457275,-2.4331729412078857,-2.7428598403930664,-2.179614543914795,0.013079404830932617,0.2535583972930908,0.5632452964782715,0.2404789924621582,0.5501658916473389,0.2404789924621582,0.5501658916473389,662,76,0.8851963746223565,39,4
170,C,3,integrated_gradients,0.9,match_ig_baseline,scientific,-2.1926939487457275,-3.043990135192871,-2.285752773284912,-2.179614543914795,0.013079404830932617,0.8643755912780762,0.10613822937011719,0.8512961864471436,0.09305882453918457,0.8512961864471436,0.09305882453918457,662,76,0.8851963746223565,39,4
170,C,4,gnnexplainer,0.9,match_ig_baseline,scientific,-2.0527212619781494,-2.378098964691162,-2.8704628944396973,-2.1881580352783203,0.1354367733001709,0.1899409294128418,0.682304859161377,0.3253777027130127,0.8177416324615479,0.0545041561126709,0.546868085861206,662,76,0.8851963746223565,39,4
170,C,4,integrated_gradients,0.9,match_ig_baseline,scientific,-2.0527212619781494,-2.9876935482025146,-2.2810049057006836,-2.1881580352783203,0.1354367733001709,0.7995355129241943,0.09284687042236328,0.9349722862243652,0.22828364372253418,0.6640987396240234,-0.04258990287780762,662,76,0.8851963746223565,39,4
170,C,5,gnnexplainer,0.9,match_ig_baseline,scientific,-2.0526702404022217,-2.38724684715271,-2.591634511947632,-2.174614429473877,0.12194418907165527,0.212632417678833,0.4170200824737549,0.3345766067504883,0.5389642715454102,0.09068822860717773,0.2950758934020996,662,76,0.8851963746223565,39,4
170,C,5,integrated_gradients,0.9,match_ig_baseline,scientific,-2.0526702404022217,-2.9876654148101807,-2.2810769081115723,-2.174614429473877,0.12194418907165527,0.8130509853363037,0.10646247863769531,0.934995174407959,0.22840666770935059,0.6911067962646484,-0.015481710433959961,662,76,0.8851963746223565,39,4
270,H,0,gnnexplainer,0.9,match_ig_baseline,scientific,-0.06326740980148315,-0.15892663598060608,-0.0754251629114151,-0.04426804184913635,0.018999367952346802,0.11465859413146973,0.031157121062278748,0.09565922617912292,0.012157753109931946,0.09565922617912292,0.012157753109931946,370,42,0.8864864864864865,33,4
270,H,0,integrated_gradients,0.9,match_ig_baseline,scientific,-0.06326740980148315,-0.10057864338159561,-0.08269380033016205,-0.04426804184913635,0.018999367952346802,0.05631060153245926,0.038425758481025696,0.03731123358011246,0.019426390528678894,0.03731123358011246,0.019426390528678894,370,42,0.8864864864864865,33,4
270,H,1,gnnexplainer,0.9,match_ig_baseline,scientific,-0.06325238198041916,-0.12684839963912964,-0.09481970220804214,-0.04426804184913635,0.018984340131282806,0.08258035778999329,0.05055166035890579,0.06359601765871048,0.031567320227622986,0.06359601765871048,0.031567320227622986,370,42,0.8864864864864865,33,4
270,H,1,integrated_gradients,0.9,match_ig_baseline,scientific,-0.06325238198041916,-0.10057862848043442,-0.0826871320605278,-0.04426804184913635,0.018984340131282806,0.056310586631298065,0.03841909021139145,0.03732624650001526,0.019434750080108643,0.03732624650001526,0.019434750080108643,370,42,0.8864864864864865,33,4
270,H,2,gnnexplainer,0.9,match_ig_baseline,scientific,-0.11182482540607452,-0.09325668960809708,-0.11965607851743698,-0.1254609227180481,0.013636097311973572,0.03220423310995102,0.0058048442006111145,0.018568135797977448,0.007831253111362457,0.018568135797977448,-0.007831253111362457,370,42,0.8864864864864865,33,4
270,H,2,integrated_gradients,0.9,match_ig_baseline,scientific,-0.11182482540607452,-0.06485792249441147,-0.13679239153862,-0.1254609227180481,0.013636097311973572,0.06060300022363663,0.0113314688205719,0.046966902911663055,0.02496756613254547,0.046966902911663055,-0.0023046284914016724,370,42,0.8864864864864865,33,4
270,H,3,gnnexplainer,0.9,match_ig_baseline,scientific,-0.11181138455867767,-0.0782531276345253,-0.16116607189178467,-0.12491703033447266,0.013105645775794983,0.04666390269994736,0.03624904155731201,0.033558256924152374,0.049354687333106995,0.033558256924152374,0.02314339578151703,370,42,0.8864864864864865,33,4
270,H,3,integrated_gradients,0.9,match_ig_baseline,scientific,-0.11181138455867767,-0.060988347977399826,-0.14426743984222412,-0.12491703033447266,0.013105645775794983,0.06392868235707283,0.019350409507751465,0.05082303658127785,0.03245605528354645,0.05082303658127785,0.006244763731956482,370,42,0.8864864864864865,33,4
270,H,4,gnnexplainer,0.9,match_ig_baseline,scientific,-0.11182227730751038,-0.07915303111076355,-0.12504985928535461,-0.12646092474460602,0.014638647437095642,0.04730789363384247,0.0014110654592514038,0.032669246196746826,0.013227581977844238,0.032669246196746826,-0.013227581977844238,370,42,0.8864864864864865,33,4
270,H,4,integrated_gradients,0.9,match_ig_baseline,scientific,-0.11182227730751038,-0.06485741585493088,-0.13679280877113342,-0.12646092474460602,0.014638647437095642,0.06160350888967514,0.010331884026527405,0.0469648614525795,0.024970531463623047,0.0469648614525795,-0.004306763410568237,370,42,0.8864864864864865,33,4
270,H,5,gnnexplainer,0.9,match_ig_baseline,scientific,-0.11181676387786865,-0.05229661986231804,-0.16265136003494263,-0.12591703236103058,0.014100268483161926,0.07362041249871254,0.03673432767391205,0.05952014401555061,0.050834596157073975,0.05952014401555061,0.022634059190750122,370,42,0.8864864864864865,33,4
270,H,5,integrated_gradients,0.9,match_ig_baseline,scientific,-0.11181676387786865,-0.06098824739456177,-0.14427371323108673,-0.12591703236103058,0.014100268483161926,0.06492878496646881,0.018356680870056152,0.050828516483306885,0.03245694935321808,0.050828516483306885,0.004256412386894226,370,42,0.8864864864864865,33,4
270,C,0,gnnexplainer,0.9,match_ig_baseline,scientific,-0.8327508568763733,-3.5061912536621094,-2.3399953842163086,-0.4850490391254425,0.3477018177509308,3.021142214536667,1.854946345090866,2.673440396785736,1.5072445273399353,2.673440396785736,1.5072445273399353,370,42,0.8864864864864865,39,4
270,C,0,integrated_gradients,0.9,match_ig_baseline,scientific,-0.8327508568763733,-3.9975576400756836,-0.8465574383735657,-0.4850490391254425,0.3477018177509308,3.512508600950241,0.36150839924812317,3.1648067831993103,0.013806581497192383,3.1648067831993103,0.013806581497192383,370,42,0.8864864864864865,39,4
270,C,1,gnnexplainer,0.9,match_ig_baseline,scientific,-3.084488868713379,-3.2441420555114746,-3.2727041244506836,-2.464503288269043,0.6199855804443359,0.7796387672424316,0.8082008361816406,0.1596531867980957,0.1882152557373047,0.1596531867980957,0.1882152557373047,370,42,0.8864864864864865,39,4
270,C,1,integrated_gradients,0.9,match_ig_baseline,scientific,-3.084488868713379,-4.374525547027588,-2.7657480239868164,-2.464503288269043,0.6199855804443359,1.910022258758545,0.30124473571777344,1.290036678314209,0.3187408447265625,1.290036678314209,-0.3187408447265625,370,42,0.8864864864864865,39,4
270,C,2,gnnexplainer,0.9,match_ig_baseline,scientific,-14.785540580749512,-9.042632102966309,-8.849803924560547,-16.523923873901367,1.7383832931518555,7.481291770935059,7.67411994934082,5.742908477783203,5.935736656188965,5.742908477783203,5.935736656188965,370,42,0.8864864864864865,39,4
270,C,2,integrated_gradients,0.9,match_ig_baseline,scientific,-14.785540580749512,-6.252647876739502,-13.328643798828125,-16.523923873901367,1.7383832931518555,10.271275997161865,3.195280075073242,8.53289270401001,1.4568967819213867,8.53289270401001,1.4568967819213867,370,42,0.8864864864864865,39,4
270,C,3,gnnexplainer,0.9,match_ig_baseline,scientific,-3.084531784057617,-3.981032133102417,-3.3387057781219482,-2.4825034141540527,0.6020283699035645,1.4985287189483643,0.8562023639678955,0.8965003490447998,0.25417399406433105,0.8965003490447998,0.25417399406433105,370,42,0.8864864864864865,39,4
270,C,3,integrated_gradients,0.9,match_ig_baseline,scientific,-3.084531784057617,-4.374575138092041,-2.76580810546875,-2.4825034141540527,0.6020283699035645,1.8920717239379883,0.28330469131469727,1.2900433540344238,0.3187236785888672,1.2900433540344238,-0.3187236785888672,370,42,0.8864864864864865,39,4
330,H,0,gnnexplainer,0.9,match_ig_baseline,scientific,-0.05332114174962044,-0.06546850502490997,-0.052504003047943115,-0.03665326535701752,0.01666787639260292,0.028815239667892456,0.015850737690925598,0.012147363275289536,0.0008171387016773224,0.012147363275289536,-0.0008171387016773224,380,44,0.8842105263157894,33,4
330,H,0,integrated_gradients,0.9,match_ig_baseline,scientific,-0.05332114174962044,-0.056250475347042084,-0.06916153430938721,-0.03665326535701752,0.01666787639260292,0.019597209990024567,0.03250826895236969,0.002929333597421646,0.01584039255976677,0.002929333597421646,0.01584039255976677,380,44,0.8842105263157894,33,4
330,H,1,gnnexplainer,0.9,match_ig_baseline,scientific,-0.04627763852477074,-0.05021097511053085,-0.03711586073040962,-0.05347871407866478,0.007201075553894043,0.0032677389681339264,0.016362853348255157,0.003933336585760117,0.009161777794361115,-0.003933336585760117,0.009161777794361115,380,44,0.8842105263157894,33,4
330,H,1,integrated_gradients,0.9,match_ig_baseline,scientific,-0.04627763852477074,-0.04989945515990257,-0.06899399310350418,-0.05347871407866478,0.007201075553894043,0.003579258918762207,0.015515279024839401,0.003621816635131836,0.022716354578733444,-0.003621816635131836,0.008314203470945358,380,44,0.8842105263157894,33,4
330,H,2,gnnexplainer,0.9,match_ig_baseline,scientific,-0.04633069783449173,-0.06924781948328018,-0.03265161067247391,-0.052478715777397156,0.006148017942905426,0.016769103705883026,0.01982710510492325,0.022917121648788452,0.013679087162017822,0.0106210857629776,0.013679087162017822,380,44,0.8842105263157894,33,4
330,H,2,integrated_gradients,0.9,match_ig_baseline,scientific,-0.04633069783449173,-0.0473194383084774,-0.0700615718960762,-0.052478715777397156,0.006148017942905426,0.005159277468919754,0.017582856118679047,0.000988740473985672,0.023730874061584473,-0.000988740473985672,0.01143483817577362,380,44,0.8842105263157894,33,4
330,H,3,gnnexplainer,0.9,match_ig_baseline,scientific,-0.018737804144620895,-0.03192081302404404,-0.037563506513834,-0.028382685035467148,0.009644880890846252,0.003538127988576889,0.009180821478366852,0.013183008879423141,0.018825702369213104,-0.006106752902269363,-0.00046405941247940063,380,44,0.8842105263157894,33,4
330,H,3,integrated_gradients,0.9,match_ig_baseline,scientific,-0.018737804144620895,-0.04313834756612778,-0.03944093734025955,-0.028382685035467148,0.009644880890846252,0.01475566253066063,0.011058252304792404,0.02440054342150688,0.020703133195638657,0.005110781639814377,0.0014133714139461517,380,44,0.8842105263157894,33,4
330,H,4,gnnexplainer,0.9,match_ig_baseline,scientific,-0.01875194162130356,-0.03723929822444916,-0.029728278517723083,-0.02938268519937992,0.010630743578076363,0.007856613025069237,0.00034559331834316254,0.0184873566031456,0.010976336896419525,-0.002774130553007126,-0.0102851502597332,380,44,0.8842105263157894,33,4
330,H,4,integrated_gradients,0.9,match_ig_baseline,scientific,-0.01875194162130356,-0.02568019926548004,-0.05285309627652168,-0.02938268519937992,0.010630743578076363,0.0037024859338998795,0.023470411077141762,0.006928257644176483,0.034101154655218124,-0.006928257644176483,0.0128396674990654,380,44,0.8842105263157894,33,4
330,H,5,gnnexplainer,0.9,match_ig_baseline,scientific,-0.08483874797821045,-0.0903269499540329,-0.05819140002131462,-0.05086393281817436,0.03397481516003609,0.039463017135858536,0.007327467203140259,0.005488201975822449,0.026647347956895828,0.005488201975822449,-0.026647347956895828,380,44,0.8842105263157894,33,4
330,H,5,integrated_gradients,0.9,match_ig_baseline,scientific,-0.08483874797821045,-0.0672648474574089,-0.08835425972938538,-0.05086393281817436,0.03397481516003609,0.016400914639234543,0.037490326911211014,0.017573900520801544,0.0035155117511749268,-0.017573900520801544,0.0035155117511749268,380,44,0.8842105263157894,33,4
330,H,6,gnnexplainer,0.9,match_ig_baseline,scientific,-0.14934495091438293,-0.12041467428207397,-0.16486921906471252,-0.19063477218151093,0.04128982126712799,0.07022009789943695,0.0257655531167984,0.02893027663230896,0.01552426815032959,0.02893027663230896,-0.01552426815032959,380,44,0.8842105263157894,33,4
330,H,6,integrated_gradients,0.9,match_ig_baseline,scientific,-0.14934495091438293,-0.059834353625774384,-0.19998162984848022,-0.19063477218151093,0.04128982126712799,0.13080041855573654,0.0093468576669693,0.08951059728860855,0.05063667893409729,0.08951059728860855,-0.03194296360015869,380,44,0.8842105263157894,33,4
330,C,0,gnnexplainer,0.9,match_ig_baseline,scientific,-1.6009703874588013,-4.0164666175842285,-1.4616268873214722,-1.5042518377304077,0.09671854972839355,2.512214779853821,0.04262495040893555,2.4154962301254272,0.1393435001373291,2.4154962301254272,-0.05409359931945801,380,44,0.8842105263157894,39,4
330,C,0,integrated_gradients,0.9,match_ig_baseline,scientific,-1.6009703874588013,-4.240010738372803,-1.26246178150177,-1.5042518377304077,0.09671854972839355,2.735758900642395,0.2417900562286377,2.6390403509140015,0.33850860595703125,2.6390403509140015,0.14507150650024414,380,44,0.8842105263157894,39,4
330,C,1,gnnexplainer,0.9,match_ig_baseline,scientific,-1.3574010133743286,-2.7682580947875977,-1.54487943649292,-1.1874029636383057,0.16999804973602295,1.580855131149292,0.35747647285461426,1.410857081413269,0.1874784231185913,1.410857081413269,0.1874784231185913,380,44,0.8842105263157894,39,4
330,C,1,integrated_gradients,0.9,match_ig_baseline,scientific,-1.3574010133743286,-3.219503402709961,-1.341668725013733,-1.1874029636383057,0.16999804973602295,2.0321004390716553,0.15426576137542725,1.8621023893356323,0.015732288360595703,1.8621023893356323,-0.015732288360595703,380,44,0.8842105263157894,39,4
330,C,2,gnnexplainer,0.9,match_ig_baseline,scientific,-6.480936527252197,-3.719174385070801,-8.250191688537598,-7.547578811645508,1.0666422843933105,3.828404426574707,0.7026128768920898,2.7617621421813965,1.7692551612854004,2.7617621421813965,-0.3640294075012207,380,44,0.8842105263157894,39,4
330,C,2,integrated_gradients,0.9,match_ig_baseline,scientific,-6.480936527252197,-3.7158632278442383,-7.473966598510742,-7.547578811645508,1.0666422843933105,3.8317155838012695,0.07361221313476562,2.765073299407959,0.9930300712585449,2.765073299407959,-0.9930300712585449,380,44,0.8842105263157894,39,4
360,H,0,gnnexplainer,0.9,match_ig_baseline,scientific,-0.33236026763916016,-0.22015070915222168,-0.14672060310840607,-0.3191285729408264,0.01323169469833374,0.09897786378860474,0.17240796983242035,0.11220955848693848,0.1856396645307541,0.085746169090271,0.1591762751340866,436,50,0.8853211009174312,33,4
360,H,0,integrated_gradients,0.9,match_ig_baseline,scientific,-0.33236026763916016,-0.18089236319065094,-0.2281610369682312,-0.3191285729408264,0.01323169469833374,0.13823620975017548,0.09096753597259521,0.15146790444850922,0.10419923067092896,0.12500451505184174,0.07773584127426147,436,50,0.8853211009174312,33,4
360,H,1,gnnexplainer,0.9,match_ig_baseline,scientific,-0.342712938785553,-0.2537483870983124,-0.18075373768806458,-0.26153138279914856,0.08118155598640442,0.007782995700836182,0.08077764511108398,0.0889645516872406,0.1619592010974884,-0.07339856028556824,-0.00040391087532043457,436,50,0.8853211009174312,33,4
360,H,1,integrated_gradients,0.9,match_ig_baseline,scientific,-0.342712938785553,-0.21582016348838806,-0.2160177230834961,-0.26153138279914856,0.08118155598640442,0.0457112193107605,0.045513659715652466,0.12689277529716492,0.12669521570205688,-0.03547033667564392,-0.03566789627075195,436,50,0.8853211009174312,33,4
360,H,2,gnnexplainer,0.9,match_ig_baseline,scientific,-0.14684848487377167,-0.07446092367172241,-0.16615977883338928,-0.1154087483882904,0.03143973648548126,0.04094782471656799,0.05075103044509888,0.07238756120204926,0.019311293959617615,0.009508088231086731,0.019311293959617615,436,50,0.8853211009174312,33,4
360,H,2,integrated_gradients,0.9,match_ig_baseline,scientific,-0.14684848487377167,-0.10505493730306625,-0.08647215366363525,-0.1154087483882904,0.03143973648548126,0.010353811085224152,0.02893659472465515,0.041793547570705414,0.060376331210136414,-0.02108592540025711,-0.002503141760826111,436,50,0.8853211009174312,33,4
360,H,3,gnnexplainer,0.9,match_ig_baseline,scientific,-0.14511096477508545,-0.06506101787090302,-0.16926580667495728,-0.14733904600143433,0.002228081226348877,0.08227802813053131,0.02192676067352295,0.08004994690418243,0.024154841899871826,0.08004994690418243,0.019698679447174072,436,50,0.8853211009174312,33,4
360,H,3,integrated_gradients,0.9,match_ig_baseline,scientific,-0.14511096477508545,-0.08237674087285995,-0.10056377947330475,-0.14733904600143433,0.002228081226348877,0.06496230512857437,0.04677526652812958,0.0627342239022255,0.0445471853017807,0.0627342239022255,0.0445471853017807,436,50,0.8853211009174312,33,4
360,H,4,gnnexplainer,0.9,match_ig_baseline,scientific,-0.13666847348213196,-0.057731419801712036,-0.1281069964170456,-0.11875949054956436,0.017908982932567596,0.061028070747852325,0.009347505867481232,0.07893705368041992,0.008561477065086365,0.04311908781528473,-0.008561477065086365,436,50,0.8853211009174312,33,4
360,H,4,integrated_gradients,0.9,match_ig_baseline,scientific,-0.13666847348213196,-0.13348299264907837,-0.09125411510467529,-0.11875949054956436,0.017908982932567596,0.014723502099514008,0.02750537544488907,0.003185480833053589,0.045414358377456665,-0.003185480833053589,0.009596392512321472,436,50,0.8853211009174312,33,4
360,H,5,gnnexplainer,0.9,match_ig_baseline,scientific,-0.1832352876663208,-0.12399837374687195,-0.19505032896995544,-0.16926804184913635,0.013967245817184448,0.045269668102264404,0.025782287120819092,0.05923691391944885,0.011815041303634644,0.031302422285079956,0.011815041303634644,436,50,0.8853211009174312,33,4
360,H,5,integrated_gradients,0.9,match_ig_baseline,scientific,-0.1832352876663208,-0.11842823773622513,-0.16151514649391174,-0.16926804184913635,0.013967245817184448,0.050839804112911224,0.007752895355224609,0.06480704993009567,0.021720141172409058,0.036872558295726776,-0.006214350461959839,436,50,0.8853211009174312,33,4
360,H,6,gnnexplainer,0.9,match_ig_baseline,scientific,-0.17076992988586426,-0.11903578042984009,-0.1849175989627838,-0.20832136273384094,0.037551432847976685,0.08928558230400085,0.02340376377105713,0.05173414945602417,0.014147669076919556,0.05173414945602417,-0.014147669076919556,436,50,0.8853211009174312,33,4
360,H,6,integrated_gradients,0.9,match_ig_baseline,scientific,-0.17076992988586426,-0.12340526282787323,-0.15453195571899414,-0.20832136273384094,0.037551432847976685,0.08491609990596771,0.0537894070148468,0.04736466705799103,0.016237974166870117,0.04736466705799103,0.016237974166870117,436,50,0.8853211009174312,33,4
360,C,0,gnnexplainer,0.9,match_ig_baseline,scientific,-3.523756980895996,-3.3286643028259277,-5.228978633880615,-4.043220043182373,0.519463062286377,0.7145557403564453,1.1857585906982422,0.19509267807006836,1.7052216529846191,0.19509267807006836,0.6662955284118652,436,50,0.8853211009174312,39,4
360,C,0,integrated_gradients,0.9,match_ig_baseline,scientific,-3.523756980895996,-3.6438095569610596,-3.322924852371216,-4.043220043182373,0.519463062286377,0.3994104862213135,0.7202951908111572,0.12005257606506348,0.20083212852478027,-0.12005257606506348,0.20083212852478027,436,50,0.8853211009174312,39,4
360,C,1,gnnexplainer,0.9,match_ig_baseline,scientific,-14.09076976776123,-12.596945762634277,-5.827053546905518,-14.111479759216309,0.020709991455078125,1.5145339965820312,8.284426212310791,1.4938240051269531,8.263716220855713,1.4938240051269531,8.263716220855713,436,50,0.8853211009174312,39,4
360,C,1,integrated_gradients,0.9,match_ig_baseline,scientific,-14.09076976776123,-6.650863170623779,-10.286385536193848,-14.111479759216309,0.020709991455078125,7.460616588592529,3.825094223022461,7.439906597137451,3.804384231567383,7.439906597137451,3.804384231567383,436,50,0.8853211009174312,39,4
360,C,2,gnnexplainer,0.9,match_ig_baseline,scientific,-11.013855934143066,-9.610989570617676,-4.552720069885254,-9.470762252807617,1.5430936813354492,0.1402273178100586,4.918042182922363,1.4028663635253906,6.4611358642578125,-1.4028663635253906,3.374948501586914,436,50,0.8853211009174312,39,4
360,C,2,integrated_gradients,0.9,match_ig_baseline,scientific,-11.013855934143066,-6.732604503631592,-7.102644443511963,-9.470762252807617,1.5430936813354492,2.7381577491760254,2.3681178092956543,4.281251430511475,3.9112114906311035,1.1950640678405762,0.8250241279602051,436,50,0.8853211009174312,39,4
360,C,3,gnnexplainer,0.9,match_ig_baseline,scientific,-1.671934723854065,-2.7230045795440674,-1.9752459526062012,-1.504056692123413,0.16787803173065186,1.2189478874206543,0.4711892604827881,1.0510698556900024,0.30331122875213623,1.0510698556900024,0.30331122875213623,436,50,0.8853211009174312,39,4
360,C,3,integrated_gradients,0.9,match_ig_baseline,scientific,-1.671934723854065,-3.8250551223754883,-1.2388575077056885,-1.504056692123413,0.16787803173065186,2.320998430252075,0.2651991844177246,2.1531203985214233,0.43307721614837646,2.1531203985214233,0.09732115268707275,436,50,0.8853211009174312,39,4
380,H,0,gnnexplainer,0.9,match_ig_baseline,scientific,-0.13993945717811584,-0.030070975422859192,-0.12720000743865967,-0.11915438622236252,0.020785070955753326,0.08908341079950333,0.00804562121629715,0.10986848175525665,0.012739449739456177,0.06829833984375,-0.012739449739456177,436,50,0.8853211009174312,33,4
380,H,0,integrated_gradients,0.9,match_ig_baseline,scientific,-0.13993945717811584,-0.06801440566778183,-0.13305175304412842,-0.11915438622236252,0.020785070955753326,0.05113998055458069,0.0138973668217659,0.07192505151033401,0.006887704133987427,0.030354909598827362,-0.006887704133987427,436,50,0.8853211009174312,33,4
380,H,1,gnnexplainer,0.9,match_ig_baseline,scientific,-0.13264447450637817,-0.12930724024772644,-0.11816921085119247,-0.1529437154531479,0.020299240946769714,0.023636475205421448,0.034774504601955414,0.0033372342586517334,0.0144752636551857,0.0033372342586517334,0.0144752636551857,436,50,0.8853211009174312,33,4
380,H,1,integrated_gradients,0.9,match_ig_baseline,scientific,-0.13264447450637817,-0.05226260423660278,-0.1617966592311859,-0.1529437154531479,0.020299240946769714,0.1006811112165451,0.008852943778038025,0.08038187026977539,0.02915218472480774,0.08038187026977539,-0.01144629716873169,436,50,0.8853211009174312,33,4
380,H,2,gnnexplainer,0.9,match_ig_baseline,scientific,-0.13482002913951874,-0.029522843658924103,-0.16017445921897888,-0.11749634146690369,0.01732368767261505,0.08797349780797958,0.042678117752075195,0.10529718548059464,0.025354430079460144,0.07064981013536453,0.025354430079460144,436,50,0.8853211009174312,33,4
380,H,2,integrated_gradients,0.9,match_ig_baseline,scientific,-0.13482002913951874,-0.051367178559303284,-0.12893939018249512,-0.11749634146690369,0.01732368767261505,0.0661291629076004,0.01144304871559143,0.08345285058021545,0.005880638957023621,0.04880547523498535,-0.005880638957023621,436,50,0.8853211009174312,33,4
380,H,3,gnnexplainer,0.9,match_ig_baseline,scientific,-0.1763220578432083,-0.1296294629573822,-0.18041136860847473,-0.2253120243549347,0.04898996651172638,0.09568256139755249,0.04490065574645996,0.04669259488582611,0.0040893107652664185,0.04669259488582611,-0.0040893107652664185,436,50,0.8853211009174312,33,4
380,H,3,integrated_gradients,0.9,match_ig_baseline,scientific,-0.1763220578432083,-0.07149891555309296,-0.1826649159193039,-0.2253120243549347,0.04898996651172638,0.15381310880184174,0.0426471084356308,0.10482314229011536,0.006342858076095581,0.10482314229011536,-0.006342858076095581,436,50,0.8853211009174312,33,4
380,H,4,gnnexplainer,0.9,match_ig_baseline,scientific,-0.17767122387886047,-0.15582236647605896,-0.1465967893600464,-0.19009250402450562,0.012421280145645142,0.034270137548446655,0.04349571466445923,0.021848857402801514,0.031074434518814087,0.021848857402801514,0.031074434518814087,436,50,0.8853211009174312,33,4
380,H,4,integrated_gradients,0.9,match_ig_baseline,scientific,-0.17767122387886047,-0.07458960264921188,-0.1813148856163025,-0.19009250402450562,0.012421280145645142,0.11550290137529373,0.008777618408203125,0.10308162122964859,0.0036436617374420166,0.10308162122964859,-0.0036436617374420166,436,50,0.8853211009174312,33,4
380,H,5,gnnexplainer,0.9,match_ig_baseline,scientific,-0.019281115382909775,-0.04680158942937851,-0.05862312763929367,0.054915860295295715,0.07419697567820549,0.10171744972467422,0.11353898793458939,0.027520474046468735,0.039342012256383896,0.027520474046468735,0.039342012256383896,436,50,0.8853211009174312,33,4
380,H,5,integrated_gradients,0.9,match_ig_baseline,scientific,-0.019281115382909775,-0.07492119073867798,-0.022779181599617004,0.054915860295295715,0.07419697567820549,0.1298370510339737,0.07769504189491272,0.055640075355768204,0.0034980662167072296,0.055640075355768204,0.0034980662167072296,436,50,0.8853211009174312,33,4
380,H,6,gnnexplainer,0.9,match_ig_baseline,scientific,-0.02779546007514,-0.04899415373802185,-0.058747850358486176,-0.026584316045045853,0.0012111440300941467,0.022409837692975998,0.03216353431344032,0.02119869366288185,0.030952390283346176,0.02119869366288185,0.030952390283346176,436,50,0.8853211009174312,33,4
380,H,6,integrated_gradients,0.9,match_ig_baseline,scientific,-0.02779546007514,-0.07979864627122879,-0.03684007748961449,-0.026584316045045853,0.0012111440300941467,0.05321433022618294,0.010255761444568634,0.05200318619608879,0.009044617414474487,0.05200318619608879,0.009044617414474487,436,50,0.8853211009174312,33,4
380,H,7,gnnexplainer,0.9,match_ig_baseline,scientific,-0.025298241525888443,-0.04803978279232979,-0.060821011662483215,-0.0037771498318761587,0.021521091694012284,0.04426263296045363,0.05704386183060706,0.022741541266441345,0.03552277013659477,0.022741541266441345,0.03552277013659477,436,50,0.8853211009174312,33,4
380,H,7,integrated_gradients,0.9,match_ig_baseline,scientific,-0.025298241525888443,-0.07223032414913177,-0.03995665907859802,-0.0037771498318761587,0.021521091694012284,0.06845317431725562,0.036179509246721864,0.04693208262324333,0.01465841755270958,0.04693208262324333,0.01465841755270958,436,50,0.8853211009174312,33,4
380,C,0,gnnexplainer,0.9,match_ig_baseline,scientific,-0.011481314897537231,-0.9136583209037781,-1.5908983945846558,0.17328409850597382,0.18476541340351105,1.086942419409752,1.7641824930906296,0.9021770060062408,1.5794170796871185,0.9021770060062408,1.5794170796871185,436,50,0.8853211009174312,39,4
380,C,0,integrated_gradients,0.9,match_ig_baseline,scientific,-0.011481314897537231,-3.8385534286499023,0.017699316143989563,0.17328409850597382,0.18476541340351105,4.011837527155876,0.15558478236198425,3.827072113752365,0.029180631041526794,3.827072113752365,-0.029180631041526794,436,50,0.8853211009174312,39,4
380,C,1,gnnexplainer,0.9,match_ig_baseline,scientific,-2.963667631149292,-2.2253174781799316,-3.9169468879699707,-2.9316675662994385,0.032000064849853516,0.7063500881195068,0.9852793216705322,0.7383501529693604,0.9532792568206787,0.6743500232696533,0.9532792568206787,436,50,0.8853211009174312,39,4
380,C,1,integrated_gradients,0.9,match_ig_baseline,scientific,-2.963667631149292,-3.7518019676208496,-2.8556339740753174,-2.9316675662994385,0.032000064849853516,0.8201344013214111,0.0760335922241211,0.7881343364715576,0.10803365707397461,0.7881343364715576,0.04403352737426758,436,50,0.8853211009174312,39,4
380,C,2,gnnexplainer,0.9,match_ig_baseline,scientific,-15.949727058410645,-6.44362211227417,-16.358970642089844,-16.425132751464844,0.4754056930541992,9.981510639190674,0.066162109375,9.506104946136475,0.4092435836791992,9.506104946136475,-0.4092435836791992,436,50,0.8853211009174312,39,4
380,C,2,integrated_gradients,0.9,match_ig_baseline,scientific,-15.949727058410645,-5.848215579986572,-13.859646797180176,-16.425132751464844,0.4754056930541992,10.576917171478271,2.565485954284668,10.101511478424072,2.0900802612304688,10.101511478424072,2.0900802612304688,436,50,0.8853211009174312,39,4
380,C,3,gnnexplainer,0.9,match_ig_baseline,scientific,-1.695212483406067,-2.519277572631836,-3.2603306770324707,-1.3898565769195557,0.30535590648651123,1.1294209957122803,1.870474100112915,0.824065089225769,1.5651181936264038,0.824065089225769,1.5651181936264038,436,50,0.8853211009174312,39,4
380,C,3,integrated_gradients,0.9,match_ig_baseline,scientific,-1.695212483406067,-3.4032585620880127,-1.8212908506393433,-1.3898565769195557,0.30535590648651123,2.013401985168457,0.4314342737197876,1.7080460786819458,0.12607836723327637,1.7080460786819458,0.12607836723327637,436,50,0.8853211009174312,39,4
450,H,0,gnnexplainer,0.9,match_ig_baseline,scientific,-0.04355114698410034,-0.0922839492559433,-0.017771415412425995,0.03275012969970703,0.07630127668380737,0.12503407895565033,0.050521545112133026,0.04873280227184296,0.025779731571674347,0.04873280227184296,-0.025779731571674347,457,52,0.886214442013129,33,4
450,H,0,integrated_gradients,0.9,match_ig_baseline,scientific,-0.04355114698410034,-0.0780843049287796,-0.08708000928163528,0.03275012969970703,0.07630127668380737,0.11083443462848663,0.11983013898134232,0.03453315794467926,0.04352886229753494,0.03453315794467926,0.04352886229753494,457,52,0.886214442013129,33,4
450,H,1,gnnexplainer,0.9,match_ig_baseline,scientific,-0.06927318125963211,-0.08096268773078918,-0.0900404155254364,-0.0715140700340271,0.002240888774394989,0.009448617696762085,0.018526345491409302,0.011689506471157074,0.02076723426580429,0.007207728922367096,0.016285456717014313,457,52,0.886214442013129,33,4
450,H,1,integrated_gradients,0.9,match_ig_baseline,scientific,-0.06927318125963211,-0.08184941112995148,-0.0900212824344635,-0.0715140700340271,0.002240888774394989,0.010335341095924377,0.0185072124004364,0.012576229870319366,0.02074810117483139,0.008094452321529388,0.016266323626041412,457,52,0.886214442013129,33,4
450,H,2,gnnexplainer,0.9,match_ig_baseline,scientific,-0.06935058534145355,-0.04129410162568092,-0.1390378773212433,-0.07355805486440659,0.0042074695229530334,0.03226395323872566,0.0654798224568367,0.02805648371577263,0.06968729197978973,0.02805648371577263,0.06127235293388367,457,52,0.886214442013129,33,4
450,H,2,integrated_gradients,0.9,match_ig_baseline,scientific,-0.06935058534145355,-0.08459486067295074,-0.08798965811729431,-0.07355805486440659,0.0042074695229530334,0.011036805808544159,0.014431603252887726,0.015244275331497192,0.01863907277584076,0.0068293362855911255,0.010224133729934692,457,52,0.886214442013129,33,4
450,H,3,gnnexplainer,0.9,match_ig_baseline,scientific,-0.14339891076087952,-0.07527217268943787,-0.10165169835090637,-0.23171529173851013,0.08831638097763062,0.15644311904907227,0.13006359338760376,0.06812673807144165,0.041747212409973145,0.06812673807144165,0.041747212409973145,457,52,0.886214442013129,33,4
450,H,3,integrated_gradients,0.9,match_ig_baseline,scientific,-0.14339891076087952,-0.1001371517777443,-0.09138152003288269,-0.23171529173851013,0.08831638097763062,0.13157813996076584,0.14033377170562744,0.04326175898313522,0.052017390727996826,0.04326175898313522,0.052017390727996826,457,52,0.886214442013129,33,4
450,C,0,gnnexplainer,0.9,match_ig_baseline,scientific,-5.920004844665527,-4.087152004241943,-8.659302711486816,-7.761427879333496,1.8414230346679688,3.6742758750915527,0.8978748321533203,1.832852840423584,2.739297866821289,1.832852840423584,-0.9435482025146484,457,52,0.886214442013129,39,4
450,C,0,integrated_gradients,0.9,match_ig_baseline,scientific,-5.920004844665527,-4.584794998168945,-5.680674076080322,-7.761427879333496,1.8414230346679688,3.176632881164551,2.080753803253174,1.335209846496582,0.23933076858520508,1.335209846496582,0.23933076858520508,457,52,0.886214442013129,39,4
450,C,1,gnnexplainer,0.9,match_ig_baseline,scientific,-8.008285522460938,-5.660468101501465,-6.01365327835083,-9.08093547821045,1.0726499557495117,3.4204673767089844,3.067282199859619,2.3478174209594727,1.9946322441101074,2.3478174209594727,1.9946322441101074,457,52,0.886214442013129,39,4
450,C,1,integrated_gradients,0.9,match_ig_baseline,scientific,-8.008285522460938,-2.9093129634857178,-7.91853666305542,-9.08093547821045,1.0726499557495117,6.1716225147247314,1.1623988151550293,5.09897255897522,0.08974885940551758,5.09897255897522,0.08974885940551758,457,52,0.886214442013129,39,4
450,C,2,gnnexplainer,0.9,match_ig_baseline,scientific,-0.7208598256111145,-1.1288267374038696,-2.135561943054199,-0.7991183996200562,0.07825857400894165,0.3297083377838135,1.336443543434143,0.4079669117927551,1.4147021174430847,0.2514497637748718,1.2581849694252014,457,52,0.886214442013129,39,4
450,C,2,integrated_gradients,0.9,match_ig_baseline,scientific,-0.7208598256111145,-3.790555000305176,-0.6626317501068115,-0.7991183996200562,0.07825857400894165,2.9914366006851196,0.13648664951324463,3.0696951746940613,0.05822807550430298,2.913178026676178,0.05822807550430298,457,52,0.886214442013129,39,4
450,C,3,gnnexplainer,0.9,match_ig_baseline,scientific,-5.4790120124816895,-4.085660457611084,-6.450016975402832,-5.140366077423096,0.33864593505859375,1.0547056198120117,1.3096508979797363,1.3933515548706055,0.9710049629211426,0.716059684753418,0.9710049629211426,457,52,0.886214442013129,39,4
450,C,3,integrated_gradients,0.9,match_ig_baseline,scientific,-5.4790120124816895,-4.859117031097412,-5.38778018951416,-5.140366077423096,0.33864593505859375,0.2812490463256836,0.24741411209106445,0.6198949813842773,0.0912318229675293,-0.057396888732910156,-0.0912318229675293,457,52,0.886214442013129,39,4
450,C,4,gnnexplainer,0.9,match_ig_baseline,scientific,-3.9353888034820557,-3.0640690326690674,-4.447288990020752,-3.6308069229125977,0.304581880569458,0.5667378902435303,0.8164820671081543,0.8713197708129883,0.5119001865386963,0.26215600967407227,0.5119001865386963,457,52,0.886214442013129,39,4
450,C,4,integrated_gradients,0.9,match_ig_baseline,scientific,-3.9353888034820557,-4.059350490570068,-4.1241374015808105,-3.6308069229125977,0.304581880569458,0.4285435676574707,0.4933304786682129,0.1239616870880127,0.18874859809875488,0.1239616870880127,0.18874859809875488,457,52,0.886214442013129,39,4
490,H,0,gnnexplainer,0.9,match_ig_baseline,scientific,-0.17315952479839325,-0.10660897195339203,-0.16884851455688477,-0.23058383166790009,0.057424306869506836,0.12397485971450806,0.06173531711101532,0.06655055284500122,0.004311010241508484,0.06655055284500122,0.004311010241508484,484,56,0.884297520661157,33,4
490,H,0,integrated_gradients,0.9,match_ig_baseline,scientific,-0.17315952479839325,-0.0989317074418068,-0.15178993344306946,-0.23058383166790009,0.057424306869506836,0.1316521242260933,0.07879389822483063,0.07422781735658646,0.02136959135532379,0.07422781735658646,0.02136959135532379,484,56,0.884297520661157,33,4
490,H,1,gnnexplainer,0.9,match_ig_baseline,scientific,-0.15685632824897766,-0.07853332161903381,-0.215058833360672,-0.249619260430336,0.09276293218135834,0.17108593881130219,0.034560427069664,0.07832300662994385,0.058202505111694336,0.07832300662994385,-0.058202505111694336,484,56,0.884297520661157,33,4
490,H,1,integrated_gradients,0.9,match_ig_baseline,scientific,-0.15685632824897766,-0.10903259366750717,-0.1325373649597168,-0.249619260430336,0.09276293218135834,0.14058666676282883,0.1170818954706192,0.04782373458147049,0.024318963289260864,0.04782373458147049,0.024318963289260864,484,56,0.884297520661157,33,4
490,H,2,gnnexplainer,0.9,match_ig_baseline,scientific,-0.18034976720809937,-0.10876365751028061,-0.18196411430835724,-0.26599687337875366,0.0856471061706543,0.15723321586847305,0.08403275907039642,0.07158610969781876,0.0016143471002578735,0.07158610969781876,-0.0016143471002578735,484,56,0.884297520661157,33,4
490,H,2,integrated_gradients,0.9,match_ig_baseline,scientific,-0.18034976720809937,-0.10808078944683075,-0.15710148215293884,-0.26599687337875366,0.0856471061706543,0.1579160839319229,0.10889539122581482,0.07226897776126862,0.023248285055160522,0.07226897776126862,0.023248285055160522,484,56,0.884297520661157,33,4
490,H,5,gnnexplainer,0.9,match_ig_baseline,scientific,-0.12873896956443787,-0.08566241711378098,-0.16980323195457458,-0.1509436070919037,0.02220463752746582,0.06528118997812271,0.0188596248626709,0.04307655245065689,0.04106426239013672,0.04307655245065689,-0.003345012664794922,484,56,0.884297520661157,33,4
490,H,5,integrated_gradients,0.9,match_ig_baseline,scientific,-0.12873896956443787,-0.07704409956932068,-0.16277554631233215,-0.1509436070919037,0.02220463752746582,0.07389950752258301,0.011831939220428467,0.05169486999511719,0.03403657674789429,0.05169486999511719,-0.010372698307037354,484,56,0.884297520661157,33,4
490,H,6,gnnexplainer,0.9,match_ig_baseline,scientific,-0.12632957100868225,-0.09530793130397797,-0.10498664528131485,-0.1284528225660324,0.0021232515573501587,0.03314489126205444,0.02346617728471756,0.031021639704704285,0.0213429257273674,0.031021639704704285,0.0213429257273674,484,56,0.884297520661157,33,4
490,H,6,integrated_gradients,0.9,match_ig_baseline,scientific,-0.12632957100868225,-0.0779438465833664,-0.14142432808876038,-0.1284528225660324,0.0021232515573501587,0.050508975982666016,0.012971505522727966,0.04838572442531586,0.015094757080078125,0.04838572442531586,0.010848253965377808,484,56,0.884297520661157,33,4
490,C,0,gnnexplainer,0.9,match_ig_baseline,scientific,-3.129530668258667,-2.4596059322357178,-3.6019673347473145,-4.111388683319092,0.9818580150604248,1.651782751083374,0.5094213485717773,0.6699247360229492,0.47243666648864746,0.6699247360229492,-0.47243666648864746,484,56,0.884297520661157,39,4
490,C,0,integrated_gradients,0.9,match_ig_baseline,scientific,-3.129530668258667,-3.1287879943847656,-3.43751859664917,-4.111388683319092,0.9818580150604248,0.9826006889343262,0.6738700866699219,0.0007426738739013672,0.30798792839050293,0.0007426738739013672,-0.30798792839050293,484,56,0.884297520661157,39,4
490,C,1,gnnexplainer,0.9,match_ig_baseline,scientific,-15.582393646240234,-8.645549774169922,-11.513758659362793,-16.991817474365234,1.409423828125,8.346267700195312,5.478058815002441,6.9368438720703125,4.068634986877441,6.9368438720703125,4.068634986877441,484,56,0.884297520661157,39,4
490,C,1,integrated_gradients,0.9,match_ig_baseline,scientific,-15.582393646240234,-5.412845134735107,-14.538073539733887,-16.991817474365234,1.409423828125,11.578972339630127,2.4537439346313477,10.169548511505127,1.0443201065063477,10.169548511505127,1.0443201065063477,484,56,0.884297520661157,39,4
490,C,2,gnnexplainer,0.9,match_ig_baseline,scientific,-3.881084442138672,-2.6334643363952637,-4.575354099273682,-4.111124038696289,0.2300395965576172,1.4776597023010254,0.4642300605773926,1.2476201057434082,0.6942696571350098,1.2476201057434082,0.2341904640197754,484,56,0.884297520661157,39,4
490,C,2,integrated_gradients,0.9,match_ig_baseline,scientific,-3.881084442138672,-4.115315914154053,-3.454610824584961,-4.111124038696289,0.2300395965576172,0.004191875457763672,0.6565132141113281,0.23423147201538086,0.42647361755371094,-0.22584772109985352,0.42647361755371094,484,56,0.884297520661157,39,4
490,C,3,gnnexplainer,0.9,match_ig_baseline,scientific,-2.2796802520751953,-2.1036524772644043,-4.258983135223389,-3.4353280067443848,1.1556477546691895,1.3316755294799805,0.8236551284790039,0.17602777481079102,1.9793028831481934,0.17602777481079102,-0.33199262619018555,484,56,0.884297520661157,39,4
490,C,3,integrated_gradients,0.9,match_ig_baseline,scientific,-2.2796802520751953,-2.816394090652466,-3.2162609100341797,-3.4353280067443848,1.1556477546691895,0.618933916091919,0.21906709671020508,0.5367138385772705,0.9365806579589844,-0.5367138385772705,-0.9365806579589844,484,56,0.884297520661157,39,4
510,H,0,gnnexplainer,0.9,match_ig_baseline,scientific,-0.0641452819108963,-0.08519712090492249,-0.04661039263010025,-0.06858395785093307,0.004438675940036774,0.01661316305398941,0.021973565220832825,0.021051838994026184,0.01753488928079605,0.012174487113952637,0.01753488928079605,596,68,0.8859060402684564,33,4
510,H,0,integrated_gradients,0.9,match_ig_baseline,scientific,-0.0641452819108963,-0.06463925540447235,-0.0800049751996994,-0.06858395785093307,0.004438675940036774,0.003944702446460724,0.011421017348766327,0.0004939734935760498,0.0158596932888031,-0.0004939734935760498,0.006982341408729553,596,68,0.8859060402684564,33,4
510,H,1,gnnexplainer,0.9,match_ig_baseline,scientific,-0.07207746058702469,-0.06756950169801712,-0.1185327097773552,-0.10737372934818268,0.03529626876115799,0.03980422765016556,0.011158980429172516,0.004507958889007568,0.046455249190330505,0.004507958889007568,-0.024137288331985474,596,68,0.8859060402684564,33,4
510,H,1,integrated_gradients,0.9,match_ig_baseline,scientific,-0.07207746058702469,-0.06433887779712677,-0.09304670989513397,-0.10737372934818268,0.03529626876115799,0.04303485155105591,0.014327019453048706,0.007738582789897919,0.020969249308109283,0.007738582789897919,-0.020969249308109283,596,68,0.8859060402684564,33,4
510,H,2,gnnexplainer,0.9,match_ig_baseline,scientific,-0.054743897169828415,-0.08739298582077026,-0.03433587774634361,-0.030469827353954315,0.0242740698158741,0.05692315846681595,0.0038660503923892975,0.03264908865094185,0.020408019423484802,0.03264908865094185,-0.020408019423484802,596,68,0.8859060402684564,33,4
510,H,2,integrated_gradients,0.9,match_ig_baseline,scientific,-0.054743897169828415,-0.06904388219118118,-0.055924464017152786,-0.030469827353954315,0.0242740698158741,0.03857405483722687,0.02545463666319847,0.014299985021352768,0.0011805668473243713,0.014299985021352768,0.0011805668473243713,596,68,0.8859060402684564,33,4
510,H,3,gnnexplainer,0.9,match_ig_baseline,scientific,-0.0725153461098671,-0.04012806713581085,-0.11610541492700577,-0.1194084882736206,0.04689314216375351,0.07928042113780975,0.0033030733466148376,0.032387278974056244,0.04359006881713867,0.032387278974056244,-0.04359006881713867,596,68,0.8859060402684564,33,4
510,H,3,integrated_gradients,0.9,match_ig_baseline,scientific,-0.0725153461098671,-0.06865096092224121,-0.07757491618394852,-0.1194084882736206,0.04689314216375351,0.050757527351379395,0.04183357208967209,0.003864385187625885,0.005059570074081421,0.003864385187625885,-0.005059570074081421,596,68,0.8859060402684564,33,4
510,H,4,gnnexplainer,0.9,match_ig_baseline,scientific,-0.06956268846988678,-0.0733836442232132,-0.07180029153823853,-0.058769065886735916,0.010793622583150864,0.01461457833647728,0.01303122565150261,0.003820955753326416,0.0022376030683517456,0.003820955753326416,0.0022376030683517456,596,68,0.8859060402684564,33,4
510,H,4,integrated_gradients,0.9,match_ig_baseline,scientific,-0.06956268846988678,-0.061202485114336014,-0.059401534497737885,-0.058769065886735916,0.010793622583150864,0.0024334192276000977,0.0006324686110019684,0.008360203355550766,0.010161153972148895,-0.008360203355550766,-0.010161153972148895,596,68,0.8859060402684564,33,4
510,H,5,gnnexplainer,0.9,match_ig_baseline,scientific,-0.06805552542209625,-0.07368022203445435,-0.0494391955435276,-0.07969000190496445,0.011634476482868195,0.006009779870510101,0.030250806361436844,0.005624696612358093,0.01861632987856865,-0.005624696612358093,0.01861632987856865,596,68,0.8859060402684564,33,4
510,H,5,integrated_gradients,0.9,match_ig_baseline,scientific,-0.06805552542209625,-0.05805996432900429,-0.07248334586620331,-0.07969000190496445,0.011634476482868195,0.02163003757596016,0.007206656038761139,0.009995561093091965,0.004427820444107056,0.009995561093091965,-0.004427820444107056,596,68,0.8859060402684564,33,4
510,H,6,gnnexplainer,0.9,match_ig_baseline,scientific,-0.040923863649368286,-0.0646924078464508,-0.035676389932632446,-0.04133903980255127,0.0004151761531829834,0.023353368043899536,0.005662649869918823,0.02376854419708252,0.00524747371673584,0.022938191890716553,0.00524747371673584,596,68,0.8859060402684564,33,4
510,H,6,integrated_gradients,0.9,match_ig_baseline,scientific,-0.040923863649368286,-0.06802520900964737,-0.05635419115424156,-0.04133903980255127,0.0004151761531829834,0.0266861692070961,0.015015151351690292,0.027101345360279083,0.015430327504873276,0.026270993053913116,0.014599975198507309,596,68,0.8859060402684564,33,4
510,H,7,gnnexplainer,0.9,match_ig_baseline,scientific,-0.02234116941690445,-0.03839597478508949,-0.08995264023542404,-0.03561985865235329,0.013278689235448837,0.002776116132736206,0.054332781583070755,0.016054805368185043,0.06761147081851959,-0.010502573102712631,0.04105409234762192,596,68,0.8859060402684564,33,4
510,H,7,integrated_gradients,0.9,match_ig_baseline,scientific,-0.02234116941690445,-0.05810350924730301,-0.037976205348968506,-0.03561985865235329,0.013278689235448837,0.022483650594949722,0.002356346696615219,0.03576233983039856,0.015635035932064056,0.009204961359500885,-0.010922342538833618,596,68,0.8859060402684564,33,4
510,H,8,gnnexplainer,0.9,match_ig_baseline,scientific,-0.057253893464803696,-0.0693523958325386,-0.025497477501630783,-0.0713830441236496,0.014129150658845901,0.0020306482911109924,0.045885566622018814,0.012098502367734909,0.03175641596317291,-0.012098502367734909,0.03175641596317291,596,68,0.8859060402684564,33,4
510,H,8,integrated_gradients,0.9,match_ig_baseline,scientific,-0.057253893464803696,-0.06320371478796005,-0.05407094955444336,-0.0713830441236496,0.014129150658845901,0.008179329335689545,0.017312094569206238,0.005949821323156357,0.0031829439103603363,-0.005949821323156357,0.0031829439103603363,596,68,0.8859060402684564,33,4
510,H,9,gnnexplainer,0.9,match_ig_baseline,scientific,-0.06739038974046707,-0.07092873007059097,-0.05485120415687561,-0.08068999648094177,0.013299606740474701,0.0097612664103508,0.025838792324066162,0.0035383403301239014,0.012539185583591461,-0.0035383403301239014,0.012539185583591461,596,68,0.8859060402684564,33,4
510,H,9,integrated_gradients,0.9,match_ig_baseline,scientific,-0.06739038974046707,-0.06005837768316269,-0.06979522854089737,-0.08068999648094177,0.013299606740474701,0.020631618797779083,0.010894767940044403,0.007332012057304382,0.002404838800430298,0.007332012057304382,-0.002404838800430298,596,68,0.8859060402684564,33,4
510,C,0,gnnexplainer,0.9,match_ig_baseline,scientific,-3.183384895324707,-3.565051555633545,-3.008584976196289,-2.6794397830963135,0.5039451122283936,0.8856117725372314,0.3291451930999756,0.3816666603088379,0.17479991912841797,0.3816666603088379,-0.17479991912841797,596,68,0.8859060402684564,39,4
510,C,0,integrated_gradients,0.9,match_ig_baseline,scientific,-3.183384895324707,-3.198953628540039,-3.3857085704803467,-2.6794397830963135,0.5039451122283936,0.5195138454437256,0.7062687873840332,0.015568733215332031,0.20232367515563965,0.015568733215332031,0.20232367515563965,596,68,0.8859060402684564,39,4
510,C,1,gnnexplainer,0.9,match_ig_baseline,scientific,-2.929103136062622,-3.6252026557922363,-2.7876181602478027,-2.8548877239227295,0.07421541213989258,0.7703149318695068,0.06726956367492676,0.6960995197296143,0.14148497581481934,0.6960995197296143,-0.00694584846496582,596,68,0.8859060402684564,39,4
510,C,1,integrated_gradients,0.9,match_ig_baseline,scientific,-2.929103136062622,-3.311393976211548,-2.8267977237701416,-2.8548877239227295,0.07421541213989258,0.45650625228881836,0.02809000015258789,0.3822908401489258,0.10230541229248047,0.3822908401489258,-0.04612541198730469,596,68,0.8859060402684564,39,4
510,C,2,gnnexplainer,0.9,match_ig_baseline,scientific,-4.82141637802124,-4.3017897605896,-5.9383158683776855,-4.148713111877441,0.6727032661437988,0.1530766487121582,1.7896027565002441,0.5196266174316406,1.1168994903564453,-0.5196266174316406,1.1168994903564453,596,68,0.8859060402684564,39,4
510,C,2,integrated_gradients,0.9,match_ig_baseline,scientific,-4.82141637802124,-5.010953903198242,-5.117194175720215,-4.148713111877441,0.6727032661437988,0.8622407913208008,0.9684810638427734,0.18953752517700195,0.2957777976989746,0.18953752517700195,0.2957777976989746,596,68,0.8859060402684564,39,4
510,C,3,gnnexplainer,0.9,match_ig_baseline,scientific,-1.93549382686615,-4.054442405700684,-1.926628828048706,-0.3196980357170105,1.6157957911491394,3.734744369983673,1.6069307923316956,2.1189485788345337,0.008864998817443848,2.1189485788345337,-0.008864998817443848,596,68,0.8859060402684564,39,4
510,C,3,integrated_gradients,0.9,match_ig_baseline,scientific,-1.93549382686615,-4.1909003257751465,-2.0728516578674316,-0.3196980357170105,1.6157957911491394,3.871202290058136,1.7531536221504211,2.2554064989089966,0.13735783100128174,2.2554064989089966,0.13735783100128174,596,68,0.8859060402684564,39,4
510,C,4,gnnexplainer,0.9,match_ig_baseline,scientific,-0.8245482444763184,-2.3432111740112305,-2.270580768585205,-0.5578681230545044,0.26668012142181396,1.785343050956726,1.7127126455307007,1.518662929534912,1.4460325241088867,1.518662929534912,1.4460325241088867,596,68,0.8859060402684564,39,4
510,C,4,integrated_gradients,0.9,match_ig_baseline,scientific,-0.8245482444763184,-3.945915699005127,-0.9392953515052795,-0.5578681230545044,0.26668012142181396,3.3880475759506226,0.38142722845077515,3.1213674545288086,0.11474710702896118,3.1213674545288086,0.11474710702896118,596,68,0.8859060402684564,39,4
510,C,5,gnnexplainer,0.9,match_ig_baseline,scientific,-1.521938443183899,-2.7998828887939453,-2.664389133453369,-0.3343559503555298,1.1875824928283691,2.4655269384384155,2.3300331830978394,1.2779444456100464,1.1424506902694702,1.2779444456100464,1.1424506902694702,596,68,0.8859060402684564,39,4
510,C,5,integrated_gradients,0.9,match_ig_baseline,scientific,-1.521938443183899,-3.675520658493042,-1.845169186592102,-0.3343559503555298,1.1875824928283691,3.341164708137512,1.5108132362365723,2.153582215309143,0.3232307434082031,2.153582215309143,0.3232307434082031,596,68,0.8859060402684564,39,4
530,H,0,gnnexplainer,0.9,match_ig_baseline,scientific,-0.08534625172615051,-0.07080326974391937,-0.12048913538455963,-0.16678637266159058,0.08144012093544006,0.0959831029176712,0.046297237277030945,0.01454298198223114,0.03514288365840912,0.01454298198223114,-0.03514288365840912,314,36,0.8853503184713376,33,4
530,H,1,gnnexplainer,0.9,match_ig_baseline,scientific,-0.09019753336906433,-0.07882926613092422,-0.16963011026382446,-0.13316234946250916,0.042964816093444824,0.05433308333158493,0.03646776080131531,0.011368267238140106,0.07943257689476013,0.011368267238140106,-0.006497055292129517,314,36,0.8853503184713376,33,4
530,H,2,gnnexplainer,0.9,match_ig_baseline,scientific,-0.030807171016931534,-0.03808089345693588,-0.05420934408903122,-0.0575319267809391,0.02672475576400757,0.01945103332400322,0.0033225826919078827,0.007273722440004349,0.023402173072099686,-0.007273722440004349,-0.023402173072099686,314,36,0.8853503184713376,33,4
530,H,3,gnnexplainer,0.9,match_ig_baseline,scientific,-0.04008097946643829,-0.048362068831920624,-0.06486430764198303,-0.04089127480983734,0.0008102953433990479,0.0074707940220832825,0.02397303283214569,0.00828108936548233,0.02478332817554474,0.006660498678684235,0.023162737488746643,314,36,0.8853503184713376,33,4
530,H,4,gnnexplainer,0.9,match_ig_baseline,scientific,-0.03763440251350403,-0.07933317869901657,-0.02822885289788246,-0.06429433822631836,0.02665993571281433,0.015038840472698212,0.0360654853284359,0.04169877618551254,0.009405549615621567,-0.01162109524011612,0.009405549615621567,314,36,0.8853503184713376,33,4
530,C,0,gnnexplainer,0.9,match_ig_baseline,scientific,-2.6694869995117188,-3.5806071758270264,-2.998140573501587,-2.8974430561065674,0.22795605659484863,0.683164119720459,0.10069751739501953,0.9111201763153076,0.32865357398986816,0.45520806312561035,-0.1272585391998291,314,36,0.8853503184713376,39,4
530,C,1,gnnexplainer,0.9,match_ig_baseline,scientific,-3.2187187671661377,-3.820192575454712,-3.3475306034088135,-2.7582390308380127,0.460479736328125,1.0619535446166992,0.5892915725708008,0.6014738082885742,0.12881183624267578,0.6014738082885742,0.12881183624267578,314,36,0.8853503184713376,39,4
530,C,2,gnnexplainer,0.9,match_ig_baseline,scientific,-4.761256694793701,-3.4093306064605713,-6.726418495178223,-4.5724406242370605,0.18881607055664062,1.1631100177764893,2.153977870941162,1.3519260883331299,1.9651618003845215,0.9742939472198486,1.9651618003845215,314,36,0.8853503184713376,39,4
610,H,0,gnnexplainer,0.9,match_ig_baseline,scientific,-0.44238173961639404,-0.219539076089859,-0.33392786979675293,-0.615548849105835,0.17316710948944092,0.39600977301597595,0.28162097930908203,0.22284266352653503,0.10845386981964111,0.22284266352653503,0.10845386981964111,452,52,0.8849557522123894,33,4
610,H,0,integrated_gradients,0.9,match_ig_baseline,scientific,-0.44238173961639404,-0.12193462997674942,-0.45584243535995483,-0.615548849105835,0.17316710948944092,0.49361421912908554,0.15970641374588013,0.3204471096396446,0.013460695743560791,0.3204471096396446,-0.013460695743560791,452,52,0.8849557522123894,33,4
610,H,1,gnnexplainer,0.9,match_ig_baseline,scientific,-0.1651545912027359,-0.0655871033668518,-0.1460612416267395,-0.12229462713003159,0.042859964072704315,0.05670752376317978,0.023766614496707916,0.0995674878358841,0.0190933495759964,0.013847559690475464,-0.0190933495759964,452,52,0.8849557522123894,33,4
610,H,1,integrated_gradients,0.9,match_ig_baseline,scientific,-0.1651545912027359,-0.04281002655625343,-0.17355623841285706,-0.12229462713003159,0.042859964072704315,0.07948460057377815,0.05126161128282547,0.12234456464648247,0.008401647210121155,0.03662463650107384,0.008401647210121155,452,52,0.8849557522123894,33,4
610,H,2,gnnexplainer,0.9,match_ig_baseline,scientific,-0.13610506057739258,-0.055383775383234024,-0.1653011441230774,-0.1601894050836563,0.024084344506263733,0.10480562970042229,0.0051117390394210815,0.08072128519415855,0.029196083545684814,0.08072128519415855,-0.01897260546684265,452,52,0.8849557522123894,33,4
610,H,2,integrated_gradients,0.9,match_ig_baseline,scientific,-0.13610506057739258,-0.05659797787666321,-0.1313982903957367,-0.1601894050836563,0.024084344506263733,0.1035914272069931,0.028791114687919617,0.07950708270072937,0.004706770181655884,0.07950708270072937,0.004706770181655884,452,52,0.8849557522123894,33,4
610,H,3,gnnexplainer,0.9,match_ig_baseline,scientific,-0.1795758754014969,-0.10734543949365616,-0.15256008505821228,-0.18318936228752136,0.003613486886024475,0.0758439227938652,0.030629277229309082,0.07223043590784073,0.027015790343284607,0.07223043590784073,0.027015790343284607,452,52,0.8849557522123894,33,4
610,H,3,integrated_gradients,0.9,match_ig_baseline,scientific,-0.1795758754014969,-0.06366243958473206,-0.17470160126686096,-0.18318936228752136,0.003613486886024475,0.1195269227027893,0.0084877610206604,0.11591343581676483,0.004874274134635925,0.11591343581676483,0.004874274134635925,452,52,0.8849557522123894,33,4
610,H,4,gnnexplainer,0.9,match_ig_baseline,scientific,-0.500056803226471,-0.2432706356048584,-0.30270957946777344,-0.6312503814697266,0.13119357824325562,0.38797974586486816,0.3285408020019531,0.25678616762161255,0.1973472237586975,0.25678616762161255,0.1973472237586975,452,52,0.8849557522123894,33,4
610,H,4,integrated_gradients,0.9,match_ig_baseline,scientific,-0.500056803226471,-0.10755901038646698,-0.4523888826370239,-0.6312503814697266,0.13119357824325562,0.5236913710832596,0.17886149883270264,0.39249779284000397,0.04766792058944702,0.39249779284000397,0.04766792058944702,452,52,0.8849557522123894,33,4
610,H,5,gnnexplainer,0.9,match_ig_baseline,scientific,-0.14004060626029968,-0.05012280493974686,-0.13697856664657593,-0.12377718091011047,0.01626342535018921,0.07365437597036362,0.013201385736465454,0.08991780132055283,0.003062039613723755,0.05739095062017441,-0.003062039613723755,452,52,0.8849557522123894,33,4
610,H,5,integrated_gradients,0.9,match_ig_baseline,scientific,-0.14004060626029968,-0.04286125674843788,-0.1438424438238144,-0.12377718091011047,0.01626342535018921,0.08091592416167259,0.02006526291370392,0.0971793495118618,0.0038018375635147095,0.06465249881148338,0.0038018375635147095,452,52,0.8849557522123894,33,4
610,H,6,gnnexplainer,0.9,match_ig_baseline,scientific,-0.12860378623008728,-0.0635320246219635,-0.16897043585777283,-0.14696994423866272,0.01836615800857544,0.08343791961669922,0.022000491619110107,0.06507176160812378,0.04036664962768555,0.06507176160812378,0.003634333610534668,452,52,0.8849557522123894,33,4
610,H,6,integrated_gradients,0.9,match_ig_baseline,scientific,-0.12860378623008728,-0.032576531171798706,-0.1411752700805664,-0.14696994423866272,0.01836615800857544,0.11439341306686401,0.0057946741580963135,0.09602725505828857,0.012571483850479126,0.09602725505828857,-0.012571483850479126,452,52,0.8849557522123894,33,4
610,H,7,gnnexplainer,0.9,match_ig_baseline,scientific,-0.16811057925224304,-0.1280800998210907,-0.1664896309375763,-0.19154877960681915,0.02343820035457611,0.06346867978572845,0.02505914866924286,0.040030479431152344,0.001620948314666748,0.040030479431152344,0.001620948314666748,452,52,0.8849557522123894,33,4
610,H,7,integrated_gradients,0.9,match_ig_baseline,scientific,-0.16811057925224304,-0.038456667214632034,-0.17617811262607574,-0.19154877960681915,0.02343820035457611,0.15309211239218712,0.015370666980743408,0.129653912037611,0.008067533373832703,0.129653912037611,-0.008067533373832703,452,52,0.8849557522123894,33,4
610,C,0,gnnexplainer,0.9,match_ig_baseline,scientific,-16.07822036743164,-5.533356189727783,-16.66439437866211,-18.057586669921875,1.9793663024902344,12.524230480194092,1.3931922912597656,10.544864177703857,0.5861740112304688,10.544864177703857,-0.5861740112304688,452,52,0.8849557522123894,39,4
610,C,0,integrated_gradients,0.9,match_ig_baseline,scientific,-16.07822036743164,-5.848100185394287,-13.851958274841309,-18.057586669921875,1.9793663024902344,12.209486484527588,4.205628395080566,10.230120182037354,2.226262092590332,10.230120182037354,2.226262092590332,452,52,0.8849557522123894,39,4
610,C,1,gnnexplainer,0.9,match_ig_baseline,scientific,-16.779712677001953,-9.919180870056152,-7.239234924316406,-17.75385856628418,0.9741458892822266,7.834677696228027,10.514623641967773,6.860531806945801,9.540477752685547,6.860531806945801,9.540477752685547,452,52,0.8849557522123894,39,4
610,C,1,integrated_gradients,0.9,match_ig_baseline,scientific,-16.779712677001953,-5.157705783843994,-14.1420259475708,-17.75385856628418,0.9741458892822266,12.596152782440186,3.611832618713379,11.622006893157959,2.6376867294311523,11.622006893157959,2.6376867294311523,452,52,0.8849557522123894,39,4
610,C,2,gnnexplainer,0.9,match_ig_baseline,scientific,-1.856040596961975,-2.629551410675049,-2.2083539962768555,-2.5053277015686035,0.6492871046066284,0.12422370910644531,0.29697370529174805,0.7735108137130737,0.35231339931488037,-0.5250633955001831,-0.35231339931488037,452,52,0.8849557522123894,39,4
610,C,2,integrated_gradients,0.9,match_ig_baseline,scientific,-1.856040596961975,-2.6744489669799805,-2.777653694152832,-2.5053277015686035,0.6492871046066284,0.16912126541137695,0.2723259925842285,0.8184083700180054,0.9216130971908569,-0.48016583919525146,-0.3769611120223999,452,52,0.8849557522123894,39,4
610,C,3,gnnexplainer,0.9,match_ig_baseline,scientific,-1.9090392589569092,-2.78389835357666,-2.8850996494293213,-2.3740406036376953,0.46500134468078613,0.40985774993896484,0.511059045791626,0.874859094619751,0.9760603904724121,-0.05514359474182129,0.046057701110839844,452,52,0.8849557522123894,39,4
610,C,3,integrated_gradients,0.9,match_ig_baseline,scientific,-1.9090392589569092,-2.5847511291503906,-2.92572283744812,-2.3740406036376953,0.46500134468078613,0.2107105255126953,0.5516822338104248,0.6757118701934814,1.016683578491211,-0.2542908191680908,0.08668088912963867,452,52,0.8849557522123894,39,4
620,H,0,gnnexplainer,0.9,match_ig_baseline,scientific,-0.22838380932807922,-0.22821253538131714,-0.16544505953788757,-0.2509962022304535,0.022612392902374268,0.022783666849136353,0.08555114269256592,0.00017127394676208496,0.06293874979019165,0.00017127394676208496,0.06293874979019165,603,68,0.8872305140961857,33,4
620,H,0,integrated_gradients,0.9,match_ig_baseline,scientific,-0.22838380932807922,-0.18644937872886658,-0.22544443607330322,-0.2509962022304535,0.022612392902374268,0.06454682350158691,0.02555176615715027,0.041934430599212646,0.002939373254776001,0.041934430599212646,0.002939373254776001,603,68,0.8872305140961857,33,4
620,H,1,gnnexplainer,0.9,match_ig_baseline,scientific,-0.228367418050766,-0.23493680357933044,-0.16614952683448792,-0.24986469745635986,0.021497279405593872,0.014927893877029419,0.08371517062187195,0.006569385528564453,0.062217891216278076,-0.006569385528564453,0.062217891216278076,603,68,0.8872305140961857,33,4
620,H,1,integrated_gradients,0.9,match_ig_baseline,scientific,-0.228367418050766,-0.16548064351081848,-0.23847883939743042,-0.24986469745635986,0.021497279405593872,0.08438405394554138,0.011385858058929443,0.06288677453994751,0.010111421346664429,0.06288677453994751,-0.010111421346664429,603,68,0.8872305140961857,33,4
620,H,2,gnnexplainer,0.9,match_ig_baseline,scientific,-0.2283584177494049,-0.22979018092155457,-0.13445034623146057,-0.2488207370042801,0.020462319254875183,0.019030556082725525,0.11437039077281952,0.0014317631721496582,0.09390807151794434,-0.0014317631721496582,0.09390807151794434,603,68,0.8872305140961857,33,4
620,H,2,integrated_gradients,0.9,match_ig_baseline,scientific,-0.2283584177494049,-0.16177602112293243,-0.23745861649513245,-0.2488207370042801,0.020462319254875183,0.08704471588134766,0.011362120509147644,0.06658239662647247,0.009100198745727539,0.06658239662647247,-0.009100198745727539,603,68,0.8872305140961857,33,4
620,H,3,gnnexplainer,0.9,match_ig_baseline,scientific,-0.22839093208312988,-0.19991177320480347,-0.15908804535865784,-0.25204017758369446,0.023649245500564575,0.05212840437889099,0.09295213222503662,0.028479158878326416,0.06930288672447205,0.028479158878326416,0.06930288672447205,603,68,0.8872305140961857,33,4
620,H,3,integrated_gradients,0.9,match_ig_baseline,scientific,-0.22839093208312988,-0.18670356273651123,-0.22549015283584595,-0.25204017758369446,0.023649245500564575,0.06533661484718323,0.02655002474784851,0.04168736934661865,0.0029007792472839355,0.04168736934661865,0.0029007792472839355,603,68,0.8872305140961857,33,4
620,H,4,gnnexplainer,0.9,match_ig_baseline,scientific,-0.22839006781578064,-0.20278558135032654,-0.13280650973320007,-0.251996248960495,0.023606181144714355,0.04921066761016846,0.11918973922729492,0.0256044864654541,0.09558355808258057,0.0256044864654541,0.09558355808258057,603,68,0.8872305140961857,33,4
620,H,4,integrated_gradients,0.9,match_ig_baseline,scientific,-0.22839006781578064,-0.1867455244064331,-0.22546488046646118,-0.251996248960495,0.023606181144714355,0.06525072455406189,0.026531368494033813,0.041644543409347534,0.002925187349319458,0.041644543409347534,0.002925187349319458,603,68,0.8872305140961857,33,4
620,H,5,gnnexplainer,0.9,match_ig_baseline,scientific,-0.22836831212043762,-0.22690293192863464,-0.13533800840377808,-0.24986469745635986,0.02149638533592224,0.02296176552772522,0.11452668905258179,0.0014653801918029785,0.09303030371665955,0.0014653801918029785,0.09303030371665955,603,68,0.8872305140961857,33,4
620,H,5,integrated_gradients,0.9,match_ig_baseline,scientific,-0.22836831212043762,-0.16522498428821564,-0.23844769597053528,-0.24986469745635986,0.02149638533592224,0.08463971316814423,0.011417001485824585,0.06314332783222198,0.010079383850097656,0.06314332783222198,-0.010079383850097656,603,68,0.8872305140961857,33,4
620,H,6,gnnexplainer,0.9,match_ig_baseline,scientific,-0.00035447627305984497,0.006612248718738556,-0.04573588818311691,0.08161692321300507,0.08197139948606491,0.07500467449426651,0.12735281139612198,0.006966724991798401,0.04538141191005707,-0.006966724991798401,0.04538141191005707,603,68,0.8872305140961857,33,4
620,H,6,integrated_gradients,0.9,match_ig_baseline,scientific,-0.00035447627305984497,-0.04625368118286133,0.006106279790401459,0.08161692321300507,0.08197139948606491,0.1278706043958664,0.07551064342260361,0.04589920490980148,0.006460756063461304,0.04589920490980148,-0.006460756063461304,603,68,0.8872305140961857,33,4
620,H,7,gnnexplainer,0.9,match_ig_baseline,scientific,-0.0003616511821746826,-0.013885602355003357,-0.035259801894426346,0.0810290277004242,0.08139067888259888,0.09491463005542755,0.11628882959485054,0.013523951172828674,0.03489815071225166,0.013523951172828674,0.03489815071225166,603,68,0.8872305140961857,33,4
620,H,7,integrated_gradients,0.9,match_ig_baseline,scientific,-0.0003616511821746826,-0.04626888781785965,0.006096266210079193,0.0810290277004242,0.08139067888259888,0.12729791551828384,0.074932761490345,0.04590723663568497,0.006457917392253876,0.04590723663568497,-0.006457917392253876,603,68,0.8872305140961857,33,4
620,H,8,gnnexplainer,0.9,match_ig_baseline,scientific,-0.00035750120878219604,-0.03144202381372452,0.020151272416114807,0.08161692321300507,0.08197442442178726,0.11305894702672958,0.06146565079689026,0.031084522604942322,0.020508773624897003,0.031084522604942322,-0.020508773624897003,603,68,0.8872305140961857,33,4
620,H,8,integrated_gradients,0.9,match_ig_baseline,scientific,-0.00035750120878219604,-0.04625985398888588,0.006101541221141815,0.08161692321300507,0.08197442442178726,0.12787677720189095,0.07551538199186325,0.045902352780103683,0.006459042429924011,0.045902352780103683,-0.006459042429924011,603,68,0.8872305140961857,33,4
620,H,9,gnnexplainer,0.9,match_ig_baseline,scientific,-0.01004878431558609,-0.029394835233688354,-0.03564754128456116,0.17055636644363403,0.18060515075922012,0.1999512016773224,0.2062039077281952,0.019346050918102264,0.025598756968975067,0.019346050918102264,0.025598756968975067,603,68,0.8872305140961857,33,4
620,H,9,integrated_gradients,0.9,match_ig_baseline,scientific,-0.01004878431558609,-0.047751739621162415,-0.021368063986301422,0.17055636644363403,0.18060515075922012,0.21830810606479645,0.19192443042993546,0.037702955305576324,0.011319279670715332,0.037702955305576324,0.011319279670715332,603,68,0.8872305140961857,33,4
620,C,0,gnnexplainer,0.9,match_ig_baseline,scientific,-8.43395709991455,-5.5876569747924805,-7.238802433013916,-8.185676574707031,0.24828052520751953,2.598019599914551,0.9468741416931152,2.8463001251220703,1.1951546669006348,2.3497390747070312,0.6985936164855957,603,68,0.8872305140961857,39,4
620,C,0,integrated_gradients,0.9,match_ig_baseline,scientific,-8.43395709991455,-4.327009201049805,-10.025457382202148,-8.185676574707031,0.24828052520751953,3.8586673736572266,1.8397808074951172,4.106947898864746,1.5915002822875977,3.610386848449707,1.5915002822875977,603,68,0.8872305140961857,39,4
620,C,1,gnnexplainer,0.9,match_ig_baseline,scientific,-8.439017295837402,-6.390201091766357,-8.988713264465332,-8.185914039611816,0.25310325622558594,1.795712947845459,0.8027992248535156,2.048816204071045,0.5496959686279297,1.542609691619873,0.5496959686279297,603,68,0.8872305140961857,39,4
620,C,1,integrated_gradients,0.9,match_ig_baseline,scientific,-8.439017295837402,-4.395145893096924,-10.036691665649414,-8.185914039611816,0.25310325622558594,3.7907681465148926,1.8507776260375977,4.0438714027404785,1.5976743698120117,3.5376648902893066,1.5976743698120117,603,68,0.8872305140961857,39,4
620,C,2,gnnexplainer,0.9,match_ig_baseline,scientific,-8.438666343688965,-7.1220316886901855,-5.952292442321777,-8.188501358032227,0.2501649856567383,1.066469669342041,2.236208915710449,1.3166346549987793,2.4863739013671875,0.8163046836853027,1.986043930053711,603,68,0.8872305140961857,39,4
620,C,2,integrated_gradients,0.9,match_ig_baseline,scientific,-8.438666343688965,-4.395096302032471,-10.03663158416748,-8.188501358032227,0.2501649856567383,3.793405055999756,1.848130226135254,4.043570041656494,1.5979652404785156,3.5432400703430176,1.5979652404785156,603,68,0.8872305140961857,39,4
620,C,3,gnnexplainer,0.9,match_ig_baseline,scientific,-8.43066120147705,-7.593358516693115,-5.869843006134033,-8.189264297485352,0.24139690399169922,0.5959057807922363,2.3194212913513184,0.8373026847839355,2.5608181953430176,0.3545088768005371,2.078024387359619,603,68,0.8872305140961857,39,4
620,C,3,integrated_gradients,0.9,match_ig_baseline,scientific,-8.43066120147705,-4.326826572418213,-10.025206565856934,-8.189264297485352,0.24139690399169922,3.8624377250671387,1.835942268371582,4.103834629058838,1.5945453643798828,3.6210408210754395,1.5945453643798828,603,68,0.8872305140961857,39,4
620,C,4,gnnexplainer,0.9,match_ig_baseline,scientific,-8.43023681640625,-7.079421043395996,-5.911392688751221,-8.187677383422852,0.24255943298339844,1.1082563400268555,2.276284694671631,1.350815773010254,2.5188441276550293,0.865696907043457,2.0337252616882324,603,68,0.8872305140961857,39,4
620,C,4,integrated_gradients,0.9,match_ig_baseline,scientific,-8.43023681640625,-4.326537609100342,-10.025237083435059,-8.187677383422852,0.24255943298339844,3.8611397743225098,1.837559700012207,4.103699207305908,1.5950002670288086,3.6185803413391113,1.5950002670288086,603,68,0.8872305140961857,39,4
620,C,5,gnnexplainer,0.9,match_ig_baseline,scientific,-8.442373275756836,-5.499722003936768,-8.511557579040527,-8.186501502990723,0.2558717727661133,2.686779499053955,0.3250560760498047,2.9426512718200684,0.0691843032836914,2.430907726287842,0.0691843032836914,603,68,0.8872305140961857,39,4
620,C,5,integrated_gradients,0.9,match_ig_baseline,scientific,-8.442373275756836,-4.462637901306152,-10.053160667419434,-8.186501502990723,0.2558717727661133,3.7238636016845703,1.866659164428711,3.9797353744506836,1.6107873916625977,3.467991828918457,1.6107873916625977,603,68,0.8872305140961857,39,4
620,C,6,gnnexplainer,0.9,match_ig_baseline,scientific,0.4642379879951477,-0.16091258823871613,-1.6083953380584717,1.20413076877594,0.7398927807807922,1.365043357014656,2.8125261068344116,0.6251505762338638,2.0726333260536194,0.6251505762338638,2.0726333260536194,603,68,0.8872305140961857,39,4
620,C,6,integrated_gradients,0.9,match_ig_baseline,scientific,0.4642379879951477,-1.3429843187332153,0.15318740904331207,1.20413076877594,0.7398927807807922,2.5471150875091553,1.0509433597326279,1.807222306728363,0.31105057895183563,1.807222306728363,0.31105057895183563,603,68,0.8872305140961857,39,4
640,H,0,gnnexplainer,0.9,match_ig_baseline,scientific,-0.21126306056976318,-0.3504478335380554,-0.02110670506954193,0.13790667057037354,0.3491697311401367,0.48835450410842896,0.15901337563991547,0.13918477296829224,0.19015635550022125,0.13918477296829224,-0.19015635550022125,735,84,0.8857142857142857,33,4
640,H,0,integrated_gradients,0.9,match_ig_baseline,scientific,-0.21126306056976318,-0.18563546240329742,-0.17044657468795776,0.13790667057037354,0.3491697311401367,0.32354213297367096,0.3083532452583313,0.02562759816646576,0.04081648588180542,-0.02562759816646576,-0.04081648588180542,735,84,0.8857142857142857,33,4
640,H,1,gnnexplainer,0.9,match_ig_baseline,scientific,-0.21125224232673645,-0.2932107746601105,-0.02134700119495392,0.13790667057037354,0.34915891289711,0.431117445230484,0.15925367176532745,0.08195853233337402,0.18990524113178253,0.08195853233337402,-0.18990524113178253,735,84,0.8857142857142857,33,4
640,H,1,integrated_gradients,0.9,match_ig_baseline,scientific,-0.21125224232673645,-0.18561327457427979,-0.1704408824443817,0.13790667057037354,0.34915891289711,0.3235199451446533,0.30834755301475525,0.025638967752456665,0.040811359882354736,-0.025638967752456665,-0.040811359882354736,735,84,0.8857142857142857,33,4
640,H,2,gnnexplainer,0.9,match_ig_baseline,scientific,-0.04018162190914154,-0.0696093812584877,-0.049313291907310486,-0.010049479082226753,0.030132142826914787,0.05955990217626095,0.03926381282508373,0.02942775934934616,0.009131669998168945,0.02942775934934616,0.009131669998168945,735,84,0.8857142857142857,33,4
640,H,2,integrated_gradients,0.9,match_ig_baseline,scientific,-0.04018162190914154,-0.07337136566638947,-0.04564603045582771,-0.010049479082226753,0.030132142826914787,0.06332188658416271,0.03559655137360096,0.033189743757247925,0.0054644085466861725,0.033189743757247925,0.0054644085466861725,735,84,0.8857142857142857,33,4
640,H,3,gnnexplainer,0.9,match_ig_baseline,scientific,-0.02698579430580139,-0.05022947117686272,-0.07000948488712311,-0.030795302242040634,0.0038095079362392426,0.019434168934822083,0.039214182645082474,0.023243676871061325,0.043023690581321716,0.01562466099858284,0.03540467470884323,735,84,0.8857142857142857,33,4
640,H,3,integrated_gradients,0.9,match_ig_baseline,scientific,-0.02698579430580139,-0.058602605015039444,-0.03372838348150253,-0.030795302242040634,0.0038095079362392426,0.02780730277299881,0.002933081239461899,0.03161681070923805,0.006742589175701141,0.023997794836759567,-0.0008764266967773438,735,84,0.8857142857142857,33,4
640,H,4,gnnexplainer,0.9,match_ig_baseline,scientific,-0.029253706336021423,-0.08877900242805481,-0.04614776372909546,-0.03988323733210564,0.010629530996084213,0.04889576509594917,0.006264526396989822,0.059525296092033386,0.016894057393074036,0.03826623409986496,-0.004365004599094391,735,84,0.8857142857142857,33,4
640,H,4,integrated_gradients,0.9,match_ig_baseline,scientific,-0.029253706336021423,-0.07172539085149765,-0.036805424839258194,-0.03988323733210564,0.010629530996084213,0.031842153519392014,0.0030778124928474426,0.04247168451547623,0.007551718503236771,0.0212126225233078,-0.007551718503236771,735,84,0.8857142857142857,33,4
640,H,5,gnnexplainer,0.9,match_ig_baseline,scientific,-0.07945401221513748,-0.10933136940002441,-0.09220506250858307,-0.08353185653686523,0.004077844321727753,0.02579951286315918,0.008673205971717834,0.029877357184886932,0.012751050293445587,0.021721668541431427,0.004595361649990082,735,84,0.8857142857142857,33,4
640,H,5,integrated_gradients,0.9,match_ig_baseline,scientific,-0.07945401221513748,-0.059886667877435684,-0.07777610421180725,-0.08353185653686523,0.004077844321727753,0.02364518865942955,0.005755752325057983,0.019567344337701797,0.0016779080033302307,0.019567344337701797,0.0016779080033302307,735,84,0.8857142857142857,33,4
640,H,6,gnnexplainer,0.9,match_ig_baseline,scientific,-0.11835552006959915,-0.09047897160053253,-0.08909028768539429,-0.10661061108112335,0.0117449089884758,0.01613163948059082,0.017520323395729065,0.02787654846906662,0.029265232384204865,0.004386730492115021,0.005775414407253265,735,84,0.8857142857142857,33,4
640,H,6,integrated_gradients,0.9,match_ig_baseline,scientific,-0.11835552006959915,-0.11485733836889267,-0.10791021585464478,-0.10661061108112335,0.0117449089884758,0.008246727287769318,0.0012996047735214233,0.003498181700706482,0.010445304214954376,-0.003498181700706482,-0.010445304214954376,735,84,0.8857142857142857,33,4
640,H,7,gnnexplainer,0.9,match_ig_baseline,scientific,-0.06900552660226822,-0.13497889041900635,-0.03797104209661484,-0.07117222994565964,0.0021667033433914185,0.06380666047334671,0.0332011878490448,0.06597336381673813,0.03103448450565338,0.06163995712995529,0.03103448450565338,735,84,0.8857142857142857,33,4
640,H,7,integrated_gradients,0.9,match_ig_baseline,scientific,-0.06900552660226822,-0.09720011055469513,-0.06273967772722244,-0.07117222994565964,0.0021667033433914185,0.026027880609035492,0.008432552218437195,0.02819458395242691,0.006265848875045776,0.023861177265644073,0.006265848875045776,735,84,0.8857142857142857,33,4
640,H,8,gnnexplainer,0.9,match_ig_baseline,scientific,-0.10110029578208923,-0.016496721655130386,-0.19727951288223267,-0.12511934340000153,0.024019047617912292,0.10862262174487114,0.07216016948223114,0.08460357412695885,0.09617921710014343,0.08460357412695885,0.04814112186431885,735,84,0.8857142857142857,33,4
640,H,8,integrated_gradients,0.9,match_ig_baseline,scientific,-0.10110029578208923,-0.09613227099180222,-0.10105971992015839,-0.12511934340000153,0.024019047617912292,0.02898707240819931,0.02405962347984314,0.004968024790287018,4.057586193084717e-05,0.004968024790287018,4.057586193084717e-05,735,84,0.8857142857142857,33,4
640,H,9,gnnexplainer,0.9,match_ig_baseline,scientific,-0.07945292443037033,-0.09836339950561523,-0.06591160595417023,-0.08353185653686523,0.0040789321064949036,0.01483154296875,0.017620250582695007,0.018910475075244904,0.013541318476200104,0.010752610862255096,0.013541318476200104,735,84,0.8857142857142857,33,4
640,H,9,integrated_gradients,0.9,match_ig_baseline,scientific,-0.07945292443037033,-0.05989188328385353,-0.07777388393878937,-0.08353185653686523,0.0040789321064949036,0.023639973253011703,0.005757972598075867,0.0195610411465168,0.0016790404915809631,0.0195610411465168,0.0016790404915809631,735,84,0.8857142857142857,33,4
640,H,10,gnnexplainer,0.9,match_ig_baseline,scientific,-0.11835354566574097,-0.11552821099758148,-0.07163482159376144,-0.10661061108112335,0.011742934584617615,0.00891759991645813,0.03497578948736191,0.002825334668159485,0.04671872407197952,-0.002825334668159485,0.023232854902744293,735,84,0.8857142857142857,33,4
640,H,10,integrated_gradients,0.9,match_ig_baseline,scientific,-0.11835354566574097,-0.11486101150512695,-0.10790903121232986,-0.10661061108112335,0.011742934584617615,0.008250400424003601,0.0012984201312065125,0.0034925341606140137,0.010444514453411102,-0.0034925341606140137,-0.010444514453411102,735,84,0.8857142857142857,33,4
640,H,11,gnnexplainer,0.9,match_ig_baseline,scientific,-0.04018741473555565,-0.08082618564367294,-0.04483828693628311,-0.010049479082226753,0.030137935653328896,0.07077670656144619,0.03478880785405636,0.040638770908117294,0.004650872200727463,0.040638770908117294,0.004650872200727463,735,84,0.8857142857142857,33,4
640,H,11,integrated_gradients,0.9,match_ig_baseline,scientific,-0.04018741473555565,-0.07336901128292084,-0.04565296322107315,-0.010049479082226753,0.030137935653328896,0.06331953220069408,0.0356034841388464,0.03318159654736519,0.005465548485517502,0.03318159654736519,0.005465548485517502,735,84,0.8857142857142857,33,4
640,H,12,gnnexplainer,0.9,match_ig_baseline,scientific,-0.029250383377075195,-0.051486749202013016,-0.07430782169103622,-0.04088323935866356,0.011632855981588364,0.010603509843349457,0.033424582332372665,0.02223636582493782,0.04505743831396103,-0.0010293461382389069,0.021791726350784302,735,84,0.8857142857142857,33,4
640,H,12,integrated_gradients,0.9,match_ig_baseline,scientific,-0.029250383377075195,-0.07213909924030304,-0.0341351293027401,-0.04088323935866356,0.011632855981588364,0.03125585988163948,0.006748110055923462,0.042888715863227844,0.004884745925664902,0.019623003900051117,-0.004884745925664902,735,84,0.8857142857142857,33,4
640,H,13,gnnexplainer,0.9,match_ig_baseline,scientific,-0.026982992887496948,-0.0698259174823761,-0.05158685892820358,-0.030795302242040634,0.003812309354543686,0.039030615240335464,0.02079155668616295,0.04284292459487915,0.024603866040706635,0.03521830588579178,0.016979247331619263,735,84,0.8857142857142857,33,4
640,H,13,integrated_gradients,0.9,match_ig_baseline,scientific,-0.026982992887496948,-0.05860340595245361,-0.033723458647727966,-0.030795302242040634,0.003812309354543686,0.02780810371041298,0.002928156405687332,0.031620413064956665,0.006740465760231018,0.023995794355869293,-0.0008841529488563538,735,84,0.8857142857142857,33,4
640,C,0,gnnexplainer,0.9,match_ig_baseline,scientific,-7.860611915588379,-5.51270866394043,-6.985650539398193,-8.271045684814453,0.4104337692260742,2.7583370208740234,1.2853951454162598,2.347903251647949,0.8749613761901855,2.347903251647949,0.8749613761901855,735,84,0.8857142857142857,39,4
640,C,0,integrated_gradients,0.9,match_ig_baseline,scientific,-7.860611915588379,-6.257430553436279,-6.695863723754883,-8.271045684814453,0.4104337692260742,2.013615131378174,1.5751819610595703,1.6031813621520996,1.164748191833496,1.6031813621520996,1.164748191833496,735,84,0.8857142857142857,39,4
640,C,1,gnnexplainer,0.9,match_ig_baseline,scientific,-7.8596673011779785,-5.6789727210998535,-3.4153189659118652,-8.270045280456543,0.41037797927856445,2.5910725593566895,4.854726314544678,2.180694580078125,4.444348335266113,2.180694580078125,4.444348335266113,735,84,0.8857142857142857,39,4
640,C,1,integrated_gradients,0.9,match_ig_baseline,scientific,-7.8596673011779785,-6.257113933563232,-6.695889472961426,-8.270045280456543,0.41037797927856445,2.0129313468933105,1.5741558074951172,1.602553367614746,1.1637778282165527,1.602553367614746,1.1637778282165527,735,84,0.8857142857142857,39,4
640,C,2,gnnexplainer,0.9,match_ig_baseline,scientific,-0.4793398380279541,-1.219065546989441,-2.573057174682617,-0.608948290348053,0.12960845232009888,0.6101172566413879,1.9641088843345642,0.7397257089614868,2.093717336654663,0.48050880432128906,1.8345004320144653,735,84,0.8857142857142857,39,4
640,C,2,integrated_gradients,0.9,match_ig_baseline,scientific,-0.4793398380279541,-3.8553688526153564,-0.5692670941352844,-0.608948290348053,0.12960845232009888,3.2464205622673035,0.039681196212768555,3.3760290145874023,0.08992725610733032,3.1168121099472046,-0.08992725610733032,735,84,0.8857142857142857,39,4
640,C,3,gnnexplainer,0.9,match_ig_baseline,scientific,-1.0577682256698608,-2.8919453620910645,-2.681022882461548,-1.4114946126937866,0.3537263870239258,1.4804507493972778,1.2695282697677612,1.8341771364212036,1.623254656791687,1.126724362373352,0.9158018827438354,735,84,0.8857142857142857,39,4
640,C,3,integrated_gradients,0.9,match_ig_baseline,scientific,-1.0577682256698608,-5.04630708694458,-1.4742299318313599,-1.4114946126937866,0.3537263870239258,3.6348124742507935,0.06273531913757324,3.9885388612747192,0.416461706161499,3.2810860872268677,-0.29099106788635254,735,84,0.8857142857142857,39,4
640,C,4,gnnexplainer,0.9,match_ig_baseline,scientific,-1.6062666177749634,-3.6944024562835693,-2.7738747596740723,-2.1460978984832764,0.539831280708313,1.548304557800293,0.6277768611907959,2.088135838508606,1.1676081418991089,1.00847327709198,0.08794558048248291,735,84,0.8857142857142857,39,4
640,C,4,integrated_gradients,0.9,match_ig_baseline,scientific,-1.6062666177749634,-4.742326259613037,-1.9115066528320312,-2.1460978984832764,0.539831280708313,2.5962283611297607,0.23459124565124512,3.1360596418380737,0.30524003505706787,2.0563970804214478,-0.30524003505706787,735,84,0.8857142857142857,39,4
640,C,5,gnnexplainer,0.9,match_ig_baseline,scientific,-1.0578246116638184,-2.319456100463867,-2.648268461227417,-1.4114511013031006,0.3536264896392822,0.9080049991607666,1.2368173599243164,1.2616314888000488,1.5904438495635986,0.5543785095214844,0.8831908702850342,735,84,0.8857142857142857,39,4
640,C,5,integrated_gradients,0.9,match_ig_baseline,scientific,-1.0578246116638184,-5.046383380889893,-1.4742478132247925,-1.4114511013031006,0.3536264896392822,3.634932279586792,0.0627967119216919,3.988558769226074,0.4164232015609741,3.2813057899475098,-0.29082977771759033,735,84,0.8857142857142857,39,4
640,C,6,gnnexplainer,0.9,match_ig_baseline,scientific,-0.47932881116867065,-1.0828875303268433,-2.4945261478424072,-0.6109034419059753,0.1315746307373047,0.4719840884208679,1.8836227059364319,0.6035587191581726,2.0151973366737366,0.34040945768356323,1.7520480751991272,735,84,0.8857142857142857,39,4
640,C,6,integrated_gradients,0.9,match_ig_baseline,scientific,-0.47932881116867065,-3.8554348945617676,-0.5692461729049683,-0.6109034419059753,0.1315746307373047,3.2445314526557922,0.04165726900100708,3.376106083393097,0.08991736173629761,3.1129568219184875,-0.08991736173629761,735,84,0.8857142857142857,39,4
650,H,0,gnnexplainer,0.9,match_ig_baseline,scientific,-0.034940771758556366,-0.06977434456348419,-0.04063217341899872,-0.047470711171627045,0.012529939413070679,0.022303633391857147,0.006838537752628326,0.034833572804927826,0.005691401660442352,0.009773693978786469,-0.005691401660442352,762,88,0.8845144356955381,33,4
650,H,0,integrated_gradients,0.9,match_ig_baseline,scientific,-0.034940771758556366,-0.06321434676647186,-0.0405823290348053,-0.047470711171627045,0.012529939413070679,0.015743635594844818,0.006888382136821747,0.028273575007915497,0.005641557276248932,0.0032136961817741394,-0.005641557276248932,762,88,0.8845144356955381,33,4
650,H,1,gnnexplainer,0.9,match_ig_baseline,scientific,-0.06100916862487793,-0.09473788738250732,-0.02508723735809326,-0.0373387411236763,0.02367042750120163,0.057399146258831024,0.012251503765583038,0.033728718757629395,0.03592193126678467,0.033728718757629395,-0.011418923735618591,762,88,0.8845144356955381,33,4
650,H,1,integrated_gradients,0.9,match_ig_baseline,scientific,-0.06100916862487793,-0.09047146141529083,-0.055012792348861694,-0.0373387411236763,0.02367042750120163,0.05313272029161453,0.017674051225185394,0.029462292790412903,0.005996376276016235,0.029462292790412903,-0.005996376276016235,762,88,0.8845144356955381,33,4
650,H,2,gnnexplainer,0.9,match_ig_baseline,scientific,-0.024738125503063202,-0.048032596707344055,-0.04345761612057686,-0.021102281287312508,0.0036358442157506943,0.026930315420031548,0.02235533483326435,0.023294471204280853,0.018719490617513657,0.023294471204280853,0.018719490617513657,762,88,0.8845144356955381,33,4
650,H,2,integrated_gradients,0.9,match_ig_baseline,scientific,-0.024738125503063202,-0.07311750203371048,-0.025219745934009552,-0.021102281287312508,0.0036358442157506943,0.05201522074639797,0.004117464646697044,0.04837937653064728,0.0004816204309463501,0.04837937653064728,0.0004816204309463501,762,88,0.8845144356955381,33,4
650,H,3,gnnexplainer,0.9,match_ig_baseline,scientific,-0.10827633738517761,-0.07153782993555069,-0.11840654164552689,-0.09628623723983765,0.011990100145339966,0.024748407304286957,0.02212030440568924,0.03673850744962692,0.010130204260349274,0.012758307158946991,0.010130204260349274,762,88,0.8845144356955381,33,4
650,H,3,integrated_gradients,0.9,match_ig_baseline,scientific,-0.10827633738517761,-0.10234048962593079,-0.09196770191192627,-0.09628623723983765,0.011990100145339966,0.00605425238609314,0.004318535327911377,0.005935847759246826,0.016308635473251343,-0.005935847759246826,-0.007671564817428589,762,88,0.8845144356955381,33,4
650,H,4,gnnexplainer,0.9,match_ig_baseline,scientific,-0.05421527847647667,-0.047015801072120667,-0.1594533622264862,-0.1060146912932396,0.051799412816762924,0.05899889022111893,0.05343867093324661,0.007199477404356003,0.10523808375000954,0.007199477404356003,0.0016392581164836884,762,88,0.8845144356955381,33,4
650,H,4,integrated_gradients,0.9,match_ig_baseline,scientific,-0.05421527847647667,-0.09895531088113785,-0.040490180253982544,-0.1060146912932396,0.051799412816762924,0.007059380412101746,0.06552451103925705,0.04474003240466118,0.013725098222494125,-0.04474003240466118,0.013725098222494125,762,88,0.8845144356955381,33,4
650,H,5,gnnexplainer,0.9,match_ig_baseline,scientific,-0.0340970978140831,-0.07052776962518692,-0.040984995663166046,-0.045926790684461594,0.011829692870378494,0.024600978940725327,0.0049417950212955475,0.03643067181110382,0.006887897849082947,0.012771286070346832,-0.006887897849082947,762,88,0.8845144356955381,33,4
650,H,5,integrated_gradients,0.9,match_ig_baseline,scientific,-0.0340970978140831,-0.062415651977062225,-0.03502704203128815,-0.045926790684461594,0.011829692870378494,0.01648886129260063,0.010899748653173447,0.028318554162979126,0.0009299442172050476,0.0046591684222221375,-0.0009299442172050476,762,88,0.8845144356955381,33,4
650,H,6,gnnexplainer,0.9,match_ig_baseline,scientific,-0.023676138371229172,-0.05309661105275154,-0.021646693348884583,-0.01910228095948696,0.00457385741174221,0.03399433009326458,0.002544412389397621,0.02942047268152237,0.0020294450223445892,0.02942047268152237,-0.0020294450223445892,762,88,0.8845144356955381,33,4
650,H,6,integrated_gradients,0.9,match_ig_baseline,scientific,-0.023676138371229172,-0.06950502842664719,-0.025435402989387512,-0.01910228095948696,0.00457385741174221,0.050402747467160225,0.006333122029900551,0.045828890055418015,0.0017592646181583405,0.045828890055418015,0.0017592646181583405,762,88,0.8845144356955381,33,4
650,H,7,gnnexplainer,0.9,match_ig_baseline,scientific,-0.05934511870145798,-0.09472766518592834,-0.02875303477048874,-0.03475097194314003,0.024594146758317947,0.059976693242788315,0.005997937172651291,0.03538254648447037,0.03059208393096924,0.03538254648447037,-0.018596209585666656,762,88,0.8845144356955381,33,4
650,H,7,integrated_gradients,0.9,match_ig_baseline,scientific,-0.05934511870145798,-0.0870019942522049,-0.05552972853183746,-0.03475097194314003,0.024594146758317947,0.052251022309064865,0.020778756588697433,0.027656875550746918,0.003815390169620514,0.027656875550746918,-0.003815390169620514,762,88,0.8845144356955381,33,4
650,H,8,gnnexplainer,0.9,match_ig_baseline,scientific,-0.03394071012735367,-0.07079849392175674,-0.029366232454776764,-0.04692678898572922,0.01298607885837555,0.023871704936027527,0.017560556530952454,0.036857783794403076,0.004574477672576904,0.010885626077651978,0.004574477672576904,762,88,0.8845144356955381,33,4
650,H,8,integrated_gradients,0.9,match_ig_baseline,scientific,-0.03394071012735367,-0.06251104176044464,-0.03477567434310913,-0.04692678898572922,0.01298607885837555,0.015584252774715424,0.012151114642620087,0.028570331633090973,0.0008349642157554626,0.0025981739163398743,-0.0008349642157554626,762,88,0.8845144356955381,33,4
650,H,9,gnnexplainer,0.9,match_ig_baseline,scientific,-0.05895303934812546,-0.08499536663293839,-0.03260738402605057,-0.03479496389627457,0.02415807545185089,0.05020040273666382,0.002187579870223999,0.026042327284812927,0.02634565532207489,0.026042327284812927,-0.021970495581626892,762,88,0.8845144356955381,33,4
650,H,9,integrated_gradients,0.9,match_ig_baseline,scientific,-0.05895303934812546,-0.08681722730398178,-0.05529205873608589,-0.03479496389627457,0.02415807545185089,0.052022263407707214,0.020497094839811325,0.027864187955856323,0.003660980612039566,0.027864187955856323,-0.003660980612039566,762,88,0.8845144356955381,33,4
650,H,10,gnnexplainer,0.9,match_ig_baseline,scientific,-0.023587524890899658,-0.05771343782544136,-0.044883474707603455,-0.020102281123399734,0.0034852437674999237,0.037611156702041626,0.02478119358420372,0.0341259129345417,0.021295949816703796,0.0341259129345417,0.021295949816703796,762,88,0.8845144356955381,33,4
650,H,10,integrated_gradients,0.9,match_ig_baseline,scientific,-0.023587524890899658,-0.06956823915243149,-0.02542276680469513,-0.020102281123399734,0.0034852437674999237,0.049465958029031754,0.005320485681295395,0.04598071426153183,0.0018352419137954712,0.04598071426153183,0.0018352419137954712,762,88,0.8845144356955381,33,4
650,H,11,gnnexplainer,0.9,match_ig_baseline,scientific,-0.10841157287359238,-0.10810192674398422,-0.07248768955469131,-0.09524228423833847,0.013169288635253906,0.012859642505645752,0.022754594683647156,0.0003096461296081543,0.03592388331890106,-0.0003096461296081543,0.00958530604839325,762,88,0.8845144356955381,33,4
650,H,11,integrated_gradients,0.9,match_ig_baseline,scientific,-0.10841157287359238,-0.11268622428178787,-0.07956601679325104,-0.09524228423833847,0.013169288635253906,0.017443940043449402,0.015676267445087433,0.004274651408195496,0.02884555608034134,0.004274651408195496,0.0025069788098335266,762,88,0.8845144356955381,33,4
650,H,12,gnnexplainer,0.9,match_ig_baseline,scientific,-0.05435436591506004,-0.042209871113300323,-0.11577262729406357,-0.10497073829174042,0.050616372376680374,0.0627608671784401,0.01080188900232315,0.01214449480175972,0.061418261379003525,0.01214449480175972,-0.039814483374357224,762,88,0.8845144356955381,33,4
650,H,12,integrated_gradients,0.9,match_ig_baseline,scientific,-0.05435436591506004,-0.09637144953012466,-0.0409243181347847,-0.10497073829174042,0.050616372376680374,0.008599288761615753,0.06404642015695572,0.04201708361506462,0.013430047780275345,-0.04201708361506462,0.013430047780275345,762,88,0.8845144356955381,33,4
650,H,13,gnnexplainer,0.9,match_ig_baseline,scientific,-0.06090754270553589,-0.08789359778165817,-0.027677670121192932,-0.03579496219754219,0.025112580507993698,0.05209863558411598,0.008117292076349258,0.026986055076122284,0.03322987258434296,0.026986055076122284,-0.01699528843164444,762,88,0.8845144356955381,33,4
650,H,13,integrated_gradients,0.9,match_ig_baseline,scientific,-0.06090754270553589,-0.09054207801818848,-0.05474095046520233,-0.03579496219754219,0.025112580507993698,0.054747115820646286,0.01894598826766014,0.029634535312652588,0.006166592240333557,0.029634535312652588,-0.006166592240333557,762,88,0.8845144356955381,33,4
650,H,14,gnnexplainer,0.9,match_ig_baseline,scientific,-0.03507107496261597,-0.061280809342861176,-0.0355571024119854,-0.04792679101228714,0.012855716049671173,0.013354018330574036,0.012369688600301743,0.02620973438024521,0.00048602744936943054,0.0004983022809028625,-0.00048602744936943054,762,88,0.8845144356955381,33,4
650,H,14,integrated_gradients,0.9,match_ig_baseline,scientific,-0.03507107496261597,-0.06308481097221375,-0.04081929475069046,-0.04792679101228714,0.012855716049671173,0.015158019959926605,0.00710749626159668,0.02801373600959778,0.005748219788074493,0.002302303910255432,-0.005748219788074493,762,88,0.8845144356955381,33,4
650,H,15,gnnexplainer,0.9,match_ig_baseline,scientific,-0.024672776460647583,-0.049088336527347565,-0.05133133381605148,-0.01910228095948696,0.005570495501160622,0.029986055567860603,0.03222905285656452,0.02441556006669998,0.0266585573554039,0.02441556006669998,0.0266585573554039,762,88,0.8845144356955381,33,4
650,H,15,integrated_gradients,0.9,match_ig_baseline,scientific,-0.024672776460647583,-0.07126417756080627,-0.025293629616498947,-0.01910228095948696,0.005570495501160622,0.05216189660131931,0.006191348657011986,0.04659140110015869,0.0006208531558513641,0.04659140110015869,0.0006208531558513641,762,88,0.8845144356955381,33,4
650,C,0,gnnexplainer,0.9,match_ig_baseline,scientific,-0.6039972305297852,-1.6010687351226807,-1.4341152906417847,-0.7945148944854736,0.19051766395568848,0.806553840637207,0.639600396156311,0.9970715045928955,0.8301180601119995,0.6160361766815186,0.44908273220062256,762,88,0.8845144356955381,39,4
650,C,0,integrated_gradients,0.9,match_ig_baseline,scientific,-0.6039972305297852,-3.430211305618286,-0.48237717151641846,-0.7945148944854736,0.19051766395568848,2.6356964111328125,0.3121377229690552,2.826214075088501,0.1216200590133667,2.445178747177124,0.1216200590133667,762,88,0.8845144356955381,39,4
650,C,1,gnnexplainer,0.9,match_ig_baseline,scientific,-0.9427768588066101,-2.994630813598633,-2.045654058456421,-1.2854688167572021,0.34269195795059204,1.7091619968414307,0.7601852416992188,2.0518539547920227,1.1028771996498108,1.3664700388908386,0.4174932837486267,762,88,0.8845144356955381,39,4
650,C,1,integrated_gradients,0.9,match_ig_baseline,scientific,-0.9427768588066101,-5.450800895690918,-1.1040377616882324,-1.2854688167572021,0.34269195795059204,4.165332078933716,0.18143105506896973,4.508024036884308,0.16126090288162231,3.822640120983124,-0.16126090288162231,762,88,0.8845144356955381,39,4
650,C,2,gnnexplainer,0.9,match_ig_baseline,scientific,-0.6430948376655579,-1.0448158979415894,-3.0008535385131836,-0.7869271636009216,0.14383232593536377,0.2578887343406677,2.213926374912262,0.4017210602760315,2.3577587008476257,0.11405640840530396,2.070094048976898,762,88,0.8845144356955381,39,4
650,C,2,integrated_gradients,0.9,match_ig_baseline,scientific,-0.6430948376655579,-3.4501357078552246,-0.4704679846763611,-0.7869271636009216,0.14383232593536377,2.663208544254303,0.31645917892456055,2.8070408701896667,0.17262685298919678,2.519376218318939,0.17262685298919678,762,88,0.8845144356955381,39,4
650,C,3,gnnexplainer,0.9,match_ig_baseline,scientific,-0.6416166424751282,-1.2830314636230469,-2.6551506519317627,-0.7869707942008972,0.14535415172576904,0.49606066942214966,1.8681798577308655,0.6414148211479187,2.0135340094566345,0.3507065176963806,1.7228257060050964,762,88,0.8845144356955381,39,4
650,C,3,integrated_gradients,0.9,match_ig_baseline,scientific,-0.6416166424751282,-3.451160430908203,-0.4698411226272583,-0.7869707942008972,0.14535415172576904,2.664189636707306,0.3171296715736389,2.809543788433075,0.17177551984786987,2.518835484981537,0.17177551984786987,762,88,0.8845144356955381,39,4
650,C,4,gnnexplainer,0.9,match_ig_baseline,scientific,-0.942050039768219,-2.885145664215088,-2.540794610977173,-1.282924771308899,0.34087473154067993,1.602220892906189,1.257869839668274,1.943095624446869,1.5987445712089539,1.261346161365509,0.916995108127594,762,88,0.8845144356955381,39,4
650,C,4,integrated_gradients,0.9,match_ig_baseline,scientific,-0.942050039768219,-5.486324310302734,-1.020308017730713,-1.282924771308899,0.34087473154067993,4.2033995389938354,0.26261675357818604,4.544274270534515,0.0782579779624939,3.8625248074531555,-0.0782579779624939,762,88,0.8845144356955381,39,4
650,C,5,gnnexplainer,0.9,match_ig_baseline,scientific,-0.60410076379776,-1.0210764408111572,-3.0254201889038086,-0.7939702272415161,0.1898694634437561,0.2271062135696411,2.2314499616622925,0.4169756770133972,2.4213194251060486,0.03723675012588501,2.0415804982185364,762,88,0.8845144356955381,39,4
650,C,5,integrated_gradients,0.9,match_ig_baseline,scientific,-0.60410076379776,-3.4264254570007324,-0.48359400033950806,-0.7939702272415161,0.1898694634437561,2.6324552297592163,0.31037622690200806,2.8223246932029724,0.12050676345825195,2.44258576631546,0.12050676345825195,762,88,0.8845144356955381,39,4
740,H,1,gnnexplainer,0.9,match_ig_baseline,scientific,-0.026137936860322952,-0.06428682804107666,-0.02885836362838745,0.03481113538146019,0.06094907224178314,0.09909796342253685,0.06366949900984764,0.03814889118075371,0.002720426768064499,0.03814889118075371,0.002720426768064499,561,66,0.8823529411764706,33,4
740,H,2,gnnexplainer,0.9,match_ig_baseline,scientific,-0.04452488198876381,-0.07486134767532349,-0.02073027566075325,-0.0694003626704216,0.02487548068165779,0.005460985004901886,0.04867008700966835,0.030336465686559677,0.02379460632801056,-0.019414495676755905,0.02379460632801056,561,66,0.8823529411764706,33,4
740,H,3,gnnexplainer,0.9,match_ig_baseline,scientific,-0.04864649474620819,-0.07103002816438675,-0.06218348443508148,-0.03524171933531761,0.01340477541089058,0.03578830882906914,0.02694176509976387,0.02238353341817856,0.013536989688873291,0.02238353341817856,0.013536989688873291,561,66,0.8823529411764706,33,4
740,H,4,gnnexplainer,0.9,match_ig_baseline,scientific,-0.044288262724876404,-0.08328813314437866,-0.03815026953816414,-0.06663717329502106,0.022348910570144653,0.016650959849357605,0.02848690375685692,0.03899987041950226,0.006137993186712265,-0.005697950720787048,0.006137993186712265,561,66,0.8823529411764706,33,4
740,H,5,gnnexplainer,0.9,match_ig_baseline,scientific,-0.02385552227497101,-0.0635351836681366,-0.025456789880990982,0.03422334045171738,0.058078862726688385,0.09775852411985397,0.05968013033270836,0.03967966139316559,0.0016012676060199738,0.03967966139316559,0.0016012676060199738,561,66,0.8823529411764706,33,4
740,H,6,gnnexplainer,0.9,match_ig_baseline,scientific,-0.046978406608104706,-0.07430668920278549,-0.040722962468862534,-0.03061004728078842,0.016368359327316284,0.04369664192199707,0.010112915188074112,0.027328282594680786,0.006255444139242172,0.027328282594680786,-0.006255444139242172,561,66,0.8823529411764706,33,4
740,H,9,gnnexplainer,0.9,match_ig_baseline,scientific,-0.04696982726454735,-0.0313301645219326,-0.16918036341667175,-0.11217248439788818,0.06520265713334084,0.08084231987595558,0.05700787901878357,0.015639662742614746,0.1222105361521244,0.015639662742614746,-0.008194778114557266,561,66,0.8823529411764706,33,4
740,H,10,gnnexplainer,0.9,match_ig_baseline,scientific,-0.046655893325805664,-0.04735995829105377,-0.10536408424377441,-0.10799708962440491,0.06134119629859924,0.060637131333351135,0.002633005380630493,0.0007040649652481079,0.05870819091796875,-0.0007040649652481079,-0.05870819091796875,561,66,0.8823529411764706,33,4
740,H,11,gnnexplainer,0.9,match_ig_baseline,scientific,-0.03764323145151138,-0.04009269177913666,-0.05557941645383835,0.028855061158537865,0.06649829261004925,0.06894775293767452,0.08443447761237621,0.0024494603276252747,0.017936185002326965,0.0024494603276252747,0.017936185002326965,561,66,0.8823529411764706,33,4
740,C,0,gnnexplainer,0.9,match_ig_baseline,scientific,0.018430694937705994,-3.165043592453003,0.008839219808578491,0.41184088587760925,0.39341019093990326,3.576884478330612,0.40300166606903076,3.183474287390709,0.009591475129127502,3.183474287390709,0.009591475129127502,561,66,0.8823529411764706,39,4
740,C,1,gnnexplainer,0.9,match_ig_baseline,scientific,0.007801875472068787,-1.4905459880828857,-0.8590888381004333,0.3751834034919739,0.3673815280199051,1.8657293915748596,1.2342722415924072,1.4983478635549545,0.8668907135725021,1.4983478635549545,0.8668907135725021,561,66,0.8823529411764706,39,4
740,C,2,gnnexplainer,0.9,match_ig_baseline,scientific,-0.3508378267288208,-1.8527605533599854,-0.6729474067687988,0.5169197916984558,0.8677576184272766,2.369680345058441,1.1898671984672546,1.5019227266311646,0.322109580039978,1.5019227266311646,0.322109580039978,561,66,0.8823529411764706,39,4
